{
  "type": "FeatureCollection",
  "features": [
    {
      "type": "Feature",
      "id": 1257,
      "properties": {
        "feature_type": "area",
        "level_id": -1,
        "name": "Indoorwall",
        "category": "indoorwall",
        "fill": "#e0e0e0"
      },
      "geometry": {
        "type": "Polygon",
        "coordinates": [
          [
            [-8.424712262, 43.352047706],
            [-8.424798059, 43.352064127],
            [-8.424792066, 43.352081431],
            [-8.424784988, 43.352079998],
            [-8.424786504, 43.352075524],
            [-8.424762353, 43.352070912],
            [-8.424753829, 43.352093606],
            [-8.424778618, 43.352098123],
            [-8.424780597, 43.352092261],
            [-8.424785612, 43.352093254],
            [-8.424780399, 43.352108843],
            [-8.42477546, 43.352107639],
            [-8.424776886, 43.352102537],
            [-8.424752443, 43.352098006],
            [-8.424745179, 43.352119958],
            [-8.424769244, 43.352124723],
            [-8.424771623, 43.352118989],
            [-8.424779588, 43.352120626],
            [-8.424771895, 43.35214399],
            [-8.424743087, 43.352138895],
            [-8.424718964, 43.352134629],
            [-8.424686139, 43.352128824],
            [-8.424693936, 43.35210662],
            [-8.424700907, 43.35210782],
            [-8.424699355, 43.352111987],
            [-8.424724381, 43.352116466],
            [-8.424731664, 43.35209528],
            [-8.424706134, 43.352090334],
            [-8.424704573, 43.352095293],
            [-8.42469868, 43.352094004],
            [-8.424703208, 43.352077648],
            [-8.424709114, 43.352078938],
            [-8.424706879, 43.352085811],
            [-8.424733422, 43.352091016],
            [-8.424741309, 43.35206782],
            [-8.42471448, 43.352062601],
            [-8.424712782, 43.352066498],
            [-8.424706516, 43.352065209],
            [-8.424712262, 43.352047706]
          ]
        ]
      }
    },
    {
      "type": "Feature",
      "id": 1256,
      "properties": {
        "feature_type": "area",
        "level_id": -1,
        "name": "Road",
        "category": "road",
        "fill": "#dbdbdb"
      },
      "geometry": {
        "type": "Polygon",
        "coordinates": [
          [
            [-8.424422321, 43.352121797],
            [-8.42442587, 43.352123779],
            [-8.424427591, 43.35212818],
            [-8.424415553, 43.352125367],
            [-8.424411179, 43.35213605],
            [-8.424403931, 43.352130588],
            [-8.424405421, 43.35212488],
            [-8.424410595, 43.352121117],
            [-8.42441696, 43.352120519],
            [-8.424422321, 43.352121797]
          ]
        ]
      }
    },
    {
      "type": "Feature",
      "id": 1255,
      "properties": {
        "feature_type": "area",
        "level_id": -1,
        "name": "Wheelchair",
        "category": "wheelchair",
        "fill": "#cce6ff",
        "stroke": "#cce6ff",
        "stroke-width": 1
      },
      "geometry": {
        "type": "Polygon",
        "coordinates": [
          [
            [-8.4244342, 43.352125657],
            [-8.424433367, 43.35213025],
            [-8.42444271, 43.352132062],
            [-8.424447964, 43.352132069],
            [-8.424450937, 43.352133899],
            [-8.424449939, 43.352136794],
            [-8.42444788, 43.352138778],
            [-8.424445051, 43.35213944],
            [-8.424441037, 43.352137993],
            [-8.4244404, 43.352135546],
            [-8.424427225, 43.352133036],
            [-8.424424303, 43.352139987],
            [-8.424421712, 43.352140533],
            [-8.424420626, 43.352139327],
            [-8.424423567, 43.352132323],
            [-8.424419838, 43.352131597],
            [-8.424416103, 43.352139828],
            [-8.424414701, 43.352141048],
            [-8.424412921, 43.35214142],
            [-8.424397777, 43.352141789],
            [-8.424396141, 43.35214501],
            [-8.424394032, 43.352144157],
            [-8.424395259, 43.352138423],
            [-8.424403992, 43.352138355],
            [-8.424400691, 43.352136606],
            [-8.424396143, 43.352130933],
            [-8.424398374, 43.352122901],
            [-8.424402243, 43.352118574],
            [-8.424409495, 43.352115224],
            [-8.424417814, 43.352114946],
            [-8.424425408, 43.352116314],
            [-8.42443127, 43.35212022],
            [-8.4244342, 43.352125657]
          ]
        ]
      }
    },
    {
      "type": "Feature",
      "id": 1254,
      "properties": {
        "feature_type": "area",
        "level_id": -1,
        "name": "Road",
        "category": "road",
        "fill": "#dbdbdb"
      },
      "geometry": {
        "type": "Polygon",
        "coordinates": [
          [
            [-8.424453979, 43.352045876],
            [-8.424457528, 43.352047857],
            [-8.424459249, 43.352052259],
            [-8.424447211, 43.352049445],
            [-8.424442837, 43.352060128],
            [-8.424435589, 43.352054666],
            [-8.424437079, 43.352048958],
            [-8.424442253, 43.352045195],
            [-8.424448618, 43.352044597],
            [-8.424453979, 43.352045876]
          ]
        ]
      }
    },
    {
      "type": "Feature",
      "id": 1253,
      "properties": {
        "feature_type": "area",
        "level_id": -1,
        "name": "Wheelchair",
        "category": "wheelchair",
        "fill": "#cce6ff",
        "stroke": "#cce6ff",
        "stroke-width": 1
      },
      "geometry": {
        "type": "Polygon",
        "coordinates": [
          [
            [-8.424465858, 43.352049735],
            [-8.424465025, 43.352054329],
            [-8.424474368, 43.352056141],
            [-8.424479622, 43.352056148],
            [-8.424482595, 43.352057978],
            [-8.424481597, 43.352060873],
            [-8.424479539, 43.352062857],
            [-8.424476709, 43.352063518],
            [-8.424472695, 43.352062072],
            [-8.424472059, 43.352059625],
            [-8.424458883, 43.352057114],
            [-8.424455961, 43.352064066],
            [-8.42445337, 43.352064612],
            [-8.424452284, 43.352063405],
            [-8.424455225, 43.352056402],
            [-8.424451496, 43.352055676],
            [-8.424447761, 43.352063907],
            [-8.424446359, 43.352065127],
            [-8.424444579, 43.352065499],
            [-8.424429435, 43.352065868],
            [-8.424427799, 43.352069088],
            [-8.42442569, 43.352068235],
            [-8.424426917, 43.352062502],
            [-8.42443565, 43.352062433],
            [-8.424432349, 43.352060684],
            [-8.424427801, 43.352055012],
            [-8.424430032, 43.35204698],
            [-8.424433901, 43.352042652],
            [-8.424441153, 43.352039302],
            [-8.424449472, 43.352039024],
            [-8.424457067, 43.352040392],
            [-8.424462928, 43.352044299],
            [-8.424465858, 43.352049735]
          ]
        ]
      }
    },
    {
      "type": "Feature",
      "id": 1252,
      "properties": {
        "feature_type": "area",
        "level_id": -1,
        "name": "Road",
        "category": "road",
        "fill": "#dbdbdb"
      },
      "geometry": {
        "type": "Polygon",
        "coordinates": [
          [
            [-8.424482499, 43.351968501],
            [-8.424486048, 43.351970483],
            [-8.424487769, 43.351974884],
            [-8.424475731, 43.351972071],
            [-8.424471357, 43.351982754],
            [-8.424464109, 43.351977292],
            [-8.424465599, 43.351971584],
            [-8.424470773, 43.351967821],
            [-8.424477138, 43.351967223],
            [-8.424482499, 43.351968501]
          ]
        ]
      }
    },
    {
      "type": "Feature",
      "id": 1251,
      "properties": {
        "feature_type": "area",
        "level_id": -1,
        "name": "Wheelchair",
        "category": "wheelchair",
        "fill": "#cce6ff",
        "stroke": "#cce6ff",
        "stroke-width": 1
      },
      "geometry": {
        "type": "Polygon",
        "coordinates": [
          [
            [-8.424494378, 43.351972361],
            [-8.424493545, 43.351976955],
            [-8.424502888, 43.351978767],
            [-8.424508142, 43.351978774],
            [-8.424511115, 43.351980604],
            [-8.424510117, 43.351983498],
            [-8.424508059, 43.351985483],
            [-8.424505229, 43.351986144],
            [-8.424501215, 43.351984697],
            [-8.424500578, 43.35198225],
            [-8.424487403, 43.35197974],
            [-8.424484481, 43.351986691],
            [-8.42448189, 43.351987238],
            [-8.424480804, 43.351986031],
            [-8.424483745, 43.351979028],
            [-8.424480016, 43.351978301],
            [-8.424476281, 43.351986532],
            [-8.424474879, 43.351987752],
            [-8.424473099, 43.351988125],
            [-8.424457955, 43.351988494],
            [-8.424456319, 43.351991714],
            [-8.42445421, 43.351990861],
            [-8.424455437, 43.351985128],
            [-8.42446417, 43.351985059],
            [-8.424460869, 43.35198331],
            [-8.424456321, 43.351977637],
            [-8.424458552, 43.351969605],
            [-8.424462421, 43.351965278],
            [-8.424469673, 43.351961928],
            [-8.424477992, 43.35196165],
            [-8.424485587, 43.351963018],
            [-8.424491448, 43.351966924],
            [-8.424494378, 43.351972361]
          ]
        ]
      }
    },
    {
      "type": "Feature",
      "id": 1250,
      "properties": {
        "feature_type": "area",
        "level_id": -1,
        "name": "Road",
        "category": "road",
        "fill": "#dbdbdb"
      },
      "geometry": {
        "type": "Polygon",
        "coordinates": [
          [
            [-8.426100871, 43.352163903],
            [-8.426098321, 43.352166558],
            [-8.426092426, 43.352167907],
            [-8.426095784, 43.352158972],
            [-8.426081155, 43.352155935],
            [-8.426088279, 43.352150487],
            [-8.426096063, 43.352151485],
            [-8.426101352, 43.352155236],
            [-8.426102401, 43.352159923],
            [-8.426100871, 43.352163903]
          ]
        ]
      }
    },
    {
      "type": "Feature",
      "id": 1249,
      "properties": {
        "feature_type": "area",
        "level_id": -1,
        "name": "Wheelchair",
        "category": "wheelchair",
        "fill": "#cce6ff",
        "stroke": "#cce6ff",
        "stroke-width": 1
      },
      "geometry": {
        "type": "Polygon",
        "coordinates": [
          [
            [-8.42609609, 43.35217274],
            [-8.42608984, 43.352172208],
            [-8.426087736, 43.352179136],
            [-8.426087925, 43.352183014],
            [-8.426085558, 43.352185241],
            [-8.426081602, 43.352184556],
            [-8.426078838, 43.352183073],
            [-8.426077836, 43.352180996],
            [-8.426079644, 43.352178008],
            [-8.426082934, 43.352177494],
            [-8.426085838, 43.352167724],
            [-8.426076317, 43.352165692],
            [-8.42607548, 43.352163789],
            [-8.426077074, 43.352162966],
            [-8.426086666, 43.352165011],
            [-8.426087509, 43.352162246],
            [-8.426076225, 43.352159637],
            [-8.42607452, 43.352158624],
            [-8.42607395, 43.352157317],
            [-8.426072882, 43.352146146],
            [-8.426068461, 43.352144996],
            [-8.426069536, 43.352143425],
            [-8.426077345, 43.352144227],
            [-8.426077766, 43.352150672],
            [-8.42608001, 43.352148204],
            [-8.426087519, 43.352144745],
            [-8.426098478, 43.352146248],
            [-8.426104482, 43.352149026],
            [-8.42610929, 43.352154318],
            [-8.426109978, 43.352160453],
            [-8.42610841, 43.352166083],
            [-8.426103341, 43.35217048],
            [-8.42609609, 43.35217274]
          ]
        ]
      }
    },
    {
      "type": "Feature",
      "id": 1248,
      "properties": {
        "feature_type": "area",
        "level_id": -1,
        "name": "Road",
        "category": "road",
        "fill": "#dbdbdb"
      },
      "geometry": {
        "type": "Polygon",
        "coordinates": [
          [
            [-8.426001659, 43.352144734],
            [-8.425999109, 43.35214739],
            [-8.425993214, 43.352148739],
            [-8.425996572, 43.352139803],
            [-8.425981943, 43.352136767],
            [-8.425989067, 43.352131319],
            [-8.425996851, 43.352132316],
            [-8.42600214, 43.352136067],
            [-8.426003189, 43.352140755],
            [-8.426001659, 43.352144734]
          ]
        ]
      }
    },
    {
      "type": "Feature",
      "id": 1247,
      "properties": {
        "feature_type": "area",
        "level_id": -1,
        "name": "Wheelchair",
        "category": "wheelchair",
        "fill": "#cce6ff",
        "stroke": "#cce6ff",
        "stroke-width": 1
      },
      "geometry": {
        "type": "Polygon",
        "coordinates": [
          [
            [-8.425996878, 43.352153572],
            [-8.425990628, 43.352153039],
            [-8.425988524, 43.352159968],
            [-8.425988713, 43.352163846],
            [-8.425986346, 43.352166073],
            [-8.42598239, 43.352165388],
            [-8.425979626, 43.352163904],
            [-8.425978625, 43.352161828],
            [-8.425980432, 43.352158839],
            [-8.425983722, 43.352158325],
            [-8.425986626, 43.352148556],
            [-8.425977105, 43.352146524],
            [-8.425976268, 43.352144621],
            [-8.425977862, 43.352143798],
            [-8.425987454, 43.352145843],
            [-8.425988297, 43.352143077],
            [-8.425977013, 43.352140468],
            [-8.425975308, 43.352139456],
            [-8.425974738, 43.352138149],
            [-8.42597367, 43.352126978],
            [-8.425969249, 43.352125828],
            [-8.425970325, 43.352124256],
            [-8.425978133, 43.352125059],
            [-8.425978554, 43.352131503],
            [-8.425980798, 43.352129035],
            [-8.425988307, 43.352125577],
            [-8.425999266, 43.352127079],
            [-8.42600527, 43.352129858],
            [-8.426010078, 43.35213515],
            [-8.426010766, 43.352141285],
            [-8.426009198, 43.352146915],
            [-8.426004129, 43.352151311],
            [-8.425996878, 43.352153572]
          ]
        ]
      }
    },
    {
      "type": "Feature",
      "id": 1246,
      "properties": {
        "feature_type": "area",
        "level_id": -1,
        "name": "Road",
        "category": "road",
        "fill": "#dbdbdb"
      },
      "geometry": {
        "type": "Polygon",
        "coordinates": [
          [
            [-8.425898861, 43.352125664],
            [-8.425896311, 43.352128319],
            [-8.425890416, 43.352129668],
            [-8.425893774, 43.352120733],
            [-8.425879146, 43.352117696],
            [-8.425886269, 43.352112248],
            [-8.425894053, 43.352113246],
            [-8.425899342, 43.352116996],
            [-8.425900391, 43.352121684],
            [-8.425898861, 43.352125664]
          ]
        ]
      }
    },
    {
      "type": "Feature",
      "id": 1245,
      "properties": {
        "feature_type": "area",
        "level_id": -1,
        "name": "Wheelchair",
        "category": "wheelchair",
        "fill": "#cce6ff",
        "stroke": "#cce6ff",
        "stroke-width": 1
      },
      "geometry": {
        "type": "Polygon",
        "coordinates": [
          [
            [-8.42589408, 43.352134501],
            [-8.42588783, 43.352133968],
            [-8.425885726, 43.352140897],
            [-8.425885915, 43.352144775],
            [-8.425883548, 43.352147002],
            [-8.425879592, 43.352146317],
            [-8.425876828, 43.352144834],
            [-8.425875827, 43.352142757],
            [-8.425877634, 43.352139769],
            [-8.425880924, 43.352139255],
            [-8.425883828, 43.352129485],
            [-8.425874307, 43.352127453],
            [-8.425873471, 43.35212555],
            [-8.425875064, 43.352124727],
            [-8.425884656, 43.352126772],
            [-8.425885499, 43.352124007],
            [-8.425874215, 43.352121398],
            [-8.42587251, 43.352120385],
            [-8.42587194, 43.352119078],
            [-8.425870872, 43.352107907],
            [-8.425866451, 43.352106757],
            [-8.425867527, 43.352105186],
            [-8.425875335, 43.352105988],
            [-8.425875756, 43.352112433],
            [-8.425878, 43.352109965],
            [-8.42588551, 43.352106506],
            [-8.425896468, 43.352108009],
            [-8.425902472, 43.352110787],
            [-8.42590728, 43.352116079],
            [-8.425907968, 43.352122214],
            [-8.425906401, 43.352127844],
            [-8.425901332, 43.35213224],
            [-8.42589408, 43.352134501]
          ]
        ]
      }
    },
    {
      "type": "Feature",
      "id": 1244,
      "properties": {
        "feature_type": "area",
        "level_id": -1,
        "name": "Road",
        "category": "road",
        "fill": "#dbdbdb"
      },
      "geometry": {
        "type": "Polygon",
        "coordinates": [
          [
            [-8.425802499, 43.352109648],
            [-8.425799949, 43.352112303],
            [-8.425794054, 43.352113652],
            [-8.425797411, 43.352104717],
            [-8.425782783, 43.35210168],
            [-8.425789907, 43.352096232],
            [-8.425797691, 43.35209723],
            [-8.42580298, 43.352100981],
            [-8.425804029, 43.352105668],
            [-8.425802499, 43.352109648]
          ]
        ]
      }
    },
    {
      "type": "Feature",
      "id": 1243,
      "properties": {
        "feature_type": "area",
        "level_id": -1,
        "name": "Wheelchair",
        "category": "wheelchair",
        "fill": "#cce6ff",
        "stroke": "#cce6ff",
        "stroke-width": 1
      },
      "geometry": {
        "type": "Polygon",
        "coordinates": [
          [
            [-8.425797718, 43.352118485],
            [-8.425791468, 43.352117953],
            [-8.425789364, 43.352124882],
            [-8.425789552, 43.35212876],
            [-8.425787186, 43.352130987],
            [-8.425783229, 43.352130302],
            [-8.425780466, 43.352128818],
            [-8.425779464, 43.352126742],
            [-8.425781272, 43.352123753],
            [-8.425784561, 43.352123239],
            [-8.425787466, 43.35211347],
            [-8.425777945, 43.352111437],
            [-8.425777108, 43.352109535],
            [-8.425778701, 43.352108712],
            [-8.425788293, 43.352110756],
            [-8.425789137, 43.352107991],
            [-8.425777853, 43.352105382],
            [-8.425776148, 43.35210437],
            [-8.425775577, 43.352103062],
            [-8.42577451, 43.352091891],
            [-8.425770089, 43.352090742],
            [-8.425771164, 43.35208917],
            [-8.425778973, 43.352089972],
            [-8.425779394, 43.352096417],
            [-8.425781638, 43.352093949],
            [-8.425789147, 43.35209049],
            [-8.425800106, 43.352091993],
            [-8.42580611, 43.352094771],
            [-8.425810918, 43.352100063],
            [-8.425811606, 43.352106198],
            [-8.425810038, 43.352111829],
            [-8.425804969, 43.352116225],
            [-8.425797718, 43.352118485]
          ]
        ]
      }
    },
    {
      "type": "Feature",
      "id": 1242,
      "properties": {
        "feature_type": "area",
        "level_id": -1,
        "name": "Parking",
        "category": "parking",
        "fill": "#dbdbdb",
        "stroke": "#ffffff",
        "stroke-width": 2
      },
      "geometry": {
        "type": "Polygon",
        "coordinates": [
          [
            [-8.424096951, 43.352274578],
            [-8.424083484, 43.352317143],
            [-8.423946529, 43.352293491],
            [-8.42396047, 43.352250114],
            [-8.424096951, 43.352274578]
          ]
        ]
      }
    },
    {
      "type": "Feature",
      "id": 1241,
      "properties": {
        "feature_type": "area",
        "level_id": -1,
        "name": "Parking",
        "category": "parking",
        "fill": "#dbdbdb",
        "stroke": "#ffffff",
        "stroke-width": 2
      },
      "geometry": {
        "type": "Polygon",
        "coordinates": [
          [
            [-8.424112335, 43.352225952],
            [-8.424096951, 43.352274578],
            [-8.42396047, 43.352250114],
            [-8.423976086, 43.352201526],
            [-8.424112335, 43.352225952]
          ]
        ]
      }
    },
    {
      "type": "Feature",
      "id": 1240,
      "properties": {
        "feature_type": "area",
        "level_id": -1,
        "name": "Parking",
        "category": "parking",
        "fill": "#dbdbdb",
        "stroke": "#ffffff",
        "stroke-width": 2
      },
      "geometry": {
        "type": "Polygon",
        "coordinates": [
          [
            [-8.424126419, 43.352181435],
            [-8.424112335, 43.352225952],
            [-8.423976086, 43.352201526],
            [-8.423990493, 43.3521567],
            [-8.424126419, 43.352181435]
          ]
        ]
      }
    },
    {
      "type": "Feature",
      "id": 1239,
      "properties": {
        "feature_type": "area",
        "level_id": -1,
        "name": "Parking",
        "category": "parking",
        "fill": "#dbdbdb",
        "stroke": "#ffffff",
        "stroke-width": 2
      },
      "geometry": {
        "type": "Polygon",
        "coordinates": [
          [
            [-8.424005643, 43.35210956],
            [-8.424141472, 43.352133854],
            [-8.424126419, 43.352181435],
            [-8.423990493, 43.3521567],
            [-8.424005643, 43.35210956]
          ]
        ]
      }
    },
    {
      "type": "Feature",
      "id": 1233,
      "properties": {
        "feature_type": "area",
        "level_id": -1,
        "name": "Parking",
        "category": "parking",
        "fill": "#dbdbdb",
        "stroke": "#ffffff",
        "stroke-width": 2
      },
      "geometry": {
        "type": "Polygon",
        "coordinates": [
          [
            [-8.425581883, 43.352017393],
            [-8.425643317, 43.352027566],
            [-8.425611664, 43.352136287],
            [-8.425550343, 43.35212573],
            [-8.425581883, 43.352017393]
          ]
        ]
      }
    },
    {
      "type": "Feature",
      "id": 1232,
      "properties": {
        "feature_type": "area",
        "level_id": -1,
        "name": "Parking",
        "category": "parking",
        "fill": "#dbdbdb",
        "stroke": "#ffffff",
        "stroke-width": 2
      },
      "geometry": {
        "type": "Polygon",
        "coordinates": [
          [
            [-8.425531832, 43.352009105],
            [-8.425581883, 43.352017393],
            [-8.425550343, 43.35212573],
            [-8.425500384, 43.352117129],
            [-8.425531832, 43.352009105]
          ]
        ]
      }
    },
    {
      "type": "Feature",
      "id": 1231,
      "properties": {
        "feature_type": "area",
        "level_id": -1,
        "name": "Parking",
        "category": "parking",
        "fill": "#dbdbdb",
        "stroke": "#ffffff",
        "stroke-width": 2
      },
      "geometry": {
        "type": "Polygon",
        "coordinates": [
          [
            [-8.425483567, 43.352001113],
            [-8.425531832, 43.352009105],
            [-8.425500384, 43.352117129],
            [-8.42545353, 43.352109063],
            [-8.425483567, 43.352001113]
          ]
        ]
      }
    },
    {
      "type": "Feature",
      "id": 1230,
      "properties": {
        "feature_type": "area",
        "level_id": -1,
        "name": "Parking",
        "category": "parking",
        "fill": "#dbdbdb",
        "stroke": "#ffffff",
        "stroke-width": 2
      },
      "geometry": {
        "type": "Polygon",
        "coordinates": [
          [
            [-8.425427008, 43.351991747],
            [-8.425483567, 43.352001113],
            [-8.42545353, 43.352109063],
            [-8.425395754, 43.352099116],
            [-8.425427008, 43.351991747]
          ]
        ]
      }
    },
    {
      "type": "Feature",
      "id": 1229,
      "properties": {
        "feature_type": "area",
        "level_id": -1,
        "name": "Parking",
        "category": "parking",
        "fill": "#dbdbdb",
        "stroke": "#ffffff",
        "stroke-width": 2
      },
      "geometry": {
        "type": "Polygon",
        "coordinates": [
          [
            [-8.42536998, 43.351982304],
            [-8.425427008, 43.351991747],
            [-8.425395754, 43.352099116],
            [-8.425338831, 43.352089317],
            [-8.42536998, 43.351982304]
          ]
        ]
      }
    },
    {
      "type": "Feature",
      "id": 1228,
      "properties": {
        "feature_type": "area",
        "level_id": -1,
        "name": "Parking",
        "category": "parking",
        "fill": "#dbdbdb",
        "stroke": "#ffffff",
        "stroke-width": 2
      },
      "geometry": {
        "type": "Polygon",
        "coordinates": [
          [
            [-8.425315132, 43.351973222],
            [-8.42536998, 43.351982304],
            [-8.425338831, 43.352089317],
            [-8.425284075, 43.35207989],
            [-8.425315132, 43.351973222]
          ]
        ]
      }
    },
    {
      "type": "Feature",
      "id": 1227,
      "properties": {
        "feature_type": "area",
        "level_id": -1,
        "name": "Parking",
        "category": "parking",
        "fill": "#dbdbdb",
        "stroke": "#ffffff",
        "stroke-width": 2
      },
      "geometry": {
        "type": "Polygon",
        "coordinates": [
          [
            [-8.425255878, 43.351964777],
            [-8.425315132, 43.351973222],
            [-8.425284075, 43.35207989],
            [-8.425224856, 43.352069883],
            [-8.425255878, 43.351964777]
          ]
        ]
      }
    },
    {
      "type": "Feature",
      "id": 1225,
      "properties": {
        "feature_type": "area",
        "level_id": -1,
        "name": "Parking",
        "category": "parking",
        "fill": "#dbdbdb",
        "stroke": "#ffffff",
        "stroke-width": 2
      },
      "geometry": {
        "type": "Polygon",
        "coordinates": [
          [
            [-8.426055587, 43.352095835],
            [-8.426150338, 43.352111525],
            [-8.426118785, 43.352220673],
            [-8.426023818, 43.352204947],
            [-8.426055587, 43.352095835]
          ]
        ]
      }
    },
    {
      "type": "Feature",
      "id": 1224,
      "properties": {
        "feature_type": "area",
        "level_id": -1,
        "name": "Parking",
        "category": "parking",
        "fill": "#dbdbdb",
        "stroke": "#ffffff",
        "stroke-width": 2
      },
      "geometry": {
        "type": "Polygon",
        "coordinates": [
          [
            [-8.425952368, 43.352078743],
            [-8.426055587, 43.352095835],
            [-8.426023818, 43.352204947],
            [-8.425928851, 43.352189221],
            [-8.4259206, 43.352187855],
            [-8.425952368, 43.352078743]
          ]
        ]
      }
    },
    {
      "type": "Feature",
      "id": 1223,
      "properties": {
        "feature_type": "area",
        "level_id": -1,
        "name": "Parking",
        "category": "parking",
        "fill": "#dbdbdb",
        "stroke": "#ffffff",
        "stroke-width": 2
      },
      "geometry": {
        "type": "Polygon",
        "coordinates": [
          [
            [-8.425854119, 43.352062474],
            [-8.425952368, 43.352078743],
            [-8.4259206, 43.352187855],
            [-8.42582235, 43.352171585],
            [-8.425854119, 43.352062474]
          ]
        ]
      }
    },
    {
      "type": "Feature",
      "id": 1222,
      "properties": {
        "feature_type": "area",
        "level_id": -1,
        "name": "Parking",
        "category": "parking",
        "fill": "#dbdbdb",
        "stroke": "#ffffff",
        "stroke-width": 2
      },
      "geometry": {
        "type": "Polygon",
        "coordinates": [
          [
            [-8.425759646, 43.35204683],
            [-8.425854119, 43.352062474],
            [-8.42582235, 43.352171585],
            [-8.425727877, 43.352155941],
            [-8.425759646, 43.35204683]
          ]
        ]
      }
    },
    {
      "type": "Feature",
      "id": 1221,
      "properties": {
        "feature_type": "area",
        "level_id": -1,
        "name": "Parking",
        "category": "parking",
        "fill": "#dbdbdb",
        "stroke": "#ffffff",
        "stroke-width": 2
      },
      "geometry": {
        "type": "Polygon",
        "coordinates": [
          [
            [-8.425705824, 43.352037917],
            [-8.425674272, 43.352147065],
            [-8.425611664, 43.352136287],
            [-8.425643317, 43.352027566],
            [-8.425705824, 43.352037917]
          ]
        ]
      }
    },
    {
      "type": "Feature",
      "id": 1220,
      "properties": {
        "feature_type": "area",
        "level_id": -1,
        "name": "Parking",
        "category": "parking",
        "fill": "#dbdbdb",
        "stroke": "#ffffff",
        "stroke-width": 2
      },
      "geometry": {
        "type": "Polygon",
        "coordinates": [
          [
            [-8.425674272, 43.352147065],
            [-8.425705824, 43.352037917],
            [-8.425759646, 43.35204683],
            [-8.425727877, 43.352155941],
            [-8.425674272, 43.352147065]
          ]
        ]
      }
    },
    {
      "type": "Feature",
      "id": 1219,
      "properties": {
        "feature_type": "area",
        "level_id": -1,
        "name": "Parking",
        "category": "parking",
        "fill": "#dbdbdb",
        "stroke": "#ffffff",
        "stroke-width": 2
      },
      "geometry": {
        "type": "Polygon",
        "coordinates": [
          [
            [-8.424950418, 43.351843839],
            [-8.424928862, 43.351922947],
            [-8.424876042, 43.351914168],
            [-8.42490093, 43.351835019],
            [-8.424950418, 43.351843839]
          ]
        ]
      }
    },
    {
      "type": "Feature",
      "id": 1217,
      "properties": {
        "feature_type": "area",
        "level_id": -1,
        "name": "Parking",
        "category": "parking",
        "fill": "#dbdbdb",
        "stroke": "#ffffff",
        "stroke-width": 2
      },
      "geometry": {
        "type": "Polygon",
        "coordinates": [
          [
            [-8.424856887, 43.351798924],
            [-8.42490934, 43.351808273],
            [-8.42490093, 43.351835019],
            [-8.424876042, 43.351914168],
            [-8.424823401, 43.35190542],
            [-8.424856887, 43.351798924]
          ]
        ]
      }
    },
    {
      "type": "Feature",
      "id": 1216,
      "properties": {
        "feature_type": "area",
        "level_id": -1,
        "name": "Parking",
        "category": "parking",
        "fill": "#dbdbdb",
        "stroke": "#ffffff",
        "stroke-width": 2
      },
      "geometry": {
        "type": "Polygon",
        "coordinates": [
          [
            [-8.42479706, 43.351788261],
            [-8.424856887, 43.351798924],
            [-8.424823401, 43.35190542],
            [-8.424763358, 43.351895441],
            [-8.42479706, 43.351788261]
          ]
        ]
      }
    },
    {
      "type": "Feature",
      "id": 1215,
      "properties": {
        "feature_type": "area",
        "level_id": -1,
        "name": "Parking",
        "category": "parking",
        "fill": "#dbdbdb",
        "stroke": "#ffffff",
        "stroke-width": 2
      },
      "geometry": {
        "type": "Polygon",
        "coordinates": [
          [
            [-8.4247332, 43.351776879],
            [-8.42479706, 43.351788261],
            [-8.424763358, 43.351895441],
            [-8.424701551, 43.351885169],
            [-8.4247332, 43.351776879]
          ]
        ]
      }
    },
    {
      "type": "Feature",
      "id": 1214,
      "properties": {
        "feature_type": "area",
        "level_id": -1,
        "name": "Parking",
        "category": "parking",
        "fill": "#dbdbdb",
        "stroke": "#ffffff",
        "stroke-width": 2
      },
      "geometry": {
        "type": "Polygon",
        "coordinates": [
          [
            [-8.424666344, 43.351764964],
            [-8.4247332, 43.351776879],
            [-8.424701551, 43.351885169],
            [-8.424697299, 43.351884462],
            [-8.424634691, 43.351873684],
            [-8.424666344, 43.351764964]
          ]
        ]
      }
    },
    {
      "type": "Feature",
      "id": 1213,
      "properties": {
        "feature_type": "area",
        "level_id": -1,
        "name": "Parking",
        "category": "parking",
        "fill": "#dbdbdb",
        "stroke": "#ffffff",
        "stroke-width": 2
      },
      "geometry": {
        "type": "Polygon",
        "coordinates": [
          [
            [-8.424604793, 43.351755179],
            [-8.424666344, 43.351764964],
            [-8.424634691, 43.351873684],
            [-8.424573371, 43.351863127],
            [-8.424604793, 43.351755179]
          ]
        ]
      }
    },
    {
      "type": "Feature",
      "id": 1212,
      "properties": {
        "feature_type": "area",
        "level_id": -1,
        "name": "Parking",
        "category": "parking",
        "fill": "#dbdbdb",
        "stroke": "#ffffff",
        "stroke-width": 2
      },
      "geometry": {
        "type": "Polygon",
        "coordinates": [
          [
            [-8.424554647, 43.351747207],
            [-8.424604793, 43.351755179],
            [-8.424573371, 43.351863127],
            [-8.424523412, 43.351854527],
            [-8.424554647, 43.351747207]
          ]
        ]
      }
    },
    {
      "type": "Feature",
      "id": 1211,
      "properties": {
        "feature_type": "area",
        "level_id": -1,
        "name": "Parking",
        "category": "parking",
        "fill": "#dbdbdb",
        "stroke": "#ffffff",
        "stroke-width": 2
      },
      "geometry": {
        "type": "Polygon",
        "coordinates": [
          [
            [-8.424506291, 43.35173952],
            [-8.424554647, 43.351747207],
            [-8.424523412, 43.351854527],
            [-8.424476558, 43.35184646],
            [-8.424506291, 43.35173952]
          ]
        ]
      }
    },
    {
      "type": "Feature",
      "id": 1210,
      "properties": {
        "feature_type": "area",
        "level_id": -1,
        "name": "Parking",
        "category": "parking",
        "fill": "#dbdbdb",
        "stroke": "#ffffff",
        "stroke-width": 2
      },
      "geometry": {
        "type": "Polygon",
        "coordinates": [
          [
            [-8.424449636, 43.351730514],
            [-8.424506291, 43.35173952],
            [-8.424476558, 43.35184646],
            [-8.424418781, 43.351836514],
            [-8.424449636, 43.351730514]
          ]
        ]
      }
    },
    {
      "type": "Feature",
      "id": 1209,
      "properties": {
        "feature_type": "area",
        "level_id": -1,
        "name": "Parking",
        "category": "parking",
        "fill": "#dbdbdb",
        "stroke": "#ffffff",
        "stroke-width": 2
      },
      "geometry": {
        "type": "Polygon",
        "coordinates": [
          [
            [-8.424392504, 43.351721432],
            [-8.424449636, 43.351730514],
            [-8.424418781, 43.351836514],
            [-8.424361859, 43.351826714],
            [-8.424392504, 43.351721432]
          ]
        ]
      }
    },
    {
      "type": "Feature",
      "id": 1208,
      "properties": {
        "feature_type": "area",
        "level_id": -1,
        "name": "Parking",
        "category": "parking",
        "fill": "#dbdbdb",
        "stroke": "#ffffff",
        "stroke-width": 2
      },
      "geometry": {
        "type": "Polygon",
        "coordinates": [
          [
            [-8.424337554, 43.351712697],
            [-8.424392504, 43.351721432],
            [-8.424361859, 43.351826714],
            [-8.424307102, 43.351817288],
            [-8.424337554, 43.351712697]
          ]
        ]
      }
    },
    {
      "type": "Feature",
      "id": 1207,
      "properties": {
        "feature_type": "area",
        "level_id": -1,
        "name": "Parking",
        "category": "parking",
        "fill": "#dbdbdb",
        "stroke": "#ffffff",
        "stroke-width": 2
      },
      "geometry": {
        "type": "Polygon",
        "coordinates": [
          [
            [-8.424267167, 43.351749853],
            [-8.424281243, 43.351703745],
            [-8.424337554, 43.351712697],
            [-8.424307102, 43.351817288],
            [-8.424249621, 43.351807328],
            [-8.42425338, 43.351795014],
            [-8.424267167, 43.351749853]
          ]
        ]
      }
    },
    {
      "type": "Feature",
      "id": 1206,
      "properties": {
        "feature_type": "area",
        "level_id": -1,
        "name": "Parking",
        "category": "parking",
        "fill": "#dbdbdb",
        "stroke": "#ffffff",
        "stroke-width": 2
      },
      "geometry": {
        "type": "Polygon",
        "coordinates": [
          [
            [-8.424119616, 43.351725145],
            [-8.424133176, 43.351679117],
            [-8.424281243, 43.351703745],
            [-8.424267167, 43.351749853],
            [-8.424119616, 43.351725145]
          ]
        ]
      }
    },
    {
      "type": "Feature",
      "id": 1205,
      "properties": {
        "feature_type": "area",
        "level_id": -1,
        "name": "Parking",
        "category": "parking",
        "fill": "#dbdbdb",
        "stroke": "#ffffff",
        "stroke-width": 2
      },
      "geometry": {
        "type": "Polygon",
        "coordinates": [
          [
            [-8.42410629, 43.351770382],
            [-8.424119616, 43.351725145],
            [-8.424267167, 43.351749853],
            [-8.42425338, 43.351795014],
            [-8.42410629, 43.351770382]
          ]
        ]
      }
    },
    {
      "type": "Feature",
      "id": 1204,
      "properties": {
        "feature_type": "area",
        "level_id": -1,
        "name": "Parking",
        "category": "parking",
        "fill": "#dbdbdb",
        "stroke": "#ffffff",
        "stroke-width": 2
      },
      "geometry": {
        "type": "Polygon",
        "coordinates": [
          [
            [-8.424095433, 43.351807237],
            [-8.42410629, 43.351770382],
            [-8.42425338, 43.351795014],
            [-8.424249621, 43.351807328],
            [-8.424242148, 43.351831806],
            [-8.424095433, 43.351807237]
          ]
        ]
      }
    },
    {
      "type": "Feature",
      "id": 1203,
      "properties": {
        "feature_type": "area",
        "level_id": -1,
        "name": "Parking",
        "category": "parking",
        "fill": "#dbdbdb",
        "stroke": "#ffffff",
        "stroke-width": 2
      },
      "geometry": {
        "type": "Polygon",
        "coordinates": [
          [
            [-8.424084963, 43.351842777],
            [-8.424095433, 43.351807237],
            [-8.424242148, 43.351831806],
            [-8.424231614, 43.351866312],
            [-8.424084963, 43.351842777]
          ]
        ]
      }
    },
    {
      "type": "Feature",
      "id": 1202,
      "properties": {
        "feature_type": "area",
        "level_id": -1,
        "name": "Parking",
        "category": "parking",
        "fill": "#dbdbdb",
        "stroke": "#ffffff",
        "stroke-width": 2
      },
      "geometry": {
        "type": "Polygon",
        "coordinates": [
          [
            [-8.424072694, 43.351884425],
            [-8.424084963, 43.351842777],
            [-8.424231614, 43.351866312],
            [-8.424218624, 43.351908862],
            [-8.424072694, 43.351884425]
          ]
        ]
      }
    },
    {
      "type": "Feature",
      "id": 1201,
      "properties": {
        "feature_type": "area",
        "level_id": -1,
        "name": "Parking",
        "category": "parking",
        "fill": "#dbdbdb",
        "stroke": "#ffffff",
        "stroke-width": 2
      },
      "geometry": {
        "type": "Polygon",
        "coordinates": [
          [
            [-8.424060323, 43.351926417],
            [-8.424072694, 43.351884425],
            [-8.424218624, 43.351908862],
            [-8.424205826, 43.351950783],
            [-8.424060323, 43.351926417]
          ]
        ]
      }
    },
    {
      "type": "Feature",
      "id": 1200,
      "properties": {
        "feature_type": "area",
        "level_id": -1,
        "name": "Parking",
        "category": "parking",
        "fill": "#dbdbdb",
        "stroke": "#ffffff",
        "stroke-width": 2
      },
      "geometry": {
        "type": "Polygon",
        "coordinates": [
          [
            [-8.424048425, 43.351966805],
            [-8.424060323, 43.351926417],
            [-8.424205826, 43.351950783],
            [-8.424193517, 43.351991102],
            [-8.424048425, 43.351966805]
          ]
        ]
      }
    },
    {
      "type": "Feature",
      "id": 1198,
      "properties": {
        "feature_type": "area",
        "level_id": -1,
        "name": "Parking",
        "category": "parking",
        "fill": "#dbdbdb",
        "stroke": "#ffffff",
        "stroke-width": 2
      },
      "geometry": {
        "type": "Polygon",
        "coordinates": [
          [
            [-8.424181984, 43.352028879],
            [-8.42403675, 43.352006437],
            [-8.424048425, 43.351966805],
            [-8.424193517, 43.351991102],
            [-8.424181984, 43.352028879]
          ]
        ]
      }
    },
    {
      "type": "Feature",
      "id": 1197,
      "properties": {
        "feature_type": "area",
        "level_id": -1,
        "name": "Parking",
        "category": "parking",
        "fill": "#dbdbdb",
        "stroke": "#ffffff",
        "stroke-width": 2
      },
      "geometry": {
        "type": "Polygon",
        "coordinates": [
          [
            [-8.424794026, 43.352339234],
            [-8.424728613, 43.35232721],
            [-8.424759907, 43.352229877],
            [-8.424825355, 43.352241793],
            [-8.424794026, 43.352339234]
          ]
        ]
      }
    },
    {
      "type": "Feature",
      "id": 1196,
      "properties": {
        "feature_type": "area",
        "level_id": -1,
        "name": "Parking",
        "category": "parking",
        "fill": "#dbdbdb",
        "stroke": "#ffffff",
        "stroke-width": 2
      },
      "geometry": {
        "type": "Polygon",
        "coordinates": [
          [
            [-8.424728613, 43.35232721],
            [-8.424660381, 43.352314668],
            [-8.424691639, 43.352217447],
            [-8.424759907, 43.352229877],
            [-8.424728613, 43.35232721]
          ]
        ]
      }
    },
    {
      "type": "Feature",
      "id": 1195,
      "properties": {
        "feature_type": "area",
        "level_id": -1,
        "name": "Parking",
        "category": "parking",
        "fill": "#dbdbdb",
        "stroke": "#ffffff",
        "stroke-width": 2
      },
      "geometry": {
        "type": "Polygon",
        "coordinates": [
          [
            [-8.424660381, 43.352314668],
            [-8.42459318, 43.352302316],
            [-8.424624693, 43.352205258],
            [-8.424691639, 43.352217447],
            [-8.424660381, 43.352314668]
          ]
        ]
      }
    },
    {
      "type": "Feature",
      "id": 1194,
      "properties": {
        "feature_type": "area",
        "level_id": -1,
        "name": "White Sign",
        "category": "white-sign",
        "fill": "#ffffff",
        "stroke": "#ffffff",
        "stroke-width": 0.01
      },
      "geometry": {
        "type": "Polygon",
        "coordinates": [
          [
            [-8.424884639, 43.352680147],
            [-8.424862172, 43.352674837],
            [-8.424880392, 43.352638555],
            [-8.424862381, 43.352634598],
            [-8.424897929, 43.352618988],
            [-8.424911524, 43.352645798],
            [-8.424895937, 43.352642539],
            [-8.424884639, 43.352680147]
          ]
        ]
      }
    },
    {
      "type": "Feature",
      "id": 1193,
      "properties": {
        "feature_type": "area",
        "level_id": -1,
        "name": "White Sign",
        "category": "white-sign",
        "fill": "#ffffff",
        "stroke": "#ffffff",
        "stroke-width": 0.01
      },
      "geometry": {
        "type": "Polygon",
        "coordinates": [
          [
            [-8.424814077, 43.352607378],
            [-8.424836893, 43.352611775],
            [-8.424821402, 43.352648758],
            [-8.42483967, 43.352651983],
            [-8.424805352, 43.352669015],
            [-8.424789796, 43.35264278],
            [-8.424805592, 43.352645406],
            [-8.424814077, 43.352607378]
          ]
        ]
      }
    },
    {
      "type": "Feature",
      "id": 1192,
      "properties": {
        "feature_type": "area",
        "level_id": -1,
        "name": "Parking",
        "category": "parking",
        "fill": "#dbdbdb",
        "stroke": "#ffffff",
        "stroke-width": 2
      },
      "geometry": {
        "type": "Polygon",
        "coordinates": [
          [
            [-8.425412808, 43.352273103],
            [-8.425568643, 43.352298771],
            [-8.425548823, 43.352367737],
            [-8.425471575, 43.352354401],
            [-8.425393187, 43.352340867],
            [-8.425412808, 43.352273103]
          ]
        ]
      }
    },
    {
      "type": "Feature",
      "id": 1191,
      "properties": {
        "feature_type": "area",
        "level_id": -1,
        "name": "Parking",
        "category": "parking",
        "fill": "#dbdbdb",
        "stroke": "#ffffff",
        "stroke-width": 2
      },
      "geometry": {
        "type": "Polygon",
        "coordinates": [
          [
            [-8.425246921, 43.352245778],
            [-8.425412808, 43.352273103],
            [-8.425393187, 43.352340867],
            [-8.425227664, 43.35231229],
            [-8.425246921, 43.352245778]
          ]
        ]
      }
    },
    {
      "type": "Feature",
      "id": 1190,
      "properties": {
        "feature_type": "area",
        "level_id": -1,
        "name": "Parking",
        "category": "parking",
        "fill": "#dbdbdb",
        "stroke": "#ffffff",
        "stroke-width": 2
      },
      "geometry": {
        "type": "Polygon",
        "coordinates": [
          [
            [-8.425068009, 43.352284687],
            [-8.425084208, 43.35223525],
            [-8.42508523, 43.352231883],
            [-8.425093517, 43.352224485],
            [-8.425107068, 43.352222093],
            [-8.425246921, 43.352245778],
            [-8.425227664, 43.35231229],
            [-8.425070972, 43.352285237],
            [-8.425068009, 43.352284687]
          ]
        ]
      }
    },
    {
      "type": "Feature",
      "id": 1189,
      "properties": {
        "feature_type": "area",
        "level_id": -1,
        "name": "Parking",
        "category": "parking",
        "fill": "#dbdbdb",
        "stroke": "#ffffff",
        "stroke-width": 2
      },
      "geometry": {
        "type": "Polygon",
        "coordinates": [
          [
            [-8.424543659, 43.352293213],
            [-8.424531409, 43.352290983],
            [-8.424562605, 43.352193953],
            [-8.424624693, 43.352205258],
            [-8.42459318, 43.352302316],
            [-8.424543659, 43.352293213]
          ]
        ]
      }
    },
    {
      "type": "Feature",
      "id": 1188,
      "properties": {
        "feature_type": "area",
        "level_id": -1,
        "name": "Parking",
        "category": "parking",
        "fill": "#dbdbdb",
        "stroke": "#ffffff",
        "stroke-width": 2
      },
      "geometry": {
        "type": "Polygon",
        "coordinates": [
          [
            [-8.424531409, 43.352290983],
            [-8.424463701, 43.352278655],
            [-8.424494898, 43.352181626],
            [-8.424562605, 43.352193953],
            [-8.424531409, 43.352290983]
          ]
        ]
      }
    },
    {
      "type": "Feature",
      "id": 1187,
      "properties": {
        "feature_type": "area",
        "level_id": -1,
        "name": "Parking",
        "category": "parking",
        "fill": "#dbdbdb",
        "stroke": "#ffffff",
        "stroke-width": 2
      },
      "geometry": {
        "type": "Polygon",
        "coordinates": [
          [
            [-8.424463701, 43.352278655],
            [-8.42438215, 43.352263808],
            [-8.424413347, 43.352166777],
            [-8.424494898, 43.352181626],
            [-8.424463701, 43.352278655]
          ]
        ]
      }
    },
    {
      "type": "Feature",
      "id": 1186,
      "properties": {
        "feature_type": "area",
        "level_id": -1,
        "name": "Parking",
        "category": "parking",
        "fill": "#dbdbdb",
        "stroke": "#ffffff",
        "stroke-width": 2
      },
      "geometry": {
        "type": "Polygon",
        "coordinates": [
          [
            [-8.424299543, 43.352248768],
            [-8.42433074, 43.352151737],
            [-8.424413347, 43.352166777],
            [-8.42438215, 43.352263808],
            [-8.424299543, 43.352248768]
          ]
        ]
      }
    },
    {
      "type": "Feature",
      "id": 1185,
      "properties": {
        "feature_type": "area",
        "level_id": -1,
        "name": "Parking",
        "category": "parking",
        "fill": "#dbdbdb",
        "stroke": "#ffffff",
        "stroke-width": 2
      },
      "geometry": {
        "type": "Polygon",
        "coordinates": [
          [
            [-8.42433074, 43.352151737],
            [-8.424353647, 43.352080488],
            [-8.424518905, 43.352113211],
            [-8.424494898, 43.352181626],
            [-8.424413347, 43.352166777],
            [-8.42433074, 43.352151737]
          ]
        ]
      }
    },
    {
      "type": "Feature",
      "id": 1184,
      "properties": {
        "feature_type": "area",
        "level_id": -1,
        "name": "Parking",
        "category": "parking",
        "fill": "#dbdbdb",
        "stroke": "#ffffff",
        "stroke-width": 2
      },
      "geometry": {
        "type": "Polygon",
        "coordinates": [
          [
            [-8.424353647, 43.352080488],
            [-8.424378359, 43.352003625],
            [-8.424546611, 43.352034258],
            [-8.424518905, 43.352113211],
            [-8.424353647, 43.352080488]
          ]
        ]
      }
    },
    {
      "type": "Feature",
      "id": 1183,
      "properties": {
        "feature_type": "area",
        "level_id": -1,
        "name": "Parking",
        "category": "parking",
        "fill": "#dbdbdb",
        "stroke": "#ffffff",
        "stroke-width": 2
      },
      "geometry": {
        "type": "Polygon",
        "coordinates": [
          [
            [-8.424455671, 43.351925013],
            [-8.424577701, 43.351945659],
            [-8.424546611, 43.352034258],
            [-8.424378359, 43.352003625],
            [-8.42439458, 43.351953173],
            [-8.424419535, 43.351930137],
            [-8.424455671, 43.351925013]
          ]
        ]
      }
    },
    {
      "type": "Feature",
      "id": 1181,
      "properties": {
        "feature_type": "area",
        "level_id": -1,
        "name": "Parking",
        "category": "parking",
        "fill": "#dbdbdb",
        "stroke": "#ffffff",
        "stroke-width": 2
      },
      "geometry": {
        "type": "Polygon",
        "coordinates": [
          [
            [-8.424884257, 43.352252517],
            [-8.42485233, 43.352349951],
            [-8.424794026, 43.352339234],
            [-8.424825355, 43.352241793],
            [-8.424884257, 43.352252517]
          ]
        ]
      }
    },
    {
      "type": "Feature",
      "id": 1180,
      "properties": {
        "feature_type": "area",
        "level_id": -1,
        "name": "Indoorwall",
        "category": "indoorwall",
        "fill": "#e0e0e0"
      },
      "geometry": {
        "type": "Polygon",
        "coordinates": [
          [
            [-8.424751609, 43.352706012],
            [-8.42473657, 43.352703224],
            [-8.424745161, 43.352677009],
            [-8.424782106, 43.352564259],
            [-8.42485233, 43.352349951],
            [-8.424884257, 43.352252517],
            [-8.424899303, 43.35225528],
            [-8.424751609, 43.352706012]
          ]
        ]
      }
    },
    {
      "type": "Feature",
      "id": 1179,
      "properties": {
        "feature_type": "area",
        "level_id": -1,
        "name": "Indoorwall",
        "category": "indoorwall",
        "fill": "#e0e0e0"
      },
      "geometry": {
        "type": "Polygon",
        "coordinates": [
          [
            [-8.424919736, 43.352737184],
            [-8.424902433, 43.352733976],
            [-8.425050636, 43.352281692],
            [-8.425068009, 43.352284687],
            [-8.424979253, 43.352555551],
            [-8.424945145, 43.352659642],
            [-8.424919736, 43.352737184]
          ]
        ]
      }
    },
    {
      "type": "Feature",
      "id": 1178,
      "properties": {
        "feature_type": "area",
        "level_id": -1,
        "name": "Parking",
        "category": "parking",
        "fill": "#dbdbdb",
        "stroke": "#ffffff",
        "stroke-width": 2
      },
      "geometry": {
        "type": "Polygon",
        "coordinates": [
          [
            [-8.424740193, 43.352676088],
            [-8.424668349, 43.35266306],
            [-8.424704388, 43.352552666],
            [-8.424782106, 43.352564259],
            [-8.424745161, 43.352677009],
            [-8.424740193, 43.352676088]
          ]
        ]
      }
    },
    {
      "type": "Feature",
      "id": 1177,
      "properties": {
        "feature_type": "area",
        "level_id": -1,
        "name": "Parking",
        "category": "parking",
        "fill": "#dbdbdb",
        "stroke": "#ffffff",
        "stroke-width": 2
      },
      "geometry": {
        "type": "Polygon",
        "coordinates": [
          [
            [-8.424668349, 43.35266306],
            [-8.424592613, 43.352649326],
            [-8.424627924, 43.352539039],
            [-8.424704388, 43.352552666],
            [-8.424668349, 43.35266306]
          ]
        ]
      }
    },
    {
      "type": "Feature",
      "id": 1176,
      "properties": {
        "feature_type": "area",
        "level_id": -1,
        "name": "Parking",
        "category": "parking",
        "fill": "#dbdbdb",
        "stroke": "#ffffff",
        "stroke-width": 2
      },
      "geometry": {
        "type": "Polygon",
        "coordinates": [
          [
            [-8.424592613, 43.352649326],
            [-8.42451622, 43.352635473],
            [-8.424551459, 43.352525411],
            [-8.424627924, 43.352539039],
            [-8.424592613, 43.352649326]
          ]
        ]
      }
    },
    {
      "type": "Feature",
      "id": 1175,
      "properties": {
        "feature_type": "area",
        "level_id": -1,
        "name": "Parking",
        "category": "parking",
        "fill": "#dbdbdb",
        "stroke": "#ffffff",
        "stroke-width": 2
      },
      "geometry": {
        "type": "Polygon",
        "coordinates": [
          [
            [-8.42451622, 43.352635473],
            [-8.424439828, 43.35262162],
            [-8.424474995, 43.352511784],
            [-8.424551459, 43.352525411],
            [-8.42451622, 43.352635473]
          ]
        ]
      }
    },
    {
      "type": "Feature",
      "id": 1174,
      "properties": {
        "feature_type": "area",
        "level_id": -1,
        "name": "Parking",
        "category": "parking",
        "fill": "#dbdbdb",
        "stroke": "#ffffff",
        "stroke-width": 2
      },
      "geometry": {
        "type": "Polygon",
        "coordinates": [
          [
            [-8.424439828, 43.35262162],
            [-8.424362807, 43.352607653],
            [-8.42439853, 43.352498157],
            [-8.424474995, 43.352511784],
            [-8.424439828, 43.35262162]
          ]
        ]
      }
    },
    {
      "type": "Feature",
      "id": 1173,
      "properties": {
        "feature_type": "area",
        "level_id": -1,
        "name": "Parking",
        "category": "parking",
        "fill": "#dbdbdb",
        "stroke": "#ffffff",
        "stroke-width": 2
      },
      "geometry": {
        "type": "Polygon",
        "coordinates": [
          [
            [-8.424362807, 43.352607653],
            [-8.424286412, 43.3525938],
            [-8.424322066, 43.35248453],
            [-8.42439853, 43.352498157],
            [-8.424362807, 43.352607653]
          ]
        ]
      }
    },
    {
      "type": "Feature",
      "id": 1172,
      "properties": {
        "feature_type": "area",
        "level_id": -1,
        "name": "Parking",
        "category": "parking",
        "fill": "#dbdbdb",
        "stroke": "#ffffff",
        "stroke-width": 2
      },
      "geometry": {
        "type": "Polygon",
        "coordinates": [
          [
            [-8.424286412, 43.3525938],
            [-8.424210676, 43.352580066],
            [-8.424245602, 43.352470902],
            [-8.424322066, 43.35248453],
            [-8.424286412, 43.3525938]
          ]
        ]
      }
    },
    {
      "type": "Feature",
      "id": 1171,
      "properties": {
        "feature_type": "area",
        "level_id": -1,
        "name": "Parking",
        "category": "parking",
        "fill": "#dbdbdb",
        "stroke": "#ffffff",
        "stroke-width": 2
      },
      "geometry": {
        "type": "Polygon",
        "coordinates": [
          [
            [-8.424210676, 43.352580066],
            [-8.424134283, 43.352566214],
            [-8.424169137, 43.352457275],
            [-8.424245602, 43.352470902],
            [-8.424210676, 43.352580066]
          ]
        ]
      }
    },
    {
      "type": "Feature",
      "id": 1170,
      "properties": {
        "feature_type": "area",
        "level_id": -1,
        "name": "Parking",
        "category": "parking",
        "fill": "#dbdbdb",
        "stroke": "#ffffff",
        "stroke-width": 2
      },
      "geometry": {
        "type": "Polygon",
        "coordinates": [
          [
            [-8.424134283, 43.352566214],
            [-8.424057891, 43.352552361],
            [-8.424092673, 43.352443648],
            [-8.424169137, 43.352457275],
            [-8.424134283, 43.352566214]
          ]
        ]
      }
    },
    {
      "type": "Feature",
      "id": 1169,
      "properties": {
        "feature_type": "area",
        "level_id": -1,
        "name": "Parking",
        "category": "parking",
        "fill": "#dbdbdb",
        "stroke": "#ffffff",
        "stroke-width": 2
      },
      "geometry": {
        "type": "Polygon",
        "coordinates": [
          [
            [-8.424057891, 43.352552361],
            [-8.423980834, 43.352538388],
            [-8.424016208, 43.35243002],
            [-8.424092673, 43.352443648],
            [-8.424057891, 43.352552361]
          ]
        ]
      }
    },
    {
      "type": "Feature",
      "id": 1168,
      "properties": {
        "feature_type": "area",
        "level_id": -1,
        "name": "Parking",
        "category": "parking",
        "fill": "#dbdbdb",
        "stroke": "#ffffff",
        "stroke-width": 2
      },
      "geometry": {
        "type": "Polygon",
        "coordinates": [
          [
            [-8.423980834, 43.352538388],
            [-8.423904444, 43.352524535],
            [-8.423939744, 43.352416393],
            [-8.424016208, 43.35243002],
            [-8.423980834, 43.352538388]
          ]
        ]
      }
    },
    {
      "type": "Feature",
      "id": 1167,
      "properties": {
        "feature_type": "area",
        "level_id": -1,
        "name": "Parking",
        "category": "parking",
        "fill": "#dbdbdb",
        "stroke": "#ffffff",
        "stroke-width": 2
      },
      "geometry": {
        "type": "Polygon",
        "coordinates": [
          [
            [-8.423904444, 43.352524535],
            [-8.42382869, 43.352510798],
            [-8.423863279, 43.352402766],
            [-8.423939744, 43.352416393],
            [-8.423904444, 43.352524535]
          ]
        ]
      }
    },
    {
      "type": "Feature",
      "id": 1166,
      "properties": {
        "feature_type": "area",
        "level_id": -1,
        "name": "Parking",
        "category": "parking",
        "fill": "#dbdbdb",
        "stroke": "#ffffff",
        "stroke-width": 2
      },
      "geometry": {
        "type": "Polygon",
        "coordinates": [
          [
            [-8.423713754, 43.352489956],
            [-8.423723572, 43.352451804],
            [-8.423748652, 43.352381705],
            [-8.423786815, 43.352389138],
            [-8.423863279, 43.352402766],
            [-8.42382869, 43.352510798],
            [-8.423713754, 43.352489956]
          ]
        ]
      }
    },
    {
      "type": "Feature",
      "id": 1165,
      "properties": {
        "feature_type": "area",
        "level_id": -1,
        "name": "Indoorwall",
        "category": "indoorwall",
        "fill": "#e0e0e0"
      },
      "geometry": {
        "type": "Polygon",
        "coordinates": [
          [
            [-8.423580032, 43.352423508],
            [-8.423619334, 43.352298557],
            [-8.42376716, 43.352324912],
            [-8.423748652, 43.352381705],
            [-8.423723572, 43.352451804],
            [-8.423580032, 43.352423508]
          ]
        ]
      }
    },
    {
      "type": "Feature",
      "id": 1164,
      "properties": {
        "feature_type": "area",
        "level_id": -1,
        "name": "Parking",
        "category": "parking",
        "fill": "#dbdbdb",
        "stroke": "#ffffff",
        "stroke-width": 2
      },
      "geometry": {
        "type": "Polygon",
        "coordinates": [
          [
            [-8.423639848, 43.352233338],
            [-8.423652609, 43.352192769],
            [-8.423789767, 43.352217222],
            [-8.423776054, 43.352258527],
            [-8.423639848, 43.352233338]
          ]
        ]
      }
    },
    {
      "type": "Feature",
      "id": 1163,
      "properties": {
        "feature_type": "area",
        "level_id": -1,
        "name": "Parking",
        "category": "parking",
        "fill": "#dbdbdb",
        "stroke": "#ffffff",
        "stroke-width": 2
      },
      "geometry": {
        "type": "Polygon",
        "coordinates": [
          [
            [-8.423652609, 43.352192769],
            [-8.423665536, 43.35215167],
            [-8.423803371, 43.352176245],
            [-8.423789767, 43.352217222],
            [-8.423652609, 43.352192769]
          ]
        ]
      }
    },
    {
      "type": "Feature",
      "id": 1162,
      "properties": {
        "feature_type": "area",
        "level_id": -1,
        "name": "Parking",
        "category": "parking",
        "fill": "#dbdbdb",
        "stroke": "#ffffff",
        "stroke-width": 2
      },
      "geometry": {
        "type": "Polygon",
        "coordinates": [
          [
            [-8.423665536, 43.35215167],
            [-8.423680142, 43.352105233],
            [-8.423818742, 43.352129943],
            [-8.423803371, 43.352176245],
            [-8.423665536, 43.35215167]
          ]
        ]
      }
    },
    {
      "type": "Feature",
      "id": 1161,
      "properties": {
        "feature_type": "area",
        "level_id": -1,
        "name": "Parking",
        "category": "parking",
        "fill": "#dbdbdb",
        "stroke": "#ffffff",
        "stroke-width": 2
      },
      "geometry": {
        "type": "Polygon",
        "coordinates": [
          [
            [-8.423680142, 43.352105233],
            [-8.423695854, 43.352055279],
            [-8.423835277, 43.352080136],
            [-8.423818742, 43.352129943],
            [-8.423680142, 43.352105233]
          ]
        ]
      }
    },
    {
      "type": "Feature",
      "id": 1160,
      "properties": {
        "feature_type": "area",
        "level_id": -1,
        "name": "Parking",
        "category": "parking",
        "fill": "#dbdbdb",
        "stroke": "#ffffff",
        "stroke-width": 2
      },
      "geometry": {
        "type": "Polygon",
        "coordinates": [
          [
            [-8.423695854, 43.352055279],
            [-8.423710166, 43.35200978],
            [-8.423850071, 43.352035457],
            [-8.423835277, 43.352080136],
            [-8.423695854, 43.352055279]
          ]
        ]
      }
    },
    {
      "type": "Feature",
      "id": 1159,
      "properties": {
        "feature_type": "area",
        "level_id": -1,
        "name": "Parking",
        "category": "parking",
        "fill": "#dbdbdb",
        "stroke": "#ffffff",
        "stroke-width": 2
      },
      "geometry": {
        "type": "Polygon",
        "coordinates": [
          [
            [-8.423710166, 43.35200978],
            [-8.423722925, 43.351969214],
            [-8.423862957, 43.351993761],
            [-8.423850071, 43.352035457],
            [-8.423710166, 43.35200978]
          ]
        ]
      }
    },
    {
      "type": "Feature",
      "id": 1158,
      "properties": {
        "feature_type": "area",
        "level_id": -1,
        "name": "Parking",
        "category": "parking",
        "fill": "#dbdbdb",
        "stroke": "#ffffff",
        "stroke-width": 2
      },
      "geometry": {
        "type": "Polygon",
        "coordinates": [
          [
            [-8.423722925, 43.351969214],
            [-8.423735853, 43.351928114],
            [-8.42387567, 43.351952624],
            [-8.423862957, 43.351993761],
            [-8.423722925, 43.351969214]
          ]
        ]
      }
    },
    {
      "type": "Feature",
      "id": 1157,
      "properties": {
        "feature_type": "area",
        "level_id": -1,
        "name": "Parking",
        "category": "parking",
        "fill": "#dbdbdb",
        "stroke": "#ffffff",
        "stroke-width": 2
      },
      "geometry": {
        "type": "Polygon",
        "coordinates": [
          [
            [-8.423735853, 43.351928114],
            [-8.423750459, 43.351881677],
            [-8.423890035, 43.351906144],
            [-8.42387567, 43.351952624],
            [-8.423735853, 43.351928114]
          ]
        ]
      }
    },
    {
      "type": "Feature",
      "id": 1156,
      "properties": {
        "feature_type": "area",
        "level_id": -1,
        "name": "Parking",
        "category": "parking",
        "fill": "#dbdbdb",
        "stroke": "#ffffff",
        "stroke-width": 2
      },
      "geometry": {
        "type": "Polygon",
        "coordinates": [
          [
            [-8.423750459, 43.351881677],
            [-8.423766171, 43.351831723],
            [-8.423905365, 43.351856539],
            [-8.423890035, 43.351906144],
            [-8.423750459, 43.351881677]
          ]
        ]
      }
    },
    {
      "type": "Feature",
      "id": 1155,
      "properties": {
        "feature_type": "area",
        "level_id": -1,
        "name": "Parking",
        "category": "parking",
        "fill": "#dbdbdb",
        "stroke": "#ffffff",
        "stroke-width": 2
      },
      "geometry": {
        "type": "Polygon",
        "coordinates": [
          [
            [-8.423766171, 43.351831723],
            [-8.423779153, 43.35179045],
            [-8.423918251, 43.351814843],
            [-8.423905365, 43.351856539],
            [-8.423766171, 43.351831723]
          ]
        ]
      }
    },
    {
      "type": "Feature",
      "id": 1154,
      "properties": {
        "feature_type": "area",
        "level_id": -1,
        "name": "Parking",
        "category": "parking",
        "fill": "#dbdbdb",
        "stroke": "#ffffff",
        "stroke-width": 2
      },
      "geometry": {
        "type": "Polygon",
        "coordinates": [
          [
            [-8.423779153, 43.35179045],
            [-8.42379208, 43.35174935],
            [-8.423930964, 43.351773705],
            [-8.423918251, 43.351814843],
            [-8.423779153, 43.35179045]
          ]
        ]
      }
    },
    {
      "type": "Feature",
      "id": 1153,
      "properties": {
        "feature_type": "area",
        "level_id": -1,
        "name": "Parking",
        "category": "parking",
        "fill": "#dbdbdb",
        "stroke": "#ffffff",
        "stroke-width": 2
      },
      "geometry": {
        "type": "Polygon",
        "coordinates": [
          [
            [-8.42379208, 43.35174935],
            [-8.423806687, 43.351702913],
            [-8.423945328, 43.351727225],
            [-8.423930964, 43.351773705],
            [-8.42379208, 43.35174935]
          ]
        ]
      }
    },
    {
      "type": "Feature",
      "id": 1152,
      "properties": {
        "feature_type": "area",
        "level_id": -1,
        "name": "Parking",
        "category": "parking",
        "fill": "#dbdbdb",
        "stroke": "#ffffff",
        "stroke-width": 2
      },
      "geometry": {
        "type": "Polygon",
        "coordinates": [
          [
            [-8.423806687, 43.351702913],
            [-8.423822399, 43.351652959],
            [-8.423960658, 43.35167762],
            [-8.423945328, 43.351727225],
            [-8.423806687, 43.351702913]
          ]
        ]
      }
    },
    {
      "type": "Feature",
      "id": 1151,
      "properties": {
        "feature_type": "area",
        "level_id": -1,
        "name": "Parking",
        "category": "parking",
        "fill": "#dbdbdb",
        "stroke": "#ffffff",
        "stroke-width": 2
      },
      "geometry": {
        "type": "Polygon",
        "coordinates": [
          [
            [-8.423822399, 43.351652959],
            [-8.423836939, 43.351606732],
            [-8.423974625, 43.35163128],
            [-8.423960658, 43.35167762],
            [-8.423822399, 43.351652959]
          ]
        ]
      }
    },
    {
      "type": "Feature",
      "id": 1150,
      "properties": {
        "feature_type": "area",
        "level_id": -1,
        "name": "Parking",
        "category": "parking",
        "fill": "#dbdbdb",
        "stroke": "#ffffff",
        "stroke-width": 2
      },
      "geometry": {
        "type": "Polygon",
        "coordinates": [
          [
            [-8.423836939, 43.351606732],
            [-8.423849862, 43.351565646],
            [-8.423987036, 43.351590102],
            [-8.423974625, 43.35163128],
            [-8.423836939, 43.351606732]
          ]
        ]
      }
    },
    {
      "type": "Feature",
      "id": 1149,
      "properties": {
        "feature_type": "area",
        "level_id": -1,
        "name": "Parking",
        "category": "parking",
        "fill": "#dbdbdb",
        "stroke": "#ffffff",
        "stroke-width": 2
      },
      "geometry": {
        "type": "Polygon",
        "coordinates": [
          [
            [-8.423849862, 43.351565646],
            [-8.423864746, 43.351518324],
            [-8.424000666, 43.351542556],
            [-8.423990911, 43.351577248],
            [-8.423987036, 43.351590102],
            [-8.423849862, 43.351565646]
          ]
        ]
      }
    },
    {
      "type": "Feature",
      "id": 1148,
      "properties": {
        "feature_type": "area",
        "level_id": -1,
        "name": "Parking",
        "category": "parking",
        "fill": "#dbdbdb",
        "stroke": "#ffffff",
        "stroke-width": 2
      },
      "geometry": {
        "type": "Polygon",
        "coordinates": [
          [
            [-8.423864746, 43.351518324],
            [-8.423881071, 43.351466424],
            [-8.424015342, 43.351490362],
            [-8.424000666, 43.351542556],
            [-8.423864746, 43.351518324]
          ]
        ]
      }
    },
    {
      "type": "Feature",
      "id": 1147,
      "properties": {
        "feature_type": "area",
        "level_id": -1,
        "name": "Indoorwall",
        "category": "indoorwall",
        "fill": "#e0e0e0"
      },
      "geometry": {
        "type": "Polygon",
        "coordinates": [
          [
            [-8.423921002, 43.351356887],
            [-8.424050735, 43.351380566],
            [-8.424015342, 43.351490362],
            [-8.423881071, 43.351466424],
            [-8.42391336, 43.351363766],
            [-8.423915511, 43.351358618],
            [-8.423921002, 43.351356887]
          ]
        ]
      }
    },
    {
      "type": "Feature",
      "id": 1146,
      "properties": {
        "feature_type": "area",
        "level_id": -1,
        "name": "Parking",
        "category": "parking",
        "fill": "#dbdbdb",
        "stroke": "#ffffff",
        "stroke-width": 2
      },
      "geometry": {
        "type": "Polygon",
        "coordinates": [
          [
            [-8.424050735, 43.351380566],
            [-8.424138045, 43.351396503],
            [-8.424102836, 43.351505731],
            [-8.424015342, 43.351490362],
            [-8.424050735, 43.351380566]
          ]
        ]
      }
    },
    {
      "type": "Feature",
      "id": 1145,
      "properties": {
        "feature_type": "area",
        "level_id": -1,
        "name": "Parking",
        "category": "parking",
        "fill": "#dbdbdb",
        "stroke": "#ffffff",
        "stroke-width": 2
      },
      "geometry": {
        "type": "Polygon",
        "coordinates": [
          [
            [-8.424138045, 43.351396503],
            [-8.424224791, 43.351412336],
            [-8.424190329, 43.351521101],
            [-8.424102836, 43.351505731],
            [-8.424138045, 43.351396503]
          ]
        ]
      }
    },
    {
      "type": "Feature",
      "id": 1144,
      "properties": {
        "feature_type": "area",
        "level_id": -1,
        "name": "Parking",
        "category": "parking",
        "fill": "#dbdbdb",
        "stroke": "#ffffff",
        "stroke-width": 2
      },
      "geometry": {
        "type": "Polygon",
        "coordinates": [
          [
            [-8.424224791, 43.351412336],
            [-8.424301148, 43.351426273],
            [-8.424266908, 43.351534359],
            [-8.424190329, 43.351521101],
            [-8.424224791, 43.351412336]
          ]
        ]
      }
    },
    {
      "type": "Feature",
      "id": 1143,
      "properties": {
        "feature_type": "area",
        "level_id": -1,
        "name": "Parking",
        "category": "parking",
        "fill": "#dbdbdb",
        "stroke": "#ffffff",
        "stroke-width": 2
      },
      "geometry": {
        "type": "Polygon",
        "coordinates": [
          [
            [-8.424301148, 43.351426273],
            [-8.424377506, 43.35144021],
            [-8.424343486, 43.351547617],
            [-8.424266908, 43.351534359],
            [-8.424301148, 43.351426273]
          ]
        ]
      }
    },
    {
      "type": "Feature",
      "id": 1142,
      "properties": {
        "feature_type": "area",
        "level_id": -1,
        "name": "Parking",
        "category": "parking",
        "fill": "#dbdbdb",
        "stroke": "#ffffff",
        "stroke-width": 2
      },
      "geometry": {
        "type": "Polygon",
        "coordinates": [
          [
            [-8.424377506, 43.35144021],
            [-8.424454435, 43.351454251],
            [-8.424420065, 43.351560876],
            [-8.424343486, 43.351547617],
            [-8.424377506, 43.35144021]
          ]
        ]
      }
    },
    {
      "type": "Feature",
      "id": 1141,
      "properties": {
        "feature_type": "area",
        "level_id": -1,
        "name": "Parking",
        "category": "parking",
        "fill": "#dbdbdb",
        "stroke": "#ffffff",
        "stroke-width": 2
      },
      "geometry": {
        "type": "Polygon",
        "coordinates": [
          [
            [-8.424454435, 43.351454251],
            [-8.424530491, 43.351468133],
            [-8.42449674, 43.351572839],
            [-8.424420065, 43.351560876],
            [-8.424454435, 43.351454251]
          ]
        ]
      }
    },
    {
      "type": "Feature",
      "id": 1140,
      "properties": {
        "feature_type": "area",
        "level_id": -1,
        "name": "Parking",
        "category": "parking",
        "fill": "#dbdbdb",
        "stroke": "#ffffff",
        "stroke-width": 2
      },
      "geometry": {
        "type": "Polygon",
        "coordinates": [
          [
            [-8.424562943, 43.351501204],
            [-8.424614587, 43.351510481],
            [-8.424579462, 43.351621282],
            [-8.424486498, 43.351604692],
            [-8.42449674, 43.351572839],
            [-8.424530491, 43.351468133],
            [-8.424554159, 43.351472453],
            [-8.42455133, 43.351481998],
            [-8.424551639, 43.351494717],
            [-8.424562943, 43.351501204]
          ]
        ]
      }
    },
    {
      "type": "Feature",
      "id": 1139,
      "properties": {
        "feature_type": "area",
        "level_id": -1,
        "name": "Parking",
        "category": "parking",
        "fill": "#dbdbdb",
        "stroke": "#ffffff",
        "stroke-width": 2
      },
      "geometry": {
        "type": "Polygon",
        "coordinates": [
          [
            [-8.424614587, 43.351510481],
            [-8.424691017, 43.35152421],
            [-8.424656041, 43.35163454],
            [-8.424579462, 43.351621282],
            [-8.424614587, 43.351510481]
          ]
        ]
      }
    },
    {
      "type": "Feature",
      "id": 1138,
      "properties": {
        "feature_type": "area",
        "level_id": -1,
        "name": "Parking",
        "category": "parking",
        "fill": "#dbdbdb",
        "stroke": "#ffffff",
        "stroke-width": 2
      },
      "geometry": {
        "type": "Polygon",
        "coordinates": [
          [
            [-8.424691017, 43.35152421],
            [-8.424767446, 43.351537938],
            [-8.42473262, 43.351647798],
            [-8.424656041, 43.35163454],
            [-8.424691017, 43.35152421]
          ]
        ]
      }
    },
    {
      "type": "Feature",
      "id": 1137,
      "properties": {
        "feature_type": "area",
        "level_id": -1,
        "name": "Parking",
        "category": "parking",
        "fill": "#dbdbdb",
        "stroke": "#ffffff",
        "stroke-width": 2
      },
      "geometry": {
        "type": "Polygon",
        "coordinates": [
          [
            [-8.424767446, 43.351537938],
            [-8.424843876, 43.351551667],
            [-8.424809199, 43.351661057],
            [-8.42473262, 43.351647798],
            [-8.424767446, 43.351537938]
          ]
        ]
      }
    },
    {
      "type": "Feature",
      "id": 1136,
      "properties": {
        "feature_type": "area",
        "level_id": -1,
        "name": "Parking",
        "category": "parking",
        "fill": "#dbdbdb",
        "stroke": "#ffffff",
        "stroke-width": 2
      },
      "geometry": {
        "type": "Polygon",
        "coordinates": [
          [
            [-8.424843876, 43.351551667],
            [-8.424920306, 43.351565396],
            [-8.424885777, 43.351674315],
            [-8.424809199, 43.351661057],
            [-8.424843876, 43.351551667]
          ]
        ]
      }
    },
    {
      "type": "Feature",
      "id": 1135,
      "properties": {
        "feature_type": "area",
        "level_id": -1,
        "name": "Parking",
        "category": "parking",
        "fill": "#dbdbdb",
        "stroke": "#ffffff",
        "stroke-width": 2
      },
      "geometry": {
        "type": "Polygon",
        "coordinates": [
          [
            [-8.424920306, 43.351565396],
            [-8.424996735, 43.351579124],
            [-8.424962356, 43.351687573],
            [-8.424885777, 43.351674315],
            [-8.424920306, 43.351565396]
          ]
        ]
      }
    },
    {
      "type": "Feature",
      "id": 1134,
      "properties": {
        "feature_type": "area",
        "level_id": -1,
        "name": "Parking",
        "category": "parking",
        "fill": "#dbdbdb",
        "stroke": "#ffffff",
        "stroke-width": 2
      },
      "geometry": {
        "type": "Polygon",
        "coordinates": [
          [
            [-8.425072193, 43.351594927],
            [-8.42505674, 43.351647926],
            [-8.425038935, 43.351700831],
            [-8.424962356, 43.351687573],
            [-8.424996735, 43.351579124],
            [-8.425069975, 43.35159228],
            [-8.425072193, 43.351594927]
          ]
        ]
      }
    },
    {
      "type": "Feature",
      "id": 1133,
      "properties": {
        "feature_type": "area",
        "level_id": -1,
        "name": "Parking",
        "category": "parking",
        "fill": "#dbdbdb",
        "stroke": "#ffffff",
        "stroke-width": 2
      },
      "geometry": {
        "type": "Polygon",
        "coordinates": [
          [
            [-8.42505674, 43.351647926],
            [-8.425083974, 43.351652779],
            [-8.425067279, 43.351705882],
            [-8.425038935, 43.351700831],
            [-8.42505674, 43.351647926]
          ]
        ]
      }
    },
    {
      "type": "Feature",
      "id": 1132,
      "properties": {
        "feature_type": "area",
        "level_id": -1,
        "name": "Parking",
        "category": "parking",
        "fill": "#dbdbdb",
        "stroke": "#ffffff",
        "stroke-width": 2
      },
      "geometry": {
        "type": "Polygon",
        "coordinates": [
          [
            [-8.425083974, 43.351652779],
            [-8.425160437, 43.351666405],
            [-8.425125278, 43.351778242],
            [-8.425048699, 43.351764984],
            [-8.425067279, 43.351705882],
            [-8.425083974, 43.351652779]
          ]
        ]
      }
    },
    {
      "type": "Feature",
      "id": 1131,
      "properties": {
        "feature_type": "area",
        "level_id": -1,
        "name": "Parking",
        "category": "parking",
        "fill": "#dbdbdb",
        "stroke": "#ffffff",
        "stroke-width": 2
      },
      "geometry": {
        "type": "Polygon",
        "coordinates": [
          [
            [-8.425160437, 43.351666405],
            [-8.4252369, 43.35168003],
            [-8.425201857, 43.3517915],
            [-8.425125278, 43.351778242],
            [-8.425160437, 43.351666405]
          ]
        ]
      }
    },
    {
      "type": "Feature",
      "id": 1130,
      "properties": {
        "feature_type": "area",
        "level_id": -1,
        "name": "Parking",
        "category": "parking",
        "fill": "#dbdbdb",
        "stroke": "#ffffff",
        "stroke-width": 2
      },
      "geometry": {
        "type": "Polygon",
        "coordinates": [
          [
            [-8.4252369, 43.35168003],
            [-8.425313364, 43.351693656],
            [-8.425278436, 43.351804759],
            [-8.425201857, 43.3517915],
            [-8.4252369, 43.35168003]
          ]
        ]
      }
    },
    {
      "type": "Feature",
      "id": 1129,
      "properties": {
        "feature_type": "area",
        "level_id": -1,
        "name": "Parking",
        "category": "parking",
        "fill": "#dbdbdb",
        "stroke": "#ffffff",
        "stroke-width": 2
      },
      "geometry": {
        "type": "Polygon",
        "coordinates": [
          [
            [-8.425313364, 43.351693656],
            [-8.425389827, 43.351707282],
            [-8.425355014, 43.351818017],
            [-8.425278436, 43.351804759],
            [-8.425313364, 43.351693656]
          ]
        ]
      }
    },
    {
      "type": "Feature",
      "id": 1128,
      "properties": {
        "feature_type": "area",
        "level_id": -1,
        "name": "Parking",
        "category": "parking",
        "fill": "#dbdbdb",
        "stroke": "#ffffff",
        "stroke-width": 2
      },
      "geometry": {
        "type": "Polygon",
        "coordinates": [
          [
            [-8.425389827, 43.351707282],
            [-8.42546629, 43.351720907],
            [-8.425431593, 43.351831275],
            [-8.425355014, 43.351818017],
            [-8.425389827, 43.351707282]
          ]
        ]
      }
    },
    {
      "type": "Feature",
      "id": 1127,
      "properties": {
        "feature_type": "area",
        "level_id": -1,
        "name": "Parking",
        "category": "parking",
        "fill": "#dbdbdb",
        "stroke": "#ffffff",
        "stroke-width": 2
      },
      "geometry": {
        "type": "Polygon",
        "coordinates": [
          [
            [-8.42546629, 43.351720907],
            [-8.425542754, 43.351734533],
            [-8.425508172, 43.351844533],
            [-8.425431593, 43.351831275],
            [-8.42546629, 43.351720907]
          ]
        ]
      }
    },
    {
      "type": "Feature",
      "id": 1126,
      "properties": {
        "feature_type": "area",
        "level_id": -1,
        "name": "Parking",
        "category": "parking",
        "fill": "#dbdbdb",
        "stroke": "#ffffff",
        "stroke-width": 2
      },
      "geometry": {
        "type": "Polygon",
        "coordinates": [
          [
            [-8.425542754, 43.351734533],
            [-8.425619217, 43.351748158],
            [-8.425584751, 43.351857791],
            [-8.425508172, 43.351844533],
            [-8.425542754, 43.351734533]
          ]
        ]
      }
    },
    {
      "type": "Feature",
      "id": 1125,
      "properties": {
        "feature_type": "area",
        "level_id": -1,
        "name": "Parking",
        "category": "parking",
        "fill": "#dbdbdb",
        "stroke": "#ffffff",
        "stroke-width": 2
      },
      "geometry": {
        "type": "Polygon",
        "coordinates": [
          [
            [-8.425619217, 43.351748158],
            [-8.425695681, 43.351761784],
            [-8.425661329, 43.35187105],
            [-8.425584751, 43.351857791],
            [-8.425619217, 43.351748158]
          ]
        ]
      }
    },
    {
      "type": "Feature",
      "id": 1124,
      "properties": {
        "feature_type": "area",
        "level_id": -1,
        "name": "Parking",
        "category": "parking",
        "fill": "#dbdbdb",
        "stroke": "#ffffff",
        "stroke-width": 2
      },
      "geometry": {
        "type": "Polygon",
        "coordinates": [
          [
            [-8.425695681, 43.351761784],
            [-8.425772144, 43.35177541],
            [-8.425737908, 43.351884308],
            [-8.425661329, 43.35187105],
            [-8.425695681, 43.351761784]
          ]
        ]
      }
    },
    {
      "type": "Feature",
      "id": 1123,
      "properties": {
        "feature_type": "area",
        "level_id": -1,
        "name": "Parking",
        "category": "parking",
        "fill": "#dbdbdb",
        "stroke": "#ffffff",
        "stroke-width": 2
      },
      "geometry": {
        "type": "Polygon",
        "coordinates": [
          [
            [-8.425772144, 43.35177541],
            [-8.425848606, 43.351789035],
            [-8.425814487, 43.351897566],
            [-8.425737908, 43.351884308],
            [-8.425772144, 43.35177541]
          ]
        ]
      }
    },
    {
      "type": "Feature",
      "id": 1122,
      "properties": {
        "feature_type": "area",
        "level_id": -1,
        "name": "Parking",
        "category": "parking",
        "fill": "#dbdbdb",
        "stroke": "#ffffff",
        "stroke-width": 2
      },
      "geometry": {
        "type": "Polygon",
        "coordinates": [
          [
            [-8.425848606, 43.351789035],
            [-8.425925069, 43.351802661],
            [-8.425891066, 43.351910824],
            [-8.425814487, 43.351897566],
            [-8.425848606, 43.351789035]
          ]
        ]
      }
    },
    {
      "type": "Feature",
      "id": 1121,
      "properties": {
        "feature_type": "area",
        "level_id": -1,
        "name": "Parking",
        "category": "parking",
        "fill": "#dbdbdb",
        "stroke": "#ffffff",
        "stroke-width": 2
      },
      "geometry": {
        "type": "Polygon",
        "coordinates": [
          [
            [-8.425925069, 43.351802661],
            [-8.426001532, 43.351816286],
            [-8.425967645, 43.351924083],
            [-8.425891066, 43.351910824],
            [-8.425925069, 43.351802661]
          ]
        ]
      }
    },
    {
      "type": "Feature",
      "id": 1120,
      "properties": {
        "feature_type": "area",
        "level_id": -1,
        "name": "Parking",
        "category": "parking",
        "fill": "#dbdbdb",
        "stroke": "#ffffff",
        "stroke-width": 2
      },
      "geometry": {
        "type": "Polygon",
        "coordinates": [
          [
            [-8.426001532, 43.351816286],
            [-8.426077996, 43.351829912],
            [-8.426044223, 43.351937341],
            [-8.425967645, 43.351924083],
            [-8.426001532, 43.351816286]
          ]
        ]
      }
    },
    {
      "type": "Feature",
      "id": 1119,
      "properties": {
        "feature_type": "area",
        "level_id": -1,
        "name": "Parking",
        "category": "parking",
        "fill": "#dbdbdb",
        "stroke": "#ffffff",
        "stroke-width": 2
      },
      "geometry": {
        "type": "Polygon",
        "coordinates": [
          [
            [-8.426077996, 43.351829912],
            [-8.42615446, 43.351843537],
            [-8.426120802, 43.351950599],
            [-8.426044223, 43.351937341],
            [-8.426077996, 43.351829912]
          ]
        ]
      }
    },
    {
      "type": "Feature",
      "id": 1118,
      "properties": {
        "feature_type": "area",
        "level_id": -1,
        "name": "Parking",
        "category": "parking",
        "fill": "#dbdbdb",
        "stroke": "#ffffff",
        "stroke-width": 2
      },
      "geometry": {
        "type": "Polygon",
        "coordinates": [
          [
            [-8.426229543, 43.351859543],
            [-8.426197522, 43.35196395],
            [-8.426120802, 43.351950599],
            [-8.42615446, 43.351843537],
            [-8.426218759, 43.351854995],
            [-8.426227574, 43.351857032],
            [-8.426229543, 43.351859543]
          ]
        ]
      }
    },
    {
      "type": "Feature",
      "id": 1117,
      "properties": {
        "feature_type": "area",
        "level_id": -1,
        "name": "Indoorwall",
        "category": "indoorwall",
        "fill": "#e0e0e0"
      },
      "geometry": {
        "type": "Polygon",
        "coordinates": [
          [
            [-8.426118785, 43.352220673],
            [-8.426076294, 43.352359218],
            [-8.425929062, 43.352333596],
            [-8.425878108, 43.352324728],
            [-8.425881799, 43.352312694],
            [-8.425885469, 43.352300601],
            [-8.425896891, 43.35230208],
            [-8.425894336, 43.352308542],
            [-8.425940436, 43.352316368],
            [-8.42595027, 43.352288214],
            [-8.425904093, 43.352279838],
            [-8.425901313, 43.352288987],
            [-8.425889731, 43.352287187],
            [-8.425895351, 43.352270046],
            [-8.425910504, 43.35227262],
            [-8.425924446, 43.352274989],
            [-8.425936417, 43.352277024],
            [-8.425950591, 43.352279432],
            [-8.425975115, 43.352283599],
            [-8.425988146, 43.35224594],
            [-8.425962032, 43.352241183],
            [-8.425948726, 43.352238759],
            [-8.425936799, 43.352236586],
            [-8.425922909, 43.352234056],
            [-8.42590767, 43.35223128],
            [-8.425911154, 43.352220297],
            [-8.4259206, 43.352187855],
            [-8.425928851, 43.352189221],
            [-8.426023818, 43.352204947],
            [-8.426118785, 43.352220673]
          ]
        ]
      }
    },
    {
      "type": "Feature",
      "id": 1116,
      "properties": {
        "feature_type": "area",
        "level_id": -1,
        "name": "Parking",
        "category": "parking",
        "fill": "#dbdbdb",
        "stroke": "#ffffff",
        "stroke-width": 2
      },
      "geometry": {
        "type": "Polygon",
        "coordinates": [
          [
            [-8.426076294, 43.352359218],
            [-8.426062176, 43.35240525],
            [-8.425915283, 43.352380929],
            [-8.425929062, 43.352333596],
            [-8.426076294, 43.352359218]
          ]
        ]
      }
    },
    {
      "type": "Feature",
      "id": 1115,
      "properties": {
        "feature_type": "area",
        "level_id": -1,
        "name": "Parking",
        "category": "parking",
        "fill": "#dbdbdb",
        "stroke": "#ffffff",
        "stroke-width": 2
      },
      "geometry": {
        "type": "Polygon",
        "coordinates": [
          [
            [-8.426062176, 43.35240525],
            [-8.426048473, 43.352449927],
            [-8.425902244, 43.352425716],
            [-8.425915283, 43.352380929],
            [-8.426062176, 43.35240525]
          ]
        ]
      }
    },
    {
      "type": "Feature",
      "id": 1114,
      "properties": {
        "feature_type": "area",
        "level_id": -1,
        "name": "Parking",
        "category": "parking",
        "fill": "#dbdbdb",
        "stroke": "#ffffff",
        "stroke-width": 2
      },
      "geometry": {
        "type": "Polygon",
        "coordinates": [
          [
            [-8.426048473, 43.352449927],
            [-8.426035813, 43.352491207],
            [-8.425890539, 43.352465926],
            [-8.425902244, 43.352425716],
            [-8.426048473, 43.352449927]
          ]
        ]
      }
    },
    {
      "type": "Feature",
      "id": 1113,
      "properties": {
        "feature_type": "area",
        "level_id": -1,
        "name": "Parking",
        "category": "parking",
        "fill": "#dbdbdb",
        "stroke": "#ffffff",
        "stroke-width": 2
      },
      "geometry": {
        "type": "Polygon",
        "coordinates": [
          [
            [-8.426035813, 43.352491207],
            [-8.426022006, 43.352536225],
            [-8.42587706, 43.352512227],
            [-8.425890539, 43.352465926],
            [-8.426035813, 43.352491207]
          ]
        ]
      }
    },
    {
      "type": "Feature",
      "id": 1112,
      "properties": {
        "feature_type": "area",
        "level_id": -1,
        "name": "Parking",
        "category": "parking",
        "fill": "#dbdbdb",
        "stroke": "#ffffff",
        "stroke-width": 2
      },
      "geometry": {
        "type": "Polygon",
        "coordinates": [
          [
            [-8.426022006, 43.352536225],
            [-8.426008078, 43.352581636],
            [-8.425863808, 43.35255775],
            [-8.42587706, 43.352512227],
            [-8.426022006, 43.352536225]
          ]
        ]
      }
    },
    {
      "type": "Feature",
      "id": 1111,
      "properties": {
        "feature_type": "area",
        "level_id": -1,
        "name": "Parking",
        "category": "parking",
        "fill": "#dbdbdb",
        "stroke": "#ffffff",
        "stroke-width": 2
      },
      "geometry": {
        "type": "Polygon",
        "coordinates": [
          [
            [-8.425996267, 43.352620146],
            [-8.425852016, 43.352598255],
            [-8.425863808, 43.35255775],
            [-8.426008078, 43.352581636],
            [-8.425996267, 43.352620146]
          ]
        ]
      }
    },
    {
      "type": "Feature",
      "id": 1110,
      "properties": {
        "feature_type": "area",
        "level_id": -1,
        "name": "Road",
        "category": "road",
        "fill": "#dbdbdb"
      },
      "geometry": {
        "type": "Polygon",
        "coordinates": [
          [
            [-8.425627988, 43.352640978],
            [-8.425621156, 43.352662164],
            [-8.425547573, 43.352649835],
            [-8.425463118, 43.352635684],
            [-8.425385145, 43.352622726],
            [-8.425304598, 43.35260934],
            [-8.425218409, 43.352595016],
            [-8.425138024, 43.352581657],
            [-8.425058298, 43.352568649],
            [-8.424988309, 43.35255723],
            [-8.424979253, 43.352555551],
            [-8.425068009, 43.352284687],
            [-8.425050636, 43.352281692],
            [-8.424902433, 43.352733976],
            [-8.424751609, 43.352706012],
            [-8.424899303, 43.35225528],
            [-8.424884257, 43.352252517],
            [-8.424938434, 43.352087181],
            [-8.424940841, 43.352052659],
            [-8.424927008, 43.352025281],
            [-8.424886778, 43.35199795],
            [-8.424577701, 43.351945659],
            [-8.424455671, 43.351925013],
            [-8.424419535, 43.351930137],
            [-8.42439458, 43.351953173],
            [-8.424378359, 43.352003625],
            [-8.424353647, 43.352080488],
            [-8.42433074, 43.352151737],
            [-8.424299543, 43.352248768],
            [-8.42438215, 43.352263808],
            [-8.424463701, 43.352278655],
            [-8.424531409, 43.352290983],
            [-8.424543659, 43.352293213],
            [-8.42459318, 43.352302316],
            [-8.424660381, 43.352314668],
            [-8.424728613, 43.35232721],
            [-8.424794026, 43.352339234],
            [-8.42485233, 43.352349951],
            [-8.424782106, 43.352564259],
            [-8.424704388, 43.352552666],
            [-8.424627924, 43.352539039],
            [-8.424551459, 43.352525411],
            [-8.424474995, 43.352511784],
            [-8.42439853, 43.352498157],
            [-8.424322066, 43.35248453],
            [-8.424245602, 43.352470902],
            [-8.424169137, 43.352457275],
            [-8.424092673, 43.352443648],
            [-8.424016208, 43.35243002],
            [-8.423939744, 43.352416393],
            [-8.423863279, 43.352402766],
            [-8.423786815, 43.352389138],
            [-8.423748652, 43.352381705],
            [-8.42376716, 43.352324912],
            [-8.423619334, 43.352298557],
            [-8.423639848, 43.352233338],
            [-8.423776054, 43.352258527],
            [-8.423789767, 43.352217222],
            [-8.423803371, 43.352176245],
            [-8.423818742, 43.352129943],
            [-8.423835277, 43.352080136],
            [-8.423850071, 43.352035457],
            [-8.423862957, 43.351993761],
            [-8.42387567, 43.351952624],
            [-8.423890035, 43.351906144],
            [-8.423905365, 43.351856539],
            [-8.423918251, 43.351814843],
            [-8.423930964, 43.351773705],
            [-8.423945328, 43.351727225],
            [-8.423960658, 43.35167762],
            [-8.423974625, 43.35163128],
            [-8.423987036, 43.351590102],
            [-8.423990911, 43.351577248],
            [-8.424000666, 43.351542556],
            [-8.424015342, 43.351490362],
            [-8.424102836, 43.351505731],
            [-8.424190329, 43.351521101],
            [-8.424266908, 43.351534359],
            [-8.424343486, 43.351547617],
            [-8.424420065, 43.351560876],
            [-8.42449674, 43.351572839],
            [-8.424486498, 43.351604692],
            [-8.424579462, 43.351621282],
            [-8.424656041, 43.35163454],
            [-8.42473262, 43.351647798],
            [-8.424809199, 43.351661057],
            [-8.424885777, 43.351674315],
            [-8.424962356, 43.351687573],
            [-8.425038935, 43.351700831],
            [-8.425067279, 43.351705882],
            [-8.425048699, 43.351764984],
            [-8.425125278, 43.351778242],
            [-8.425201857, 43.3517915],
            [-8.425278436, 43.351804759],
            [-8.425355014, 43.351818017],
            [-8.425431593, 43.351831275],
            [-8.425508172, 43.351844533],
            [-8.425584751, 43.351857791],
            [-8.425661329, 43.35187105],
            [-8.425737908, 43.351884308],
            [-8.425814487, 43.351897566],
            [-8.425891066, 43.351910824],
            [-8.425967645, 43.351924083],
            [-8.426044223, 43.351937341],
            [-8.426120802, 43.351950599],
            [-8.426197522, 43.35196395],
            [-8.426118785, 43.352220673],
            [-8.426150338, 43.352111525],
            [-8.426055587, 43.352095835],
            [-8.425952368, 43.352078743],
            [-8.425854119, 43.352062474],
            [-8.425759646, 43.35204683],
            [-8.425705824, 43.352037917],
            [-8.425643317, 43.352027566],
            [-8.425581883, 43.352017393],
            [-8.425531832, 43.352009105],
            [-8.425483567, 43.352001113],
            [-8.425427008, 43.351991747],
            [-8.42536998, 43.351982304],
            [-8.425315132, 43.351973222],
            [-8.425255878, 43.351964777],
            [-8.425247484, 43.351967959],
            [-8.425243636, 43.351973095],
            [-8.425219515, 43.352053377],
            [-8.425219705, 43.352062185],
            [-8.425224856, 43.352069883],
            [-8.425284075, 43.35207989],
            [-8.425338831, 43.352089317],
            [-8.425395754, 43.352099116],
            [-8.42545353, 43.352109063],
            [-8.425500384, 43.352117129],
            [-8.425550343, 43.35212573],
            [-8.425611664, 43.352136287],
            [-8.425674272, 43.352147065],
            [-8.425727877, 43.352155941],
            [-8.42582235, 43.352171585],
            [-8.4259206, 43.352187855],
            [-8.425911154, 43.352220297],
            [-8.42590767, 43.35223128],
            [-8.425901946, 43.352249293],
            [-8.425895351, 43.352270046],
            [-8.425889731, 43.352287187],
            [-8.425901313, 43.352288987],
            [-8.425896891, 43.35230208],
            [-8.425885469, 43.352300601],
            [-8.425881799, 43.352312694],
            [-8.425878108, 43.352324728],
            [-8.425929062, 43.352333596],
            [-8.425915283, 43.352380929],
            [-8.425902244, 43.352425716],
            [-8.425890539, 43.352465926],
            [-8.42587706, 43.352512227],
            [-8.425863808, 43.35255775],
            [-8.425852016, 43.352598255],
            [-8.425707766, 43.352576365],
            [-8.425668711, 43.352584637],
            [-8.425644626, 43.352608263],
            [-8.425627988, 43.352640978]
          ]
        ]
      }
    },
    {
      "type": "Feature",
      "id": 1109,
      "properties": {
        "feature_type": "area",
        "level_id": -1,
        "name": "Parking",
        "category": "parking",
        "fill": "#dbdbdb",
        "stroke": "#ffffff",
        "stroke-width": 2
      },
      "geometry": {
        "type": "Polygon",
        "coordinates": [
          [
            [-8.425587696, 43.352765928],
            [-8.425517057, 43.352754255],
            [-8.425547573, 43.352649835],
            [-8.425621156, 43.352662164],
            [-8.425587696, 43.352765928]
          ]
        ]
      }
    },
    {
      "type": "Feature",
      "id": 1108,
      "properties": {
        "feature_type": "area",
        "level_id": -1,
        "name": "Parking",
        "category": "parking",
        "fill": "#dbdbdb",
        "stroke": "#ffffff",
        "stroke-width": 2
      },
      "geometry": {
        "type": "Polygon",
        "coordinates": [
          [
            [-8.425517057, 43.352754255],
            [-8.425432545, 43.352740289],
            [-8.425463118, 43.352635684],
            [-8.425547573, 43.352649835],
            [-8.425517057, 43.352754255]
          ]
        ]
      }
    },
    {
      "type": "Feature",
      "id": 1107,
      "properties": {
        "feature_type": "area",
        "level_id": -1,
        "name": "Parking",
        "category": "parking",
        "fill": "#dbdbdb",
        "stroke": "#ffffff",
        "stroke-width": 2
      },
      "geometry": {
        "type": "Polygon",
        "coordinates": [
          [
            [-8.425432545, 43.352740289],
            [-8.425354551, 43.352727401],
            [-8.425385145, 43.352622726],
            [-8.425463118, 43.352635684],
            [-8.425432545, 43.352740289]
          ]
        ]
      }
    },
    {
      "type": "Feature",
      "id": 1106,
      "properties": {
        "feature_type": "area",
        "level_id": -1,
        "name": "Parking",
        "category": "parking",
        "fill": "#dbdbdb",
        "stroke": "#ffffff",
        "stroke-width": 2
      },
      "geometry": {
        "type": "Polygon",
        "coordinates": [
          [
            [-8.425354551, 43.352727401],
            [-8.425271432, 43.352713665],
            [-8.425304598, 43.35260934],
            [-8.425385145, 43.352622726],
            [-8.425354551, 43.352727401]
          ]
        ]
      }
    },
    {
      "type": "Feature",
      "id": 1105,
      "properties": {
        "feature_type": "area",
        "level_id": -1,
        "name": "Parking",
        "category": "parking",
        "fill": "#dbdbdb",
        "stroke": "#ffffff",
        "stroke-width": 2
      },
      "geometry": {
        "type": "Polygon",
        "coordinates": [
          [
            [-8.425271432, 43.352713665],
            [-8.425187771, 43.35269984],
            [-8.425218409, 43.352595016],
            [-8.425304598, 43.35260934],
            [-8.425271432, 43.352713665]
          ]
        ]
      }
    },
    {
      "type": "Feature",
      "id": 1104,
      "properties": {
        "feature_type": "area",
        "level_id": -1,
        "name": "Parking",
        "category": "parking",
        "fill": "#dbdbdb",
        "stroke": "#ffffff",
        "stroke-width": 2
      },
      "geometry": {
        "type": "Polygon",
        "coordinates": [
          [
            [-8.425187771, 43.35269984],
            [-8.425107365, 43.352686553],
            [-8.425138024, 43.352581657],
            [-8.425218409, 43.352595016],
            [-8.425187771, 43.35269984]
          ]
        ]
      }
    },
    {
      "type": "Feature",
      "id": 1103,
      "properties": {
        "feature_type": "area",
        "level_id": -1,
        "name": "Parking",
        "category": "parking",
        "fill": "#dbdbdb",
        "stroke": "#ffffff",
        "stroke-width": 2
      },
      "geometry": {
        "type": "Polygon",
        "coordinates": [
          [
            [-8.425107365, 43.352686553],
            [-8.425027695, 43.352673387],
            [-8.425058298, 43.352568649],
            [-8.425138024, 43.352581657],
            [-8.425107365, 43.352686553]
          ]
        ]
      }
    },
    {
      "type": "Feature",
      "id": 1102,
      "properties": {
        "feature_type": "area",
        "level_id": -1,
        "name": "Parking",
        "category": "parking",
        "fill": "#dbdbdb",
        "stroke": "#ffffff",
        "stroke-width": 2
      },
      "geometry": {
        "type": "Polygon",
        "coordinates": [
          [
            [-8.424950281, 43.352660594],
            [-8.424945145, 43.352659642],
            [-8.424979253, 43.352555551],
            [-8.424988309, 43.35255723],
            [-8.425058298, 43.352568649],
            [-8.425027695, 43.352673387],
            [-8.424950281, 43.352660594]
          ]
        ]
      }
    },
    {
      "type": "Feature",
      "id": 1101,
      "properties": {
        "feature_type": "area",
        "level_id": -1,
        "name": "Exteriorwall",
        "category": "exteriorwall",
        "fill": "#e3e3e3"
      },
      "geometry": {
        "type": "Polygon",
        "coordinates": [
          [
            [-8.424945145, 43.352659642],
            [-8.424950281, 43.352660594],
            [-8.425027695, 43.352673387],
            [-8.425107365, 43.352686553],
            [-8.425187771, 43.35269984],
            [-8.425271432, 43.352713665],
            [-8.425354551, 43.352727401],
            [-8.425432545, 43.352740289],
            [-8.425517057, 43.352754255],
            [-8.425587696, 43.352765928],
            [-8.425621156, 43.352662164],
            [-8.425627988, 43.352640978],
            [-8.425644626, 43.352608263],
            [-8.425668711, 43.352584637],
            [-8.425707766, 43.352576365],
            [-8.425852016, 43.352598255],
            [-8.425996267, 43.352620146],
            [-8.426008078, 43.352581636],
            [-8.426022006, 43.352536225],
            [-8.426035813, 43.352491207],
            [-8.426048473, 43.352449927],
            [-8.426062176, 43.35240525],
            [-8.426076294, 43.352359218],
            [-8.426118785, 43.352220673],
            [-8.426197522, 43.35196395],
            [-8.426229543, 43.351859543],
            [-8.426227574, 43.351857032],
            [-8.426218759, 43.351854995],
            [-8.42615446, 43.351843537],
            [-8.426077996, 43.351829912],
            [-8.426001532, 43.351816286],
            [-8.425925069, 43.351802661],
            [-8.425848606, 43.351789035],
            [-8.425772144, 43.35177541],
            [-8.425695681, 43.351761784],
            [-8.425619217, 43.351748158],
            [-8.425542754, 43.351734533],
            [-8.42546629, 43.351720907],
            [-8.425389827, 43.351707282],
            [-8.425313364, 43.351693656],
            [-8.4252369, 43.35168003],
            [-8.425160437, 43.351666405],
            [-8.425083974, 43.351652779],
            [-8.42505674, 43.351647926],
            [-8.425072193, 43.351594927],
            [-8.425069975, 43.35159228],
            [-8.424996735, 43.351579124],
            [-8.424920306, 43.351565396],
            [-8.424843876, 43.351551667],
            [-8.424767446, 43.351537938],
            [-8.424691017, 43.35152421],
            [-8.424614587, 43.351510481],
            [-8.424562943, 43.351501204],
            [-8.424551639, 43.351494717],
            [-8.42455133, 43.351481998],
            [-8.424554159, 43.351472453],
            [-8.424530491, 43.351468133],
            [-8.424454435, 43.351454251],
            [-8.424377506, 43.35144021],
            [-8.424301148, 43.351426273],
            [-8.424224791, 43.351412336],
            [-8.424138045, 43.351396503],
            [-8.424050735, 43.351380566],
            [-8.423921002, 43.351356887],
            [-8.423915511, 43.351358618],
            [-8.42391336, 43.351363766],
            [-8.423881071, 43.351466424],
            [-8.423864746, 43.351518324],
            [-8.423849862, 43.351565646],
            [-8.423836939, 43.351606732],
            [-8.423822399, 43.351652959],
            [-8.423806687, 43.351702913],
            [-8.42379208, 43.35174935],
            [-8.423779153, 43.35179045],
            [-8.423766171, 43.351831723],
            [-8.423750459, 43.351881677],
            [-8.423735853, 43.351928114],
            [-8.423722925, 43.351969214],
            [-8.423710166, 43.35200978],
            [-8.423695854, 43.352055279],
            [-8.423680142, 43.352105233],
            [-8.423665536, 43.35215167],
            [-8.423652609, 43.352192769],
            [-8.423639848, 43.352233338],
            [-8.423619334, 43.352298557],
            [-8.423580032, 43.352423508],
            [-8.423723572, 43.352451804],
            [-8.423713754, 43.352489956],
            [-8.42382869, 43.352510798],
            [-8.423904444, 43.352524535],
            [-8.423980834, 43.352538388],
            [-8.424057891, 43.352552361],
            [-8.424134283, 43.352566214],
            [-8.424210676, 43.352580066],
            [-8.424286412, 43.3525938],
            [-8.424362807, 43.352607653],
            [-8.424439828, 43.35262162],
            [-8.42451622, 43.352635473],
            [-8.424592613, 43.352649326],
            [-8.424668349, 43.35266306],
            [-8.424740193, 43.352676088],
            [-8.424745161, 43.352677009],
            [-8.42473657, 43.352703224],
            [-8.423520693, 43.35247779],
            [-8.42387238, 43.35132107],
            [-8.425188845, 43.351573322],
            [-8.425168915, 43.351641163],
            [-8.426275394, 43.351841066],
            [-8.425947684, 43.352849338],
            [-8.425776614, 43.352896056],
            [-8.424919736, 43.352737184],
            [-8.424945145, 43.352659642]
          ]
        ]
      }
    },
    {
      "type": "Feature",
      "id": 1100,
      "properties": {
        "feature_type": "area",
        "level_id": 1,
        "name": "Indoorwall",
        "category": "indoorwall",
        "fill": "#e0e0e0"
      },
      "geometry": {
        "type": "Polygon",
        "coordinates": [
          [
            [-8.424712262, 43.352047706],
            [-8.424798059, 43.352064127],
            [-8.424792066, 43.352081431],
            [-8.424784988, 43.352079998],
            [-8.424786504, 43.352075524],
            [-8.424762353, 43.352070912],
            [-8.424753829, 43.352093606],
            [-8.424778618, 43.352098123],
            [-8.424780597, 43.352092261],
            [-8.424785612, 43.352093254],
            [-8.424780399, 43.352108843],
            [-8.42477546, 43.352107639],
            [-8.424776886, 43.352102537],
            [-8.424752443, 43.352098006],
            [-8.424745179, 43.352119958],
            [-8.424769244, 43.352124723],
            [-8.424771623, 43.352118989],
            [-8.424779588, 43.352120626],
            [-8.424771895, 43.35214399],
            [-8.424743087, 43.352138895],
            [-8.424718964, 43.352134629],
            [-8.424686139, 43.352128824],
            [-8.424693936, 43.35210662],
            [-8.424700907, 43.35210782],
            [-8.424699355, 43.352111987],
            [-8.424724381, 43.352116466],
            [-8.424731664, 43.35209528],
            [-8.424706134, 43.352090334],
            [-8.424704573, 43.352095293],
            [-8.42469868, 43.352094004],
            [-8.424703208, 43.352077648],
            [-8.424709114, 43.352078938],
            [-8.424706879, 43.352085811],
            [-8.424733422, 43.352091016],
            [-8.424741309, 43.35206782],
            [-8.42471448, 43.352062601],
            [-8.424712782, 43.352066498],
            [-8.424706516, 43.352065209],
            [-8.424712262, 43.352047706]
          ]
        ]
      }
    },
    {
      "type": "Feature",
      "id": 1099,
      "properties": {
        "feature_type": "area",
        "level_id": 1,
        "name": "Hole",
        "category": "hole",
        "fill": "#999999",
        "fill-opacity": 0.36
      },
      "geometry": {
        "type": "Polygon",
        "coordinates": [
          [
            [-8.425305538, 43.352397292],
            [-8.425307043, 43.352392001],
            [-8.425318696, 43.35235104],
            [-8.425320082, 43.352346167],
            [-8.425326106, 43.352343101],
            [-8.425335729, 43.352343595],
            [-8.425613147, 43.352397125],
            [-8.425617921, 43.352399367],
            [-8.425620248, 43.352408124],
            [-8.425610037, 43.352444482],
            [-8.425606042, 43.35244821],
            [-8.425601677, 43.352449172],
            [-8.425591803, 43.352448978],
            [-8.425320372, 43.35240324],
            [-8.425309113, 43.352400527],
            [-8.425305538, 43.352397292]
          ]
        ]
      }
    },
    {
      "type": "Feature",
      "id": 1098,
      "properties": {
        "feature_type": "area",
        "level_id": 1,
        "name": "Cristalwall",
        "category": "cristalwall",
        "fill": "#cce6ff",
        "fill-opacity": 0.4
      },
      "geometry": {
        "type": "Polygon",
        "coordinates": [
          [
            [-8.425312455, 43.35234952],
            [-8.425313926, 43.352344131],
            [-8.425316767, 43.352340574],
            [-8.425325722, 43.35233798],
            [-8.425336872, 43.352338811],
            [-8.425619672, 43.352393384],
            [-8.425624097, 43.352397299],
            [-8.425626232, 43.352403131],
            [-8.425626911, 43.352408704],
            [-8.425615515, 43.352448872],
            [-8.425609192, 43.352452591],
            [-8.425599358, 43.352454759],
            [-8.425590339, 43.352453708],
            [-8.425312243, 43.352406834],
            [-8.425302489, 43.352403642],
            [-8.425298613, 43.352397862],
            [-8.425300696, 43.352391046],
            [-8.425307043, 43.352392001],
            [-8.425305538, 43.352397292],
            [-8.425309113, 43.352400527],
            [-8.425320372, 43.35240324],
            [-8.425591803, 43.352448978],
            [-8.425601677, 43.352449172],
            [-8.425606042, 43.35244821],
            [-8.425610037, 43.352444482],
            [-8.425620248, 43.352408124],
            [-8.425617921, 43.352399367],
            [-8.425613147, 43.352397125],
            [-8.425335729, 43.352343595],
            [-8.425326106, 43.352343101],
            [-8.425320082, 43.352346167],
            [-8.425318696, 43.35235104],
            [-8.425312455, 43.35234952]
          ]
        ]
      }
    },
    {
      "type": "Feature",
      "id": 1097,
      "properties": {
        "feature_type": "area",
        "level_id": 1,
        "name": "Hole",
        "category": "hole",
        "fill": "#999999",
        "fill-opacity": 0.36
      },
      "geometry": {
        "type": "Polygon",
        "coordinates": [
          [
            [-8.424031933, 43.352085824],
            [-8.424034722, 43.3520767],
            [-8.424046204, 43.352035239],
            [-8.424047901, 43.352029594],
            [-8.424052917, 43.352025468],
            [-8.424062176, 43.352024329],
            [-8.424257385, 43.352058392],
            [-8.424262994, 43.352062834],
            [-8.424264694, 43.352070919],
            [-8.424247467, 43.352124496],
            [-8.424239203, 43.352128107],
            [-8.424230746, 43.352128785],
            [-8.424041761, 43.352095239],
            [-8.424037364, 43.352092536],
            [-8.424031933, 43.352085824]
          ]
        ]
      }
    },
    {
      "type": "Feature",
      "id": 1096,
      "properties": {
        "feature_type": "area",
        "level_id": 1,
        "name": "Cristalwall",
        "category": "cristalwall",
        "fill": "#cce6ff",
        "fill-opacity": 0.4
      },
      "geometry": {
        "type": "Polygon",
        "coordinates": [
          [
            [-8.424025099, 43.352085198],
            [-8.424028107, 43.352075552],
            [-8.424034722, 43.3520767],
            [-8.424031933, 43.352085824],
            [-8.424037364, 43.352092536],
            [-8.424041761, 43.352095239],
            [-8.424230746, 43.352128785],
            [-8.424239203, 43.352128107],
            [-8.424247467, 43.352124496],
            [-8.424264694, 43.352070919],
            [-8.424262994, 43.352062834],
            [-8.424257385, 43.352058392],
            [-8.424062176, 43.352024329],
            [-8.424052917, 43.352025468],
            [-8.424047901, 43.352029594],
            [-8.424046204, 43.352035239],
            [-8.424039787, 43.352034143],
            [-8.424042405, 43.352025432],
            [-8.424050405, 43.352020707],
            [-8.424062413, 43.352019395],
            [-8.424261195, 43.352054082],
            [-8.424269445, 43.352060923],
            [-8.424271369, 43.352071195],
            [-8.424253221, 43.35212764],
            [-8.424241386, 43.352132814],
            [-8.424230368, 43.352133698],
            [-8.42403609, 43.352099215],
            [-8.424029592, 43.352093013],
            [-8.424025099, 43.352085198]
          ]
        ]
      }
    },
    {
      "type": "Feature",
      "id": 1095,
      "properties": {
        "feature_type": "area",
        "level_id": 1,
        "name": "Hole",
        "category": "hole",
        "fill": "#999999",
        "fill-opacity": 0.36
      },
      "geometry": {
        "type": "Polygon",
        "coordinates": [
          [
            [-8.424702908, 43.352033617],
            [-8.424700957, 43.35202904],
            [-8.424706309, 43.352006514],
            [-8.424708582, 43.35199895],
            [-8.42471537, 43.351995004],
            [-8.424719044, 43.351983807],
            [-8.424712432, 43.351957782],
            [-8.424711935, 43.351950734],
            [-8.424730955, 43.351875435],
            [-8.42474637, 43.351814277],
            [-8.424749214, 43.351811752],
            [-8.424761674, 43.351816526],
            [-8.424768473, 43.351822534],
            [-8.424809415, 43.351890202],
            [-8.424833816, 43.351929516],
            [-8.424836071, 43.35193873],
            [-8.424836491, 43.351952563],
            [-8.424818181, 43.352012689],
            [-8.42481676, 43.352017416],
            [-8.424806374, 43.352047433],
            [-8.424800927, 43.3520514],
            [-8.424794268, 43.352052488],
            [-8.424706864, 43.352035759],
            [-8.424702908, 43.352033617]
          ]
        ]
      }
    },
    {
      "type": "Feature",
      "id": 1094,
      "properties": {
        "feature_type": "area",
        "level_id": 1,
        "name": "Cristalwall",
        "category": "cristalwall",
        "fill": "#cce6ff",
        "fill-opacity": 0.4
      },
      "geometry": {
        "type": "Polygon",
        "coordinates": [
          [
            [-8.42469994, 43.352005245],
            [-8.424702108, 43.351997845],
            [-8.424709603, 43.351992871],
            [-8.424711788, 43.351983154],
            [-8.424709119, 43.351973061],
            [-8.424705495, 43.351958082],
            [-8.424705353, 43.351950028],
            [-8.424739698, 43.351814525],
            [-8.424740485, 43.351809806],
            [-8.424742476, 43.351807443],
            [-8.424745076, 43.351806686],
            [-8.424751324, 43.351806993],
            [-8.424766528, 43.35181296],
            [-8.424774123, 43.351820017],
            [-8.424826841, 43.351907153],
            [-8.424840578, 43.351928775],
            [-8.424843426, 43.351942061],
            [-8.424843042, 43.35195321],
            [-8.424823161, 43.352018509],
            [-8.424812344, 43.352049866],
            [-8.424805189, 43.352055237],
            [-8.424794622, 43.35205736],
            [-8.424701635, 43.35203905],
            [-8.424695871, 43.35203391],
            [-8.424695129, 43.352027903],
            [-8.424700957, 43.35202904],
            [-8.424702908, 43.352033617],
            [-8.424706864, 43.352035759],
            [-8.424794268, 43.352052488],
            [-8.424800927, 43.3520514],
            [-8.424806374, 43.352047433],
            [-8.42481676, 43.352017416],
            [-8.424818181, 43.352012689],
            [-8.424836491, 43.351952563],
            [-8.424836071, 43.35193873],
            [-8.424833816, 43.351929516],
            [-8.424809415, 43.351890202],
            [-8.424768473, 43.351822534],
            [-8.424761674, 43.351816526],
            [-8.424749214, 43.351811752],
            [-8.42474637, 43.351814277],
            [-8.424730955, 43.351875435],
            [-8.424711935, 43.351950734],
            [-8.424712432, 43.351957782],
            [-8.424719044, 43.351983807],
            [-8.42471537, 43.351995004],
            [-8.424708582, 43.35199895],
            [-8.424706309, 43.352006514],
            [-8.42469994, 43.352005245]
          ]
        ]
      }
    },
    {
      "type": "Feature",
      "id": 1084,
      "properties": {
        "feature_type": "area",
        "level_id": 1,
        "name": "Indoorwall",
        "category": "indoorwall",
        "fill": "#e0e0e0"
      },
      "geometry": {
        "type": "Polygon",
        "coordinates": [
          [
            [-8.42588913, 43.352286859],
            [-8.42589455, 43.352269804],
            [-8.425909702, 43.352272378],
            [-8.425923644, 43.352274747],
            [-8.425935616, 43.352276781],
            [-8.425949789, 43.35227919],
            [-8.425974313, 43.352283357],
            [-8.425961202, 43.352326337],
            [-8.425880998, 43.352312452],
            [-8.425884868, 43.352300273],
            [-8.425896089, 43.352301838],
            [-8.425893735, 43.352308214],
            [-8.425939835, 43.352316041],
            [-8.425949669, 43.352287886],
            [-8.425903492, 43.35227951],
            [-8.425900512, 43.352288745],
            [-8.42588913, 43.352286859]
          ]
        ]
      }
    },
    {
      "type": "Feature",
      "id": 1066,
      "properties": {
        "feature_type": "area",
        "level_id": 1,
        "name": "Indoorwall",
        "category": "indoorwall",
        "fill": "#e0e0e0"
      },
      "geometry": {
        "type": "Polygon",
        "coordinates": [
          [
            [-8.426125351, 43.352220923],
            [-8.426086574, 43.352348043],
            [-8.425961202, 43.352326337],
            [-8.425974313, 43.352283357],
            [-8.425987344, 43.352245697],
            [-8.425961231, 43.352240941],
            [-8.425947924, 43.352238517],
            [-8.425935997, 43.352236344],
            [-8.425922108, 43.352233814],
            [-8.425906868, 43.352231038],
            [-8.425921307, 43.352185597],
            [-8.426125351, 43.352220923]
          ]
        ]
      }
    },
    {
      "type": "Feature",
      "id": 1063,
      "properties": {
        "feature_type": "area",
        "level_id": 1,
        "name": "Exteriorwall",
        "category": "exteriorwall",
        "fill": "#e3e3e3"
      },
      "geometry": {
        "type": "Polygon",
        "coordinates": [
          [
            [-8.426240192, 43.351851842],
            [-8.426242414, 43.351859287],
            [-8.426025325, 43.352570947],
            [-8.425967238, 43.352658293],
            [-8.425832295, 43.352613741],
            [-8.425640174, 43.352642987],
            [-8.425596872, 43.35277728],
            [-8.425308952, 43.35272648],
            [-8.425211703, 43.352775206],
            [-8.425044115, 43.352743277],
            [-8.425061824, 43.352689951],
            [-8.424939007, 43.352668093],
            [-8.424955172, 43.352613574],
            [-8.424789949, 43.352583435],
            [-8.424753689, 43.352688292],
            [-8.423697892, 43.352496837],
            [-8.423707757, 43.352458498],
            [-8.423563744, 43.352430104],
            [-8.423902005, 43.351354681],
            [-8.423909033, 43.351348108],
            [-8.423920741, 43.351346649],
            [-8.424563111, 43.351463896],
            [-8.424566861, 43.351466727],
            [-8.424567464, 43.351470714],
            [-8.424562858, 43.351486219],
            [-8.424563407, 43.351489261],
            [-8.42456809, 43.351491945],
            [-8.425075268, 43.351583053],
            [-8.425083349, 43.351587853],
            [-8.425085004, 43.35159477],
            [-8.425071708, 43.351640417],
            [-8.425300416, 43.35168117],
            [-8.426231014, 43.351846993],
            [-8.426240192, 43.351851842]
          ]
        ]
      }
    },
    {
      "type": "Feature",
      "id": 1060,
      "properties": {
        "feature_type": "area",
        "level_id": 0,
        "name": "Furniture",
        "category": "furniture",
        "fill": "#b0c6da"
      },
      "geometry": {
        "type": "Polygon",
        "coordinates": [
          [
            [-8.425650293, 43.352420099],
            [-8.42564298, 43.352444776],
            [-8.425614254, 43.352439796],
            [-8.425621218, 43.352415203],
            [-8.425650293, 43.352420099]
          ]
        ]
      }
    },
    {
      "type": "Feature",
      "id": 1059,
      "properties": {
        "feature_type": "area",
        "level_id": 0,
        "name": "Furniture",
        "category": "furniture",
        "fill": "#b0c6da"
      },
      "geometry": {
        "type": "Polygon",
        "coordinates": [
          [
            [-8.424754139, 43.35196401],
            [-8.424745996, 43.351988539],
            [-8.424717439, 43.351983035],
            [-8.424725231, 43.351958582],
            [-8.424754139, 43.35196401]
          ]
        ]
      }
    },
    {
      "type": "Feature",
      "id": 1058,
      "properties": {
        "feature_type": "area",
        "level_id": 0,
        "name": "Cristalwall",
        "category": "cristalwall",
        "fill": "#cce6ff",
        "fill-opacity": 0.4
      },
      "geometry": {
        "type": "Polygon",
        "coordinates": [
          [
            [-8.424745996, 43.351988539],
            [-8.424754139, 43.35196401],
            [-8.424760258, 43.351945179],
            [-8.424765844, 43.351946253],
            [-8.424752078, 43.351986161],
            [-8.424809124, 43.351997273],
            [-8.424807973, 43.352000611],
            [-8.424745996, 43.351988539]
          ]
        ]
      }
    },
    {
      "type": "Feature",
      "id": 1057,
      "properties": {
        "feature_type": "area",
        "level_id": 0,
        "name": "Hole",
        "category": "hole",
        "fill": "#999999",
        "fill-opacity": 0.36
      },
      "geometry": {
        "type": "Polygon",
        "coordinates": [
          [
            [-8.424146294, 43.352089726],
            [-8.424144046, 43.352091672],
            [-8.424139798, 43.352092005],
            [-8.424021837, 43.352070767],
            [-8.424017069, 43.352068246],
            [-8.424017964, 43.352065323],
            [-8.424025554, 43.352040538],
            [-8.424026521, 43.352037379],
            [-8.424032183, 43.352035713],
            [-8.424144786, 43.352057048],
            [-8.424152781, 43.352058886],
            [-8.424155261, 43.352062898],
            [-8.424146294, 43.352089726]
          ]
        ]
      }
    },
    {
      "type": "Feature",
      "id": 1056,
      "properties": {
        "feature_type": "area",
        "level_id": 0,
        "name": "Cristalwall",
        "category": "cristalwall",
        "fill": "#cce6ff",
        "fill-opacity": 0.4
      },
      "geometry": {
        "type": "Polygon",
        "coordinates": [
          [
            [-8.424010463, 43.352067512],
            [-8.424011642, 43.352064091],
            [-8.424017964, 43.352065323],
            [-8.424017069, 43.352068246],
            [-8.424021837, 43.352070767],
            [-8.424139798, 43.352092005],
            [-8.424144046, 43.352091672],
            [-8.424146294, 43.352089726],
            [-8.424153091, 43.352090953],
            [-8.424147274, 43.352096302],
            [-8.424139422, 43.352096919],
            [-8.424015926, 43.352074686],
            [-8.42401065, 43.352071367],
            [-8.424010463, 43.352067512]
          ]
        ]
      }
    },
    {
      "type": "Feature",
      "id": 1055,
      "properties": {
        "feature_type": "area",
        "level_id": 0,
        "name": "Cristalwall",
        "category": "cristalwall",
        "fill": "#cce6ff",
        "fill-opacity": 0.4
      },
      "geometry": {
        "type": "Polygon",
        "coordinates": [
          [
            [-8.424160491, 43.35205756],
            [-8.424161659, 43.352064052],
            [-8.424155261, 43.352062898],
            [-8.424152781, 43.352058886],
            [-8.424144786, 43.352057048],
            [-8.424032183, 43.352035713],
            [-8.424026521, 43.352037379],
            [-8.424025554, 43.352040538],
            [-8.424019176, 43.352039295],
            [-8.424020499, 43.352035011],
            [-8.424024103, 43.352031501],
            [-8.424032575, 43.35203079],
            [-8.424155314, 43.35205405],
            [-8.424160491, 43.35205756]
          ]
        ]
      }
    },
    {
      "type": "Feature",
      "id": 1054,
      "properties": {
        "feature_type": "area",
        "level_id": 0,
        "name": "Hole",
        "category": "hole",
        "fill": "#999999",
        "fill-opacity": 0.36
      },
      "geometry": {
        "type": "Polygon",
        "coordinates": [
          [
            [-8.424826162, 43.352054851],
            [-8.424823914, 43.352056798],
            [-8.424819666, 43.35205713],
            [-8.424701705, 43.352035892],
            [-8.424696937, 43.352033371],
            [-8.424697832, 43.352030448],
            [-8.424705422, 43.352005663],
            [-8.424706389, 43.352002504],
            [-8.424712051, 43.352000838],
            [-8.424824654, 43.352022173],
            [-8.424832648, 43.352024011],
            [-8.424835129, 43.352028023],
            [-8.424826162, 43.352054851]
          ]
        ]
      }
    },
    {
      "type": "Feature",
      "id": 1053,
      "properties": {
        "feature_type": "area",
        "level_id": 0,
        "name": "Cristalwall",
        "category": "cristalwall",
        "fill": "#cce6ff",
        "fill-opacity": 0.4
      },
      "geometry": {
        "type": "Polygon",
        "coordinates": [
          [
            [-8.42469033, 43.352032637],
            [-8.42469151, 43.352029216],
            [-8.424697832, 43.352030448],
            [-8.424696937, 43.352033371],
            [-8.424701705, 43.352035892],
            [-8.424819666, 43.35205713],
            [-8.424823914, 43.352056798],
            [-8.424826162, 43.352054851],
            [-8.424832959, 43.352056078],
            [-8.424827142, 43.352061427],
            [-8.42481929, 43.352062044],
            [-8.424695794, 43.352039811],
            [-8.424690518, 43.352036492],
            [-8.42469033, 43.352032637]
          ]
        ]
      }
    },
    {
      "type": "Feature",
      "id": 1052,
      "properties": {
        "feature_type": "area",
        "level_id": 0,
        "name": "Cristalwall",
        "category": "cristalwall",
        "fill": "#cce6ff",
        "fill-opacity": 0.4
      },
      "geometry": {
        "type": "Polygon",
        "coordinates": [
          [
            [-8.424840359, 43.352022686],
            [-8.424841527, 43.352029177],
            [-8.424835129, 43.352028023],
            [-8.424832648, 43.352024011],
            [-8.424824654, 43.352022173],
            [-8.424712051, 43.352000838],
            [-8.424706389, 43.352002504],
            [-8.424705422, 43.352005663],
            [-8.424699044, 43.352004421],
            [-8.424700367, 43.352000136],
            [-8.424703971, 43.351996626],
            [-8.424712443, 43.351995915],
            [-8.424835182, 43.352019175],
            [-8.424840359, 43.352022686]
          ]
        ]
      }
    },
    {
      "type": "Feature",
      "id": 1051,
      "properties": {
        "feature_type": "area",
        "level_id": 0,
        "name": "Furniture",
        "category": "furniture",
        "fill": "#b0c6da"
      },
      "geometry": {
        "type": "Polygon",
        "coordinates": [
          [
            [-8.425399944, 43.351651117],
            [-8.425394254, 43.351668034],
            [-8.425271598, 43.351646014],
            [-8.425278078, 43.351628327],
            [-8.425399944, 43.351651117]
          ]
        ]
      }
    },
    {
      "type": "Feature",
      "id": 1050,
      "properties": {
        "feature_type": "area",
        "level_id": 0,
        "name": "Playground",
        "category": "playground",
        "fill": "#e8ffd1"
      },
      "geometry": {
        "type": "Polygon",
        "coordinates": [
          [
            [-8.425633319, 43.352821788],
            [-8.425681922, 43.352680894],
            [-8.425818689, 43.352653412],
            [-8.42608418, 43.352704078],
            [-8.426025841, 43.352896559],
            [-8.425633319, 43.352821788]
          ]
        ]
      }
    },
    {
      "type": "Feature",
      "id": 1049,
      "properties": {
        "feature_type": "area",
        "level_id": 0,
        "name": "Hole",
        "category": "hole",
        "fill": "#999999",
        "fill-opacity": 0.36
      },
      "geometry": {
        "type": "Polygon",
        "coordinates": [
          [
            [-8.425399794, 43.352403066],
            [-8.425397546, 43.352405012],
            [-8.425393298, 43.352405345],
            [-8.425275338, 43.352384107],
            [-8.42527057, 43.352381586],
            [-8.425271465, 43.352378663],
            [-8.425279054, 43.352353878],
            [-8.425280022, 43.352350719],
            [-8.425285683, 43.352349053],
            [-8.425398287, 43.352370388],
            [-8.425406281, 43.352372226],
            [-8.425408762, 43.352376238],
            [-8.425399794, 43.352403066]
          ]
        ]
      }
    },
    {
      "type": "Feature",
      "id": 1048,
      "properties": {
        "feature_type": "area",
        "level_id": 0,
        "name": "Cristalwall",
        "category": "cristalwall",
        "fill": "#cce6ff",
        "fill-opacity": 0.4
      },
      "geometry": {
        "type": "Polygon",
        "coordinates": [
          [
            [-8.425263963, 43.352380852],
            [-8.425265143, 43.352377431],
            [-8.425271465, 43.352378663],
            [-8.42527057, 43.352381586],
            [-8.425275338, 43.352384107],
            [-8.425393298, 43.352405345],
            [-8.425397546, 43.352405012],
            [-8.425399794, 43.352403066],
            [-8.425406592, 43.352404293],
            [-8.425400775, 43.352409642],
            [-8.425392923, 43.352410259],
            [-8.425269427, 43.352388026],
            [-8.425264151, 43.352384707],
            [-8.425263963, 43.352380852]
          ]
        ]
      }
    },
    {
      "type": "Feature",
      "id": 1047,
      "properties": {
        "feature_type": "area",
        "level_id": 0,
        "name": "Cristalwall",
        "category": "cristalwall",
        "fill": "#cce6ff",
        "fill-opacity": 0.4
      },
      "geometry": {
        "type": "Polygon",
        "coordinates": [
          [
            [-8.425413991, 43.352370901],
            [-8.42541516, 43.352377392],
            [-8.425408762, 43.352376238],
            [-8.425406281, 43.352372226],
            [-8.425398287, 43.352370388],
            [-8.425285683, 43.352349053],
            [-8.425280022, 43.352350719],
            [-8.425279054, 43.352353878],
            [-8.425272676, 43.352352636],
            [-8.425273999, 43.352348351],
            [-8.425277604, 43.352344841],
            [-8.425286076, 43.352344131],
            [-8.425408814, 43.35236739],
            [-8.425413991, 43.352370901]
          ]
        ]
      }
    },
    {
      "type": "Feature",
      "id": 1046,
      "properties": {
        "feature_type": "area",
        "level_id": 0,
        "name": "Furniture",
        "category": "furniture",
        "fill": "#b0c6da"
      },
      "geometry": {
        "type": "Polygon",
        "coordinates": [
          [
            [-8.424718964, 43.352134629],
            [-8.424743087, 43.352138895],
            [-8.424739934, 43.352149457],
            [-8.424715658, 43.352145229],
            [-8.424718964, 43.352134629]
          ]
        ]
      }
    },
    {
      "type": "Feature",
      "id": 1045,
      "properties": {
        "feature_type": "area",
        "level_id": 0,
        "name": "Indoorwall",
        "category": "indoorwall",
        "fill": "#e0e0e0"
      },
      "geometry": {
        "type": "Polygon",
        "coordinates": [
          [
            [-8.424712262, 43.352047706],
            [-8.424798059, 43.352064127],
            [-8.424792066, 43.352081431],
            [-8.424784988, 43.352079998],
            [-8.424786504, 43.352075524],
            [-8.424762353, 43.352070912],
            [-8.424753829, 43.352093606],
            [-8.424778618, 43.352098123],
            [-8.424780597, 43.352092261],
            [-8.424785612, 43.352093254],
            [-8.424780399, 43.352108843],
            [-8.42477546, 43.352107639],
            [-8.424776886, 43.352102537],
            [-8.424752443, 43.352098006],
            [-8.424745179, 43.352119958],
            [-8.424769244, 43.352124723],
            [-8.424771623, 43.352118989],
            [-8.424779588, 43.352120626],
            [-8.424771895, 43.35214399],
            [-8.424743087, 43.352138895],
            [-8.424718964, 43.352134629],
            [-8.424686139, 43.352128824],
            [-8.424693936, 43.35210662],
            [-8.424700907, 43.35210782],
            [-8.424699355, 43.352111987],
            [-8.424724381, 43.352116466],
            [-8.424731664, 43.35209528],
            [-8.424706134, 43.352090334],
            [-8.424704573, 43.352095293],
            [-8.42469868, 43.352094004],
            [-8.424703208, 43.352077648],
            [-8.424709114, 43.352078938],
            [-8.424706879, 43.352085811],
            [-8.424733422, 43.352091016],
            [-8.424741309, 43.35206782],
            [-8.42471448, 43.352062601],
            [-8.424712782, 43.352066498],
            [-8.424706516, 43.352065209],
            [-8.424712262, 43.352047706]
          ]
        ]
      }
    },
    {
      "type": "Feature",
      "id": 1032,
      "properties": {
        "feature_type": "area",
        "level_id": 0,
        "name": "Indoorwall",
        "category": "indoorwall",
        "fill": "#e0e0e0"
      },
      "geometry": {
        "type": "Polygon",
        "coordinates": [
          [
            [-8.425889731, 43.352287187],
            [-8.425895151, 43.352270131],
            [-8.425910303, 43.352272706],
            [-8.425924245, 43.352275075],
            [-8.425936217, 43.352277109],
            [-8.42595039, 43.352279517],
            [-8.425974915, 43.352283684],
            [-8.425961803, 43.352326665],
            [-8.425881599, 43.352312779],
            [-8.425885469, 43.352300601],
            [-8.425896691, 43.352302165],
            [-8.425894336, 43.352308542],
            [-8.425940436, 43.352316368],
            [-8.42595027, 43.352288214],
            [-8.425904093, 43.352279838],
            [-8.425901113, 43.352289072],
            [-8.425889731, 43.352287187]
          ]
        ]
      }
    },
    {
      "type": "Feature",
      "id": 1012,
      "properties": {
        "feature_type": "area",
        "level_id": 0,
        "name": "Indoorwall",
        "category": "indoorwall",
        "fill": "#e0e0e0"
      },
      "geometry": {
        "type": "Polygon",
        "coordinates": [
          [
            [-8.426125952, 43.352221251],
            [-8.426087175, 43.352348371],
            [-8.425961803, 43.352326665],
            [-8.425974915, 43.352283684],
            [-8.425987945, 43.352246025],
            [-8.425961832, 43.352241268],
            [-8.425948525, 43.352238844],
            [-8.425936598, 43.352236672],
            [-8.425922709, 43.352234142],
            [-8.425907469, 43.352231366],
            [-8.425921908, 43.352185925],
            [-8.426125952, 43.352221251]
          ]
        ]
      }
    },
    {
      "type": "Feature",
      "id": 1007,
      "properties": {
        "feature_type": "area",
        "level_id": 0,
        "name": "Exteriorwall",
        "category": "exteriorwall",
        "fill": "#e3e3e3"
      },
      "geometry": {
        "type": "Polygon",
        "coordinates": [
          [
            [-8.424793667, 43.351532687],
            [-8.425075869, 43.351583381],
            [-8.42508395, 43.351588181],
            [-8.425085605, 43.351595098],
            [-8.425072309, 43.351640744],
            [-8.425301017, 43.351681498],
            [-8.425299551, 43.351686216],
            [-8.425064523, 43.351644335],
            [-8.425077924, 43.351598351],
            [-8.425076463, 43.351591018],
            [-8.425068638, 43.351587065],
            [-8.424797019, 43.351538273],
            [-8.424792173, 43.351537402],
            [-8.424793667, 43.351532687]
          ]
        ]
      }
    },
    {
      "type": "Feature",
      "id": 1006,
      "properties": {
        "feature_type": "area",
        "level_id": 0,
        "name": "Cristalwall",
        "category": "cristalwall",
        "fill": "#cce6ff",
        "fill-opacity": 0.4
      },
      "geometry": {
        "type": "Polygon",
        "coordinates": [
          [
            [-8.424718158, 43.351519122],
            [-8.424793667, 43.351532687],
            [-8.424792173, 43.351537402],
            [-8.424716664, 43.351523836],
            [-8.424718158, 43.351519122]
          ]
        ]
      }
    },
    {
      "type": "Feature",
      "id": 1005,
      "properties": {
        "feature_type": "area",
        "level_id": 0,
        "name": "Acera",
        "category": "acera",
        "fill": "#f6f6f4"
      },
      "geometry": {
        "type": "Polygon",
        "coordinates": [
          [
            [-8.424567462, 43.351467054],
            [-8.424563712, 43.351464223],
            [-8.424565538, 43.351461523],
            [-8.424570258, 43.351459452],
            [-8.424574841, 43.351459417],
            [-8.425032713, 43.351542275],
            [-8.42505259, 43.351531114],
            [-8.425159762, 43.351549619],
            [-8.425171486, 43.351553806],
            [-8.425181944, 43.351560837],
            [-8.425192043, 43.351571797],
            [-8.425195214, 43.351581338],
            [-8.425197031, 43.351587315],
            [-8.425204591, 43.351591375],
            [-8.425444836, 43.351633963],
            [-8.425453853, 43.351632726],
            [-8.425460523, 43.351627704],
            [-8.425468659, 43.35161793],
            [-8.4254757, 43.351612503],
            [-8.425487708, 43.351611814],
            [-8.425580133, 43.351629817],
            [-8.4255496, 43.351725793],
            [-8.425301017, 43.351681498],
            [-8.425072309, 43.351640744],
            [-8.425085605, 43.351595098],
            [-8.42508395, 43.351588181],
            [-8.425075869, 43.351583381],
            [-8.424793667, 43.351532687],
            [-8.424718158, 43.351519122],
            [-8.424568691, 43.351492272],
            [-8.424564008, 43.351489589],
            [-8.424563459, 43.351486546],
            [-8.424568065, 43.351471041],
            [-8.424567462, 43.351467054]
          ]
        ]
      }
    },
    {
      "type": "Feature",
      "id": 1004,
      "properties": {
        "feature_type": "area",
        "level_id": 0,
        "name": "Exteriorwall",
        "category": "exteriorwall",
        "fill": "#e3e3e3"
      },
      "geometry": {
        "type": "Polygon",
        "coordinates": [
          [
            [-8.425341182, 43.352732388],
            [-8.425309553, 43.352726807],
            [-8.425255429, 43.352753926],
            [-8.425212304, 43.352775533],
            [-8.425044716, 43.352743604],
            [-8.425062425, 43.352690279],
            [-8.424939608, 43.352668421],
            [-8.424955773, 43.352613901],
            [-8.42479055, 43.352583763],
            [-8.42475429, 43.35268862],
            [-8.423698493, 43.352497165],
            [-8.423708358, 43.352458825],
            [-8.423564345, 43.352430432],
            [-8.423902606, 43.351355008],
            [-8.423909634, 43.351348436],
            [-8.423921342, 43.351346977],
            [-8.424563712, 43.351464223],
            [-8.424567462, 43.351467054],
            [-8.424568065, 43.351471041],
            [-8.424563459, 43.351486546],
            [-8.424564008, 43.351489589],
            [-8.424568691, 43.351492272],
            [-8.424718158, 43.351519122],
            [-8.424716664, 43.351523836],
            [-8.424709256, 43.351522506],
            [-8.424554307, 43.351494673],
            [-8.424560567, 43.351473591],
            [-8.424559232, 43.351469197],
            [-8.424553782, 43.351467398],
            [-8.424375265, 43.351434814],
            [-8.424229722, 43.351408249],
            [-8.423924976, 43.351352625],
            [-8.423913726, 43.351353796],
            [-8.423907947, 43.351359524],
            [-8.423859195, 43.351514518],
            [-8.423824026, 43.351626326],
            [-8.423772523, 43.351790067],
            [-8.423730581, 43.351923408],
            [-8.423683889, 43.352071852],
            [-8.423572188, 43.352426971],
            [-8.423715966, 43.352455314],
            [-8.423706124, 43.35249356],
            [-8.424226468, 43.352587918],
            [-8.424360601, 43.352612242],
            [-8.424749517, 43.352682767],
            [-8.424785775, 43.352577908],
            [-8.424881664, 43.352595399],
            [-8.424963572, 43.352610339],
            [-8.424947414, 43.352664831],
            [-8.425070386, 43.352686715],
            [-8.42505265, 43.352740116],
            [-8.425211018, 43.352770286],
            [-8.425308205, 43.352721593],
            [-8.425342579, 43.352727548],
            [-8.425341182, 43.352732388]
          ]
        ]
      }
    },
    {
      "type": "Feature",
      "id": 1003,
      "properties": {
        "feature_type": "area",
        "level_id": 0,
        "name": "Grass",
        "category": "grass",
        "fill": "#f6f6f4"
      },
      "geometry": {
        "type": "Polygon",
        "coordinates": [
          [
            [-8.425341182, 43.352732388],
            [-8.425352816, 43.352734441],
            [-8.425349116, 43.352742817],
            [-8.425341517, 43.352752055],
            [-8.425325317, 43.352759052],
            [-8.42530232, 43.352763673],
            [-8.425255429, 43.352753926],
            [-8.425309553, 43.352726807],
            [-8.425341182, 43.352732388]
          ]
        ]
      }
    },
    {
      "type": "Feature",
      "id": 1002,
      "properties": {
        "feature_type": "area",
        "level_id": 0,
        "name": "Cristalwall",
        "category": "cristalwall",
        "fill": "#cce6ff",
        "fill-opacity": 0.4
      },
      "geometry": {
        "type": "Polygon",
        "coordinates": [
          [
            [-8.425429208, 43.352747919],
            [-8.425412972, 43.352745055],
            [-8.425352816, 43.352734441],
            [-8.425341182, 43.352732388],
            [-8.425342579, 43.352727548],
            [-8.425431, 43.352742724],
            [-8.425429208, 43.352747919]
          ]
        ]
      }
    },
    {
      "type": "Feature",
      "id": 1001,
      "properties": {
        "feature_type": "area",
        "level_id": 0,
        "name": "Grass",
        "category": "grass",
        "fill": "#f6f6f4"
      },
      "geometry": {
        "type": "Polygon",
        "coordinates": [
          [
            [-8.426025926, 43.352571274],
            [-8.42613203, 43.352223446],
            [-8.426224976, 43.352239538],
            [-8.42608418, 43.352704078],
            [-8.425818689, 43.352653412],
            [-8.425681922, 43.352680894],
            [-8.425633319, 43.352821788],
            [-8.425431267, 43.35278684],
            [-8.42541693, 43.352776423],
            [-8.425410282, 43.352763361],
            [-8.425410106, 43.352753365],
            [-8.425412972, 43.352745055],
            [-8.425429208, 43.352747919],
            [-8.425597473, 43.352777607],
            [-8.425640775, 43.352643315],
            [-8.425832896, 43.352614069],
            [-8.42596784, 43.352658621],
            [-8.426025926, 43.352571274]
          ]
        ]
      }
    },
    {
      "type": "Feature",
      "id": 1000,
      "properties": {
        "feature_type": "area",
        "level_id": 0,
        "name": "Exteriorwall",
        "category": "exteriorwall",
        "fill": "#e3e3e3"
      },
      "geometry": {
        "type": "Polygon",
        "coordinates": [
          [
            [-8.426240793, 43.351852169],
            [-8.426243015, 43.351859614],
            [-8.42613203, 43.352223446],
            [-8.426025926, 43.352571274],
            [-8.42596784, 43.352658621],
            [-8.425832896, 43.352614069],
            [-8.425640775, 43.352643315],
            [-8.425597473, 43.352777607],
            [-8.425429208, 43.352747919],
            [-8.425431, 43.352742724],
            [-8.425455975, 43.352747213],
            [-8.425592585, 43.352771768],
            [-8.425635063, 43.352639369],
            [-8.425833581, 43.352609001],
            [-8.425964706, 43.352652288],
            [-8.426019686, 43.352569613],
            [-8.426048398, 43.35247549],
            [-8.426087175, 43.352348371],
            [-8.426125952, 43.352221251],
            [-8.42623532, 43.351862723],
            [-8.426233447, 43.351855437],
            [-8.426225244, 43.351851169],
            [-8.425895223, 43.351792362],
            [-8.425664539, 43.351751255],
            [-8.425299551, 43.351686216],
            [-8.425301017, 43.351681498],
            [-8.4255496, 43.351725793],
            [-8.426231615, 43.351847321],
            [-8.426240793, 43.351852169]
          ]
        ]
      }
    },
    {
      "type": "Feature",
      "id": 1008,
      "properties": {
        "feature_type": "corridor",
        "level_id": 0,
        "name": "Corridor"
      },
      "geometry": {
        "type": "Polygon",
        "coordinates": [
          [
            [-8.425455975, 43.352747213],
            [-8.425431, 43.352742724],
            [-8.425342579, 43.352727548],
            [-8.425308205, 43.352721593],
            [-8.425387952, 43.352472865],
            [-8.425384518, 43.352460286],
            [-8.425371297, 43.352452008],
            [-8.425193028, 43.352419457],
            [-8.4251045, 43.352403292],
            [-8.425139188, 43.352293587],
            [-8.425209684, 43.352070631],
            [-8.425210159, 43.352064047],
            [-8.425206074, 43.352058962],
            [-8.425197831, 43.352056855],
            [-8.425068271, 43.352031959],
            [-8.424964099, 43.352011942],
            [-8.424954257, 43.35201253],
            [-8.424947014, 43.352015616],
            [-8.424943719, 43.352021519],
            [-8.424875073, 43.352223352],
            [-8.424848089, 43.352244286],
            [-8.42480867, 43.35225864],
            [-8.42476341, 43.352260516],
            [-8.424721187, 43.352254345],
            [-8.42445191, 43.352208293],
            [-8.42443162, 43.352208448],
            [-8.424412692, 43.35221193],
            [-8.4243994, 43.352219187],
            [-8.42439248, 43.352229061],
            [-8.42433724, 43.352395658],
            [-8.424661771, 43.352453555],
            [-8.424632607, 43.352547021],
            [-8.424395103, 43.352504482],
            [-8.42426067, 43.352481094],
            [-8.424162391, 43.352463459],
            [-8.424149418, 43.352455504],
            [-8.424145291, 43.352446697],
            [-8.424146957, 43.352433232],
            [-8.424158059, 43.352396086],
            [-8.424220409, 43.352207349],
            [-8.424220767, 43.352192708],
            [-8.424214923, 43.352182393],
            [-8.424202221, 43.352172137],
            [-8.424183117, 43.352166017],
            [-8.423904121, 43.352111116],
            [-8.423954413, 43.351963314],
            [-8.423999588, 43.351830549],
            [-8.4240344, 43.351728238],
            [-8.424003167, 43.351658265],
            [-8.423971935, 43.351588291],
            [-8.424027108, 43.351544454],
            [-8.424098897, 43.351523329],
            [-8.424187994, 43.351537697],
            [-8.424229624, 43.351625993],
            [-8.424309327, 43.351639368],
            [-8.424502041, 43.351671707],
            [-8.424603409, 43.351688717],
            [-8.424625612, 43.351690491],
            [-8.424644422, 43.351684929],
            [-8.424656897, 43.351677674],
            [-8.42466348, 43.351666894],
            [-8.424709256, 43.351522506],
            [-8.424716664, 43.351523836],
            [-8.424792173, 43.351537402],
            [-8.424797019, 43.351538273],
            [-8.424753907, 43.351684299],
            [-8.424755146, 43.351695437],
            [-8.424757729, 43.351704052],
            [-8.424768975, 43.351713941],
            [-8.424784708, 43.351719141],
            [-8.424835896, 43.35172773],
            [-8.424843378, 43.351730358],
            [-8.424849536, 43.351735647],
            [-8.424955247, 43.351891314],
            [-8.424961928, 43.351896755],
            [-8.424970847, 43.351900309],
            [-8.424985872, 43.351902903],
            [-8.425219658, 43.351943269],
            [-8.425584506, 43.352005843],
            [-8.425815651, 43.352045485],
            [-8.425921908, 43.352185925],
            [-8.425907469, 43.352231366],
            [-8.425901745, 43.352249378],
            [-8.425895151, 43.352270131],
            [-8.425889731, 43.352287187],
            [-8.425901113, 43.352289072],
            [-8.425896691, 43.352302165],
            [-8.425885469, 43.352300601],
            [-8.425881599, 43.352312779],
            [-8.425841289, 43.352439634],
            [-8.425681884, 43.352503515],
            [-8.425562829, 43.352483784],
            [-8.425540524, 43.352485226],
            [-8.425530613, 43.352496616],
            [-8.425455975, 43.352747213]
          ]
        ]
      }
    },
    {
      "type": "Feature",
      "id": 1009,
      "properties": {
        "feature_type": "unit",
        "level_id": 0,
        "name": "Apple Store",
        "category": "blue_shop"
      },
      "geometry": {
        "type": "Polygon",
        "coordinates": [
          [
            [-8.425592585, 43.352771768],
            [-8.425455975, 43.352747213],
            [-8.425530613, 43.352496616],
            [-8.425540524, 43.352485226],
            [-8.425562829, 43.352483784],
            [-8.425681884, 43.352503515],
            [-8.425635063, 43.352639369],
            [-8.425592585, 43.352771768]
          ]
        ]
      }
    },
    {
      "type": "Feature",
      "id": 1010,
      "properties": {
        "feature_type": "unit",
        "level_id": 0,
        "name": "Sony",
        "category": "blue_shop"
      },
      "geometry": {
        "type": "Polygon",
        "coordinates": [
          [
            [-8.425833581, 43.352609001],
            [-8.425635063, 43.352639369],
            [-8.425681884, 43.352503515],
            [-8.425841289, 43.352439634],
            [-8.426048398, 43.35247549],
            [-8.426019686, 43.352569613],
            [-8.425964706, 43.352652288],
            [-8.425833581, 43.352609001]
          ]
        ]
      }
    },
    {
      "type": "Feature",
      "id": 1011,
      "properties": {
        "feature_type": "unit",
        "level_id": 0,
        "name": "Vodafone",
        "category": "blue_shop"
      },
      "geometry": {
        "type": "Polygon",
        "coordinates": [
          [
            [-8.426087175, 43.352348371],
            [-8.426048398, 43.35247549],
            [-8.425841289, 43.352439634],
            [-8.425881599, 43.352312779],
            [-8.425961803, 43.352326665],
            [-8.426087175, 43.352348371]
          ]
        ]
      }
    },
    {
      "type": "Feature",
      "id": 1013,
      "properties": {
        "feature_type": "unit",
        "level_id": 0,
        "name": "MediaMarkt",
        "category": "blue_shop"
      },
      "geometry": {
        "type": "Polygon",
        "coordinates": [
          [
            [-8.42623532, 43.351862723],
            [-8.426125952, 43.352221251],
            [-8.425921908, 43.352185925],
            [-8.425815651, 43.352045485],
            [-8.425895223, 43.351792362],
            [-8.426225244, 43.351851169],
            [-8.426233447, 43.351855437],
            [-8.42623532, 43.351862723]
          ]
        ]
      }
    },
    {
      "type": "Feature",
      "id": 1014,
      "properties": {
        "feature_type": "unit",
        "level_id": 0,
        "name": "AT&T",
        "category": "blue_shop"
      },
      "geometry": {
        "type": "Polygon",
        "coordinates": [
          [
            [-8.425664539, 43.351751255],
            [-8.425895223, 43.351792362],
            [-8.425815651, 43.352045485],
            [-8.425584506, 43.352005843],
            [-8.425664539, 43.351751255]
          ]
        ]
      }
    },
    {
      "type": "Feature",
      "id": 1015,
      "properties": {
        "feature_type": "unit",
        "level_id": 0,
        "name": "Orange",
        "category": "blue_shop"
      },
      "geometry": {
        "type": "Polygon",
        "coordinates": [
          [
            [-8.425299551, 43.351686216],
            [-8.425664539, 43.351751255],
            [-8.425584506, 43.352005843],
            [-8.425219658, 43.351943269],
            [-8.425299551, 43.351686216]
          ]
        ]
      }
    },
    {
      "type": "Feature",
      "id": 1016,
      "properties": {
        "feature_type": "unit",
        "level_id": 0,
        "name": "Hollister",
        "category": "blue_shop"
      },
      "geometry": {
        "type": "Polygon",
        "coordinates": [
          [
            [-8.425064523, 43.351644335],
            [-8.425299551, 43.351686216],
            [-8.425219658, 43.351943269],
            [-8.424985872, 43.351902903],
            [-8.425064523, 43.351644335]
          ]
        ]
      }
    },
    {
      "type": "Feature",
      "id": 1017,
      "properties": {
        "feature_type": "unit",
        "level_id": 0,
        "name": "Pharmacy",
        "category": "blue_shop"
      },
      "geometry": {
        "type": "Polygon",
        "coordinates": [
          [
            [-8.425077924, 43.351598351],
            [-8.425064523, 43.351644335],
            [-8.424985872, 43.351902903],
            [-8.424970847, 43.351900309],
            [-8.424961928, 43.351896755],
            [-8.424955247, 43.351891314],
            [-8.424849536, 43.351735647],
            [-8.424843378, 43.351730358],
            [-8.424835896, 43.35172773],
            [-8.424784708, 43.351719141],
            [-8.424768975, 43.351713941],
            [-8.424757729, 43.351704052],
            [-8.424755146, 43.351695437],
            [-8.424753907, 43.351684299],
            [-8.424797019, 43.351538273],
            [-8.425068638, 43.351587065],
            [-8.425076463, 43.351591018],
            [-8.425077924, 43.351598351]
          ]
        ]
      }
    },
    {
      "type": "Feature",
      "id": 1018,
      "properties": {
        "feature_type": "unit",
        "level_id": 0,
        "name": "Swatch",
        "category": "blue_shop"
      },
      "geometry": {
        "type": "Polygon",
        "coordinates": [
          [
            [-8.424554307, 43.351494673],
            [-8.424709256, 43.351522506],
            [-8.42466348, 43.351666894],
            [-8.424656897, 43.351677674],
            [-8.424644422, 43.351684929],
            [-8.424625612, 43.351690491],
            [-8.424603409, 43.351688717],
            [-8.424502041, 43.351671707],
            [-8.424554307, 43.351494673]
          ]
        ]
      }
    },
    {
      "type": "Feature",
      "id": 1019,
      "properties": {
        "feature_type": "unit",
        "level_id": 0,
        "name": "Swarovski",
        "category": "blue_shop"
      },
      "geometry": {
        "type": "Polygon",
        "coordinates": [
          [
            [-8.424560567, 43.351473591],
            [-8.424554307, 43.351494673],
            [-8.424502041, 43.351671707],
            [-8.424309327, 43.351639368],
            [-8.424375265, 43.351434814],
            [-8.424553782, 43.351467398],
            [-8.424559232, 43.351469197],
            [-8.424560567, 43.351473591]
          ]
        ]
      }
    },
    {
      "type": "Feature",
      "id": 1020,
      "properties": {
        "feature_type": "unit",
        "level_id": 0,
        "name": "Levi's",
        "category": "blue_shop"
      },
      "geometry": {
        "type": "Polygon",
        "coordinates": [
          [
            [-8.424229722, 43.351408249],
            [-8.424375265, 43.351434814],
            [-8.424309327, 43.351639368],
            [-8.424229624, 43.351625993],
            [-8.424187994, 43.351537697],
            [-8.424229722, 43.351408249]
          ]
        ]
      }
    },
    {
      "type": "Feature",
      "id": 1021,
      "properties": {
        "feature_type": "unit",
        "level_id": 0,
        "name": "Primark",
        "category": "blue_shop"
      },
      "geometry": {
        "type": "Polygon",
        "coordinates": [
          [
            [-8.423924976, 43.351352625],
            [-8.424229722, 43.351408249],
            [-8.424187994, 43.351537697],
            [-8.424098897, 43.351523329],
            [-8.424027108, 43.351544454],
            [-8.423859195, 43.351514518],
            [-8.423907947, 43.351359524],
            [-8.423913726, 43.351353796],
            [-8.423924976, 43.351352625]
          ]
        ]
      }
    },
    {
      "type": "Feature",
      "id": 1022,
      "properties": {
        "feature_type": "unit",
        "level_id": 0,
        "name": "Women's secret",
        "category": "blue_shop"
      },
      "geometry": {
        "type": "Polygon",
        "coordinates": [
          [
            [-8.423824026, 43.351626326],
            [-8.423859195, 43.351514518],
            [-8.424027108, 43.351544454],
            [-8.423971935, 43.351588291],
            [-8.424003167, 43.351658265],
            [-8.423824026, 43.351626326]
          ]
        ]
      }
    },
    {
      "type": "Feature",
      "id": 1023,
      "properties": {
        "feature_type": "unit",
        "level_id": 0,
        "name": "Victoria's secret",
        "category": "blue_shop"
      },
      "geometry": {
        "type": "Polygon",
        "coordinates": [
          [
            [-8.423772523, 43.351790067],
            [-8.423824026, 43.351626326],
            [-8.424003167, 43.351658265],
            [-8.4240344, 43.351728238],
            [-8.423999588, 43.351830549],
            [-8.423772523, 43.351790067]
          ]
        ]
      }
    },
    {
      "type": "Feature",
      "id": 1024,
      "properties": {
        "feature_type": "unit",
        "level_id": 0,
        "name": "Mango",
        "category": "blue_shop"
      },
      "geometry": {
        "type": "Polygon",
        "coordinates": [
          [
            [-8.423730581, 43.351923408],
            [-8.423772523, 43.351790067],
            [-8.423999588, 43.351830549],
            [-8.423954413, 43.351963314],
            [-8.423730581, 43.351923408]
          ]
        ]
      }
    },
    {
      "type": "Feature",
      "id": 1025,
      "properties": {
        "feature_type": "unit",
        "level_id": 0,
        "name": "Amazon 4 Star",
        "category": "blue_shop"
      },
      "geometry": {
        "type": "Polygon",
        "coordinates": [
          [
            [-8.423683889, 43.352071852],
            [-8.423730581, 43.351923408],
            [-8.423954413, 43.351963314],
            [-8.423904121, 43.352111116],
            [-8.423683889, 43.352071852]
          ]
        ]
      }
    },
    {
      "type": "Feature",
      "id": 1026,
      "properties": {
        "feature_type": "unit",
        "level_id": 0,
        "name": "Carrefour",
        "category": "blue_shop"
      },
      "geometry": {
        "type": "Polygon",
        "coordinates": [
          [
            [-8.423572188, 43.352426971],
            [-8.423683889, 43.352071852],
            [-8.423904121, 43.352111116],
            [-8.424183117, 43.352166017],
            [-8.424202221, 43.352172137],
            [-8.424214923, 43.352182393],
            [-8.424220767, 43.352192708],
            [-8.424220409, 43.352207349],
            [-8.424158059, 43.352396086],
            [-8.424146957, 43.352433232],
            [-8.424145291, 43.352446697],
            [-8.424149418, 43.352455504],
            [-8.424162391, 43.352463459],
            [-8.42426067, 43.352481094],
            [-8.424226468, 43.352587918],
            [-8.423706124, 43.35249356],
            [-8.423715966, 43.352455314],
            [-8.423572188, 43.352426971]
          ]
        ]
      }
    },
    {
      "type": "Feature",
      "id": 1027,
      "properties": {
        "feature_type": "unit",
        "level_id": 0,
        "name": "Lottery",
        "category": "blue_shop"
      },
      "geometry": {
        "type": "Polygon",
        "coordinates": [
          [
            [-8.424360601, 43.352612242],
            [-8.424226468, 43.352587918],
            [-8.42426067, 43.352481094],
            [-8.424395103, 43.352504482],
            [-8.424360601, 43.352612242]
          ]
        ]
      }
    },
    {
      "type": "Feature",
      "id": 1028,
      "properties": {
        "feature_type": "unit",
        "level_id": 0,
        "name": "ING",
        "category": "blue_shop"
      },
      "geometry": {
        "type": "Polygon",
        "coordinates": [
          [
            [-8.424749517, 43.352682767],
            [-8.424360601, 43.352612242],
            [-8.424395103, 43.352504482],
            [-8.424632607, 43.352547021],
            [-8.424785775, 43.352577908],
            [-8.424749517, 43.352682767]
          ]
        ]
      }
    },
    {
      "type": "Feature",
      "id": 1029,
      "properties": {
        "feature_type": "unit",
        "level_id": 0,
        "name": "Pull&Bear",
        "category": "blue_shop"
      },
      "geometry": {
        "type": "Polygon",
        "coordinates": [
          [
            [-8.424881664, 43.352595399],
            [-8.424785775, 43.352577908],
            [-8.424632607, 43.352547021],
            [-8.424661771, 43.352453555],
            [-8.42469734, 43.3523343],
            [-8.424950881, 43.352380551],
            [-8.424881664, 43.352595399]
          ]
        ]
      }
    },
    {
      "type": "Feature",
      "id": 1030,
      "properties": {
        "feature_type": "unit",
        "level_id": 0,
        "name": "Gym & Wealth",
        "category": "blue_shop"
      },
      "geometry": {
        "type": "Polygon",
        "coordinates": [
          [
            [-8.424963572, 43.352610339],
            [-8.424881664, 43.352595399],
            [-8.424950881, 43.352380551],
            [-8.42495162, 43.352378257],
            [-8.424988473, 43.352266582],
            [-8.425139188, 43.352293587],
            [-8.4251045, 43.352403292],
            [-8.425193028, 43.352419457],
            [-8.425123885, 43.352635126],
            [-8.424963572, 43.352610339]
          ]
        ]
      }
    },
    {
      "type": "Feature",
      "id": 1031,
      "properties": {
        "feature_type": "unit",
        "level_id": 0,
        "name": "Mi Store",
        "category": "blue_shop"
      },
      "geometry": {
        "type": "Polygon",
        "coordinates": [
          [
            [-8.424947414, 43.352664831],
            [-8.424963572, 43.352610339],
            [-8.425123885, 43.352635126],
            [-8.425193028, 43.352419457],
            [-8.425371297, 43.352452008],
            [-8.425384518, 43.352460286],
            [-8.425387952, 43.352472865],
            [-8.425308205, 43.352721593],
            [-8.425211018, 43.352770286],
            [-8.42505265, 43.352740116],
            [-8.425070386, 43.352686715],
            [-8.424947414, 43.352664831]
          ]
        ]
      }
    },
    {
      "type": "Feature",
      "id": 1033,
      "properties": {
        "feature_type": "unit",
        "level_id": 0,
        "name": "Nike",
        "category": "blue_shop"
      },
      "geometry": {
        "type": "Polygon",
        "coordinates": [
          [
            [-8.425209684, 43.352070631],
            [-8.425139188, 43.352293587],
            [-8.424988473, 43.352266582],
            [-8.424995317, 43.352246458],
            [-8.425068271, 43.352031959],
            [-8.425197831, 43.352056855],
            [-8.425206074, 43.352058962],
            [-8.425210159, 43.352064047],
            [-8.425209684, 43.352070631]
          ]
        ]
      }
    },
    {
      "type": "Feature",
      "id": 1034,
      "properties": {
        "feature_type": "unit",
        "level_id": 0,
        "name": "Adidas",
        "category": "blue_shop"
      },
      "geometry": {
        "type": "Polygon",
        "coordinates": [
          [
            [-8.424964099, 43.352011942],
            [-8.425068271, 43.352031959],
            [-8.424995317, 43.352246458],
            [-8.424875073, 43.352223352],
            [-8.424943719, 43.352021519],
            [-8.424947014, 43.352015616],
            [-8.424954257, 43.35201253],
            [-8.424964099, 43.352011942]
          ]
        ]
      }
    },
    {
      "type": "Feature",
      "id": 1035,
      "properties": {
        "feature_type": "unit",
        "level_id": 0,
        "name": "Bershka",
        "category": "blue_shop"
      },
      "geometry": {
        "type": "Polygon",
        "coordinates": [
          [
            [-8.424848089, 43.352244286],
            [-8.424875073, 43.352223352],
            [-8.424995317, 43.352246458],
            [-8.424988473, 43.352266582],
            [-8.42495162, 43.352378257],
            [-8.424950881, 43.352380551],
            [-8.42469734, 43.3523343],
            [-8.424721187, 43.352254345],
            [-8.42476341, 43.352260516],
            [-8.42480867, 43.35225864],
            [-8.424848089, 43.352244286]
          ]
        ]
      }
    },
    {
      "type": "Feature",
      "id": 1036,
      "properties": {
        "feature_type": "unit",
        "level_id": 0,
        "name": "Zara",
        "category": "blue_shop"
      },
      "geometry": {
        "type": "Polygon",
        "coordinates": [
          [
            [-8.42445191, 43.352208293],
            [-8.424721187, 43.352254345],
            [-8.42469734, 43.3523343],
            [-8.424661771, 43.352453555],
            [-8.42433724, 43.352395658],
            [-8.42439248, 43.352229061],
            [-8.4243994, 43.352219187],
            [-8.424412692, 43.35221193],
            [-8.42443162, 43.352208448],
            [-8.42445191, 43.352208293]
          ]
        ]
      }
    },
    {
      "type": "Feature",
      "id": 1037,
      "properties": {
        "feature_type": "unit",
        "level_id": 0,
        "name": "Juan Valdez",
        "category": "restaurants"
      },
      "geometry": {
        "type": "Polygon",
        "coordinates": [
          [
            [-8.424616815, 43.3517841],
            [-8.424588908, 43.35188077],
            [-8.424338819, 43.351836127],
            [-8.424368312, 43.351740584],
            [-8.424616815, 43.3517841]
          ]
        ]
      }
    },
    {
      "type": "Feature",
      "id": 1038,
      "properties": {
        "feature_type": "unit",
        "level_id": 0,
        "name": "Nespresso",
        "category": "restaurants"
      },
      "geometry": {
        "type": "Polygon",
        "coordinates": [
          [
            [-8.424588908, 43.35188077],
            [-8.424561, 43.351977439],
            [-8.42430909, 43.351933085],
            [-8.424338819, 43.351836127],
            [-8.424588908, 43.35188077]
          ]
        ]
      }
    },
    {
      "type": "Feature",
      "id": 1039,
      "properties": {
        "feature_type": "unit",
        "level_id": 0,
        "name": "McCafe",
        "category": "restaurants"
      },
      "geometry": {
        "type": "Polygon",
        "coordinates": [
          [
            [-8.424561, 43.351977439],
            [-8.424531031, 43.352069799],
            [-8.424280687, 43.352025722],
            [-8.42430909, 43.351933085],
            [-8.424561, 43.351977439]
          ]
        ]
      }
    },
    {
      "type": "Feature",
      "id": 1040,
      "properties": {
        "feature_type": "unit",
        "level_id": 0,
        "name": "Pizza Hut",
        "category": "restaurants"
      },
      "geometry": {
        "type": "Polygon",
        "coordinates": [
          [
            [-8.424280687, 43.352025722],
            [-8.424072291, 43.351989029],
            [-8.424061266, 43.351984559],
            [-8.424051669, 43.351977751],
            [-8.424046968, 43.351971433],
            [-8.424044402, 43.351962903],
            [-8.424044405, 43.351953594],
            [-8.424066644, 43.35188718],
            [-8.42430909, 43.351933085],
            [-8.424280687, 43.352025722]
          ]
        ]
      }
    },
    {
      "type": "Feature",
      "id": 1041,
      "properties": {
        "feature_type": "unit",
        "level_id": 0,
        "name": "Starbucks",
        "category": "restaurants"
      },
      "geometry": {
        "type": "Polygon",
        "coordinates": [
          [
            [-8.424066644, 43.35188718],
            [-8.424116056, 43.351739618],
            [-8.424120911, 43.35173348],
            [-8.424130491, 43.351727601],
            [-8.424192011, 43.35171235],
            [-8.424204523, 43.351711902],
            [-8.424368312, 43.351740584],
            [-8.424338819, 43.351836127],
            [-8.42430909, 43.351933085],
            [-8.424066644, 43.35188718]
          ]
        ]
      }
    },
    {
      "type": "Feature",
      "id": 1042,
      "properties": {
        "feature_type": "unit",
        "level_id": 0,
        "name": "Winter Festival Cafe",
        "category": "blue_shop"
      },
      "geometry": {
        "type": "Polygon",
        "coordinates": [
          [
            [-8.425787428, 43.352238332],
            [-8.4257505, 43.35234063],
            [-8.425685846, 43.352363235],
            [-8.425550611, 43.352339592],
            [-8.425594193, 43.352203324],
            [-8.425787428, 43.352238332]
          ]
        ]
      }
    },
    {
      "type": "Feature",
      "id": 1043,
      "properties": {
        "feature_type": "unit",
        "level_id": 0,
        "name": "Winter Festival Shop",
        "category": "blue_shop"
      },
      "geometry": {
        "type": "Polygon",
        "coordinates": [
          [
            [-8.425550611, 43.352339592],
            [-8.425310097, 43.352297545],
            [-8.425354144, 43.352159835],
            [-8.425594193, 43.352203324],
            [-8.425550611, 43.352339592]
          ]
        ]
      }
    },
    {
      "type": "Feature",
      "id": 1044,
      "properties": {
        "feature_type": "unit",
        "level_id": 0,
        "name": "Winter Festival",
        "category": "blue_shop"
      },
      "geometry": {
        "type": "Polygon",
        "coordinates": [
          [
            [-8.425354144, 43.352159835],
            [-8.425387592, 43.352055263],
            [-8.425689404, 43.352105057],
            [-8.425787428, 43.352238332],
            [-8.425594193, 43.352203324],
            [-8.425354144, 43.352159835]
          ]
        ]
      }
    },
    {
      "type": "Feature",
      "id": 1061,
      "properties": {
        "feature_type": "unit",
        "level_id": 0,
        "name": "Information",
        "category": "counter"
      },
      "geometry": {
        "type": "Polygon",
        "coordinates": [
          [
            [-8.424832185, 43.352005327],
            [-8.424807973, 43.352000611],
            [-8.424809124, 43.351997273],
            [-8.424822937, 43.35195723],
            [-8.424765844, 43.351946253],
            [-8.424760258, 43.351945179],
            [-8.424767018, 43.351924375],
            [-8.42485426, 43.351941335],
            [-8.424832185, 43.352005327]
          ]
        ]
      }
    },
    {
      "type": "Feature",
      "id": 1062,
      "properties": {
        "feature_type": "corridor",
        "level_id": 0,
        "name": "Corridor"
      },
      "geometry": {
        "type": "Polygon",
        "coordinates": [
          [
            [-8.424822937, 43.35195723],
            [-8.424809124, 43.351997273],
            [-8.424752078, 43.351986161],
            [-8.424765844, 43.351946253],
            [-8.424822937, 43.35195723]
          ]
        ]
      }
    },
    {
      "type": "Feature",
      "id": 1064,
      "properties": {
        "feature_type": "unit",
        "level_id": 1,
        "name": "O2",
        "category": "blue_shop"
      },
      "geometry": {
        "type": "Polygon",
        "coordinates": [
          [
            [-8.425591984, 43.35277144],
            [-8.425414163, 43.352739532],
            [-8.42535491, 43.352729502],
            [-8.425307604, 43.352721266],
            [-8.425392386, 43.352455279],
            [-8.425562228, 43.352483456],
            [-8.425681283, 43.352503187],
            [-8.425634462, 43.352639041],
            [-8.425591984, 43.35277144]
          ]
        ]
      }
    },
    {
      "type": "Feature",
      "id": 1065,
      "properties": {
        "feature_type": "unit",
        "level_id": 1,
        "name": "Worten",
        "category": "blue_shop"
      },
      "geometry": {
        "type": "Polygon",
        "coordinates": [
          [
            [-8.42583298, 43.352608673],
            [-8.425634462, 43.352639041],
            [-8.425681283, 43.352503187],
            [-8.425840688, 43.352439306],
            [-8.425880998, 43.352312452],
            [-8.425961202, 43.352326337],
            [-8.426086574, 43.352348043],
            [-8.426019085, 43.352569286],
            [-8.425964105, 43.35265196],
            [-8.42583298, 43.352608673]
          ]
        ]
      }
    },
    {
      "type": "Feature",
      "id": 1067,
      "properties": {
        "feature_type": "unit",
        "level_id": 1,
        "name": "AT&T",
        "category": "blue_shop"
      },
      "geometry": {
        "type": "Polygon",
        "coordinates": [
          [
            [-8.426234718, 43.351862395],
            [-8.426125351, 43.352220923],
            [-8.425921307, 43.352185597],
            [-8.42581505, 43.352045157],
            [-8.425894622, 43.351792034],
            [-8.426224643, 43.351850842],
            [-8.426232846, 43.35185511],
            [-8.426234718, 43.351862395]
          ]
        ]
      }
    },
    {
      "type": "Feature",
      "id": 1068,
      "properties": {
        "feature_type": "unit",
        "level_id": 1,
        "name": "Deutsche Telekom",
        "category": "blue_shop"
      },
      "geometry": {
        "type": "Polygon",
        "coordinates": [
          [
            [-8.425663938, 43.351750927],
            [-8.425894622, 43.351792034],
            [-8.42581505, 43.352045157],
            [-8.425583905, 43.352005515],
            [-8.425663938, 43.351750927]
          ]
        ]
      }
    },
    {
      "type": "Feature",
      "id": 1069,
      "properties": {
        "feature_type": "unit",
        "level_id": 1,
        "name": "Sfera",
        "category": "blue_shop"
      },
      "geometry": {
        "type": "Polygon",
        "coordinates": [
          [
            [-8.42529895, 43.351685888],
            [-8.425663938, 43.351750927],
            [-8.425583905, 43.352005515],
            [-8.425219057, 43.351942942],
            [-8.42529895, 43.351685888]
          ]
        ]
      }
    },
    {
      "type": "Feature",
      "id": 1070,
      "properties": {
        "feature_type": "unit",
        "level_id": 1,
        "name": "Deichmann",
        "category": "blue_shop"
      },
      "geometry": {
        "type": "Polygon",
        "coordinates": [
          [
            [-8.425063922, 43.351644008],
            [-8.42529895, 43.351685888],
            [-8.425219057, 43.351942942],
            [-8.424985271, 43.351902576],
            [-8.425063922, 43.351644008]
          ]
        ]
      }
    },
    {
      "type": "Feature",
      "id": 1071,
      "properties": {
        "feature_type": "unit",
        "level_id": 1,
        "name": "Tous",
        "category": "blue_shop"
      },
      "geometry": {
        "type": "Polygon",
        "coordinates": [
          [
            [-8.425077323, 43.351598023],
            [-8.425063922, 43.351644008],
            [-8.424985271, 43.351902576],
            [-8.424970246, 43.351899981],
            [-8.424961327, 43.351896427],
            [-8.424954646, 43.351890987],
            [-8.424848935, 43.351735319],
            [-8.424842777, 43.351730031],
            [-8.424835295, 43.351727403],
            [-8.424744959, 43.351712244],
            [-8.424796418, 43.351537945],
            [-8.425068036, 43.351586738],
            [-8.425075862, 43.35159069],
            [-8.425077323, 43.351598023]
          ]
        ]
      }
    },
    {
      "type": "Feature",
      "id": 1072,
      "properties": {
        "feature_type": "unit",
        "level_id": 1,
        "name": "GAP",
        "category": "blue_shop"
      },
      "geometry": {
        "type": "Polygon",
        "coordinates": [
          [
            [-8.424779618, 43.351534927],
            [-8.424796418, 43.351537945],
            [-8.424744959, 43.351712244],
            [-8.424653276, 43.351696858],
            [-8.424501591, 43.351670911],
            [-8.424553706, 43.351494345],
            [-8.424731463, 43.351526277],
            [-8.424779618, 43.351534927]
          ]
        ]
      }
    },
    {
      "type": "Feature",
      "id": 1073,
      "properties": {
        "feature_type": "unit",
        "level_id": 1,
        "name": "Calzedonia",
        "category": "blue_shop"
      },
      "geometry": {
        "type": "Polygon",
        "coordinates": [
          [
            [-8.424559966, 43.351473263],
            [-8.424553706, 43.351494345],
            [-8.424501591, 43.351670911],
            [-8.424309069, 43.351637978],
            [-8.424374664, 43.351434486],
            [-8.424553181, 43.35146707],
            [-8.424558631, 43.351468869],
            [-8.424559966, 43.351473263]
          ]
        ]
      }
    },
    {
      "type": "Feature",
      "id": 1074,
      "properties": {
        "feature_type": "unit",
        "level_id": 1,
        "name": "Oysho",
        "category": "blue_shop"
      },
      "geometry": {
        "type": "Polygon",
        "coordinates": [
          [
            [-8.42422912, 43.351407921],
            [-8.424374664, 43.351434486],
            [-8.424309069, 43.351637978],
            [-8.424163032, 43.351612996],
            [-8.42422912, 43.351407921]
          ]
        ]
      }
    },
    {
      "type": "Feature",
      "id": 1075,
      "properties": {
        "feature_type": "unit",
        "level_id": 1,
        "name": "Scalator",
        "category": "blue_shop"
      },
      "geometry": {
        "type": "Polygon",
        "coordinates": [
          [
            [-8.423924375, 43.351352298],
            [-8.42422912, 43.351407921],
            [-8.424163032, 43.351612996],
            [-8.42414502, 43.351614152],
            [-8.424130166, 43.351618261],
            [-8.42407054, 43.351634998],
            [-8.424061559, 43.351644869],
            [-8.424033799, 43.35172791],
            [-8.423804243, 43.351686983],
            [-8.423907346, 43.351359196],
            [-8.423913125, 43.351353468],
            [-8.423924375, 43.351352298]
          ]
        ]
      }
    },
    {
      "type": "Feature",
      "id": 1076,
      "properties": {
        "feature_type": "unit",
        "level_id": 1,
        "name": "Pharmacy",
        "category": "blue_shop"
      },
      "geometry": {
        "type": "Polygon",
        "coordinates": [
          [
            [-8.423771922, 43.351789739],
            [-8.423804243, 43.351686983],
            [-8.424033799, 43.35172791],
            [-8.423998986, 43.351830222],
            [-8.423771922, 43.351789739]
          ]
        ]
      }
    },
    {
      "type": "Feature",
      "id": 1077,
      "properties": {
        "feature_type": "unit",
        "level_id": 1,
        "name": "Jack & Jones",
        "category": "blue_shop"
      },
      "geometry": {
        "type": "Polygon",
        "coordinates": [
          [
            [-8.42372998, 43.351923081],
            [-8.423771922, 43.351789739],
            [-8.423998986, 43.351830222],
            [-8.423953812, 43.351962987],
            [-8.42372998, 43.351923081]
          ]
        ]
      }
    },
    {
      "type": "Feature",
      "id": 1078,
      "properties": {
        "feature_type": "unit",
        "level_id": 1,
        "name": "Zara Home",
        "category": "blue_shop"
      },
      "geometry": {
        "type": "Polygon",
        "coordinates": [
          [
            [-8.423683288, 43.352071524],
            [-8.42372998, 43.351923081],
            [-8.423953812, 43.351962987],
            [-8.42390352, 43.352110788],
            [-8.423683288, 43.352071524]
          ]
        ]
      }
    },
    {
      "type": "Feature",
      "id": 1079,
      "properties": {
        "feature_type": "unit",
        "level_id": 1,
        "name": "Cinema",
        "category": "blue_shop"
      },
      "geometry": {
        "type": "Polygon",
        "coordinates": [
          [
            [-8.423571587, 43.352426643],
            [-8.423683288, 43.352071524],
            [-8.42390352, 43.352110788],
            [-8.424182516, 43.352165689],
            [-8.42420162, 43.352171809],
            [-8.424214322, 43.352182066],
            [-8.424220166, 43.35219238],
            [-8.424219808, 43.352207022],
            [-8.424197782, 43.352273697],
            [-8.42436648, 43.352305333],
            [-8.424336639, 43.352395331],
            [-8.424661169, 43.352453228],
            [-8.424632006, 43.352546693],
            [-8.424785174, 43.352577581],
            [-8.424748916, 43.352682439],
            [-8.423705523, 43.352493233],
            [-8.423715365, 43.352454986],
            [-8.423571587, 43.352426643]
          ]
        ]
      }
    },
    {
      "type": "Feature",
      "id": 1080,
      "properties": {
        "feature_type": "unit",
        "level_id": 1,
        "name": "Maisons du Monde",
        "category": "blue_shop"
      },
      "geometry": {
        "type": "Polygon",
        "coordinates": [
          [
            [-8.424881063, 43.352595071],
            [-8.424785174, 43.352577581],
            [-8.424632006, 43.352546693],
            [-8.424661169, 43.352453228],
            [-8.424720586, 43.352254018],
            [-8.42487514, 43.352223153],
            [-8.424994716, 43.35224613],
            [-8.424987872, 43.352266254],
            [-8.424951019, 43.352377929],
            [-8.424881063, 43.352595071]
          ]
        ]
      }
    },
    {
      "type": "Feature",
      "id": 1081,
      "properties": {
        "feature_type": "unit",
        "level_id": 1,
        "name": "Rosseman",
        "category": "blue_shop"
      },
      "geometry": {
        "type": "Polygon",
        "coordinates": [
          [
            [-8.424962971, 43.352610011],
            [-8.424881063, 43.352595071],
            [-8.424951019, 43.352377929],
            [-8.424987872, 43.352266254],
            [-8.425138586, 43.352293259],
            [-8.425103899, 43.352402965],
            [-8.425192463, 43.352419025],
            [-8.425123284, 43.352634798],
            [-8.424962971, 43.352610011]
          ]
        ]
      }
    },
    {
      "type": "Feature",
      "id": 1082,
      "properties": {
        "feature_type": "unit",
        "level_id": 1,
        "name": "Winter Festival Store",
        "category": "blue_shop"
      },
      "geometry": {
        "type": "Polygon",
        "coordinates": [
          [
            [-8.424946813, 43.352664504],
            [-8.424962971, 43.352610011],
            [-8.425123284, 43.352634798],
            [-8.425192463, 43.352419025],
            [-8.425392386, 43.352455279],
            [-8.425307604, 43.352721266],
            [-8.425210417, 43.352769959],
            [-8.425052049, 43.352739789],
            [-8.425069785, 43.352686387],
            [-8.424946813, 43.352664504]
          ]
        ]
      }
    },
    {
      "type": "Feature",
      "id": 1083,
      "properties": {
        "feature_type": "corridor",
        "level_id": 1,
        "name": "Corridor"
      },
      "geometry": {
        "type": "Polygon",
        "coordinates": [
          [
            [-8.425219057, 43.351942942],
            [-8.425583905, 43.352005515],
            [-8.42581505, 43.352045157],
            [-8.425921307, 43.352185597],
            [-8.425906868, 43.352231038],
            [-8.425901144, 43.352249051],
            [-8.42589455, 43.352269804],
            [-8.42588913, 43.352286859],
            [-8.425900512, 43.352288745],
            [-8.425896089, 43.352301838],
            [-8.425884868, 43.352300273],
            [-8.425880998, 43.352312452],
            [-8.425840688, 43.352439306],
            [-8.425681283, 43.352503187],
            [-8.425562228, 43.352483456],
            [-8.425392386, 43.352455279],
            [-8.425192463, 43.352419025],
            [-8.425103899, 43.352402965],
            [-8.425138586, 43.352293259],
            [-8.425209083, 43.352070304],
            [-8.425209558, 43.352063719],
            [-8.425205473, 43.352058634],
            [-8.42519723, 43.352056528],
            [-8.42506763, 43.352031742],
            [-8.424964099, 43.352011942],
            [-8.424954257, 43.35201253],
            [-8.424947014, 43.352015616],
            [-8.424943719, 43.352021519],
            [-8.42487514, 43.352223153],
            [-8.424720586, 43.352254018],
            [-8.424451309, 43.352207966],
            [-8.424431019, 43.352208121],
            [-8.424412091, 43.352211602],
            [-8.424398799, 43.35221886],
            [-8.424391879, 43.352228734],
            [-8.42436648, 43.352305333],
            [-8.424197782, 43.352273697],
            [-8.424219808, 43.352207022],
            [-8.424220166, 43.35219238],
            [-8.424214322, 43.352182066],
            [-8.42420162, 43.352171809],
            [-8.424182516, 43.352165689],
            [-8.42390352, 43.352110788],
            [-8.423953812, 43.351962987],
            [-8.423998986, 43.351830222],
            [-8.424033799, 43.35172791],
            [-8.424061559, 43.351644869],
            [-8.42407054, 43.351634998],
            [-8.424130166, 43.351618261],
            [-8.42414502, 43.351614152],
            [-8.424163032, 43.351612996],
            [-8.424309069, 43.351637978],
            [-8.424501591, 43.351670911],
            [-8.424653276, 43.351696858],
            [-8.424744959, 43.351712244],
            [-8.424835295, 43.351727403],
            [-8.424842777, 43.351730031],
            [-8.424848935, 43.351735319],
            [-8.424954646, 43.351890987],
            [-8.424961327, 43.351896427],
            [-8.424970246, 43.351899981],
            [-8.424985271, 43.351902576],
            [-8.425219057, 43.351942942]
          ]
        ]
      }
    },
    {
      "type": "Feature",
      "id": 1085,
      "properties": {
        "feature_type": "unit",
        "level_id": 1,
        "name": "Generic Shop",
        "category": "blue_shop"
      },
      "geometry": {
        "type": "Polygon",
        "coordinates": [
          [
            [-8.425209083, 43.352070304],
            [-8.425138586, 43.352293259],
            [-8.424987872, 43.352266254],
            [-8.424994716, 43.35224613],
            [-8.42506763, 43.352031742],
            [-8.42519723, 43.352056528],
            [-8.425205473, 43.352058634],
            [-8.425209558, 43.352063719],
            [-8.425209083, 43.352070304]
          ]
        ]
      }
    },
    {
      "type": "Feature",
      "id": 1086,
      "properties": {
        "feature_type": "unit",
        "level_id": 1,
        "name": "Lacoste",
        "category": "blue_shop"
      },
      "geometry": {
        "type": "Polygon",
        "coordinates": [
          [
            [-8.424964099, 43.352011942],
            [-8.42506763, 43.352031742],
            [-8.424994716, 43.35224613],
            [-8.42487514, 43.352223153],
            [-8.424943719, 43.352021519],
            [-8.424947014, 43.352015616],
            [-8.424954257, 43.35201253],
            [-8.424964099, 43.352011942]
          ]
        ]
      }
    },
    {
      "type": "Feature",
      "id": 1087,
      "properties": {
        "feature_type": "unit",
        "level_id": 1,
        "name": "H&M",
        "category": "blue_shop"
      },
      "geometry": {
        "type": "Polygon",
        "coordinates": [
          [
            [-8.424451309, 43.352207966],
            [-8.424720586, 43.352254018],
            [-8.424661169, 43.352453228],
            [-8.424336639, 43.352395331],
            [-8.42436648, 43.352305333],
            [-8.424391879, 43.352228734],
            [-8.424398799, 43.35221886],
            [-8.424412091, 43.352211602],
            [-8.424431019, 43.352208121],
            [-8.424451309, 43.352207966]
          ]
        ]
      }
    },
    {
      "type": "Feature",
      "id": 1088,
      "properties": {
        "feature_type": "unit",
        "level_id": 1,
        "name": "Lavazza",
        "category": "restaurants"
      },
      "geometry": {
        "type": "Polygon",
        "coordinates": [
          [
            [-8.424560399, 43.351977112],
            [-8.42453043, 43.352069472],
            [-8.42407169, 43.351988702],
            [-8.424060665, 43.351984232],
            [-8.424051068, 43.351977424],
            [-8.424046367, 43.351971105],
            [-8.4240438, 43.351962576],
            [-8.424043804, 43.351953267],
            [-8.424079629, 43.351846278],
            [-8.424322426, 43.351889032],
            [-8.424308832, 43.351932813],
            [-8.424560399, 43.351977112]
          ]
        ]
      }
    },
    {
      "type": "Feature",
      "id": 1089,
      "properties": {
        "feature_type": "unit",
        "level_id": 1,
        "name": "Ben & Jerry's",
        "category": "restaurants"
      },
      "geometry": {
        "type": "Polygon",
        "coordinates": [
          [
            [-8.424079629, 43.351846278],
            [-8.424115455, 43.35173929],
            [-8.42412031, 43.351733153],
            [-8.42412989, 43.351727273],
            [-8.42419141, 43.351712023],
            [-8.424203922, 43.351711574],
            [-8.42421604, 43.351712067],
            [-8.424368068, 43.35173942],
            [-8.424348149, 43.351806188],
            [-8.424322426, 43.351889032],
            [-8.424079629, 43.351846278]
          ]
        ]
      }
    },
    {
      "type": "Feature",
      "id": 1090,
      "properties": {
        "feature_type": "unit",
        "level_id": 1,
        "name": "Golden Fork",
        "category": "restaurants"
      },
      "geometry": {
        "type": "Polygon",
        "coordinates": [
          [
            [-8.424368068, 43.35173942],
            [-8.424601194, 43.351781365],
            [-8.424609088, 43.351786759],
            [-8.424611061, 43.351794029],
            [-8.424560399, 43.351977112],
            [-8.424308832, 43.351932813],
            [-8.424322426, 43.351889032],
            [-8.424348149, 43.351806188],
            [-8.424368068, 43.35173942]
          ]
        ]
      }
    },
    {
      "type": "Feature",
      "id": 1091,
      "properties": {
        "feature_type": "unit",
        "level_id": 1,
        "name": "Winter Festival Workshops for Kids",
        "category": "blue_shop"
      },
      "geometry": {
        "type": "Polygon",
        "coordinates": [
          [
            [-8.425786827, 43.352238004],
            [-8.425749899, 43.352340303],
            [-8.425685245, 43.352362907],
            [-8.42555001, 43.352339265],
            [-8.425593592, 43.352202997],
            [-8.425786827, 43.352238004]
          ]
        ]
      }
    },
    {
      "type": "Feature",
      "id": 1092,
      "properties": {
        "feature_type": "unit",
        "level_id": 1,
        "name": "Winter Festival Music Stage",
        "category": "blue_shop"
      },
      "geometry": {
        "type": "Polygon",
        "coordinates": [
          [
            [-8.42555001, 43.352339265],
            [-8.425309496, 43.352297217],
            [-8.425353543, 43.352159507],
            [-8.425593592, 43.352202997],
            [-8.42555001, 43.352339265]
          ]
        ]
      }
    },
    {
      "type": "Feature",
      "id": 1093,
      "properties": {
        "feature_type": "unit",
        "level_id": 1,
        "name": "Domino's Pizza",
        "category": "blue_shop"
      },
      "geometry": {
        "type": "Polygon",
        "coordinates": [
          [
            [-8.425353543, 43.352159507],
            [-8.425386991, 43.352054935],
            [-8.425688803, 43.35210473],
            [-8.425786827, 43.352238004],
            [-8.425593592, 43.352202997],
            [-8.425353543, 43.352159507]
          ]
        ]
      }
    },
    {
      "type": "Feature",
      "id": 1182,
      "properties": {
        "feature_type": "corridor",
        "level_id": -1,
        "name": "Corridor"
      },
      "geometry": {
        "type": "Polygon",
        "coordinates": [
          [
            [-8.424938434, 43.352087181],
            [-8.424884257, 43.352252517],
            [-8.424825355, 43.352241793],
            [-8.424759907, 43.352229877],
            [-8.424691639, 43.352217447],
            [-8.424624693, 43.352205258],
            [-8.424562605, 43.352193953],
            [-8.424494898, 43.352181626],
            [-8.424518905, 43.352113211],
            [-8.424546611, 43.352034258],
            [-8.424577701, 43.351945659],
            [-8.424886778, 43.35199795],
            [-8.424927008, 43.352025281],
            [-8.424940841, 43.352052659],
            [-8.424938434, 43.352087181]
          ]
        ]
      }
    },
    {
      "type": "Feature",
      "id": 1199,
      "properties": {
        "feature_type": "corridor",
        "level_id": -1,
        "name": "Corridor"
      },
      "geometry": {
        "type": "Polygon",
        "coordinates": [
          [
            [-8.42403675, 43.352006437],
            [-8.424181984, 43.352028879],
            [-8.424208771, 43.352033432],
            [-8.424178666, 43.352140506],
            [-8.424141472, 43.352133854],
            [-8.424005643, 43.35210956],
            [-8.423967851, 43.3521028],
            [-8.423997172, 43.351999826],
            [-8.42403675, 43.352006437]
          ]
        ]
      }
    },
    {
      "type": "Feature",
      "id": 1218,
      "properties": {
        "feature_type": "corridor",
        "level_id": -1,
        "name": "Corridor"
      },
      "geometry": {
        "type": "Polygon",
        "coordinates": [
          [
            [-8.42490934, 43.351808273],
            [-8.424926359, 43.351811306],
            [-8.424941859, 43.351824314],
            [-8.424950418, 43.351843839],
            [-8.42490093, 43.351835019],
            [-8.42490934, 43.351808273]
          ]
        ]
      }
    },
    {
      "type": "Feature",
      "id": 1226,
      "properties": {
        "feature_type": "corridor",
        "level_id": -1,
        "name": "Corridor"
      },
      "geometry": {
        "type": "Polygon",
        "coordinates": [
          [
            [-8.425224856, 43.352069883],
            [-8.425219705, 43.352062185],
            [-8.425219515, 43.352053377],
            [-8.425243636, 43.351973095],
            [-8.425247484, 43.351967959],
            [-8.425255878, 43.351964777],
            [-8.425224856, 43.352069883]
          ]
        ]
      }
    },
    {
      "type": "Feature",
      "id": 1234,
      "properties": {
        "feature_type": "corridor",
        "level_id": -1,
        "name": "Corridor"
      },
      "geometry": {
        "type": "Polygon",
        "coordinates": [
          [
            [-8.425398694, 43.352368959],
            [-8.425389298, 43.35239801],
            [-8.425294243, 43.352381616],
            [-8.425302773, 43.35235268],
            [-8.425398694, 43.352368959]
          ]
        ]
      }
    },
    {
      "type": "Feature",
      "id": 1235,
      "properties": {
        "feature_type": "corridor",
        "level_id": -1,
        "name": "Corridor"
      },
      "geometry": {
        "type": "Polygon",
        "coordinates": [
          [
            [-8.424815926, 43.352026234],
            [-8.42480653, 43.352055285],
            [-8.424711475, 43.352038891],
            [-8.424720005, 43.352009955],
            [-8.424815926, 43.352026234]
          ]
        ]
      }
    },
    {
      "type": "Feature",
      "id": 1236,
      "properties": {
        "feature_type": "corridor",
        "level_id": -1,
        "name": "Corridor"
      },
      "geometry": {
        "type": "Polygon",
        "coordinates": [
          [
            [-8.424147048, 43.352065477],
            [-8.424137653, 43.352094528],
            [-8.424042598, 43.352078134],
            [-8.424051128, 43.352049198],
            [-8.424147048, 43.352065477]
          ]
        ]
      }
    },
    {
      "type": "Feature",
      "id": 1237,
      "properties": {
        "feature_type": "corridor",
        "level_id": -1,
        "name": "Corridor"
      },
      "geometry": {
        "type": "Polygon",
        "coordinates": [
          [
            [-8.425568643, 43.352298771],
            [-8.425572536, 43.352303783],
            [-8.425574014, 43.352314177],
            [-8.4255613, 43.352360191],
            [-8.425556339, 43.352365406],
            [-8.425548823, 43.352367737],
            [-8.425568643, 43.352298771]
          ]
        ]
      }
    },
    {
      "type": "Feature",
      "id": 1238,
      "properties": {
        "feature_type": "corridor",
        "level_id": -1,
        "name": "Corridor"
      },
      "geometry": {
        "type": "Polygon",
        "coordinates": [
          [
            [-8.425393187, 43.352340867],
            [-8.425471575, 43.352354401],
            [-8.425443581, 43.352446437],
            [-8.425203688, 43.352402742],
            [-8.425227664, 43.35231229],
            [-8.425393187, 43.352340867]
          ]
        ]
      }
    },
    {
      "type": "Feature",
      "id": "elevator-1-l0",
      "properties": {
        "feature_type": "vertical_connection",
        "level_id": 0,
        "name": "Elevator 1",
        "connection_type": "elevator",
        "vertical_connection_id": "elevator-1"
      },
      "geometry": {
        "type": "Polygon",
        "coordinates": [
          [
            [-8.425901113, 43.352289072],
            [-8.425904093, 43.352279838],
            [-8.42595027, 43.352288214],
            [-8.425940436, 43.352316368],
            [-8.425894336, 43.352308542],
            [-8.425896691, 43.352302165],
            [-8.425901113, 43.352289072]
          ]
        ]
      }
    },
    {
      "type": "Feature",
      "properties": {
        "connection_type": "elevator",
        "feature_type": "vertical_detail",
        "level_id": 0,
        "vertical_connection_id": "elevator-1"
      },
      "geometry": {
        "type": "LineString",
        "coordinates": [
          [-8.425945328430576, 43.3522834312447],
          [-8.425899277569425, 43.35231277475529]
        ]
      }
    },
    {
      "type": "Feature",
      "properties": {
        "connection_type": "elevator",
        "feature_type": "vertical_detail",
        "level_id": 0,
        "vertical_connection_id": "elevator-1"
      },
      "geometry": {
        "type": "LineString",
        "coordinates": [
          [-8.425945328430576, 43.35231277475529],
          [-8.425899277569425, 43.3522834312447]
        ]
      }
    },
    {
      "type": "Feature",
      "id": "elevator-1-l1",
      "properties": {
        "feature_type": "vertical_connection",
        "level_id": 1,
        "name": "Elevator 1",
        "connection_type": "elevator",
        "vertical_connection_id": "elevator-1"
      },
      "geometry": {
        "type": "Polygon",
        "coordinates": [
          [
            [-8.425900512, 43.352288745],
            [-8.425903492, 43.35227951],
            [-8.425949669, 43.352287886],
            [-8.425939835, 43.352316041],
            [-8.425893735, 43.352308214],
            [-8.425896089, 43.352301838],
            [-8.425900512, 43.352288745]
          ]
        ]
      }
    },
    {
      "type": "Feature",
      "properties": {
        "connection_type": "elevator",
        "feature_type": "vertical_detail",
        "level_id": 1,
        "vertical_connection_id": "elevator-1"
      },
      "geometry": {
        "type": "LineString",
        "coordinates": [
          [-8.425944727430602, 43.35228310324471],
          [-8.425898676569398, 43.3523124477553]
        ]
      }
    },
    {
      "type": "Feature",
      "properties": {
        "connection_type": "elevator",
        "feature_type": "vertical_detail",
        "level_id": 1,
        "vertical_connection_id": "elevator-1"
      },
      "geometry": {
        "type": "LineString",
        "coordinates": [
          [-8.425944727430602, 43.3523124477553],
          [-8.425898676569398, 43.35228310324471]
        ]
      }
    },
    {
      "type": "Feature",
      "id": "elevator-1-l-1",
      "properties": {
        "feature_type": "vertical_connection",
        "level_id": -1,
        "name": "Elevator 1",
        "connection_type": "elevator",
        "vertical_connection_id": "elevator-1"
      },
      "geometry": {
        "type": "Polygon",
        "coordinates": [
          [
            [-8.425896891, 43.35230208],
            [-8.425901313, 43.352288987],
            [-8.425904093, 43.352279838],
            [-8.42595027, 43.352288214],
            [-8.425940436, 43.352316368],
            [-8.425894336, 43.352308542],
            [-8.425896891, 43.35230208]
          ]
        ]
      }
    },
    {
      "type": "Feature",
      "properties": {
        "connection_type": "elevator",
        "feature_type": "vertical_detail",
        "level_id": -1,
        "vertical_connection_id": "elevator-1"
      },
      "geometry": {
        "type": "LineString",
        "coordinates": [
          [-8.425945328430576, 43.3522834312447],
          [-8.425899277569425, 43.35231277475529]
        ]
      }
    },
    {
      "type": "Feature",
      "properties": {
        "connection_type": "elevator",
        "feature_type": "vertical_detail",
        "level_id": -1,
        "vertical_connection_id": "elevator-1"
      },
      "geometry": {
        "type": "LineString",
        "coordinates": [
          [-8.425945328430576, 43.35231277475529],
          [-8.425899277569425, 43.3522834312447]
        ]
      }
    },
    {
      "type": "Feature",
      "id": "elevator-2-l0",
      "properties": {
        "feature_type": "vertical_connection",
        "level_id": 0,
        "name": "Elevator 2",
        "connection_type": "elevator",
        "vertical_connection_id": "elevator-2"
      },
      "geometry": {
        "type": "Polygon",
        "coordinates": [
          [
            [-8.424712782, 43.352066498],
            [-8.42471448, 43.352062601],
            [-8.424741309, 43.35206782],
            [-8.424733422, 43.352091016],
            [-8.424706879, 43.352085811],
            [-8.424709114, 43.352078938],
            [-8.424712782, 43.352066498]
          ]
        ]
      }
    },
    {
      "type": "Feature",
      "properties": {
        "connection_type": "elevator",
        "feature_type": "vertical_detail",
        "level_id": 0,
        "vertical_connection_id": "elevator-2"
      },
      "geometry": {
        "type": "LineString",
        "coordinates": [
          [-8.424736367448595, 43.3520661942447],
          [-8.424711820551405, 43.352087422755304]
        ]
      }
    },
    {
      "type": "Feature",
      "properties": {
        "connection_type": "elevator",
        "feature_type": "vertical_detail",
        "level_id": 0,
        "vertical_connection_id": "elevator-2"
      },
      "geometry": {
        "type": "LineString",
        "coordinates": [
          [-8.424736367448595, 43.352087422755304],
          [-8.424711820551405, 43.3520661942447]
        ]
      }
    },
    {
      "type": "Feature",
      "id": "elevator-2-l1",
      "properties": {
        "feature_type": "vertical_connection",
        "level_id": 1,
        "name": "Elevator 2",
        "connection_type": "elevator",
        "vertical_connection_id": "elevator-2"
      },
      "geometry": {
        "type": "Polygon",
        "coordinates": [
          [
            [-8.424712782, 43.352066498],
            [-8.42471448, 43.352062601],
            [-8.424741309, 43.35206782],
            [-8.424733422, 43.352091016],
            [-8.424706879, 43.352085811],
            [-8.424709114, 43.352078938],
            [-8.424712782, 43.352066498]
          ]
        ]
      }
    },
    {
      "type": "Feature",
      "properties": {
        "connection_type": "elevator",
        "feature_type": "vertical_detail",
        "level_id": 1,
        "vertical_connection_id": "elevator-2"
      },
      "geometry": {
        "type": "LineString",
        "coordinates": [
          [-8.424736367448595, 43.3520661942447],
          [-8.424711820551405, 43.352087422755304]
        ]
      }
    },
    {
      "type": "Feature",
      "properties": {
        "connection_type": "elevator",
        "feature_type": "vertical_detail",
        "level_id": 1,
        "vertical_connection_id": "elevator-2"
      },
      "geometry": {
        "type": "LineString",
        "coordinates": [
          [-8.424736367448595, 43.352087422755304],
          [-8.424711820551405, 43.3520661942447]
        ]
      }
    },
    {
      "type": "Feature",
      "id": "elevator-2-l-1",
      "properties": {
        "feature_type": "vertical_connection",
        "level_id": -1,
        "name": "Elevator 2",
        "connection_type": "elevator",
        "vertical_connection_id": "elevator-2"
      },
      "geometry": {
        "type": "Polygon",
        "coordinates": [
          [
            [-8.424712782, 43.352066498],
            [-8.42471448, 43.352062601],
            [-8.424741309, 43.35206782],
            [-8.424733422, 43.352091016],
            [-8.424706879, 43.352085811],
            [-8.424709114, 43.352078938],
            [-8.424712782, 43.352066498]
          ]
        ]
      }
    },
    {
      "type": "Feature",
      "properties": {
        "connection_type": "elevator",
        "feature_type": "vertical_detail",
        "level_id": -1,
        "vertical_connection_id": "elevator-2"
      },
      "geometry": {
        "type": "LineString",
        "coordinates": [
          [-8.424736367448595, 43.3520661942447],
          [-8.424711820551405, 43.352087422755304]
        ]
      }
    },
    {
      "type": "Feature",
      "properties": {
        "connection_type": "elevator",
        "feature_type": "vertical_detail",
        "level_id": -1,
        "vertical_connection_id": "elevator-2"
      },
      "geometry": {
        "type": "LineString",
        "coordinates": [
          [-8.424736367448595, 43.352087422755304],
          [-8.424711820551405, 43.3520661942447]
        ]
      }
    },
    {
      "type": "Feature",
      "id": "elevator-3-l0",
      "properties": {
        "feature_type": "vertical_connection",
        "level_id": 0,
        "name": "Elevator 3",
        "connection_type": "elevator",
        "vertical_connection_id": "elevator-3"
      },
      "geometry": {
        "type": "Polygon",
        "coordinates": [
          [
            [-8.424704573, 43.352095293],
            [-8.424706134, 43.352090334],
            [-8.424731664, 43.35209528],
            [-8.424724381, 43.352116466],
            [-8.424699355, 43.352111987],
            [-8.424700907, 43.35210782],
            [-8.424704573, 43.352095293]
          ]
        ]
      }
    },
    {
      "type": "Feature",
      "properties": {
        "connection_type": "elevator",
        "feature_type": "vertical_detail",
        "level_id": 0,
        "vertical_connection_id": "elevator-3"
      },
      "geometry": {
        "type": "LineString",
        "coordinates": [
          [-8.42472672244643, 43.35209392724471],
          [-8.424704296553571, 43.3521128727553]
        ]
      }
    },
    {
      "type": "Feature",
      "properties": {
        "connection_type": "elevator",
        "feature_type": "vertical_detail",
        "level_id": 0,
        "vertical_connection_id": "elevator-3"
      },
      "geometry": {
        "type": "LineString",
        "coordinates": [
          [-8.42472672244643, 43.3521128727553],
          [-8.424704296553571, 43.35209392724471]
        ]
      }
    },
    {
      "type": "Feature",
      "id": "elevator-3-l1",
      "properties": {
        "feature_type": "vertical_connection",
        "level_id": 1,
        "name": "Elevator 3",
        "connection_type": "elevator",
        "vertical_connection_id": "elevator-3"
      },
      "geometry": {
        "type": "Polygon",
        "coordinates": [
          [
            [-8.424704573, 43.352095293],
            [-8.424706134, 43.352090334],
            [-8.424731664, 43.35209528],
            [-8.424724381, 43.352116466],
            [-8.424699355, 43.352111987],
            [-8.424700907, 43.35210782],
            [-8.424704573, 43.352095293]
          ]
        ]
      }
    },
    {
      "type": "Feature",
      "properties": {
        "connection_type": "elevator",
        "feature_type": "vertical_detail",
        "level_id": 1,
        "vertical_connection_id": "elevator-3"
      },
      "geometry": {
        "type": "LineString",
        "coordinates": [
          [-8.42472672244643, 43.35209392724471],
          [-8.424704296553571, 43.3521128727553]
        ]
      }
    },
    {
      "type": "Feature",
      "properties": {
        "connection_type": "elevator",
        "feature_type": "vertical_detail",
        "level_id": 1,
        "vertical_connection_id": "elevator-3"
      },
      "geometry": {
        "type": "LineString",
        "coordinates": [
          [-8.42472672244643, 43.3521128727553],
          [-8.424704296553571, 43.35209392724471]
        ]
      }
    },
    {
      "type": "Feature",
      "id": "elevator-3-l-1",
      "properties": {
        "feature_type": "vertical_connection",
        "level_id": -1,
        "name": "Elevator 3",
        "connection_type": "elevator",
        "vertical_connection_id": "elevator-3"
      },
      "geometry": {
        "type": "Polygon",
        "coordinates": [
          [
            [-8.424704573, 43.352095293],
            [-8.424706134, 43.352090334],
            [-8.424731664, 43.35209528],
            [-8.424724381, 43.352116466],
            [-8.424699355, 43.352111987],
            [-8.424700907, 43.35210782],
            [-8.424704573, 43.352095293]
          ]
        ]
      }
    },
    {
      "type": "Feature",
      "properties": {
        "connection_type": "elevator",
        "feature_type": "vertical_detail",
        "level_id": -1,
        "vertical_connection_id": "elevator-3"
      },
      "geometry": {
        "type": "LineString",
        "coordinates": [
          [-8.42472672244643, 43.35209392724471],
          [-8.424704296553571, 43.3521128727553]
        ]
      }
    },
    {
      "type": "Feature",
      "properties": {
        "connection_type": "elevator",
        "feature_type": "vertical_detail",
        "level_id": -1,
        "vertical_connection_id": "elevator-3"
      },
      "geometry": {
        "type": "LineString",
        "coordinates": [
          [-8.42472672244643, 43.3521128727553],
          [-8.424704296553571, 43.35209392724471]
        ]
      }
    },
    {
      "type": "Feature",
      "id": "elevator-4-l0",
      "properties": {
        "feature_type": "vertical_connection",
        "level_id": 0,
        "name": "Elevator 4",
        "connection_type": "elevator",
        "vertical_connection_id": "elevator-4"
      },
      "geometry": {
        "type": "Polygon",
        "coordinates": [
          [
            [-8.424771623, 43.352118989],
            [-8.424769244, 43.352124723],
            [-8.424745179, 43.352119958],
            [-8.424752443, 43.352098006],
            [-8.424776886, 43.352102537],
            [-8.42477546, 43.352107639],
            [-8.424771623, 43.352118989]
          ]
        ]
      }
    },
    {
      "type": "Feature",
      "properties": {
        "connection_type": "elevator",
        "feature_type": "vertical_detail",
        "level_id": 0,
        "vertical_connection_id": "elevator-4"
      },
      "geometry": {
        "type": "LineString",
        "coordinates": [
          [-8.424771944445782, 43.352101599244705],
          [-8.42475012055422, 43.352121129755304]
        ]
      }
    },
    {
      "type": "Feature",
      "properties": {
        "connection_type": "elevator",
        "feature_type": "vertical_detail",
        "level_id": 0,
        "vertical_connection_id": "elevator-4"
      },
      "geometry": {
        "type": "LineString",
        "coordinates": [
          [-8.424771944445782, 43.352121129755304],
          [-8.42475012055422, 43.352101599244705]
        ]
      }
    },
    {
      "type": "Feature",
      "id": "elevator-4-l1",
      "properties": {
        "feature_type": "vertical_connection",
        "level_id": 1,
        "name": "Elevator 4",
        "connection_type": "elevator",
        "vertical_connection_id": "elevator-4"
      },
      "geometry": {
        "type": "Polygon",
        "coordinates": [
          [
            [-8.424771623, 43.352118989],
            [-8.424769244, 43.352124723],
            [-8.424745179, 43.352119958],
            [-8.424752443, 43.352098006],
            [-8.424776886, 43.352102537],
            [-8.42477546, 43.352107639],
            [-8.424771623, 43.352118989]
          ]
        ]
      }
    },
    {
      "type": "Feature",
      "properties": {
        "connection_type": "elevator",
        "feature_type": "vertical_detail",
        "level_id": 1,
        "vertical_connection_id": "elevator-4"
      },
      "geometry": {
        "type": "LineString",
        "coordinates": [
          [-8.424771944445782, 43.352101599244705],
          [-8.42475012055422, 43.352121129755304]
        ]
      }
    },
    {
      "type": "Feature",
      "properties": {
        "connection_type": "elevator",
        "feature_type": "vertical_detail",
        "level_id": 1,
        "vertical_connection_id": "elevator-4"
      },
      "geometry": {
        "type": "LineString",
        "coordinates": [
          [-8.424771944445782, 43.352121129755304],
          [-8.42475012055422, 43.352101599244705]
        ]
      }
    },
    {
      "type": "Feature",
      "id": "elevator-4-l-1",
      "properties": {
        "feature_type": "vertical_connection",
        "level_id": -1,
        "name": "Elevator 4",
        "connection_type": "elevator",
        "vertical_connection_id": "elevator-4"
      },
      "geometry": {
        "type": "Polygon",
        "coordinates": [
          [
            [-8.424771623, 43.352118989],
            [-8.424769244, 43.352124723],
            [-8.424745179, 43.352119958],
            [-8.424752443, 43.352098006],
            [-8.424776886, 43.352102537],
            [-8.42477546, 43.352107639],
            [-8.424771623, 43.352118989]
          ]
        ]
      }
    },
    {
      "type": "Feature",
      "properties": {
        "connection_type": "elevator",
        "feature_type": "vertical_detail",
        "level_id": -1,
        "vertical_connection_id": "elevator-4"
      },
      "geometry": {
        "type": "LineString",
        "coordinates": [
          [-8.424771944445782, 43.352101599244705],
          [-8.42475012055422, 43.352121129755304]
        ]
      }
    },
    {
      "type": "Feature",
      "properties": {
        "connection_type": "elevator",
        "feature_type": "vertical_detail",
        "level_id": -1,
        "vertical_connection_id": "elevator-4"
      },
      "geometry": {
        "type": "LineString",
        "coordinates": [
          [-8.424771944445782, 43.352121129755304],
          [-8.42475012055422, 43.352101599244705]
        ]
      }
    },
    {
      "type": "Feature",
      "id": "elevator-5-l0",
      "properties": {
        "feature_type": "vertical_connection",
        "level_id": 0,
        "name": "Elevator 5",
        "connection_type": "elevator",
        "vertical_connection_id": "elevator-5"
      },
      "geometry": {
        "type": "Polygon",
        "coordinates": [
          [
            [-8.424780597, 43.352092261],
            [-8.424778618, 43.352098123],
            [-8.424753829, 43.352093606],
            [-8.424762353, 43.352070912],
            [-8.424786504, 43.352075524],
            [-8.424784988, 43.352079998],
            [-8.424780597, 43.352092261]
          ]
        ]
      }
    },
    {
      "type": "Feature",
      "properties": {
        "connection_type": "elevator",
        "feature_type": "vertical_detail",
        "level_id": 0,
        "vertical_connection_id": "elevator-5"
      },
      "geometry": {
        "type": "LineString",
        "coordinates": [
          [-8.424781562447967, 43.35207450524471],
          [-8.424758770552033, 43.3520945297553]
        ]
      }
    },
    {
      "type": "Feature",
      "properties": {
        "connection_type": "elevator",
        "feature_type": "vertical_detail",
        "level_id": 0,
        "vertical_connection_id": "elevator-5"
      },
      "geometry": {
        "type": "LineString",
        "coordinates": [
          [-8.424781562447967, 43.3520945297553],
          [-8.424758770552033, 43.35207450524471]
        ]
      }
    },
    {
      "type": "Feature",
      "id": "elevator-5-l1",
      "properties": {
        "feature_type": "vertical_connection",
        "level_id": 1,
        "name": "Elevator 5",
        "connection_type": "elevator",
        "vertical_connection_id": "elevator-5"
      },
      "geometry": {
        "type": "Polygon",
        "coordinates": [
          [
            [-8.424780597, 43.352092261],
            [-8.424778618, 43.352098123],
            [-8.424753829, 43.352093606],
            [-8.424762353, 43.352070912],
            [-8.424786504, 43.352075524],
            [-8.424784988, 43.352079998],
            [-8.424780597, 43.352092261]
          ]
        ]
      }
    },
    {
      "type": "Feature",
      "properties": {
        "connection_type": "elevator",
        "feature_type": "vertical_detail",
        "level_id": 1,
        "vertical_connection_id": "elevator-5"
      },
      "geometry": {
        "type": "LineString",
        "coordinates": [
          [-8.424781562447967, 43.35207450524471],
          [-8.424758770552033, 43.3520945297553]
        ]
      }
    },
    {
      "type": "Feature",
      "properties": {
        "connection_type": "elevator",
        "feature_type": "vertical_detail",
        "level_id": 1,
        "vertical_connection_id": "elevator-5"
      },
      "geometry": {
        "type": "LineString",
        "coordinates": [
          [-8.424781562447967, 43.3520945297553],
          [-8.424758770552033, 43.35207450524471]
        ]
      }
    },
    {
      "type": "Feature",
      "id": "elevator-5-l-1",
      "properties": {
        "feature_type": "vertical_connection",
        "level_id": -1,
        "name": "Elevator 5",
        "connection_type": "elevator",
        "vertical_connection_id": "elevator-5"
      },
      "geometry": {
        "type": "Polygon",
        "coordinates": [
          [
            [-8.424780597, 43.352092261],
            [-8.424778618, 43.352098123],
            [-8.424753829, 43.352093606],
            [-8.424762353, 43.352070912],
            [-8.424786504, 43.352075524],
            [-8.424784988, 43.352079998],
            [-8.424780597, 43.352092261]
          ]
        ]
      }
    },
    {
      "type": "Feature",
      "properties": {
        "connection_type": "elevator",
        "feature_type": "vertical_detail",
        "level_id": -1,
        "vertical_connection_id": "elevator-5"
      },
      "geometry": {
        "type": "LineString",
        "coordinates": [
          [-8.424781562447967, 43.35207450524471],
          [-8.424758770552033, 43.3520945297553]
        ]
      }
    },
    {
      "type": "Feature",
      "properties": {
        "connection_type": "elevator",
        "feature_type": "vertical_detail",
        "level_id": -1,
        "vertical_connection_id": "elevator-5"
      },
      "geometry": {
        "type": "LineString",
        "coordinates": [
          [-8.424781562447967, 43.3520945297553],
          [-8.424758770552033, 43.35207450524471]
        ]
      }
    },
    {
      "type": "Feature",
      "id": "elevator-6-l1",
      "properties": {
        "feature_type": "vertical_connection",
        "level_id": 1,
        "name": "Elevator 6",
        "connection_type": "elevator",
        "vertical_connection_id": "elevator-6"
      },
      "geometry": {
        "type": "Polygon",
        "coordinates": [
          [
            [-8.424718964, 43.352134629],
            [-8.424743087, 43.352138895],
            [-8.424739934, 43.352149457],
            [-8.424715658, 43.352145229],
            [-8.424718964, 43.352134629]
          ]
        ]
      }
    },
    {
      "type": "Feature",
      "properties": {
        "connection_type": "elevator",
        "feature_type": "vertical_detail",
        "level_id": 1,
        "vertical_connection_id": "elevator-6"
      },
      "geometry": {
        "type": "LineString",
        "coordinates": [
          [-8.424738145443284, 43.3521382222447],
          [-8.424720599556716, 43.352145863755304]
        ]
      }
    },
    {
      "type": "Feature",
      "properties": {
        "connection_type": "elevator",
        "feature_type": "vertical_detail",
        "level_id": 1,
        "vertical_connection_id": "elevator-6"
      },
      "geometry": {
        "type": "LineString",
        "coordinates": [
          [-8.424738145443284, 43.352145863755304],
          [-8.424720599556716, 43.3521382222447]
        ]
      }
    },
    {
      "type": "Feature",
      "id": "elevator-6-l-1",
      "properties": {
        "feature_type": "vertical_connection",
        "level_id": -1,
        "name": "Elevator 6",
        "connection_type": "elevator",
        "vertical_connection_id": "elevator-6"
      },
      "geometry": {
        "type": "Polygon",
        "coordinates": [
          [
            [-8.424718964, 43.352134629],
            [-8.424743087, 43.352138895],
            [-8.424739934, 43.352149457],
            [-8.424715658, 43.352145229],
            [-8.424718964, 43.352134629]
          ]
        ]
      }
    },
    {
      "type": "Feature",
      "properties": {
        "connection_type": "elevator",
        "feature_type": "vertical_detail",
        "level_id": -1,
        "vertical_connection_id": "elevator-6"
      },
      "geometry": {
        "type": "LineString",
        "coordinates": [
          [-8.424738145443284, 43.3521382222447],
          [-8.424720599556716, 43.352145863755304]
        ]
      }
    },
    {
      "type": "Feature",
      "properties": {
        "connection_type": "elevator",
        "feature_type": "vertical_detail",
        "level_id": -1,
        "vertical_connection_id": "elevator-6"
      },
      "geometry": {
        "type": "LineString",
        "coordinates": [
          [-8.424738145443284, 43.352145863755304],
          [-8.424720599556716, 43.3521382222447]
        ]
      }
    },
    {
      "type": "Feature",
      "id": "stairs-7-l0",
      "properties": {
        "feature_type": "vertical_connection",
        "level_id": 0,
        "name": "Staircase 7",
        "connection_type": "stairs",
        "vertical_connection_id": "stairs-7"
      },
      "geometry": {
        "type": "Polygon",
        "coordinates": [
          [
            [-8.425901745, 43.352249378],
            [-8.425907469, 43.352231366],
            [-8.425922709, 43.352234142],
            [-8.425916825, 43.352252433],
            [-8.425901745, 43.352249378]
          ]
        ]
      }
    },
    {
      "type": "Feature",
      "properties": {
        "connection_type": "stairs",
        "feature_type": "vertical_detail",
        "level_id": 0,
        "vertical_connection_id": "stairs-7"
      },
      "geometry": {
        "type": "LineString",
        "coordinates": [
          [-8.425919215, 43.352235857555875],
          [-8.425919215, 43.352247941444126]
        ]
      }
    },
    {
      "type": "Feature",
      "properties": {
        "connection_type": "stairs",
        "feature_type": "vertical_detail",
        "level_id": 0,
        "vertical_connection_id": "stairs-7"
      },
      "geometry": {
        "type": "LineString",
        "coordinates": [
          [-8.425915721, 43.352235857555875],
          [-8.425915721, 43.352247941444126]
        ]
      }
    },
    {
      "type": "Feature",
      "properties": {
        "connection_type": "stairs",
        "feature_type": "vertical_detail",
        "level_id": 0,
        "vertical_connection_id": "stairs-7"
      },
      "geometry": {
        "type": "LineString",
        "coordinates": [
          [-8.425912227000001, 43.352235857555875],
          [-8.425912227000001, 43.352247941444126]
        ]
      }
    },
    {
      "type": "Feature",
      "properties": {
        "connection_type": "stairs",
        "feature_type": "vertical_detail",
        "level_id": 0,
        "vertical_connection_id": "stairs-7"
      },
      "geometry": {
        "type": "LineString",
        "coordinates": [
          [-8.425908733000002, 43.352235857555875],
          [-8.425908733000002, 43.352247941444126]
        ]
      }
    },
    {
      "type": "Feature",
      "properties": {
        "connection_type": "stairs",
        "feature_type": "vertical_detail",
        "level_id": 0,
        "vertical_connection_id": "stairs-7"
      },
      "geometry": {
        "type": "LineString",
        "coordinates": [
          [-8.425905239000002, 43.352235857555875],
          [-8.425905239000002, 43.352247941444126]
        ]
      }
    },
    {
      "type": "Feature",
      "id": "stairs-7-l0-2",
      "properties": {
        "feature_type": "vertical_connection",
        "level_id": 0,
        "name": "Staircase 7",
        "connection_type": "stairs",
        "vertical_connection_id": "stairs-7"
      },
      "geometry": {
        "type": "Polygon",
        "coordinates": [
          [
            [-8.425901745, 43.352249378],
            [-8.425907469, 43.352231366],
            [-8.425922709, 43.352234142],
            [-8.425916825, 43.352252433],
            [-8.425901745, 43.352249378]
          ]
        ]
      }
    },
    {
      "type": "Feature",
      "properties": {
        "connection_type": "stairs",
        "feature_type": "vertical_detail",
        "level_id": 0,
        "vertical_connection_id": "stairs-7"
      },
      "geometry": {
        "type": "LineString",
        "coordinates": [
          [-8.425919215, 43.352235857555875],
          [-8.425919215, 43.352247941444126]
        ]
      }
    },
    {
      "type": "Feature",
      "properties": {
        "connection_type": "stairs",
        "feature_type": "vertical_detail",
        "level_id": 0,
        "vertical_connection_id": "stairs-7"
      },
      "geometry": {
        "type": "LineString",
        "coordinates": [
          [-8.425915721, 43.352235857555875],
          [-8.425915721, 43.352247941444126]
        ]
      }
    },
    {
      "type": "Feature",
      "properties": {
        "connection_type": "stairs",
        "feature_type": "vertical_detail",
        "level_id": 0,
        "vertical_connection_id": "stairs-7"
      },
      "geometry": {
        "type": "LineString",
        "coordinates": [
          [-8.425912227000001, 43.352235857555875],
          [-8.425912227000001, 43.352247941444126]
        ]
      }
    },
    {
      "type": "Feature",
      "properties": {
        "connection_type": "stairs",
        "feature_type": "vertical_detail",
        "level_id": 0,
        "vertical_connection_id": "stairs-7"
      },
      "geometry": {
        "type": "LineString",
        "coordinates": [
          [-8.425908733000002, 43.352235857555875],
          [-8.425908733000002, 43.352247941444126]
        ]
      }
    },
    {
      "type": "Feature",
      "properties": {
        "connection_type": "stairs",
        "feature_type": "vertical_detail",
        "level_id": 0,
        "vertical_connection_id": "stairs-7"
      },
      "geometry": {
        "type": "LineString",
        "coordinates": [
          [-8.425905239000002, 43.352235857555875],
          [-8.425905239000002, 43.352247941444126]
        ]
      }
    },
    {
      "type": "Feature",
      "id": "stairs-7-l1",
      "properties": {
        "feature_type": "vertical_connection",
        "level_id": 1,
        "name": "Staircase 7",
        "connection_type": "stairs",
        "vertical_connection_id": "stairs-7"
      },
      "geometry": {
        "type": "Polygon",
        "coordinates": [
          [
            [-8.425901144, 43.352249051],
            [-8.425906868, 43.352231038],
            [-8.425922108, 43.352233814],
            [-8.425916224, 43.352252106],
            [-8.425901144, 43.352249051]
          ]
        ]
      }
    },
    {
      "type": "Feature",
      "properties": {
        "connection_type": "stairs",
        "feature_type": "vertical_detail",
        "level_id": 1,
        "vertical_connection_id": "stairs-7"
      },
      "geometry": {
        "type": "LineString",
        "coordinates": [
          [-8.425918614, 43.35223552955587],
          [-8.425918614, 43.352247614444124]
        ]
      }
    },
    {
      "type": "Feature",
      "properties": {
        "connection_type": "stairs",
        "feature_type": "vertical_detail",
        "level_id": 1,
        "vertical_connection_id": "stairs-7"
      },
      "geometry": {
        "type": "LineString",
        "coordinates": [
          [-8.425915119999999, 43.35223552955587],
          [-8.425915119999999, 43.352247614444124]
        ]
      }
    },
    {
      "type": "Feature",
      "properties": {
        "connection_type": "stairs",
        "feature_type": "vertical_detail",
        "level_id": 1,
        "vertical_connection_id": "stairs-7"
      },
      "geometry": {
        "type": "LineString",
        "coordinates": [
          [-8.425911626, 43.35223552955587],
          [-8.425911626, 43.352247614444124]
        ]
      }
    },
    {
      "type": "Feature",
      "properties": {
        "connection_type": "stairs",
        "feature_type": "vertical_detail",
        "level_id": 1,
        "vertical_connection_id": "stairs-7"
      },
      "geometry": {
        "type": "LineString",
        "coordinates": [
          [-8.425908132, 43.35223552955587],
          [-8.425908132, 43.352247614444124]
        ]
      }
    },
    {
      "type": "Feature",
      "properties": {
        "connection_type": "stairs",
        "feature_type": "vertical_detail",
        "level_id": 1,
        "vertical_connection_id": "stairs-7"
      },
      "geometry": {
        "type": "LineString",
        "coordinates": [
          [-8.425904637999999, 43.35223552955587],
          [-8.425904637999999, 43.352247614444124]
        ]
      }
    },
    {
      "type": "Feature",
      "id": "stairs-7-l1-2",
      "properties": {
        "feature_type": "vertical_connection",
        "level_id": 1,
        "name": "Staircase 7",
        "connection_type": "stairs",
        "vertical_connection_id": "stairs-7"
      },
      "geometry": {
        "type": "Polygon",
        "coordinates": [
          [
            [-8.425901144, 43.352249051],
            [-8.425906868, 43.352231038],
            [-8.425922108, 43.352233814],
            [-8.425916224, 43.352252106],
            [-8.425901144, 43.352249051]
          ]
        ]
      }
    },
    {
      "type": "Feature",
      "properties": {
        "connection_type": "stairs",
        "feature_type": "vertical_detail",
        "level_id": 1,
        "vertical_connection_id": "stairs-7"
      },
      "geometry": {
        "type": "LineString",
        "coordinates": [
          [-8.425918614, 43.35223552955587],
          [-8.425918614, 43.352247614444124]
        ]
      }
    },
    {
      "type": "Feature",
      "properties": {
        "connection_type": "stairs",
        "feature_type": "vertical_detail",
        "level_id": 1,
        "vertical_connection_id": "stairs-7"
      },
      "geometry": {
        "type": "LineString",
        "coordinates": [
          [-8.425915119999999, 43.35223552955587],
          [-8.425915119999999, 43.352247614444124]
        ]
      }
    },
    {
      "type": "Feature",
      "properties": {
        "connection_type": "stairs",
        "feature_type": "vertical_detail",
        "level_id": 1,
        "vertical_connection_id": "stairs-7"
      },
      "geometry": {
        "type": "LineString",
        "coordinates": [
          [-8.425911626, 43.35223552955587],
          [-8.425911626, 43.352247614444124]
        ]
      }
    },
    {
      "type": "Feature",
      "properties": {
        "connection_type": "stairs",
        "feature_type": "vertical_detail",
        "level_id": 1,
        "vertical_connection_id": "stairs-7"
      },
      "geometry": {
        "type": "LineString",
        "coordinates": [
          [-8.425908132, 43.35223552955587],
          [-8.425908132, 43.352247614444124]
        ]
      }
    },
    {
      "type": "Feature",
      "properties": {
        "connection_type": "stairs",
        "feature_type": "vertical_detail",
        "level_id": 1,
        "vertical_connection_id": "stairs-7"
      },
      "geometry": {
        "type": "LineString",
        "coordinates": [
          [-8.425904637999999, 43.35223552955587],
          [-8.425904637999999, 43.352247614444124]
        ]
      }
    },
    {
      "type": "Feature",
      "id": "stairs-7-l1-3",
      "properties": {
        "feature_type": "vertical_connection",
        "level_id": 1,
        "name": "Staircase 7",
        "connection_type": "stairs",
        "vertical_connection_id": "stairs-7"
      },
      "geometry": {
        "type": "Polygon",
        "coordinates": [
          [
            [-8.425901144, 43.352249051],
            [-8.425906868, 43.352231038],
            [-8.425922108, 43.352233814],
            [-8.425916224, 43.352252106],
            [-8.425901144, 43.352249051]
          ]
        ]
      }
    },
    {
      "type": "Feature",
      "properties": {
        "connection_type": "stairs",
        "feature_type": "vertical_detail",
        "level_id": 1,
        "vertical_connection_id": "stairs-7"
      },
      "geometry": {
        "type": "LineString",
        "coordinates": [
          [-8.425918614, 43.35223552955587],
          [-8.425918614, 43.352247614444124]
        ]
      }
    },
    {
      "type": "Feature",
      "properties": {
        "connection_type": "stairs",
        "feature_type": "vertical_detail",
        "level_id": 1,
        "vertical_connection_id": "stairs-7"
      },
      "geometry": {
        "type": "LineString",
        "coordinates": [
          [-8.425915119999999, 43.35223552955587],
          [-8.425915119999999, 43.352247614444124]
        ]
      }
    },
    {
      "type": "Feature",
      "properties": {
        "connection_type": "stairs",
        "feature_type": "vertical_detail",
        "level_id": 1,
        "vertical_connection_id": "stairs-7"
      },
      "geometry": {
        "type": "LineString",
        "coordinates": [
          [-8.425911626, 43.35223552955587],
          [-8.425911626, 43.352247614444124]
        ]
      }
    },
    {
      "type": "Feature",
      "properties": {
        "connection_type": "stairs",
        "feature_type": "vertical_detail",
        "level_id": 1,
        "vertical_connection_id": "stairs-7"
      },
      "geometry": {
        "type": "LineString",
        "coordinates": [
          [-8.425908132, 43.35223552955587],
          [-8.425908132, 43.352247614444124]
        ]
      }
    },
    {
      "type": "Feature",
      "properties": {
        "connection_type": "stairs",
        "feature_type": "vertical_detail",
        "level_id": 1,
        "vertical_connection_id": "stairs-7"
      },
      "geometry": {
        "type": "LineString",
        "coordinates": [
          [-8.425904637999999, 43.35223552955587],
          [-8.425904637999999, 43.352247614444124]
        ]
      }
    },
    {
      "type": "Feature",
      "id": "stairs-7-l-1",
      "properties": {
        "feature_type": "vertical_connection",
        "level_id": -1,
        "name": "Staircase 7",
        "connection_type": "stairs",
        "vertical_connection_id": "stairs-7"
      },
      "geometry": {
        "type": "Polygon",
        "coordinates": [
          [
            [-8.425936799, 43.352236586],
            [-8.425948726, 43.352238759],
            [-8.425942683, 43.352257546],
            [-8.425930829, 43.352255145],
            [-8.425936799, 43.352236586]
          ]
        ]
      }
    },
    {
      "type": "Feature",
      "properties": {
        "connection_type": "stairs",
        "feature_type": "vertical_detail",
        "level_id": -1,
        "vertical_connection_id": "stairs-7"
      },
      "geometry": {
        "type": "LineString",
        "coordinates": [
          [-8.425945743166666, 43.352241077555874],
          [-8.425945743166666, 43.35225305444412]
        ]
      }
    },
    {
      "type": "Feature",
      "properties": {
        "connection_type": "stairs",
        "feature_type": "vertical_detail",
        "level_id": -1,
        "vertical_connection_id": "stairs-7"
      },
      "geometry": {
        "type": "LineString",
        "coordinates": [
          [-8.425942760333333, 43.352241077555874],
          [-8.425942760333333, 43.35225305444412]
        ]
      }
    },
    {
      "type": "Feature",
      "properties": {
        "connection_type": "stairs",
        "feature_type": "vertical_detail",
        "level_id": -1,
        "vertical_connection_id": "stairs-7"
      },
      "geometry": {
        "type": "LineString",
        "coordinates": [
          [-8.4259397775, 43.352241077555874],
          [-8.4259397775, 43.35225305444412]
        ]
      }
    },
    {
      "type": "Feature",
      "properties": {
        "connection_type": "stairs",
        "feature_type": "vertical_detail",
        "level_id": -1,
        "vertical_connection_id": "stairs-7"
      },
      "geometry": {
        "type": "LineString",
        "coordinates": [
          [-8.425936794666667, 43.352241077555874],
          [-8.425936794666667, 43.35225305444412]
        ]
      }
    },
    {
      "type": "Feature",
      "properties": {
        "connection_type": "stairs",
        "feature_type": "vertical_detail",
        "level_id": -1,
        "vertical_connection_id": "stairs-7"
      },
      "geometry": {
        "type": "LineString",
        "coordinates": [
          [-8.425933811833334, 43.352241077555874],
          [-8.425933811833334, 43.35225305444412]
        ]
      }
    },
    {
      "type": "Feature",
      "id": "stairs-7-l-1-2",
      "properties": {
        "feature_type": "vertical_connection",
        "level_id": -1,
        "name": "Staircase 7",
        "connection_type": "stairs",
        "vertical_connection_id": "stairs-7"
      },
      "geometry": {
        "type": "Polygon",
        "coordinates": [
          [
            [-8.425936799, 43.352236586],
            [-8.425948726, 43.352238759],
            [-8.425942683, 43.352257546],
            [-8.425930829, 43.352255145],
            [-8.425936799, 43.352236586]
          ]
        ]
      }
    },
    {
      "type": "Feature",
      "properties": {
        "connection_type": "stairs",
        "feature_type": "vertical_detail",
        "level_id": -1,
        "vertical_connection_id": "stairs-7"
      },
      "geometry": {
        "type": "LineString",
        "coordinates": [
          [-8.425945743166666, 43.352241077555874],
          [-8.425945743166666, 43.35225305444412]
        ]
      }
    },
    {
      "type": "Feature",
      "properties": {
        "connection_type": "stairs",
        "feature_type": "vertical_detail",
        "level_id": -1,
        "vertical_connection_id": "stairs-7"
      },
      "geometry": {
        "type": "LineString",
        "coordinates": [
          [-8.425942760333333, 43.352241077555874],
          [-8.425942760333333, 43.35225305444412]
        ]
      }
    },
    {
      "type": "Feature",
      "properties": {
        "connection_type": "stairs",
        "feature_type": "vertical_detail",
        "level_id": -1,
        "vertical_connection_id": "stairs-7"
      },
      "geometry": {
        "type": "LineString",
        "coordinates": [
          [-8.4259397775, 43.352241077555874],
          [-8.4259397775, 43.35225305444412]
        ]
      }
    },
    {
      "type": "Feature",
      "properties": {
        "connection_type": "stairs",
        "feature_type": "vertical_detail",
        "level_id": -1,
        "vertical_connection_id": "stairs-7"
      },
      "geometry": {
        "type": "LineString",
        "coordinates": [
          [-8.425936794666667, 43.352241077555874],
          [-8.425936794666667, 43.35225305444412]
        ]
      }
    },
    {
      "type": "Feature",
      "properties": {
        "connection_type": "stairs",
        "feature_type": "vertical_detail",
        "level_id": -1,
        "vertical_connection_id": "stairs-7"
      },
      "geometry": {
        "type": "LineString",
        "coordinates": [
          [-8.425933811833334, 43.352241077555874],
          [-8.425933811833334, 43.35225305444412]
        ]
      }
    },
    {
      "type": "Feature",
      "id": "stairs-7-l-1-3",
      "properties": {
        "feature_type": "vertical_connection",
        "level_id": -1,
        "name": "Staircase 7",
        "connection_type": "stairs",
        "vertical_connection_id": "stairs-7"
      },
      "geometry": {
        "type": "Polygon",
        "coordinates": [
          [
            [-8.425936799, 43.352236586],
            [-8.425948726, 43.352238759],
            [-8.425942683, 43.352257546],
            [-8.425930829, 43.352255145],
            [-8.425936799, 43.352236586]
          ]
        ]
      }
    },
    {
      "type": "Feature",
      "properties": {
        "connection_type": "stairs",
        "feature_type": "vertical_detail",
        "level_id": -1,
        "vertical_connection_id": "stairs-7"
      },
      "geometry": {
        "type": "LineString",
        "coordinates": [
          [-8.425945743166666, 43.352241077555874],
          [-8.425945743166666, 43.35225305444412]
        ]
      }
    },
    {
      "type": "Feature",
      "properties": {
        "connection_type": "stairs",
        "feature_type": "vertical_detail",
        "level_id": -1,
        "vertical_connection_id": "stairs-7"
      },
      "geometry": {
        "type": "LineString",
        "coordinates": [
          [-8.425942760333333, 43.352241077555874],
          [-8.425942760333333, 43.35225305444412]
        ]
      }
    },
    {
      "type": "Feature",
      "properties": {
        "connection_type": "stairs",
        "feature_type": "vertical_detail",
        "level_id": -1,
        "vertical_connection_id": "stairs-7"
      },
      "geometry": {
        "type": "LineString",
        "coordinates": [
          [-8.4259397775, 43.352241077555874],
          [-8.4259397775, 43.35225305444412]
        ]
      }
    },
    {
      "type": "Feature",
      "properties": {
        "connection_type": "stairs",
        "feature_type": "vertical_detail",
        "level_id": -1,
        "vertical_connection_id": "stairs-7"
      },
      "geometry": {
        "type": "LineString",
        "coordinates": [
          [-8.425936794666667, 43.352241077555874],
          [-8.425936794666667, 43.35225305444412]
        ]
      }
    },
    {
      "type": "Feature",
      "properties": {
        "connection_type": "stairs",
        "feature_type": "vertical_detail",
        "level_id": -1,
        "vertical_connection_id": "stairs-7"
      },
      "geometry": {
        "type": "LineString",
        "coordinates": [
          [-8.425933811833334, 43.352241077555874],
          [-8.425933811833334, 43.35225305444412]
        ]
      }
    },
    {
      "type": "Feature",
      "id": "stairs-8-l0",
      "properties": {
        "feature_type": "vertical_connection",
        "level_id": 0,
        "name": "Staircase 8",
        "connection_type": "stairs",
        "vertical_connection_id": "stairs-8"
      },
      "geometry": {
        "type": "Polygon",
        "coordinates": [
          [
            [-8.425895151, 43.352270131],
            [-8.425901745, 43.352249378],
            [-8.425916825, 43.352252433],
            [-8.425910303, 43.352272706],
            [-8.425895151, 43.352270131]
          ]
        ]
      }
    },
    {
      "type": "Feature",
      "properties": {
        "connection_type": "stairs",
        "feature_type": "vertical_detail",
        "level_id": 0,
        "vertical_connection_id": "stairs-8"
      },
      "geometry": {
        "type": "LineString",
        "coordinates": [
          [-8.425913212666666, 43.35225386955588],
          [-8.425913212666666, 43.35226821444412]
        ]
      }
    },
    {
      "type": "Feature",
      "properties": {
        "connection_type": "stairs",
        "feature_type": "vertical_detail",
        "level_id": 0,
        "vertical_connection_id": "stairs-8"
      },
      "geometry": {
        "type": "LineString",
        "coordinates": [
          [-8.425909600333334, 43.35225386955588],
          [-8.425909600333334, 43.35226821444412]
        ]
      }
    },
    {
      "type": "Feature",
      "properties": {
        "connection_type": "stairs",
        "feature_type": "vertical_detail",
        "level_id": 0,
        "vertical_connection_id": "stairs-8"
      },
      "geometry": {
        "type": "LineString",
        "coordinates": [
          [-8.425905988, 43.35225386955588],
          [-8.425905988, 43.35226821444412]
        ]
      }
    },
    {
      "type": "Feature",
      "properties": {
        "connection_type": "stairs",
        "feature_type": "vertical_detail",
        "level_id": 0,
        "vertical_connection_id": "stairs-8"
      },
      "geometry": {
        "type": "LineString",
        "coordinates": [
          [-8.425902375666666, 43.35225386955588],
          [-8.425902375666666, 43.35226821444412]
        ]
      }
    },
    {
      "type": "Feature",
      "properties": {
        "connection_type": "stairs",
        "feature_type": "vertical_detail",
        "level_id": 0,
        "vertical_connection_id": "stairs-8"
      },
      "geometry": {
        "type": "LineString",
        "coordinates": [
          [-8.425898763333334, 43.35225386955588],
          [-8.425898763333334, 43.35226821444412]
        ]
      }
    },
    {
      "type": "Feature",
      "id": "stairs-8-l0-2",
      "properties": {
        "feature_type": "vertical_connection",
        "level_id": 0,
        "name": "Staircase 8",
        "connection_type": "stairs",
        "vertical_connection_id": "stairs-8"
      },
      "geometry": {
        "type": "Polygon",
        "coordinates": [
          [
            [-8.425895151, 43.352270131],
            [-8.425901745, 43.352249378],
            [-8.425916825, 43.352252433],
            [-8.425910303, 43.352272706],
            [-8.425895151, 43.352270131]
          ]
        ]
      }
    },
    {
      "type": "Feature",
      "properties": {
        "connection_type": "stairs",
        "feature_type": "vertical_detail",
        "level_id": 0,
        "vertical_connection_id": "stairs-8"
      },
      "geometry": {
        "type": "LineString",
        "coordinates": [
          [-8.425913212666666, 43.35225386955588],
          [-8.425913212666666, 43.35226821444412]
        ]
      }
    },
    {
      "type": "Feature",
      "properties": {
        "connection_type": "stairs",
        "feature_type": "vertical_detail",
        "level_id": 0,
        "vertical_connection_id": "stairs-8"
      },
      "geometry": {
        "type": "LineString",
        "coordinates": [
          [-8.425909600333334, 43.35225386955588],
          [-8.425909600333334, 43.35226821444412]
        ]
      }
    },
    {
      "type": "Feature",
      "properties": {
        "connection_type": "stairs",
        "feature_type": "vertical_detail",
        "level_id": 0,
        "vertical_connection_id": "stairs-8"
      },
      "geometry": {
        "type": "LineString",
        "coordinates": [
          [-8.425905988, 43.35225386955588],
          [-8.425905988, 43.35226821444412]
        ]
      }
    },
    {
      "type": "Feature",
      "properties": {
        "connection_type": "stairs",
        "feature_type": "vertical_detail",
        "level_id": 0,
        "vertical_connection_id": "stairs-8"
      },
      "geometry": {
        "type": "LineString",
        "coordinates": [
          [-8.425902375666666, 43.35225386955588],
          [-8.425902375666666, 43.35226821444412]
        ]
      }
    },
    {
      "type": "Feature",
      "properties": {
        "connection_type": "stairs",
        "feature_type": "vertical_detail",
        "level_id": 0,
        "vertical_connection_id": "stairs-8"
      },
      "geometry": {
        "type": "LineString",
        "coordinates": [
          [-8.425898763333334, 43.35225386955588],
          [-8.425898763333334, 43.35226821444412]
        ]
      }
    },
    {
      "type": "Feature",
      "id": "stairs-8-l0-3",
      "properties": {
        "feature_type": "vertical_connection",
        "level_id": 0,
        "name": "Staircase 8",
        "connection_type": "stairs",
        "vertical_connection_id": "stairs-8"
      },
      "geometry": {
        "type": "Polygon",
        "coordinates": [
          [
            [-8.425895151, 43.352270131],
            [-8.425901745, 43.352249378],
            [-8.425916825, 43.352252433],
            [-8.425910303, 43.352272706],
            [-8.425895151, 43.352270131]
          ]
        ]
      }
    },
    {
      "type": "Feature",
      "properties": {
        "connection_type": "stairs",
        "feature_type": "vertical_detail",
        "level_id": 0,
        "vertical_connection_id": "stairs-8"
      },
      "geometry": {
        "type": "LineString",
        "coordinates": [
          [-8.425913212666666, 43.35225386955588],
          [-8.425913212666666, 43.35226821444412]
        ]
      }
    },
    {
      "type": "Feature",
      "properties": {
        "connection_type": "stairs",
        "feature_type": "vertical_detail",
        "level_id": 0,
        "vertical_connection_id": "stairs-8"
      },
      "geometry": {
        "type": "LineString",
        "coordinates": [
          [-8.425909600333334, 43.35225386955588],
          [-8.425909600333334, 43.35226821444412]
        ]
      }
    },
    {
      "type": "Feature",
      "properties": {
        "connection_type": "stairs",
        "feature_type": "vertical_detail",
        "level_id": 0,
        "vertical_connection_id": "stairs-8"
      },
      "geometry": {
        "type": "LineString",
        "coordinates": [
          [-8.425905988, 43.35225386955588],
          [-8.425905988, 43.35226821444412]
        ]
      }
    },
    {
      "type": "Feature",
      "properties": {
        "connection_type": "stairs",
        "feature_type": "vertical_detail",
        "level_id": 0,
        "vertical_connection_id": "stairs-8"
      },
      "geometry": {
        "type": "LineString",
        "coordinates": [
          [-8.425902375666666, 43.35225386955588],
          [-8.425902375666666, 43.35226821444412]
        ]
      }
    },
    {
      "type": "Feature",
      "properties": {
        "connection_type": "stairs",
        "feature_type": "vertical_detail",
        "level_id": 0,
        "vertical_connection_id": "stairs-8"
      },
      "geometry": {
        "type": "LineString",
        "coordinates": [
          [-8.425898763333334, 43.35225386955588],
          [-8.425898763333334, 43.35226821444412]
        ]
      }
    },
    {
      "type": "Feature",
      "id": "stairs-8-l1",
      "properties": {
        "feature_type": "vertical_connection",
        "level_id": 1,
        "name": "Staircase 8",
        "connection_type": "stairs",
        "vertical_connection_id": "stairs-8"
      },
      "geometry": {
        "type": "Polygon",
        "coordinates": [
          [
            [-8.42589455, 43.352269804],
            [-8.425901144, 43.352249051],
            [-8.425916224, 43.352252106],
            [-8.425909702, 43.352272378],
            [-8.42589455, 43.352269804]
          ]
        ]
      }
    },
    {
      "type": "Feature",
      "properties": {
        "connection_type": "stairs",
        "feature_type": "vertical_detail",
        "level_id": 1,
        "vertical_connection_id": "stairs-8"
      },
      "geometry": {
        "type": "LineString",
        "coordinates": [
          [-8.425912611666666, 43.35225354255588],
          [-8.425912611666666, 43.35226788644413]
        ]
      }
    },
    {
      "type": "Feature",
      "properties": {
        "connection_type": "stairs",
        "feature_type": "vertical_detail",
        "level_id": 1,
        "vertical_connection_id": "stairs-8"
      },
      "geometry": {
        "type": "LineString",
        "coordinates": [
          [-8.425908999333334, 43.35225354255588],
          [-8.425908999333334, 43.35226788644413]
        ]
      }
    },
    {
      "type": "Feature",
      "properties": {
        "connection_type": "stairs",
        "feature_type": "vertical_detail",
        "level_id": 1,
        "vertical_connection_id": "stairs-8"
      },
      "geometry": {
        "type": "LineString",
        "coordinates": [
          [-8.425905387, 43.35225354255588],
          [-8.425905387, 43.35226788644413]
        ]
      }
    },
    {
      "type": "Feature",
      "properties": {
        "connection_type": "stairs",
        "feature_type": "vertical_detail",
        "level_id": 1,
        "vertical_connection_id": "stairs-8"
      },
      "geometry": {
        "type": "LineString",
        "coordinates": [
          [-8.425901774666666, 43.35225354255588],
          [-8.425901774666666, 43.35226788644413]
        ]
      }
    },
    {
      "type": "Feature",
      "properties": {
        "connection_type": "stairs",
        "feature_type": "vertical_detail",
        "level_id": 1,
        "vertical_connection_id": "stairs-8"
      },
      "geometry": {
        "type": "LineString",
        "coordinates": [
          [-8.425898162333334, 43.35225354255588],
          [-8.425898162333334, 43.35226788644413]
        ]
      }
    },
    {
      "type": "Feature",
      "id": "stairs-8-l1-2",
      "properties": {
        "feature_type": "vertical_connection",
        "level_id": 1,
        "name": "Staircase 8",
        "connection_type": "stairs",
        "vertical_connection_id": "stairs-8"
      },
      "geometry": {
        "type": "Polygon",
        "coordinates": [
          [
            [-8.42589455, 43.352269804],
            [-8.425901144, 43.352249051],
            [-8.425916224, 43.352252106],
            [-8.425909702, 43.352272378],
            [-8.42589455, 43.352269804]
          ]
        ]
      }
    },
    {
      "type": "Feature",
      "properties": {
        "connection_type": "stairs",
        "feature_type": "vertical_detail",
        "level_id": 1,
        "vertical_connection_id": "stairs-8"
      },
      "geometry": {
        "type": "LineString",
        "coordinates": [
          [-8.425912611666666, 43.35225354255588],
          [-8.425912611666666, 43.35226788644413]
        ]
      }
    },
    {
      "type": "Feature",
      "properties": {
        "connection_type": "stairs",
        "feature_type": "vertical_detail",
        "level_id": 1,
        "vertical_connection_id": "stairs-8"
      },
      "geometry": {
        "type": "LineString",
        "coordinates": [
          [-8.425908999333334, 43.35225354255588],
          [-8.425908999333334, 43.35226788644413]
        ]
      }
    },
    {
      "type": "Feature",
      "properties": {
        "connection_type": "stairs",
        "feature_type": "vertical_detail",
        "level_id": 1,
        "vertical_connection_id": "stairs-8"
      },
      "geometry": {
        "type": "LineString",
        "coordinates": [
          [-8.425905387, 43.35225354255588],
          [-8.425905387, 43.35226788644413]
        ]
      }
    },
    {
      "type": "Feature",
      "properties": {
        "connection_type": "stairs",
        "feature_type": "vertical_detail",
        "level_id": 1,
        "vertical_connection_id": "stairs-8"
      },
      "geometry": {
        "type": "LineString",
        "coordinates": [
          [-8.425901774666666, 43.35225354255588],
          [-8.425901774666666, 43.35226788644413]
        ]
      }
    },
    {
      "type": "Feature",
      "properties": {
        "connection_type": "stairs",
        "feature_type": "vertical_detail",
        "level_id": 1,
        "vertical_connection_id": "stairs-8"
      },
      "geometry": {
        "type": "LineString",
        "coordinates": [
          [-8.425898162333334, 43.35225354255588],
          [-8.425898162333334, 43.35226788644413]
        ]
      }
    },
    {
      "type": "Feature",
      "id": "stairs-8-l1-3",
      "properties": {
        "feature_type": "vertical_connection",
        "level_id": 1,
        "name": "Staircase 8",
        "connection_type": "stairs",
        "vertical_connection_id": "stairs-8"
      },
      "geometry": {
        "type": "Polygon",
        "coordinates": [
          [
            [-8.42589455, 43.352269804],
            [-8.425901144, 43.352249051],
            [-8.425916224, 43.352252106],
            [-8.425909702, 43.352272378],
            [-8.42589455, 43.352269804]
          ]
        ]
      }
    },
    {
      "type": "Feature",
      "properties": {
        "connection_type": "stairs",
        "feature_type": "vertical_detail",
        "level_id": 1,
        "vertical_connection_id": "stairs-8"
      },
      "geometry": {
        "type": "LineString",
        "coordinates": [
          [-8.425912611666666, 43.35225354255588],
          [-8.425912611666666, 43.35226788644413]
        ]
      }
    },
    {
      "type": "Feature",
      "properties": {
        "connection_type": "stairs",
        "feature_type": "vertical_detail",
        "level_id": 1,
        "vertical_connection_id": "stairs-8"
      },
      "geometry": {
        "type": "LineString",
        "coordinates": [
          [-8.425908999333334, 43.35225354255588],
          [-8.425908999333334, 43.35226788644413]
        ]
      }
    },
    {
      "type": "Feature",
      "properties": {
        "connection_type": "stairs",
        "feature_type": "vertical_detail",
        "level_id": 1,
        "vertical_connection_id": "stairs-8"
      },
      "geometry": {
        "type": "LineString",
        "coordinates": [
          [-8.425905387, 43.35225354255588],
          [-8.425905387, 43.35226788644413]
        ]
      }
    },
    {
      "type": "Feature",
      "properties": {
        "connection_type": "stairs",
        "feature_type": "vertical_detail",
        "level_id": 1,
        "vertical_connection_id": "stairs-8"
      },
      "geometry": {
        "type": "LineString",
        "coordinates": [
          [-8.425901774666666, 43.35225354255588],
          [-8.425901774666666, 43.35226788644413]
        ]
      }
    },
    {
      "type": "Feature",
      "properties": {
        "connection_type": "stairs",
        "feature_type": "vertical_detail",
        "level_id": 1,
        "vertical_connection_id": "stairs-8"
      },
      "geometry": {
        "type": "LineString",
        "coordinates": [
          [-8.425898162333334, 43.35225354255588],
          [-8.425898162333334, 43.35226788644413]
        ]
      }
    },
    {
      "type": "Feature",
      "id": "stairs-8-l-1",
      "properties": {
        "feature_type": "vertical_connection",
        "level_id": -1,
        "name": "Staircase 8",
        "connection_type": "stairs",
        "vertical_connection_id": "stairs-8"
      },
      "geometry": {
        "type": "Polygon",
        "coordinates": [
          [
            [-8.425910504, 43.35227262],
            [-8.425895351, 43.352270046],
            [-8.425901946, 43.352249293],
            [-8.425917025, 43.352252348],
            [-8.425910504, 43.35227262]
          ]
        ]
      }
    },
    {
      "type": "Feature",
      "properties": {
        "connection_type": "stairs",
        "feature_type": "vertical_detail",
        "level_id": -1,
        "vertical_connection_id": "stairs-8"
      },
      "geometry": {
        "type": "LineString",
        "coordinates": [
          [-8.425913412666667, 43.35225378455588],
          [-8.425913412666667, 43.35226812844413]
        ]
      }
    },
    {
      "type": "Feature",
      "properties": {
        "connection_type": "stairs",
        "feature_type": "vertical_detail",
        "level_id": -1,
        "vertical_connection_id": "stairs-8"
      },
      "geometry": {
        "type": "LineString",
        "coordinates": [
          [-8.425909800333333, 43.35225378455588],
          [-8.425909800333333, 43.35226812844413]
        ]
      }
    },
    {
      "type": "Feature",
      "properties": {
        "connection_type": "stairs",
        "feature_type": "vertical_detail",
        "level_id": -1,
        "vertical_connection_id": "stairs-8"
      },
      "geometry": {
        "type": "LineString",
        "coordinates": [
          [-8.425906187999999, 43.35225378455588],
          [-8.425906187999999, 43.35226812844413]
        ]
      }
    },
    {
      "type": "Feature",
      "properties": {
        "connection_type": "stairs",
        "feature_type": "vertical_detail",
        "level_id": -1,
        "vertical_connection_id": "stairs-8"
      },
      "geometry": {
        "type": "LineString",
        "coordinates": [
          [-8.425902575666665, 43.35225378455588],
          [-8.425902575666665, 43.35226812844413]
        ]
      }
    },
    {
      "type": "Feature",
      "properties": {
        "connection_type": "stairs",
        "feature_type": "vertical_detail",
        "level_id": -1,
        "vertical_connection_id": "stairs-8"
      },
      "geometry": {
        "type": "LineString",
        "coordinates": [
          [-8.425898963333331, 43.35225378455588],
          [-8.425898963333331, 43.35226812844413]
        ]
      }
    },
    {
      "type": "Feature",
      "id": "stairs-8-l-1-2",
      "properties": {
        "feature_type": "vertical_connection",
        "level_id": -1,
        "name": "Staircase 8",
        "connection_type": "stairs",
        "vertical_connection_id": "stairs-8"
      },
      "geometry": {
        "type": "Polygon",
        "coordinates": [
          [
            [-8.425910504, 43.35227262],
            [-8.425895351, 43.352270046],
            [-8.425901946, 43.352249293],
            [-8.425917025, 43.352252348],
            [-8.425910504, 43.35227262]
          ]
        ]
      }
    },
    {
      "type": "Feature",
      "properties": {
        "connection_type": "stairs",
        "feature_type": "vertical_detail",
        "level_id": -1,
        "vertical_connection_id": "stairs-8"
      },
      "geometry": {
        "type": "LineString",
        "coordinates": [
          [-8.425913412666667, 43.35225378455588],
          [-8.425913412666667, 43.35226812844413]
        ]
      }
    },
    {
      "type": "Feature",
      "properties": {
        "connection_type": "stairs",
        "feature_type": "vertical_detail",
        "level_id": -1,
        "vertical_connection_id": "stairs-8"
      },
      "geometry": {
        "type": "LineString",
        "coordinates": [
          [-8.425909800333333, 43.35225378455588],
          [-8.425909800333333, 43.35226812844413]
        ]
      }
    },
    {
      "type": "Feature",
      "properties": {
        "connection_type": "stairs",
        "feature_type": "vertical_detail",
        "level_id": -1,
        "vertical_connection_id": "stairs-8"
      },
      "geometry": {
        "type": "LineString",
        "coordinates": [
          [-8.425906187999999, 43.35225378455588],
          [-8.425906187999999, 43.35226812844413]
        ]
      }
    },
    {
      "type": "Feature",
      "properties": {
        "connection_type": "stairs",
        "feature_type": "vertical_detail",
        "level_id": -1,
        "vertical_connection_id": "stairs-8"
      },
      "geometry": {
        "type": "LineString",
        "coordinates": [
          [-8.425902575666665, 43.35225378455588],
          [-8.425902575666665, 43.35226812844413]
        ]
      }
    },
    {
      "type": "Feature",
      "properties": {
        "connection_type": "stairs",
        "feature_type": "vertical_detail",
        "level_id": -1,
        "vertical_connection_id": "stairs-8"
      },
      "geometry": {
        "type": "LineString",
        "coordinates": [
          [-8.425898963333331, 43.35225378455588],
          [-8.425898963333331, 43.35226812844413]
        ]
      }
    },
    {
      "type": "Feature",
      "id": "stairs-8-l-1-3",
      "properties": {
        "feature_type": "vertical_connection",
        "level_id": -1,
        "name": "Staircase 8",
        "connection_type": "stairs",
        "vertical_connection_id": "stairs-8"
      },
      "geometry": {
        "type": "Polygon",
        "coordinates": [
          [
            [-8.425910504, 43.35227262],
            [-8.425895351, 43.352270046],
            [-8.425901946, 43.352249293],
            [-8.425917025, 43.352252348],
            [-8.425910504, 43.35227262]
          ]
        ]
      }
    },
    {
      "type": "Feature",
      "properties": {
        "connection_type": "stairs",
        "feature_type": "vertical_detail",
        "level_id": -1,
        "vertical_connection_id": "stairs-8"
      },
      "geometry": {
        "type": "LineString",
        "coordinates": [
          [-8.425913412666667, 43.35225378455588],
          [-8.425913412666667, 43.35226812844413]
        ]
      }
    },
    {
      "type": "Feature",
      "properties": {
        "connection_type": "stairs",
        "feature_type": "vertical_detail",
        "level_id": -1,
        "vertical_connection_id": "stairs-8"
      },
      "geometry": {
        "type": "LineString",
        "coordinates": [
          [-8.425909800333333, 43.35225378455588],
          [-8.425909800333333, 43.35226812844413]
        ]
      }
    },
    {
      "type": "Feature",
      "properties": {
        "connection_type": "stairs",
        "feature_type": "vertical_detail",
        "level_id": -1,
        "vertical_connection_id": "stairs-8"
      },
      "geometry": {
        "type": "LineString",
        "coordinates": [
          [-8.425906187999999, 43.35225378455588],
          [-8.425906187999999, 43.35226812844413]
        ]
      }
    },
    {
      "type": "Feature",
      "properties": {
        "connection_type": "stairs",
        "feature_type": "vertical_detail",
        "level_id": -1,
        "vertical_connection_id": "stairs-8"
      },
      "geometry": {
        "type": "LineString",
        "coordinates": [
          [-8.425902575666665, 43.35225378455588],
          [-8.425902575666665, 43.35226812844413]
        ]
      }
    },
    {
      "type": "Feature",
      "properties": {
        "connection_type": "stairs",
        "feature_type": "vertical_detail",
        "level_id": -1,
        "vertical_connection_id": "stairs-8"
      },
      "geometry": {
        "type": "LineString",
        "coordinates": [
          [-8.425898963333331, 43.35225378455588],
          [-8.425898963333331, 43.35226812844413]
        ]
      }
    },
    {
      "type": "Feature",
      "id": "stairs-9-l0",
      "properties": {
        "feature_type": "vertical_connection",
        "level_id": 0,
        "name": "Staircase 9",
        "connection_type": "stairs",
        "vertical_connection_id": "stairs-9"
      },
      "geometry": {
        "type": "Polygon",
        "coordinates": [
          [
            [-8.42595039, 43.352279517],
            [-8.425936217, 43.352277109],
            [-8.425942482, 43.352257632],
            [-8.425956111, 43.352260393],
            [-8.42595039, 43.352279517]
          ]
        ]
      }
    },
    {
      "type": "Feature",
      "properties": {
        "connection_type": "stairs",
        "feature_type": "vertical_detail",
        "level_id": 0,
        "vertical_connection_id": "stairs-9"
      },
      "geometry": {
        "type": "LineString",
        "coordinates": [
          [-8.425952795333332, 43.352262123555874],
          [-8.425952795333332, 43.35227502544413]
        ]
      }
    },
    {
      "type": "Feature",
      "properties": {
        "connection_type": "stairs",
        "feature_type": "vertical_detail",
        "level_id": 0,
        "vertical_connection_id": "stairs-9"
      },
      "geometry": {
        "type": "LineString",
        "coordinates": [
          [-8.425949479666667, 43.352262123555874],
          [-8.425949479666667, 43.35227502544413]
        ]
      }
    },
    {
      "type": "Feature",
      "properties": {
        "connection_type": "stairs",
        "feature_type": "vertical_detail",
        "level_id": 0,
        "vertical_connection_id": "stairs-9"
      },
      "geometry": {
        "type": "LineString",
        "coordinates": [
          [-8.425946163999999, 43.352262123555874],
          [-8.425946163999999, 43.35227502544413]
        ]
      }
    },
    {
      "type": "Feature",
      "properties": {
        "connection_type": "stairs",
        "feature_type": "vertical_detail",
        "level_id": 0,
        "vertical_connection_id": "stairs-9"
      },
      "geometry": {
        "type": "LineString",
        "coordinates": [
          [-8.425942848333333, 43.352262123555874],
          [-8.425942848333333, 43.35227502544413]
        ]
      }
    },
    {
      "type": "Feature",
      "properties": {
        "connection_type": "stairs",
        "feature_type": "vertical_detail",
        "level_id": 0,
        "vertical_connection_id": "stairs-9"
      },
      "geometry": {
        "type": "LineString",
        "coordinates": [
          [-8.425939532666666, 43.352262123555874],
          [-8.425939532666666, 43.35227502544413]
        ]
      }
    },
    {
      "type": "Feature",
      "id": "stairs-9-l0-2",
      "properties": {
        "feature_type": "vertical_connection",
        "level_id": 0,
        "name": "Staircase 9",
        "connection_type": "stairs",
        "vertical_connection_id": "stairs-9"
      },
      "geometry": {
        "type": "Polygon",
        "coordinates": [
          [
            [-8.42595039, 43.352279517],
            [-8.425936217, 43.352277109],
            [-8.425942482, 43.352257632],
            [-8.425956111, 43.352260393],
            [-8.42595039, 43.352279517]
          ]
        ]
      }
    },
    {
      "type": "Feature",
      "properties": {
        "connection_type": "stairs",
        "feature_type": "vertical_detail",
        "level_id": 0,
        "vertical_connection_id": "stairs-9"
      },
      "geometry": {
        "type": "LineString",
        "coordinates": [
          [-8.425952795333332, 43.352262123555874],
          [-8.425952795333332, 43.35227502544413]
        ]
      }
    },
    {
      "type": "Feature",
      "properties": {
        "connection_type": "stairs",
        "feature_type": "vertical_detail",
        "level_id": 0,
        "vertical_connection_id": "stairs-9"
      },
      "geometry": {
        "type": "LineString",
        "coordinates": [
          [-8.425949479666667, 43.352262123555874],
          [-8.425949479666667, 43.35227502544413]
        ]
      }
    },
    {
      "type": "Feature",
      "properties": {
        "connection_type": "stairs",
        "feature_type": "vertical_detail",
        "level_id": 0,
        "vertical_connection_id": "stairs-9"
      },
      "geometry": {
        "type": "LineString",
        "coordinates": [
          [-8.425946163999999, 43.352262123555874],
          [-8.425946163999999, 43.35227502544413]
        ]
      }
    },
    {
      "type": "Feature",
      "properties": {
        "connection_type": "stairs",
        "feature_type": "vertical_detail",
        "level_id": 0,
        "vertical_connection_id": "stairs-9"
      },
      "geometry": {
        "type": "LineString",
        "coordinates": [
          [-8.425942848333333, 43.352262123555874],
          [-8.425942848333333, 43.35227502544413]
        ]
      }
    },
    {
      "type": "Feature",
      "properties": {
        "connection_type": "stairs",
        "feature_type": "vertical_detail",
        "level_id": 0,
        "vertical_connection_id": "stairs-9"
      },
      "geometry": {
        "type": "LineString",
        "coordinates": [
          [-8.425939532666666, 43.352262123555874],
          [-8.425939532666666, 43.35227502544413]
        ]
      }
    },
    {
      "type": "Feature",
      "id": "stairs-9-l0-3",
      "properties": {
        "feature_type": "vertical_connection",
        "level_id": 0,
        "name": "Staircase 9",
        "connection_type": "stairs",
        "vertical_connection_id": "stairs-9"
      },
      "geometry": {
        "type": "Polygon",
        "coordinates": [
          [
            [-8.42595039, 43.352279517],
            [-8.425936217, 43.352277109],
            [-8.425942482, 43.352257632],
            [-8.425956111, 43.352260393],
            [-8.42595039, 43.352279517]
          ]
        ]
      }
    },
    {
      "type": "Feature",
      "properties": {
        "connection_type": "stairs",
        "feature_type": "vertical_detail",
        "level_id": 0,
        "vertical_connection_id": "stairs-9"
      },
      "geometry": {
        "type": "LineString",
        "coordinates": [
          [-8.425952795333332, 43.352262123555874],
          [-8.425952795333332, 43.35227502544413]
        ]
      }
    },
    {
      "type": "Feature",
      "properties": {
        "connection_type": "stairs",
        "feature_type": "vertical_detail",
        "level_id": 0,
        "vertical_connection_id": "stairs-9"
      },
      "geometry": {
        "type": "LineString",
        "coordinates": [
          [-8.425949479666667, 43.352262123555874],
          [-8.425949479666667, 43.35227502544413]
        ]
      }
    },
    {
      "type": "Feature",
      "properties": {
        "connection_type": "stairs",
        "feature_type": "vertical_detail",
        "level_id": 0,
        "vertical_connection_id": "stairs-9"
      },
      "geometry": {
        "type": "LineString",
        "coordinates": [
          [-8.425946163999999, 43.352262123555874],
          [-8.425946163999999, 43.35227502544413]
        ]
      }
    },
    {
      "type": "Feature",
      "properties": {
        "connection_type": "stairs",
        "feature_type": "vertical_detail",
        "level_id": 0,
        "vertical_connection_id": "stairs-9"
      },
      "geometry": {
        "type": "LineString",
        "coordinates": [
          [-8.425942848333333, 43.352262123555874],
          [-8.425942848333333, 43.35227502544413]
        ]
      }
    },
    {
      "type": "Feature",
      "properties": {
        "connection_type": "stairs",
        "feature_type": "vertical_detail",
        "level_id": 0,
        "vertical_connection_id": "stairs-9"
      },
      "geometry": {
        "type": "LineString",
        "coordinates": [
          [-8.425939532666666, 43.352262123555874],
          [-8.425939532666666, 43.35227502544413]
        ]
      }
    },
    {
      "type": "Feature",
      "id": "stairs-9-l0-4",
      "properties": {
        "feature_type": "vertical_connection",
        "level_id": 0,
        "name": "Staircase 9",
        "connection_type": "stairs",
        "vertical_connection_id": "stairs-9"
      },
      "geometry": {
        "type": "Polygon",
        "coordinates": [
          [
            [-8.42595039, 43.352279517],
            [-8.425936217, 43.352277109],
            [-8.425942482, 43.352257632],
            [-8.425956111, 43.352260393],
            [-8.42595039, 43.352279517]
          ]
        ]
      }
    },
    {
      "type": "Feature",
      "properties": {
        "connection_type": "stairs",
        "feature_type": "vertical_detail",
        "level_id": 0,
        "vertical_connection_id": "stairs-9"
      },
      "geometry": {
        "type": "LineString",
        "coordinates": [
          [-8.425952795333332, 43.352262123555874],
          [-8.425952795333332, 43.35227502544413]
        ]
      }
    },
    {
      "type": "Feature",
      "properties": {
        "connection_type": "stairs",
        "feature_type": "vertical_detail",
        "level_id": 0,
        "vertical_connection_id": "stairs-9"
      },
      "geometry": {
        "type": "LineString",
        "coordinates": [
          [-8.425949479666667, 43.352262123555874],
          [-8.425949479666667, 43.35227502544413]
        ]
      }
    },
    {
      "type": "Feature",
      "properties": {
        "connection_type": "stairs",
        "feature_type": "vertical_detail",
        "level_id": 0,
        "vertical_connection_id": "stairs-9"
      },
      "geometry": {
        "type": "LineString",
        "coordinates": [
          [-8.425946163999999, 43.352262123555874],
          [-8.425946163999999, 43.35227502544413]
        ]
      }
    },
    {
      "type": "Feature",
      "properties": {
        "connection_type": "stairs",
        "feature_type": "vertical_detail",
        "level_id": 0,
        "vertical_connection_id": "stairs-9"
      },
      "geometry": {
        "type": "LineString",
        "coordinates": [
          [-8.425942848333333, 43.352262123555874],
          [-8.425942848333333, 43.35227502544413]
        ]
      }
    },
    {
      "type": "Feature",
      "properties": {
        "connection_type": "stairs",
        "feature_type": "vertical_detail",
        "level_id": 0,
        "vertical_connection_id": "stairs-9"
      },
      "geometry": {
        "type": "LineString",
        "coordinates": [
          [-8.425939532666666, 43.352262123555874],
          [-8.425939532666666, 43.35227502544413]
        ]
      }
    },
    {
      "type": "Feature",
      "id": "stairs-9-l1",
      "properties": {
        "feature_type": "vertical_connection",
        "level_id": 1,
        "name": "Staircase 9",
        "connection_type": "stairs",
        "vertical_connection_id": "stairs-9"
      },
      "geometry": {
        "type": "Polygon",
        "coordinates": [
          [
            [-8.425949789, 43.35227919],
            [-8.425935616, 43.352276781],
            [-8.425941881, 43.352257304],
            [-8.42595551, 43.352260065],
            [-8.425949789, 43.35227919]
          ]
        ]
      }
    },
    {
      "type": "Feature",
      "properties": {
        "connection_type": "stairs",
        "feature_type": "vertical_detail",
        "level_id": 1,
        "vertical_connection_id": "stairs-9"
      },
      "geometry": {
        "type": "LineString",
        "coordinates": [
          [-8.425952194333332, 43.352261795555876],
          [-8.425952194333332, 43.35227469844412]
        ]
      }
    },
    {
      "type": "Feature",
      "properties": {
        "connection_type": "stairs",
        "feature_type": "vertical_detail",
        "level_id": 1,
        "vertical_connection_id": "stairs-9"
      },
      "geometry": {
        "type": "LineString",
        "coordinates": [
          [-8.425948878666667, 43.352261795555876],
          [-8.425948878666667, 43.35227469844412]
        ]
      }
    },
    {
      "type": "Feature",
      "properties": {
        "connection_type": "stairs",
        "feature_type": "vertical_detail",
        "level_id": 1,
        "vertical_connection_id": "stairs-9"
      },
      "geometry": {
        "type": "LineString",
        "coordinates": [
          [-8.425945562999999, 43.352261795555876],
          [-8.425945562999999, 43.35227469844412]
        ]
      }
    },
    {
      "type": "Feature",
      "properties": {
        "connection_type": "stairs",
        "feature_type": "vertical_detail",
        "level_id": 1,
        "vertical_connection_id": "stairs-9"
      },
      "geometry": {
        "type": "LineString",
        "coordinates": [
          [-8.425942247333332, 43.352261795555876],
          [-8.425942247333332, 43.35227469844412]
        ]
      }
    },
    {
      "type": "Feature",
      "properties": {
        "connection_type": "stairs",
        "feature_type": "vertical_detail",
        "level_id": 1,
        "vertical_connection_id": "stairs-9"
      },
      "geometry": {
        "type": "LineString",
        "coordinates": [
          [-8.425938931666666, 43.352261795555876],
          [-8.425938931666666, 43.35227469844412]
        ]
      }
    },
    {
      "type": "Feature",
      "id": "stairs-9-l1-2",
      "properties": {
        "feature_type": "vertical_connection",
        "level_id": 1,
        "name": "Staircase 9",
        "connection_type": "stairs",
        "vertical_connection_id": "stairs-9"
      },
      "geometry": {
        "type": "Polygon",
        "coordinates": [
          [
            [-8.425949789, 43.35227919],
            [-8.425935616, 43.352276781],
            [-8.425941881, 43.352257304],
            [-8.42595551, 43.352260065],
            [-8.425949789, 43.35227919]
          ]
        ]
      }
    },
    {
      "type": "Feature",
      "properties": {
        "connection_type": "stairs",
        "feature_type": "vertical_detail",
        "level_id": 1,
        "vertical_connection_id": "stairs-9"
      },
      "geometry": {
        "type": "LineString",
        "coordinates": [
          [-8.425952194333332, 43.352261795555876],
          [-8.425952194333332, 43.35227469844412]
        ]
      }
    },
    {
      "type": "Feature",
      "properties": {
        "connection_type": "stairs",
        "feature_type": "vertical_detail",
        "level_id": 1,
        "vertical_connection_id": "stairs-9"
      },
      "geometry": {
        "type": "LineString",
        "coordinates": [
          [-8.425948878666667, 43.352261795555876],
          [-8.425948878666667, 43.35227469844412]
        ]
      }
    },
    {
      "type": "Feature",
      "properties": {
        "connection_type": "stairs",
        "feature_type": "vertical_detail",
        "level_id": 1,
        "vertical_connection_id": "stairs-9"
      },
      "geometry": {
        "type": "LineString",
        "coordinates": [
          [-8.425945562999999, 43.352261795555876],
          [-8.425945562999999, 43.35227469844412]
        ]
      }
    },
    {
      "type": "Feature",
      "properties": {
        "connection_type": "stairs",
        "feature_type": "vertical_detail",
        "level_id": 1,
        "vertical_connection_id": "stairs-9"
      },
      "geometry": {
        "type": "LineString",
        "coordinates": [
          [-8.425942247333332, 43.352261795555876],
          [-8.425942247333332, 43.35227469844412]
        ]
      }
    },
    {
      "type": "Feature",
      "properties": {
        "connection_type": "stairs",
        "feature_type": "vertical_detail",
        "level_id": 1,
        "vertical_connection_id": "stairs-9"
      },
      "geometry": {
        "type": "LineString",
        "coordinates": [
          [-8.425938931666666, 43.352261795555876],
          [-8.425938931666666, 43.35227469844412]
        ]
      }
    },
    {
      "type": "Feature",
      "id": "stairs-9-l1-3",
      "properties": {
        "feature_type": "vertical_connection",
        "level_id": 1,
        "name": "Staircase 9",
        "connection_type": "stairs",
        "vertical_connection_id": "stairs-9"
      },
      "geometry": {
        "type": "Polygon",
        "coordinates": [
          [
            [-8.425949789, 43.35227919],
            [-8.425935616, 43.352276781],
            [-8.425941881, 43.352257304],
            [-8.42595551, 43.352260065],
            [-8.425949789, 43.35227919]
          ]
        ]
      }
    },
    {
      "type": "Feature",
      "properties": {
        "connection_type": "stairs",
        "feature_type": "vertical_detail",
        "level_id": 1,
        "vertical_connection_id": "stairs-9"
      },
      "geometry": {
        "type": "LineString",
        "coordinates": [
          [-8.425952194333332, 43.352261795555876],
          [-8.425952194333332, 43.35227469844412]
        ]
      }
    },
    {
      "type": "Feature",
      "properties": {
        "connection_type": "stairs",
        "feature_type": "vertical_detail",
        "level_id": 1,
        "vertical_connection_id": "stairs-9"
      },
      "geometry": {
        "type": "LineString",
        "coordinates": [
          [-8.425948878666667, 43.352261795555876],
          [-8.425948878666667, 43.35227469844412]
        ]
      }
    },
    {
      "type": "Feature",
      "properties": {
        "connection_type": "stairs",
        "feature_type": "vertical_detail",
        "level_id": 1,
        "vertical_connection_id": "stairs-9"
      },
      "geometry": {
        "type": "LineString",
        "coordinates": [
          [-8.425945562999999, 43.352261795555876],
          [-8.425945562999999, 43.35227469844412]
        ]
      }
    },
    {
      "type": "Feature",
      "properties": {
        "connection_type": "stairs",
        "feature_type": "vertical_detail",
        "level_id": 1,
        "vertical_connection_id": "stairs-9"
      },
      "geometry": {
        "type": "LineString",
        "coordinates": [
          [-8.425942247333332, 43.352261795555876],
          [-8.425942247333332, 43.35227469844412]
        ]
      }
    },
    {
      "type": "Feature",
      "properties": {
        "connection_type": "stairs",
        "feature_type": "vertical_detail",
        "level_id": 1,
        "vertical_connection_id": "stairs-9"
      },
      "geometry": {
        "type": "LineString",
        "coordinates": [
          [-8.425938931666666, 43.352261795555876],
          [-8.425938931666666, 43.35227469844412]
        ]
      }
    },
    {
      "type": "Feature",
      "id": "stairs-9-l-1",
      "properties": {
        "feature_type": "vertical_connection",
        "level_id": -1,
        "name": "Staircase 9",
        "connection_type": "stairs",
        "vertical_connection_id": "stairs-9"
      },
      "geometry": {
        "type": "Polygon",
        "coordinates": [
          [
            [-8.425950591, 43.352279432],
            [-8.425936417, 43.352277024],
            [-8.425942683, 43.352257546],
            [-8.425956312, 43.352260307],
            [-8.425950591, 43.352279432]
          ]
        ]
      }
    },
    {
      "type": "Feature",
      "properties": {
        "connection_type": "stairs",
        "feature_type": "vertical_detail",
        "level_id": -1,
        "vertical_connection_id": "stairs-9"
      },
      "geometry": {
        "type": "LineString",
        "coordinates": [
          [-8.425952996166666, 43.35226203755587],
          [-8.425952996166666, 43.352274940444126]
        ]
      }
    },
    {
      "type": "Feature",
      "properties": {
        "connection_type": "stairs",
        "feature_type": "vertical_detail",
        "level_id": -1,
        "vertical_connection_id": "stairs-9"
      },
      "geometry": {
        "type": "LineString",
        "coordinates": [
          [-8.425949680333334, 43.35226203755587],
          [-8.425949680333334, 43.352274940444126]
        ]
      }
    },
    {
      "type": "Feature",
      "properties": {
        "connection_type": "stairs",
        "feature_type": "vertical_detail",
        "level_id": -1,
        "vertical_connection_id": "stairs-9"
      },
      "geometry": {
        "type": "LineString",
        "coordinates": [
          [-8.4259463645, 43.35226203755587],
          [-8.4259463645, 43.352274940444126]
        ]
      }
    },
    {
      "type": "Feature",
      "properties": {
        "connection_type": "stairs",
        "feature_type": "vertical_detail",
        "level_id": -1,
        "vertical_connection_id": "stairs-9"
      },
      "geometry": {
        "type": "LineString",
        "coordinates": [
          [-8.425943048666667, 43.35226203755587],
          [-8.425943048666667, 43.352274940444126]
        ]
      }
    },
    {
      "type": "Feature",
      "properties": {
        "connection_type": "stairs",
        "feature_type": "vertical_detail",
        "level_id": -1,
        "vertical_connection_id": "stairs-9"
      },
      "geometry": {
        "type": "LineString",
        "coordinates": [
          [-8.425939732833333, 43.35226203755587],
          [-8.425939732833333, 43.352274940444126]
        ]
      }
    },
    {
      "type": "Feature",
      "id": "stairs-9-l-1-2",
      "properties": {
        "feature_type": "vertical_connection",
        "level_id": -1,
        "name": "Staircase 9",
        "connection_type": "stairs",
        "vertical_connection_id": "stairs-9"
      },
      "geometry": {
        "type": "Polygon",
        "coordinates": [
          [
            [-8.425950591, 43.352279432],
            [-8.425936417, 43.352277024],
            [-8.425942683, 43.352257546],
            [-8.425956312, 43.352260307],
            [-8.425950591, 43.352279432]
          ]
        ]
      }
    },
    {
      "type": "Feature",
      "properties": {
        "connection_type": "stairs",
        "feature_type": "vertical_detail",
        "level_id": -1,
        "vertical_connection_id": "stairs-9"
      },
      "geometry": {
        "type": "LineString",
        "coordinates": [
          [-8.425952996166666, 43.35226203755587],
          [-8.425952996166666, 43.352274940444126]
        ]
      }
    },
    {
      "type": "Feature",
      "properties": {
        "connection_type": "stairs",
        "feature_type": "vertical_detail",
        "level_id": -1,
        "vertical_connection_id": "stairs-9"
      },
      "geometry": {
        "type": "LineString",
        "coordinates": [
          [-8.425949680333334, 43.35226203755587],
          [-8.425949680333334, 43.352274940444126]
        ]
      }
    },
    {
      "type": "Feature",
      "properties": {
        "connection_type": "stairs",
        "feature_type": "vertical_detail",
        "level_id": -1,
        "vertical_connection_id": "stairs-9"
      },
      "geometry": {
        "type": "LineString",
        "coordinates": [
          [-8.4259463645, 43.35226203755587],
          [-8.4259463645, 43.352274940444126]
        ]
      }
    },
    {
      "type": "Feature",
      "properties": {
        "connection_type": "stairs",
        "feature_type": "vertical_detail",
        "level_id": -1,
        "vertical_connection_id": "stairs-9"
      },
      "geometry": {
        "type": "LineString",
        "coordinates": [
          [-8.425943048666667, 43.35226203755587],
          [-8.425943048666667, 43.352274940444126]
        ]
      }
    },
    {
      "type": "Feature",
      "properties": {
        "connection_type": "stairs",
        "feature_type": "vertical_detail",
        "level_id": -1,
        "vertical_connection_id": "stairs-9"
      },
      "geometry": {
        "type": "LineString",
        "coordinates": [
          [-8.425939732833333, 43.35226203755587],
          [-8.425939732833333, 43.352274940444126]
        ]
      }
    },
    {
      "type": "Feature",
      "id": "stairs-9-l-1-3",
      "properties": {
        "feature_type": "vertical_connection",
        "level_id": -1,
        "name": "Staircase 9",
        "connection_type": "stairs",
        "vertical_connection_id": "stairs-9"
      },
      "geometry": {
        "type": "Polygon",
        "coordinates": [
          [
            [-8.425950591, 43.352279432],
            [-8.425936417, 43.352277024],
            [-8.425942683, 43.352257546],
            [-8.425956312, 43.352260307],
            [-8.425950591, 43.352279432]
          ]
        ]
      }
    },
    {
      "type": "Feature",
      "properties": {
        "connection_type": "stairs",
        "feature_type": "vertical_detail",
        "level_id": -1,
        "vertical_connection_id": "stairs-9"
      },
      "geometry": {
        "type": "LineString",
        "coordinates": [
          [-8.425952996166666, 43.35226203755587],
          [-8.425952996166666, 43.352274940444126]
        ]
      }
    },
    {
      "type": "Feature",
      "properties": {
        "connection_type": "stairs",
        "feature_type": "vertical_detail",
        "level_id": -1,
        "vertical_connection_id": "stairs-9"
      },
      "geometry": {
        "type": "LineString",
        "coordinates": [
          [-8.425949680333334, 43.35226203755587],
          [-8.425949680333334, 43.352274940444126]
        ]
      }
    },
    {
      "type": "Feature",
      "properties": {
        "connection_type": "stairs",
        "feature_type": "vertical_detail",
        "level_id": -1,
        "vertical_connection_id": "stairs-9"
      },
      "geometry": {
        "type": "LineString",
        "coordinates": [
          [-8.4259463645, 43.35226203755587],
          [-8.4259463645, 43.352274940444126]
        ]
      }
    },
    {
      "type": "Feature",
      "properties": {
        "connection_type": "stairs",
        "feature_type": "vertical_detail",
        "level_id": -1,
        "vertical_connection_id": "stairs-9"
      },
      "geometry": {
        "type": "LineString",
        "coordinates": [
          [-8.425943048666667, 43.35226203755587],
          [-8.425943048666667, 43.352274940444126]
        ]
      }
    },
    {
      "type": "Feature",
      "properties": {
        "connection_type": "stairs",
        "feature_type": "vertical_detail",
        "level_id": -1,
        "vertical_connection_id": "stairs-9"
      },
      "geometry": {
        "type": "LineString",
        "coordinates": [
          [-8.425939732833333, 43.35226203755587],
          [-8.425939732833333, 43.352274940444126]
        ]
      }
    },
    {
      "type": "Feature",
      "id": "outline--1",
      "properties": {
        "feature_type": "floor_outline",
        "level_id": -1,
        "name": "Level -1 outline"
      },
      "geometry": {
        "type": "Polygon",
        "coordinates": [
          [
            [-8.426275394, 43.35132107],
            [-8.423520693, 43.35132107],
            [-8.423520693, 43.352896056],
            [-8.426275394, 43.352896056],
            [-8.426275394, 43.35132107]
          ]
        ]
      }
    },
    {
      "type": "Feature",
      "id": "outline-0",
      "properties": {
        "feature_type": "floor_outline",
        "level_id": 0,
        "name": "Level 0 outline"
      },
      "geometry": {
        "type": "Polygon",
        "coordinates": [
          [
            [-8.426243015, 43.351346977],
            [-8.423564345, 43.351346977],
            [-8.423564345, 43.352896559],
            [-8.426243015, 43.352896559],
            [-8.426243015, 43.351346977]
          ]
        ]
      }
    },
    {
      "type": "Feature",
      "id": "outline-1",
      "properties": {
        "feature_type": "floor_outline",
        "level_id": 1,
        "name": "Level 1 outline"
      },
      "geometry": {
        "type": "Polygon",
        "coordinates": [
          [
            [-8.426242414, 43.351346649],
            [-8.423563744, 43.351346649],
            [-8.423563744, 43.35277728],
            [-8.426242414, 43.35277728],
            [-8.426242414, 43.351346649]
          ]
        ]
      }
    }
  ]
}
