{
  "type": "FeatureCollection",
  "features": [
    {
      "type": "Feature",
      "properties": {
        "access_type": "public",
        "from_level_id": null,
        "is_accessible": false,
        "level_id": 0,
        "network_type": "corridor",
        "to_level_id": null,
        "vertical_connection_id": null
      },
      "geometry": {
        "type": "LineString",
        "coordinates": [
          [-8.424605569527278, 43.35200874652496],
          [-8.424691208263006, 43.352025099706424]
        ]
      }
    },
    {
      "type": "Feature",
      "properties": {
        "access_type": "public",
        "from_level_id": null,
        "is_accessible": true,
        "level_id": 0,
        "network_type": "corridor",
        "to_level_id": null,
        "vertical_connection_id": null
      },
      "geometry": {
        "type": "LineString",
        "coordinates": [
          [-8.423960208364717, 43.352051041127204],
          [-8.423984981159533, 43.35199172331838]
        ]
      }
    },
    {
      "type": "Feature",
      "properties": {
        "access_type": "public",
        "from_level_id": null,
        "is_accessible": true,
        "level_id": 0,
        "network_type": "corridor",
        "to_level_id": null,
        "vertical_connection_id": null
      },
      "geometry": {
        "type": "LineString",
        "coordinates": [
          [-8.424245006847597, 43.35239606052057],
          [-8.42428069798587, 43.352438323717074]
        ]
      }
    },
    {
      "type": "Feature",
      "properties": {
        "access_type": "public",
        "from_level_id": null,
        "is_accessible": true,
        "level_id": 0,
        "network_type": "corridor",
        "to_level_id": null,
        "vertical_connection_id": null
      },
      "geometry": {
        "type": "LineString",
        "coordinates": [
          [-8.424790229806213, 43.352104835477036],
          [-8.424862985550263, 43.3521266052125]
        ]
      }
    },
    {
      "type": "Feature",
      "properties": {
        "access_type": "public",
        "from_level_id": null,
        "is_accessible": true,
        "level_id": 0,
        "network_type": "corridor",
        "to_level_id": null,
        "vertical_connection_id": null
      },
      "geometry": {
        "type": "LineString",
        "coordinates": [
          [-8.425215304529805, 43.35230434349684],
          [-8.425498390841524, 43.3523593116107]
        ]
      }
    },
    {
      "type": "Feature",
      "properties": {
        "access_type": "public",
        "from_level_id": null,
        "is_accessible": true,
        "level_id": 0,
        "network_type": "corridor",
        "to_level_id": null,
        "vertical_connection_id": null
      },
      "geometry": {
        "type": "LineString",
        "coordinates": [
          [-8.424552678672569, 43.352154038925455],
          [-8.424724134626867, 43.35218386195845]
        ]
      }
    },
    {
      "type": "Feature",
      "properties": {
        "access_type": "public",
        "from_level_id": null,
        "is_accessible": true,
        "level_id": 0,
        "network_type": "corridor",
        "to_level_id": null,
        "vertical_connection_id": null
      },
      "geometry": {
        "type": "LineString",
        "coordinates": [
          [-8.424611612936841, 43.35249646246553],
          [-8.42428069798587, 43.352438323717074]
        ]
      }
    },
    {
      "type": "Feature",
      "properties": {
        "access_type": "public",
        "from_level_id": null,
        "is_accessible": true,
        "level_id": 0,
        "network_type": "corridor",
        "to_level_id": null,
        "vertical_connection_id": null
      },
      "geometry": {
        "type": "LineString",
        "coordinates": [
          [-8.425730043584114, 43.352082029601696],
          [-8.425843625784779, 43.3522431340506]
        ]
      }
    },
    {
      "type": "Feature",
      "properties": {
        "access_type": "public",
        "from_level_id": null,
        "is_accessible": true,
        "level_id": 0,
        "network_type": "corridor",
        "to_level_id": null,
        "vertical_connection_id": null
      },
      "geometry": {
        "type": "LineString",
        "coordinates": [
          [-8.424552678672569, 43.352154038925455],
          [-8.424605569527278, 43.35200874652496]
        ]
      }
    },
    {
      "type": "Feature",
      "properties": {
        "access_type": "public",
        "from_level_id": null,
        "is_accessible": true,
        "level_id": 0,
        "network_type": "corridor",
        "to_level_id": null,
        "vertical_connection_id": null
      },
      "geometry": {
        "type": "LineString",
        "coordinates": [
          [-8.425347484949091, 43.35281906388769],
          [-8.425373508760128, 43.352756956267314]
        ]
      }
    },
    {
      "type": "Feature",
      "properties": {
        "access_type": "public",
        "from_level_id": null,
        "is_accessible": true,
        "level_id": 0,
        "network_type": "corridor",
        "to_level_id": null,
        "vertical_connection_id": null
      },
      "geometry": {
        "type": "LineString",
        "coordinates": [
          [-8.425814462687644, 43.35263614890012],
          [-8.42605864925228, 43.35274367314587]
        ]
      }
    },
    {
      "type": "Feature",
      "properties": {
        "access_type": "public",
        "from_level_id": null,
        "is_accessible": true,
        "level_id": 0,
        "network_type": "corridor",
        "to_level_id": null,
        "vertical_connection_id": null
      },
      "geometry": {
        "type": "LineString",
        "coordinates": [
          [-8.424693222962143, 43.35174552018419],
          [-8.424765261597933, 43.35150629507574]
        ]
      }
    },
    {
      "type": "Feature",
      "properties": {
        "access_type": "public",
        "from_level_id": null,
        "is_accessible": true,
        "level_id": 0,
        "network_type": "corridor",
        "to_level_id": null,
        "vertical_connection_id": null
      },
      "geometry": {
        "type": "LineString",
        "coordinates": [
          [-8.42509868653022, 43.35157081804051],
          [-8.424765261597933, 43.35150629507574]
        ]
      }
    },
    {
      "type": "Feature",
      "properties": {
        "access_type": "public",
        "from_level_id": null,
        "is_accessible": true,
        "level_id": 0,
        "network_type": "corridor",
        "to_level_id": null,
        "vertical_connection_id": null
      },
      "geometry": {
        "type": "LineString",
        "coordinates": [
          [-8.425498390841524, 43.3523593116107],
          [-8.425482471869653, 43.352407055480285]
        ]
      }
    },
    {
      "type": "Feature",
      "properties": {
        "access_type": "public",
        "from_level_id": null,
        "is_accessible": true,
        "level_id": 0,
        "network_type": "corridor",
        "to_level_id": null,
        "vertical_connection_id": null
      },
      "geometry": {
        "type": "LineString",
        "coordinates": [
          [-8.425215304529805, 43.35230434349684],
          [-8.425320071799035, 43.35201769049597]
        ]
      }
    },
    {
      "type": "Feature",
      "properties": {
        "access_type": "public",
        "from_level_id": -1,
        "is_accessible": true,
        "level_id": null,
        "network_type": "elevator",
        "to_level_id": 0,
        "vertical_connection_id": "elevator-1",
        "cost": 105
      },
      "geometry": {
        "type": "LineString",
        "coordinates": [
          [-8.424795298323113, 43.352105457899526],
          [-8.424790229806213, 43.352104835477036]
        ]
      }
    },
    {
      "type": "Feature",
      "properties": {
        "access_type": "public",
        "from_level_id": null,
        "is_accessible": false,
        "level_id": -1,
        "network_type": "corridor",
        "to_level_id": null,
        "vertical_connection_id": null
      },
      "geometry": {
        "type": "LineString",
        "coordinates": [
          [-8.424825655168549, 43.35203833804762],
          [-8.424910152004434, 43.35205305914657]
        ]
      }
    },
    {
      "type": "Feature",
      "properties": {
        "access_type": "public",
        "from_level_id": null,
        "is_accessible": true,
        "level_id": -1,
        "network_type": "corridor",
        "to_level_id": null,
        "vertical_connection_id": null
      },
      "geometry": {
        "type": "LineString",
        "coordinates": [
          [-8.424795298323113, 43.352105457899526],
          [-8.424896504988494, 43.35212737943474]
        ]
      }
    },
    {
      "type": "Feature",
      "properties": {
        "access_type": "public",
        "from_level_id": null,
        "is_accessible": true,
        "level_id": -1,
        "network_type": "corridor",
        "to_level_id": null,
        "vertical_connection_id": null
      },
      "geometry": {
        "type": "LineString",
        "coordinates": [
          [-8.424032442374305, 43.35151570499725],
          [-8.424458644327425, 43.35159000161424]
        ]
      }
    },
    {
      "type": "Feature",
      "properties": {
        "access_type": "public",
        "from_level_id": null,
        "is_accessible": true,
        "level_id": -1,
        "network_type": "corridor",
        "to_level_id": null,
        "vertical_connection_id": null
      },
      "geometry": {
        "type": "LineString",
        "coordinates": [
          [-8.424458644327425, 43.35159000161424],
          [-8.424451216830597, 43.351627089374865]
        ]
      }
    },
    {
      "type": "Feature",
      "properties": {
        "access_type": "public",
        "from_level_id": null,
        "is_accessible": true,
        "level_id": -1,
        "network_type": "corridor",
        "to_level_id": null,
        "vertical_connection_id": null
      },
      "geometry": {
        "type": "LineString",
        "coordinates": [
          [-8.424910152004434, 43.35205305914657],
          [-8.424896504988494, 43.35212737943474]
        ]
      }
    },
    {
      "type": "Feature",
      "properties": {
        "access_type": "public",
        "from_level_id": null,
        "is_accessible": true,
        "level_id": -1,
        "network_type": "corridor",
        "to_level_id": null,
        "vertical_connection_id": null
      },
      "geometry": {
        "type": "LineString",
        "coordinates": [
          [-8.424449608274102, 43.351906434036586],
          [-8.424375280496603, 43.351935886641314]
        ]
      }
    },
    {
      "type": "Feature",
      "properties": {
        "access_type": "public",
        "from_level_id": null,
        "is_accessible": true,
        "level_id": -1,
        "network_type": "corridor",
        "to_level_id": null,
        "vertical_connection_id": null
      },
      "geometry": {
        "type": "LineString",
        "coordinates": [
          [-8.424262328705634, 43.35226300249032],
          [-8.4248184282969, 43.35236937817167]
        ]
      }
    },
    {
      "type": "Feature",
      "properties": {
        "access_type": "public",
        "from_level_id": null,
        "is_accessible": true,
        "level_id": -1,
        "network_type": "corridor",
        "to_level_id": null,
        "vertical_connection_id": null
      },
      "geometry": {
        "type": "LineString",
        "coordinates": [
          [-8.4248184282969, 43.35236937817167],
          [-8.424740146304053, 43.3525441646344]
        ]
      }
    },
    {
      "type": "Feature",
      "properties": {
        "access_type": "public",
        "from_level_id": null,
        "is_accessible": true,
        "level_id": -1,
        "network_type": "corridor",
        "to_level_id": null,
        "vertical_connection_id": null
      },
      "geometry": {
        "type": "LineString",
        "coordinates": [
          [-8.424740146304053, 43.3525441646344],
          [-8.423763537134356, 43.35237057657941]
        ]
      }
    },
    {
      "type": "Feature",
      "properties": {
        "access_type": "public",
        "from_level_id": null,
        "is_accessible": true,
        "level_id": -1,
        "network_type": "corridor",
        "to_level_id": null,
        "vertical_connection_id": null
      },
      "geometry": {
        "type": "LineString",
        "coordinates": [
          [-8.424451216830597, 43.351627089374865],
          [-8.425026317682448, 43.35172787001302]
        ]
      }
    },
    {
      "type": "Feature",
      "properties": {
        "access_type": "public",
        "from_level_id": null,
        "is_accessible": true,
        "level_id": -1,
        "network_type": "corridor",
        "to_level_id": null,
        "vertical_connection_id": null
      },
      "geometry": {
        "type": "LineString",
        "coordinates": [
          [-8.425026317682448, 43.35172787001302],
          [-8.425013276275713, 43.35178234866067]
        ]
      }
    },
    {
      "type": "Feature",
      "properties": {
        "access_type": "public",
        "from_level_id": null,
        "is_accessible": true,
        "level_id": -1,
        "network_type": "corridor",
        "to_level_id": null,
        "vertical_connection_id": null
      },
      "geometry": {
        "type": "LineString",
        "coordinates": [
          [-8.425233634181357, 43.35195944809399],
          [-8.425277924087586, 43.35183184261701]
        ]
      }
    },
    {
      "type": "Feature",
      "properties": {
        "access_type": "public",
        "from_level_id": null,
        "is_accessible": true,
        "level_id": -1,
        "network_type": "corridor",
        "to_level_id": null,
        "vertical_connection_id": null
      },
      "geometry": {
        "type": "LineString",
        "coordinates": [
          [-8.425277924087586, 43.35183184261701],
          [-8.426142156696876, 43.35197156132095]
        ]
      }
    },
    {
      "type": "Feature",
      "properties": {
        "access_type": "public",
        "from_level_id": null,
        "is_accessible": true,
        "level_id": -1,
        "network_type": "corridor",
        "to_level_id": null,
        "vertical_connection_id": null
      },
      "geometry": {
        "type": "LineString",
        "coordinates": [
          [-8.426142156696876, 43.35197156132095],
          [-8.426103270082448, 43.352099743205294]
        ]
      }
    },
    {
      "type": "Feature",
      "properties": {
        "access_type": "public",
        "from_level_id": null,
        "is_accessible": true,
        "level_id": -1,
        "network_type": "corridor",
        "to_level_id": null,
        "vertical_connection_id": null
      },
      "geometry": {
        "type": "LineString",
        "coordinates": [
          [-8.425195787340542, 43.35208077903217],
          [-8.425829230501506, 43.352192854360084]
        ]
      }
    },
    {
      "type": "Feature",
      "properties": {
        "access_type": "public",
        "from_level_id": null,
        "is_accessible": true,
        "level_id": -1,
        "network_type": "corridor",
        "to_level_id": null,
        "vertical_connection_id": null
      },
      "geometry": {
        "type": "LineString",
        "coordinates": [
          [-8.425624858957532, 43.35227821406785],
          [-8.425124738311128, 43.35219385294735]
        ]
      }
    },
    {
      "type": "Feature",
      "properties": {
        "access_type": "public",
        "from_level_id": null,
        "is_accessible": true,
        "level_id": -1,
        "network_type": "corridor",
        "to_level_id": null,
        "vertical_connection_id": null
      },
      "geometry": {
        "type": "LineString",
        "coordinates": [
          [-8.425195787340542, 43.35208077903217],
          [-8.425124738311128, 43.35219385294735]
        ]
      }
    },
    {
      "type": "Feature",
      "properties": {
        "access_type": "public",
        "from_level_id": null,
        "is_accessible": true,
        "level_id": -1,
        "network_type": "corridor",
        "to_level_id": null,
        "vertical_connection_id": null
      },
      "geometry": {
        "type": "LineString",
        "coordinates": [
          [-8.425624858957532, 43.35227821406785],
          [-8.425587727093971, 43.35239879010946]
        ]
      }
    },
    {
      "type": "Feature",
      "properties": {
        "access_type": "public",
        "from_level_id": null,
        "is_accessible": true,
        "level_id": -1,
        "network_type": "corridor",
        "to_level_id": null,
        "vertical_connection_id": null
      },
      "geometry": {
        "type": "LineString",
        "coordinates": [
          [-8.425179377174953, 43.35241284450851],
          [-8.425462259219007, 43.35246287378474]
        ]
      }
    },
    {
      "type": "Feature",
      "properties": {
        "access_type": "public",
        "from_level_id": null,
        "is_accessible": true,
        "level_id": -1,
        "network_type": "corridor",
        "to_level_id": null,
        "vertical_connection_id": null
      },
      "geometry": {
        "type": "LineString",
        "coordinates": [
          [-8.425614394283139, 43.35257349907765],
          [-8.425697190141015, 43.352547707952816]
        ]
      }
    },
    {
      "type": "Feature",
      "properties": {
        "access_type": "public",
        "from_level_id": null,
        "is_accessible": true,
        "level_id": -1,
        "network_type": "corridor",
        "to_level_id": null,
        "vertical_connection_id": null
      },
      "geometry": {
        "type": "LineString",
        "coordinates": [
          [-8.425697190141015, 43.352547707952816],
          [-8.425816699562471, 43.352561313555825]
        ]
      }
    },
    {
      "type": "Feature",
      "properties": {
        "access_type": "public",
        "from_level_id": null,
        "is_accessible": true,
        "level_id": -1,
        "network_type": "corridor",
        "to_level_id": null,
        "vertical_connection_id": null
      },
      "geometry": {
        "type": "LineString",
        "coordinates": [
          [-8.425874788249716, 43.352378694677896],
          [-8.425816699562471, 43.352561313555825]
        ]
      }
    },
    {
      "type": "Feature",
      "properties": {
        "access_type": "public",
        "from_level_id": null,
        "is_accessible": true,
        "level_id": -1,
        "network_type": "corridor",
        "to_level_id": null,
        "vertical_connection_id": null
      },
      "geometry": {
        "type": "LineString",
        "coordinates": [
          [-8.425614394283139, 43.35257349907765],
          [-8.425572613143595, 43.352639377473736]
        ]
      }
    },
    {
      "type": "Feature",
      "properties": {
        "access_type": "public",
        "from_level_id": null,
        "is_accessible": true,
        "level_id": -1,
        "network_type": "corridor",
        "to_level_id": null,
        "vertical_connection_id": null
      },
      "geometry": {
        "type": "LineString",
        "coordinates": [
          [-8.425572613143595, 43.352639377473736],
          [-8.425020120675123, 43.35254722747643]
        ]
      }
    },
    {
      "type": "Feature",
      "properties": {
        "access_type": "public",
        "from_level_id": null,
        "is_accessible": true,
        "level_id": -1,
        "network_type": "corridor",
        "to_level_id": null,
        "vertical_connection_id": null
      },
      "geometry": {
        "type": "LineString",
        "coordinates": [
          [-8.425233634181357, 43.35195944809399],
          [-8.426103270082448, 43.352099743205294]
        ]
      }
    },
    {
      "type": "Feature",
      "properties": {
        "access_type": "public",
        "from_level_id": null,
        "is_accessible": true,
        "level_id": -1,
        "network_type": "corridor",
        "to_level_id": null,
        "vertical_connection_id": null
      },
      "geometry": {
        "type": "LineString",
        "coordinates": [
          [-8.425587727093971, 43.35239879010946],
          [-8.425482706890215, 43.35239196276129]
        ]
      }
    },
    {
      "type": "Feature",
      "properties": {
        "access_type": "public",
        "from_level_id": null,
        "is_accessible": true,
        "level_id": -1,
        "network_type": "corridor",
        "to_level_id": null,
        "vertical_connection_id": null
      },
      "geometry": {
        "type": "LineString",
        "coordinates": [
          [-8.425462259219007, 43.35246287378474],
          [-8.425482706890215, 43.35239196276129]
        ]
      }
    },
    {
      "type": "Feature",
      "properties": {
        "access_type": "public",
        "from_level_id": null,
        "is_accessible": true,
        "level_id": -1,
        "network_type": "corridor",
        "to_level_id": null,
        "vertical_connection_id": null
      },
      "geometry": {
        "type": "LineString",
        "coordinates": [
          [-8.425233634181357, 43.35195944809399],
          [-8.425221503230597, 43.35199575702729]
        ]
      }
    },
    {
      "type": "Feature",
      "properties": {
        "access_type": "public",
        "from_level_id": null,
        "is_accessible": true,
        "level_id": -1,
        "network_type": "corridor",
        "to_level_id": null,
        "vertical_connection_id": null
      },
      "geometry": {
        "type": "LineString",
        "coordinates": [
          [-8.42494777018479, 43.35194687060181],
          [-8.425221503230597, 43.35199575702729]
        ]
      }
    },
    {
      "type": "Feature",
      "properties": {
        "access_type": "public",
        "from_level_id": null,
        "is_accessible": true,
        "level_id": -1,
        "network_type": "corridor",
        "to_level_id": null,
        "vertical_connection_id": null
      },
      "geometry": {
        "type": "LineString",
        "coordinates": [
          [-8.425195787340542, 43.35208077903217],
          [-8.425221503230597, 43.35199575702729]
        ]
      }
    },
    {
      "type": "Feature",
      "properties": {
        "access_type": "public",
        "from_level_id": null,
        "is_accessible": true,
        "level_id": -1,
        "network_type": "corridor",
        "to_level_id": null,
        "vertical_connection_id": null
      },
      "geometry": {
        "type": "LineString",
        "coordinates": [
          [-8.423901823763927, 43.35230718983976],
          [-8.424115774368811, 43.35234320878399]
        ]
      }
    },
    {
      "type": "Feature",
      "properties": {
        "access_type": "public",
        "from_level_id": null,
        "is_accessible": true,
        "level_id": -1,
        "network_type": "corridor",
        "to_level_id": null,
        "vertical_connection_id": null
      },
      "geometry": {
        "type": "LineString",
        "coordinates": [
          [-8.424116446783046, 43.35165999414175],
          [-8.424995701475815, 43.351815909251705]
        ]
      }
    },
    {
      "type": "Feature",
      "properties": {
        "access_type": "public",
        "from_level_id": null,
        "is_accessible": true,
        "level_id": -1,
        "network_type": "corridor",
        "to_level_id": null,
        "vertical_connection_id": null
      },
      "geometry": {
        "type": "LineString",
        "coordinates": [
          [-8.42494777018479, 43.35194687060181],
          [-8.424995701475815, 43.351815909251705]
        ]
      }
    },
    {
      "type": "Feature",
      "properties": {
        "access_type": "public",
        "from_level_id": null,
        "is_accessible": true,
        "level_id": -1,
        "network_type": "corridor",
        "to_level_id": null,
        "vertical_connection_id": null
      },
      "geometry": {
        "type": "LineString",
        "coordinates": [
          [-8.425013276275713, 43.35178234866067],
          [-8.424995701475815, 43.351815909251705]
        ]
      }
    },
    {
      "type": "Feature",
      "properties": {
        "access_type": "public",
        "from_level_id": null,
        "is_accessible": true,
        "level_id": -1,
        "network_type": "corridor",
        "to_level_id": null,
        "vertical_connection_id": null
      },
      "geometry": {
        "type": "LineString",
        "coordinates": [
          [-8.42583253461687, 43.35228896987864],
          [-8.425871891142386, 43.3522949915373]
        ]
      }
    },
    {
      "type": "Feature",
      "properties": {
        "access_type": "public",
        "from_level_id": -1,
        "is_accessible": true,
        "level_id": null,
        "network_type": "elevator",
        "to_level_id": 0,
        "vertical_connection_id": "elevator-2",
        "cost": 105
      },
      "geometry": {
        "type": "LineString",
        "coordinates": [
          [-8.425871891142386, 43.3522949915373],
          [-8.425888362696087, 43.35229678233907]
        ]
      }
    },
    {
      "type": "Feature",
      "properties": {
        "access_type": "public",
        "from_level_id": null,
        "is_accessible": true,
        "level_id": -1,
        "network_type": "corridor",
        "to_level_id": null,
        "vertical_connection_id": null
      },
      "geometry": {
        "type": "LineString",
        "coordinates": [
          [-8.42583253461687, 43.35228896987864],
          [-8.425849066909029, 43.35224385810902]
        ]
      }
    },
    {
      "type": "Feature",
      "properties": {
        "access_type": "public",
        "from_level_id": null,
        "is_accessible": false,
        "level_id": -1,
        "network_type": "corridor",
        "to_level_id": null,
        "vertical_connection_id": null
      },
      "geometry": {
        "type": "LineString",
        "coordinates": [
          [-8.425849066909029, 43.35224385810902],
          [-8.425907092624412, 43.35225725353259]
        ]
      }
    },
    {
      "type": "Feature",
      "properties": {
        "access_type": "public",
        "from_level_id": -1,
        "is_accessible": false,
        "level_id": null,
        "network_type": "stairs",
        "to_level_id": 0,
        "vertical_connection_id": "stairs-1",
        "cost": 60
      },
      "geometry": {
        "type": "LineString",
        "coordinates": [
          [-8.425907092624412, 43.35225725353259],
          [-8.425899089044638, 43.352253614798926]
        ]
      }
    },
    {
      "type": "Feature",
      "properties": {
        "access_type": "public",
        "from_level_id": null,
        "is_accessible": true,
        "level_id": -1,
        "network_type": "corridor",
        "to_level_id": null,
        "vertical_connection_id": null
      },
      "geometry": {
        "type": "LineString",
        "coordinates": [
          [-8.425829230501506, 43.352192854360084],
          [-8.425849066909029, 43.35224385810902]
        ]
      }
    },
    {
      "type": "Feature",
      "properties": {
        "access_type": "public",
        "from_level_id": null,
        "is_accessible": true,
        "level_id": 0,
        "network_type": "corridor",
        "to_level_id": null,
        "vertical_connection_id": null
      },
      "geometry": {
        "type": "LineString",
        "coordinates": [
          [-8.423960208364717, 43.352051041127204],
          [-8.42400590321139, 43.352058115936245]
        ]
      }
    },
    {
      "type": "Feature",
      "properties": {
        "access_type": "public",
        "from_level_id": -1,
        "is_accessible": false,
        "level_id": null,
        "network_type": "escalator",
        "to_level_id": 0,
        "vertical_connection_id": "escalator-1",
        "cost": 45
      },
      "geometry": {
        "type": "LineString",
        "coordinates": [
          [-8.424825655168549, 43.35203833804762],
          [-8.424691208263006, 43.352025099706424]
        ]
      }
    },
    {
      "type": "Feature",
      "properties": {
        "access_type": "public",
        "from_level_id": null,
        "is_accessible": true,
        "level_id": 0,
        "network_type": "corridor",
        "to_level_id": null,
        "vertical_connection_id": null
      },
      "geometry": {
        "type": "LineString",
        "coordinates": [
          [-8.424862985550263, 43.3521266052125],
          [-8.424886296542986, 43.35205044553236]
        ]
      }
    },
    {
      "type": "Feature",
      "properties": {
        "access_type": "public",
        "from_level_id": null,
        "is_accessible": false,
        "level_id": 0,
        "network_type": "corridor",
        "to_level_id": null,
        "vertical_connection_id": null
      },
      "geometry": {
        "type": "LineString",
        "coordinates": [
          [-8.424837650984994, 43.35203880666099],
          [-8.424886296542986, 43.35205044553236]
        ]
      }
    },
    {
      "type": "Feature",
      "properties": {
        "access_type": "public",
        "from_level_id": null,
        "is_accessible": true,
        "level_id": 0,
        "network_type": "corridor",
        "to_level_id": null,
        "vertical_connection_id": null
      },
      "geometry": {
        "type": "LineString",
        "coordinates": [
          [-8.424925917936351, 43.35194962813136],
          [-8.424886296542986, 43.35205044553236]
        ]
      }
    },
    {
      "type": "Feature",
      "properties": {
        "access_type": "public",
        "from_level_id": null,
        "is_accessible": true,
        "level_id": 0,
        "network_type": "corridor",
        "to_level_id": null,
        "vertical_connection_id": null
      },
      "geometry": {
        "type": "LineString",
        "coordinates": [
          [-8.424605569527278, 43.35200874652496],
          [-8.424656988486223, 43.351862329157136]
        ]
      }
    },
    {
      "type": "Feature",
      "properties": {
        "access_type": "public",
        "from_level_id": null,
        "is_accessible": true,
        "level_id": 0,
        "network_type": "corridor",
        "to_level_id": null,
        "vertical_connection_id": null
      },
      "geometry": {
        "type": "LineString",
        "coordinates": [
          [-8.424693222962143, 43.35174552018419],
          [-8.424656988486223, 43.351862329157136]
        ]
      }
    },
    {
      "type": "Feature",
      "properties": {
        "access_type": "public",
        "from_level_id": null,
        "is_accessible": true,
        "level_id": 0,
        "network_type": "corridor",
        "to_level_id": null,
        "vertical_connection_id": null
      },
      "geometry": {
        "type": "LineString",
        "coordinates": [
          [-8.424245006847597, 43.35239606052057],
          [-8.42433698089825, 43.352112758010534]
        ]
      }
    },
    {
      "type": "Feature",
      "properties": {
        "access_type": "public",
        "from_level_id": null,
        "is_accessible": true,
        "level_id": 0,
        "network_type": "corridor",
        "to_level_id": null,
        "vertical_connection_id": null
      },
      "geometry": {
        "type": "LineString",
        "coordinates": [
          [-8.424552678672569, 43.352154038925455],
          [-8.42433698089825, 43.352112758010534]
        ]
      }
    },
    {
      "type": "Feature",
      "properties": {
        "access_type": "public",
        "from_level_id": null,
        "is_accessible": false,
        "level_id": 0,
        "network_type": "corridor",
        "to_level_id": null,
        "vertical_connection_id": null
      },
      "geometry": {
        "type": "LineString",
        "coordinates": [
          [-8.425843625784779, 43.3522431340506],
          [-8.425899089044638, 43.352253614798926]
        ]
      }
    },
    {
      "type": "Feature",
      "properties": {
        "access_type": "public",
        "from_level_id": null,
        "is_accessible": true,
        "level_id": 0,
        "network_type": "corridor",
        "to_level_id": null,
        "vertical_connection_id": null
      },
      "geometry": {
        "type": "LineString",
        "coordinates": [
          [-8.425843625784779, 43.3522431340506],
          [-8.42582753295489, 43.35228728585554]
        ]
      }
    },
    {
      "type": "Feature",
      "properties": {
        "access_type": "public",
        "from_level_id": null,
        "is_accessible": true,
        "level_id": 0,
        "network_type": "corridor",
        "to_level_id": null,
        "vertical_connection_id": null
      },
      "geometry": {
        "type": "LineString",
        "coordinates": [
          [-8.425888362696087, 43.35229678233907],
          [-8.42582753295489, 43.35228728585554]
        ]
      }
    },
    {
      "type": "Feature",
      "properties": {
        "access_type": "public",
        "from_level_id": null,
        "is_accessible": true,
        "level_id": 0,
        "network_type": "corridor",
        "to_level_id": null,
        "vertical_connection_id": null
      },
      "geometry": {
        "type": "LineString",
        "coordinates": [
          [-8.425792387705838, 43.3523759180176],
          [-8.42582753295489, 43.35228728585554]
        ]
      }
    },
    {
      "type": "Feature",
      "properties": {
        "access_type": "public",
        "from_level_id": null,
        "is_accessible": true,
        "level_id": 1,
        "network_type": "corridor",
        "to_level_id": null,
        "vertical_connection_id": null
      },
      "geometry": {
        "type": "LineString",
        "coordinates": [
          [-8.424366343858049, 43.35207037830178],
          [-8.423982279537034, 43.35199808015567]
        ]
      }
    },
    {
      "type": "Feature",
      "properties": {
        "access_type": "public",
        "from_level_id": null,
        "is_accessible": true,
        "level_id": 1,
        "network_type": "corridor",
        "to_level_id": null,
        "vertical_connection_id": null
      },
      "geometry": {
        "type": "LineString",
        "coordinates": [
          [-8.424578914398998, 43.35215539546682],
          [-8.424616197470838, 43.35201030086718]
        ]
      }
    },
    {
      "type": "Feature",
      "properties": {
        "access_type": "public",
        "from_level_id": null,
        "is_accessible": false,
        "level_id": 1,
        "network_type": "corridor",
        "to_level_id": null,
        "vertical_connection_id": null
      },
      "geometry": {
        "type": "LineString",
        "coordinates": [
          [-8.424616197470838, 43.35201030086718],
          [-8.4246966311458, 43.35202161569429]
        ]
      }
    },
    {
      "type": "Feature",
      "properties": {
        "access_type": "public",
        "from_level_id": null,
        "is_accessible": true,
        "level_id": 1,
        "network_type": "corridor",
        "to_level_id": null,
        "vertical_connection_id": null
      },
      "geometry": {
        "type": "LineString",
        "coordinates": [
          [-8.424578914398998, 43.35215539546682],
          [-8.424754603526738, 43.35218483330472]
        ]
      }
    },
    {
      "type": "Feature",
      "properties": {
        "access_type": "public",
        "from_level_id": null,
        "is_accessible": true,
        "level_id": 1,
        "network_type": "corridor",
        "to_level_id": null,
        "vertical_connection_id": null
      },
      "geometry": {
        "type": "LineString",
        "coordinates": [
          [-8.424855135232498, 43.352114361213154],
          [-8.424781520812159, 43.35210048227246]
        ]
      }
    },
    {
      "type": "Feature",
      "properties": {
        "access_type": "public",
        "from_level_id": null,
        "is_accessible": true,
        "level_id": 1,
        "network_type": "corridor",
        "to_level_id": null,
        "vertical_connection_id": null
      },
      "geometry": {
        "type": "LineString",
        "coordinates": [
          [-8.424906343871179, 43.351960182187426],
          [-8.425304220812768, 43.35203471891249]
        ]
      }
    },
    {
      "type": "Feature",
      "properties": {
        "access_type": "public",
        "from_level_id": null,
        "is_accessible": true,
        "level_id": 1,
        "network_type": "corridor",
        "to_level_id": null,
        "vertical_connection_id": null
      },
      "geometry": {
        "type": "LineString",
        "coordinates": [
          [-8.425304220812768, 43.35203471891249],
          [-8.42522294371934, 43.35231491793788]
        ]
      }
    },
    {
      "type": "Feature",
      "properties": {
        "access_type": "public",
        "from_level_id": null,
        "is_accessible": true,
        "level_id": 1,
        "network_type": "corridor",
        "to_level_id": null,
        "vertical_connection_id": null
      },
      "geometry": {
        "type": "LineString",
        "coordinates": [
          [-8.42522294371934, 43.35231491793788],
          [-8.425727779735368, 43.35240757234075]
        ]
      }
    },
    {
      "type": "Feature",
      "properties": {
        "access_type": "public",
        "from_level_id": null,
        "is_accessible": true,
        "level_id": 1,
        "network_type": "corridor",
        "to_level_id": null,
        "vertical_connection_id": null
      },
      "geometry": {
        "type": "LineString",
        "coordinates": [
          [-8.425727779735368, 43.35240757234075],
          [-8.425804752516939, 43.35236291537881]
        ]
      }
    },
    {
      "type": "Feature",
      "properties": {
        "access_type": "public",
        "from_level_id": null,
        "is_accessible": true,
        "level_id": 1,
        "network_type": "corridor",
        "to_level_id": null,
        "vertical_connection_id": null
      },
      "geometry": {
        "type": "LineString",
        "coordinates": [
          [-8.42522294371934, 43.35231491793788],
          [-8.425248080616006, 43.35236549032969]
        ]
      }
    },
    {
      "type": "Feature",
      "properties": {
        "access_type": "public",
        "from_level_id": null,
        "is_accessible": true,
        "level_id": 1,
        "network_type": "corridor",
        "to_level_id": null,
        "vertical_connection_id": null
      },
      "geometry": {
        "type": "LineString",
        "coordinates": [
          [-8.424821260657158, 43.35177687555041],
          [-8.424906343871179, 43.351960182187426]
        ]
      }
    },
    {
      "type": "Feature",
      "properties": {
        "access_type": "public",
        "from_level_id": null,
        "is_accessible": true,
        "level_id": 1,
        "network_type": "corridor",
        "to_level_id": null,
        "vertical_connection_id": null
      },
      "geometry": {
        "type": "LineString",
        "coordinates": [
          [-8.42575154013101, 43.35208750452464],
          [-8.425847409040538, 43.35224227067327]
        ]
      }
    },
    {
      "type": "Feature",
      "properties": {
        "access_type": "public",
        "from_level_id": null,
        "is_accessible": true,
        "level_id": 1,
        "network_type": "corridor",
        "to_level_id": null,
        "vertical_connection_id": null
      },
      "geometry": {
        "type": "LineString",
        "coordinates": [
          [-8.425304220812768, 43.35203471891249],
          [-8.425375299512954, 43.35201804370676]
        ]
      }
    },
    {
      "type": "Feature",
      "properties": {
        "access_type": "public",
        "from_level_id": null,
        "is_accessible": true,
        "level_id": 1,
        "network_type": "corridor",
        "to_level_id": null,
        "vertical_connection_id": null
      },
      "geometry": {
        "type": "LineString",
        "coordinates": [
          [-8.42575154013101, 43.35208750452464],
          [-8.425375299512954, 43.35201804370676]
        ]
      }
    },
    {
      "type": "Feature",
      "properties": {
        "access_type": "public",
        "from_level_id": null,
        "is_accessible": true,
        "level_id": 1,
        "network_type": "corridor",
        "to_level_id": null,
        "vertical_connection_id": null
      },
      "geometry": {
        "type": "LineString",
        "coordinates": [
          [-8.424855135232498, 43.352114361213154],
          [-8.424840433151783, 43.352166192623855]
        ]
      }
    },
    {
      "type": "Feature",
      "properties": {
        "access_type": "public",
        "from_level_id": null,
        "is_accessible": true,
        "level_id": 1,
        "network_type": "corridor",
        "to_level_id": null,
        "vertical_connection_id": null
      },
      "geometry": {
        "type": "LineString",
        "coordinates": [
          [-8.424754603526738, 43.35218483330472],
          [-8.424840433151783, 43.352166192623855]
        ]
      }
    },
    {
      "type": "Feature",
      "properties": {
        "access_type": "public",
        "from_level_id": null,
        "is_accessible": true,
        "level_id": 1,
        "network_type": "corridor",
        "to_level_id": null,
        "vertical_connection_id": null
      },
      "geometry": {
        "type": "LineString",
        "coordinates": [
          [-8.424578914398998, 43.35215539546682],
          [-8.424352404400626, 43.35211749409689]
        ]
      }
    },
    {
      "type": "Feature",
      "properties": {
        "access_type": "public",
        "from_level_id": null,
        "is_accessible": true,
        "level_id": 1,
        "network_type": "corridor",
        "to_level_id": null,
        "vertical_connection_id": null
      },
      "geometry": {
        "type": "LineString",
        "coordinates": [
          [-8.424366343858049, 43.35207037830178],
          [-8.424352404400626, 43.35211749409689]
        ]
      }
    },
    {
      "type": "Feature",
      "properties": {
        "access_type": "public",
        "from_level_id": null,
        "is_accessible": true,
        "level_id": 1,
        "network_type": "corridor",
        "to_level_id": null,
        "vertical_connection_id": null
      },
      "geometry": {
        "type": "LineString",
        "coordinates": [
          [-8.424304204195634, 43.35225543085038],
          [-8.424352404400626, 43.35211749409689]
        ]
      }
    },
    {
      "type": "Feature",
      "properties": {
        "access_type": "public",
        "from_level_id": null,
        "is_accessible": false,
        "level_id": 1,
        "network_type": "corridor",
        "to_level_id": null,
        "vertical_connection_id": null
      },
      "geometry": {
        "type": "LineString",
        "coordinates": [
          [-8.425847409040538, 43.35224227067327],
          [-8.425904644503698, 43.35225451133616]
        ]
      }
    },
    {
      "type": "Feature",
      "properties": {
        "access_type": "public",
        "from_level_id": null,
        "is_accessible": true,
        "level_id": 1,
        "network_type": "corridor",
        "to_level_id": null,
        "vertical_connection_id": null
      },
      "geometry": {
        "type": "LineString",
        "coordinates": [
          [-8.425847409040538, 43.35224227067327],
          [-8.425828877472012, 43.35228846042317]
        ]
      }
    },
    {
      "type": "Feature",
      "properties": {
        "access_type": "public",
        "from_level_id": null,
        "is_accessible": true,
        "level_id": 1,
        "network_type": "corridor",
        "to_level_id": null,
        "vertical_connection_id": null
      },
      "geometry": {
        "type": "LineString",
        "coordinates": [
          [-8.425828877472012, 43.35228846042317],
          [-8.425886834157227, 43.35229657965037]
        ]
      }
    },
    {
      "type": "Feature",
      "properties": {
        "access_type": "public",
        "from_level_id": null,
        "is_accessible": true,
        "level_id": 1,
        "network_type": "corridor",
        "to_level_id": null,
        "vertical_connection_id": null
      },
      "geometry": {
        "type": "LineString",
        "coordinates": [
          [-8.425804752516939, 43.35236291537881],
          [-8.425828877472012, 43.35228846042317]
        ]
      }
    },
    {
      "type": "Feature",
      "properties": {
        "access_type": "public",
        "from_level_id": 0,
        "is_accessible": true,
        "level_id": null,
        "network_type": "elevator",
        "to_level_id": 1,
        "vertical_connection_id": "elevator-3",
        "cost": 105
      },
      "geometry": {
        "type": "LineString",
        "coordinates": [
          [-8.425888362696087, 43.35229678233907],
          [-8.425886834157227, 43.35229657965037]
        ]
      }
    },
    {
      "type": "Feature",
      "properties": {
        "access_type": "public",
        "from_level_id": 0,
        "is_accessible": false,
        "level_id": null,
        "network_type": "stairs",
        "to_level_id": 1,
        "vertical_connection_id": "stairs-2",
        "cost": 60
      },
      "geometry": {
        "type": "LineString",
        "coordinates": [
          [-8.425899089044638, 43.352253614798926],
          [-8.425904644503698, 43.35225451133616]
        ]
      }
    },
    {
      "type": "Feature",
      "properties": {
        "access_type": "public",
        "from_level_id": null,
        "is_accessible": true,
        "level_id": 0,
        "network_type": "corridor",
        "to_level_id": null,
        "vertical_connection_id": null
      },
      "geometry": {
        "type": "LineString",
        "coordinates": [
          [-8.425482471869653, 43.352407055480285],
          [-8.42547111192906, 43.352440491343096]
        ]
      }
    },
    {
      "type": "Feature",
      "properties": {
        "access_type": "public",
        "from_level_id": null,
        "is_accessible": true,
        "level_id": 0,
        "network_type": "corridor",
        "to_level_id": null,
        "vertical_connection_id": null
      },
      "geometry": {
        "type": "LineString",
        "coordinates": [
          [-8.425373508760128, 43.352756956267314],
          [-8.42547111192906, 43.352440491343096]
        ]
      }
    },
    {
      "type": "Feature",
      "properties": {
        "access_type": "public",
        "from_level_id": null,
        "is_accessible": true,
        "level_id": 0,
        "network_type": "corridor",
        "to_level_id": null,
        "vertical_connection_id": null
      },
      "geometry": {
        "type": "LineString",
        "coordinates": [
          [-8.425215304529805, 43.35230434349684],
          [-8.425199997445656, 43.35235087050648]
        ]
      }
    },
    {
      "type": "Feature",
      "properties": {
        "access_type": "public",
        "from_level_id": null,
        "is_accessible": true,
        "level_id": 0,
        "network_type": "corridor",
        "to_level_id": null,
        "vertical_connection_id": null
      },
      "geometry": {
        "type": "LineString",
        "coordinates": [
          [-8.425186721807288, 43.35239007096001],
          [-8.425199997445656, 43.35235087050648]
        ]
      }
    },
    {
      "type": "Feature",
      "properties": {
        "access_type": "public",
        "from_level_id": null,
        "is_accessible": false,
        "level_id": 0,
        "network_type": "corridor",
        "to_level_id": null,
        "vertical_connection_id": null
      },
      "geometry": {
        "type": "LineString",
        "coordinates": [
          [-8.425256874744258, 43.352361096933535],
          [-8.425199997445656, 43.35235087050648]
        ]
      }
    },
    {
      "type": "Feature",
      "properties": {
        "access_type": "public",
        "from_level_id": null,
        "is_accessible": false,
        "level_id": 0,
        "network_type": "corridor",
        "to_level_id": null,
        "vertical_connection_id": null
      },
      "geometry": {
        "type": "LineString",
        "coordinates": [
          [-8.425482471869653, 43.352407055480285],
          [-8.425403617772233, 43.35238859476637]
        ]
      }
    },
    {
      "type": "Feature",
      "properties": {
        "access_type": "public",
        "from_level_id": null,
        "is_accessible": false,
        "level_id": -1,
        "network_type": "corridor",
        "to_level_id": null,
        "vertical_connection_id": null
      },
      "geometry": {
        "type": "LineString",
        "coordinates": [
          [-8.425482706890215, 43.35239196276129],
          [-8.425424718711035, 43.352382616845645]
        ]
      }
    },
    {
      "type": "Feature",
      "properties": {
        "access_type": "public",
        "from_level_id": -1,
        "is_accessible": false,
        "level_id": null,
        "network_type": "escalator",
        "to_level_id": 0,
        "vertical_connection_id": "escalator-2",
        "cost": 45
      },
      "geometry": {
        "type": "LineString",
        "coordinates": [
          [-8.425424718711035, 43.352382616845645],
          [-8.425256874744258, 43.352361096933535]
        ]
      }
    },
    {
      "type": "Feature",
      "properties": {
        "access_type": "public",
        "from_level_id": 0,
        "is_accessible": false,
        "level_id": null,
        "network_type": "escalator",
        "to_level_id": 1,
        "vertical_connection_id": "escalator-3",
        "cost": 45
      },
      "geometry": {
        "type": "LineString",
        "coordinates": [
          [-8.425403617772233, 43.35238859476637],
          [-8.425248080616006, 43.35236549032969]
        ]
      }
    },
    {
      "type": "Feature",
      "properties": {
        "access_type": "public",
        "from_level_id": null,
        "is_accessible": true,
        "level_id": 0,
        "network_type": "corridor",
        "to_level_id": null,
        "vertical_connection_id": null
      },
      "geometry": {
        "type": "LineString",
        "coordinates": [
          [-8.425186721807288, 43.35239007096001],
          [-8.42547111192906, 43.352440491343096]
        ]
      }
    },
    {
      "type": "Feature",
      "properties": {
        "access_type": "public",
        "from_level_id": null,
        "is_accessible": true,
        "level_id": -1,
        "network_type": "corridor",
        "to_level_id": null,
        "vertical_connection_id": null
      },
      "geometry": {
        "type": "LineString",
        "coordinates": [
          [-8.424115774368811, 43.35234320878399],
          [-8.424197629172289, 43.35208501801341]
        ]
      }
    },
    {
      "type": "Feature",
      "properties": {
        "access_type": "public",
        "from_level_id": null,
        "is_accessible": true,
        "level_id": -1,
        "network_type": "corridor",
        "to_level_id": null,
        "vertical_connection_id": null
      },
      "geometry": {
        "type": "LineString",
        "coordinates": [
          [-8.424197629172289, 43.35208501801341],
          [-8.424155694343805, 43.35208185199744]
        ]
      }
    },
    {
      "type": "Feature",
      "properties": {
        "access_type": "public",
        "from_level_id": -1,
        "is_accessible": false,
        "level_id": null,
        "network_type": "escalator",
        "to_level_id": 0,
        "vertical_connection_id": "escalator-4",
        "cost": 45
      },
      "geometry": {
        "type": "LineString",
        "coordinates": [
          [-8.424155694343805, 43.35208185199744],
          [-8.42400590321139, 43.352058115936245]
        ]
      }
    },
    {
      "type": "Feature",
      "properties": {
        "access_type": "public",
        "from_level_id": null,
        "is_accessible": true,
        "level_id": 0,
        "network_type": "corridor",
        "to_level_id": null,
        "vertical_connection_id": null
      },
      "geometry": {
        "type": "LineString",
        "coordinates": [
          [-8.424199165181005, 43.352034888063045],
          [-8.424180063461549, 43.352084540826255]
        ]
      }
    },
    {
      "type": "Feature",
      "properties": {
        "access_type": "public",
        "from_level_id": null,
        "is_accessible": true,
        "level_id": 0,
        "network_type": "corridor",
        "to_level_id": null,
        "vertical_connection_id": null
      },
      "geometry": {
        "type": "LineString",
        "coordinates": [
          [-8.424180063461549, 43.352084540826255],
          [-8.42413692960135, 43.352074274309345]
        ]
      }
    },
    {
      "type": "Feature",
      "properties": {
        "access_type": "public",
        "from_level_id": 0,
        "is_accessible": false,
        "level_id": null,
        "network_type": "escalator",
        "to_level_id": 1,
        "vertical_connection_id": "escalator-5",
        "cost": 45
      },
      "geometry": {
        "type": "LineString",
        "coordinates": [
          [-8.42413692960135, 43.352074274309345],
          [-8.424007531219601, 43.35204853368194]
        ]
      }
    },
    {
      "type": "Feature",
      "properties": {
        "access_type": "public",
        "from_level_id": null,
        "is_accessible": false,
        "level_id": 1,
        "network_type": "corridor",
        "to_level_id": null,
        "vertical_connection_id": null
      },
      "geometry": {
        "type": "LineString",
        "coordinates": [
          [-8.424007531219601, 43.35204853368194],
          [-8.423964133862489, 43.352039192889954]
        ]
      }
    },
    {
      "type": "Feature",
      "properties": {
        "access_type": "public",
        "from_level_id": null,
        "is_accessible": true,
        "level_id": 1,
        "network_type": "corridor",
        "to_level_id": null,
        "vertical_connection_id": null
      },
      "geometry": {
        "type": "LineString",
        "coordinates": [
          [-8.423982279537034, 43.35199808015567],
          [-8.423964133862489, 43.352039192889954]
        ]
      }
    },
    {
      "type": "Feature",
      "properties": {
        "access_type": "public",
        "from_level_id": null,
        "is_accessible": true,
        "level_id": 0,
        "network_type": "corridor",
        "to_level_id": null,
        "vertical_connection_id": null
      },
      "geometry": {
        "type": "LineString",
        "coordinates": [
          [-8.424862985550263, 43.3521266052125],
          [-8.424800910596284, 43.35217269905441]
        ]
      }
    },
    {
      "type": "Feature",
      "properties": {
        "access_type": "public",
        "from_level_id": null,
        "is_accessible": true,
        "level_id": 0,
        "network_type": "corridor",
        "to_level_id": null,
        "vertical_connection_id": null
      },
      "geometry": {
        "type": "LineString",
        "coordinates": [
          [-8.424724134626867, 43.35218386195845],
          [-8.424800910596284, 43.35217269905441]
        ]
      }
    },
    {
      "type": "Feature",
      "properties": {
        "access_type": "public",
        "from_level_id": null,
        "is_accessible": true,
        "level_id": 0,
        "network_type": "corridor",
        "to_level_id": null,
        "vertical_connection_id": null
      },
      "geometry": {
        "type": "LineString",
        "coordinates": [
          [-8.42433698089825, 43.352112758010534],
          [-8.424180063461549, 43.352084540826255]
        ]
      }
    },
    {
      "type": "Feature",
      "properties": {
        "access_type": "public",
        "from_level_id": null,
        "is_accessible": true,
        "level_id": 0,
        "network_type": "corridor",
        "to_level_id": null,
        "vertical_connection_id": null
      },
      "geometry": {
        "type": "LineString",
        "coordinates": [
          [-8.423984981159533, 43.35199172331838],
          [-8.424199165181005, 43.352034888063045]
        ]
      }
    },
    {
      "type": "Feature",
      "properties": {
        "access_type": "public",
        "from_level_id": null,
        "is_accessible": true,
        "level_id": 0,
        "network_type": "corridor",
        "to_level_id": null,
        "vertical_connection_id": null
      },
      "geometry": {
        "type": "LineString",
        "coordinates": [
          [-8.423960208364717, 43.352051041127204],
          [-8.423944733025987, 43.35209376425481]
        ]
      }
    },
    {
      "type": "Feature",
      "properties": {
        "access_type": "public",
        "from_level_id": null,
        "is_accessible": true,
        "level_id": 0,
        "network_type": "corridor",
        "to_level_id": null,
        "vertical_connection_id": null
      },
      "geometry": {
        "type": "LineString",
        "coordinates": [
          [-8.423944733025987, 43.35209376425481],
          [-8.42416345974043, 43.352135126470266]
        ]
      }
    },
    {
      "type": "Feature",
      "properties": {
        "access_type": "public",
        "from_level_id": null,
        "is_accessible": true,
        "level_id": 0,
        "network_type": "corridor",
        "to_level_id": null,
        "vertical_connection_id": null
      },
      "geometry": {
        "type": "LineString",
        "coordinates": [
          [-8.424180063461549, 43.352084540826255],
          [-8.42416345974043, 43.352135126470266]
        ]
      }
    },
    {
      "type": "Feature",
      "properties": {
        "access_type": "public",
        "from_level_id": null,
        "is_accessible": true,
        "level_id": 0,
        "network_type": "corridor",
        "to_level_id": null,
        "vertical_connection_id": null
      },
      "geometry": {
        "type": "LineString",
        "coordinates": [
          [-8.424201247379107, 43.35165787199052],
          [-8.42407741427, 43.35169572382313]
        ]
      }
    },
    {
      "type": "Feature",
      "properties": {
        "access_type": "public",
        "from_level_id": null,
        "is_accessible": true,
        "level_id": 0,
        "network_type": "corridor",
        "to_level_id": null,
        "vertical_connection_id": null
      },
      "geometry": {
        "type": "LineString",
        "coordinates": [
          [-8.423984981159533, 43.35199172331838],
          [-8.42407741427, 43.35169572382313]
        ]
      }
    },
    {
      "type": "Feature",
      "properties": {
        "access_type": "public",
        "from_level_id": null,
        "is_accessible": true,
        "level_id": 0,
        "network_type": "corridor",
        "to_level_id": null,
        "vertical_connection_id": null
      },
      "geometry": {
        "type": "LineString",
        "coordinates": [
          [-8.42407741427, 43.35169572382313],
          [-8.424035323934318, 43.35160028203631]
        ]
      }
    },
    {
      "type": "Feature",
      "properties": {
        "access_type": "public",
        "from_level_id": null,
        "is_accessible": true,
        "level_id": 0,
        "network_type": "corridor",
        "to_level_id": null,
        "vertical_connection_id": null
      },
      "geometry": {
        "type": "LineString",
        "coordinates": [
          [-8.424035323934318, 43.35160028203631],
          [-8.424149847368515, 43.35156434955393]
        ]
      }
    },
    {
      "type": "Feature",
      "properties": {
        "access_type": "public",
        "from_level_id": null,
        "is_accessible": true,
        "level_id": 0,
        "network_type": "corridor",
        "to_level_id": null,
        "vertical_connection_id": null
      },
      "geometry": {
        "type": "LineString",
        "coordinates": [
          [-8.424201247379107, 43.35165787199052],
          [-8.424149847368515, 43.35156434955393]
        ]
      }
    },
    {
      "type": "Feature",
      "properties": {
        "access_type": "public",
        "from_level_id": 0,
        "is_accessible": false,
        "level_id": null,
        "network_type": "escalator",
        "to_level_id": 1,
        "vertical_connection_id": "escalator-6",
        "cost": 45
      },
      "geometry": {
        "type": "LineString",
        "coordinates": [
          [-8.424837650984994, 43.35203880666099],
          [-8.4246966311458, 43.35202161569429]
        ]
      }
    },
    {
      "type": "Feature",
      "properties": {
        "access_type": "public",
        "from_level_id": null,
        "is_accessible": true,
        "level_id": 1,
        "network_type": "corridor",
        "to_level_id": null,
        "vertical_connection_id": null
      },
      "geometry": {
        "type": "LineString",
        "coordinates": [
          [-8.424855135232498, 43.352114361213154],
          [-8.424906343871179, 43.351960182187426]
        ]
      }
    },
    {
      "type": "Feature",
      "properties": {
        "access_type": "public",
        "from_level_id": 0,
        "is_accessible": true,
        "level_id": null,
        "network_type": "elevator",
        "to_level_id": 1,
        "vertical_connection_id": "elevator-4",
        "cost": 105
      },
      "geometry": {
        "type": "LineString",
        "coordinates": [
          [-8.424790229806213, 43.352104835477036],
          [-8.424781520812159, 43.35210048227246]
        ]
      }
    },
    {
      "type": "Feature",
      "properties": {
        "access_type": "public",
        "from_level_id": null,
        "is_accessible": true,
        "level_id": -1,
        "network_type": "corridor",
        "to_level_id": null,
        "vertical_connection_id": null
      },
      "geometry": {
        "type": "LineString",
        "coordinates": [
          [-8.424910152004434, 43.35205305914657],
          [-8.42493242325412, 43.35198600783539]
        ]
      }
    },
    {
      "type": "Feature",
      "properties": {
        "access_type": "public",
        "from_level_id": null,
        "is_accessible": true,
        "level_id": -1,
        "network_type": "corridor",
        "to_level_id": null,
        "vertical_connection_id": null
      },
      "geometry": {
        "type": "LineString",
        "coordinates": [
          [-8.42494777018479, 43.35194687060181],
          [-8.42493242325412, 43.35198600783539]
        ]
      }
    },
    {
      "type": "Feature",
      "properties": {
        "access_type": "public",
        "from_level_id": null,
        "is_accessible": true,
        "level_id": -1,
        "network_type": "corridor",
        "to_level_id": null,
        "vertical_connection_id": null
      },
      "geometry": {
        "type": "LineString",
        "coordinates": [
          [-8.424449608274102, 43.351906434036586],
          [-8.42493242325412, 43.35198600783539]
        ]
      }
    },
    {
      "type": "Feature",
      "properties": {
        "access_type": "public",
        "from_level_id": null,
        "is_accessible": true,
        "level_id": -1,
        "network_type": "corridor",
        "to_level_id": null,
        "vertical_connection_id": null
      },
      "geometry": {
        "type": "LineString",
        "coordinates": [
          [-8.424197629172289, 43.35208501801341],
          [-8.424316512241775, 43.35210607361979]
        ]
      }
    },
    {
      "type": "Feature",
      "properties": {
        "access_type": "public",
        "from_level_id": null,
        "is_accessible": true,
        "level_id": -1,
        "network_type": "corridor",
        "to_level_id": null,
        "vertical_connection_id": null
      },
      "geometry": {
        "type": "LineString",
        "coordinates": [
          [-8.424375280496603, 43.351935886641314],
          [-8.424316512241775, 43.35210607361979]
        ]
      }
    },
    {
      "type": "Feature",
      "properties": {
        "access_type": "public",
        "from_level_id": null,
        "is_accessible": true,
        "level_id": -1,
        "network_type": "corridor",
        "to_level_id": null,
        "vertical_connection_id": null
      },
      "geometry": {
        "type": "LineString",
        "coordinates": [
          [-8.424262328705634, 43.35226300249032],
          [-8.424316512241775, 43.35210607361979]
        ]
      }
    },
    {
      "type": "Feature",
      "properties": {
        "access_type": "public",
        "from_level_id": null,
        "is_accessible": true,
        "level_id": -1,
        "network_type": "corridor",
        "to_level_id": null,
        "vertical_connection_id": null
      },
      "geometry": {
        "type": "LineString",
        "coordinates": [
          [-8.423763537134356, 43.35237057657941],
          [-8.423879199550381, 43.35200287181243]
        ]
      }
    },
    {
      "type": "Feature",
      "properties": {
        "access_type": "public",
        "from_level_id": null,
        "is_accessible": true,
        "level_id": -1,
        "network_type": "corridor",
        "to_level_id": null,
        "vertical_connection_id": null
      },
      "geometry": {
        "type": "LineString",
        "coordinates": [
          [-8.423879199550381, 43.35200287181243],
          [-8.423997641974358, 43.352018235199196]
        ]
      }
    },
    {
      "type": "Feature",
      "properties": {
        "access_type": "public",
        "from_level_id": null,
        "is_accessible": true,
        "level_id": -1,
        "network_type": "corridor",
        "to_level_id": null,
        "vertical_connection_id": null
      },
      "geometry": {
        "type": "LineString",
        "coordinates": [
          [-8.423901823763927, 43.35230718983976],
          [-8.423997641974358, 43.352018235199196]
        ]
      }
    },
    {
      "type": "Feature",
      "properties": {
        "access_type": "public",
        "from_level_id": null,
        "is_accessible": true,
        "level_id": -1,
        "network_type": "corridor",
        "to_level_id": null,
        "vertical_connection_id": null
      },
      "geometry": {
        "type": "LineString",
        "coordinates": [
          [-8.424116446783046, 43.35165999414175],
          [-8.423997641974358, 43.352018235199196]
        ]
      }
    },
    {
      "type": "Feature",
      "properties": {
        "access_type": "public",
        "from_level_id": null,
        "is_accessible": true,
        "level_id": -1,
        "network_type": "corridor",
        "to_level_id": null,
        "vertical_connection_id": null
      },
      "geometry": {
        "type": "LineString",
        "coordinates": [
          [-8.423997641974358, 43.352018235199196],
          [-8.424209952614328, 43.352048585189486]
        ]
      }
    },
    {
      "type": "Feature",
      "properties": {
        "access_type": "public",
        "from_level_id": null,
        "is_accessible": true,
        "level_id": -1,
        "network_type": "corridor",
        "to_level_id": null,
        "vertical_connection_id": null
      },
      "geometry": {
        "type": "LineString",
        "coordinates": [
          [-8.424197629172289, 43.35208501801341],
          [-8.424209952614328, 43.352048585189486]
        ]
      }
    },
    {
      "type": "Feature",
      "properties": {
        "access_type": "public",
        "from_level_id": null,
        "is_accessible": true,
        "level_id": -1,
        "network_type": "corridor",
        "to_level_id": null,
        "vertical_connection_id": null
      },
      "geometry": {
        "type": "LineString",
        "coordinates": [
          [-8.424032442374305, 43.35151570499725],
          [-8.423992045720224, 43.35164412455108]
        ]
      }
    },
    {
      "type": "Feature",
      "properties": {
        "access_type": "public",
        "from_level_id": null,
        "is_accessible": true,
        "level_id": -1,
        "network_type": "corridor",
        "to_level_id": null,
        "vertical_connection_id": null
      },
      "geometry": {
        "type": "LineString",
        "coordinates": [
          [-8.423879199550381, 43.35200287181243],
          [-8.423992045720224, 43.35164412455108]
        ]
      }
    },
    {
      "type": "Feature",
      "properties": {
        "access_type": "public",
        "from_level_id": null,
        "is_accessible": true,
        "level_id": -1,
        "network_type": "corridor",
        "to_level_id": null,
        "vertical_connection_id": null
      },
      "geometry": {
        "type": "LineString",
        "coordinates": [
          [-8.424116446783046, 43.35165999414175],
          [-8.423992045720224, 43.35164412455108]
        ]
      }
    },
    {
      "type": "Feature",
      "properties": {
        "access_type": "public",
        "from_level_id": null,
        "is_accessible": true,
        "level_id": -1,
        "network_type": "corridor",
        "to_level_id": null,
        "vertical_connection_id": null
      },
      "geometry": {
        "type": "LineString",
        "coordinates": [
          [-8.425013276275713, 43.35178234866067],
          [-8.425277924087586, 43.35183184261701]
        ]
      }
    },
    {
      "type": "Feature",
      "properties": {
        "access_type": "public",
        "from_level_id": null,
        "is_accessible": true,
        "level_id": -1,
        "network_type": "corridor",
        "to_level_id": null,
        "vertical_connection_id": null
      },
      "geometry": {
        "type": "LineString",
        "coordinates": [
          [-8.425874788249716, 43.352378694677896],
          [-8.42583253461687, 43.35228896987864]
        ]
      }
    },
    {
      "type": "Feature",
      "properties": {
        "access_type": "public",
        "from_level_id": null,
        "is_accessible": true,
        "level_id": -1,
        "network_type": "corridor",
        "to_level_id": null,
        "vertical_connection_id": null
      },
      "geometry": {
        "type": "LineString",
        "coordinates": [
          [-8.425624858957532, 43.35227821406785],
          [-8.42583253461687, 43.35228896987864]
        ]
      }
    },
    {
      "type": "Feature",
      "properties": {
        "access_type": "public",
        "from_level_id": null,
        "is_accessible": true,
        "level_id": 0,
        "network_type": "corridor",
        "to_level_id": null,
        "vertical_connection_id": null
      },
      "geometry": {
        "type": "LineString",
        "coordinates": [
          [-8.424656988486223, 43.351862329157136],
          [-8.424875982578628, 43.35190582863683]
        ]
      }
    },
    {
      "type": "Feature",
      "properties": {
        "access_type": "public",
        "from_level_id": null,
        "is_accessible": true,
        "level_id": 0,
        "network_type": "corridor",
        "to_level_id": null,
        "vertical_connection_id": null
      },
      "geometry": {
        "type": "LineString",
        "coordinates": [
          [-8.424925917936351, 43.35194962813136],
          [-8.424875982578628, 43.35190582863683]
        ]
      }
    },
    {
      "type": "Feature",
      "properties": {
        "access_type": "public",
        "from_level_id": null,
        "is_accessible": true,
        "level_id": 0,
        "network_type": "corridor",
        "to_level_id": null,
        "vertical_connection_id": null
      },
      "geometry": {
        "type": "LineString",
        "coordinates": [
          [-8.424693222962143, 43.35174552018419],
          [-8.424875982578628, 43.35190582863683]
        ]
      }
    },
    {
      "type": "Feature",
      "properties": {
        "access_type": "public",
        "from_level_id": null,
        "is_accessible": true,
        "level_id": 0,
        "network_type": "corridor",
        "to_level_id": null,
        "vertical_connection_id": null
      },
      "geometry": {
        "type": "LineString",
        "coordinates": [
          [-8.42509868653022, 43.35157081804051],
          [-8.425148531153678, 43.35159839280139]
        ]
      }
    },
    {
      "type": "Feature",
      "properties": {
        "access_type": "public",
        "from_level_id": null,
        "is_accessible": true,
        "level_id": 0,
        "network_type": "corridor",
        "to_level_id": null,
        "vertical_connection_id": null
      },
      "geometry": {
        "type": "LineString",
        "coordinates": [
          [-8.425148531153678, 43.35159839280139],
          [-8.426362829954503, 43.35181642873448]
        ]
      }
    },
    {
      "type": "Feature",
      "properties": {
        "access_type": "public",
        "from_level_id": null,
        "is_accessible": true,
        "level_id": 0,
        "network_type": "corridor",
        "to_level_id": null,
        "vertical_connection_id": null
      },
      "geometry": {
        "type": "LineString",
        "coordinates": [
          [-8.424693222962143, 43.35174552018419],
          [-8.424201247379107, 43.35165787199052]
        ]
      }
    },
    {
      "type": "Feature",
      "properties": {
        "access_type": "public",
        "from_level_id": null,
        "is_accessible": true,
        "level_id": 0,
        "network_type": "corridor",
        "to_level_id": null,
        "vertical_connection_id": null
      },
      "geometry": {
        "type": "LineString",
        "coordinates": [
          [-8.42564835381129, 43.35247820124202],
          [-8.42547111192906, 43.352440491343096]
        ]
      }
    },
    {
      "type": "Feature",
      "properties": {
        "access_type": "public",
        "from_level_id": null,
        "is_accessible": true,
        "level_id": 0,
        "network_type": "corridor",
        "to_level_id": null,
        "vertical_connection_id": null
      },
      "geometry": {
        "type": "LineString",
        "coordinates": [
          [-8.425498390841524, 43.3523593116107],
          [-8.425684037546283, 43.352393326159685]
        ]
      }
    },
    {
      "type": "Feature",
      "properties": {
        "access_type": "public",
        "from_level_id": null,
        "is_accessible": true,
        "level_id": 0,
        "network_type": "corridor",
        "to_level_id": null,
        "vertical_connection_id": null
      },
      "geometry": {
        "type": "LineString",
        "coordinates": [
          [-8.425684037546283, 43.352393326159685],
          [-8.425752256370295, 43.35240166185983]
        ]
      }
    },
    {
      "type": "Feature",
      "properties": {
        "access_type": "public",
        "from_level_id": null,
        "is_accessible": true,
        "level_id": 0,
        "network_type": "corridor",
        "to_level_id": null,
        "vertical_connection_id": null
      },
      "geometry": {
        "type": "LineString",
        "coordinates": [
          [-8.425792387705838, 43.3523759180176],
          [-8.425752256370295, 43.35240166185983]
        ]
      }
    },
    {
      "type": "Feature",
      "properties": {
        "access_type": "public",
        "from_level_id": null,
        "is_accessible": true,
        "level_id": 0,
        "network_type": "corridor",
        "to_level_id": null,
        "vertical_connection_id": null
      },
      "geometry": {
        "type": "LineString",
        "coordinates": [
          [-8.42564835381129, 43.35247820124202],
          [-8.425752256370295, 43.35240166185983]
        ]
      }
    },
    {
      "type": "Feature",
      "properties": {
        "access_type": "public",
        "from_level_id": null,
        "is_accessible": true,
        "level_id": 0,
        "network_type": "corridor",
        "to_level_id": null,
        "vertical_connection_id": null
      },
      "geometry": {
        "type": "LineString",
        "coordinates": [
          [-8.42564835381129, 43.35247820124202],
          [-8.425684037546283, 43.352393326159685]
        ]
      }
    },
    {
      "type": "Feature",
      "properties": {
        "access_type": "public",
        "from_level_id": null,
        "is_accessible": true,
        "level_id": 0,
        "network_type": "corridor",
        "to_level_id": null,
        "vertical_connection_id": null
      },
      "geometry": {
        "type": "LineString",
        "coordinates": [
          [-8.425730043584114, 43.352082029601696],
          [-8.425320071799035, 43.35201769049597]
        ]
      }
    },
    {
      "type": "Feature",
      "properties": {
        "access_type": "public",
        "from_level_id": null,
        "is_accessible": true,
        "level_id": 0,
        "network_type": "corridor",
        "to_level_id": null,
        "vertical_connection_id": null
      },
      "geometry": {
        "type": "LineString",
        "coordinates": [
          [-8.42605864925228, 43.35274367314587],
          [-8.426362829954503, 43.35181642873448]
        ]
      }
    },
    {
      "type": "Feature",
      "properties": {
        "access_type": "public",
        "from_level_id": null,
        "is_accessible": true,
        "level_id": 0,
        "network_type": "corridor",
        "to_level_id": null,
        "vertical_connection_id": null
      },
      "geometry": {
        "type": "LineString",
        "coordinates": [
          [-8.425814462687644, 43.35263614890012],
          [-8.425666097768065, 43.35266726612722]
        ]
      }
    },
    {
      "type": "Feature",
      "properties": {
        "access_type": "public",
        "from_level_id": null,
        "is_accessible": true,
        "level_id": 0,
        "network_type": "corridor",
        "to_level_id": null,
        "vertical_connection_id": null
      },
      "geometry": {
        "type": "LineString",
        "coordinates": [
          [-8.425373508760128, 43.352756956267314],
          [-8.425620715052656, 43.352800834439286]
        ]
      }
    },
    {
      "type": "Feature",
      "properties": {
        "access_type": "public",
        "from_level_id": null,
        "is_accessible": true,
        "level_id": 0,
        "network_type": "corridor",
        "to_level_id": null,
        "vertical_connection_id": null
      },
      "geometry": {
        "type": "LineString",
        "coordinates": [
          [-8.425666097768065, 43.35266726612722],
          [-8.425620715052656, 43.352800834439286]
        ]
      }
    },
    {
      "type": "Feature",
      "properties": {
        "access_type": "public",
        "from_level_id": null,
        "is_accessible": true,
        "level_id": 0,
        "network_type": "corridor",
        "to_level_id": null,
        "vertical_connection_id": null
      },
      "geometry": {
        "type": "LineString",
        "coordinates": [
          [-8.42605864925228, 43.35274367314587],
          [-8.426017567556661, 43.35287548027487]
        ]
      }
    },
    {
      "type": "Feature",
      "properties": {
        "access_type": "public",
        "from_level_id": null,
        "is_accessible": true,
        "level_id": 0,
        "network_type": "corridor",
        "to_level_id": null,
        "vertical_connection_id": null
      },
      "geometry": {
        "type": "LineString",
        "coordinates": [
          [-8.425620715052656, 43.352800834439286],
          [-8.426017567556661, 43.35287548027487]
        ]
      }
    },
    {
      "type": "Feature",
      "properties": {
        "access_type": "public",
        "from_level_id": null,
        "is_accessible": true,
        "level_id": 1,
        "network_type": "corridor",
        "to_level_id": null,
        "vertical_connection_id": null
      },
      "geometry": {
        "type": "LineString",
        "coordinates": [
          [-8.42410745269231, 43.351643315927426],
          [-8.423982279537034, 43.35199808015567]
        ]
      }
    },
    {
      "type": "Feature",
      "properties": {
        "access_type": "public",
        "from_level_id": null,
        "is_accessible": true,
        "level_id": 1,
        "network_type": "corridor",
        "to_level_id": null,
        "vertical_connection_id": null
      },
      "geometry": {
        "type": "LineString",
        "coordinates": [
          [-8.424616197470838, 43.35201030086718],
          [-8.424697383648894, 43.351753697434376]
        ]
      }
    },
    {
      "type": "Feature",
      "properties": {
        "access_type": "public",
        "from_level_id": null,
        "is_accessible": true,
        "level_id": 1,
        "network_type": "corridor",
        "to_level_id": null,
        "vertical_connection_id": null
      },
      "geometry": {
        "type": "LineString",
        "coordinates": [
          [-8.424821260657158, 43.35177687555041],
          [-8.424697383648894, 43.351753697434376]
        ]
      }
    },
    {
      "type": "Feature",
      "properties": {
        "access_type": "public",
        "from_level_id": null,
        "is_accessible": true,
        "level_id": 1,
        "network_type": "corridor",
        "to_level_id": null,
        "vertical_connection_id": null
      },
      "geometry": {
        "type": "LineString",
        "coordinates": [
          [-8.424697383648894, 43.351753697434376],
          [-8.42410745269231, 43.351643315927426]
        ]
      }
    },
    {
      "type": "Feature",
      "properties": {
        "access_type": "public",
        "from_level_id": null,
        "is_accessible": true,
        "level_id": 0,
        "network_type": "corridor",
        "to_level_id": null,
        "vertical_connection_id": null
      },
      "geometry": {
        "type": "LineString",
        "coordinates": [
          [-8.424925917936351, 43.35194962813136],
          [-8.425320071799035, 43.35201769049597]
        ]
      }
    },
    {
      "type": "Feature",
      "properties": {
        "access_type": "public",
        "from_level_id": null,
        "is_accessible": true,
        "level_id": 1,
        "network_type": "corridor",
        "to_level_id": null,
        "vertical_connection_id": null
      },
      "geometry": {
        "type": "LineString",
        "coordinates": [
          [-8.424781520812159, 43.35210048227246],
          [-8.424755224588498, 43.35208768553206]
        ]
      }
    },
    {
      "type": "Feature",
      "properties": {
        "access_type": "public",
        "from_level_id": null,
        "is_accessible": true,
        "level_id": 1,
        "network_type": "corridor",
        "to_level_id": null,
        "vertical_connection_id": null
      },
      "geometry": {
        "type": "LineString",
        "coordinates": [
          [-8.425904644503698, 43.35225451133616],
          [-8.425927897560456, 43.352218932410864]
        ]
      }
    },
    {
      "type": "Feature",
      "properties": {
        "access_type": "public",
        "from_level_id": null,
        "is_accessible": true,
        "level_id": 1,
        "network_type": "corridor",
        "to_level_id": null,
        "vertical_connection_id": null
      },
      "geometry": {
        "type": "LineString",
        "coordinates": [
          [-8.425847409040538, 43.35224227067327],
          [-8.425927897560456, 43.352218932410864]
        ]
      }
    },
    {
      "type": "Feature",
      "properties": {
        "access_type": "public",
        "from_level_id": null,
        "is_accessible": true,
        "level_id": 1,
        "network_type": "corridor",
        "to_level_id": null,
        "vertical_connection_id": null
      },
      "geometry": {
        "type": "LineString",
        "coordinates": [
          [-8.424304204195634, 43.35225543085038],
          [-8.424212263326154, 43.35222926277177]
        ]
      }
    },
    {
      "type": "Feature",
      "properties": {
        "access_type": "public",
        "from_level_id": null,
        "is_accessible": true,
        "level_id": 1,
        "network_type": "corridor",
        "to_level_id": null,
        "vertical_connection_id": null
      },
      "geometry": {
        "type": "LineString",
        "coordinates": [
          [-8.424754603526738, 43.35218483330472],
          [-8.424725378049175, 43.352139112266286]
        ]
      }
    },
    {
      "type": "Feature",
      "properties": {
        "access_type": "public",
        "from_level_id": null,
        "is_accessible": true,
        "level_id": 1,
        "network_type": "corridor",
        "to_level_id": null,
        "vertical_connection_id": null
      },
      "geometry": {
        "type": "LineString",
        "coordinates": [
          [-8.425375299512954, 43.35201804370676],
          [-8.42549397472766, 43.35191115016902]
        ]
      }
    },
    {
      "type": "Feature",
      "properties": {
        "access_type": "public",
        "from_level_id": null,
        "is_accessible": true,
        "level_id": 1,
        "network_type": "corridor",
        "to_level_id": null,
        "vertical_connection_id": null
      },
      "geometry": {
        "type": "LineString",
        "coordinates": [
          [-8.425886834157227, 43.35229657965037],
          [-8.42587134368, 43.35229557856087]
        ]
      }
    },
    {
      "type": "Feature",
      "properties": {
        "access_type": "public",
        "from_level_id": null,
        "is_accessible": true,
        "level_id": 1,
        "network_type": "corridor",
        "to_level_id": null,
        "vertical_connection_id": null
      },
      "geometry": {
        "type": "LineString",
        "coordinates": [
          [-8.425904644503698, 43.35225451133616],
          [-8.425880244611648, 43.35225659591532]
        ]
      }
    },
    {
      "type": "Feature",
      "properties": {
        "access_type": "public",
        "from_level_id": null,
        "is_accessible": true,
        "level_id": 1,
        "network_type": "corridor",
        "to_level_id": null,
        "vertical_connection_id": null
      },
      "geometry": {
        "type": "LineString",
        "coordinates": [
          [-8.425847409040538, 43.35224227067327],
          [-8.425880244611648, 43.35225659591532]
        ]
      }
    },
    {
      "type": "Feature",
      "properties": {
        "access_type": "public",
        "from_level_id": null,
        "is_accessible": true,
        "level_id": 1,
        "network_type": "corridor",
        "to_level_id": null,
        "vertical_connection_id": null
      },
      "geometry": {
        "type": "LineString",
        "coordinates": [
          [-8.423982279537034, 43.35199808015567],
          [-8.423881376268573, 43.35189428475158]
        ]
      }
    },
    {
      "type": "Feature",
      "properties": {
        "access_type": "public",
        "from_level_id": null,
        "is_accessible": true,
        "level_id": 1,
        "network_type": "corridor",
        "to_level_id": null,
        "vertical_connection_id": null
      },
      "geometry": {
        "type": "LineString",
        "coordinates": [
          [-8.423964133862489, 43.352039192889954],
          [-8.423849189760395, 43.35201081935237]
        ]
      }
    },
    {
      "type": "Feature",
      "properties": {
        "access_type": "public",
        "from_level_id": null,
        "is_accessible": true,
        "level_id": 1,
        "network_type": "corridor",
        "to_level_id": null,
        "vertical_connection_id": null
      },
      "geometry": {
        "type": "LineString",
        "coordinates": [
          [-8.424366343858049, 43.35207037830178],
          [-8.424466887119397, 43.35212474246607]
        ]
      }
    },
    {
      "type": "Feature",
      "properties": {
        "access_type": "public",
        "from_level_id": null,
        "is_accessible": true,
        "level_id": 1,
        "network_type": "corridor",
        "to_level_id": null,
        "vertical_connection_id": null
      },
      "geometry": {
        "type": "LineString",
        "coordinates": [
          [-8.425248080616006, 43.35236549032969],
          [-8.425376155975446, 43.352382190014815]
        ]
      }
    },
    {
      "type": "Feature",
      "properties": {
        "access_type": "public",
        "from_level_id": null,
        "is_accessible": true,
        "level_id": 1,
        "network_type": "corridor",
        "to_level_id": null,
        "vertical_connection_id": null
      },
      "geometry": {
        "type": "LineString",
        "coordinates": [
          [-8.4246966311458, 43.35202161569429],
          [-8.424795457723722, 43.35197163867114]
        ]
      }
    },
    {
      "type": "Feature",
      "properties": {
        "access_type": "public",
        "from_level_id": null,
        "is_accessible": true,
        "level_id": 1,
        "network_type": "corridor",
        "to_level_id": null,
        "vertical_connection_id": null
      },
      "geometry": {
        "type": "LineString",
        "coordinates": [
          [-8.424906343871179, 43.351960182187426],
          [-8.424795457723722, 43.35197163867114]
        ]
      }
    },
    {
      "type": "Feature",
      "properties": {
        "access_type": "public",
        "from_level_id": null,
        "is_accessible": true,
        "level_id": 1,
        "network_type": "corridor",
        "to_level_id": null,
        "vertical_connection_id": null
      },
      "geometry": {
        "type": "LineString",
        "coordinates": [
          [-8.424697383648894, 43.351753697434376],
          [-8.424439946295925, 43.351609529806545]
        ]
      }
    },
    {
      "type": "Feature",
      "properties": {
        "access_type": "public",
        "from_level_id": null,
        "is_accessible": true,
        "level_id": 1,
        "network_type": "corridor",
        "to_level_id": null,
        "vertical_connection_id": null
      },
      "geometry": {
        "type": "LineString",
        "coordinates": [
          [-8.425804752516939, 43.35236291537881],
          [-8.425905326515013, 43.3525281522635]
        ]
      }
    },
    {
      "type": "Feature",
      "properties": {
        "access_type": "public",
        "from_level_id": null,
        "is_accessible": true,
        "level_id": 1,
        "network_type": "corridor",
        "to_level_id": null,
        "vertical_connection_id": null
      },
      "geometry": {
        "type": "LineString",
        "coordinates": [
          [-8.425304220812768, 43.35203471891249],
          [-8.425169060140425, 43.351861128422584]
        ]
      }
    },
    {
      "type": "Feature",
      "properties": {
        "access_type": "public",
        "from_level_id": null,
        "is_accessible": true,
        "level_id": 1,
        "network_type": "corridor",
        "to_level_id": null,
        "vertical_connection_id": null
      },
      "geometry": {
        "type": "LineString",
        "coordinates": [
          [-8.424697383648894, 43.351753697434376],
          [-8.42448560353776, 43.35181058260281]
        ]
      }
    },
    {
      "type": "Feature",
      "properties": {
        "access_type": "public",
        "from_level_id": null,
        "is_accessible": true,
        "level_id": 1,
        "network_type": "corridor",
        "to_level_id": null,
        "vertical_connection_id": null
      },
      "geometry": {
        "type": "LineString",
        "coordinates": [
          [-8.424366343858049, 43.35207037830178],
          [-8.424327787795448, 43.352003605306066]
        ]
      }
    },
    {
      "type": "Feature",
      "properties": {
        "access_type": "public",
        "from_level_id": null,
        "is_accessible": true,
        "level_id": 1,
        "network_type": "corridor",
        "to_level_id": null,
        "vertical_connection_id": null
      },
      "geometry": {
        "type": "LineString",
        "coordinates": [
          [-8.424578914398998, 43.35215539546682],
          [-8.42447191242465, 43.35225170192351]
        ]
      }
    },
    {
      "type": "Feature",
      "properties": {
        "access_type": "public",
        "from_level_id": null,
        "is_accessible": true,
        "level_id": 1,
        "network_type": "corridor",
        "to_level_id": null,
        "vertical_connection_id": null
      },
      "geometry": {
        "type": "LineString",
        "coordinates": [
          [-8.425727779735368, 43.35240757234075],
          [-8.425540546088987, 43.35255740752731]
        ]
      }
    },
    {
      "type": "Feature",
      "properties": {
        "access_type": "public",
        "from_level_id": null,
        "is_accessible": true,
        "level_id": 1,
        "network_type": "corridor",
        "to_level_id": null,
        "vertical_connection_id": null
      },
      "geometry": {
        "type": "LineString",
        "coordinates": [
          [-8.42575154013101, 43.35208750452464],
          [-8.425710866361433, 43.351945969581216]
        ]
      }
    },
    {
      "type": "Feature",
      "properties": {
        "access_type": "public",
        "from_level_id": null,
        "is_accessible": true,
        "level_id": 1,
        "network_type": "corridor",
        "to_level_id": null,
        "vertical_connection_id": null
      },
      "geometry": {
        "type": "LineString",
        "coordinates": [
          [-8.42410745269231, 43.351643315927426],
          [-8.424112436142368, 43.35156472905194]
        ]
      }
    },
    {
      "type": "Feature",
      "properties": {
        "access_type": "public",
        "from_level_id": null,
        "is_accessible": true,
        "level_id": 1,
        "network_type": "corridor",
        "to_level_id": null,
        "vertical_connection_id": null
      },
      "geometry": {
        "type": "LineString",
        "coordinates": [
          [-8.425727779735368, 43.35240757234075],
          [-8.42568244664514, 43.35232869947279]
        ]
      }
    },
    {
      "type": "Feature",
      "properties": {
        "access_type": "public",
        "from_level_id": null,
        "is_accessible": true,
        "level_id": 1,
        "network_type": "corridor",
        "to_level_id": null,
        "vertical_connection_id": null
      },
      "geometry": {
        "type": "LineString",
        "coordinates": [
          [-8.425248080616006, 43.35236549032969],
          [-8.425459559056208, 43.35227196114815]
        ]
      }
    },
    {
      "type": "Feature",
      "properties": {
        "access_type": "public",
        "from_level_id": null,
        "is_accessible": true,
        "level_id": 1,
        "network_type": "corridor",
        "to_level_id": null,
        "vertical_connection_id": null
      },
      "geometry": {
        "type": "LineString",
        "coordinates": [
          [-8.425248080616006, 43.35236549032969],
          [-8.425256051413584, 43.352490178918174]
        ]
      }
    },
    {
      "type": "Feature",
      "properties": {
        "access_type": "public",
        "from_level_id": null,
        "is_accessible": true,
        "level_id": 1,
        "network_type": "corridor",
        "to_level_id": null,
        "vertical_connection_id": null
      },
      "geometry": {
        "type": "LineString",
        "coordinates": [
          [-8.42522294371934, 43.35231491793788],
          [-8.42508548593429, 43.35241252009814]
        ]
      }
    },
    {
      "type": "Feature",
      "properties": {
        "access_type": "public",
        "from_level_id": null,
        "is_accessible": true,
        "level_id": 1,
        "network_type": "corridor",
        "to_level_id": null,
        "vertical_connection_id": null
      },
      "geometry": {
        "type": "LineString",
        "coordinates": [
          [-8.42410745269231, 43.351643315927426],
          [-8.424183049875808, 43.351767525963226]
        ]
      }
    },
    {
      "type": "Feature",
      "properties": {
        "access_type": "public",
        "from_level_id": null,
        "is_accessible": true,
        "level_id": 1,
        "network_type": "corridor",
        "to_level_id": null,
        "vertical_connection_id": null
      },
      "geometry": {
        "type": "LineString",
        "coordinates": [
          [-8.424906343871179, 43.351960182187426],
          [-8.42499485575285, 43.352067518408795]
        ]
      }
    },
    {
      "type": "Feature",
      "properties": {
        "access_type": "public",
        "from_level_id": null,
        "is_accessible": true,
        "level_id": 1,
        "network_type": "corridor",
        "to_level_id": null,
        "vertical_connection_id": null
      },
      "geometry": {
        "type": "LineString",
        "coordinates": [
          [-8.42410745269231, 43.351643315927426],
          [-8.423976014506849, 43.351776970466176]
        ]
      }
    },
    {
      "type": "Feature",
      "properties": {
        "access_type": "public",
        "from_level_id": null,
        "is_accessible": true,
        "level_id": 1,
        "network_type": "corridor",
        "to_level_id": null,
        "vertical_connection_id": null
      },
      "geometry": {
        "type": "LineString",
        "coordinates": [
          [-8.42575154013101, 43.35208750452464],
          [-8.425550775776781, 43.35213834375199]
        ]
      }
    },
    {
      "type": "Feature",
      "properties": {
        "access_type": "public",
        "from_level_id": null,
        "is_accessible": true,
        "level_id": 1,
        "network_type": "corridor",
        "to_level_id": null,
        "vertical_connection_id": null
      },
      "geometry": {
        "type": "LineString",
        "coordinates": [
          [-8.42410745269231, 43.351643315927426],
          [-8.424236806806107, 43.35161165447275]
        ]
      }
    },
    {
      "type": "Feature",
      "properties": {
        "access_type": "public",
        "from_level_id": null,
        "is_accessible": true,
        "level_id": 1,
        "network_type": "corridor",
        "to_level_id": null,
        "vertical_connection_id": null
      },
      "geometry": {
        "type": "LineString",
        "coordinates": [
          [-8.424697383648894, 43.351753697434376],
          [-8.424622127082529, 43.3516589459318]
        ]
      }
    },
    {
      "type": "Feature",
      "properties": {
        "access_type": "public",
        "from_level_id": null,
        "is_accessible": true,
        "level_id": 1,
        "network_type": "corridor",
        "to_level_id": null,
        "vertical_connection_id": null
      },
      "geometry": {
        "type": "LineString",
        "coordinates": [
          [-8.424754603526738, 43.35218483330472],
          [-8.424780397317221, 43.35226045794184]
        ]
      }
    },
    {
      "type": "Feature",
      "properties": {
        "access_type": "public",
        "from_level_id": null,
        "is_accessible": true,
        "level_id": 1,
        "network_type": "corridor",
        "to_level_id": null,
        "vertical_connection_id": null
      },
      "geometry": {
        "type": "LineString",
        "coordinates": [
          [-8.424821260657158, 43.35177687555041],
          [-8.424908611071743, 43.3517556022116]
        ]
      }
    },
    {
      "type": "Feature",
      "properties": {
        "access_type": "public",
        "from_level_id": null,
        "is_accessible": true,
        "level_id": 1,
        "network_type": "corridor",
        "to_level_id": null,
        "vertical_connection_id": null
      },
      "geometry": {
        "type": "LineString",
        "coordinates": [
          [-8.42575154013101, 43.35208750452464],
          [-8.425886949576864, 43.352105460658265]
        ]
      }
    },
    {
      "type": "Feature",
      "properties": {
        "access_type": "public",
        "from_level_id": null,
        "is_accessible": true,
        "level_id": 1,
        "network_type": "corridor",
        "to_level_id": null,
        "vertical_connection_id": null
      },
      "geometry": {
        "type": "LineString",
        "coordinates": [
          [-8.42410745269231, 43.351643315927426],
          [-8.424055845284755, 43.351609930809445]
        ]
      }
    },
    {
      "type": "Feature",
      "properties": {
        "access_type": "public",
        "from_level_id": null,
        "is_accessible": true,
        "level_id": 1,
        "network_type": "corridor",
        "to_level_id": null,
        "vertical_connection_id": null
      },
      "geometry": {
        "type": "LineString",
        "coordinates": [
          [-8.425304220812768, 43.35203471891249],
          [-8.425180600310398, 43.35207978376653]
        ]
      }
    },
    {
      "type": "Feature",
      "properties": {
        "access_type": "public",
        "from_level_id": null,
        "is_accessible": true,
        "level_id": 1,
        "network_type": "corridor",
        "to_level_id": null,
        "vertical_connection_id": null
      },
      "geometry": {
        "type": "LineString",
        "coordinates": [
          [-8.424754603526738, 43.35218483330472],
          [-8.424806877255719, 43.35239604028496]
        ]
      }
    },
    {
      "type": "Feature",
      "properties": {
        "access_type": "public",
        "from_level_id": null,
        "is_accessible": true,
        "level_id": 1,
        "network_type": "corridor",
        "to_level_id": null,
        "vertical_connection_id": null
      },
      "geometry": {
        "type": "LineString",
        "coordinates": [
          [-8.424304204195634, 43.35225543085038],
          [-8.424258216147791, 43.35231602288661]
        ]
      }
    },
    {
      "type": "Feature",
      "properties": {
        "access_type": "public",
        "from_level_id": null,
        "is_accessible": true,
        "level_id": -1,
        "network_type": "corridor",
        "to_level_id": null,
        "vertical_connection_id": null
      },
      "geometry": {
        "type": "LineString",
        "coordinates": [
          [-8.425907092624412, 43.35225725353259],
          [-8.425902273443342, 43.35223740331557]
        ]
      }
    },
    {
      "type": "Feature",
      "properties": {
        "access_type": "public",
        "from_level_id": null,
        "is_accessible": true,
        "level_id": -1,
        "network_type": "corridor",
        "to_level_id": null,
        "vertical_connection_id": null
      },
      "geometry": {
        "type": "LineString",
        "coordinates": [
          [-8.425849066909029, 43.35224385810902],
          [-8.425902273443342, 43.35223740331557]
        ]
      }
    },
    {
      "type": "Feature",
      "properties": {
        "access_type": "public",
        "from_level_id": null,
        "is_accessible": true,
        "level_id": -1,
        "network_type": "corridor",
        "to_level_id": null,
        "vertical_connection_id": null
      },
      "geometry": {
        "type": "LineString",
        "coordinates": [
          [-8.423997641974358, 43.352018235199196],
          [-8.4240995711626, 43.35187619049998]
        ]
      }
    },
    {
      "type": "Feature",
      "properties": {
        "access_type": "public",
        "from_level_id": null,
        "is_accessible": true,
        "level_id": -1,
        "network_type": "corridor",
        "to_level_id": null,
        "vertical_connection_id": null
      },
      "geometry": {
        "type": "LineString",
        "coordinates": [
          [-8.425424718711035, 43.352382616845645],
          [-8.42540577620002, 43.35216791292226]
        ]
      }
    },
    {
      "type": "Feature",
      "properties": {
        "access_type": "public",
        "from_level_id": null,
        "is_accessible": true,
        "level_id": -1,
        "network_type": "corridor",
        "to_level_id": null,
        "vertical_connection_id": null
      },
      "geometry": {
        "type": "LineString",
        "coordinates": [
          [-8.425195787340542, 43.35208077903217],
          [-8.42540577620002, 43.35216791292226]
        ]
      }
    },
    {
      "type": "Feature",
      "properties": {
        "access_type": "public",
        "from_level_id": null,
        "is_accessible": true,
        "level_id": -1,
        "network_type": "corridor",
        "to_level_id": null,
        "vertical_connection_id": null
      },
      "geometry": {
        "type": "LineString",
        "coordinates": [
          [-8.425424718711035, 43.352382616845645],
          [-8.425337006673374, 43.35226283966378]
        ]
      }
    },
    {
      "type": "Feature",
      "properties": {
        "access_type": "public",
        "from_level_id": null,
        "is_accessible": true,
        "level_id": -1,
        "network_type": "corridor",
        "to_level_id": null,
        "vertical_connection_id": null
      },
      "geometry": {
        "type": "LineString",
        "coordinates": [
          [-8.425482706890215, 43.35239196276129],
          [-8.425337006673374, 43.35226283966378]
        ]
      }
    },
    {
      "type": "Feature",
      "properties": {
        "access_type": "public",
        "from_level_id": null,
        "is_accessible": true,
        "level_id": -1,
        "network_type": "corridor",
        "to_level_id": null,
        "vertical_connection_id": null
      },
      "geometry": {
        "type": "LineString",
        "coordinates": [
          [-8.425874788249716, 43.352378694677896],
          [-8.425909743781006, 43.35238620691749]
        ]
      }
    },
    {
      "type": "Feature",
      "properties": {
        "access_type": "public",
        "from_level_id": null,
        "is_accessible": true,
        "level_id": -1,
        "network_type": "corridor",
        "to_level_id": null,
        "vertical_connection_id": null
      },
      "geometry": {
        "type": "LineString",
        "coordinates": [
          [-8.425874788249716, 43.352378694677896],
          [-8.425885322592507, 43.352452213571524]
        ]
      }
    },
    {
      "type": "Feature",
      "properties": {
        "access_type": "public",
        "from_level_id": null,
        "is_accessible": true,
        "level_id": -1,
        "network_type": "corridor",
        "to_level_id": null,
        "vertical_connection_id": null
      },
      "geometry": {
        "type": "LineString",
        "coordinates": [
          [-8.423992045720224, 43.35164412455108],
          [-8.42391303781801, 43.351741164489]
        ]
      }
    },
    {
      "type": "Feature",
      "properties": {
        "access_type": "public",
        "from_level_id": null,
        "is_accessible": true,
        "level_id": -1,
        "network_type": "corridor",
        "to_level_id": null,
        "vertical_connection_id": null
      },
      "geometry": {
        "type": "LineString",
        "coordinates": [
          [-8.425424718711035, 43.352382616845645],
          [-8.425419892188074, 43.35238768127812]
        ]
      }
    },
    {
      "type": "Feature",
      "properties": {
        "access_type": "public",
        "from_level_id": null,
        "is_accessible": true,
        "level_id": -1,
        "network_type": "corridor",
        "to_level_id": null,
        "vertical_connection_id": null
      },
      "geometry": {
        "type": "LineString",
        "coordinates": [
          [-8.425482706890215, 43.35239196276129],
          [-8.425419892188074, 43.35238768127812]
        ]
      }
    },
    {
      "type": "Feature",
      "properties": {
        "access_type": "public",
        "from_level_id": null,
        "is_accessible": true,
        "level_id": -1,
        "network_type": "corridor",
        "to_level_id": null,
        "vertical_connection_id": null
      },
      "geometry": {
        "type": "LineString",
        "coordinates": [
          [-8.425816699562471, 43.352561313555825],
          [-8.425856925418515, 43.35254186050764]
        ]
      }
    },
    {
      "type": "Feature",
      "properties": {
        "access_type": "public",
        "from_level_id": null,
        "is_accessible": true,
        "level_id": -1,
        "network_type": "corridor",
        "to_level_id": null,
        "vertical_connection_id": null
      },
      "geometry": {
        "type": "LineString",
        "coordinates": [
          [-8.426142156696876, 43.35197156132095],
          [-8.425912983888082, 43.351912362699494]
        ]
      }
    },
    {
      "type": "Feature",
      "properties": {
        "access_type": "public",
        "from_level_id": null,
        "is_accessible": true,
        "level_id": -1,
        "network_type": "corridor",
        "to_level_id": null,
        "vertical_connection_id": null
      },
      "geometry": {
        "type": "LineString",
        "coordinates": [
          [-8.423879199550381, 43.35200287181243],
          [-8.42376824346124, 43.352147236741445]
        ]
      }
    },
    {
      "type": "Feature",
      "properties": {
        "access_type": "public",
        "from_level_id": null,
        "is_accessible": true,
        "level_id": -1,
        "network_type": "corridor",
        "to_level_id": null,
        "vertical_connection_id": null
      },
      "geometry": {
        "type": "LineString",
        "coordinates": [
          [-8.425277924087586, 43.35183184261701],
          [-8.425372999265392, 43.35180880819374]
        ]
      }
    },
    {
      "type": "Feature",
      "properties": {
        "access_type": "public",
        "from_level_id": null,
        "is_accessible": true,
        "level_id": -1,
        "network_type": "corridor",
        "to_level_id": null,
        "vertical_connection_id": null
      },
      "geometry": {
        "type": "LineString",
        "coordinates": [
          [-8.424116446783046, 43.35165999414175],
          [-8.424258017893095, 43.35152541358579]
        ]
      }
    },
    {
      "type": "Feature",
      "properties": {
        "access_type": "public",
        "from_level_id": null,
        "is_accessible": true,
        "level_id": -1,
        "network_type": "corridor",
        "to_level_id": null,
        "vertical_connection_id": null
      },
      "geometry": {
        "type": "LineString",
        "coordinates": [
          [-8.425829230501506, 43.352192854360084],
          [-8.425904909328494, 43.352078051302556]
        ]
      }
    },
    {
      "type": "Feature",
      "properties": {
        "access_type": "public",
        "from_level_id": null,
        "is_accessible": true,
        "level_id": -1,
        "network_type": "corridor",
        "to_level_id": null,
        "vertical_connection_id": null
      },
      "geometry": {
        "type": "LineString",
        "coordinates": [
          [-8.425572613143595, 43.352639377473736],
          [-8.425533711127258, 43.352652439572324]
        ]
      }
    },
    {
      "type": "Feature",
      "properties": {
        "access_type": "public",
        "from_level_id": null,
        "is_accessible": true,
        "level_id": -1,
        "network_type": "corridor",
        "to_level_id": null,
        "vertical_connection_id": null
      },
      "geometry": {
        "type": "LineString",
        "coordinates": [
          [-8.425026317682448, 43.35172787001302],
          [-8.42476778293181, 43.35163931511818]
        ]
      }
    },
    {
      "type": "Feature",
      "properties": {
        "access_type": "public",
        "from_level_id": null,
        "is_accessible": true,
        "level_id": -1,
        "network_type": "corridor",
        "to_level_id": null,
        "vertical_connection_id": null
      },
      "geometry": {
        "type": "LineString",
        "coordinates": [
          [-8.4248184282969, 43.35236937817167],
          [-8.424643154808678, 43.352295470618]
        ]
      }
    },
    {
      "type": "Feature",
      "properties": {
        "access_type": "public",
        "from_level_id": null,
        "is_accessible": true,
        "level_id": -1,
        "network_type": "corridor",
        "to_level_id": null,
        "vertical_connection_id": null
      },
      "geometry": {
        "type": "LineString",
        "coordinates": [
          [-8.425020120675123, 43.35254722747643],
          [-8.425087871151732, 43.352578632145594]
        ]
      }
    },
    {
      "type": "Feature",
      "properties": {
        "access_type": "public",
        "from_level_id": null,
        "is_accessible": true,
        "level_id": -1,
        "network_type": "corridor",
        "to_level_id": null,
        "vertical_connection_id": null
      },
      "geometry": {
        "type": "LineString",
        "coordinates": [
          [-8.424451216830597, 43.351627089374865],
          [-8.424487103349293, 43.35174470052186]
        ]
      }
    },
    {
      "type": "Feature",
      "properties": {
        "access_type": "public",
        "from_level_id": null,
        "is_accessible": true,
        "level_id": -1,
        "network_type": "corridor",
        "to_level_id": null,
        "vertical_connection_id": null
      },
      "geometry": {
        "type": "LineString",
        "coordinates": [
          [-8.425233634181357, 43.35195944809399],
          [-8.425487832359636, 43.35200893906776]
        ]
      }
    },
    {
      "type": "Feature",
      "properties": {
        "access_type": "public",
        "from_level_id": null,
        "is_accessible": true,
        "level_id": -1,
        "network_type": "corridor",
        "to_level_id": null,
        "vertical_connection_id": null
      },
      "geometry": {
        "type": "LineString",
        "coordinates": [
          [-8.424262328705634, 43.35226300249032],
          [-8.424316102549795, 43.352511612473165]
        ]
      }
    },
    {
      "type": "Feature",
      "properties": {
        "access_type": "public",
        "from_level_id": null,
        "is_accessible": true,
        "level_id": -1,
        "network_type": "corridor",
        "to_level_id": null,
        "vertical_connection_id": null
      },
      "geometry": {
        "type": "LineString",
        "coordinates": [
          [-8.424115774368811, 43.35234320878399],
          [-8.42406610406988, 43.35227446604401]
        ]
      }
    },
    {
      "type": "Feature",
      "properties": {
        "access_type": "public",
        "from_level_id": null,
        "is_accessible": true,
        "level_id": -1,
        "network_type": "corridor",
        "to_level_id": null,
        "vertical_connection_id": null
      },
      "geometry": {
        "type": "LineString",
        "coordinates": [
          [-8.425462259219007, 43.35246287378474],
          [-8.425313430825923, 43.352617336919195]
        ]
      }
    },
    {
      "type": "Feature",
      "properties": {
        "access_type": "public",
        "from_level_id": null,
        "is_accessible": true,
        "level_id": -1,
        "network_type": "corridor",
        "to_level_id": null,
        "vertical_connection_id": null
      },
      "geometry": {
        "type": "LineString",
        "coordinates": [
          [-8.423997641974358, 43.352018235199196],
          [-8.423975371387172, 43.35204665802189]
        ]
      }
    },
    {
      "type": "Feature",
      "properties": {
        "access_type": "public",
        "from_level_id": null,
        "is_accessible": true,
        "level_id": 0,
        "network_type": "corridor",
        "to_level_id": null,
        "vertical_connection_id": null
      },
      "geometry": {
        "type": "LineString",
        "coordinates": [
          [-8.425320071799035, 43.35201769049597],
          [-8.425162938144126, 43.3520880675666]
        ]
      }
    },
    {
      "type": "Feature",
      "properties": {
        "access_type": "public",
        "from_level_id": null,
        "is_accessible": true,
        "level_id": 0,
        "network_type": "corridor",
        "to_level_id": null,
        "vertical_connection_id": null
      },
      "geometry": {
        "type": "LineString",
        "coordinates": [
          [-8.425684037546283, 43.352393326159685],
          [-8.425697439220954, 43.35232537703476]
        ]
      }
    },
    {
      "type": "Feature",
      "properties": {
        "access_type": "public",
        "from_level_id": null,
        "is_accessible": true,
        "level_id": 0,
        "network_type": "corridor",
        "to_level_id": null,
        "vertical_connection_id": null
      },
      "geometry": {
        "type": "LineString",
        "coordinates": [
          [-8.425888362696087, 43.35229678233907],
          [-8.425908272482022, 43.35229212515063]
        ]
      }
    },
    {
      "type": "Feature",
      "properties": {
        "access_type": "public",
        "from_level_id": null,
        "is_accessible": true,
        "level_id": 0,
        "network_type": "corridor",
        "to_level_id": null,
        "vertical_connection_id": null
      },
      "geometry": {
        "type": "LineString",
        "coordinates": [
          [-8.425899089044638, 43.352253614798926],
          [-8.42592413865998, 43.352254487756596]
        ]
      }
    },
    {
      "type": "Feature",
      "properties": {
        "access_type": "public",
        "from_level_id": null,
        "is_accessible": true,
        "level_id": 0,
        "network_type": "corridor",
        "to_level_id": null,
        "vertical_connection_id": null
      },
      "geometry": {
        "type": "LineString",
        "coordinates": [
          [-8.425888362696087, 43.35229678233907],
          [-8.42592413865998, 43.352254487756596]
        ]
      }
    },
    {
      "type": "Feature",
      "properties": {
        "access_type": "public",
        "from_level_id": null,
        "is_accessible": true,
        "level_id": 0,
        "network_type": "corridor",
        "to_level_id": null,
        "vertical_connection_id": null
      },
      "geometry": {
        "type": "LineString",
        "coordinates": [
          [-8.424552678672569, 43.352154038925455],
          [-8.42446462029285, 43.35212688887365]
        ]
      }
    },
    {
      "type": "Feature",
      "properties": {
        "access_type": "public",
        "from_level_id": null,
        "is_accessible": true,
        "level_id": 0,
        "network_type": "corridor",
        "to_level_id": null,
        "vertical_connection_id": null
      },
      "geometry": {
        "type": "LineString",
        "coordinates": [
          [-8.424149847368515, 43.35156434955393],
          [-8.424068768982181, 43.35148182227465]
        ]
      }
    },
    {
      "type": "Feature",
      "properties": {
        "access_type": "public",
        "from_level_id": null,
        "is_accessible": true,
        "level_id": 0,
        "network_type": "corridor",
        "to_level_id": null,
        "vertical_connection_id": null
      },
      "geometry": {
        "type": "LineString",
        "coordinates": [
          [-8.42509868653022, 43.35157081804051],
          [-8.424977799253261, 43.35154613999524]
        ]
      }
    },
    {
      "type": "Feature",
      "properties": {
        "access_type": "public",
        "from_level_id": null,
        "is_accessible": true,
        "level_id": 0,
        "network_type": "corridor",
        "to_level_id": null,
        "vertical_connection_id": null
      },
      "geometry": {
        "type": "LineString",
        "coordinates": [
          [-8.424886296542986, 43.35205044553236],
          [-8.424979749234609, 43.352064418444115]
        ]
      }
    },
    {
      "type": "Feature",
      "properties": {
        "access_type": "public",
        "from_level_id": null,
        "is_accessible": true,
        "level_id": 0,
        "network_type": "corridor",
        "to_level_id": null,
        "vertical_connection_id": null
      },
      "geometry": {
        "type": "LineString",
        "coordinates": [
          [-8.425320071799035, 43.35201769049597],
          [-8.425501604949115, 43.35189616440024]
        ]
      }
    },
    {
      "type": "Feature",
      "properties": {
        "access_type": "public",
        "from_level_id": null,
        "is_accessible": true,
        "level_id": 0,
        "network_type": "corridor",
        "to_level_id": null,
        "vertical_connection_id": null
      },
      "geometry": {
        "type": "LineString",
        "coordinates": [
          [-8.425320071799035, 43.35201769049597],
          [-8.425479956905292, 43.352104098424576]
        ]
      }
    },
    {
      "type": "Feature",
      "properties": {
        "access_type": "public",
        "from_level_id": null,
        "is_accessible": true,
        "level_id": 0,
        "network_type": "corridor",
        "to_level_id": null,
        "vertical_connection_id": null
      },
      "geometry": {
        "type": "LineString",
        "coordinates": [
          [-8.425730043584114, 43.352082029601696],
          [-8.425732218946337, 43.351925641379665]
        ]
      }
    },
    {
      "type": "Feature",
      "properties": {
        "access_type": "public",
        "from_level_id": null,
        "is_accessible": true,
        "level_id": 0,
        "network_type": "corridor",
        "to_level_id": null,
        "vertical_connection_id": null
      },
      "geometry": {
        "type": "LineString",
        "coordinates": [
          [-8.425320071799035, 43.35201769049597],
          [-8.42513989474117, 43.352090193183386]
        ]
      }
    },
    {
      "type": "Feature",
      "properties": {
        "access_type": "public",
        "from_level_id": null,
        "is_accessible": true,
        "level_id": 0,
        "network_type": "corridor",
        "to_level_id": null,
        "vertical_connection_id": null
      },
      "geometry": {
        "type": "LineString",
        "coordinates": [
          [-8.425814462687644, 43.35263614890012],
          [-8.425826588621447, 43.35251465935917]
        ]
      }
    },
    {
      "type": "Feature",
      "properties": {
        "access_type": "public",
        "from_level_id": null,
        "is_accessible": true,
        "level_id": 0,
        "network_type": "corridor",
        "to_level_id": null,
        "vertical_connection_id": null
      },
      "geometry": {
        "type": "LineString",
        "coordinates": [
          [-8.425403617772233, 43.35238859476637],
          [-8.425371313307059, 43.352390889057936]
        ]
      }
    },
    {
      "type": "Feature",
      "properties": {
        "access_type": "public",
        "from_level_id": null,
        "is_accessible": true,
        "level_id": 0,
        "network_type": "corridor",
        "to_level_id": null,
        "vertical_connection_id": null
      },
      "geometry": {
        "type": "LineString",
        "coordinates": [
          [-8.425482471869653, 43.352407055480285],
          [-8.425371313307059, 43.352390889057936]
        ]
      }
    },
    {
      "type": "Feature",
      "properties": {
        "access_type": "public",
        "from_level_id": null,
        "is_accessible": true,
        "level_id": 0,
        "network_type": "corridor",
        "to_level_id": null,
        "vertical_connection_id": null
      },
      "geometry": {
        "type": "LineString",
        "coordinates": [
          [-8.42428069798587, 43.352438323717074],
          [-8.42431349627654, 43.35249908099823]
        ]
      }
    },
    {
      "type": "Feature",
      "properties": {
        "access_type": "public",
        "from_level_id": null,
        "is_accessible": true,
        "level_id": 0,
        "network_type": "corridor",
        "to_level_id": null,
        "vertical_connection_id": null
      },
      "geometry": {
        "type": "LineString",
        "coordinates": [
          [-8.423984981159533, 43.35199172331838],
          [-8.423865448817452, 43.35187632822516]
        ]
      }
    },
    {
      "type": "Feature",
      "properties": {
        "access_type": "public",
        "from_level_id": null,
        "is_accessible": true,
        "level_id": 0,
        "network_type": "corridor",
        "to_level_id": null,
        "vertical_connection_id": null
      },
      "geometry": {
        "type": "LineString",
        "coordinates": [
          [-8.424611612936841, 43.35249646246553],
          [-8.424677584609583, 43.35250138111826]
        ]
      }
    },
    {
      "type": "Feature",
      "properties": {
        "access_type": "public",
        "from_level_id": null,
        "is_accessible": true,
        "level_id": 0,
        "network_type": "corridor",
        "to_level_id": null,
        "vertical_connection_id": null
      },
      "geometry": {
        "type": "LineString",
        "coordinates": [
          [-8.423984981159533, 43.35199172331838],
          [-8.424018703044124, 43.35198548729821]
        ]
      }
    },
    {
      "type": "Feature",
      "properties": {
        "access_type": "public",
        "from_level_id": null,
        "is_accessible": true,
        "level_id": 0,
        "network_type": "corridor",
        "to_level_id": null,
        "vertical_connection_id": null
      },
      "geometry": {
        "type": "LineString",
        "coordinates": [
          [-8.424693222962143, 43.35174552018419],
          [-8.42458759987445, 43.351657997866376]
        ]
      }
    },
    {
      "type": "Feature",
      "properties": {
        "access_type": "public",
        "from_level_id": null,
        "is_accessible": true,
        "level_id": 0,
        "network_type": "corridor",
        "to_level_id": null,
        "vertical_connection_id": null
      },
      "geometry": {
        "type": "LineString",
        "coordinates": [
          [-8.42605864925228, 43.35274367314587],
          [-8.425951917519162, 43.35277037013167]
        ]
      }
    },
    {
      "type": "Feature",
      "properties": {
        "access_type": "public",
        "from_level_id": null,
        "is_accessible": true,
        "level_id": 0,
        "network_type": "corridor",
        "to_level_id": null,
        "vertical_connection_id": null
      },
      "geometry": {
        "type": "LineString",
        "coordinates": [
          [-8.425666097768065, 43.35266726612722],
          [-8.425565779214255, 43.352623406986524]
        ]
      }
    },
    {
      "type": "Feature",
      "properties": {
        "access_type": "public",
        "from_level_id": null,
        "is_accessible": true,
        "level_id": 0,
        "network_type": "corridor",
        "to_level_id": null,
        "vertical_connection_id": null
      },
      "geometry": {
        "type": "LineString",
        "coordinates": [
          [-8.424691208263006, 43.352025099706424],
          [-8.424696160454772, 43.35197458921846]
        ]
      }
    },
    {
      "type": "Feature",
      "properties": {
        "access_type": "public",
        "from_level_id": null,
        "is_accessible": true,
        "level_id": 0,
        "network_type": "corridor",
        "to_level_id": null,
        "vertical_connection_id": null
      },
      "geometry": {
        "type": "LineString",
        "coordinates": [
          [-8.424605569527278, 43.35200874652496],
          [-8.424696160454772, 43.35197458921846]
        ]
      }
    },
    {
      "type": "Feature",
      "properties": {
        "access_type": "public",
        "from_level_id": null,
        "is_accessible": true,
        "level_id": 0,
        "network_type": "corridor",
        "to_level_id": null,
        "vertical_connection_id": null
      },
      "geometry": {
        "type": "LineString",
        "coordinates": [
          [-8.424656988486223, 43.351862329157136],
          [-8.424508752101298, 43.35177145667743]
        ]
      }
    },
    {
      "type": "Feature",
      "properties": {
        "access_type": "public",
        "from_level_id": null,
        "is_accessible": true,
        "level_id": 0,
        "network_type": "corridor",
        "to_level_id": null,
        "vertical_connection_id": null
      },
      "geometry": {
        "type": "LineString",
        "coordinates": [
          [-8.425215304529805, 43.35230434349684],
          [-8.425312334778019, 43.35222194632286]
        ]
      }
    },
    {
      "type": "Feature",
      "properties": {
        "access_type": "public",
        "from_level_id": null,
        "is_accessible": true,
        "level_id": 0,
        "network_type": "corridor",
        "to_level_id": null,
        "vertical_connection_id": null
      },
      "geometry": {
        "type": "LineString",
        "coordinates": [
          [-8.424149847368515, 43.35156434955393],
          [-8.424134708584019, 43.35162125482632]
        ]
      }
    },
    {
      "type": "Feature",
      "properties": {
        "access_type": "public",
        "from_level_id": null,
        "is_accessible": true,
        "level_id": 0,
        "network_type": "corridor",
        "to_level_id": null,
        "vertical_connection_id": null
      },
      "geometry": {
        "type": "LineString",
        "coordinates": [
          [-8.425666097768065, 43.35266726612722],
          [-8.425671527241311, 43.35268222982774]
        ]
      }
    },
    {
      "type": "Feature",
      "properties": {
        "access_type": "public",
        "from_level_id": null,
        "is_accessible": true,
        "level_id": 0,
        "network_type": "corridor",
        "to_level_id": null,
        "vertical_connection_id": null
      },
      "geometry": {
        "type": "LineString",
        "coordinates": [
          [-8.425256874744258, 43.352361096933535],
          [-8.425349814073996, 43.352255486521955]
        ]
      }
    },
    {
      "type": "Feature",
      "properties": {
        "access_type": "public",
        "from_level_id": null,
        "is_accessible": true,
        "level_id": 0,
        "network_type": "corridor",
        "to_level_id": null,
        "vertical_connection_id": null
      },
      "geometry": {
        "type": "LineString",
        "coordinates": [
          [-8.425215304529805, 43.35230434349684],
          [-8.425349814073996, 43.352255486521955]
        ]
      }
    },
    {
      "type": "Feature",
      "properties": {
        "access_type": "public",
        "from_level_id": null,
        "is_accessible": true,
        "level_id": 0,
        "network_type": "corridor",
        "to_level_id": null,
        "vertical_connection_id": null
      },
      "geometry": {
        "type": "LineString",
        "coordinates": [
          [-8.425186721807288, 43.35239007096001],
          [-8.425239739738604, 43.352553665201675]
        ]
      }
    },
    {
      "type": "Feature",
      "properties": {
        "access_type": "public",
        "from_level_id": null,
        "is_accessible": true,
        "level_id": 0,
        "network_type": "corridor",
        "to_level_id": null,
        "vertical_connection_id": null
      },
      "geometry": {
        "type": "LineString",
        "coordinates": [
          [-8.424765261597933, 43.35150629507574],
          [-8.424745847726939, 43.35154253610463]
        ]
      }
    },
    {
      "type": "Feature",
      "properties": {
        "access_type": "public",
        "from_level_id": null,
        "is_accessible": true,
        "level_id": 0,
        "network_type": "corridor",
        "to_level_id": null,
        "vertical_connection_id": null
      },
      "geometry": {
        "type": "LineString",
        "coordinates": [
          [-8.425899089044638, 43.352253614798926],
          [-8.426044880648817, 43.35198399131954]
        ]
      }
    },
    {
      "type": "Feature",
      "properties": {
        "access_type": "public",
        "from_level_id": null,
        "is_accessible": true,
        "level_id": 0,
        "network_type": "corridor",
        "to_level_id": null,
        "vertical_connection_id": null
      },
      "geometry": {
        "type": "LineString",
        "coordinates": [
          [-8.425730043584114, 43.352082029601696],
          [-8.426044880648817, 43.35198399131954]
        ]
      }
    },
    {
      "type": "Feature",
      "properties": {
        "access_type": "public",
        "from_level_id": null,
        "is_accessible": true,
        "level_id": 0,
        "network_type": "corridor",
        "to_level_id": null,
        "vertical_connection_id": null
      },
      "geometry": {
        "type": "LineString",
        "coordinates": [
          [-8.42407741427, 43.35169572382313],
          [-8.423904252819824, 43.351737863339025]
        ]
      }
    },
    {
      "type": "Feature",
      "properties": {
        "access_type": "public",
        "from_level_id": null,
        "is_accessible": true,
        "level_id": 0,
        "network_type": "corridor",
        "to_level_id": null,
        "vertical_connection_id": null
      },
      "geometry": {
        "type": "LineString",
        "coordinates": [
          [-8.425899089044638, 43.352253614798926],
          [-8.425931506353834, 43.35221759506149]
        ]
      }
    },
    {
      "type": "Feature",
      "properties": {
        "access_type": "public",
        "from_level_id": null,
        "is_accessible": true,
        "level_id": 0,
        "network_type": "corridor",
        "to_level_id": null,
        "vertical_connection_id": null
      },
      "geometry": {
        "type": "LineString",
        "coordinates": [
          [-8.425843625784779, 43.3522431340506],
          [-8.425931506353834, 43.35221759506149]
        ]
      }
    },
    {
      "type": "Feature",
      "properties": {
        "access_type": "public",
        "from_level_id": null,
        "is_accessible": true,
        "level_id": 0,
        "network_type": "corridor",
        "to_level_id": null,
        "vertical_connection_id": null
      },
      "geometry": {
        "type": "LineString",
        "coordinates": [
          [-8.425888362696087, 43.35229678233907],
          [-8.425885949794662, 43.35238038627156]
        ]
      }
    },
    {
      "type": "Feature",
      "properties": {
        "access_type": "public",
        "from_level_id": null,
        "is_accessible": true,
        "level_id": 0,
        "network_type": "corridor",
        "to_level_id": null,
        "vertical_connection_id": null
      },
      "geometry": {
        "type": "LineString",
        "coordinates": [
          [-8.424724134626867, 43.35218386195845],
          [-8.424732892133306, 43.352145493538046]
        ]
      }
    },
    {
      "type": "Feature",
      "properties": {
        "access_type": "public",
        "from_level_id": null,
        "is_accessible": true,
        "level_id": 0,
        "network_type": "corridor",
        "to_level_id": null,
        "vertical_connection_id": null
      },
      "geometry": {
        "type": "LineString",
        "coordinates": [
          [-8.424605569527278, 43.35200874652496],
          [-8.424466965331614, 43.352013136412815]
        ]
      }
    },
    {
      "type": "Feature",
      "properties": {
        "access_type": "public",
        "from_level_id": null,
        "is_accessible": true,
        "level_id": 0,
        "network_type": "corridor",
        "to_level_id": null,
        "vertical_connection_id": null
      },
      "geometry": {
        "type": "LineString",
        "coordinates": [
          [-8.423944733025987, 43.35209376425481],
          [-8.423897721881737, 43.3522783313426]
        ]
      }
    },
    {
      "type": "Feature",
      "properties": {
        "access_type": "public",
        "from_level_id": null,
        "is_accessible": true,
        "level_id": 0,
        "network_type": "corridor",
        "to_level_id": null,
        "vertical_connection_id": null
      },
      "geometry": {
        "type": "LineString",
        "coordinates": [
          [-8.424035323934318, 43.35160028203631],
          [-8.423945560009571, 43.351583211336816]
        ]
      }
    },
    {
      "type": "Feature",
      "properties": {
        "access_type": "public",
        "from_level_id": null,
        "is_accessible": true,
        "level_id": 0,
        "network_type": "corridor",
        "to_level_id": null,
        "vertical_connection_id": null
      },
      "geometry": {
        "type": "LineString",
        "coordinates": [
          [-8.424201247379107, 43.35165787199052],
          [-8.424416706920653, 43.35163079399135]
        ]
      }
    },
    {
      "type": "Feature",
      "properties": {
        "access_type": "public",
        "from_level_id": null,
        "is_accessible": true,
        "level_id": 0,
        "network_type": "corridor",
        "to_level_id": null,
        "vertical_connection_id": null
      },
      "geometry": {
        "type": "LineString",
        "coordinates": [
          [-8.424149847368515, 43.35156434955393],
          [-8.424234475654885, 43.3515733180534]
        ]
      }
    },
    {
      "type": "Feature",
      "properties": {
        "access_type": "public",
        "from_level_id": null,
        "is_accessible": true,
        "level_id": 0,
        "network_type": "corridor",
        "to_level_id": null,
        "vertical_connection_id": null
      },
      "geometry": {
        "type": "LineString",
        "coordinates": [
          [-8.424611612936841, 43.35249646246553],
          [-8.424552595182064, 43.35254322423623]
        ]
      }
    },
    {
      "type": "Feature",
      "properties": {
        "access_type": "public",
        "from_level_id": null,
        "is_accessible": true,
        "level_id": 0,
        "network_type": "corridor",
        "to_level_id": null,
        "vertical_connection_id": null
      },
      "geometry": {
        "type": "LineString",
        "coordinates": [
          [-8.424605569527278, 43.35200874652496],
          [-8.424599036129232, 43.3519267180832]
        ]
      }
    },
    {
      "type": "Feature",
      "properties": {
        "access_type": "public",
        "from_level_id": null,
        "is_accessible": true,
        "level_id": 0,
        "network_type": "corridor",
        "to_level_id": null,
        "vertical_connection_id": null
      },
      "geometry": {
        "type": "LineString",
        "coordinates": [
          [-8.424201247379107, 43.35165787199052],
          [-8.424278244144116, 43.35168975023899]
        ]
      }
    },
    {
      "type": "Feature",
      "properties": {
        "access_type": "public",
        "from_level_id": null,
        "is_accessible": true,
        "level_id": 0,
        "network_type": "corridor",
        "to_level_id": null,
        "vertical_connection_id": null
      },
      "geometry": {
        "type": "LineString",
        "coordinates": [
          [-8.424199165181005, 43.352034888063045],
          [-8.424184014542536, 43.35195253196949]
        ]
      }
    },
    {
      "type": "Feature",
      "properties": {
        "access_type": "public",
        "from_level_id": null,
        "is_accessible": true,
        "level_id": 0,
        "network_type": "corridor",
        "to_level_id": null,
        "vertical_connection_id": null
      },
      "geometry": {
        "type": "LineString",
        "coordinates": [
          [-8.425320071799035, 43.35201769049597],
          [-8.425312849101422, 43.351862528711194]
        ]
      }
    },
    {
      "type": "Feature",
      "properties": {
        "access_type": "public",
        "from_level_id": null,
        "is_accessible": true,
        "level_id": 0,
        "network_type": "corridor",
        "to_level_id": null,
        "vertical_connection_id": null
      },
      "geometry": {
        "type": "LineString",
        "coordinates": [
          [-8.424875982578628, 43.35190582863683],
          [-8.424816395050854, 43.351939793497486]
        ]
      }
    },
    {
      "type": "Feature",
      "properties": {
        "access_type": "public",
        "from_level_id": null,
        "is_accessible": true,
        "level_id": 0,
        "network_type": "corridor",
        "to_level_id": null,
        "vertical_connection_id": null
      },
      "geometry": {
        "type": "LineString",
        "coordinates": [
          [-8.424691208263006, 43.352025099706424],
          [-8.424738505699139, 43.35193721170654]
        ]
      }
    },
    {
      "type": "Feature",
      "properties": {
        "access_type": "public",
        "from_level_id": null,
        "is_accessible": true,
        "level_id": 0,
        "network_type": "corridor",
        "to_level_id": null,
        "vertical_connection_id": null
      },
      "geometry": {
        "type": "LineString",
        "coordinates": [
          [-8.424656988486223, 43.351862329157136],
          [-8.424738505699139, 43.35193721170654]
        ]
      }
    },
    {
      "type": "Feature",
      "properties": {
        "access_type": "public",
        "from_level_id": null,
        "is_accessible": true,
        "level_id": 0,
        "network_type": "corridor",
        "to_level_id": null,
        "vertical_connection_id": null
      },
      "geometry": {
        "type": "LineString",
        "coordinates": [
          [-8.424800910596284, 43.35217269905441],
          [-8.424783988273106, 43.352255868940176]
        ]
      }
    },
    {
      "type": "Feature",
      "properties": {
        "access_type": "public",
        "from_level_id": null,
        "is_accessible": true,
        "level_id": 0,
        "network_type": "corridor",
        "to_level_id": null,
        "vertical_connection_id": null
      },
      "geometry": {
        "type": "LineString",
        "coordinates": [
          [-8.424605569527278, 43.35200874652496],
          [-8.424504676237984, 43.35190189806136]
        ]
      }
    },
    {
      "type": "Feature",
      "properties": {
        "access_type": "public",
        "from_level_id": null,
        "is_accessible": true,
        "level_id": 0,
        "network_type": "corridor",
        "to_level_id": null,
        "vertical_connection_id": null
      },
      "geometry": {
        "type": "LineString",
        "coordinates": [
          [-8.423960208364717, 43.352051041127204],
          [-8.423831750220122, 43.35201586687606]
        ]
      }
    },
    {
      "type": "Feature",
      "properties": {
        "access_type": "public",
        "from_level_id": null,
        "is_accessible": true,
        "level_id": 0,
        "network_type": "corridor",
        "to_level_id": null,
        "vertical_connection_id": null
      },
      "geometry": {
        "type": "LineString",
        "coordinates": [
          [-8.424552678672569, 43.352154038925455],
          [-8.424554982229203, 43.352246697887]
        ]
      }
    },
    {
      "type": "Feature",
      "properties": {
        "access_type": "public",
        "from_level_id": null,
        "is_accessible": true,
        "level_id": 0,
        "network_type": "corridor",
        "to_level_id": null,
        "vertical_connection_id": null
      },
      "geometry": {
        "type": "LineString",
        "coordinates": [
          [-8.425148531153678, 43.35159839280139],
          [-8.425493371795758, 43.35166006805941]
        ]
      }
    },
    {
      "type": "Feature",
      "properties": {
        "access_type": "public",
        "from_level_id": null,
        "is_accessible": true,
        "level_id": 0,
        "network_type": "corridor",
        "to_level_id": null,
        "vertical_connection_id": null
      },
      "geometry": {
        "type": "LineString",
        "coordinates": [
          [-8.425373508760128, 43.352756956267314],
          [-8.425369548071352, 43.35279043504535]
        ]
      }
    },
    {
      "type": "Feature",
      "properties": {
        "access_type": "public",
        "from_level_id": null,
        "is_accessible": true,
        "level_id": 0,
        "network_type": "corridor",
        "to_level_id": null,
        "vertical_connection_id": null
      },
      "geometry": {
        "type": "LineString",
        "coordinates": [
          [-8.424691208263006, 43.352025099706424],
          [-8.424647679424904, 43.35206184373381]
        ]
      }
    },
    {
      "type": "Feature",
      "properties": {
        "access_type": "public",
        "from_level_id": null,
        "is_accessible": true,
        "level_id": 0,
        "network_type": "corridor",
        "to_level_id": null,
        "vertical_connection_id": null
      },
      "geometry": {
        "type": "LineString",
        "coordinates": [
          [-8.424605569527278, 43.35200874652496],
          [-8.424647679424904, 43.35206184373381]
        ]
      }
    },
    {
      "type": "Feature",
      "properties": {
        "access_type": "public",
        "from_level_id": null,
        "is_accessible": true,
        "level_id": 0,
        "network_type": "corridor",
        "to_level_id": null,
        "vertical_connection_id": null
      },
      "geometry": {
        "type": "LineString",
        "coordinates": [
          [-8.425320071799035, 43.35201769049597],
          [-8.42516214246729, 43.351844351263196]
        ]
      }
    },
    {
      "type": "Feature",
      "properties": {
        "access_type": "public",
        "from_level_id": null,
        "is_accessible": true,
        "level_id": 0,
        "network_type": "corridor",
        "to_level_id": null,
        "vertical_connection_id": null
      },
      "geometry": {
        "type": "LineString",
        "coordinates": [
          [-8.424875982578628, 43.35190582863683],
          [-8.424886630588054, 43.351718132077394]
        ]
      }
    },
    {
      "type": "Feature",
      "properties": {
        "access_type": "public",
        "from_level_id": null,
        "is_accessible": true,
        "level_id": 0,
        "network_type": "corridor",
        "to_level_id": null,
        "vertical_connection_id": null
      },
      "geometry": {
        "type": "LineString",
        "coordinates": [
          [-8.42564835381129, 43.35247820124202],
          [-8.425627170804463, 43.35243130739143]
        ]
      }
    },
    {
      "type": "Feature",
      "properties": {
        "access_type": "public",
        "from_level_id": null,
        "is_accessible": true,
        "level_id": 0,
        "network_type": "corridor",
        "to_level_id": null,
        "vertical_connection_id": null
      },
      "geometry": {
        "type": "LineString",
        "coordinates": [
          [-8.425186721807288, 43.35239007096001],
          [-8.425100946366967, 43.35235323174845]
        ]
      }
    },
    {
      "type": "Feature",
      "properties": {
        "access_type": "public",
        "from_level_id": null,
        "is_accessible": true,
        "level_id": 0,
        "network_type": "corridor",
        "to_level_id": null,
        "vertical_connection_id": null
      },
      "geometry": {
        "type": "LineString",
        "coordinates": [
          [-8.424201247379107, 43.35165787199052],
          [-8.424171968708984, 43.351727300659824]
        ]
      }
    },
    {
      "type": "Feature",
      "properties": {
        "access_type": "public",
        "from_level_id": null,
        "is_accessible": true,
        "level_id": 0,
        "network_type": "corridor",
        "to_level_id": null,
        "vertical_connection_id": null
      },
      "geometry": {
        "type": "LineString",
        "coordinates": [
          [-8.425666097768065, 43.35266726612722],
          [-8.425571353285715, 43.352589641571434]
        ]
      }
    },
    {
      "type": "Feature",
      "properties": {
        "access_type": "public",
        "from_level_id": null,
        "is_accessible": true,
        "level_id": 0,
        "network_type": "corridor",
        "to_level_id": null,
        "vertical_connection_id": null
      },
      "geometry": {
        "type": "LineString",
        "coordinates": [
          [-8.425814462687644, 43.35263614890012],
          [-8.425860658142856, 43.35255555857143]
        ]
      }
    },
    {
      "type": "Feature",
      "properties": {
        "access_type": "public",
        "from_level_id": null,
        "is_accessible": true,
        "level_id": 0,
        "network_type": "corridor",
        "to_level_id": null,
        "vertical_connection_id": null
      },
      "geometry": {
        "type": "LineString",
        "coordinates": [
          [-8.425888362696087, 43.35229678233907],
          [-8.425964052800001, 43.3523805878]
        ]
      }
    },
    {
      "type": "Feature",
      "properties": {
        "access_type": "public",
        "from_level_id": null,
        "is_accessible": true,
        "level_id": 0,
        "network_type": "corridor",
        "to_level_id": null,
        "vertical_connection_id": null
      },
      "geometry": {
        "type": "LineString",
        "coordinates": [
          [-8.425899089044638, 43.352253614798926],
          [-8.426064677857143, 43.35197347885714]
        ]
      }
    },
    {
      "type": "Feature",
      "properties": {
        "access_type": "public",
        "from_level_id": null,
        "is_accessible": true,
        "level_id": 0,
        "network_type": "corridor",
        "to_level_id": null,
        "vertical_connection_id": null
      },
      "geometry": {
        "type": "LineString",
        "coordinates": [
          [-8.425730043584114, 43.352082029601696],
          [-8.426064677857143, 43.35197347885714]
        ]
      }
    },
    {
      "type": "Feature",
      "properties": {
        "access_type": "public",
        "from_level_id": null,
        "is_accessible": true,
        "level_id": 0,
        "network_type": "corridor",
        "to_level_id": null,
        "vertical_connection_id": null
      },
      "geometry": {
        "type": "LineString",
        "coordinates": [
          [-8.425730043584114, 43.352082029601696],
          [-8.42573997975, 43.35189873625]
        ]
      }
    },
    {
      "type": "Feature",
      "properties": {
        "access_type": "public",
        "from_level_id": null,
        "is_accessible": true,
        "level_id": 0,
        "network_type": "corridor",
        "to_level_id": null,
        "vertical_connection_id": null
      },
      "geometry": {
        "type": "LineString",
        "coordinates": [
          [-8.425320071799035, 43.35201769049597],
          [-8.4254420635, 43.35184664575]
        ]
      }
    },
    {
      "type": "Feature",
      "properties": {
        "access_type": "public",
        "from_level_id": null,
        "is_accessible": true,
        "level_id": 0,
        "network_type": "corridor",
        "to_level_id": null,
        "vertical_connection_id": null
      },
      "geometry": {
        "type": "LineString",
        "coordinates": [
          [-8.425148531153678, 43.35159839280139],
          [-8.425142401, 43.351794180750005]
        ]
      }
    },
    {
      "type": "Feature",
      "properties": {
        "access_type": "public",
        "from_level_id": null,
        "is_accessible": true,
        "level_id": 0,
        "network_type": "corridor",
        "to_level_id": null,
        "vertical_connection_id": null
      },
      "geometry": {
        "type": "LineString",
        "coordinates": [
          [-8.424875982578628, 43.35190582863683],
          [-8.424900455058824, 43.351721231058825]
        ]
      }
    },
    {
      "type": "Feature",
      "properties": {
        "access_type": "public",
        "from_level_id": null,
        "is_accessible": true,
        "level_id": 0,
        "network_type": "corridor",
        "to_level_id": null,
        "vertical_connection_id": null
      },
      "geometry": {
        "type": "LineString",
        "coordinates": [
          [-8.424693222962143, 43.35174552018419],
          [-8.424619928, 43.351637198875]
        ]
      }
    },
    {
      "type": "Feature",
      "properties": {
        "access_type": "public",
        "from_level_id": null,
        "is_accessible": true,
        "level_id": 0,
        "network_type": "corridor",
        "to_level_id": null,
        "vertical_connection_id": null
      },
      "geometry": {
        "type": "LineString",
        "coordinates": [
          [-8.424765261597933, 43.35150629507574],
          [-8.424487788714286, 43.35152153542857]
        ]
      }
    },
    {
      "type": "Feature",
      "properties": {
        "access_type": "public",
        "from_level_id": null,
        "is_accessible": true,
        "level_id": 0,
        "network_type": "corridor",
        "to_level_id": null,
        "vertical_connection_id": null
      },
      "geometry": {
        "type": "LineString",
        "coordinates": [
          [-8.424149847368515, 43.35156434955393],
          [-8.424266386400001, 43.3515292242]
        ]
      }
    },
    {
      "type": "Feature",
      "properties": {
        "access_type": "public",
        "from_level_id": null,
        "is_accessible": true,
        "level_id": 0,
        "network_type": "corridor",
        "to_level_id": null,
        "vertical_connection_id": null
      },
      "geometry": {
        "type": "LineString",
        "coordinates": [
          [-8.424035323934318, 43.35160028203631],
          [-8.424018695625, 43.351449274000004]
        ]
      }
    },
    {
      "type": "Feature",
      "properties": {
        "access_type": "public",
        "from_level_id": null,
        "is_accessible": true,
        "level_id": 0,
        "network_type": "corridor",
        "to_level_id": null,
        "vertical_connection_id": null
      },
      "geometry": {
        "type": "LineString",
        "coordinates": [
          [-8.424035323934318, 43.35160028203631],
          [-8.4239370862, 43.3515863708]
        ]
      }
    },
    {
      "type": "Feature",
      "properties": {
        "access_type": "public",
        "from_level_id": null,
        "is_accessible": true,
        "level_id": 0,
        "network_type": "corridor",
        "to_level_id": null,
        "vertical_connection_id": null
      },
      "geometry": {
        "type": "LineString",
        "coordinates": [
          [-8.42407741427, 43.35169572382313],
          [-8.4239267408, 43.351726688999996]
        ]
      }
    },
    {
      "type": "Feature",
      "properties": {
        "access_type": "public",
        "from_level_id": null,
        "is_accessible": true,
        "level_id": 0,
        "network_type": "corridor",
        "to_level_id": null,
        "vertical_connection_id": null
      },
      "geometry": {
        "type": "LineString",
        "coordinates": [
          [-8.423984981159533, 43.35199172331838],
          [-8.42386427625, 43.351876834500004]
        ]
      }
    },
    {
      "type": "Feature",
      "properties": {
        "access_type": "public",
        "from_level_id": null,
        "is_accessible": true,
        "level_id": 0,
        "network_type": "corridor",
        "to_level_id": null,
        "vertical_connection_id": null
      },
      "geometry": {
        "type": "LineString",
        "coordinates": [
          [-8.423960208364717, 43.352051041127204],
          [-8.423818251, 43.3520174225]
        ]
      }
    },
    {
      "type": "Feature",
      "properties": {
        "access_type": "public",
        "from_level_id": null,
        "is_accessible": true,
        "level_id": 0,
        "network_type": "corridor",
        "to_level_id": null,
        "vertical_connection_id": null
      },
      "geometry": {
        "type": "LineString",
        "coordinates": [
          [-8.424245006847597, 43.35239606052057],
          [-8.424051351705883, 43.35233784747059]
        ]
      }
    },
    {
      "type": "Feature",
      "properties": {
        "access_type": "public",
        "from_level_id": null,
        "is_accessible": true,
        "level_id": 0,
        "network_type": "corridor",
        "to_level_id": null,
        "vertical_connection_id": null
      },
      "geometry": {
        "type": "LineString",
        "coordinates": [
          [-8.42428069798587, 43.352438323717074],
          [-8.4243107105, 43.352546434]
        ]
      }
    },
    {
      "type": "Feature",
      "properties": {
        "access_type": "public",
        "from_level_id": null,
        "is_accessible": true,
        "level_id": 0,
        "network_type": "corridor",
        "to_level_id": null,
        "vertical_connection_id": null
      },
      "geometry": {
        "type": "LineString",
        "coordinates": [
          [-8.424611612936841, 43.35249646246553],
          [-8.4245847206, 43.352584883999995]
        ]
      }
    },
    {
      "type": "Feature",
      "properties": {
        "access_type": "public",
        "from_level_id": null,
        "is_accessible": true,
        "level_id": 0,
        "network_type": "corridor",
        "to_level_id": null,
        "vertical_connection_id": null
      },
      "geometry": {
        "type": "LineString",
        "coordinates": [
          [-8.424611612936841, 43.35249646246553],
          [-8.424768339666667, 43.35248145566667]
        ]
      }
    },
    {
      "type": "Feature",
      "properties": {
        "access_type": "public",
        "from_level_id": null,
        "is_accessible": true,
        "level_id": 0,
        "network_type": "corridor",
        "to_level_id": null,
        "vertical_connection_id": null
      },
      "geometry": {
        "type": "LineString",
        "coordinates": [
          [-8.425186721807288, 43.35239007096001],
          [-8.425032979000001, 43.35244251]
        ]
      }
    },
    {
      "type": "Feature",
      "properties": {
        "access_type": "public",
        "from_level_id": null,
        "is_accessible": true,
        "level_id": 0,
        "network_type": "corridor",
        "to_level_id": null,
        "vertical_connection_id": null
      },
      "geometry": {
        "type": "LineString",
        "coordinates": [
          [-8.425186721807288, 43.35239007096001],
          [-8.425183084090909, 43.352603056545455]
        ]
      }
    },
    {
      "type": "Feature",
      "properties": {
        "access_type": "public",
        "from_level_id": null,
        "is_accessible": true,
        "level_id": 0,
        "network_type": "corridor",
        "to_level_id": null,
        "vertical_connection_id": null
      },
      "geometry": {
        "type": "LineString",
        "coordinates": [
          [-8.425215304529805, 43.35230434349684],
          [-8.425126874625, 43.352136135125]
        ]
      }
    },
    {
      "type": "Feature",
      "properties": {
        "access_type": "public",
        "from_level_id": null,
        "is_accessible": true,
        "level_id": 0,
        "network_type": "corridor",
        "to_level_id": null,
        "vertical_connection_id": null
      },
      "geometry": {
        "type": "LineString",
        "coordinates": [
          [-8.424886296542986, 43.35205044553236],
          [-8.424963964285714, 43.352080482285714]
        ]
      }
    },
    {
      "type": "Feature",
      "properties": {
        "access_type": "public",
        "from_level_id": null,
        "is_accessible": true,
        "level_id": 0,
        "network_type": "corridor",
        "to_level_id": null,
        "vertical_connection_id": null
      },
      "geometry": {
        "type": "LineString",
        "coordinates": [
          [-8.424800910596284, 43.35217269905441],
          [-8.424860006, 43.3522847287]
        ]
      }
    },
    {
      "type": "Feature",
      "properties": {
        "access_type": "public",
        "from_level_id": null,
        "is_accessible": true,
        "level_id": 0,
        "network_type": "corridor",
        "to_level_id": null,
        "vertical_connection_id": null
      },
      "geometry": {
        "type": "LineString",
        "coordinates": [
          [-8.424552678672569, 43.352154038925455],
          [-8.424500626666665, 43.352279419666665]
        ]
      }
    },
    {
      "type": "Feature",
      "properties": {
        "access_type": "public",
        "from_level_id": null,
        "is_accessible": true,
        "level_id": 0,
        "network_type": "corridor",
        "to_level_id": null,
        "vertical_connection_id": null
      },
      "geometry": {
        "type": "LineString",
        "coordinates": [
          [-8.424656988486223, 43.351862329157136],
          [-8.4244782135, 43.35181039525]
        ]
      }
    },
    {
      "type": "Feature",
      "properties": {
        "access_type": "public",
        "from_level_id": null,
        "is_accessible": true,
        "level_id": 0,
        "network_type": "corridor",
        "to_level_id": null,
        "vertical_connection_id": null
      },
      "geometry": {
        "type": "LineString",
        "coordinates": [
          [-8.424605569527278, 43.35200874652496],
          [-8.42444945425, 43.35190685525]
        ]
      }
    },
    {
      "type": "Feature",
      "properties": {
        "access_type": "public",
        "from_level_id": null,
        "is_accessible": true,
        "level_id": 0,
        "network_type": "corridor",
        "to_level_id": null,
        "vertical_connection_id": null
      },
      "geometry": {
        "type": "LineString",
        "coordinates": [
          [-8.42433698089825, 43.352112758010534],
          [-8.424420452, 43.35200151125]
        ]
      }
    },
    {
      "type": "Feature",
      "properties": {
        "access_type": "public",
        "from_level_id": null,
        "is_accessible": true,
        "level_id": 0,
        "network_type": "corridor",
        "to_level_id": null,
        "vertical_connection_id": null
      },
      "geometry": {
        "type": "LineString",
        "coordinates": [
          [-8.42413692960135, 43.352074274309345],
          [-8.424108602444445, 43.35196502844445]
        ]
      }
    },
    {
      "type": "Feature",
      "properties": {
        "access_type": "public",
        "from_level_id": null,
        "is_accessible": true,
        "level_id": 0,
        "network_type": "corridor",
        "to_level_id": null,
        "vertical_connection_id": null
      },
      "geometry": {
        "type": "LineString",
        "coordinates": [
          [-8.424201247379107, 43.35165787199052],
          [-8.424205206333333, 43.35178021411111]
        ]
      }
    },
    {
      "type": "Feature",
      "properties": {
        "access_type": "public",
        "from_level_id": null,
        "is_accessible": true,
        "level_id": 0,
        "network_type": "corridor",
        "to_level_id": null,
        "vertical_connection_id": null
      },
      "geometry": {
        "type": "LineString",
        "coordinates": [
          [-8.425684037546283, 43.352393326159685],
          [-8.4256737156, 43.3522970226]
        ]
      }
    },
    {
      "type": "Feature",
      "properties": {
        "access_type": "public",
        "from_level_id": null,
        "is_accessible": true,
        "level_id": 0,
        "network_type": "corridor",
        "to_level_id": null,
        "vertical_connection_id": null
      },
      "geometry": {
        "type": "LineString",
        "coordinates": [
          [-8.425498390841524, 43.3523593116107],
          [-8.425452261250001, 43.352250074]
        ]
      }
    },
    {
      "type": "Feature",
      "properties": {
        "access_type": "public",
        "from_level_id": null,
        "is_accessible": true,
        "level_id": 0,
        "network_type": "corridor",
        "to_level_id": null,
        "vertical_connection_id": null
      },
      "geometry": {
        "type": "LineString",
        "coordinates": [
          [-8.425730043584114, 43.352082029601696],
          [-8.4255625522, 43.3521523622]
        ]
      }
    },
    {
      "type": "Feature",
      "properties": {
        "access_type": "public",
        "from_level_id": null,
        "is_accessible": true,
        "level_id": 0,
        "network_type": "corridor",
        "to_level_id": null,
        "vertical_connection_id": null
      },
      "geometry": {
        "type": "LineString",
        "coordinates": [
          [-8.424837650984994, 43.35203880666099],
          [-8.424802449875, 43.351964697875]
        ]
      }
    },
    {
      "type": "Feature",
      "properties": {
        "access_type": "public",
        "from_level_id": null,
        "is_accessible": true,
        "level_id": 0,
        "network_type": "corridor",
        "to_level_id": null,
        "vertical_connection_id": null
      },
      "geometry": {
        "type": "LineString",
        "coordinates": [
          [-8.424875982578628, 43.35190582863683],
          [-8.424802449875, 43.351964697875]
        ]
      }
    },
    {
      "type": "Feature",
      "properties": {
        "access_type": "public",
        "from_level_id": null,
        "is_accessible": true,
        "level_id": 1,
        "network_type": "corridor",
        "to_level_id": null,
        "vertical_connection_id": null
      },
      "geometry": {
        "type": "LineString",
        "coordinates": [
          [-8.425727779735368, 43.35240757234075],
          [-8.4254923775, 43.352630337875]
        ]
      }
    },
    {
      "type": "Feature",
      "properties": {
        "access_type": "public",
        "from_level_id": null,
        "is_accessible": true,
        "level_id": 1,
        "network_type": "corridor",
        "to_level_id": null,
        "vertical_connection_id": null
      },
      "geometry": {
        "type": "LineString",
        "coordinates": [
          [-8.425804752516939, 43.35236291537881],
          [-8.425877930777778, 43.35248869833333]
        ]
      }
    },
    {
      "type": "Feature",
      "properties": {
        "access_type": "public",
        "from_level_id": null,
        "is_accessible": true,
        "level_id": 1,
        "network_type": "corridor",
        "to_level_id": null,
        "vertical_connection_id": null
      },
      "geometry": {
        "type": "LineString",
        "coordinates": [
          [-8.425904644503698, 43.35225451133616],
          [-8.426064076714285, 43.35197315114285]
        ]
      }
    },
    {
      "type": "Feature",
      "properties": {
        "access_type": "public",
        "from_level_id": null,
        "is_accessible": true,
        "level_id": 1,
        "network_type": "corridor",
        "to_level_id": null,
        "vertical_connection_id": null
      },
      "geometry": {
        "type": "LineString",
        "coordinates": [
          [-8.42575154013101, 43.35208750452464],
          [-8.426064076714285, 43.35197315114285]
        ]
      }
    },
    {
      "type": "Feature",
      "properties": {
        "access_type": "public",
        "from_level_id": null,
        "is_accessible": true,
        "level_id": 1,
        "network_type": "corridor",
        "to_level_id": null,
        "vertical_connection_id": null
      },
      "geometry": {
        "type": "LineString",
        "coordinates": [
          [-8.42575154013101, 43.35208750452464],
          [-8.42573937875, 43.35189840825]
        ]
      }
    },
    {
      "type": "Feature",
      "properties": {
        "access_type": "public",
        "from_level_id": null,
        "is_accessible": true,
        "level_id": 1,
        "network_type": "corridor",
        "to_level_id": null,
        "vertical_connection_id": null
      },
      "geometry": {
        "type": "LineString",
        "coordinates": [
          [-8.425375299512954, 43.35201804370676],
          [-8.4254414625, 43.351846318]
        ]
      }
    },
    {
      "type": "Feature",
      "properties": {
        "access_type": "public",
        "from_level_id": null,
        "is_accessible": true,
        "level_id": 1,
        "network_type": "corridor",
        "to_level_id": null,
        "vertical_connection_id": null
      },
      "geometry": {
        "type": "LineString",
        "coordinates": [
          [-8.424906343871179, 43.351960182187426],
          [-8.4251418, 43.3517938535]
        ]
      }
    },
    {
      "type": "Feature",
      "properties": {
        "access_type": "public",
        "from_level_id": null,
        "is_accessible": true,
        "level_id": 1,
        "network_type": "corridor",
        "to_level_id": null,
        "vertical_connection_id": null
      },
      "geometry": {
        "type": "LineString",
        "coordinates": [
          [-8.424821260657158, 43.35177687555041],
          [-8.424940385923078, 43.351727105538465]
        ]
      }
    },
    {
      "type": "Feature",
      "properties": {
        "access_type": "public",
        "from_level_id": null,
        "is_accessible": true,
        "level_id": 1,
        "network_type": "corridor",
        "to_level_id": null,
        "vertical_connection_id": null
      },
      "geometry": {
        "type": "LineString",
        "coordinates": [
          [-8.424697383648894, 43.351753697434376],
          [-8.424680147285715, 43.35159621528572]
        ]
      }
    },
    {
      "type": "Feature",
      "properties": {
        "access_type": "public",
        "from_level_id": null,
        "is_accessible": true,
        "level_id": 1,
        "network_type": "corridor",
        "to_level_id": null,
        "vertical_connection_id": null
      },
      "geometry": {
        "type": "LineString",
        "coordinates": [
          [-8.424697383648894, 43.351753697434376],
          [-8.424487258285714, 43.351520988857146]
        ]
      }
    },
    {
      "type": "Feature",
      "properties": {
        "access_type": "public",
        "from_level_id": null,
        "is_accessible": true,
        "level_id": 1,
        "network_type": "corridor",
        "to_level_id": null,
        "vertical_connection_id": null
      },
      "geometry": {
        "type": "LineString",
        "coordinates": [
          [-8.42410745269231, 43.351643315927426],
          [-8.42426897125, 43.35152334525]
        ]
      }
    },
    {
      "type": "Feature",
      "properties": {
        "access_type": "public",
        "from_level_id": null,
        "is_accessible": true,
        "level_id": 1,
        "network_type": "corridor",
        "to_level_id": null,
        "vertical_connection_id": null
      },
      "geometry": {
        "type": "LineString",
        "coordinates": [
          [-8.42410745269231, 43.351643315927426],
          [-8.42403475681818, 43.35154664109091]
        ]
      }
    },
    {
      "type": "Feature",
      "properties": {
        "access_type": "public",
        "from_level_id": null,
        "is_accessible": true,
        "level_id": 1,
        "network_type": "corridor",
        "to_level_id": null,
        "vertical_connection_id": null
      },
      "geometry": {
        "type": "LineString",
        "coordinates": [
          [-8.42410745269231, 43.351643315927426],
          [-8.4239022375, 43.3517587135]
        ]
      }
    },
    {
      "type": "Feature",
      "properties": {
        "access_type": "public",
        "from_level_id": null,
        "is_accessible": true,
        "level_id": 1,
        "network_type": "corridor",
        "to_level_id": null,
        "vertical_connection_id": null
      },
      "geometry": {
        "type": "LineString",
        "coordinates": [
          [-8.423982279537034, 43.35199808015567],
          [-8.423863675, 43.35187650725]
        ]
      }
    },
    {
      "type": "Feature",
      "properties": {
        "access_type": "public",
        "from_level_id": null,
        "is_accessible": true,
        "level_id": 1,
        "network_type": "corridor",
        "to_level_id": null,
        "vertical_connection_id": null
      },
      "geometry": {
        "type": "LineString",
        "coordinates": [
          [-8.423964133862489, 43.352039192889954],
          [-8.42381765, 43.352017095]
        ]
      }
    },
    {
      "type": "Feature",
      "properties": {
        "access_type": "public",
        "from_level_id": null,
        "is_accessible": true,
        "level_id": 1,
        "network_type": "corridor",
        "to_level_id": null,
        "vertical_connection_id": null
      },
      "geometry": {
        "type": "LineString",
        "coordinates": [
          [-8.424304204195634, 43.35225543085038],
          [-8.424196816529411, 43.352335908352934]
        ]
      }
    },
    {
      "type": "Feature",
      "properties": {
        "access_type": "public",
        "from_level_id": null,
        "is_accessible": true,
        "level_id": 1,
        "network_type": "corridor",
        "to_level_id": null,
        "vertical_connection_id": null
      },
      "geometry": {
        "type": "LineString",
        "coordinates": [
          [-8.424754603526738, 43.35218483330472],
          [-8.424832082777778, 43.35239333966667]
        ]
      }
    },
    {
      "type": "Feature",
      "properties": {
        "access_type": "public",
        "from_level_id": null,
        "is_accessible": true,
        "level_id": 1,
        "network_type": "corridor",
        "to_level_id": null,
        "vertical_connection_id": null
      },
      "geometry": {
        "type": "LineString",
        "coordinates": [
          [-8.425248080616006, 43.35236549032969],
          [-8.425042644625, 43.352449914000005]
        ]
      }
    },
    {
      "type": "Feature",
      "properties": {
        "access_type": "public",
        "from_level_id": null,
        "is_accessible": true,
        "level_id": 1,
        "network_type": "corridor",
        "to_level_id": null,
        "vertical_connection_id": null
      },
      "geometry": {
        "type": "LineString",
        "coordinates": [
          [-8.425248080616006, 43.35236549032969],
          [-8.425139752444444, 43.35263344644444]
        ]
      }
    },
    {
      "type": "Feature",
      "properties": {
        "access_type": "public",
        "from_level_id": null,
        "is_accessible": true,
        "level_id": 1,
        "network_type": "corridor",
        "to_level_id": null,
        "vertical_connection_id": null
      },
      "geometry": {
        "type": "LineString",
        "coordinates": [
          [-8.42522294371934, 43.35231491793788],
          [-8.4251262685, 43.35213582125]
        ]
      }
    },
    {
      "type": "Feature",
      "properties": {
        "access_type": "public",
        "from_level_id": null,
        "is_accessible": true,
        "level_id": 1,
        "network_type": "corridor",
        "to_level_id": null,
        "vertical_connection_id": null
      },
      "geometry": {
        "type": "LineString",
        "coordinates": [
          [-8.424855135232498, 43.352114361213154],
          [-8.424963796428571, 43.352080376]
        ]
      }
    },
    {
      "type": "Feature",
      "properties": {
        "access_type": "public",
        "from_level_id": null,
        "is_accessible": true,
        "level_id": 1,
        "network_type": "corridor",
        "to_level_id": null,
        "vertical_connection_id": null
      },
      "geometry": {
        "type": "LineString",
        "coordinates": [
          [-8.424304204195634, 43.35225543085038],
          [-8.424463330111111, 43.35227591033333]
        ]
      }
    },
    {
      "type": "Feature",
      "properties": {
        "access_type": "public",
        "from_level_id": null,
        "is_accessible": true,
        "level_id": 1,
        "network_type": "corridor",
        "to_level_id": null,
        "vertical_connection_id": null
      },
      "geometry": {
        "type": "LineString",
        "coordinates": [
          [-8.424007531219601, 43.35204853368194],
          [-8.424192646363636, 43.35195927390909]
        ]
      }
    },
    {
      "type": "Feature",
      "properties": {
        "access_type": "public",
        "from_level_id": null,
        "is_accessible": true,
        "level_id": 1,
        "network_type": "corridor",
        "to_level_id": null,
        "vertical_connection_id": null
      },
      "geometry": {
        "type": "LineString",
        "coordinates": [
          [-8.423982279537034, 43.35199808015567],
          [-8.424192646363636, 43.35195927390909]
        ]
      }
    },
    {
      "type": "Feature",
      "properties": {
        "access_type": "public",
        "from_level_id": null,
        "is_accessible": true,
        "level_id": 1,
        "network_type": "corridor",
        "to_level_id": null,
        "vertical_connection_id": null
      },
      "geometry": {
        "type": "LineString",
        "coordinates": [
          [-8.42410745269231, 43.351643315927426],
          [-8.4242095299, 43.3517616298]
        ]
      }
    },
    {
      "type": "Feature",
      "properties": {
        "access_type": "public",
        "from_level_id": null,
        "is_accessible": true,
        "level_id": 1,
        "network_type": "corridor",
        "to_level_id": null,
        "vertical_connection_id": null
      },
      "geometry": {
        "type": "LineString",
        "coordinates": [
          [-8.424616197470838, 43.35201030086718],
          [-8.424466152125, 43.35183833975]
        ]
      }
    },
    {
      "type": "Feature",
      "properties": {
        "access_type": "public",
        "from_level_id": null,
        "is_accessible": true,
        "level_id": 1,
        "network_type": "corridor",
        "to_level_id": null,
        "vertical_connection_id": null
      },
      "geometry": {
        "type": "LineString",
        "coordinates": [
          [-8.425727779735368, 43.35240757234075],
          [-8.425673114599999, 43.352296695199996]
        ]
      }
    },
    {
      "type": "Feature",
      "properties": {
        "access_type": "public",
        "from_level_id": null,
        "is_accessible": true,
        "level_id": 1,
        "network_type": "corridor",
        "to_level_id": null,
        "vertical_connection_id": null
      },
      "geometry": {
        "type": "LineString",
        "coordinates": [
          [-8.425248080616006, 43.35236549032969],
          [-8.425451660250001, 43.3522497465]
        ]
      }
    },
    {
      "type": "Feature",
      "properties": {
        "access_type": "public",
        "from_level_id": null,
        "is_accessible": true,
        "level_id": 1,
        "network_type": "corridor",
        "to_level_id": null,
        "vertical_connection_id": null
      },
      "geometry": {
        "type": "LineString",
        "coordinates": [
          [-8.42575154013101, 43.35208750452464],
          [-8.425561951199999, 43.352152034599996]
        ]
      }
    }
  ]
}
