{
  "type": "FeatureCollection",
  "features": [
    {
      "type": "Feature",
      "id": 1,
      "properties": {
        "feature_type": "unit",
        "level_id": 0,
        "name": "Roast and Bake Hall",
        "category": "bakery"
      },
      "geometry": {
        "type": "Polygon",
        "coordinates": [
          [
            [-0.16299903, 51.49909883],
            [-0.16297367, 51.49908246],
            [-0.16297281, 51.4990819],
            [-0.16295531, 51.49907061],
            [-0.16272259, 51.49892043],
            [-0.16271262, 51.49892655],
            [-0.16269044, 51.49891212],
            [-0.16270057, 51.49890615],
            [-0.16267517, 51.49888975],
            [-0.16284606, 51.49878459],
            [-0.16285716, 51.49879173],
            [-0.1628689, 51.49879928],
            [-0.16287888, 51.49879328],
            [-0.16289934, 51.49880647],
            [-0.16288927, 51.49881239],
            [-0.16288836, 51.49881293],
            [-0.16290298, 51.49882236],
            [-0.16291848, 51.49883237],
            [-0.16301375, 51.49889381],
            [-0.16303216, 51.49890455],
            [-0.16303303, 51.49890511],
            [-0.16321937, 51.49902528],
            [-0.16311515, 51.49908791],
            [-0.16312477, 51.49909411],
            [-0.16310664, 51.49910501],
            [-0.16309702, 51.4990988],
            [-0.16308977, 51.49910316],
            [-0.16305229, 51.49907915],
            [-0.1630484, 51.49907784],
            [-0.1630455, 51.4990772],
            [-0.16304075, 51.49907676],
            [-0.16303488, 51.49907748],
            [-0.16303179, 51.49907894],
            [-0.16299903, 51.49909883]
          ]
        ]
      }
    },
    {
      "type": "Feature",
      "id": 2,
      "properties": {
        "feature_type": "unit",
        "level_id": -1,
        "name": "Travel Goods & Luggage",
        "category": "accessories-gifts"
      },
      "geometry": {
        "type": "Polygon",
        "coordinates": [
          [
            [-0.16399854, 51.49931777],
            [-0.16361167, 51.49954699],
            [-0.16359482, 51.49953585],
            [-0.16361889, 51.49952195],
            [-0.16360216, 51.49951073],
            [-0.16359107, 51.49951714],
            [-0.16357881, 51.49950891],
            [-0.16356596, 51.49950029],
            [-0.16356712, 51.49949962],
            [-0.16355587, 51.49949207],
            [-0.16356138, 51.49948889],
            [-0.16353206, 51.49946926],
            [-0.16390144, 51.49925515],
            [-0.16399854, 51.49931777]
          ]
        ]
      }
    },
    {
      "type": "Feature",
      "id": 3,
      "properties": {
        "feature_type": "unit",
        "level_id": 0,
        "name": "Fine Watch Room",
        "category": "accessories-gifts"
      },
      "geometry": {
        "type": "Polygon",
        "coordinates": [
          [
            [-0.16289934, 51.49880647],
            [-0.16288804, 51.49879919],
            [-0.16287888, 51.49879328],
            [-0.16291006, 51.49877519],
            [-0.1628724, 51.49875375],
            [-0.16285551, 51.49874378],
            [-0.16284458, 51.49873733],
            [-0.16282797, 51.49872753],
            [-0.1628378, 51.49871485],
            [-0.16281522, 51.49870599],
            [-0.16278654, 51.49868656],
            [-0.16278644, 51.49868303],
            [-0.16278048, 51.49868601],
            [-0.1627635, 51.49869728],
            [-0.16275015, 51.49869978],
            [-0.16272764, 51.49870103],
            [-0.16271812, 51.49865213],
            [-0.16273619, 51.49862857],
            [-0.16273034, 51.49856848],
            [-0.16273049, 51.4985654],
            [-0.1627314, 51.49856361],
            [-0.16273245, 51.49856285],
            [-0.16273411, 51.49856235],
            [-0.16273603, 51.49856178],
            [-0.16273841, 51.49856156],
            [-0.16274516, 51.49856094],
            [-0.16275953, 51.4985605],
            [-0.16278446, 51.49856077],
            [-0.16278641, 51.49856091],
            [-0.1627893, 51.49856111],
            [-0.16292087, 51.498577],
            [-0.16303127, 51.49860142],
            [-0.16307046, 51.49861221],
            [-0.16321644, 51.4986585],
            [-0.16323997, 51.49866656],
            [-0.16325963, 51.49867389],
            [-0.16327641, 51.49868083],
            [-0.16329129, 51.49868779],
            [-0.1633466, 51.49871064],
            [-0.16332476, 51.49873165],
            [-0.16331189, 51.4987264],
            [-0.16326574, 51.49870759],
            [-0.16325677, 51.49870394],
            [-0.16320243, 51.49875332],
            [-0.16326935, 51.49878205],
            [-0.16324713, 51.49880259],
            [-0.16323331, 51.49881637],
            [-0.1631584, 51.49888209],
            [-0.16314374, 51.49889635],
            [-0.16309986, 51.49893579],
            [-0.163043, 51.49889912],
            [-0.163022, 51.49888558],
            [-0.16301775, 51.49888284],
            [-0.16293747, 51.49883106],
            [-0.1629707, 51.49881018],
            [-0.16293796, 51.49879091],
            [-0.16293153, 51.49878712],
            [-0.16289934, 51.49880647]
          ]
        ]
      }
    },
    {
      "type": "Feature",
      "id": 4,
      "properties": {
        "feature_type": "unit",
        "level_id": 0,
        "name": "Louis Vuitton",
        "category": "accessories-gifts"
      },
      "geometry": {
        "type": "Polygon",
        "coordinates": [
          [
            [-0.16240854, 51.49948673],
            [-0.16242212, 51.49947811],
            [-0.16258471, 51.49938486],
            [-0.16271768, 51.49947061],
            [-0.16272856, 51.49946408],
            [-0.16274606, 51.49947537],
            [-0.16273518, 51.4994819],
            [-0.16285065, 51.49955637],
            [-0.16276999, 51.49960484],
            [-0.16274463, 51.49962008],
            [-0.16266525, 51.49966778],
            [-0.16266267, 51.49966772],
            [-0.16254848, 51.49959408],
            [-0.16253099, 51.4995828],
            [-0.16239504, 51.49949486],
            [-0.16240854, 51.49948673]
          ]
        ]
      }
    },
    {
      "type": "Feature",
      "id": 5,
      "properties": {
        "feature_type": "unit",
        "level_id": 0,
        "name": "Chanel 2025",
        "category": "accessories-gifts"
      },
      "geometry": {
        "type": "Polygon",
        "coordinates": [
          [
            [-0.16247392, 51.49978257],
            [-0.16219461, 51.49962029],
            [-0.16238739, 51.49950324],
            [-0.16265408, 51.49967562],
            [-0.16247392, 51.49978257]
          ]
        ]
      }
    },
    {
      "type": "Feature",
      "id": 6,
      "properties": {
        "feature_type": "unit",
        "level_id": 0,
        "name": "Luxury Accessories Room 1",
        "category": "accessories-gifts"
      },
      "geometry": {
        "type": "Polygon",
        "coordinates": [
          [
            [-0.16257882, 51.49984396],
            [-0.16263427, 51.49981064],
            [-0.16263447, 51.49980947],
            [-0.16263465, 51.49980839],
            [-0.16263398, 51.49980729],
            [-0.1626332, 51.49980602],
            [-0.16263072, 51.49980405],
            [-0.16260535, 51.49978769],
            [-0.16254849, 51.49975102],
            [-0.16259924, 51.49972052],
            [-0.16261737, 51.49970963],
            [-0.16266359, 51.49968186],
            [-0.16272045, 51.49971853],
            [-0.16273132, 51.49971199],
            [-0.16275669, 51.49972835],
            [-0.16274582, 51.49973489],
            [-0.16293828, 51.499859],
            [-0.16294915, 51.49985247],
            [-0.16297367, 51.49986824],
            [-0.16296277, 51.4998748],
            [-0.16300564, 51.49990244],
            [-0.16287083, 51.49997986],
            [-0.16286202, 51.49998189],
            [-0.16284202, 51.49998328],
            [-0.16283606, 51.49998295],
            [-0.16282107, 51.49998057],
            [-0.16281672, 51.49997941],
            [-0.16280579, 51.49997515],
            [-0.16280059, 51.49997225],
            [-0.16277426, 51.49995756],
            [-0.16277346, 51.49995712],
            [-0.16257882, 51.49984396]
          ]
        ]
      }
    },
    {
      "type": "Feature",
      "id": 7,
      "properties": {
        "feature_type": "unit",
        "level_id": 0,
        "name": "Luxury Accessories Room 4",
        "category": "accessories-gifts"
      },
      "geometry": {
        "type": "Polygon",
        "coordinates": [
          [
            [-0.16337749, 51.49963758],
            [-0.16335299, 51.49962178],
            [-0.16315091, 51.49949146],
            [-0.16314094, 51.49949745],
            [-0.16311557, 51.49948109],
            [-0.16312554, 51.4994751],
            [-0.16310717, 51.49946325],
            [-0.16319146, 51.4994126],
            [-0.16318096, 51.49940583],
            [-0.16319909, 51.49939494],
            [-0.16320958, 51.49940171],
            [-0.16329295, 51.49935161],
            [-0.16331133, 51.49936346],
            [-0.16333491, 51.4993798],
            [-0.16333578, 51.49938036],
            [-0.16353787, 51.49951068],
            [-0.16354867, 51.49950419],
            [-0.16357323, 51.49951995],
            [-0.16356236, 51.49952648],
            [-0.16360085, 51.4995513],
            [-0.1634151, 51.49966183],
            [-0.16337814, 51.499638],
            [-0.16337845, 51.49963785],
            [-0.16337749, 51.49963758]
          ]
        ]
      }
    },
    {
      "type": "Feature",
      "id": 8,
      "properties": {
        "feature_type": "unit",
        "level_id": 0,
        "name": "Luxury Accessories Room 2",
        "category": "accessories-gifts"
      },
      "geometry": {
        "type": "Polygon",
        "coordinates": [
          [
            [-0.16297364, 51.49986826],
            [-0.16294915, 51.49985247],
            [-0.16275669, 51.49972835],
            [-0.16273132, 51.49971199],
            [-0.16267446, 51.49967532],
            [-0.16275512, 51.49962685],
            [-0.16274463, 51.49962008],
            [-0.16276999, 51.49960484],
            [-0.16278049, 51.49961161],
            [-0.16286115, 51.49956314],
            [-0.16291801, 51.49959981],
            [-0.16294338, 51.49961617],
            [-0.16313584, 51.49974028],
            [-0.16316033, 51.49975608],
            [-0.16320495, 51.49978485],
            [-0.16301653, 51.49989524],
            [-0.16297364, 51.49986826]
          ]
        ]
      }
    },
    {
      "type": "Feature",
      "id": 9,
      "properties": {
        "feature_type": "unit",
        "level_id": 0,
        "name": "Luxury Accessories Room 5",
        "category": "accessories-gifts"
      },
      "geometry": {
        "type": "Polygon",
        "coordinates": [
          [
            [-0.16330292, 51.49934562],
            [-0.1633872, 51.49929497],
            [-0.16340623, 51.49928353],
            [-0.16348961, 51.49923343],
            [-0.16350798, 51.49924528],
            [-0.16353336, 51.49926164],
            [-0.16373544, 51.49939196],
            [-0.16374631, 51.49938543],
            [-0.1637708, 51.49940123],
            [-0.16375993, 51.49940776],
            [-0.16376843, 51.49941324],
            [-0.16371487, 51.49944506],
            [-0.16371728, 51.49944671],
            [-0.16373496, 51.4994588],
            [-0.16370514, 51.49947742],
            [-0.16371501, 51.49948379],
            [-0.16369689, 51.49949469],
            [-0.16368598, 51.49948777],
            [-0.16366071, 51.49950304],
            [-0.16364343, 51.49949233],
            [-0.16364215, 51.49949154],
            [-0.16358367, 51.49952678],
            [-0.16334665, 51.49937383],
            [-0.16333491, 51.4993798],
            [-0.16331133, 51.49936346],
            [-0.16332129, 51.49935747],
            [-0.16330292, 51.49934562]
          ]
        ]
      }
    },
    {
      "type": "Feature",
      "id": 10,
      "properties": {
        "feature_type": "unit",
        "level_id": -1,
        "name": "Abercrombie & Kent",
        "category": "accessories-gifts"
      },
      "geometry": {
        "type": "Polygon",
        "coordinates": [
          [
            [-0.16407733, 51.49927357],
            [-0.16397627, 51.49920895],
            [-0.16404365, 51.49916786],
            [-0.16414677, 51.49923249],
            [-0.16407733, 51.49927357]
          ]
        ]
      }
    },
    {
      "type": "Feature",
      "id": 11,
      "properties": {
        "feature_type": "unit",
        "level_id": 0,
        "name": "Luxury Accessories Room 3",
        "category": "accessories-gifts"
      },
      "geometry": {
        "type": "Polygon",
        "coordinates": [
          [
            [-0.16325944, 51.49974327],
            [-0.16324168, 51.49973232],
            [-0.16323966, 51.49973108],
            [-0.16318873, 51.49976197],
            [-0.16317118, 51.49975065],
            [-0.16317033, 51.49975007],
            [-0.16316033, 51.49975608],
            [-0.16313584, 51.49974028],
            [-0.16314671, 51.49973375],
            [-0.16295335, 51.49961018],
            [-0.16294338, 51.49961617],
            [-0.16291801, 51.49959981],
            [-0.16292889, 51.49959327],
            [-0.1629118, 51.49958065],
            [-0.16299298, 51.49953187],
            [-0.16298161, 51.49952453],
            [-0.16300698, 51.49950929],
            [-0.16301836, 51.49951662],
            [-0.1630972, 51.49946924],
            [-0.16311557, 51.49948109],
            [-0.16314094, 51.49949745],
            [-0.16334302, 51.49962777],
            [-0.16335299, 51.49962178],
            [-0.16337749, 51.49963758],
            [-0.16336752, 51.49964357],
            [-0.16337637, 51.49964928],
            [-0.16332174, 51.49968348],
            [-0.16332355, 51.49968466],
            [-0.16333986, 51.49969524],
            [-0.16331652, 51.49970848],
            [-0.16332542, 51.49971464],
            [-0.16329917, 51.49972932],
            [-0.1632916, 51.49972444],
            [-0.16325944, 51.49974327]
          ]
        ]
      }
    },
    {
      "type": "Feature",
      "id": 12,
      "properties": {
        "feature_type": "unit",
        "level_id": 0,
        "name": "Fine Jewellery",
        "category": "accessories-gifts"
      },
      "geometry": {
        "type": "Polygon",
        "coordinates": [
          [
            [-0.16395658, 51.49928959],
            [-0.1639977, 51.4993161],
            [-0.16381104, 51.49942718],
            [-0.1637708, 51.49940123],
            [-0.16374631, 51.49938543],
            [-0.16354423, 51.49925511],
            [-0.16353336, 51.49926164],
            [-0.16350798, 51.49924528],
            [-0.16351886, 51.49923875],
            [-0.16342263, 51.49917669],
            [-0.16350872, 51.49912495],
            [-0.1634991, 51.49911875],
            [-0.16343929, 51.49915469],
            [-0.16311211, 51.49894369],
            [-0.16315599, 51.49890425],
            [-0.16314374, 51.49889635],
            [-0.1631584, 51.49888209],
            [-0.16317064, 51.49888999],
            [-0.16324652, 51.4988215],
            [-0.16323331, 51.49881637],
            [-0.16324713, 51.49880259],
            [-0.16326118, 51.49880725],
            [-0.16336178, 51.49871519],
            [-0.16375332, 51.49889999],
            [-0.16369657, 51.49895157],
            [-0.16370862, 51.49895724],
            [-0.16372187, 51.49894486],
            [-0.16373197, 51.49894923],
            [-0.16368629, 51.49899055],
            [-0.16370988, 51.49900516],
            [-0.1637271, 51.49899482],
            [-0.16381808, 51.49905349],
            [-0.16384345, 51.49903824],
            [-0.16384783, 51.49904106],
            [-0.1638587, 51.49903453],
            [-0.16384471, 51.4990255],
            [-0.16381842, 51.49904129],
            [-0.16380924, 51.4990352],
            [-0.1638347, 51.4990159],
            [-0.163841, 51.49900982],
            [-0.16384539, 51.49900588],
            [-0.16385215, 51.49899981],
            [-0.16389028, 51.49896555],
            [-0.16393542, 51.49898754],
            [-0.16395875, 51.4989989],
            [-0.16394399, 51.49903941],
            [-0.16392124, 51.49905313],
            [-0.1639164, 51.49905633],
            [-0.16390799, 51.49906149],
            [-0.16390478, 51.49906346],
            [-0.16388407, 51.49905089],
            [-0.1638732, 51.49905742],
            [-0.16397205, 51.49912117],
            [-0.16407899, 51.49905691],
            [-0.16419581, 51.49911531],
            [-0.16422393, 51.49912893],
            [-0.16423037, 51.49913401],
            [-0.1642327, 51.49913647],
            [-0.16423597, 51.49914103],
            [-0.16423826, 51.49914583],
            [-0.16423958, 51.49915081],
            [-0.16423995, 51.49915587],
            [-0.16423118, 51.49917675],
            [-0.16422815, 51.49917981],
            [-0.16422241, 51.49918439],
            [-0.16400945, 51.49931013],
            [-0.16396746, 51.49928305],
            [-0.16395658, 51.49928959]
          ]
        ]
      }
    },
    {
      "type": "Feature",
      "id": 13,
      "properties": {
        "feature_type": "unit",
        "level_id": -1,
        "name": "Travel Goods & Luggage 4343",
        "category": "accessories-gifts"
      },
      "geometry": {
        "type": "Polygon",
        "coordinates": [
          [
            [-0.16376584, 51.49916771],
            [-0.16387694, 51.49923936],
            [-0.16350474, 51.49945082],
            [-0.1634967, 51.49944542],
            [-0.16347227, 51.49945957],
            [-0.16338159, 51.49939861],
            [-0.16376584, 51.49916771]
          ]
        ]
      }
    },
    {
      "type": "Feature",
      "id": 14,
      "properties": {
        "feature_type": "unit",
        "level_id": 0,
        "name": "ParkBee Pavilion Road - Knightsbridge",
        "category": "parking-service"
      },
      "geometry": {
        "type": "Polygon",
        "coordinates": [
          [
            [-0.16069573, 51.49990461],
            [-0.1606386, 51.49987793],
            [-0.16053147, 51.49952079],
            [-0.16091473, 51.49948671],
            [-0.161029, 51.4995445],
            [-0.16106709, 51.49957562],
            [-0.16108137, 51.49960674],
            [-0.16108375, 51.49964527],
            [-0.16111232, 51.49964527],
            [-0.16110756, 51.49968232],
            [-0.16108851, 51.49971789],
            [-0.1611147, 51.49972381],
            [-0.16098377, 51.49988238],
            [-0.16069573, 51.49990461]
          ]
        ]
      }
    },
    {
      "type": "Feature",
      "id": 15,
      "properties": {
        "feature_type": "unit",
        "level_id": 0,
        "name": "Luxury Accessories",
        "category": "section"
      },
      "geometry": {
        "type": "Polygon",
        "coordinates": [
          [
            [-0.16380777, 51.49943952],
            [-0.16348124, 51.49923003],
            [-0.16290501, 51.49958549],
            [-0.1626511, 51.49942708],
            [-0.16288809, 51.49928364],
            [-0.16250638, 51.49904594],
            [-0.16216759, 51.49924546],
            [-0.16244462, 51.499416],
            [-0.16213832, 51.49960197],
            [-0.16281485, 51.49998155],
            [-0.16284447, 51.49998558],
            [-0.16288076, 51.49998161],
            [-0.16380777, 51.49943952]
          ]
        ]
      }
    },
    {
      "type": "Feature",
      "id": 16,
      "properties": {
        "feature_type": "unit",
        "level_id": 0,
        "name": "Perfume",
        "category": "section"
      },
      "geometry": {
        "type": "Polygon",
        "coordinates": [
          [
            [-0.16309884, 51.49946293],
            [-0.1629062, 51.49957934],
            [-0.16266056, 51.49942513],
            [-0.16285727, 51.49930731],
            [-0.16309884, 51.49946293]
          ]
        ]
      }
    },
    {
      "type": "Feature",
      "id": 17,
      "properties": {
        "feature_type": "unit",
        "level_id": 5,
        "name": "Harrods Hair & Beauty Salon",
        "category": "section"
      },
      "geometry": {
        "type": "Polygon",
        "coordinates": [
          [
            [-0.16219377, 51.49962018],
            [-0.16279767, 51.49997316],
            [-0.16284641, 51.49998532],
            [-0.16287905, 51.49998032],
            [-0.16320371, 51.49978524],
            [-0.16282096, 51.49954329],
            [-0.16262455, 51.49966097],
            [-0.1623995, 51.49951555],
            [-0.16235319, 51.49954945],
            [-0.1623329, 51.499536],
            [-0.16219377, 51.49962018]
          ]
        ]
      }
    },
    {
      "type": "Feature",
      "id": 18,
      "properties": {
        "feature_type": "unit",
        "level_id": 0,
        "name": "Food Court",
        "category": "section"
      },
      "geometry": {
        "type": "Polygon",
        "coordinates": [
          [
            [-0.16309728, 51.49945844],
            [-0.1628642, 51.49930535],
            [-0.16289799, 51.49928875],
            [-0.16248015, 51.49901646],
            [-0.16285159, 51.4987818],
            [-0.16322852, 51.49902089],
            [-0.16319296, 51.4990386],
            [-0.16349167, 51.49922344],
            [-0.16309728, 51.49945844]
          ]
        ]
      }
    },
    {
      "type": "Feature",
      "id": 19,
      "properties": {
        "feature_type": "unit",
        "level_id": 5,
        "name": "Harrods Technology",
        "category": "section"
      },
      "geometry": {
        "type": "Polygon",
        "coordinates": [
          [
            [-0.16283806, 51.49953492],
            [-0.163176, 51.49975496],
            [-0.16324087, 51.49971761],
            [-0.16328323, 51.49974223],
            [-0.16424729, 51.49917037],
            [-0.16424941, 51.49914818],
            [-0.16421035, 51.49911572],
            [-0.1639924, 51.49901701],
            [-0.1638989, 51.49907319],
            [-0.16384172, 51.49904324],
            [-0.16350563, 51.49924552],
            [-0.16344786, 51.49920839],
            [-0.16305334, 51.49944746],
            [-0.16301831, 51.49942629],
            [-0.16283806, 51.49953492]
          ]
        ]
      }
    },
    {
      "type": "Feature",
      "id": 20,
      "properties": {
        "feature_type": "unit",
        "level_id": 0,
        "name": "Beauty",
        "category": "section"
      },
      "geometry": {
        "type": "Polygon",
        "coordinates": [
          [
            [-0.16245216, 51.49941579],
            [-0.1621478, 51.49960153],
            [-0.16187529, 51.4994399],
            [-0.16180596, 51.4993779],
            [-0.16171669, 51.49933884],
            [-0.1616892, 51.49931995],
            [-0.16167769, 51.49929312],
            [-0.16216463, 51.49859968],
            [-0.1622241, 51.49858235],
            [-0.16233419, 51.49858666],
            [-0.16255959, 51.49857642],
            [-0.16257488, 51.49870308],
            [-0.16210949, 51.49920681],
            [-0.16245216, 51.49941579]
          ]
        ]
      }
    },
    {
      "type": "Feature",
      "id": 21,
      "properties": {
        "feature_type": "unit",
        "level_id": 0,
        "name": "Harrods Car Park, LG",
        "category": "section"
      },
      "geometry": {
        "type": "Polygon",
        "coordinates": [
          [
            [-0.16380763, 51.49822687],
            [-0.16378532, 51.49824851],
            [-0.16377104, 51.49824415],
            [-0.16379414, 51.49822154],
            [-0.16380763, 51.49822687]
          ]
        ]
      }
    },
    {
      "type": "Feature",
      "id": 22,
      "properties": {
        "feature_type": "unit",
        "level_id": 0,
        "name": "Jewellery",
        "category": "section"
      },
      "geometry": {
        "type": "Polygon",
        "coordinates": [
          [
            [-0.16424451, 51.49914958],
            [-0.16422724, 51.49913029],
            [-0.16418919, 51.49910906],
            [-0.16335856, 51.49871083],
            [-0.16324807, 51.49867439],
            [-0.1631001, 51.49861368],
            [-0.16294677, 51.49858264],
            [-0.162863, 51.49857501],
            [-0.16277846, 51.49856379],
            [-0.16273447, 51.49856381],
            [-0.16273517, 51.49871713],
            [-0.16294159, 51.4988314],
            [-0.16345156, 51.49915957],
            [-0.16340724, 51.49917697],
            [-0.16348926, 51.49923247],
            [-0.1634881, 51.49923317],
            [-0.16380608, 51.49943164],
            [-0.1640117, 51.4993103],
            [-0.16422855, 51.49918797],
            [-0.16424049, 51.49917316],
            [-0.16424451, 51.49914958]
          ]
        ]
      }
    },
    {
      "type": "Feature",
      "id": 23,
      "properties": {
        "feature_type": "unit",
        "level_id": 4,
        "name": "Soft Toys",
        "category": "toys"
      },
      "geometry": {
        "type": "Polygon",
        "coordinates": [
          [
            [-0.16234884, 51.49962904],
            [-0.16227816, 51.49967152],
            [-0.16219548, 51.49962363],
            [-0.16219475, 51.49962261],
            [-0.16219466, 51.49962139],
            [-0.16231085, 51.49955059],
            [-0.16233891, 51.49953523],
            [-0.16238534, 51.49950467],
            [-0.16241072, 51.49952104],
            [-0.16243096, 51.49953409],
            [-0.16246844, 51.49955827],
            [-0.162376, 51.49961381],
            [-0.16234884, 51.49962904]
          ]
        ]
      }
    },
    {
      "type": "Feature",
      "id": 24,
      "properties": {
        "feature_type": "unit",
        "level_id": 4,
        "name": "The Monsters | POP MART",
        "category": "toys"
      },
      "geometry": {
        "type": "Polygon",
        "coordinates": [
          [
            [-0.16270691, 51.49974304],
            [-0.16263784, 51.49978434],
            [-0.16255877, 51.49973569],
            [-0.16262511, 51.49969325],
            [-0.16270691, 51.49974304]
          ]
        ]
      }
    },
    {
      "type": "Feature",
      "id": 25,
      "properties": {
        "feature_type": "unit",
        "level_id": 4,
        "name": "Outdoor & Games",
        "category": "toys"
      },
      "geometry": {
        "type": "Polygon",
        "coordinates": [
          [
            [-0.16278512, 51.49976249],
            [-0.16269268, 51.49981804],
            [-0.1626664, 51.49983383],
            [-0.16261203, 51.49986651],
            [-0.16256647, 51.49983939],
            [-0.16262266, 51.49980562],
            [-0.16264807, 51.49978927],
            [-0.16274051, 51.49973372],
            [-0.16278512, 51.49976249]
          ]
        ]
      }
    },
    {
      "type": "Feature",
      "id": 26,
      "properties": {
        "feature_type": "unit",
        "level_id": 4,
        "name": "POP MART",
        "category": "toys"
      },
      "geometry": {
        "type": "Polygon",
        "coordinates": [
          [
            [-0.16281512, 51.49992974],
            [-0.16279587, 51.49991733],
            [-0.16282303, 51.4999021],
            [-0.16284156, 51.49991405],
            [-0.16295828, 51.4998448],
            [-0.16303001, 51.49989106],
            [-0.16288745, 51.49997499],
            [-0.16287504, 51.4999803],
            [-0.1628568, 51.49998486],
            [-0.16284199, 51.49998587],
            [-0.16282176, 51.49998354],
            [-0.16281094, 51.49998034],
            [-0.16277624, 51.49996225],
            [-0.1627689, 51.49995751],
            [-0.16281512, 51.49992974]
          ]
        ]
      }
    },
    {
      "type": "Feature",
      "id": 27,
      "properties": {
        "feature_type": "unit",
        "level_id": 4,
        "name": "Dolls",
        "category": "toys"
      },
      "geometry": {
        "type": "Polygon",
        "coordinates": [
          [
            [-0.16235439, 51.49971617],
            [-0.16242146, 51.49967587],
            [-0.16242237, 51.49967532],
            [-0.16244775, 51.49966007],
            [-0.16254018, 51.49960453],
            [-0.16259704, 51.4996412],
            [-0.1625046, 51.49969675],
            [-0.16248007, 51.49971367],
            [-0.1624159, 51.49975048],
            [-0.16235439, 51.49971617]
          ]
        ]
      }
    },
    {
      "type": "Feature",
      "id": 28,
      "properties": {
        "feature_type": "unit",
        "level_id": 4,
        "name": "Pre- School",
        "category": "toys"
      },
      "geometry": {
        "type": "Polygon",
        "coordinates": [
          [
            [-0.16228869, 51.49967718],
            [-0.16235847, 51.49963525],
            [-0.16238475, 51.49961946],
            [-0.16247719, 51.49956391],
            [-0.16253143, 51.49959889],
            [-0.16243899, 51.49965443],
            [-0.16241274, 51.49966912],
            [-0.16241184, 51.49966966],
            [-0.16234477, 51.49970996],
            [-0.16228869, 51.49967718]
          ]
        ]
      }
    },
    {
      "type": "Feature",
      "id": 29,
      "properties": {
        "feature_type": "unit",
        "level_id": 4,
        "name": "Arts & Crafts",
        "category": "toys"
      },
      "geometry": {
        "type": "Polygon",
        "coordinates": [
          [
            [-0.16282303, 51.4999021],
            [-0.16279587, 51.49991733],
            [-0.16274877, 51.49994498],
            [-0.16270229, 51.49991907],
            [-0.16275213, 51.49988912],
            [-0.16277841, 51.49987333],
            [-0.16287085, 51.49981778],
            [-0.16289535, 51.49983358],
            [-0.16291547, 51.49984655],
            [-0.16282303, 51.4999021]
          ]
        ]
      }
    },
    {
      "type": "Feature",
      "id": 30,
      "properties": {
        "feature_type": "unit",
        "level_id": 4,
        "name": "Action Toys",
        "category": "toys"
      },
      "geometry": {
        "type": "Polygon",
        "coordinates": [
          [
            [-0.16285161, 51.49980537],
            [-0.16275916, 51.49986092],
            [-0.16273289, 51.49987671],
            [-0.16268214, 51.4999072],
            [-0.16263312, 51.49987781],
            [-0.16268565, 51.49984624],
            [-0.16271105, 51.49982989],
            [-0.16280349, 51.49977434],
            [-0.16285161, 51.49980537]
          ]
        ]
      }
    },
    {
      "type": "Feature",
      "id": 31,
      "properties": {
        "feature_type": "unit",
        "level_id": 4,
        "name": "Wellness",
        "category": "wellness"
      },
      "geometry": {
        "type": "Polygon",
        "coordinates": [
          [
            [-0.16294283, 51.49877486],
            [-0.16296347, 51.49875619],
            [-0.16296386, 51.49875637],
            [-0.16305567, 51.49867279],
            [-0.16310961, 51.49862369],
            [-0.16312379, 51.49862606],
            [-0.16335064, 51.49872909],
            [-0.16316698, 51.49888841],
            [-0.16294283, 51.49877486]
          ]
        ]
      }
    },
    {
      "type": "Feature",
      "id": 32,
      "properties": {
        "feature_type": "unit",
        "level_id": 4,
        "name": "The Wellness Clinic",
        "category": "wellness"
      },
      "geometry": {
        "type": "Polygon",
        "coordinates": [
          [
            [-0.16316718, 51.49905773],
            [-0.16284233, 51.49925294],
            [-0.16279509, 51.49922247],
            [-0.16277818, 51.49921041],
            [-0.16285444, 51.49916284],
            [-0.16251908, 51.4989513],
            [-0.16255687, 51.4989286],
            [-0.1625893, 51.49890911],
            [-0.16258979, 51.49890881],
            [-0.16276726, 51.49880189],
            [-0.16278094, 51.49879365],
            [-0.16282189, 51.49876898],
            [-0.16290443, 51.49882285],
            [-0.16293396, 51.49884212],
            [-0.16307156, 51.49893114],
            [-0.16301857, 51.49896234],
            [-0.1630755, 51.49899964],
            [-0.16316718, 51.49905773]
          ]
        ]
      }
    },
    {
      "type": "Feature",
      "id": 33,
      "properties": {
        "feature_type": "unit",
        "level_id": 4,
        "name": "Baby Gifts & Layette",
        "category": "baby-care-hygiene"
      },
      "geometry": {
        "type": "Polygon",
        "coordinates": [
          [
            [-0.16380799, 51.4990782],
            [-0.16385988, 51.49904774],
            [-0.1638986, 51.49907267],
            [-0.16390233, 51.49907043],
            [-0.16392618, 51.49905611],
            [-0.16399466, 51.49901495],
            [-0.16400505, 51.49902069],
            [-0.16420855, 51.49911895],
            [-0.1642236, 51.49912715],
            [-0.16424172, 51.49914737],
            [-0.16424287, 51.49915667],
            [-0.16423958, 51.49916776],
            [-0.16423067, 51.49917882],
            [-0.1640121, 51.49931071],
            [-0.16389799, 51.49923651],
            [-0.16389626, 51.49923538],
            [-0.16389576, 51.49923568],
            [-0.16389226, 51.49923342],
            [-0.16386864, 51.49921819],
            [-0.16364991, 51.49907713],
            [-0.1637516, 51.49901587],
            [-0.16379653, 51.499036],
            [-0.16376963, 51.49905235],
            [-0.16380799, 51.4990782]
          ]
        ]
      }
    },
    {
      "type": "Feature",
      "id": 34,
      "properties": {
        "feature_type": "unit",
        "level_id": 4,
        "name": "Nursery Furniture & Prams",
        "category": "baby-care-hygiene"
      },
      "geometry": {
        "type": "Polygon",
        "coordinates": [
          [
            [-0.16348447, 51.4991319],
            [-0.16339, 51.49907097],
            [-0.16332703, 51.49910815],
            [-0.16331144, 51.49909915],
            [-0.16321367, 51.49915982],
            [-0.16322179, 51.49916437],
            [-0.16324061, 51.49916281],
            [-0.16324988, 51.49916299],
            [-0.1632681, 51.49916929],
            [-0.16327822, 51.49918358],
            [-0.1632789, 51.49919996],
            [-0.16332604, 51.49922605],
            [-0.16332682, 51.49922555],
            [-0.16348447, 51.4991319]
          ]
        ]
      }
    },
    {
      "type": "Feature",
      "id": 35,
      "properties": {
        "feature_type": "unit",
        "level_id": -1,
        "name": "Harrods Pharmacy 2025",
        "category": "medical-room"
      },
      "geometry": {
        "type": "Polygon",
        "coordinates": [
          [
            [-0.16405663, 51.49916401],
            [-0.16407756, 51.49914815],
            [-0.16416094, 51.49909805],
            [-0.16416797, 51.49910217],
            [-0.16417561, 51.49910603],
            [-0.16420436, 51.49911881],
            [-0.16421522, 51.49912407],
            [-0.16422059, 51.49912724],
            [-0.16422589, 51.49913037],
            [-0.16422964, 51.49913332],
            [-0.16423338, 51.49913626],
            [-0.16423761, 51.49914073],
            [-0.16424106, 51.49914578],
            [-0.16424227, 51.49914829],
            [-0.16424369, 51.49915325],
            [-0.16424393, 51.49915571],
            [-0.16424355, 51.49916057],
            [-0.16424184, 51.49916534],
            [-0.16424099, 51.49916773],
            [-0.16423929, 51.49917067],
            [-0.16423538, 51.49917586],
            [-0.16423053, 51.49918095],
            [-0.16422487, 51.49918592],
            [-0.16421667, 51.49919208],
            [-0.16418284, 51.49921241],
            [-0.16415548, 51.49922776],
            [-0.16405663, 51.49916401]
          ]
        ]
      }
    },
    {
      "type": "Feature",
      "id": 36,
      "properties": {
        "feature_type": "unit",
        "level_id": 3,
        "name": "Modern & Contemporary 3",
        "category": "creative-marketing-services"
      },
      "geometry": {
        "type": "Polygon",
        "coordinates": [
          [
            [-0.16289998, 51.49957792],
            [-0.16268522, 51.49944055],
            [-0.16285811, 51.49933627],
            [-0.16305085, 51.49946094],
            [-0.16306213, 51.49945425],
            [-0.16308468, 51.49946829],
            [-0.16289998, 51.49957792]
          ]
        ]
      }
    },
    {
      "type": "Feature",
      "id": 37,
      "properties": {
        "feature_type": "unit",
        "level_id": 3,
        "name": "Modern & Contemporary 2",
        "category": "creative-marketing-services"
      },
      "geometry": {
        "type": "Polygon",
        "coordinates": [
          [
            [-0.16321111, 51.49978815],
            [-0.16304198, 51.49988742],
            [-0.16295823, 51.49983528],
            [-0.16293353, 51.49985065],
            [-0.16267421, 51.49967685],
            [-0.16286051, 51.49956388],
            [-0.16321111, 51.49978815]
          ]
        ]
      }
    },
    {
      "type": "Feature",
      "id": 38,
      "properties": {
        "feature_type": "unit",
        "level_id": 3,
        "name": "Interior Design Studio",
        "category": "creative-marketing-services"
      },
      "geometry": {
        "type": "Polygon",
        "coordinates": [
          [
            [-0.16272046, 51.49892439],
            [-0.16264611, 51.49887672],
            [-0.16282701, 51.49876963],
            [-0.16290136, 51.4988173],
            [-0.16272046, 51.49892439]
          ]
        ]
      }
    },
    {
      "type": "Feature",
      "id": 39,
      "properties": {
        "feature_type": "unit",
        "level_id": 3,
        "name": "Luxury Home 2",
        "category": "creative-marketing-services"
      },
      "geometry": {
        "type": "Polygon",
        "coordinates": [
          [
            [-0.16216273, 51.49892452],
            [-0.16213379, 51.49891712],
            [-0.16209754, 51.49896508],
            [-0.16195863, 51.49892677],
            [-0.16193467, 51.49896006],
            [-0.16194457, 51.49896238],
            [-0.16194177, 51.49896528],
            [-0.16201754, 51.49898627],
            [-0.16202167, 51.49897984],
            [-0.16203059, 51.49898229],
            [-0.16203304, 51.49897791],
            [-0.16205043, 51.4989834],
            [-0.16203441, 51.49900431],
            [-0.16206429, 51.49901147],
            [-0.16200131, 51.49910049],
            [-0.1618447, 51.4990581],
            [-0.16172059, 51.49923347],
            [-0.16168522, 51.49928885],
            [-0.1616823, 51.49930858],
            [-0.16168217, 51.49931955],
            [-0.16169144, 51.49932723],
            [-0.1619979, 51.4995115],
            [-0.16208543, 51.49946018],
            [-0.16210275, 51.49947321],
            [-0.16214967, 51.49944516],
            [-0.16190815, 51.4992873],
            [-0.16216273, 51.49892452]
          ]
        ]
      }
    },
    {
      "type": "Feature",
      "id": 40,
      "properties": {
        "feature_type": "unit",
        "level_id": 3,
        "name": "Modern Room 1",
        "category": "creative-marketing-services"
      },
      "geometry": {
        "type": "Polygon",
        "coordinates": [
          [
            [-0.16247414, 51.49978716],
            [-0.16219066, 51.49962105],
            [-0.16231951, 51.49954718],
            [-0.16234206, 51.49953581],
            [-0.16238072, 51.49950774],
            [-0.16245105, 51.49955721],
            [-0.16246931, 51.49957024],
            [-0.16262233, 51.49966951],
            [-0.16258743, 51.49968957],
            [-0.16255897, 51.4997026],
            [-0.16258474, 51.49972165],
            [-0.16247414, 51.49978716]
          ]
        ]
      }
    },
    {
      "type": "Feature",
      "id": 41,
      "properties": {
        "feature_type": "unit",
        "level_id": 3,
        "name": "Luxury Home 2#1",
        "category": "creative-marketing-services"
      },
      "geometry": {
        "type": "Polygon",
        "coordinates": [
          [
            [-0.1624452, 51.49884815],
            [-0.16231566, 51.49881253],
            [-0.16214449, 51.49901172],
            [-0.16217659, 51.49903069],
            [-0.16224247, 51.4990685],
            [-0.16224578, 51.49906966],
            [-0.1624452, 51.49884815]
          ]
        ]
      }
    },
    {
      "type": "Feature",
      "id": 42,
      "properties": {
        "feature_type": "unit",
        "level_id": 3,
        "name": "Luxury Home 2#1#1",
        "category": "creative-marketing-services"
      },
      "geometry": {
        "type": "Polygon",
        "coordinates": [
          [
            [-0.16242455, 51.49941473],
            [-0.16229595, 51.49933312],
            [-0.16215543, 51.49941461],
            [-0.16218315, 51.49943243],
            [-0.16219241, 51.49942562],
            [-0.16230605, 51.49950161],
            [-0.16233382, 51.49948379],
            [-0.16242455, 51.49941473]
          ]
        ]
      }
    },
    {
      "type": "Feature",
      "id": 43,
      "properties": {
        "feature_type": "unit",
        "level_id": 3,
        "name": "Modern & Contemporary 1",
        "category": "creative-marketing-services"
      },
      "geometry": {
        "type": "Polygon",
        "coordinates": [
          [
            [-0.16303157, 51.4998925],
            [-0.16287103, 51.49998374],
            [-0.16285976, 51.49998642],
            [-0.16284311, 51.49998675],
            [-0.1628211, 51.49998441],
            [-0.16280177, 51.4999784],
            [-0.16256768, 51.49984002],
            [-0.16262835, 51.4998046],
            [-0.16254835, 51.49975446],
            [-0.16266433, 51.49968394],
            [-0.162936, 51.49986008],
            [-0.16296016, 51.49984604],
            [-0.16303157, 51.4998925]
          ]
        ]
      }
    },
    {
      "type": "Feature",
      "id": 44,
      "properties": {
        "feature_type": "unit",
        "level_id": 3,
        "name": "Luxury Home 2#1#2",
        "category": "creative-marketing-services"
      },
      "geometry": {
        "type": "Polygon",
        "coordinates": [
          [
            [-0.16227231, 51.49931811],
            [-0.16211925, 51.49922098],
            [-0.16211756, 51.49921207],
            [-0.16222577, 51.49909188],
            [-0.16212983, 51.49903528],
            [-0.16212934, 51.49903607],
            [-0.16195081, 51.49928309],
            [-0.1621298, 51.49939896],
            [-0.16227231, 51.49931811]
          ]
        ]
      }
    },
    {
      "type": "Feature",
      "id": 45,
      "properties": {
        "feature_type": "unit",
        "level_id": 3,
        "name": "Modern & Contemporary 4",
        "category": "creative-marketing-services"
      },
      "geometry": {
        "type": "Polygon",
        "coordinates": [
          [
            [-0.16317594, 51.49975306],
            [-0.16305675, 51.49967886],
            [-0.16298212, 51.49962939],
            [-0.16293997, 51.49960366],
            [-0.16291178, 51.49958394],
            [-0.16309862, 51.49947096],
            [-0.16341325, 51.49967084],
            [-0.16328654, 51.49974102],
            [-0.16324251, 51.49971161],
            [-0.16317594, 51.49975306]
          ]
        ]
      }
    },
    {
      "type": "Feature",
      "id": 46,
      "properties": {
        "feature_type": "unit",
        "level_id": 3,
        "name": "Customer Service",
        "category": "help-desk"
      },
      "geometry": {
        "type": "Polygon",
        "coordinates": [
          [
            [-0.16317605, 51.49926492],
            [-0.16336455, 51.49915165],
            [-0.16344503, 51.49920355],
            [-0.16348355, 51.49922966],
            [-0.16337268, 51.49929605],
            [-0.16329964, 51.49933932],
            [-0.16329251, 51.49933959],
            [-0.16325653, 51.49931683],
            [-0.16317605, 51.49926492]
          ]
        ]
      }
    },
    {
      "type": "Feature",
      "id": 47,
      "properties": {
        "feature_type": "unit",
        "level_id": -1,
        "name": "Safe Deposit",
        "category": "storage"
      },
      "geometry": {
        "type": "Polygon",
        "coordinates": [
          [
            [-0.16205281, 51.49903969],
            [-0.16218346, 51.49886693],
            [-0.16220264, 51.49887206],
            [-0.16222349, 51.49884624],
            [-0.16238828, 51.49889571],
            [-0.16234393, 51.49894708],
            [-0.16231485, 51.49893845],
            [-0.16225036, 51.49900879],
            [-0.16228161, 51.49902037],
            [-0.16221616, 51.49908293],
            [-0.16205281, 51.49903969]
          ]
        ]
      }
    },
    {
      "type": "Feature",
      "id": 48,
      "properties": {
        "feature_type": "unit",
        "level_id": -1,
        "name": "Maria Tash",
        "category": "cosmetics-beauty-supplies"
      },
      "geometry": {
        "type": "Polygon",
        "coordinates": [
          [
            [-0.1631507, 51.49948759],
            [-0.16322831, 51.49944273],
            [-0.16331594, 51.49950162],
            [-0.16331884, 51.49949997],
            [-0.16332668, 51.49950523],
            [-0.16333562, 51.49950009],
            [-0.16334315, 51.49950508],
            [-0.16334791, 51.49950244],
            [-0.16334048, 51.49949737],
            [-0.16334939, 51.49949224],
            [-0.16334155, 51.49948697],
            [-0.16334442, 51.49948519],
            [-0.16325667, 51.49942622],
            [-0.16333775, 51.49937947],
            [-0.1634637, 51.49946411],
            [-0.16345106, 51.49947114],
            [-0.16345974, 51.49947677],
            [-0.16350088, 51.49948788],
            [-0.16360079, 51.49955352],
            [-0.16342362, 51.49965778],
            [-0.16332318, 51.49959036],
            [-0.16329526, 51.49957162],
            [-0.16328877, 51.49956726],
            [-0.16327835, 51.49957337],
            [-0.1631507, 51.49948759]
          ]
        ]
      }
    },
    {
      "type": "Feature",
      "id": 49,
      "properties": {
        "feature_type": "unit",
        "level_id": 0,
        "name": "The Perfumery Hall",
        "category": "cosmetics-beauty-supplies"
      },
      "geometry": {
        "type": "Polygon",
        "coordinates": [
          [
            [-0.1626647, 51.4994229],
            [-0.16267104, 51.49941908],
            [-0.16268917, 51.4994082],
            [-0.1627952, 51.49934448],
            [-0.16281333, 51.49933359],
            [-0.16281423, 51.49933304],
            [-0.16285048, 51.49931126],
            [-0.16308493, 51.49946245],
            [-0.16300698, 51.49950929],
            [-0.16298161, 51.49952453],
            [-0.16289914, 51.49957409],
            [-0.1626647, 51.4994229]
          ]
        ]
      }
    },
    {
      "type": "Feature",
      "id": 50,
      "properties": {
        "feature_type": "unit",
        "level_id": 0,
        "name": "The Beauty Halls",
        "category": "cosmetics-beauty-supplies"
      },
      "geometry": {
        "type": "Polygon",
        "coordinates": [
          [
            [-0.16205347, 51.49898683],
            [-0.16206961, 51.49896394],
            [-0.16216277, 51.49883177],
            [-0.16203377, 51.49879668],
            [-0.16202518, 51.49879057],
            [-0.16207161, 51.49872484],
            [-0.16221124, 51.49876384],
            [-0.16227984, 51.49866721],
            [-0.16213688, 51.49863308],
            [-0.16215125, 51.49861288],
            [-0.16215501, 51.49860906],
            [-0.16217435, 51.49859745],
            [-0.16219526, 51.49859244],
            [-0.16233603, 51.49858429],
            [-0.16233838, 51.49858471],
            [-0.16240166, 51.49858018],
            [-0.1625454, 51.49857176],
            [-0.16255284, 51.498574],
            [-0.16256369, 51.4986433],
            [-0.16256385, 51.49864431],
            [-0.162565, 51.4986665],
            [-0.16256572, 51.49866836],
            [-0.16256894, 51.49867673],
            [-0.16257083, 51.49869961],
            [-0.16256842, 51.49870557],
            [-0.16233279, 51.49896949],
            [-0.16230531, 51.49899495],
            [-0.16227725, 51.49898636],
            [-0.16221178, 51.49905968],
            [-0.16221971, 51.49906254],
            [-0.16221032, 51.49909344],
            [-0.16218122, 51.49912704],
            [-0.16211389, 51.49921332],
            [-0.16239382, 51.49939385],
            [-0.16227148, 51.49946737],
            [-0.16222424, 51.49943691],
            [-0.16220974, 51.49944562],
            [-0.16221052, 51.49944612],
            [-0.16220966, 51.4994467],
            [-0.1622088, 51.49944728],
            [-0.16217893, 51.49946414],
            [-0.16214902, 51.49948211],
            [-0.16210178, 51.49945164],
            [-0.16200481, 51.49950992],
            [-0.16180426, 51.49939049],
            [-0.16176267, 51.49936449],
            [-0.16175388, 51.49935899],
            [-0.16171058, 51.49933532],
            [-0.16169114, 51.49932431],
            [-0.16168887, 51.49932175],
            [-0.16168476, 51.49931579],
            [-0.16168159, 51.49930538],
            [-0.16168187, 51.49929999],
            [-0.16168327, 51.49929476],
            [-0.16185229, 51.49904575],
            [-0.16198667, 51.4990816],
            [-0.16205347, 51.49898683]
          ]
        ]
      }
    },
    {
      "type": "Feature",
      "id": 51,
      "properties": {
        "feature_type": "unit",
        "level_id": -1,
        "name": "Drybar",
        "category": "cosmetics-beauty-supplies"
      },
      "geometry": {
        "type": "Polygon",
        "coordinates": [
          [
            [-0.16236527, 51.49863286],
            [-0.16237638, 51.49861809],
            [-0.16227868, 51.49859043],
            [-0.16217593, 51.49859687],
            [-0.16216835, 51.49860017],
            [-0.16216255, 51.49860347],
            [-0.16215725, 51.49860677],
            [-0.16215094, 51.49861322],
            [-0.16224687, 51.49864056],
            [-0.16225672, 51.49862862],
            [-0.16233851, 51.49864905],
            [-0.16235113, 51.49862956],
            [-0.16236527, 51.49863286]
          ]
        ]
      }
    },
    {
      "type": "Feature",
      "id": 52,
      "properties": {
        "feature_type": "unit",
        "level_id": -1,
        "name": "Beauty Treatment Rooms",
        "category": "cosmetics-beauty-supplies"
      },
      "geometry": {
        "type": "Polygon",
        "coordinates": [
          [
            [-0.16188962, 51.4990456],
            [-0.16187858, 51.49904239],
            [-0.16191691, 51.4989918],
            [-0.16192998, 51.49899559],
            [-0.16193345, 51.49899659],
            [-0.16195086, 51.49897333],
            [-0.16199089, 51.49898489],
            [-0.16197344, 51.4990082],
            [-0.16197691, 51.49900921],
            [-0.16198998, 51.499013],
            [-0.16199344, 51.499014],
            [-0.16196381, 51.49905672],
            [-0.16195273, 51.49907268],
            [-0.16197142, 51.49907817],
            [-0.16200491, 51.49903302],
            [-0.1620389, 51.49904197],
            [-0.16216049, 51.49907526],
            [-0.16212921, 51.49911735],
            [-0.16208726, 51.49910517],
            [-0.16207964, 51.49911534],
            [-0.162094, 51.49911951],
            [-0.16197664, 51.49927166],
            [-0.1620308, 51.49930655],
            [-0.16200183, 51.4993179],
            [-0.16199529, 51.49931696],
            [-0.16198585, 51.49931841],
            [-0.16195418, 51.49935125],
            [-0.16195383, 51.49935331],
            [-0.16196034, 51.49935773],
            [-0.16196324, 51.49935622],
            [-0.16196762, 51.4993591],
            [-0.16197135, 51.4993567],
            [-0.16195969, 51.49934944],
            [-0.16200374, 51.49932318],
            [-0.16203027, 51.49934031],
            [-0.16198526, 51.4993673],
            [-0.16197845, 51.49936276],
            [-0.16197591, 51.49936435],
            [-0.16199278, 51.49937522],
            [-0.16199544, 51.49937363],
            [-0.16198899, 51.49936977],
            [-0.1620337, 51.49934252],
            [-0.16207206, 51.49936729],
            [-0.16202774, 51.49939382],
            [-0.16200456, 51.49937924],
            [-0.16199858, 51.49938296],
            [-0.16203297, 51.49940481],
            [-0.16203923, 51.49940104],
            [-0.16203124, 51.49939599],
            [-0.16207589, 51.49936976],
            [-0.16210875, 51.49939098],
            [-0.16206381, 51.49941697],
            [-0.16204688, 51.49940614],
            [-0.1620438, 51.49940805],
            [-0.16207092, 51.49942537],
            [-0.16207323, 51.49942394],
            [-0.16206683, 51.49941974],
            [-0.16211316, 51.49939383],
            [-0.16214675, 51.49941552],
            [-0.16215006, 51.4994136],
            [-0.16215892, 51.49941913],
            [-0.16215468, 51.49942178],
            [-0.16216119, 51.49942576],
            [-0.16211679, 51.49945153],
            [-0.16208335, 51.49943027],
            [-0.16208082, 51.49943176],
            [-0.16208548, 51.49943488],
            [-0.16206469, 51.49944712],
            [-0.16205844, 51.4994428],
            [-0.16205589, 51.49944438],
            [-0.16206219, 51.4994486],
            [-0.16202382, 51.49947126],
            [-0.16199638, 51.49945362],
            [-0.16203377, 51.49943042],
            [-0.16204701, 51.49943871],
            [-0.1620495, 51.49943723],
            [-0.16202369, 51.4994205],
            [-0.16202138, 51.49942223],
            [-0.16202911, 51.49942715],
            [-0.16199119, 51.49945015],
            [-0.16196537, 51.49943337],
            [-0.16198537, 51.49942114],
            [-0.16197105, 51.499412],
            [-0.16198881, 51.49940138],
            [-0.16201237, 51.49941672],
            [-0.162015, 51.49941522],
            [-0.16198154, 51.49939318],
            [-0.16197868, 51.49939486],
            [-0.16198706, 51.49940008],
            [-0.16196732, 51.49941211],
            [-0.16198105, 51.49942066],
            [-0.16196291, 51.49943177],
            [-0.16192009, 51.4994051],
            [-0.16195811, 51.49938173],
            [-0.16196957, 51.49938919],
            [-0.16197251, 51.49938739],
            [-0.16195445, 51.49937582],
            [-0.16195172, 51.49937749],
            [-0.16195421, 51.499379],
            [-0.16191559, 51.4994023],
            [-0.16186035, 51.49936702],
            [-0.16192553, 51.49936105],
            [-0.16194409, 51.49937282],
            [-0.16194921, 51.49936964],
            [-0.1619324, 51.49935777],
            [-0.16193944, 51.49929811],
            [-0.16193248, 51.49929286],
            [-0.16189155, 51.49929501],
            [-0.16189185, 51.49929722],
            [-0.16192882, 51.49929501],
            [-0.16193389, 51.49929867],
            [-0.16192754, 51.49935497],
            [-0.16192114, 51.49935896],
            [-0.16185717, 51.49936492],
            [-0.16182051, 51.49930795],
            [-0.16182478, 51.4993033],
            [-0.16186763, 51.49930021],
            [-0.16186722, 51.49929789],
            [-0.161823, 51.4993019],
            [-0.16181696, 51.49930758],
            [-0.16179263, 51.49932442],
            [-0.16174341, 51.49929507],
            [-0.16172766, 51.49926566],
            [-0.16173419, 51.49924142],
            [-0.16176663, 51.49925041],
            [-0.1617742, 51.49923983],
            [-0.16176864, 51.49923828],
            [-0.16176307, 51.49924602],
            [-0.16173756, 51.49923965],
            [-0.16174117, 51.49923504],
            [-0.16173111, 51.49923217],
            [-0.1617658, 51.49918345],
            [-0.16178899, 51.49918996],
            [-0.16179729, 51.49919848],
            [-0.16177391, 51.49923113],
            [-0.16177906, 51.4992325],
            [-0.16180108, 51.49920029],
            [-0.16180647, 51.49920386],
            [-0.1618125, 51.49920666],
            [-0.16181978, 51.49920913],
            [-0.16179836, 51.4992378],
            [-0.16180229, 51.49923885],
            [-0.16182242, 51.49921018],
            [-0.16185566, 51.49921927],
            [-0.16185915, 51.49922148],
            [-0.16182899, 51.4992641],
            [-0.16179152, 51.49925396],
            [-0.16179717, 51.49924617],
            [-0.16179325, 51.49924508],
            [-0.16178604, 51.49925535],
            [-0.161844, 51.49927101],
            [-0.16187943, 51.49921942],
            [-0.16187525, 51.49921606],
            [-0.16181635, 51.49920098],
            [-0.16182902, 51.49918403],
            [-0.16182407, 51.49918228],
            [-0.16182172, 51.49918128],
            [-0.16181761, 51.49917882],
            [-0.1618142, 51.49917597],
            [-0.1618116, 51.4991726],
            [-0.16180964, 51.49916837],
            [-0.16180913, 51.49916546],
            [-0.16180938, 51.49916196],
            [-0.16181039, 51.4991588],
            [-0.16181235, 51.49915548],
            [-0.1618153, 51.49915233],
            [-0.16181839, 51.49914994],
            [-0.16182189, 51.49914792],
            [-0.16182521, 51.49914643],
            [-0.16183158, 51.49914448],
            [-0.16183848, 51.49914328],
            [-0.16184417, 51.49914305],
            [-0.16185479, 51.49914381],
            [-0.16185771, 51.49914344],
            [-0.16184249, 51.49912283],
            [-0.16180923, 51.49911525],
            [-0.16185732, 51.49905051],
            [-0.16188571, 51.4990512],
            [-0.16188962, 51.4990456]
          ]
        ]
      }
    },
    {
      "type": "Feature",
      "id": 53,
      "properties": {
        "feature_type": "unit",
        "level_id": 6,
        "name": "Salon de Parfums",
        "category": "cosmetics-beauty-supplies"
      },
      "geometry": {
        "type": "Polygon",
        "coordinates": [
          [
            [-0.16210396, 51.49889749],
            [-0.16221049, 51.49867861],
            [-0.16228705, 51.49869838],
            [-0.16231739, 51.49870781],
            [-0.16227124, 51.49877263],
            [-0.16235049, 51.49879422],
            [-0.16208102, 51.49917858],
            [-0.16200047, 51.49915732],
            [-0.16196823, 51.49914881],
            [-0.16197561, 51.49913851],
            [-0.1619691, 51.49908694],
            [-0.16198478, 51.49906697],
            [-0.16205378, 51.49896822],
            [-0.16210396, 51.49889749]
          ]
        ]
      }
    },
    {
      "type": "Feature",
      "id": 54,
      "properties": {
        "feature_type": "unit",
        "level_id": 5,
        "name": "Harrods Hair & Beauty Salon",
        "category": "cosmetics-beauty-supplies"
      },
      "geometry": {
        "type": "Polygon",
        "coordinates": [
          [
            [-0.16247268, 51.49978568],
            [-0.16257599, 51.49972359],
            [-0.1625874, 51.49972982],
            [-0.16253406, 51.49976187],
            [-0.16257289, 51.49978902],
            [-0.16259023, 51.49979854],
            [-0.16261192, 51.49981208],
            [-0.16256647, 51.49983939],
            [-0.16276712, 51.49995749],
            [-0.16280017, 51.49997573],
            [-0.16282267, 51.49998376],
            [-0.16284031, 51.49998632],
            [-0.16286951, 51.49998331],
            [-0.16288427, 51.499978],
            [-0.16303088, 51.49989163],
            [-0.16295915, 51.49984537],
            [-0.16293559, 51.49985953],
            [-0.16283424, 51.49979417],
            [-0.16284412, 51.49978812],
            [-0.16293593, 51.49984733],
            [-0.1629595, 51.49983317],
            [-0.16304085, 51.49988564],
            [-0.16320663, 51.4997882],
            [-0.16320667, 51.49978709],
            [-0.16303171, 51.49967426],
            [-0.16300543, 51.49965844],
            [-0.16282522, 51.49954222],
            [-0.16263853, 51.49965441],
            [-0.16281962, 51.49977119],
            [-0.16280874, 51.49977772],
            [-0.16266352, 51.49968407],
            [-0.16260552, 51.49971893],
            [-0.16259503, 51.49971216],
            [-0.16264589, 51.49968159],
            [-0.16239469, 51.49952311],
            [-0.162392, 51.49952112],
            [-0.16235319, 51.49954945],
            [-0.16234802, 51.49954601],
            [-0.1623329, 51.499536],
            [-0.16231204, 51.49954819],
            [-0.16230384, 51.49955298],
            [-0.1621914, 51.49962121],
            [-0.16247268, 51.49978568]
          ]
        ]
      }
    },
    {
      "type": "Feature",
      "id": 55,
      "properties": {
        "feature_type": "unit",
        "level_id": 4,
        "name": "Staff Breakroom",
        "category": "breakroom"
      },
      "geometry": {
        "type": "Polygon",
        "coordinates": [
          [
            [-0.1633023, 51.49924253],
            [-0.16325783, 51.49921358],
            [-0.16322947, 51.49921313],
            [-0.16321004, 51.49920577],
            [-0.16319525, 51.49919078],
            [-0.16320215, 51.49917734],
            [-0.16317465, 51.49915943],
            [-0.16309385, 51.49920936],
            [-0.16322149, 51.49929138],
            [-0.1633023, 51.49924253]
          ]
        ]
      }
    },
    {
      "type": "Feature",
      "id": 56,
      "properties": {
        "feature_type": "unit",
        "level_id": 4,
        "name": "Mini Super Brands 2",
        "category": "childrens-clothing"
      },
      "geometry": {
        "type": "Polygon",
        "coordinates": [
          [
            [-0.16287511, 51.49932714],
            [-0.16301319, 51.49941619],
            [-0.16299144, 51.49942926],
            [-0.16297332, 51.49944015],
            [-0.16297244, 51.49943959],
            [-0.16286639, 51.49950331],
            [-0.16284812, 51.49951429],
            [-0.16281297, 51.49953541],
            [-0.16273711, 51.4994865],
            [-0.16265181, 51.49943063],
            [-0.1626617, 51.4994247],
            [-0.16268067, 51.4994133],
            [-0.16280361, 51.49933942],
            [-0.16285007, 51.4993115],
            [-0.16287511, 51.49932714]
          ]
        ]
      }
    },
    {
      "type": "Feature",
      "id": 57,
      "properties": {
        "feature_type": "unit",
        "level_id": 4,
        "name": "Children's Shoes",
        "category": "childrens-clothing"
      },
      "geometry": {
        "type": "Polygon",
        "coordinates": [
          [
            [-0.16400036, 51.49931669],
            [-0.16381279, 51.49942831],
            [-0.16369485, 51.49935225],
            [-0.16367107, 51.49933691],
            [-0.16345237, 51.49919587],
            [-0.16363906, 51.49908368],
            [-0.16400036, 51.49931669]
          ]
        ]
      }
    },
    {
      "type": "Feature",
      "id": 58,
      "properties": {
        "feature_type": "unit",
        "level_id": 4,
        "name": "Mini Super Brands 4",
        "category": "childrens-clothing"
      },
      "geometry": {
        "type": "Polygon",
        "coordinates": [
          [
            [-0.16293046, 51.49934929],
            [-0.16289634, 51.49932729],
            [-0.16308122, 51.49921619],
            [-0.16320807, 51.49929799],
            [-0.16314191, 51.49933775],
            [-0.16314279, 51.49933831],
            [-0.16314207, 51.49933875],
            [-0.16312375, 51.49934975],
            [-0.16311197, 51.49935683],
            [-0.16309385, 51.49936772],
            [-0.16302316, 51.4994102],
            [-0.16293043, 51.4993504],
            [-0.16292956, 51.49934983],
            [-0.16293046, 51.49934929]
          ]
        ]
      }
    },
    {
      "type": "Feature",
      "id": 59,
      "properties": {
        "feature_type": "unit",
        "level_id": 4,
        "name": "Mini Super Brands 3",
        "category": "childrens-clothing"
      },
      "geometry": {
        "type": "Polygon",
        "coordinates": [
          [
            [-0.16306842, 51.49969906],
            [-0.16306932, 51.49969852],
            [-0.16309381, 51.49971431],
            [-0.16320314, 51.49978481],
            [-0.16303998, 51.49988507],
            [-0.16295862, 51.49983261],
            [-0.16293506, 51.49984677],
            [-0.16290532, 51.49982758],
            [-0.16288082, 51.49981179],
            [-0.16266212, 51.49967075],
            [-0.1626374, 51.499654],
            [-0.16272013, 51.49960429],
            [-0.16274641, 51.49958849],
            [-0.16282434, 51.49954166],
            [-0.16306842, 51.49969906]
          ]
        ]
      }
    },
    {
      "type": "Feature",
      "id": 60,
      "properties": {
        "feature_type": "unit",
        "level_id": 4,
        "name": "Mini Superbrands",
        "category": "childrens-clothing"
      },
      "geometry": {
        "type": "Polygon",
        "coordinates": [
          [
            [-0.16244093, 51.4995281],
            [-0.16244033, 51.49952778],
            [-0.16241888, 51.49951647],
            [-0.16238736, 51.49949727],
            [-0.16239518, 51.49949201],
            [-0.16241669, 51.49947755],
            [-0.16255545, 51.4993816],
            [-0.16257278, 51.49939306],
            [-0.16258963, 51.49940421],
            [-0.1627261, 51.49949295],
            [-0.16274473, 51.49950496],
            [-0.1628021, 51.49954195],
            [-0.16273591, 51.49958172],
            [-0.16270963, 51.49959752],
            [-0.16262625, 51.49964762],
            [-0.16244093, 51.4995281]
          ]
        ]
      }
    },
    {
      "type": "Feature",
      "id": 61,
      "properties": {
        "feature_type": "unit",
        "level_id": 4,
        "name": "Mini Designer",
        "category": "childrens-clothing"
      },
      "geometry": {
        "type": "Polygon",
        "coordinates": [
          [
            [-0.16298381, 51.49944692],
            [-0.16300194, 51.49943603],
            [-0.16302369, 51.49942296],
            [-0.16304818, 51.49943876],
            [-0.163146, 51.49950184],
            [-0.16317019, 51.49951736],
            [-0.16326689, 51.4995798],
            [-0.16329099, 51.49959534],
            [-0.16329138, 51.49959559],
            [-0.1634051, 51.49966893],
            [-0.16328317, 51.49973967],
            [-0.16327679, 51.49973544],
            [-0.16325841, 51.49972325],
            [-0.16324364, 51.49971346],
            [-0.16317515, 51.49975435],
            [-0.16310379, 51.49970832],
            [-0.16307929, 51.49969253],
            [-0.16286059, 51.49955149],
            [-0.16283522, 51.49953512],
            [-0.16285877, 51.49952097],
            [-0.16287691, 51.49951007],
            [-0.16298381, 51.49944692]
          ]
        ]
      }
    },
    {
      "type": "Feature",
      "id": 62,
      "properties": {
        "feature_type": "unit",
        "level_id": 4,
        "name": "Mini Designer",
        "category": "childrens-clothing"
      },
      "geometry": {
        "type": "Polygon",
        "coordinates": [
          [
            [-0.16349838, 51.49947051],
            [-0.16349797, 51.49947027],
            [-0.16347352, 51.49945563],
            [-0.1633774, 51.49939365],
            [-0.16335192, 51.49937721],
            [-0.16325481, 51.49931459],
            [-0.16334012, 51.49926625],
            [-0.16336265, 51.49924978],
            [-0.1634424, 51.49920186],
            [-0.16366111, 51.4993429],
            [-0.16368489, 51.49935824],
            [-0.16349838, 51.49947051]
          ]
        ]
      }
    },
    {
      "type": "Feature",
      "id": 63,
      "properties": {
        "feature_type": "unit",
        "level_id": 4,
        "name": "Mini Designer",
        "category": "childrens-clothing"
      },
      "geometry": {
        "type": "Polygon",
        "coordinates": [
          [
            [-0.1632251, 51.49939468],
            [-0.16329421, 51.49935355],
            [-0.16334104, 51.49938375],
            [-0.16348626, 51.4994774],
            [-0.16348658, 51.49947761],
            [-0.1636026, 51.49955243],
            [-0.16342071, 51.49966067],
            [-0.16341707, 51.49966168],
            [-0.16341477, 51.49966162],
            [-0.16330225, 51.49958906],
            [-0.16327685, 51.49957381],
            [-0.16327598, 51.49957324],
            [-0.16327689, 51.4995727],
            [-0.16318068, 51.49951062],
            [-0.16315682, 51.49949523],
            [-0.16310714, 51.49946436],
            [-0.16315155, 51.49943767],
            [-0.16310256, 51.49940608],
            [-0.16313362, 51.49938742],
            [-0.16315273, 51.49937593],
            [-0.16317623, 51.49936181],
            [-0.16318822, 51.49936947],
            [-0.16320182, 51.49937847],
            [-0.16322113, 51.49939088],
            [-0.16322012, 51.49939148],
            [-0.1632251, 51.49939468]
          ]
        ]
      }
    },
    {
      "type": "Feature",
      "id": 64,
      "properties": {
        "feature_type": "unit",
        "level_id": 4,
        "name": "Children's Essentials",
        "category": "childrens-clothing"
      },
      "geometry": {
        "type": "Polygon",
        "coordinates": [
          [
            [-0.16349838, 51.49947051],
            [-0.16368489, 51.49935824],
            [-0.16376455, 51.49941038],
            [-0.16367814, 51.49946254],
            [-0.16369456, 51.49947312],
            [-0.16371094, 51.49948367],
            [-0.16371457, 51.499486],
            [-0.1636144, 51.49954468],
            [-0.16349838, 51.49947051]
          ]
        ]
      }
    },
    {
      "type": "Feature",
      "id": 65,
      "properties": {
        "feature_type": "corridor",
        "level_id": 0,
        "name": "Toilets",
        "category": "restrooms"
      },
      "geometry": {
        "type": "Polygon",
        "coordinates": [
          [
            [-0.16340487, 51.49820018],
            [-0.16340158, 51.49820346],
            [-0.16340657, 51.49820541],
            [-0.16339786, 51.49821406],
            [-0.16340098, 51.49821529],
            [-0.16339794, 51.49821831],
            [-0.1634157, 51.49822528],
            [-0.16342024, 51.49822076],
            [-0.16342428, 51.49822235],
            [-0.16342361, 51.49822302],
            [-0.16342065, 51.49822186],
            [-0.16341678, 51.4982257],
            [-0.16342991, 51.49823085],
            [-0.16343777, 51.49822304],
            [-0.1634271, 51.49821886],
            [-0.16342778, 51.49821819],
            [-0.16343844, 51.49822237],
            [-0.16344194, 51.4982189],
            [-0.16341177, 51.49820707],
            [-0.16341478, 51.49820407],
            [-0.16340487, 51.49820018]
          ]
        ]
      }
    },
    {
      "type": "Feature",
      "id": 66,
      "properties": {
        "feature_type": "corridor",
        "level_id": 0,
        "name": "Toilets",
        "category": "restrooms"
      },
      "geometry": {
        "type": "Polygon",
        "coordinates": [
          [
            [-0.16358816, 51.49827468],
            [-0.1635826, 51.4982725],
            [-0.16358152, 51.49827356],
            [-0.16354173, 51.49825796],
            [-0.16354083, 51.49825761],
            [-0.16353724, 51.49826118],
            [-0.16353724, 51.49826118],
            [-0.16353696, 51.49826146],
            [-0.16353812, 51.49826191],
            [-0.16353085, 51.49826913],
            [-0.16357594, 51.49828682],
            [-0.16358816, 51.49827468]
          ]
        ]
      }
    },
    {
      "type": "Feature",
      "id": 67,
      "properties": {
        "feature_type": "corridor",
        "level_id": -1,
        "name": "Toilets",
        "category": "restrooms"
      },
      "geometry": {
        "type": "Polygon",
        "coordinates": [
          [
            [-0.1624509, 51.49978122],
            [-0.16255288, 51.49971684],
            [-0.16247963, 51.49966945],
            [-0.16237621, 51.4997374],
            [-0.1624509, 51.49978122]
          ]
        ]
      }
    },
    {
      "type": "Feature",
      "id": 68,
      "properties": {
        "feature_type": "unit",
        "level_id": -1,
        "name": "Harrods Opticians",
        "category": "eyewear"
      },
      "geometry": {
        "type": "Polygon",
        "coordinates": [
          [
            [-0.16388963, 51.4992342],
            [-0.16383463, 51.4991991],
            [-0.16396801, 51.49911864],
            [-0.16402507, 51.49915502],
            [-0.16388963, 51.4992342]
          ]
        ]
      }
    },
    {
      "type": "Feature",
      "id": 69,
      "properties": {
        "feature_type": "unit",
        "level_id": 0,
        "name": "Sunglasses",
        "category": "eyewear"
      },
      "geometry": {
        "type": "Polygon",
        "coordinates": [
          [
            [-0.162772, 51.49922],
            [-0.16270222, 51.49926193],
            [-0.1626841, 51.49927283],
            [-0.16257806, 51.49933654],
            [-0.16255994, 51.49934743],
            [-0.16255903, 51.49934798],
            [-0.16252369, 51.49936922],
            [-0.16249744, 51.4993839],
            [-0.16244578, 51.49941494],
            [-0.16243354, 51.49940705],
            [-0.16243263, 51.49940759],
            [-0.16243175, 51.49940703],
            [-0.16241516, 51.4993952],
            [-0.16218162, 51.49924346],
            [-0.16231996, 51.49916032],
            [-0.16235384, 51.49913888],
            [-0.16245349, 51.49907895],
            [-0.16246052, 51.4990715],
            [-0.16250236, 51.49904636],
            [-0.16274051, 51.49919969],
            [-0.16275138, 51.49919316],
            [-0.16276888, 51.49920444],
            [-0.162758, 51.49921097],
            [-0.162772, 51.49922]
          ]
        ]
      }
    },
    {
      "type": "Feature",
      "id": 70,
      "properties": {
        "feature_type": "unit",
        "level_id": 3,
        "name": "Ginori",
        "category": "pim"
      },
      "geometry": {
        "type": "Polygon",
        "coordinates": [
          [
            [-0.16284572, 51.49954189],
            [-0.16286321, 51.49955318],
            [-0.16276896, 51.49960981],
            [-0.16274993, 51.49962125],
            [-0.16266565, 51.4996719],
            [-0.16264728, 51.49966005],
            [-0.16248981, 51.4995585],
            [-0.16248894, 51.49955794],
            [-0.16247144, 51.49954665],
            [-0.16239883, 51.49949983],
            [-0.16244777, 51.49947042],
            [-0.16246593, 51.49945842],
            [-0.16259552, 51.49938054],
            [-0.16261389, 51.49939239],
            [-0.16260483, 51.49939784],
            [-0.16260302, 51.49939893],
            [-0.16265813, 51.49943447],
            [-0.16266901, 51.49942793],
            [-0.1626865, 51.49943922],
            [-0.16267563, 51.49944575],
            [-0.1626765, 51.49944632],
            [-0.16283397, 51.49954787],
            [-0.16283484, 51.49954843],
            [-0.16284572, 51.49954189]
          ]
        ]
      }
    },
    {
      "type": "Feature",
      "id": 71,
      "properties": {
        "feature_type": "unit",
        "level_id": 5,
        "name": "Lowepro",
        "category": "pim"
      },
      "geometry": {
        "type": "Polygon",
        "coordinates": [
          [
            [-0.16389769, 51.49907322],
            [-0.1638986, 51.49907267],
            [-0.16390947, 51.49906614],
            [-0.1639276, 51.49905525],
            [-0.16397291, 51.49902802],
            [-0.16399375, 51.49901549],
            [-0.16407108, 51.49905294],
            [-0.16401933, 51.49908731],
            [-0.1640368, 51.4990997],
            [-0.16396792, 51.49914109],
            [-0.16412714, 51.49924377],
            [-0.16412623, 51.49924431],
            [-0.16401207, 51.49931182],
            [-0.16401117, 51.49931237],
            [-0.16382921, 51.49919502],
            [-0.16380474, 51.49917812],
            [-0.16382867, 51.49916262],
            [-0.16375842, 51.4991155],
            [-0.16375594, 51.49910363],
            [-0.1637541, 51.49909703],
            [-0.16375277, 51.49909492],
            [-0.16374755, 51.49907586],
            [-0.16377367, 51.49905999],
            [-0.1637758, 51.49905822],
            [-0.16380233, 51.49904333],
            [-0.16381983, 51.49905462],
            [-0.1638452, 51.49903937],
            [-0.16389769, 51.49907322]
          ]
        ]
      }
    },
    {
      "type": "Feature",
      "id": 72,
      "properties": {
        "feature_type": "unit",
        "level_id": -1,
        "name": "Savant Health",
        "category": "pim"
      },
      "geometry": {
        "type": "Polygon",
        "coordinates": [
          [
            [-0.1640546, 51.49916312],
            [-0.16407553, 51.49914726],
            [-0.16407892, 51.49914523],
            [-0.16409728, 51.49913419],
            [-0.16410181, 51.49913147],
            [-0.164158, 51.49909771],
            [-0.16415891, 51.49909716],
            [-0.16416594, 51.49910128],
            [-0.16417358, 51.49910514],
            [-0.16418164, 51.49910884],
            [-0.16420233, 51.49911792],
            [-0.16421319, 51.49912318],
            [-0.16421872, 51.49912624],
            [-0.16422386, 51.49912948],
            [-0.16422779, 51.49913234],
            [-0.16423135, 51.49913537],
            [-0.16423558, 51.49913984],
            [-0.16423749, 51.49914237],
            [-0.16423903, 51.49914489],
            [-0.16424024, 51.4991474],
            [-0.16424111, 51.49914989],
            [-0.16424166, 51.49915236],
            [-0.1642419, 51.49915482],
            [-0.16424185, 51.49915726],
            [-0.16424152, 51.49915968],
            [-0.16424006, 51.49916448],
            [-0.16423896, 51.49916684],
            [-0.16423726, 51.49916978],
            [-0.16423335, 51.49917497],
            [-0.1642285, 51.49918006],
            [-0.16422284, 51.49918503],
            [-0.16421798, 51.49918874],
            [-0.16421577, 51.49919042],
            [-0.16421464, 51.49919119],
            [-0.16418081, 51.49921152],
            [-0.1641633, 51.49922118],
            [-0.16415991, 51.49922313],
            [-0.16415436, 51.49922632],
            [-0.16415345, 51.49922687],
            [-0.1640546, 51.49916312]
          ]
        ]
      }
    },
    {
      "type": "Feature",
      "id": 73,
      "properties": {
        "feature_type": "unit",
        "level_id": 1,
        "name": "Balmain",
        "category": "pim"
      },
      "geometry": {
        "type": "Polygon",
        "coordinates": [
          [
            [-0.16262245, 51.49924775],
            [-0.16265132, 51.49926637],
            [-0.16267231, 51.49927991],
            [-0.1625536, 51.49935125],
            [-0.1624285, 51.49927057],
            [-0.16247019, 51.49924552],
            [-0.16245969, 51.49923875],
            [-0.16248959, 51.49922078],
            [-0.16250009, 51.49922755],
            [-0.16251407, 51.4992202],
            [-0.16251644, 51.49922],
            [-0.1626011, 51.49923541],
            [-0.16262245, 51.49924775]
          ]
        ]
      }
    },
    {
      "type": "Feature",
      "id": 74,
      "properties": {
        "feature_type": "unit",
        "level_id": 3,
        "name": "Bialetti",
        "category": "pim"
      },
      "geometry": {
        "type": "Polygon",
        "coordinates": [
          [
            [-0.16230648, 51.49876736],
            [-0.16230563, 51.49876713],
            [-0.16208461, 51.49870669],
            [-0.16214942, 51.49861567],
            [-0.16216312, 51.49860383],
            [-0.16217441, 51.49859792],
            [-0.16219677, 51.49859259],
            [-0.16255265, 51.49857445],
            [-0.16256315, 51.49861493],
            [-0.16257354, 51.49861269],
            [-0.16257813, 51.49864625],
            [-0.16258063, 51.49866456],
            [-0.16258396, 51.49868889],
            [-0.16256878, 51.49869039],
            [-0.1625685, 51.4987043],
            [-0.16246251, 51.49882509],
            [-0.16233081, 51.4987887],
            [-0.16229944, 51.49877702],
            [-0.16230648, 51.49876736]
          ]
        ]
      }
    },
    {
      "type": "Feature",
      "id": 75,
      "properties": {
        "feature_type": "unit",
        "level_id": 2,
        "name": "Jason Markk",
        "category": "pim"
      },
      "geometry": {
        "type": "Polygon",
        "coordinates": [
          [
            [-0.16301479, 51.49929644],
            [-0.16292781, 51.49934871],
            [-0.16292781, 51.49934871],
            [-0.16286045, 51.49930526],
            [-0.16289216, 51.4992862],
            [-0.16289307, 51.49928566],
            [-0.16285196, 51.49925914],
            [-0.16290722, 51.49922593],
            [-0.16301479, 51.49929644]
          ]
        ]
      }
    },
    {
      "type": "Feature",
      "id": 76,
      "properties": {
        "feature_type": "unit",
        "level_id": 3,
        "name": "Gingerlily",
        "category": "pim"
      },
      "geometry": {
        "type": "Polygon",
        "coordinates": [
          [
            [-0.16330555, 51.49876821],
            [-0.16330572, 51.49876829],
            [-0.16336531, 51.49871633],
            [-0.16378814, 51.49891563],
            [-0.16378801, 51.49891571],
            [-0.16372322, 51.49895282],
            [-0.16370622, 51.49896486],
            [-0.16367214, 51.49898534],
            [-0.16367662, 51.49895431],
            [-0.16367842, 51.49895213],
            [-0.16365151, 51.49894195],
            [-0.16364221, 51.49897921],
            [-0.1635387, 51.49904154],
            [-0.16352055, 51.49905355],
            [-0.16345983, 51.49909003],
            [-0.16347907, 51.49910244],
            [-0.1634691, 51.49910844],
            [-0.1634682, 51.49910898],
            [-0.16349357, 51.49912534],
            [-0.16345188, 51.49915039],
            [-0.16330404, 51.49905505],
            [-0.16330316, 51.49905448],
            [-0.16328567, 51.4990432],
            [-0.16312033, 51.49893657],
            [-0.16312101, 51.49893595],
            [-0.16319343, 51.49887194],
            [-0.1632063, 51.49885766],
            [-0.1632865, 51.49878612],
            [-0.16328891, 51.49878426],
            [-0.16328913, 51.49878419],
            [-0.16329128, 51.49878262],
            [-0.16330412, 51.49876945],
            [-0.16330555, 51.49876821]
          ]
        ]
      }
    },
    {
      "type": "Feature",
      "id": 77,
      "properties": {
        "feature_type": "unit",
        "level_id": 0,
        "name": "Gucci",
        "category": "pim"
      },
      "geometry": {
        "type": "Polygon",
        "coordinates": [
          [
            [-0.16321492, 51.49977886],
            [-0.16320016, 51.49976935],
            [-0.16317118, 51.49975065],
            [-0.16317033, 51.49975007],
            [-0.16314671, 51.49973375],
            [-0.16295335, 51.49961018],
            [-0.16292889, 51.49959327],
            [-0.1629118, 51.49958065],
            [-0.16299298, 51.49953187],
            [-0.16301836, 51.49951662],
            [-0.16307364, 51.4994834],
            [-0.1630972, 51.49946924],
            [-0.16311557, 51.49948109],
            [-0.16314094, 51.49949745],
            [-0.16333165, 51.49962044],
            [-0.16334302, 51.49962777],
            [-0.16336752, 51.49964357],
            [-0.16336839, 51.49964413],
            [-0.16340426, 51.49966726],
            [-0.16340335, 51.49966781],
            [-0.16332542, 51.49971464],
            [-0.16329917, 51.49972932],
            [-0.16324548, 51.49976089],
            [-0.16321492, 51.49977886]
          ]
        ]
      }
    },
    {
      "type": "Feature",
      "id": 78,
      "properties": {
        "feature_type": "unit",
        "level_id": 5,
        "name": "Audioquest",
        "category": "pim"
      },
      "geometry": {
        "type": "Polygon",
        "coordinates": [
          [
            [-0.16341682, 51.49966407],
            [-0.16323924, 51.49954955],
            [-0.16323855, 51.4995491],
            [-0.16323836, 51.49954898],
            [-0.16342414, 51.49943734],
            [-0.1634245, 51.49943757],
            [-0.16342477, 51.49943775],
            [-0.16342502, 51.49943791],
            [-0.16360348, 51.499553],
            [-0.16341682, 51.49966407]
          ]
        ]
      }
    },
    {
      "type": "Feature",
      "id": 79,
      "properties": {
        "feature_type": "unit",
        "level_id": 0,
        "name": "Dior",
        "category": "pim"
      },
      "geometry": {
        "type": "Polygon",
        "coordinates": [
          [
            [-0.16337749, 51.49963758],
            [-0.16335299, 51.49962178],
            [-0.16315091, 51.49949146],
            [-0.16312554, 51.4994751],
            [-0.16310717, 51.49946325],
            [-0.16319145, 51.4994126],
            [-0.16320958, 51.49940171],
            [-0.16329205, 51.49935215],
            [-0.16329295, 51.49935161],
            [-0.16331133, 51.49936346],
            [-0.16333491, 51.4993798],
            [-0.16333579, 51.49938036],
            [-0.16353787, 51.49951068],
            [-0.16356236, 51.49952648],
            [-0.16360085, 51.4995513],
            [-0.1634151, 51.49966183],
            [-0.16337814, 51.499638],
            [-0.16337845, 51.49963785],
            [-0.16337749, 51.49963758]
          ]
        ]
      }
    },
    {
      "type": "Feature",
      "id": 80,
      "properties": {
        "feature_type": "unit",
        "level_id": 0,
        "name": "Dolce & Gabbana",
        "category": "pim"
      },
      "geometry": {
        "type": "Polygon",
        "coordinates": [
          [
            [-0.16252442, 51.49936856],
            [-0.16252369, 51.49936922],
            [-0.16249744, 51.4993839],
            [-0.16244578, 51.49941494],
            [-0.16243354, 51.49940705],
            [-0.16243263, 51.49940759],
            [-0.16243175, 51.49940703],
            [-0.16241516, 51.4993952],
            [-0.16218162, 51.49924346],
            [-0.16232844, 51.49915523],
            [-0.16235384, 51.49913888],
            [-0.16245349, 51.49907895],
            [-0.16246052, 51.4990715],
            [-0.16250236, 51.49904636],
            [-0.16252706, 51.49906203],
            [-0.16274051, 51.49919969],
            [-0.16275801, 51.49921097],
            [-0.16277113, 51.49921944],
            [-0.162772, 51.49922],
            [-0.16270313, 51.49926139],
            [-0.16270295, 51.49926128],
            [-0.16270222, 51.49926193],
            [-0.1626841, 51.49927283],
            [-0.16268322, 51.49927226],
            [-0.1626506, 51.49929187],
            [-0.16257719, 51.49933598],
            [-0.16257806, 51.49933654],
            [-0.16255994, 51.49934743],
            [-0.16255903, 51.49934798],
            [-0.1625246, 51.49936867],
            [-0.16252442, 51.49936856]
          ]
        ]
      }
    },
    {
      "type": "Feature",
      "id": 81,
      "properties": {
        "feature_type": "unit",
        "level_id": -1,
        "name": "Graf Von Faber-Castell",
        "category": "pim"
      },
      "geometry": {
        "type": "Polygon",
        "coordinates": [
          [
            [-0.16269171, 51.49944372],
            [-0.16288003, 51.49933217],
            [-0.16328184, 51.49959058],
            [-0.1632861, 51.49959332],
            [-0.16328519, 51.49959386],
            [-0.16328607, 51.49959443],
            [-0.1632036, 51.49964398],
            [-0.16318314, 51.49965453],
            [-0.16318018, 51.49965696],
            [-0.16316205, 51.49966754],
            [-0.16312529, 51.49967972],
            [-0.16311957, 51.4996811],
            [-0.16308013, 51.4996942],
            [-0.16297968, 51.49962941],
            [-0.1629402, 51.49960395],
            [-0.16293754, 51.49960224],
            [-0.16292004, 51.49959096],
            [-0.16291917, 51.49959039],
            [-0.16286493, 51.49955542],
            [-0.16284653, 51.49954468],
            [-0.16269171, 51.49944372]
          ]
        ]
      }
    },
    {
      "type": "Feature",
      "id": 82,
      "properties": {
        "feature_type": "unit",
        "level_id": 3,
        "name": "Carpe Diem",
        "category": "pim"
      },
      "geometry": {
        "type": "Polygon",
        "coordinates": [
          [
            [-0.16370946, 51.49900978],
            [-0.16371322, 51.49901188],
            [-0.16370975, 51.4990096],
            [-0.16372516, 51.49900034],
            [-0.16381527, 51.49905845],
            [-0.16381614, 51.49905901],
            [-0.16384786, 51.49903995],
            [-0.16386889, 51.49905238],
            [-0.16388548, 51.49906421],
            [-0.16393621, 51.49909693],
            [-0.16403771, 51.49903594],
            [-0.1640387, 51.49903643],
            [-0.16403968, 51.49903692],
            [-0.16404067, 51.49903742],
            [-0.1642235, 51.49912697],
            [-0.16422414, 51.49912732],
            [-0.16422516, 51.49912798],
            [-0.16423269, 51.49913337],
            [-0.16424341, 51.49914757],
            [-0.16424437, 51.49915074],
            [-0.16424493, 51.49915381],
            [-0.16424191, 51.49916855],
            [-0.16422972, 51.49918251],
            [-0.16422586, 51.49918564],
            [-0.16422464, 51.49918646],
            [-0.16422399, 51.49918697],
            [-0.16401385, 51.49931184],
            [-0.16398586, 51.49929379],
            [-0.16396749, 51.49928194],
            [-0.16375226, 51.49914427],
            [-0.16373567, 51.49913244],
            [-0.16365256, 51.49907884],
            [-0.16363506, 51.49906756],
            [-0.16362457, 51.49906079],
            [-0.16369153, 51.49902046],
            [-0.16370885, 51.49901014],
            [-0.16370946, 51.49900978]
          ]
        ]
      }
    },
    {
      "type": "Feature",
      "id": 83,
      "properties": {
        "feature_type": "unit",
        "level_id": 0,
        "name": "Bvlgari",
        "category": "pim"
      },
      "geometry": {
        "type": "Polygon",
        "coordinates": [
          [
            [-0.16348835, 51.4992342],
            [-0.16348961, 51.49923343],
            [-0.16349086, 51.49923424],
            [-0.16349107, 51.49923429],
            [-0.16350798, 51.49924528],
            [-0.16353335, 51.49926164],
            [-0.16373543, 51.49939196],
            [-0.16375993, 51.49940776],
            [-0.16380017, 51.49943371],
            [-0.16371501, 51.49948379],
            [-0.16369689, 51.49949469],
            [-0.1636126, 51.49954533],
            [-0.16357324, 51.49951995],
            [-0.16354874, 51.49950415],
            [-0.16334666, 51.49937383],
            [-0.16332129, 51.49935747],
            [-0.16330292, 51.49934562],
            [-0.1633872, 51.49929497],
            [-0.16340624, 51.49928354],
            [-0.16348835, 51.4992342]
          ]
        ]
      }
    },
    {
      "type": "Feature",
      "id": 84,
      "properties": {
        "feature_type": "unit",
        "level_id": 2,
        "name": "Giorgio Armani",
        "category": "pim"
      },
      "geometry": {
        "type": "Polygon",
        "coordinates": [
          [
            [-0.16255667, 51.49892871],
            [-0.16255667, 51.49892871],
            [-0.16259516, 51.49895354],
            [-0.16262688, 51.49893448],
            [-0.16258839, 51.49890965],
            [-0.16263189, 51.49888351],
            [-0.16271237, 51.49893542],
            [-0.16270059, 51.4989425],
            [-0.16270759, 51.49894701],
            [-0.16268493, 51.49896062],
            [-0.16267938, 51.49895705],
            [-0.16267243, 51.4989616],
            [-0.16266106, 51.49895426],
            [-0.16262753, 51.49897441],
            [-0.1626389, 51.49898174],
            [-0.16259631, 51.49900734],
            [-0.16251408, 51.49895431],
            [-0.16255667, 51.49892871]
          ]
        ]
      }
    },
    {
      "type": "Feature",
      "id": 85,
      "properties": {
        "feature_type": "unit",
        "level_id": 4,
        "name": "Lego",
        "category": "pim"
      },
      "geometry": {
        "type": "Polygon",
        "coordinates": [
          [
            [-0.16281512, 51.49992974],
            [-0.16284156, 51.49991405],
            [-0.16295828, 51.4998448],
            [-0.16303001, 51.49989106],
            [-0.16288745, 51.49997499],
            [-0.16287504, 51.4999803],
            [-0.1628568, 51.49998486],
            [-0.16284199, 51.49998587],
            [-0.16282176, 51.49998354],
            [-0.16281094, 51.49998034],
            [-0.16277624, 51.49996225],
            [-0.1627689, 51.49995751],
            [-0.16281512, 51.49992974]
          ]
        ]
      }
    },
    {
      "type": "Feature",
      "id": 86,
      "properties": {
        "feature_type": "unit",
        "level_id": 5,
        "name": "Leica",
        "category": "pim"
      },
      "geometry": {
        "type": "Polygon",
        "coordinates": [
          [
            [-0.16407498, 51.49905264],
            [-0.16403327, 51.49907961],
            [-0.16401436, 51.49908981],
            [-0.1639939, 51.49909732],
            [-0.16392663, 51.49905576],
            [-0.16399468, 51.49901447],
            [-0.16407498, 51.49905264]
          ]
        ]
      }
    },
    {
      "type": "Feature",
      "id": 87,
      "properties": {
        "feature_type": "unit",
        "level_id": -1,
        "name": "Bookshop",
        "category": "pim"
      },
      "geometry": {
        "type": "Polygon",
        "coordinates": [
          [
            [-0.16267257, 51.49966244],
            [-0.16263704, 51.49963926],
            [-0.16262651, 51.49963238],
            [-0.16260344, 51.49964608],
            [-0.16261416, 51.49965307],
            [-0.16263852, 51.49966897],
            [-0.16260652, 51.49968797],
            [-0.16260147, 51.49969118],
            [-0.16259125, 51.49968429],
            [-0.16258708, 51.49968677],
            [-0.16260547, 51.49969877],
            [-0.16257486, 51.49971848],
            [-0.16255379, 51.49973254],
            [-0.16253006, 51.49971926],
            [-0.16252829, 51.49971827],
            [-0.16251298, 51.49972904],
            [-0.16249494, 51.49971906],
            [-0.1625035, 51.49971304],
            [-0.16249442, 51.49970804],
            [-0.16249061, 51.49971071],
            [-0.16247762, 51.4997036],
            [-0.16248146, 51.4997009],
            [-0.16247964, 51.49969994],
            [-0.16249892, 51.4996864],
            [-0.16253915, 51.49971063],
            [-0.16253783, 51.49971157],
            [-0.16253899, 51.49971266],
            [-0.16254171, 51.49971109],
            [-0.16255157, 51.49971704],
            [-0.16256063, 51.49971166],
            [-0.16255411, 51.49970734],
            [-0.16249987, 51.49967634],
            [-0.16249661, 51.49967853],
            [-0.16249126, 51.49967565],
            [-0.16248181, 51.49967024],
            [-0.16243131, 51.49964237],
            [-0.16235578, 51.49960069],
            [-0.16245419, 51.49954102],
            [-0.16249279, 51.4995181],
            [-0.16253279, 51.49953922],
            [-0.1625423, 51.49953225],
            [-0.16270878, 51.49964095],
            [-0.16267257, 51.49966244]
          ]
        ]
      }
    },
    {
      "type": "Feature",
      "id": 88,
      "properties": {
        "feature_type": "unit",
        "level_id": 3,
        "name": "Herm\u00e8s",
        "category": "pim"
      },
      "geometry": {
        "type": "Polygon",
        "coordinates": [
          [
            [-0.16214807, 51.49904456],
            [-0.16214807, 51.49904456],
            [-0.16214807, 51.49904456],
            [-0.162315, 51.49881237],
            [-0.16244492, 51.49884874],
            [-0.16224435, 51.49906913],
            [-0.16222602, 51.49909144],
            [-0.16211626, 51.49921468],
            [-0.16211873, 51.49922013],
            [-0.16227216, 51.49931765],
            [-0.16227304, 51.49931822],
            [-0.16228301, 51.49931223],
            [-0.16228213, 51.49931166],
            [-0.16218065, 51.49924622],
            [-0.1623275, 51.49915689],
            [-0.1623284, 51.49915634],
            [-0.16235378, 51.49914109],
            [-0.16250603, 51.4990496],
            [-0.1625069, 51.49905017],
            [-0.16260838, 51.49911561],
            [-0.16260926, 51.49911618],
            [-0.16263375, 51.49913197],
            [-0.1627326, 51.49919572],
            [-0.16273348, 51.49919629],
            [-0.16275098, 51.49920757],
            [-0.16277285, 51.49922167],
            [-0.1627085, 51.49926034],
            [-0.16268222, 51.49927613],
            [-0.16257981, 51.49933767],
            [-0.16257891, 51.49933822],
            [-0.16256078, 51.49934911],
            [-0.16244659, 51.49941773],
            [-0.16244569, 51.49941827],
            [-0.16230659, 51.49932857],
            [-0.16229753, 51.49933401],
            [-0.1624235, 51.49941525],
            [-0.16241082, 51.49942288],
            [-0.16228775, 51.49934186],
            [-0.16226581, 51.49935307],
            [-0.16239178, 51.49943431],
            [-0.16230025, 51.49948932],
            [-0.16219615, 51.49942218],
            [-0.16218618, 51.49942817],
            [-0.16216431, 51.49941407],
            [-0.16216431, 51.49941407],
            [-0.16213529, 51.49939532],
            [-0.16197493, 51.49929013],
            [-0.16213178, 51.4990704],
            [-0.16214807, 51.49904456]
          ]
        ]
      }
    },
    {
      "type": "Feature",
      "id": 89,
      "properties": {
        "feature_type": "unit",
        "level_id": 5,
        "name": "Fitbit",
        "category": "pim"
      },
      "geometry": {
        "type": "Polygon",
        "coordinates": [
          [
            [-0.16352579, 51.49937626],
            [-0.16352579, 51.49937626],
            [-0.16370853, 51.49949405],
            [-0.16361607, 51.4995487],
            [-0.16343499, 51.49943192],
            [-0.16343448, 51.49943159],
            [-0.16343411, 51.49943135],
            [-0.16352579, 51.49937626]
          ]
        ]
      }
    },
    {
      "type": "Feature",
      "id": 90,
      "properties": {
        "feature_type": "unit",
        "level_id": -1,
        "name": "Harrods Cosmetics",
        "category": "pim"
      },
      "geometry": {
        "type": "Polygon",
        "coordinates": [
          [
            [-0.162559, 51.49934909],
            [-0.16245116, 51.49941389],
            [-0.16243804, 51.49940543],
            [-0.16237369, 51.4994441],
            [-0.16235466, 51.49945553],
            [-0.16229938, 51.49948875],
            [-0.16225826, 51.49946224],
            [-0.16223989, 51.49945039],
            [-0.16215941, 51.49939849],
            [-0.16213404, 51.49938213],
            [-0.16200982, 51.49930202],
            [-0.16213307, 51.49922795],
            [-0.16213403, 51.49922822],
            [-0.16213691, 51.49922921],
            [-0.16214071, 51.49923087],
            [-0.16214725, 51.49923451],
            [-0.16215356, 51.49923875],
            [-0.16216529, 51.4992474],
            [-0.16216651, 51.49924824],
            [-0.16216984, 51.49925054],
            [-0.16217462, 51.49924767],
            [-0.16228312, 51.49918246],
            [-0.16231575, 51.49916286],
            [-0.1623204, 51.49916037],
            [-0.16233115, 51.4991536],
            [-0.16233206, 51.49915306],
            [-0.16235106, 51.49914273],
            [-0.16250512, 51.49905015],
            [-0.16277106, 51.49922165],
            [-0.16270128, 51.49926359],
            [-0.16268228, 51.49927392],
            [-0.16268316, 51.49927448],
            [-0.16268225, 51.49927502],
            [-0.16257803, 51.49933765],
            [-0.162559, 51.49934909]
          ]
        ]
      }
    },
    {
      "type": "Feature",
      "id": 91,
      "properties": {
        "feature_type": "unit",
        "level_id": 0,
        "name": "Pierre Marcolini",
        "category": "pim"
      },
      "geometry": {
        "type": "Polygon",
        "coordinates": [
          [
            [-0.16291996, 51.49921719],
            [-0.16293808, 51.4992063],
            [-0.16293899, 51.49920575],
            [-0.16300424, 51.49916654],
            [-0.16321944, 51.49930533],
            [-0.16322035, 51.49930478],
            [-0.16323872, 51.49931663],
            [-0.16328246, 51.49934484],
            [-0.16319908, 51.49939494],
            [-0.16318096, 51.49940583],
            [-0.16309758, 51.49945594],
            [-0.16288325, 51.49931772],
            [-0.16286321, 51.49930479],
            [-0.16286138, 51.49930361],
            [-0.16286954, 51.49929871],
            [-0.1628922, 51.4992851],
            [-0.16285108, 51.49925858],
            [-0.16291996, 51.49921719]
          ]
        ]
      }
    },
    {
      "type": "Feature",
      "id": 92,
      "properties": {
        "feature_type": "unit",
        "level_id": 0,
        "name": "Herm\u00e8s",
        "category": "pim"
      },
      "geometry": {
        "type": "Polygon",
        "coordinates": [
          [
            [-0.16267574, 51.49967614],
            [-0.16267446, 51.49967532],
            [-0.16267575, 51.49967455],
            [-0.16275512, 51.49962685],
            [-0.16278049, 51.49961161],
            [-0.16286115, 51.49956314],
            [-0.16291801, 51.49959981],
            [-0.16294338, 51.49961617],
            [-0.16313584, 51.49974028],
            [-0.16316033, 51.49975608],
            [-0.16316121, 51.49975664],
            [-0.16320495, 51.49978485],
            [-0.16301653, 51.49989524],
            [-0.16297364, 51.49986826],
            [-0.16294915, 51.49985247],
            [-0.16275669, 51.49972835],
            [-0.16273132, 51.49971199],
            [-0.16269283, 51.49968717],
            [-0.16267574, 51.49967614]
          ]
        ]
      }
    },
    {
      "type": "Feature",
      "id": 93,
      "properties": {
        "feature_type": "unit",
        "level_id": 2,
        "name": "Edit Ldn",
        "category": "pim"
      },
      "geometry": {
        "type": "Polygon",
        "coordinates": [
          [
            [-0.16274778, 51.49947899],
            [-0.16274774, 51.49947871],
            [-0.1628293, 51.4994297],
            [-0.16298064, 51.4995273],
            [-0.16289908, 51.49957631],
            [-0.16274778, 51.49947899]
          ]
        ]
      }
    },
    {
      "type": "Feature",
      "id": 94,
      "properties": {
        "feature_type": "unit",
        "level_id": 0,
        "name": "Fendi",
        "category": "pim"
      },
      "geometry": {
        "type": "Polygon",
        "coordinates": [
          [
            [-0.16257882, 51.49984396],
            [-0.16261869, 51.49982],
            [-0.16263427, 51.49981064],
            [-0.16263434, 51.49981053],
            [-0.16263469, 51.49980948],
            [-0.16263465, 51.49980839],
            [-0.16263417, 51.49980724],
            [-0.1626332, 51.49980602],
            [-0.16263072, 51.49980405],
            [-0.16260535, 51.49978769],
            [-0.16256686, 51.49976287],
            [-0.16254849, 51.49975102],
            [-0.16259924, 51.49972052],
            [-0.16261737, 51.49970963],
            [-0.16266359, 51.49968186],
            [-0.16272045, 51.49971853],
            [-0.16274582, 51.49973489],
            [-0.16293828, 51.499859],
            [-0.16296277, 51.4998748],
            [-0.16300564, 51.49990244],
            [-0.16287083, 51.49997986],
            [-0.16286202, 51.49998189],
            [-0.16284202, 51.49998328],
            [-0.16283606, 51.49998295],
            [-0.16282107, 51.49998057],
            [-0.16281672, 51.49997941],
            [-0.16280579, 51.49997515],
            [-0.16280055, 51.49997228],
            [-0.16277426, 51.49995756],
            [-0.16277424, 51.49995757],
            [-0.16277346, 51.49995712],
            [-0.16257969, 51.49984452],
            [-0.16257882, 51.49984396]
          ]
        ]
      }
    },
    {
      "type": "Feature",
      "id": 95,
      "properties": {
        "feature_type": "unit",
        "level_id": 1,
        "name": "Chanel",
        "category": "pim"
      },
      "geometry": {
        "type": "Polygon",
        "coordinates": [
          [
            [-0.16190162, 51.49928094],
            [-0.16193401, 51.4993018],
            [-0.16196289, 51.49932041],
            [-0.16211257, 51.49941683],
            [-0.16212344, 51.49941029],
            [-0.16214794, 51.49942609],
            [-0.16213794, 51.49943319],
            [-0.16215543, 51.49944447],
            [-0.16212281, 51.49946408],
            [-0.16210269, 51.4994511],
            [-0.16200709, 51.49950855],
            [-0.16200574, 51.4995087],
            [-0.16200433, 51.49950851],
            [-0.16172117, 51.49934359],
            [-0.16170136, 51.49933169],
            [-0.16169737, 51.49932893],
            [-0.16168656, 51.49931794],
            [-0.16168464, 51.49931453],
            [-0.16168309, 51.49929798],
            [-0.16168555, 51.49929142],
            [-0.16168961, 51.49928429],
            [-0.16173333, 51.49921968],
            [-0.16186521, 51.49925608],
            [-0.16186834, 51.4992575],
            [-0.1618761, 51.49926719],
            [-0.16187765, 51.49926977],
            [-0.16187936, 51.49927173],
            [-0.16188147, 51.49927343],
            [-0.16188655, 51.49927595],
            [-0.16189678, 51.49927907],
            [-0.16190162, 51.49928094]
          ]
        ]
      }
    },
    {
      "type": "Feature",
      "id": 96,
      "properties": {
        "feature_type": "unit",
        "level_id": 3,
        "name": "Brinkhaus",
        "category": "pim"
      },
      "geometry": {
        "type": "Polygon",
        "coordinates": [
          [
            [-0.16298555, 51.49897724],
            [-0.16299518, 51.49898344],
            [-0.16307765, 51.49893388],
            [-0.16314938, 51.49898015],
            [-0.16315026, 51.49898071],
            [-0.16305419, 51.49903844],
            [-0.16303429, 51.49904931],
            [-0.16295234, 51.49909855],
            [-0.16295001, 51.49909996],
            [-0.16290922, 51.49912446],
            [-0.1628911, 51.49913536],
            [-0.16284125, 51.49916531],
            [-0.16277147, 51.49911962],
            [-0.16281936, 51.49908909],
            [-0.16280887, 51.49908232],
            [-0.16275902, 51.49911228],
            [-0.16271441, 51.4990835],
            [-0.16268904, 51.49906714],
            [-0.16259981, 51.4990096],
            [-0.16264965, 51.49897964],
            [-0.16264003, 51.49897344],
            [-0.16258928, 51.49900394],
            [-0.16251492, 51.49895598],
            [-0.16251583, 51.49895544],
            [-0.16256567, 51.49892548],
            [-0.1625838, 51.49891459],
            [-0.1626137, 51.49889662],
            [-0.16268719, 51.49894401],
            [-0.16265728, 51.49896198],
            [-0.16265815, 51.49896255],
            [-0.16266778, 51.49896875],
            [-0.16280734, 51.49888489],
            [-0.16282547, 51.49887399],
            [-0.16290793, 51.49882444],
            [-0.16300066, 51.49888424],
            [-0.16300154, 51.4988848],
            [-0.16301903, 51.49889609],
            [-0.16306715, 51.49892711],
            [-0.16306802, 51.49892768],
            [-0.16298555, 51.49897724]
          ]
        ]
      }
    },
    {
      "type": "Feature",
      "id": 97,
      "properties": {
        "feature_type": "unit",
        "level_id": 2,
        "name": "Brunello Cucinelli",
        "category": "pim"
      },
      "geometry": {
        "type": "Polygon",
        "coordinates": [
          [
            [-0.16279103, 51.49888904],
            [-0.16270983, 51.49883668],
            [-0.1628222, 51.49876915],
            [-0.16290444, 51.49882218],
            [-0.1628129, 51.49887718],
            [-0.16279103, 51.49888904]
          ]
        ]
      }
    },
    {
      "type": "Feature",
      "id": 98,
      "properties": {
        "feature_type": "unit",
        "level_id": 1,
        "name": "Miu Miu",
        "category": "pim"
      },
      "geometry": {
        "type": "Polygon",
        "coordinates": [
          [
            [-0.16271734, 51.49925136],
            [-0.16269753, 51.4992386],
            [-0.16266864, 51.49921999],
            [-0.16259407, 51.49917196],
            [-0.16259887, 51.49916819],
            [-0.16262969, 51.49914967],
            [-0.16264781, 51.49913878],
            [-0.16277291, 51.49921946],
            [-0.16271734, 51.49925136]
          ]
        ]
      }
    },
    {
      "type": "Feature",
      "id": 99,
      "properties": {
        "feature_type": "unit",
        "level_id": 1,
        "name": "Gucci",
        "category": "pim"
      },
      "geometry": {
        "type": "Polygon",
        "coordinates": [
          [
            [-0.162245, 51.49883046],
            [-0.16226082, 51.49880679],
            [-0.16229048, 51.49876608],
            [-0.16235172, 51.49880557],
            [-0.16239983, 51.4988366],
            [-0.16241645, 51.4988459],
            [-0.16242338, 51.49885019],
            [-0.16242668, 51.49885263],
            [-0.16243085, 51.49885687],
            [-0.1624315, 51.49885818],
            [-0.16243097, 51.49886077],
            [-0.16242895, 51.49886362],
            [-0.16242069, 51.4988718],
            [-0.16241107, 51.49888363],
            [-0.16239398, 51.49890327],
            [-0.16238567, 51.49891214],
            [-0.16237788, 51.4989212],
            [-0.16237321, 51.49892521],
            [-0.16237084, 51.49892643],
            [-0.16236928, 51.49892681],
            [-0.16236658, 51.4989269],
            [-0.16235888, 51.49892578],
            [-0.16235391, 51.49892452],
            [-0.16232945, 51.49891669],
            [-0.16226324, 51.49889847],
            [-0.16222042, 51.49888728],
            [-0.16221352, 51.49888516],
            [-0.162207, 51.49888272],
            [-0.162245, 51.49883046]
          ]
        ]
      }
    },
    {
      "type": "Feature",
      "id": 100,
      "properties": {
        "feature_type": "unit",
        "level_id": 1,
        "name": "Louis Vuitton",
        "category": "pim"
      },
      "geometry": {
        "type": "Polygon",
        "coordinates": [
          [
            [-0.16220375, 51.49940563],
            [-0.16219325, 51.49939886],
            [-0.16216875, 51.49938306],
            [-0.16215913, 51.49937686],
            [-0.16215665, 51.49937809],
            [-0.16215414, 51.49937887],
            [-0.16215161, 51.49937922],
            [-0.16214907, 51.49937919],
            [-0.16214654, 51.49937883],
            [-0.16214317, 51.49937788],
            [-0.16213655, 51.49937475],
            [-0.16213097, 51.49937115],
            [-0.1621177, 51.49936143],
            [-0.16204085, 51.49931186],
            [-0.16202335, 51.49929936],
            [-0.16201686, 51.49929559],
            [-0.1620128, 51.49929378],
            [-0.1620101, 51.49929204],
            [-0.16198123, 51.49927342],
            [-0.16195411, 51.49925593],
            [-0.16212088, 51.49921784],
            [-0.16226698, 51.49931205],
            [-0.1621981, 51.49935344],
            [-0.16220772, 51.49935965],
            [-0.16223222, 51.49937544],
            [-0.16224272, 51.49938221],
            [-0.16231159, 51.49934082],
            [-0.16242357, 51.49941304],
            [-0.16230666, 51.49948329],
            [-0.16219468, 51.49941107],
            [-0.16220375, 51.49940563]
          ]
        ]
      }
    },
    {
      "type": "Feature",
      "id": 101,
      "properties": {
        "feature_type": "unit",
        "level_id": 3,
        "name": "Ilapothecary",
        "category": "pim"
      },
      "geometry": {
        "type": "Polygon",
        "coordinates": [
          [
            [-0.16325666, 51.49881179],
            [-0.16336531, 51.49871633],
            [-0.16378438, 51.49891372],
            [-0.16374082, 51.49893638],
            [-0.16370622, 51.49896486],
            [-0.16369856, 51.49896135],
            [-0.16365423, 51.49896742],
            [-0.16363604, 51.49898278],
            [-0.16363233, 51.49900603],
            [-0.16359748, 51.49903116],
            [-0.1636031, 51.49903487],
            [-0.16361172, 51.49902946],
            [-0.16361688, 51.49903256],
            [-0.16363403, 51.49904285],
            [-0.16363975, 51.49904629],
            [-0.16360866, 51.49906478],
            [-0.16358237, 51.49905015],
            [-0.16359154, 51.49904418],
            [-0.16358497, 51.49904019],
            [-0.16352759, 51.4990766],
            [-0.16349939, 51.49909316],
            [-0.16347907, 51.49910244],
            [-0.1634682, 51.49910898],
            [-0.16348715, 51.4991212],
            [-0.1634755, 51.49912768],
            [-0.16333341, 51.49904076],
            [-0.16331293, 51.4990289],
            [-0.16315643, 51.49892928],
            [-0.16319541, 51.49889719],
            [-0.16319406, 51.49887125],
            [-0.16323989, 51.4988284],
            [-0.16325666, 51.49881179]
          ]
        ]
      }
    },
    {
      "type": "Feature",
      "id": 102,
      "properties": {
        "feature_type": "unit",
        "level_id": 1,
        "name": "Burberry",
        "category": "pim"
      },
      "geometry": {
        "type": "Polygon",
        "coordinates": [
          [
            [-0.16239958, 51.4986448],
            [-0.16235268, 51.49864587],
            [-0.16234376, 51.49858366],
            [-0.16255361, 51.49857338],
            [-0.16256764, 51.49857336],
            [-0.16256985, 51.49857246],
            [-0.16257093, 51.49857163],
            [-0.16257334, 51.49857075],
            [-0.16257911, 51.4985698],
            [-0.16271352, 51.49856318],
            [-0.16271935, 51.49856394],
            [-0.16271889, 51.49856691],
            [-0.16272504, 51.49862313],
            [-0.16269181, 51.4986253],
            [-0.16261387, 51.49863041],
            [-0.16257729, 51.4986328],
            [-0.16256124, 51.4986343],
            [-0.16248693, 51.49863948],
            [-0.16239958, 51.4986448]
          ]
        ]
      }
    },
    {
      "type": "Feature",
      "id": 103,
      "properties": {
        "feature_type": "unit",
        "level_id": 3,
        "name": "Halcyon Gallery",
        "category": "pim"
      },
      "geometry": {
        "type": "Polygon",
        "coordinates": [
          [
            [-0.16286657, 51.49930921],
            [-0.1628622, 51.49930639],
            [-0.16289482, 51.49928679],
            [-0.1628537, 51.49926027],
            [-0.16297333, 51.49918839],
            [-0.16299146, 51.49917749],
            [-0.16300686, 51.49916824],
            [-0.16304098, 51.49919024],
            [-0.16305935, 51.49920209],
            [-0.16322819, 51.49931097],
            [-0.16324656, 51.49932282],
            [-0.163165, 51.49937183],
            [-0.16320261, 51.49939609],
            [-0.16318358, 51.49940753],
            [-0.16309839, 51.49945872],
            [-0.16306536, 51.49943741],
            [-0.16306133, 51.49943482],
            [-0.16306078, 51.49943446],
            [-0.16304416, 51.49942374],
            [-0.16304328, 51.49942318],
            [-0.16304241, 51.49942261],
            [-0.16288494, 51.49932106],
            [-0.16288407, 51.4993205],
            [-0.16286657, 51.49930921]
          ]
        ]
      }
    },
    {
      "type": "Feature",
      "id": 104,
      "properties": {
        "feature_type": "unit",
        "level_id": 5,
        "name": "Louis Vuitton",
        "category": "pim"
      },
      "geometry": {
        "type": "Polygon",
        "coordinates": [
          [
            [-0.16266362, 51.49913219],
            [-0.16268668, 51.49912781],
            [-0.1626977, 51.49912222],
            [-0.16270875, 51.49911065],
            [-0.16271575, 51.49909905],
            [-0.16283997, 51.49917916],
            [-0.16271219, 51.49925594],
            [-0.16262821, 51.49920178],
            [-0.16262733, 51.49920122],
            [-0.16261646, 51.49920776],
            [-0.16259196, 51.49919196],
            [-0.16260284, 51.49918542],
            [-0.16260191, 51.49918489],
            [-0.16259117, 51.4991788],
            [-0.16258549, 51.49917491],
            [-0.1625826, 51.49916813],
            [-0.16259825, 51.49915875],
            [-0.16258775, 51.49915198],
            [-0.16261403, 51.49913619],
            [-0.16262453, 51.49914296],
            [-0.16264063, 51.49913317],
            [-0.16266362, 51.49913219]
          ]
        ]
      }
    },
    {
      "type": "Feature",
      "id": 105,
      "properties": {
        "feature_type": "unit",
        "level_id": 5,
        "name": "Gianvito Rossi",
        "category": "pim"
      },
      "geometry": {
        "type": "Polygon",
        "coordinates": [
          [
            [-0.16225887, 51.49868698],
            [-0.16225887, 51.49868698],
            [-0.16212191, 51.49865089],
            [-0.16215548, 51.49860577],
            [-0.16219499, 51.49859031],
            [-0.16221682, 51.49858983],
            [-0.1622169, 51.49859044],
            [-0.16221868, 51.4985917],
            [-0.16222131, 51.49859261],
            [-0.16222507, 51.49859234],
            [-0.16223015, 51.49859248],
            [-0.16223317, 51.49859374],
            [-0.16223513, 51.49859976],
            [-0.16223621, 51.4986009],
            [-0.16223905, 51.49860211],
            [-0.16224469, 51.49860115],
            [-0.16224491, 51.49861288],
            [-0.16220913, 51.49861582],
            [-0.16220955, 51.49861866],
            [-0.16224049, 51.49862697],
            [-0.16224408, 51.49864663],
            [-0.16223217, 51.4986478],
            [-0.16222861, 51.49865384],
            [-0.16223924, 51.49865632],
            [-0.16224762, 51.4986537],
            [-0.16225502, 51.49865316],
            [-0.16225944, 51.49868247],
            [-0.16225887, 51.49868698]
          ]
        ]
      }
    },
    {
      "type": "Feature",
      "id": 106,
      "properties": {
        "feature_type": "unit",
        "level_id": 2,
        "name": "Isaia",
        "category": "pim"
      },
      "geometry": {
        "type": "Polygon",
        "coordinates": [
          [
            [-0.16268117, 51.49906206],
            [-0.16260331, 51.49901185],
            [-0.1626459, 51.49898626],
            [-0.16272463, 51.49903703],
            [-0.16269295, 51.49905499],
            [-0.16268117, 51.49906206]
          ]
        ]
      }
    },
    {
      "type": "Feature",
      "id": 107,
      "properties": {
        "feature_type": "unit",
        "level_id": 2,
        "name": "Brioni",
        "category": "pim"
      },
      "geometry": {
        "type": "Polygon",
        "coordinates": [
          [
            [-0.16292747, 51.49891381],
            [-0.162848, 51.49886481],
            [-0.16291143, 51.49882669],
            [-0.16298842, 51.49887634],
            [-0.16292747, 51.49891381]
          ]
        ]
      }
    },
    {
      "type": "Feature",
      "id": 108,
      "properties": {
        "feature_type": "unit",
        "level_id": 2,
        "name": "Dior",
        "category": "pim"
      },
      "geometry": {
        "type": "Polygon",
        "coordinates": [
          [
            [-0.16191989, 51.49930047],
            [-0.16194785, 51.49931963],
            [-0.16203008, 51.49937267],
            [-0.16203915, 51.49936722],
            [-0.16204005, 51.49936668],
            [-0.16206892, 51.49938529],
            [-0.16205805, 51.49939183],
            [-0.1621464, 51.49944881],
            [-0.16211921, 51.49946515],
            [-0.16209997, 51.49945273],
            [-0.16200434, 51.49950986],
            [-0.16200348, 51.49951001],
            [-0.16200265, 51.4995101],
            [-0.16176199, 51.49937138],
            [-0.16190064, 51.49928806],
            [-0.16191989, 51.49930047]
          ]
        ]
      }
    },
    {
      "type": "Feature",
      "id": 109,
      "properties": {
        "feature_type": "unit",
        "level_id": 2,
        "name": "Balenciaga",
        "category": "pim"
      },
      "geometry": {
        "type": "Polygon",
        "coordinates": [
          [
            [-0.16219167, 51.49879494],
            [-0.16217449, 51.49882104],
            [-0.16213966, 51.49886978],
            [-0.16199472, 51.49882937],
            [-0.16205179, 51.49875127],
            [-0.16219717, 51.49878945],
            [-0.16219167, 51.49879494]
          ]
        ]
      }
    },
    {
      "type": "Feature",
      "id": 110,
      "properties": {
        "feature_type": "unit",
        "level_id": 0,
        "name": "Louis Vuitton",
        "category": "pim"
      },
      "geometry": {
        "type": "Polygon",
        "coordinates": [
          [
            [-0.16285065, 51.49955637],
            [-0.16277, 51.49960484],
            [-0.16274462, 51.49962008],
            [-0.16266525, 51.49966778],
            [-0.16266398, 51.49966788],
            [-0.16266267, 51.49966772],
            [-0.16254849, 51.49959408],
            [-0.16253099, 51.4995828],
            [-0.16243753, 51.49952252],
            [-0.16240197, 51.49949959],
            [-0.16240071, 51.49949878],
            [-0.16239802, 51.49949705],
            [-0.16240246, 51.49949438],
            [-0.1625403, 51.49941155],
            [-0.1625648, 51.49939573],
            [-0.16256571, 51.49939519],
            [-0.16258471, 51.49938486],
            [-0.16271768, 51.49947061],
            [-0.16273518, 51.4994819],
            [-0.16273605, 51.49948246],
            [-0.16282516, 51.49953993],
            [-0.16285065, 51.49955637]
          ]
        ]
      }
    },
    {
      "type": "Feature",
      "id": 111,
      "properties": {
        "feature_type": "unit",
        "level_id": 1,
        "name": "Women's Changing Room",
        "category": "changing-room"
      },
      "geometry": {
        "type": "Polygon",
        "coordinates": [
          [
            [-0.16300851, 51.49990361],
            [-0.16288052, 51.49997775],
            [-0.16284487, 51.49998481],
            [-0.1628149, 51.49998077],
            [-0.16257916, 51.4998431],
            [-0.16263829, 51.4998088],
            [-0.16253865, 51.49974425],
            [-0.16265531, 51.49967617],
            [-0.16300851, 51.49990361]
          ]
        ]
      }
    },
    {
      "type": "Feature",
      "id": 112,
      "properties": {
        "feature_type": "corridor",
        "level_id": 0,
        "name": "Entrance - Exit",
        "category": "entrance-exit"
      },
      "geometry": {
        "type": "Polygon",
        "coordinates": [
          [
            [-0.16258269, 51.49983204],
            [-0.16256117, 51.49984591],
            [-0.1625428, 51.49983506],
            [-0.16256194, 51.49982097],
            [-0.16258269, 51.49983204]
          ]
        ]
      }
    },
    {
      "type": "Feature",
      "id": 113,
      "properties": {
        "feature_type": "corridor",
        "level_id": 0,
        "name": "Door 9",
        "category": "entrance-exit"
      },
      "geometry": {
        "type": "Polygon",
        "coordinates": [
          [
            [-0.16418234, 51.49910827],
            [-0.16419039, 51.49910074],
            [-0.16422218, 51.49911624],
            [-0.16421436, 51.49912417],
            [-0.16418234, 51.49910827]
          ]
        ]
      }
    },
    {
      "type": "Feature",
      "id": 114,
      "properties": {
        "feature_type": "corridor",
        "level_id": 0,
        "name": "Door 7",
        "category": "entrance-exit"
      },
      "geometry": {
        "type": "Polygon",
        "coordinates": [
          [
            [-0.16332542, 51.49971464],
            [-0.16333265, 51.49972002],
            [-0.16331074, 51.49973285],
            [-0.16330744, 51.49973479],
            [-0.16329917, 51.49972932],
            [-0.16330226, 51.49972759],
            [-0.16332542, 51.49971464]
          ]
        ]
      }
    },
    {
      "type": "Feature",
      "id": 115,
      "properties": {
        "feature_type": "corridor",
        "level_id": 0,
        "name": "Door 5",
        "category": "entrance-exit"
      },
      "geometry": {
        "type": "Polygon",
        "coordinates": [
          [
            [-0.1621161, 51.49957491],
            [-0.16213628, 51.49958567],
            [-0.16212632, 51.49959166],
            [-0.16210613, 51.4995809],
            [-0.1621161, 51.49957491]
          ]
        ]
      }
    },
    {
      "type": "Feature",
      "id": 116,
      "properties": {
        "feature_type": "corridor",
        "level_id": 0,
        "name": "Door 3",
        "category": "entrance-exit"
      },
      "geometry": {
        "type": "Polygon",
        "coordinates": [
          [
            [-0.1619116, 51.49895802],
            [-0.16189752, 51.49895417],
            [-0.1619139, 51.49892951],
            [-0.16192865, 51.49893336],
            [-0.1619116, 51.49895802]
          ]
        ]
      }
    },
    {
      "type": "Feature",
      "id": 117,
      "properties": {
        "feature_type": "corridor",
        "level_id": 0,
        "name": "Door 6",
        "category": "entrance-exit"
      },
      "geometry": {
        "type": "Polygon",
        "coordinates": [
          [
            [-0.16279931, 51.49997153],
            [-0.16278871, 51.4999783],
            [-0.16277533, 51.49997136],
            [-0.16276978, 51.49996786],
            [-0.16275656, 51.49996013],
            [-0.1627667, 51.49995319],
            [-0.16277346, 51.49995712],
            [-0.16277426, 51.49995756],
            [-0.16279931, 51.49997153]
          ]
        ]
      }
    },
    {
      "type": "Feature",
      "id": 118,
      "properties": {
        "feature_type": "corridor",
        "level_id": 0,
        "name": "Door 10",
        "category": "entrance-exit"
      },
      "geometry": {
        "type": "Polygon",
        "coordinates": [
          [
            [-0.1639349, 51.49898729],
            [-0.16394368, 51.49898048],
            [-0.16394449, 51.49898087],
            [-0.16397235, 51.49899437],
            [-0.16396335, 51.49900129],
            [-0.16393542, 51.49898754],
            [-0.1639349, 51.49898729]
          ]
        ]
      }
    },
    {
      "type": "Feature",
      "id": 119,
      "properties": {
        "feature_type": "corridor",
        "level_id": 0,
        "name": "Door 8",
        "category": "entrance-exit"
      },
      "geometry": {
        "type": "Polygon",
        "coordinates": [
          [
            [-0.16369689, 51.49949469],
            [-0.16369906, 51.49949338],
            [-0.16371513, 51.49948371],
            [-0.16372494, 51.49948989],
            [-0.16370838, 51.49949971],
            [-0.16370633, 51.49950092],
            [-0.16369689, 51.49949469]
          ]
        ]
      }
    },
    {
      "type": "Feature",
      "id": 120,
      "properties": {
        "feature_type": "corridor",
        "level_id": 0,
        "name": "Door 4",
        "category": "entrance-exit"
      },
      "geometry": {
        "type": "Polygon",
        "coordinates": [
          [
            [-0.16175993, 51.49937713],
            [-0.16176818, 51.49936793],
            [-0.16180426, 51.49939049],
            [-0.16181255, 51.49939542],
            [-0.16180369, 51.49940274],
            [-0.16175993, 51.49937713]
          ]
        ]
      }
    },
    {
      "type": "Feature",
      "id": 121,
      "properties": {
        "feature_type": "unit",
        "level_id": -1,
        "name": "Harrods Gift Shop",
        "category": "gift-wrap-station"
      },
      "geometry": {
        "type": "Polygon",
        "coordinates": [
          [
            [-0.16227763, 51.499059],
            [-0.16228248, 51.49906188],
            [-0.16229897, 51.49907256],
            [-0.16230936, 51.4990793],
            [-0.16232586, 51.49908999],
            [-0.16233624, 51.49909672],
            [-0.16235273, 51.4991074],
            [-0.16236342, 51.49911469],
            [-0.16240492, 51.49909049],
            [-0.16231768, 51.49903354],
            [-0.16237782, 51.49899916],
            [-0.16242158, 51.49898658],
            [-0.16276814, 51.49921968],
            [-0.16271001, 51.49925231],
            [-0.16268542, 51.49926663],
            [-0.1625784, 51.49932872],
            [-0.16256203, 51.49933822],
            [-0.16254801, 51.49934635],
            [-0.16254417, 51.49935431],
            [-0.16245745, 51.49941427],
            [-0.16242454, 51.49939382],
            [-0.16238166, 51.49942302],
            [-0.16239115, 51.49942842],
            [-0.16241133, 51.49943997],
            [-0.16241233, 51.49944197],
            [-0.16241889, 51.49944562],
            [-0.16241012, 51.49945174],
            [-0.16241983, 51.49945706],
            [-0.16240458, 51.49946681],
            [-0.16239486, 51.49946134],
            [-0.16239606, 51.49946051],
            [-0.16239408, 51.49945939],
            [-0.16236804, 51.49943725],
            [-0.16236438, 51.49943479],
            [-0.16230594, 51.49947459],
            [-0.16228889, 51.49946317],
            [-0.16227685, 51.49947006],
            [-0.16222407, 51.49943554],
            [-0.16223403, 51.49942979],
            [-0.16209283, 51.49933508],
            [-0.16207378, 51.4993223],
            [-0.16199775, 51.4992713],
            [-0.16210762, 51.49912579],
            [-0.16220737, 51.49915474],
            [-0.16222521, 51.49913674],
            [-0.16226789, 51.49916525],
            [-0.16230371, 51.49914456],
            [-0.16230765, 51.49914721],
            [-0.1623152, 51.49914281],
            [-0.16230344, 51.49913486],
            [-0.16228973, 51.49912594],
            [-0.16227647, 51.49911732],
            [-0.16226288, 51.49910848],
            [-0.16224963, 51.49909986],
            [-0.16223604, 51.49909102],
            [-0.16223022, 51.49908694],
            [-0.16227763, 51.499059]
          ]
        ]
      }
    },
    {
      "type": "Feature",
      "id": 122,
      "properties": {
        "feature_type": "unit",
        "level_id": -1,
        "name": "Hampers",
        "category": "gift-wrap-station"
      },
      "geometry": {
        "type": "Polygon",
        "coordinates": [
          [
            [-0.16223607, 51.4995326],
            [-0.16217704, 51.49949723],
            [-0.1622192, 51.49947167],
            [-0.16227823, 51.49950967],
            [-0.16223607, 51.4995326]
          ]
        ]
      }
    },
    {
      "type": "Feature",
      "id": 123,
      "properties": {
        "feature_type": "unit",
        "level_id": -1,
        "name": "Gift Wrapping",
        "category": "gift-wrap-station"
      },
      "geometry": {
        "type": "Polygon",
        "coordinates": [
          [
            [-0.16232224, 51.49964032],
            [-0.16223624, 51.49959165],
            [-0.16228653, 51.49955758],
            [-0.16230217, 51.49956667],
            [-0.1622967, 51.49957007],
            [-0.16236654, 51.4996103],
            [-0.16232224, 51.49964032]
          ]
        ]
      }
    },
    {
      "type": "Feature",
      "id": 124,
      "properties": {
        "feature_type": "unit",
        "level_id": 0,
        "name": "Harrods Roast & Bake",
        "category": "restaurant"
      },
      "geometry": {
        "type": "Polygon",
        "coordinates": [
          [
            [-0.16169142, 51.4989572],
            [-0.16153126, 51.4989136],
            [-0.16162241, 51.49879209],
            [-0.16177897, 51.49883537],
            [-0.16169142, 51.4989572]
          ]
        ]
      }
    },
    {
      "type": "Feature",
      "id": 125,
      "properties": {
        "feature_type": "unit",
        "level_id": 2,
        "name": "Em Sherif",
        "category": "restaurant"
      },
      "geometry": {
        "type": "Polygon",
        "coordinates": [
          [
            [-0.16415665, 51.49922596],
            [-0.16401147, 51.49913136],
            [-0.16398006, 51.49912766],
            [-0.16393167, 51.49909542],
            [-0.16403864, 51.49903358],
            [-0.16422117, 51.49912607],
            [-0.16423221, 51.49913453],
            [-0.16423985, 51.49914404],
            [-0.16424409, 51.4991525],
            [-0.16423645, 51.49917734],
            [-0.16415665, 51.49922596]
          ]
        ]
      }
    },
    {
      "type": "Feature",
      "id": 126,
      "properties": {
        "feature_type": "unit",
        "level_id": 4,
        "name": "Gordon Ramsay",
        "category": "restaurant"
      },
      "geometry": {
        "type": "Polygon",
        "coordinates": [
          [
            [-0.16213923, 51.49890714],
            [-0.16197234, 51.49886086],
            [-0.16207399, 51.49871824],
            [-0.16227881, 51.49877113],
            [-0.16224543, 51.4988193],
            [-0.1621984, 51.49880324],
            [-0.16218019, 51.49882969],
            [-0.16219233, 51.49883063],
            [-0.16213923, 51.49890714]
          ]
        ]
      }
    },
    {
      "type": "Feature",
      "id": 127,
      "properties": {
        "feature_type": "unit",
        "level_id": 5,
        "name": "Chai Wu",
        "category": "restaurant"
      },
      "geometry": {
        "type": "Polygon",
        "coordinates": [
          [
            [-0.16374832, 51.49909876],
            [-0.16351653, 51.49923813],
            [-0.16342723, 51.49917943],
            [-0.16362952, 51.49906721],
            [-0.16371882, 51.49901394],
            [-0.1637425, 51.49902739],
            [-0.16367707, 51.4990671],
            [-0.16367688, 51.49906799],
            [-0.16369602, 51.49907985],
            [-0.16369729, 51.49907964],
            [-0.16372713, 51.49906178],
            [-0.16374832, 51.49909876]
          ]
        ]
      }
    },
    {
      "type": "Feature",
      "id": 128,
      "properties": {
        "feature_type": "unit",
        "level_id": 0,
        "name": "Mo\u00ebt & Chandon Champagne Bar",
        "category": "restaurant"
      },
      "geometry": {
        "type": "Polygon",
        "coordinates": [
          [
            [-0.16221092, 51.4987647],
            [-0.16207246, 51.49872612],
            [-0.16213672, 51.49863088],
            [-0.16228206, 51.4986666],
            [-0.16221092, 51.4987647]
          ]
        ]
      }
    },
    {
      "type": "Feature",
      "id": 129,
      "properties": {
        "feature_type": "unit",
        "level_id": 5,
        "name": "The Grill on Fifth",
        "category": "restaurant"
      },
      "geometry": {
        "type": "Polygon",
        "coordinates": [
          [
            [-0.162334, 51.49941834],
            [-0.16221686, 51.49934278],
            [-0.16217409, 51.49936557],
            [-0.16210666, 51.49932335],
            [-0.16214943, 51.49929985],
            [-0.16212516, 51.49928425],
            [-0.16209587, 51.49927442],
            [-0.1620847, 51.4992713],
            [-0.16208123, 51.49927874],
            [-0.16202373, 51.49931096],
            [-0.16196724, 51.4993451],
            [-0.1619105, 51.49937796],
            [-0.16185582, 51.4994121],
            [-0.16185929, 51.4994145],
            [-0.16185659, 51.49941546],
            [-0.16186353, 51.4994193],
            [-0.16185711, 51.49942557],
            [-0.16198735, 51.49950209],
            [-0.16198804, 51.49950249],
            [-0.1621502, 51.49940851],
            [-0.16218194, 51.49942827],
            [-0.16218206, 51.49942824],
            [-0.16219278, 51.49942164],
            [-0.16219631, 51.49942196],
            [-0.16220009, 51.49942376],
            [-0.16220387, 51.49942627],
            [-0.16221673, 51.49943412],
            [-0.16223955, 51.49944935],
            [-0.16227551, 51.49942728],
            [-0.16229544, 51.49944038],
            [-0.162334, 51.49941834]
          ]
        ]
      }
    },
    {
      "type": "Feature",
      "id": 130,
      "properties": {
        "feature_type": "unit",
        "level_id": 4,
        "name": "Somewhere Caf\u00e9",
        "category": "restaurant"
      },
      "geometry": {
        "type": "Polygon",
        "coordinates": [
          [
            [-0.16330914, 51.49899111],
            [-0.16317505, 51.49891245],
            [-0.16323804, 51.49887232],
            [-0.16336292, 51.49896611],
            [-0.16330914, 51.49899111]
          ]
        ]
      }
    },
    {
      "type": "Feature",
      "id": 131,
      "properties": {
        "feature_type": "unit",
        "level_id": 2,
        "name": "Pizzeria & Pasqua",
        "category": "restaurant"
      },
      "geometry": {
        "type": "Polygon",
        "coordinates": [
          [
            [-0.16272979, 51.49863559],
            [-0.16272979, 51.49862796],
            [-0.16271508, 51.4985623],
            [-0.16235697, 51.49858062],
            [-0.16235452, 51.49865621],
            [-0.16272979, 51.49863559]
          ]
        ]
      }
    },
    {
      "type": "Feature",
      "id": 132,
      "properties": {
        "feature_type": "unit",
        "level_id": 0,
        "name": "Prada Caff\u00e8",
        "category": "restaurant"
      },
      "geometry": {
        "type": "Polygon",
        "coordinates": [
          [
            [-0.16271205, 51.49872426],
            [-0.16271413, 51.49872313],
            [-0.16271594, 51.49872103],
            [-0.16271672, 51.49871747],
            [-0.16270659, 51.49865279],
            [-0.16271802, 51.49865247],
            [-0.162724, 51.49862912],
            [-0.16271644, 51.49856338],
            [-0.16264917, 51.49856694],
            [-0.16264657, 51.49855772],
            [-0.16261644, 51.49855901],
            [-0.16261826, 51.49856936],
            [-0.16256943, 51.49857162],
            [-0.16257982, 51.49864293],
            [-0.16257956, 51.4986646],
            [-0.1625806, 51.49866638],
            [-0.16258553, 51.4986895],
            [-0.16258553, 51.49869661],
            [-0.16258865, 51.49872636],
            [-0.16258917, 51.49872879],
            [-0.16259151, 51.49873008],
            [-0.16259514, 51.49873105],
            [-0.16260579, 51.49873154],
            [-0.16271205, 51.49872426]
          ]
        ]
      }
    },
    {
      "type": "Feature",
      "id": 133,
      "properties": {
        "feature_type": "unit",
        "level_id": -1,
        "name": "Harrods Cafe\u0301",
        "category": "restaurant"
      },
      "geometry": {
        "type": "Polygon",
        "coordinates": [
          [
            [-0.16287719, 51.49981072],
            [-0.16272925, 51.49971147],
            [-0.16287719, 51.49962117],
            [-0.16302082, 51.49971594],
            [-0.16288581, 51.49979552],
            [-0.16289299, 51.49980267],
            [-0.16287719, 51.49981072]
          ]
        ]
      }
    },
    {
      "type": "Feature",
      "id": 134,
      "properties": {
        "feature_type": "unit",
        "level_id": 4,
        "name": "The Georgian",
        "category": "restaurant"
      },
      "geometry": {
        "type": "Polygon",
        "coordinates": [
          [
            [-0.16362846, 51.49894114],
            [-0.16331439, 51.49879569],
            [-0.16323095, 51.49887408],
            [-0.16319909, 51.49885614],
            [-0.16313688, 51.49890808],
            [-0.16330984, 51.49901481],
            [-0.16334019, 51.49899215],
            [-0.16346308, 51.49906865],
            [-0.16351922, 51.49903748],
            [-0.16362846, 51.49894114]
          ]
        ]
      }
    },
    {
      "type": "Feature",
      "id": 135,
      "properties": {
        "feature_type": "unit",
        "level_id": 0,
        "name": "Dining Hall Restaurants",
        "category": "food-beverage"
      },
      "geometry": {
        "type": "Polygon",
        "coordinates": [
          [
            [-0.16348002, 51.49922612],
            [-0.16339574, 51.49927677],
            [-0.16340623, 51.49928353],
            [-0.1633872, 51.49929497],
            [-0.16337671, 51.4992882],
            [-0.16329243, 51.49933885],
            [-0.16324869, 51.49931064],
            [-0.16323872, 51.49931663],
            [-0.16322035, 51.49930478],
            [-0.16323031, 51.49929879],
            [-0.16301511, 51.49916001],
            [-0.16310664, 51.49910501],
            [-0.16312477, 51.49909411],
            [-0.16320271, 51.49904728],
            [-0.16348002, 51.49922612]
          ]
        ]
      }
    },
    {
      "type": "Feature",
      "id": 136,
      "properties": {
        "feature_type": "unit",
        "level_id": -1,
        "name": "Fine Wines & Spirits",
        "category": "food-beverage"
      },
      "geometry": {
        "type": "Polygon",
        "coordinates": [
          [
            [-0.16309396, 51.49971555],
            [-0.1631174, 51.49973065],
            [-0.16312556, 51.49972575],
            [-0.16310255, 51.49971088],
            [-0.16316245, 51.49968156],
            [-0.16327806, 51.49961561],
            [-0.16333194, 51.49965157],
            [-0.1633432, 51.49965934],
            [-0.16332514, 51.49966977],
            [-0.16335552, 51.49967365],
            [-0.16337877, 51.49966022],
            [-0.16339824, 51.49967306],
            [-0.16321479, 51.4997833],
            [-0.16319467, 51.49977032],
            [-0.16318557, 51.49977579],
            [-0.16320398, 51.49978761],
            [-0.16301642, 51.49989923],
            [-0.16299892, 51.49988795],
            [-0.16298804, 51.49989449],
            [-0.16300554, 51.49990577],
            [-0.16289241, 51.49997233],
            [-0.16285537, 51.49998511],
            [-0.16285187, 51.49998553],
            [-0.16283675, 51.49998592],
            [-0.16283266, 51.49998568],
            [-0.16280752, 51.49997953],
            [-0.16279953, 51.49997585],
            [-0.16279196, 51.49997175],
            [-0.16277016, 51.49995895],
            [-0.162731, 51.4999367],
            [-0.16270754, 51.49992246],
            [-0.16277212, 51.499882],
            [-0.16280451, 51.49986419],
            [-0.1628255, 51.49987773],
            [-0.16289619, 51.49983525],
            [-0.16291894, 51.49984992],
            [-0.1629289, 51.49984393],
            [-0.16290616, 51.49982926],
            [-0.16309396, 51.49971555]
          ]
        ]
      }
    },
    {
      "type": "Feature",
      "id": 137,
      "properties": {
        "feature_type": "unit",
        "level_id": 0,
        "name": "Chocolate Hall",
        "category": "food-beverage"
      },
      "geometry": {
        "type": "Polygon",
        "coordinates": [
          [
            [-0.16285108, 51.49925858],
            [-0.16291996, 51.49921719],
            [-0.16290946, 51.49921042],
            [-0.16292758, 51.49919953],
            [-0.16293808, 51.4992063],
            [-0.16300424, 51.49916654],
            [-0.16321944, 51.49930533],
            [-0.16322035, 51.49930478],
            [-0.16323872, 51.49931663],
            [-0.16328246, 51.49934484],
            [-0.16319909, 51.49939494],
            [-0.16318096, 51.49940583],
            [-0.16309758, 51.49945594],
            [-0.16286138, 51.49930361],
            [-0.1628922, 51.4992851],
            [-0.16285108, 51.49925858]
          ]
        ]
      }
    },
    {
      "type": "Feature",
      "id": 138,
      "properties": {
        "feature_type": "unit",
        "level_id": 0,
        "name": "Knightsbridge",
        "category": "train-station"
      },
      "geometry": {
        "type": "Polygon",
        "coordinates": [
          [
            [-0.16049195, 51.50163298],
            [-0.16043359, 51.50162299],
            [-0.16039858, 51.50157485],
            [-0.16039128, 51.50154761],
            [-0.16051092, 51.50152672],
            [-0.16061304, 51.50158121],
            [-0.16049195, 51.50163298]
          ]
        ]
      }
    },
    {
      "type": "Feature",
      "id": 139,
      "properties": {
        "feature_type": "unit",
        "level_id": 0,
        "name": "Tube Exit",
        "category": "train-station"
      },
      "geometry": {
        "type": "Polygon",
        "coordinates": [
          [
            [-0.16258666, 51.4999694],
            [-0.16248618, 51.49991466],
            [-0.1625467, 51.49987272],
            [-0.16264604, 51.49992533],
            [-0.16258666, 51.4999694]
          ]
        ]
      }
    },
    {
      "type": "Feature",
      "id": 140,
      "properties": {
        "feature_type": "unit",
        "level_id": 3,
        "name": "Harrods Cafe\u0301",
        "category": "cafes-coffee-tea-houses"
      },
      "geometry": {
        "type": "Polygon",
        "coordinates": [
          [
            [-0.16215455, 51.49891334],
            [-0.16197476, 51.4988629],
            [-0.16207908, 51.49871505],
            [-0.16229106, 51.49877308],
            [-0.16224001, 51.49884355],
            [-0.16221892, 51.49883803],
            [-0.16218119, 51.49888225],
            [-0.16215455, 51.49891334]
          ]
        ]
      }
    },
    {
      "type": "Feature",
      "id": 141,
      "properties": {
        "feature_type": "unit",
        "level_id": -1,
        "name": "Harrods Cafe\u0301",
        "category": "cafes-coffee-tea-houses"
      },
      "geometry": {
        "type": "Polygon",
        "coordinates": [
          [
            [-0.16318042, 51.4988595],
            [-0.16309195, 51.49882023],
            [-0.16310874, 51.49880646],
            [-0.16309277, 51.49879881],
            [-0.1631153, 51.49877995],
            [-0.16315667, 51.49879805],
            [-0.16320541, 51.49875419],
            [-0.16327176, 51.49878326],
            [-0.16318042, 51.4988595]
          ]
        ]
      }
    },
    {
      "type": "Feature",
      "id": 142,
      "properties": {
        "feature_type": "unit",
        "level_id": 2,
        "name": "Adam Grooming Atelier",
        "category": "event-space"
      },
      "geometry": {
        "type": "Polygon",
        "coordinates": [
          [
            [-0.16277639, 51.49878656],
            [-0.1627574, 51.49879838],
            [-0.16272265, 51.49877617],
            [-0.16257903, 51.49878108],
            [-0.16257208, 51.4986709],
            [-0.16257208, 51.49866513],
            [-0.16272682, 51.49865706],
            [-0.16273748, 51.49873031],
            [-0.16276713, 51.49874848],
            [-0.16274211, 51.49876262],
            [-0.1627479, 51.49876629],
            [-0.16274581, 51.49876708],
            [-0.16277639, 51.49878656]
          ]
        ]
      }
    },
    {
      "type": "Feature",
      "id": 143,
      "properties": {
        "feature_type": "unit",
        "level_id": 5,
        "name": "Roger Vivier",
        "category": "booth"
      },
      "geometry": {
        "type": "Polygon",
        "coordinates": [
          [
            [-0.16251869, 51.49904309],
            [-0.16251959, 51.49904254],
            [-0.16252047, 51.49904311],
            [-0.16262559, 51.49897993],
            [-0.16261597, 51.49897373],
            [-0.16262594, 51.49896774],
            [-0.16260057, 51.49895138],
            [-0.1625906, 51.49895737],
            [-0.16255036, 51.49893142],
            [-0.16244523, 51.49899459],
            [-0.16251869, 51.49904309]
          ]
        ]
      }
    },
    {
      "type": "Feature",
      "id": 144,
      "properties": {
        "feature_type": "unit",
        "level_id": 2,
        "name": "Valentino",
        "category": "booth"
      },
      "geometry": {
        "type": "Polygon",
        "coordinates": [
          [
            [-0.16226962, 51.49868488],
            [-0.16225287, 51.49870989],
            [-0.16220189, 51.49878007],
            [-0.16205782, 51.49874023],
            [-0.16213326, 51.49864021],
            [-0.16226944, 51.49867883],
            [-0.16226962, 51.49868488]
          ]
        ]
      }
    },
    {
      "type": "Feature",
      "id": 145,
      "properties": {
        "feature_type": "unit",
        "level_id": 2,
        "name": "Prada",
        "category": "booth"
      },
      "geometry": {
        "type": "Polygon",
        "coordinates": [
          [
            [-0.16235329, 51.49925255],
            [-0.16232519, 51.49926944],
            [-0.16229166, 51.49928959],
            [-0.16226901, 51.4993032],
            [-0.16217803, 51.49924453],
            [-0.16231669, 51.49916121],
            [-0.1623613, 51.49918998],
            [-0.16239367, 51.49921085],
            [-0.16240854, 51.49922044],
            [-0.1623886, 51.49923242],
            [-0.1623991, 51.49923919],
            [-0.16236466, 51.49925989],
            [-0.16235329, 51.49925255]
          ]
        ]
      }
    },
    {
      "type": "Feature",
      "id": 146,
      "properties": {
        "feature_type": "unit",
        "level_id": 5,
        "name": "Gadgets",
        "category": "booth"
      },
      "geometry": {
        "type": "Polygon",
        "coordinates": [
          [
            [-0.16317391, 51.4995572],
            [-0.16320299, 51.49953972],
            [-0.16302278, 51.4994235],
            [-0.16299378, 51.49944093],
            [-0.16300864, 51.49945052],
            [-0.16317391, 51.4995572]
          ]
        ]
      }
    },
    {
      "type": "Feature",
      "id": 147,
      "properties": {
        "feature_type": "unit",
        "level_id": 2,
        "name": "Men's Contemporary Designers",
        "category": "booth"
      },
      "geometry": {
        "type": "Polygon",
        "coordinates": [
          [
            [-0.16370766, 51.49946253],
            [-0.16372552, 51.49947411],
            [-0.16370962, 51.49948382],
            [-0.16371384, 51.4994866],
            [-0.16361832, 51.49954282],
            [-0.16361338, 51.49954515],
            [-0.16360912, 51.49954309],
            [-0.16347354, 51.49945452],
            [-0.16346176, 51.4994616],
            [-0.1636026, 51.49955243],
            [-0.1634196, 51.49966],
            [-0.163416, 51.49966173],
            [-0.1634117, 51.49965964],
            [-0.16327776, 51.49957326],
            [-0.16327689, 51.4995727],
            [-0.16325848, 51.49956196],
            [-0.16310714, 51.49946436],
            [-0.16319142, 51.49941371],
            [-0.16320955, 51.49940282],
            [-0.16329292, 51.49935272],
            [-0.16344426, 51.49945032],
            [-0.16345423, 51.49944433],
            [-0.16330289, 51.49934673],
            [-0.16338808, 51.49929554],
            [-0.16338899, 51.49929499],
            [-0.16340711, 51.4992841],
            [-0.16349139, 51.49923345],
            [-0.16364273, 51.49933105],
            [-0.1636527, 51.49932506],
            [-0.16342438, 51.49917782],
            [-0.16350085, 51.49913186],
            [-0.16353224, 51.499113],
            [-0.16360689, 51.49906814],
            [-0.1638365, 51.49921462],
            [-0.16384738, 51.49920808],
            [-0.16362173, 51.49906478],
            [-0.16364539, 51.49905146],
            [-0.1637291, 51.49900143],
            [-0.16384432, 51.49905284],
            [-0.16385583, 51.49904603],
            [-0.16387322, 51.4990574],
            [-0.16386234, 51.49906394],
            [-0.16397082, 51.49913389],
            [-0.16400007, 51.49913812],
            [-0.16400094, 51.49913868],
            [-0.16414529, 51.49923177],
            [-0.16400668, 51.49931437],
            [-0.163866, 51.49922087],
            [-0.16385512, 51.49922741],
            [-0.16399404, 51.49932045],
            [-0.16381279, 51.49942831],
            [-0.16367107, 51.49933691],
            [-0.16365932, 51.49934288],
            [-0.1636599, 51.49934326],
            [-0.16376506, 51.49941107],
            [-0.1636778, 51.49946288],
            [-0.16369137, 51.49947181],
            [-0.16370766, 51.49946253]
          ]
        ]
      }
    },
    {
      "type": "Feature",
      "id": 148,
      "properties": {
        "feature_type": "unit",
        "level_id": 2,
        "name": "size?",
        "category": "booth"
      },
      "geometry": {
        "type": "Polygon",
        "coordinates": [
          [
            [-0.16301261, 51.49929775],
            [-0.16292781, 51.49934871],
            [-0.16286045, 51.49930526],
            [-0.16289307, 51.49928566],
            [-0.16285196, 51.49925914],
            [-0.16290504, 51.49922724],
            [-0.16301261, 51.49929775]
          ]
        ]
      }
    },
    {
      "type": "Feature",
      "id": 149,
      "properties": {
        "feature_type": "unit",
        "level_id": 5,
        "name": "Valentino Garavani",
        "category": "booth"
      },
      "geometry": {
        "type": "Polygon",
        "coordinates": [
          [
            [-0.1626709, 51.49895271],
            [-0.16275791, 51.49890042],
            [-0.16268267, 51.49885191],
            [-0.16259567, 51.49890419],
            [-0.16263484, 51.49893013],
            [-0.16262686, 51.49893558],
            [-0.16265309, 51.49895251],
            [-0.16266239, 51.49894725],
            [-0.1626709, 51.49895271]
          ]
        ]
      }
    },
    {
      "type": "Feature",
      "id": 150,
      "properties": {
        "feature_type": "unit",
        "level_id": 5,
        "name": "KG - Designer Shoes Room 2",
        "category": "booth"
      },
      "geometry": {
        "type": "Polygon",
        "coordinates": [
          [
            [-0.16238729, 51.49876013],
            [-0.16244585, 51.49879819],
            [-0.16252567, 51.4987521],
            [-0.16253963, 51.49870559],
            [-0.16259312, 51.49869984],
            [-0.16264756, 51.49869399],
            [-0.16267811, 51.49869427],
            [-0.16267805, 51.49866941],
            [-0.16267422, 51.4986625],
            [-0.16256515, 51.49866928],
            [-0.16256096, 51.49863254],
            [-0.16247856, 51.49863574],
            [-0.1624009, 51.49864179],
            [-0.16238702, 51.49864287],
            [-0.16225892, 51.49865294],
            [-0.16225502, 51.49865315],
            [-0.16225944, 51.49868247],
            [-0.16225887, 51.49868698],
            [-0.16225166, 51.49869729],
            [-0.16224803, 51.49870249],
            [-0.16222405, 51.49873677],
            [-0.1622479, 51.498734],
            [-0.16229084, 51.49874545],
            [-0.16234339, 51.49874188],
            [-0.16238072, 51.49873982],
            [-0.16238729, 51.49876013]
          ]
        ]
      }
    },
    {
      "type": "Feature",
      "id": 151,
      "properties": {
        "feature_type": "unit",
        "level_id": 2,
        "name": "Salvatore Ferragamo",
        "category": "booth"
      },
      "geometry": {
        "type": "Polygon",
        "coordinates": [
          [
            [-0.1627634, 51.4991151],
            [-0.16281687, 51.49908297],
            [-0.16278887, 51.49906491],
            [-0.16279975, 51.49905838],
            [-0.16283237, 51.49903877],
            [-0.16284506, 51.49903115],
            [-0.16294916, 51.49909828],
            [-0.16284031, 51.49916289],
            [-0.1627634, 51.4991151]
          ]
        ]
      }
    },
    {
      "type": "Feature",
      "id": 152,
      "properties": {
        "feature_type": "unit",
        "level_id": 3,
        "name": "Bed Studio",
        "category": "booth"
      },
      "geometry": {
        "type": "Polygon",
        "coordinates": [
          [
            [-0.16362457, 51.49906079],
            [-0.16368281, 51.49902579],
            [-0.16370378, 51.49901319],
            [-0.16370946, 51.49900978],
            [-0.16370975, 51.4990096],
            [-0.16372516, 51.49900034],
            [-0.16383717, 51.49907144],
            [-0.16385609, 51.49908384],
            [-0.16391193, 51.49911919],
            [-0.16404233, 51.4990422],
            [-0.16422414, 51.49912732],
            [-0.16423269, 51.49913337],
            [-0.16424341, 51.49914757],
            [-0.16424493, 51.49915381],
            [-0.16424191, 51.49916855],
            [-0.16422972, 51.49918251],
            [-0.16422576, 51.49918559],
            [-0.16422399, 51.49918697],
            [-0.16401385, 51.49931184],
            [-0.16396749, 51.49928194],
            [-0.163966, 51.499281],
            [-0.16384196, 51.49920245],
            [-0.16382537, 51.49919062],
            [-0.16362457, 51.49906079]
          ]
        ]
      }
    },
    {
      "type": "Feature",
      "id": 153,
      "properties": {
        "feature_type": "unit",
        "level_id": 2,
        "name": "Men's Sports & Swim",
        "category": "booth"
      },
      "geometry": {
        "type": "Polygon",
        "coordinates": [
          [
            [-0.16267262, 51.49967752],
            [-0.16275781, 51.49962633],
            [-0.16277842, 51.49961394],
            [-0.16286021, 51.49956479],
            [-0.1630509, 51.4996867],
            [-0.16306935, 51.4996985],
            [-0.16320643, 51.49978614],
            [-0.16304047, 51.49988587],
            [-0.16298175, 51.499848],
            [-0.16295857, 51.49986193],
            [-0.16267262, 51.49967752]
          ]
        ]
      }
    },
    {
      "type": "Feature",
      "id": 154,
      "properties": {
        "feature_type": "unit",
        "level_id": 2,
        "name": "Isaia",
        "category": "booth"
      },
      "geometry": {
        "type": "Polygon",
        "coordinates": [
          [
            [-0.16268117, 51.49906206],
            [-0.16260331, 51.49901185],
            [-0.1626459, 51.49898626],
            [-0.16267827, 51.49900713],
            [-0.16271851, 51.49903308],
            [-0.16272463, 51.49903703],
            [-0.16271905, 51.4990402],
            [-0.16269295, 51.49905499],
            [-0.16268117, 51.49906206]
          ]
        ]
      }
    },
    {
      "type": "Feature",
      "id": 155,
      "properties": {
        "feature_type": "unit",
        "level_id": 2,
        "name": "Polo Ralph Lauren",
        "category": "booth"
      },
      "geometry": {
        "type": "Polygon",
        "coordinates": [
          [
            [-0.16271962, 51.49893106],
            [-0.16263914, 51.49887916],
            [-0.16270167, 51.49884158],
            [-0.16278128, 51.49889292],
            [-0.16275862, 51.49890653],
            [-0.16273322, 51.49892289],
            [-0.16271962, 51.49893106]
          ]
        ]
      }
    },
    {
      "type": "Feature",
      "id": 156,
      "properties": {
        "feature_type": "unit",
        "level_id": 5,
        "name": "Chanel",
        "category": "booth"
      },
      "geometry": {
        "type": "Polygon",
        "coordinates": [
          [
            [-0.16247529, 51.49934817],
            [-0.16262573, 51.49925777],
            [-0.16258111, 51.49922899],
            [-0.16259108, 51.499223],
            [-0.16256568, 51.49920667],
            [-0.16256489, 51.49920724],
            [-0.16256568, 51.49920775],
            [-0.16255662, 51.4992132],
            [-0.16253505, 51.49919923],
            [-0.16249238, 51.49918532],
            [-0.16235282, 51.49926919],
            [-0.16247529, 51.49934817]
          ]
        ]
      }
    },
    {
      "type": "Feature",
      "id": 157,
      "properties": {
        "feature_type": "unit",
        "level_id": -1,
        "name": "The Arcade",
        "category": "booth"
      },
      "geometry": {
        "type": "Polygon",
        "coordinates": [
          [
            [-0.16285869, 51.49953775],
            [-0.16283692, 51.4995254],
            [-0.16281537, 51.49951091],
            [-0.16280679, 51.49951585],
            [-0.16267887, 51.49943108],
            [-0.16287632, 51.49931768],
            [-0.16327179, 51.49958406],
            [-0.16327088, 51.4995846],
            [-0.16327176, 51.49958517],
            [-0.16314141, 51.49965809],
            [-0.16310056, 51.49966636],
            [-0.16307159, 51.49967574],
            [-0.16285869, 51.49953775]
          ]
        ]
      }
    },
    {
      "type": "Feature",
      "id": 158,
      "properties": {
        "feature_type": "unit",
        "level_id": 5,
        "name": "Gucci",
        "category": "booth"
      },
      "geometry": {
        "type": "Polygon",
        "coordinates": [
          [
            [-0.16274053, 51.49907325],
            [-0.16271697, 51.49908741],
            [-0.16285081, 51.49917373],
            [-0.16306922, 51.49904248],
            [-0.16297649, 51.49898268],
            [-0.16288496, 51.49903769],
            [-0.16286659, 51.49902584],
            [-0.16286481, 51.49902582],
            [-0.16281406, 51.49905632],
            [-0.16279131, 51.49904165],
            [-0.16276594, 51.4990569],
            [-0.16275719, 51.49905126],
            [-0.16273091, 51.49906705],
            [-0.16274053, 51.49907325]
          ]
        ]
      }
    },
    {
      "type": "Feature",
      "id": 159,
      "properties": {
        "feature_type": "unit",
        "level_id": 2,
        "name": "Brioni",
        "category": "booth"
      },
      "geometry": {
        "type": "Polygon",
        "coordinates": [
          [
            [-0.16292747, 51.49891381],
            [-0.1629223, 51.49891062],
            [-0.16288312, 51.49888647],
            [-0.162848, 51.49886481],
            [-0.16291143, 51.49882669],
            [-0.16298842, 51.49887634],
            [-0.16292747, 51.49891381]
          ]
        ]
      }
    },
    {
      "type": "Feature",
      "id": 160,
      "properties": {
        "feature_type": "unit",
        "level_id": 3,
        "name": "Halcyon Gallery",
        "category": "booth"
      },
      "geometry": {
        "type": "Polygon",
        "coordinates": [
          [
            [-0.16304455, 51.49944421],
            [-0.16284597, 51.49931614],
            [-0.16289482, 51.49928679],
            [-0.1628537, 51.49926027],
            [-0.16300686, 51.49916824],
            [-0.16324656, 51.49932282],
            [-0.163165, 51.49937183],
            [-0.16320261, 51.49939609],
            [-0.1631589, 51.49942209],
            [-0.16312203, 51.49939875],
            [-0.16304455, 51.49944421]
          ]
        ]
      }
    },
    {
      "type": "Feature",
      "id": 161,
      "properties": {
        "feature_type": "unit",
        "level_id": 3,
        "name": "Cookware & Appliances",
        "category": "booth"
      },
      "geometry": {
        "type": "Polygon",
        "coordinates": [
          [
            [-0.16230648, 51.49876736],
            [-0.16208461, 51.49870669],
            [-0.16214942, 51.49861567],
            [-0.16216312, 51.49860383],
            [-0.16217441, 51.49859792],
            [-0.16219677, 51.49859259],
            [-0.16255265, 51.49857445],
            [-0.16256315, 51.49861493],
            [-0.16257354, 51.49861269],
            [-0.16258396, 51.49868889],
            [-0.16256878, 51.49869039],
            [-0.1625685, 51.4987043],
            [-0.16246251, 51.49882509],
            [-0.16233081, 51.4987887],
            [-0.16229944, 51.49877702],
            [-0.16230648, 51.49876736]
          ]
        ]
      }
    },
    {
      "type": "Feature",
      "id": 162,
      "properties": {
        "feature_type": "unit",
        "level_id": 5,
        "name": "Jimmy Choo",
        "category": "booth"
      },
      "geometry": {
        "type": "Polygon",
        "coordinates": [
          [
            [-0.16181618, 51.49927184],
            [-0.16174888, 51.49936372],
            [-0.1618391, 51.49941593],
            [-0.16187361, 51.49939514],
            [-0.16196867, 51.49926196],
            [-0.16191937, 51.49924961],
            [-0.16188358, 51.49929358],
            [-0.16187207, 51.49929045],
            [-0.16191021, 51.4992421],
            [-0.16188913, 51.4992345],
            [-0.16185542, 51.49922287],
            [-0.16181618, 51.49927184]
          ]
        ]
      }
    },
    {
      "type": "Feature",
      "id": 163,
      "properties": {
        "feature_type": "unit",
        "level_id": 5,
        "name": "Malone Souliers",
        "category": "booth"
      },
      "geometry": {
        "type": "Polygon",
        "coordinates": [
          [
            [-0.16217279, 51.49867437],
            [-0.16225166, 51.49869729],
            [-0.16225887, 51.49868698],
            [-0.16225944, 51.49868247],
            [-0.16225502, 51.49865315],
            [-0.16224762, 51.4986537],
            [-0.16223907, 51.49860211],
            [-0.16223696, 51.49858934],
            [-0.16221682, 51.49858981],
            [-0.16219499, 51.49859031],
            [-0.16215548, 51.49860577],
            [-0.16214259, 51.49862283],
            [-0.16219771, 51.49863593],
            [-0.16217279, 51.49867437]
          ]
        ]
      }
    },
    {
      "type": "Feature",
      "id": 164,
      "properties": {
        "feature_type": "unit",
        "level_id": 5,
        "name": "Amina Muaddi",
        "category": "booth"
      },
      "geometry": {
        "type": "Polygon",
        "coordinates": [
          [
            [-0.16252831, 51.49904929],
            [-0.16259567, 51.49909273],
            [-0.16260385, 51.49907855],
            [-0.16261887, 51.49906802],
            [-0.16262096, 51.49906703],
            [-0.16265364, 51.49905899],
            [-0.16267235, 51.49905864],
            [-0.16267688, 51.49905592],
            [-0.16268651, 51.49906212],
            [-0.16271188, 51.49904688],
            [-0.16270226, 51.49904067],
            [-0.16271132, 51.49903522],
            [-0.16269995, 51.49902789],
            [-0.16270992, 51.4990219],
            [-0.16268455, 51.49900554],
            [-0.16267458, 51.49901153],
            [-0.16263434, 51.49898558],
            [-0.16252831, 51.49904929]
          ]
        ]
      }
    },
    {
      "type": "Feature",
      "id": 165,
      "properties": {
        "feature_type": "unit",
        "level_id": 5,
        "name": "Samsung",
        "category": "booth"
      },
      "geometry": {
        "type": "Polygon",
        "coordinates": [
          [
            [-0.16359721, 51.49930283],
            [-0.1634485, 51.49920692],
            [-0.1632609, 51.49931965],
            [-0.16340962, 51.49941556],
            [-0.16359721, 51.49930283]
          ]
        ]
      }
    },
    {
      "type": "Feature",
      "id": 166,
      "properties": {
        "feature_type": "unit",
        "level_id": 5,
        "name": "Dyson",
        "category": "booth"
      },
      "geometry": {
        "type": "Polygon",
        "coordinates": [
          [
            [-0.16370853, 51.49949405],
            [-0.16372408, 51.49948486],
            [-0.16371767, 51.49948058],
            [-0.16369721, 51.4994669],
            [-0.16367996, 51.49945537],
            [-0.16375951, 51.49940815],
            [-0.16362171, 51.49931862],
            [-0.16352579, 51.49937626],
            [-0.16370853, 51.49949405]
          ]
        ]
      }
    },
    {
      "type": "Feature",
      "id": 167,
      "properties": {
        "feature_type": "unit",
        "level_id": 5,
        "name": "Balenciaga",
        "category": "booth"
      },
      "geometry": {
        "type": "Polygon",
        "coordinates": [
          [
            [-0.16225035, 51.49858896],
            [-0.16225892, 51.49865294],
            [-0.16238702, 51.49864287],
            [-0.16237466, 51.49858231],
            [-0.16225035, 51.49858896]
          ]
        ]
      }
    },
    {
      "type": "Feature",
      "id": 168,
      "properties": {
        "feature_type": "unit",
        "level_id": 2,
        "name": "Men's Outdoor",
        "category": "booth"
      },
      "geometry": {
        "type": "Polygon",
        "coordinates": [
          [
            [-0.16298816, 51.49986407],
            [-0.16303001, 51.49989106],
            [-0.16288857, 51.49997484],
            [-0.16288073, 51.49997826],
            [-0.1628549, 51.49998474],
            [-0.16284845, 51.49998524],
            [-0.1628242, 51.49998335],
            [-0.16281799, 51.49998182],
            [-0.16279626, 51.49997308],
            [-0.16278665, 51.49996782],
            [-0.16257875, 51.49984618],
            [-0.1626286, 51.49981623],
            [-0.16261897, 51.49981002],
            [-0.16257078, 51.49983898],
            [-0.16254858, 51.49982663],
            [-0.16258432, 51.49980573],
            [-0.16260903, 51.49979108],
            [-0.16254868, 51.499752],
            [-0.16259559, 51.49972381],
            [-0.16261371, 51.49971292],
            [-0.16266265, 51.49968351],
            [-0.16285248, 51.49980593],
            [-0.16287085, 51.49981778],
            [-0.16296096, 51.49987589],
            [-0.16298233, 51.49986304],
            [-0.16298816, 51.49986407]
          ]
        ]
      }
    },
    {
      "type": "Feature",
      "id": 169,
      "properties": {
        "feature_type": "unit",
        "level_id": 2,
        "name": "Kiton",
        "category": "booth"
      },
      "geometry": {
        "type": "Polygon",
        "coordinates": [
          [
            [-0.16305788, 51.49903404],
            [-0.16298022, 51.49898396],
            [-0.16300192, 51.49897086],
            [-0.16307065, 51.49892937],
            [-0.16314851, 51.49897958],
            [-0.16305788, 51.49903404]
          ]
        ]
      }
    },
    {
      "type": "Feature",
      "id": 170,
      "properties": {
        "feature_type": "unit",
        "level_id": 5,
        "name": "Gaming",
        "category": "booth"
      },
      "geometry": {
        "type": "Polygon",
        "coordinates": [
          [
            [-0.16306515, 51.49943728],
            [-0.16321387, 51.49953319],
            [-0.16339965, 51.49942155],
            [-0.16325093, 51.49932564],
            [-0.16306515, 51.49943728]
          ]
        ]
      }
    },
    {
      "type": "Feature",
      "id": 171,
      "properties": {
        "feature_type": "unit",
        "level_id": 5,
        "name": "Therabody",
        "category": "booth"
      },
      "geometry": {
        "type": "Polygon",
        "coordinates": [
          [
            [-0.1636123, 51.49917933],
            [-0.16361667, 51.49918215],
            [-0.16352184, 51.49923913],
            [-0.16352168, 51.49923989],
            [-0.16352184, 51.49924067],
            [-0.16363232, 51.49931224],
            [-0.16381364, 51.49942998],
            [-0.1640021, 51.49931781],
            [-0.16381927, 51.4991999],
            [-0.16379387, 51.49918465],
            [-0.16371864, 51.49913613],
            [-0.16372951, 51.4991296],
            [-0.16380474, 51.49917812],
            [-0.16382867, 51.49916262],
            [-0.16375842, 51.4991155],
            [-0.16374802, 51.49909777],
            [-0.1636123, 51.49917933]
          ]
        ]
      }
    },
    {
      "type": "Feature",
      "id": 172,
      "properties": {
        "feature_type": "unit",
        "level_id": 5,
        "name": "Vision",
        "category": "booth"
      },
      "geometry": {
        "type": "Polygon",
        "coordinates": [
          [
            [-0.16303989, 51.49966825],
            [-0.16317661, 51.49975642],
            [-0.16321501, 51.49973332],
            [-0.16324119, 51.49971758],
            [-0.16327635, 51.4997401],
            [-0.16328195, 51.49974369],
            [-0.16340685, 51.49967006],
            [-0.16322927, 51.49955554],
            [-0.16322839, 51.49955497],
            [-0.16303989, 51.49966825]
          ]
        ]
      }
    },
    {
      "type": "Feature",
      "id": 173,
      "properties": {
        "feature_type": "unit",
        "level_id": 5,
        "name": "Imaging",
        "category": "booth"
      },
      "geometry": {
        "type": "Polygon",
        "coordinates": [
          [
            [-0.16412714, 51.49924377],
            [-0.16396792, 51.49914109],
            [-0.16409582, 51.49906435],
            [-0.16406826, 51.49905157],
            [-0.16399233, 51.499097],
            [-0.1639276, 51.49905525],
            [-0.16390947, 51.49906614],
            [-0.16389769, 51.49907322],
            [-0.1638452, 51.49903937],
            [-0.16381983, 51.49905462],
            [-0.16380233, 51.49904333],
            [-0.16378095, 51.49902954],
            [-0.16374348, 51.4990524],
            [-0.16372652, 51.49906112],
            [-0.16373839, 51.49908135],
            [-0.16374802, 51.49909777],
            [-0.16375842, 51.4991155],
            [-0.16382867, 51.49916262],
            [-0.16380474, 51.49917812],
            [-0.16382921, 51.49919502],
            [-0.16401117, 51.49931237],
            [-0.16412714, 51.49924377]
          ]
        ]
      }
    },
    {
      "type": "Feature",
      "id": 174,
      "properties": {
        "feature_type": "unit",
        "level_id": 3,
        "name": "Demonstration Kitchen",
        "category": "booth"
      },
      "geometry": {
        "type": "Polygon",
        "coordinates": [
          [
            [-0.16258396, 51.49868889],
            [-0.16256767, 51.49857225],
            [-0.16271604, 51.49856493],
            [-0.16272856, 51.49863644],
            [-0.16274093, 51.49863505],
            [-0.16274594, 51.49865797],
            [-0.162724, 51.4986589],
            [-0.16272918, 51.49869936],
            [-0.16259132, 51.49871077],
            [-0.16258858, 51.49870955],
            [-0.16258396, 51.49868889]
          ]
        ]
      }
    },
    {
      "type": "Feature",
      "id": 175,
      "properties": {
        "feature_type": "unit",
        "level_id": 5,
        "name": "Saint Laurent",
        "category": "booth"
      },
      "geometry": {
        "type": "Polygon",
        "coordinates": [
          [
            [-0.16281615, 51.49904525],
            [-0.16285784, 51.4990202],
            [-0.16275024, 51.4989508],
            [-0.16270765, 51.4989764],
            [-0.16271989, 51.4989843],
            [-0.16271083, 51.49898974],
            [-0.1627362, 51.49900611],
            [-0.16274617, 51.49900012],
            [-0.16281615, 51.49904525]
          ]
        ]
      }
    },
    {
      "type": "Feature",
      "id": 176,
      "properties": {
        "feature_type": "unit",
        "level_id": 2,
        "name": "Dolce & Gabbana",
        "category": "booth"
      },
      "geometry": {
        "type": "Polygon",
        "coordinates": [
          [
            [-0.16236217, 51.49944993],
            [-0.16234318, 51.49946134],
            [-0.16230075, 51.49948684],
            [-0.16229807, 51.49948681],
            [-0.1621795, 51.49941257],
            [-0.16220125, 51.4993995],
            [-0.16223115, 51.49938153],
            [-0.16230275, 51.49933851],
            [-0.16242085, 51.49941467],
            [-0.16236217, 51.49944993]
          ]
        ]
      }
    },
    {
      "type": "Feature",
      "id": 177,
      "properties": {
        "feature_type": "unit",
        "level_id": 5,
        "name": "Leica",
        "category": "booth"
      },
      "geometry": {
        "type": "Polygon",
        "coordinates": [
          [
            [-0.16406826, 51.49905157],
            [-0.16399375, 51.49901549],
            [-0.1639276, 51.49905525],
            [-0.16399233, 51.499097],
            [-0.16406826, 51.49905157]
          ]
        ]
      }
    },
    {
      "type": "Feature",
      "id": 178,
      "properties": {
        "feature_type": "unit",
        "level_id": 5,
        "name": "Shoe Heaven-Hermes",
        "category": "booth"
      },
      "geometry": {
        "type": "Polygon",
        "coordinates": [
          [
            [-0.16233553, 51.49946601],
            [-0.16238655, 51.49949343],
            [-0.16237897, 51.49949897],
            [-0.16233364, 51.49953307],
            [-0.16234247, 51.49953874],
            [-0.16233985, 51.4995406],
            [-0.16234802, 51.49954601],
            [-0.16235159, 51.49954365],
            [-0.16235366, 51.49954519],
            [-0.16239954, 51.49951259],
            [-0.1624364, 51.49953707],
            [-0.16246137, 51.49952265],
            [-0.16248241, 51.49953721],
            [-0.16263861, 51.4994453],
            [-0.16258971, 51.49941168],
            [-0.16257927, 51.4994181],
            [-0.16257456, 51.49941507],
            [-0.16260578, 51.49939664],
            [-0.16263668, 51.49941696],
            [-0.16265371, 51.49940686],
            [-0.16265116, 51.49940511],
            [-0.16262677, 51.4993895],
            [-0.16263195, 51.49938648],
            [-0.16263201, 51.49938548],
            [-0.16260087, 51.49936444],
            [-0.16259832, 51.49936459],
            [-0.16259358, 51.4993673],
            [-0.16254912, 51.49933723],
            [-0.16254137, 51.49934226],
            [-0.16253265, 51.49934754],
            [-0.16258059, 51.49937941],
            [-0.16254947, 51.4993979],
            [-0.16254611, 51.49939562],
            [-0.16255433, 51.49939055],
            [-0.16251007, 51.49936122],
            [-0.16249129, 51.49937259],
            [-0.16252267, 51.4993928],
            [-0.16241212, 51.49947044],
            [-0.16236781, 51.49944734],
            [-0.16233553, 51.49946601]
          ]
        ]
      }
    },
    {
      "type": "Feature",
      "id": 179,
      "properties": {
        "feature_type": "unit",
        "level_id": 2,
        "name": "Men's Shoes & Accessories",
        "category": "booth"
      },
      "geometry": {
        "type": "Polygon",
        "coordinates": [
          [
            [-0.16276792, 51.49960717],
            [-0.16274731, 51.49961956],
            [-0.16266303, 51.4996702],
            [-0.16255111, 51.49959881],
            [-0.16254927, 51.49959797],
            [-0.1625393, 51.49960396],
            [-0.16265215, 51.49967674],
            [-0.16258509, 51.49971704],
            [-0.16247268, 51.49978568],
            [-0.16219318, 51.49962123],
            [-0.16231827, 51.49954497],
            [-0.16238534, 51.49950467],
            [-0.1625218, 51.49959268],
            [-0.16253269, 51.49958614],
            [-0.16239709, 51.4994987],
            [-0.16248137, 51.49944805],
            [-0.16258287, 51.49938706],
            [-0.16260127, 51.4993978],
            [-0.16260214, 51.49939836],
            [-0.16271937, 51.49947396],
            [-0.16273002, 51.49946756],
            [-0.16262882, 51.49940456],
            [-0.16264676, 51.49939338],
            [-0.16275084, 51.49933188],
            [-0.16278162, 51.4993522],
            [-0.16281025, 51.49933518],
            [-0.16285048, 51.49931126],
            [-0.16291024, 51.4993498],
            [-0.16291784, 51.4993547],
            [-0.16293533, 51.49936598],
            [-0.16292716, 51.49937089],
            [-0.16307778, 51.49946893],
            [-0.16298064, 51.4995273],
            [-0.1628293, 51.4994297],
            [-0.16274774, 51.49947871],
            [-0.16273686, 51.49948524],
            [-0.16265507, 51.4995344],
            [-0.16276792, 51.49960717]
          ]
        ]
      }
    },
    {
      "type": "Feature",
      "id": 180,
      "properties": {
        "feature_type": "unit",
        "level_id": 5,
        "name": "Bottega Veneta",
        "category": "booth"
      },
      "geometry": {
        "type": "Polygon",
        "coordinates": [
          [
            [-0.16219458, 51.49877891],
            [-0.16221939, 51.49874344],
            [-0.16208348, 51.49870325],
            [-0.162056, 51.49874108],
            [-0.16219458, 51.49877891]
          ]
        ]
      }
    },
    {
      "type": "Feature",
      "id": 181,
      "properties": {
        "feature_type": "unit",
        "level_id": 5,
        "name": "Technology",
        "category": "booth"
      },
      "geometry": {
        "type": "Polygon",
        "coordinates": [
          [
            [-0.16283609, 51.49953569],
            [-0.1630163, 51.49965191],
            [-0.16315635, 51.49956758],
            [-0.16297503, 51.49945219],
            [-0.16283609, 51.49953569]
          ]
        ]
      }
    },
    {
      "type": "Feature",
      "id": 182,
      "properties": {
        "feature_type": "unit",
        "level_id": 2,
        "name": "Burberry",
        "category": "booth"
      },
      "geometry": {
        "type": "Polygon",
        "coordinates": [
          [
            [-0.16217529, 51.49892099],
            [-0.16221931, 51.49885679],
            [-0.16238988, 51.4989047],
            [-0.16234206, 51.49895741],
            [-0.16225905, 51.4989321],
            [-0.16222951, 51.49896837],
            [-0.1621544, 51.49894703],
            [-0.16217529, 51.49892099]
          ]
        ]
      }
    },
    {
      "type": "Feature",
      "id": 183,
      "properties": {
        "feature_type": "unit",
        "level_id": 2,
        "name": "Giorgio Armani",
        "category": "booth"
      },
      "geometry": {
        "type": "Polygon",
        "coordinates": [
          [
            [-0.16255667, 51.49892871],
            [-0.16259516, 51.49895354],
            [-0.16260241, 51.49894918],
            [-0.16262145, 51.49893774],
            [-0.16262688, 51.49893448],
            [-0.16258839, 51.49890965],
            [-0.16263189, 51.49888351],
            [-0.16271237, 51.49893542],
            [-0.16270059, 51.4989425],
            [-0.16270108, 51.49894282],
            [-0.16270759, 51.49894701],
            [-0.16268493, 51.49896062],
            [-0.16268406, 51.49896006],
            [-0.16267968, 51.49895724],
            [-0.16267938, 51.49895705],
            [-0.16267243, 51.4989616],
            [-0.16266106, 51.49895426],
            [-0.16265381, 51.49895862],
            [-0.16263478, 51.49897005],
            [-0.16262753, 51.49897441],
            [-0.1626389, 51.49898174],
            [-0.16259631, 51.49900734],
            [-0.16251408, 51.49895431],
            [-0.16255667, 51.49892871]
          ]
        ]
      }
    },
    {
      "type": "Feature",
      "id": 184,
      "properties": {
        "feature_type": "unit",
        "level_id": 3,
        "name": "Luxury Home",
        "category": "booth"
      },
      "geometry": {
        "type": "Polygon",
        "coordinates": [
          [
            [-0.16229753, 51.49933401],
            [-0.16227304, 51.49931822],
            [-0.16228301, 51.49931223],
            [-0.16218065, 51.49924622],
            [-0.1623217, 51.49915978],
            [-0.16235378, 51.49914109],
            [-0.16250603, 51.4990496],
            [-0.16277285, 51.49922167],
            [-0.16244569, 51.49941827],
            [-0.16230659, 51.49932857],
            [-0.16229753, 51.49933401]
          ]
        ]
      }
    },
    {
      "type": "Feature",
      "id": 185,
      "properties": {
        "feature_type": "unit",
        "level_id": 5,
        "name": "Christian Louboutin",
        "category": "booth"
      },
      "geometry": {
        "type": "Polygon",
        "coordinates": [
          [
            [-0.16234141, 51.49926296],
            [-0.16248526, 51.49917605],
            [-0.16248509, 51.4991691],
            [-0.16245864, 51.49915001],
            [-0.1624677, 51.49914457],
            [-0.16246858, 51.49914513],
            [-0.16246941, 51.49914462],
            [-0.16244412, 51.49912822],
            [-0.16235077, 51.49918432],
            [-0.16234465, 51.49918037],
            [-0.16227668, 51.49922121],
            [-0.16234141, 51.49926296]
          ]
        ]
      }
    },
    {
      "type": "Feature",
      "id": 186,
      "properties": {
        "feature_type": "unit",
        "level_id": 5,
        "name": "Audio",
        "category": "booth"
      },
      "geometry": {
        "type": "Polygon",
        "coordinates": [
          [
            [-0.16341682, 51.49966407],
            [-0.16360348, 51.499553],
            [-0.16342502, 51.49943791],
            [-0.16342414, 51.49943734],
            [-0.16323836, 51.49954898],
            [-0.16323924, 51.49954955],
            [-0.16341682, 51.49966407]
          ]
        ]
      }
    },
    {
      "type": "Feature",
      "id": 187,
      "properties": {
        "feature_type": "unit",
        "level_id": 5,
        "name": "Rene Caovilla",
        "category": "booth"
      },
      "geometry": {
        "type": "Polygon",
        "coordinates": [
          [
            [-0.16188827, 51.49939105],
            [-0.1620073, 51.4993193],
            [-0.16200174, 51.49931572],
            [-0.16207778, 51.49926988],
            [-0.16206905, 51.49926751],
            [-0.16207084, 51.49926491],
            [-0.16202747, 51.49925369],
            [-0.16197951, 51.49926064],
            [-0.16188827, 51.49939105]
          ]
        ]
      }
    },
    {
      "type": "Feature",
      "id": 188,
      "properties": {
        "feature_type": "unit",
        "level_id": 5,
        "name": "Prada",
        "category": "booth"
      },
      "geometry": {
        "type": "Polygon",
        "coordinates": [
          [
            [-0.16259623, 51.49910439],
            [-0.16239415, 51.49897406],
            [-0.16233252, 51.4990111],
            [-0.16247751, 51.49910641],
            [-0.16247449, 51.49910888],
            [-0.16246952, 51.49911187],
            [-0.16249399, 51.49912877],
            [-0.16250486, 51.49912224],
            [-0.16252586, 51.49913578],
            [-0.16253504, 51.49913978],
            [-0.16253575, 51.49913964],
            [-0.16255364, 51.49912998],
            [-0.16256326, 51.49913619],
            [-0.16258863, 51.49912094],
            [-0.16257901, 51.49911473],
            [-0.16259623, 51.49910439]
          ]
        ]
      }
    },
    {
      "type": "Feature",
      "id": 189,
      "properties": {
        "feature_type": "unit",
        "level_id": 3,
        "name": "Luxury Linens",
        "category": "booth"
      },
      "geometry": {
        "type": "Polygon",
        "coordinates": [
          [
            [-0.16275902, 51.49911228],
            [-0.16259981, 51.4990096],
            [-0.16264965, 51.49897964],
            [-0.16264003, 51.49897344],
            [-0.16258928, 51.49900394],
            [-0.16251492, 51.49895598],
            [-0.1626137, 51.49889662],
            [-0.16268719, 51.49894401],
            [-0.16265728, 51.49896198],
            [-0.16266778, 51.49896875],
            [-0.16290793, 51.49882444],
            [-0.16306802, 51.49892768],
            [-0.16298555, 51.49897724],
            [-0.16299518, 51.49898344],
            [-0.16307765, 51.49893388],
            [-0.16315026, 51.49898071],
            [-0.16305419, 51.49903844],
            [-0.16303429, 51.49904931],
            [-0.16284125, 51.49916531],
            [-0.16277147, 51.49911962],
            [-0.16281936, 51.49908909],
            [-0.16280887, 51.49908232],
            [-0.16275902, 51.49911228]
          ]
        ]
      }
    },
    {
      "type": "Feature",
      "id": 190,
      "properties": {
        "feature_type": "unit",
        "level_id": 2,
        "name": "Fendi",
        "category": "booth"
      },
      "geometry": {
        "type": "Polygon",
        "coordinates": [
          [
            [-0.16196607, 51.49911687],
            [-0.16194508, 51.49914974],
            [-0.16193621, 51.49915971],
            [-0.1619141, 51.49919061],
            [-0.16177534, 51.49915193],
            [-0.16184404, 51.49905397],
            [-0.16198367, 51.49909322],
            [-0.16196607, 51.49911687]
          ]
        ]
      }
    },
    {
      "type": "Feature",
      "id": 191,
      "properties": {
        "feature_type": "unit",
        "level_id": 2,
        "name": "Men's International Designer",
        "category": "booth"
      },
      "geometry": {
        "type": "Polygon",
        "coordinates": [
          [
            [-0.16325906, 51.49887401],
            [-0.16319771, 51.49884648],
            [-0.1631943, 51.49884911],
            [-0.16319134, 51.4988514],
            [-0.16323533, 51.49887074],
            [-0.16317859, 51.49892266],
            [-0.16317455, 51.49892508],
            [-0.16317289, 51.4989253],
            [-0.163145, 51.49891337],
            [-0.16314496, 51.49891148],
            [-0.16315333, 51.49890366],
            [-0.16308072, 51.49885684],
            [-0.16312532, 51.4988235],
            [-0.16315263, 51.49883433],
            [-0.16315397, 51.49883326],
            [-0.16315809, 51.49882996],
            [-0.16312463, 51.49881519],
            [-0.16310267, 51.4988055],
            [-0.16305744, 51.49878648],
            [-0.16304964, 51.4987905],
            [-0.16309014, 51.49880758],
            [-0.16303957, 51.4988478],
            [-0.16297581, 51.49880541],
            [-0.16296383, 51.49879744],
            [-0.16290721, 51.4987598],
            [-0.16293071, 51.49874505],
            [-0.16301003, 51.49877398],
            [-0.16301354, 51.49876939],
            [-0.16291642, 51.49872987],
            [-0.16286286, 51.49871747],
            [-0.16279584, 51.49867492],
            [-0.16277051, 51.49867597],
            [-0.16274181, 51.49867924],
            [-0.16273895, 51.49865611],
            [-0.16272981, 51.49863383],
            [-0.16283635, 51.4986209],
            [-0.16284547, 51.49862016],
            [-0.16285255, 51.49862048],
            [-0.16287163, 51.49862828],
            [-0.16287982, 51.49862227],
            [-0.1628583, 51.49861219],
            [-0.16285598, 51.49861173],
            [-0.1627413, 51.49862247],
            [-0.16274041, 51.49862201],
            [-0.16273324, 51.49856251],
            [-0.1628216, 51.49856252],
            [-0.162839, 51.49856421],
            [-0.1628562, 51.49856633],
            [-0.16296185, 51.49858387],
            [-0.16302905, 51.49860112],
            [-0.16302972, 51.49860283],
            [-0.16302903, 51.49860472],
            [-0.16297532, 51.49865351],
            [-0.16296693, 51.49866038],
            [-0.16294496, 51.4986496],
            [-0.16293789, 51.49865712],
            [-0.16297776, 51.49867467],
            [-0.16298542, 51.49866779],
            [-0.16298034, 51.498662],
            [-0.16304337, 51.49860355],
            [-0.16314582, 51.49863462],
            [-0.16306813, 51.49870419],
            [-0.16302805, 51.49868693],
            [-0.16301948, 51.49869201],
            [-0.16306546, 51.49871201],
            [-0.16307719, 51.49871662],
            [-0.16308659, 51.49871272],
            [-0.16307694, 51.49870762],
            [-0.16315533, 51.49863884],
            [-0.16328102, 51.49868224],
            [-0.16330149, 51.49869109],
            [-0.16328444, 51.49870963],
            [-0.1632701, 51.49872146],
            [-0.16321042, 51.49877547],
            [-0.16330994, 51.49881823],
            [-0.16331378, 51.49881228],
            [-0.16327493, 51.49879353],
            [-0.16336359, 51.4987141],
            [-0.16346386, 51.49875956],
            [-0.16337523, 51.49883789],
            [-0.16335767, 51.49882882],
            [-0.16334902, 51.49883506],
            [-0.16334857, 51.49883538],
            [-0.16338816, 51.49885301],
            [-0.16338902, 51.49885238],
            [-0.16339635, 51.498847],
            [-0.16338404, 51.49884131],
            [-0.16346954, 51.49876516],
            [-0.16347354, 51.49876423],
            [-0.16353947, 51.49879478],
            [-0.16345268, 51.49887091],
            [-0.16343597, 51.49886351],
            [-0.16342788, 51.49886945],
            [-0.16346848, 51.49888754],
            [-0.16347643, 51.4988817],
            [-0.16346149, 51.49887433],
            [-0.16354828, 51.4987982],
            [-0.16361094, 51.49883115],
            [-0.1635301, 51.49890503],
            [-0.16351604, 51.49889822],
            [-0.16350982, 51.49890513],
            [-0.16353038, 51.49891453],
            [-0.1635445, 51.49892036],
            [-0.16355297, 51.49891526],
            [-0.16353892, 51.49890845],
            [-0.16362208, 51.4988345],
            [-0.16368797, 51.49886684],
            [-0.16360665, 51.49893859],
            [-0.16359259, 51.49893178],
            [-0.16358414, 51.49893679],
            [-0.16358511, 51.49893727],
            [-0.1635844, 51.49893779],
            [-0.16361343, 51.49895087],
            [-0.163617, 51.49894562],
            [-0.16370459, 51.49887398],
            [-0.16378639, 51.4989145],
            [-0.16365512, 51.49896826],
            [-0.16359315, 51.49902353],
            [-0.16361495, 51.49903619],
            [-0.16363266, 51.49904304],
            [-0.16364539, 51.49905146],
            [-0.16362173, 51.49906478],
            [-0.16358534, 51.49904167],
            [-0.16355753, 51.49906134],
            [-0.16352987, 51.49907921],
            [-0.16351691, 51.49908611],
            [-0.16350406, 51.49909463],
            [-0.16353224, 51.499113],
            [-0.16350085, 51.49913186],
            [-0.16346499, 51.49910873],
            [-0.16342476, 51.4991329],
            [-0.16337694, 51.49910215],
            [-0.16335717, 51.49908944],
            [-0.16338703, 51.49907131],
            [-0.1634916, 51.49897504],
            [-0.16346926, 51.49896483],
            [-0.1634652, 51.4989643],
            [-0.16346326, 51.49896432],
            [-0.16345965, 51.49896505],
            [-0.16345801, 51.49896579],
            [-0.16347759, 51.49897517],
            [-0.16346113, 51.49899039],
            [-0.16341244, 51.4990335],
            [-0.16331396, 51.49898806],
            [-0.16337793, 51.49893109],
            [-0.16341751, 51.49894871],
            [-0.16342295, 51.49894544],
            [-0.16342217, 51.49894499],
            [-0.16341833, 51.49894275],
            [-0.16341232, 51.49893978],
            [-0.16338551, 51.49892869],
            [-0.16337445, 51.49892321],
            [-0.16337115, 51.49892201],
            [-0.16336577, 51.49892149],
            [-0.16336486, 51.4989226],
            [-0.16336462, 51.49892448],
            [-0.16336519, 51.49892552],
            [-0.16336821, 51.49892821],
            [-0.16330424, 51.49898518],
            [-0.16318111, 51.49892948],
            [-0.16324414, 51.49887416],
            [-0.16325379, 51.49887926],
            [-0.16326104, 51.4988749],
            [-0.16325906, 51.49887401]
          ]
        ]
      }
    },
    {
      "type": "Feature",
      "id": 192,
      "properties": {
        "feature_type": "unit",
        "level_id": 3,
        "name": "Ralph Lauren Home & Furniture",
        "category": "booth"
      },
      "geometry": {
        "type": "Polygon",
        "coordinates": [
          [
            [-0.16319517, 51.49904744],
            [-0.16323541, 51.4990734],
            [-0.16336455, 51.49915165],
            [-0.16317605, 51.49926492],
            [-0.16306932, 51.4991961],
            [-0.16305185, 51.4991837],
            [-0.16301774, 51.4991617],
            [-0.16311742, 51.4991018],
            [-0.16313079, 51.49909288],
            [-0.16318146, 51.49906332],
            [-0.16319517, 51.49904744]
          ]
        ]
      }
    },
    {
      "type": "Feature",
      "id": 193,
      "properties": {
        "feature_type": "unit",
        "level_id": 2,
        "name": "Men's Sunglasses",
        "category": "booth"
      },
      "geometry": {
        "type": "Polygon",
        "coordinates": [
          [
            [-0.1629453, 51.49935999],
            [-0.16303049, 51.4993088],
            [-0.16314243, 51.49938212],
            [-0.16305815, 51.49943277],
            [-0.1629453, 51.49935999]
          ]
        ]
      }
    },
    {
      "type": "Feature",
      "id": 194,
      "properties": {
        "feature_type": "unit",
        "level_id": 5,
        "name": "Smart Home",
        "category": "booth"
      },
      "geometry": {
        "type": "Polygon",
        "coordinates": [
          [
            [-0.16352579, 51.49937626],
            [-0.16343411, 51.49943135],
            [-0.16343499, 51.49943192],
            [-0.16361607, 51.4995487],
            [-0.16370853, 51.49949405],
            [-0.16352579, 51.49937626]
          ]
        ]
      }
    },
    {
      "type": "Feature",
      "id": 195,
      "properties": {
        "feature_type": "unit",
        "level_id": 5,
        "name": "McQueen",
        "category": "booth"
      },
      "geometry": {
        "type": "Polygon",
        "coordinates": [
          [
            [-0.1624009, 51.49864179],
            [-0.16247856, 51.49863574],
            [-0.16247663, 51.49862535],
            [-0.16249264, 51.4986246],
            [-0.16249369, 51.49863166],
            [-0.16253936, 51.49862909],
            [-0.16253353, 51.4985738],
            [-0.16238949, 51.49858151],
            [-0.1624009, 51.49864179]
          ]
        ]
      }
    },
    {
      "type": "Feature",
      "id": 196,
      "properties": {
        "feature_type": "unit",
        "level_id": 3,
        "name": "Fragrance & Lalique",
        "category": "booth"
      },
      "geometry": {
        "type": "Polygon",
        "coordinates": [
          [
            [-0.16283935, 51.49953969],
            [-0.16286321, 51.49955318],
            [-0.16265812, 51.49967642],
            [-0.16263486, 51.49966256],
            [-0.16238298, 51.49949996],
            [-0.16239507, 51.49949056],
            [-0.16241589, 51.49947576],
            [-0.16242804, 51.49948208],
            [-0.16259401, 51.49938145],
            [-0.16261226, 51.49939337],
            [-0.16260302, 51.49939893],
            [-0.16265813, 51.49943447],
            [-0.16266738, 51.49942891],
            [-0.1626849, 51.49944009],
            [-0.16267403, 51.49944662],
            [-0.16282847, 51.49954623],
            [-0.16283935, 51.49953969]
          ]
        ]
      }
    },
    {
      "type": "Feature",
      "id": 197,
      "properties": {
        "feature_type": "unit",
        "level_id": 3,
        "name": "Dining Accessories",
        "category": "booth"
      },
      "geometry": {
        "type": "Polygon",
        "coordinates": [
          [
            [-0.16296646, 51.49858561],
            [-0.16313257, 51.49863059],
            [-0.16307555, 51.4986979],
            [-0.16299143, 51.49879925],
            [-0.1629059, 51.49874514],
            [-0.16288129, 51.49875964],
            [-0.16283821, 51.49873199],
            [-0.16285568, 51.49872117],
            [-0.16277612, 51.49867088],
            [-0.16278118, 51.49866762],
            [-0.16277714, 51.49866539],
            [-0.16277059, 51.49866956],
            [-0.16277104, 51.4986818],
            [-0.16274944, 51.49868158],
            [-0.16274594, 51.49865797],
            [-0.16274093, 51.49863505],
            [-0.16273528, 51.49856366],
            [-0.16288485, 51.4985707],
            [-0.16296646, 51.49858561]
          ]
        ]
      }
    },
    {
      "type": "Feature",
      "id": 198,
      "properties": {
        "feature_type": "unit",
        "level_id": 5,
        "name": "Dior",
        "category": "booth"
      },
      "geometry": {
        "type": "Polygon",
        "coordinates": [
          [
            [-0.16195554, 51.4991937],
            [-0.16210588, 51.49923987],
            [-0.16213299, 51.49919921],
            [-0.16220896, 51.4990917],
            [-0.16213994, 51.49904835],
            [-0.16214991, 51.49904236],
            [-0.16214556, 51.49903956],
            [-0.16212454, 51.499026],
            [-0.16211457, 51.49903199],
            [-0.16210765, 51.49902794],
            [-0.16210424, 51.49902554],
            [-0.16210293, 51.49902429],
            [-0.16210172, 51.49902198],
            [-0.16210102, 51.49902144],
            [-0.16211215, 51.49900247],
            [-0.16209511, 51.49899573],
            [-0.16195554, 51.4991937]
          ]
        ]
      }
    },
    {
      "type": "Feature",
      "id": 199,
      "properties": {
        "feature_type": "unit",
        "level_id": 3,
        "name": "Classics Room 1",
        "category": "booth"
      },
      "geometry": {
        "type": "Polygon",
        "coordinates": [
          [
            [-0.16383199, 51.49920844],
            [-0.16400298, 51.49931838],
            [-0.16381454, 51.49942943],
            [-0.16365745, 51.49932917],
            [-0.16342613, 51.49917895],
            [-0.16361282, 51.49906676],
            [-0.16383199, 51.49920844]
          ]
        ]
      }
    },
    {
      "type": "Feature",
      "id": 200,
      "properties": {
        "feature_type": "unit",
        "level_id": -1,
        "name": "Books, Cards & Gifts",
        "category": "booth"
      },
      "geometry": {
        "type": "Polygon",
        "coordinates": [
          [
            [-0.16259591, 51.49969263],
            [-0.16257986, 51.49970473],
            [-0.16254932, 51.49970395],
            [-0.16253948, 51.49969792],
            [-0.16247998, 51.49966143],
            [-0.16245508, 51.49965107],
            [-0.16241081, 51.49962533],
            [-0.16230151, 51.49956681],
            [-0.16228617, 51.49955803],
            [-0.16232772, 51.49953239],
            [-0.16234503, 51.4995202],
            [-0.16238082, 51.49954283],
            [-0.16246229, 51.49949584],
            [-0.16241888, 51.4994722],
            [-0.16240458, 51.49946681],
            [-0.16241983, 51.49945706],
            [-0.16257694, 51.49934825],
            [-0.16256203, 51.49933822],
            [-0.1625784, 51.49932872],
            [-0.16259392, 51.49933894],
            [-0.16267992, 51.49939662],
            [-0.16267887, 51.49943108],
            [-0.16265389, 51.49944551],
            [-0.16265927, 51.49944911],
            [-0.1626762, 51.4994392],
            [-0.16280178, 51.49952148],
            [-0.1627887, 51.49952902],
            [-0.16279999, 51.49953661],
            [-0.16277905, 51.49954896],
            [-0.16263996, 51.49962865],
            [-0.16260792, 51.49961824],
            [-0.16258485, 51.49963194],
            [-0.16263852, 51.49966897],
            [-0.16259591, 51.49969263]
          ]
        ]
      }
    },
    {
      "type": "Feature",
      "id": 201,
      "properties": {
        "feature_type": "unit",
        "level_id": 2,
        "name": "Zegna",
        "category": "booth"
      },
      "geometry": {
        "type": "Polygon",
        "coordinates": [
          [
            [-0.1623466, 51.49876614],
            [-0.16229267, 51.49875168],
            [-0.1623397, 51.49868915],
            [-0.1623578, 51.49868717],
            [-0.16236333, 51.4986787],
            [-0.16236249, 51.49867816],
            [-0.16241287, 51.49867589],
            [-0.16241737, 51.49868253],
            [-0.16256565, 51.49867483],
            [-0.16256653, 51.49867539],
            [-0.16256804, 51.49870357],
            [-0.16253711, 51.49873771],
            [-0.16246261, 51.49882176],
            [-0.16242945, 51.49878937],
            [-0.1623466, 51.49876614]
          ]
        ]
      }
    },
    {
      "type": "Feature",
      "id": 202,
      "properties": {
        "feature_type": "unit",
        "level_id": 5,
        "name": "Louis Vuitton",
        "category": "booth"
      },
      "geometry": {
        "type": "Polygon",
        "coordinates": [
          [
            [-0.16266362, 51.49913219],
            [-0.16264063, 51.49913317],
            [-0.16262453, 51.49914296],
            [-0.16261403, 51.49913619],
            [-0.16258775, 51.49915198],
            [-0.16259825, 51.49915875],
            [-0.1625826, 51.49916813],
            [-0.16258549, 51.49917491],
            [-0.16259117, 51.4991788],
            [-0.16260284, 51.49918542],
            [-0.16259196, 51.49919196],
            [-0.16261646, 51.49920776],
            [-0.16262733, 51.49920122],
            [-0.16271219, 51.49925594],
            [-0.16283997, 51.49917916],
            [-0.16271575, 51.49909905],
            [-0.16270875, 51.49911065],
            [-0.1626977, 51.49912222],
            [-0.16268668, 51.49912781],
            [-0.16266362, 51.49913219]
          ]
        ]
      }
    },
    {
      "type": "Feature",
      "id": 203,
      "properties": {
        "feature_type": "unit",
        "level_id": 3,
        "name": "The White Company",
        "category": "booth"
      },
      "geometry": {
        "type": "Polygon",
        "coordinates": [
          [
            [-0.16306323, 51.49884555],
            [-0.16299143, 51.49879925],
            [-0.16307555, 51.4986979],
            [-0.16313257, 51.49863059],
            [-0.16330297, 51.49869109],
            [-0.16328648, 51.49870633],
            [-0.16321199, 51.49877142],
            [-0.16326237, 51.49879367],
            [-0.16324531, 51.49880706],
            [-0.16323238, 51.49881984],
            [-0.16318061, 51.49886566],
            [-0.16316416, 51.49888163],
            [-0.16315627, 51.49887765],
            [-0.16308314, 51.49885724],
            [-0.16306323, 51.49884555]
          ]
        ]
      }
    },
    {
      "type": "Feature",
      "id": 204,
      "properties": {
        "feature_type": "unit",
        "level_id": 3,
        "name": "Classics Room 2",
        "category": "booth"
      },
      "geometry": {
        "type": "Polygon",
        "coordinates": [
          [
            [-0.16343258, 51.49945264],
            [-0.16359523, 51.49955899],
            [-0.1634177, 51.49966464],
            [-0.16310977, 51.49946605],
            [-0.1632888, 51.49935847],
            [-0.16341916, 51.49944342],
            [-0.16343258, 51.49945264]
          ]
        ]
      }
    },
    {
      "type": "Feature",
      "id": 205,
      "properties": {
        "feature_type": "unit",
        "level_id": 2,
        "name": "Designer Collections 2",
        "category": "booth"
      },
      "geometry": {
        "type": "Polygon",
        "coordinates": [
          [
            [-0.16313836, 51.49908595],
            [-0.16318458, 51.49905817],
            [-0.16319479, 51.49905152],
            [-0.16319878, 51.49904974],
            [-0.16320138, 51.49904917],
            [-0.16320268, 51.49904839],
            [-0.16320393, 51.4990492],
            [-0.16320701, 51.49904993],
            [-0.16321083, 51.4990516],
            [-0.16321578, 51.49905452],
            [-0.1632307, 51.49906533],
            [-0.16331127, 51.49911729],
            [-0.16333079, 51.49912988],
            [-0.16348089, 51.49922668],
            [-0.16339661, 51.49927733],
            [-0.16337841, 51.49928827],
            [-0.16329239, 51.49933996],
            [-0.16314105, 51.49924236],
            [-0.16312446, 51.49923053],
            [-0.16301599, 51.49916057],
            [-0.16312111, 51.4990974],
            [-0.16313836, 51.49908595]
          ]
        ]
      }
    },
    {
      "type": "Feature",
      "id": 206,
      "properties": {
        "feature_type": "unit",
        "level_id": 2,
        "name": "Dior",
        "category": "booth"
      },
      "geometry": {
        "type": "Polygon",
        "coordinates": [
          [
            [-0.16191989, 51.49930047],
            [-0.16194785, 51.49931963],
            [-0.16203008, 51.49937267],
            [-0.16204005, 51.49936668],
            [-0.16206892, 51.49938529],
            [-0.16205805, 51.49939183],
            [-0.1621464, 51.49944881],
            [-0.16211921, 51.49946515],
            [-0.16209997, 51.49945273],
            [-0.16200434, 51.49950986],
            [-0.16200348, 51.49951001],
            [-0.16200265, 51.4995101],
            [-0.16176199, 51.49937138],
            [-0.16190064, 51.49928806],
            [-0.16191989, 51.49930047]
          ]
        ]
      }
    },
    {
      "type": "Feature",
      "id": 207,
      "properties": {
        "feature_type": "unit",
        "level_id": 2,
        "name": "Christian Louboutin",
        "category": "booth"
      },
      "geometry": {
        "type": "Polygon",
        "coordinates": [
          [
            [-0.16276792, 51.49960717],
            [-0.16265507, 51.4995344],
            [-0.16273686, 51.49948524],
            [-0.16284971, 51.49955802],
            [-0.16276792, 51.49960717]
          ]
        ]
      }
    },
    {
      "type": "Feature",
      "id": 208,
      "properties": {
        "feature_type": "unit",
        "level_id": 5,
        "name": "Kurt Geiger",
        "category": "booth"
      },
      "geometry": {
        "type": "Polygon",
        "coordinates": [
          [
            [-0.16184151, 51.49905734],
            [-0.16171295, 51.49924469],
            [-0.16181618, 51.49927184],
            [-0.16185542, 51.49922287],
            [-0.16188913, 51.4992345],
            [-0.161985, 51.49909682],
            [-0.16184151, 51.49905734]
          ]
        ]
      }
    },
    {
      "type": "Feature",
      "id": 209,
      "properties": {
        "feature_type": "unit",
        "level_id": 5,
        "name": "Chanel",
        "category": "booth"
      },
      "geometry": {
        "type": "Polygon",
        "coordinates": [
          [
            [-0.16307907, 51.4993765],
            [-0.16308294, 51.49937537],
            [-0.16295434, 51.49929243],
            [-0.16285556, 51.49935179],
            [-0.16283653, 51.49936323],
            [-0.16280481, 51.49938229],
            [-0.16293253, 51.49946466],
            [-0.16296514, 51.49944504],
            [-0.16298328, 51.49943416],
            [-0.16307907, 51.4993765]
          ]
        ]
      }
    },
    {
      "type": "Feature",
      "id": 210,
      "properties": {
        "feature_type": "unit",
        "level_id": 2,
        "name": "Louis Vuitton",
        "category": "booth"
      },
      "geometry": {
        "type": "Polygon",
        "coordinates": [
          [
            [-0.16213488, 51.4993838],
            [-0.16210427, 51.49936405],
            [-0.1620952, 51.4993695],
            [-0.16206633, 51.49935088],
            [-0.1620754, 51.49934544],
            [-0.16203081, 51.49931556],
            [-0.16199407, 51.49929186],
            [-0.1619652, 51.49927324],
            [-0.16193808, 51.49925575],
            [-0.16194727, 51.49924587],
            [-0.16196131, 51.49922218],
            [-0.16200303, 51.49916441],
            [-0.16202441, 51.49913304],
            [-0.16203837, 51.49911382],
            [-0.16204194, 51.49910679],
            [-0.16203151, 51.49910262],
            [-0.16203066, 51.49910372],
            [-0.16204642, 51.49907949],
            [-0.16205966, 51.49908352],
            [-0.16206426, 51.49907858],
            [-0.16210389, 51.49908927],
            [-0.16210495, 51.49908907],
            [-0.16212128, 51.49907068],
            [-0.16213998, 51.49907326],
            [-0.16214493, 51.49906787],
            [-0.16214475, 51.49906726],
            [-0.16214566, 51.49906672],
            [-0.1621854, 51.4990788],
            [-0.1621799, 51.49908428],
            [-0.16221649, 51.49909557],
            [-0.16217364, 51.4991465],
            [-0.16218943, 51.49916482],
            [-0.16213566, 51.49923075],
            [-0.16215316, 51.49924204],
            [-0.16216453, 51.49924937],
            [-0.16225813, 51.49930974],
            [-0.16213488, 51.4993838]
          ]
        ]
      }
    },
    {
      "type": "Feature",
      "id": 211,
      "properties": {
        "feature_type": "unit",
        "level_id": 2,
        "name": "Gucci",
        "category": "booth"
      },
      "geometry": {
        "type": "Polygon",
        "coordinates": [
          [
            [-0.16231362, 51.49933197],
            [-0.16233628, 51.49931836],
            [-0.16236981, 51.49929821],
            [-0.16239791, 51.49928133],
            [-0.16239003, 51.49927625],
            [-0.16242447, 51.49925555],
            [-0.16243322, 51.4992612],
            [-0.16245225, 51.49924976],
            [-0.16250824, 51.49928587],
            [-0.16250552, 51.4992875],
            [-0.16252651, 51.49930104],
            [-0.16251926, 51.4993054],
            [-0.16252976, 51.49931216],
            [-0.16253064, 51.49931273],
            [-0.16250363, 51.49932896],
            [-0.1625062, 51.49932633],
            [-0.1624957, 51.49931956],
            [-0.16247939, 51.49932936],
            [-0.16253275, 51.49936377],
            [-0.16244484, 51.4994166],
            [-0.16231362, 51.49933197]
          ]
        ]
      }
    },
    {
      "type": "Feature",
      "id": 212,
      "properties": {
        "feature_type": "unit",
        "level_id": 2,
        "name": "Men's Designer Collections 1",
        "category": "booth"
      },
      "geometry": {
        "type": "Polygon",
        "coordinates": [
          [
            [-0.16296932, 51.49894983],
            [-0.16296842, 51.49895038],
            [-0.16294766, 51.49896296],
            [-0.16292866, 51.49897328],
            [-0.16289059, 51.49899616],
            [-0.16289146, 51.49899672],
            [-0.16289759, 51.49900067],
            [-0.162865, 51.49901917],
            [-0.16285975, 51.49901578],
            [-0.16282712, 51.49903539],
            [-0.16283237, 51.49903877],
            [-0.16279975, 51.49905838],
            [-0.1627945, 51.49905499],
            [-0.16278, 51.49906371],
            [-0.1627625, 51.49905242],
            [-0.16273713, 51.49903606],
            [-0.16272576, 51.49902873],
            [-0.16271851, 51.49903308],
            [-0.16267827, 51.49900713],
            [-0.16268552, 51.49900278],
            [-0.16265048, 51.49898018],
            [-0.16266954, 51.49896876],
            [-0.16268406, 51.49896006],
            [-0.16270759, 51.49894701],
            [-0.16274022, 51.4989274],
            [-0.1627665, 51.49891161],
            [-0.16279731, 51.49889309],
            [-0.16281815, 51.49888057],
            [-0.1628399, 51.4988675],
            [-0.16287577, 51.49889063],
            [-0.16291517, 51.49891491],
            [-0.16296932, 51.49894983]
          ]
        ]
      }
    },
    {
      "type": "Feature",
      "id": 213,
      "properties": {
        "feature_type": "unit",
        "level_id": 5,
        "name": "KG - Designer Shoes Room 1",
        "category": "booth"
      },
      "geometry": {
        "type": "Polygon",
        "coordinates": [
          [
            [-0.16221762, 51.49898097],
            [-0.16222712, 51.49897417],
            [-0.16230622, 51.49899639],
            [-0.16243006, 51.49885755],
            [-0.16242991, 51.49885595],
            [-0.16239636, 51.49883323],
            [-0.16233463, 51.49879373],
            [-0.16232761, 51.49879047],
            [-0.16232016, 51.49878747],
            [-0.16232108, 51.49878624],
            [-0.16229417, 51.49877894],
            [-0.16229856, 51.49877248],
            [-0.16226069, 51.49876416],
            [-0.16212442, 51.49895571],
            [-0.16221762, 51.49898097]
          ]
        ]
      }
    },
    {
      "type": "Feature",
      "id": 214,
      "properties": {
        "feature_type": "unit",
        "level_id": 2,
        "name": "Men's Essentials",
        "category": "booth"
      },
      "geometry": {
        "type": "Polygon",
        "coordinates": [
          [
            [-0.16326067, 51.4997454],
            [-0.16324202, 51.49973322],
            [-0.16325795, 51.49972362],
            [-0.1632414, 51.49971299],
            [-0.1631732, 51.49975309],
            [-0.16307929, 51.49969253],
            [-0.16306092, 51.49968068],
            [-0.16290958, 51.49958308],
            [-0.16299114, 51.49953407],
            [-0.16301017, 51.49952263],
            [-0.16309717, 51.49947035],
            [-0.1634042, 51.49966948],
            [-0.16328396, 51.49974034],
            [-0.16327667, 51.49973566],
            [-0.16326067, 51.4997454]
          ]
        ]
      }
    },
    {
      "type": "Feature",
      "id": 215,
      "properties": {
        "feature_type": "unit",
        "level_id": 3,
        "name": "Customer Service",
        "category": "booth"
      },
      "geometry": {
        "type": "Polygon",
        "coordinates": [
          [
            [-0.16317605, 51.49926492],
            [-0.16336455, 51.49915165],
            [-0.16342667, 51.49919171],
            [-0.16344503, 51.49920355],
            [-0.16348355, 51.49922966],
            [-0.16337268, 51.49929605],
            [-0.16329964, 51.49933932],
            [-0.16329251, 51.49933959],
            [-0.16325653, 51.49931683],
            [-0.16317605, 51.49926492]
          ]
        ]
      }
    },
    {
      "type": "Feature",
      "id": 216,
      "properties": {
        "feature_type": "unit",
        "level_id": 5,
        "name": "Manolo Blahnik",
        "category": "booth"
      },
      "geometry": {
        "type": "Polygon",
        "coordinates": [
          [
            [-0.16256787, 51.49857068],
            [-0.16255028, 51.49857299],
            [-0.1625517, 51.49857465],
            [-0.16256096, 51.49863254],
            [-0.16256515, 51.49866928],
            [-0.16267422, 51.4986625],
            [-0.16272914, 51.49865832],
            [-0.16271406, 51.49856166],
            [-0.16256787, 51.49857068]
          ]
        ]
      }
    },
    {
      "type": "Feature",
      "id": 217,
      "properties": {
        "feature_type": "unit",
        "level_id": 5,
        "name": "Gianvito Rossi",
        "category": "booth"
      },
      "geometry": {
        "type": "Polygon",
        "coordinates": [
          [
            [-0.16222405, 51.49873677],
            [-0.16224803, 51.49870249],
            [-0.1621656, 51.49867832],
            [-0.16218973, 51.49864136],
            [-0.16213842, 51.49862887],
            [-0.16212211, 51.49865095],
            [-0.16208842, 51.49869657],
            [-0.16222405, 51.49873677]
          ]
        ]
      }
    },
    {
      "type": "Feature",
      "id": 218,
      "properties": {
        "feature_type": "unit",
        "level_id": 3,
        "name": "Classic Room 2",
        "category": "booth"
      },
      "geometry": {
        "type": "Polygon",
        "coordinates": [
          [
            [-0.16363747, 51.49934077],
            [-0.16375083, 51.49941518],
            [-0.16367275, 51.49946057],
            [-0.16371596, 51.49948817],
            [-0.16360698, 51.49955302],
            [-0.16344345, 51.49944611],
            [-0.16342923, 51.49943711],
            [-0.1632988, 51.49935137],
            [-0.16340248, 51.49928906],
            [-0.16348598, 51.499241],
            [-0.16361411, 51.49932454],
            [-0.16363747, 51.49934077]
          ]
        ]
      }
    },
    {
      "type": "Feature",
      "id": 219,
      "properties": {
        "feature_type": "unit",
        "level_id": 2,
        "name": "Stefano Ricci",
        "category": "booth"
      },
      "geometry": {
        "type": "Polygon",
        "coordinates": [
          [
            [-0.162865, 51.49901917],
            [-0.16289759, 51.49900067],
            [-0.16290937, 51.49899359],
            [-0.16292774, 51.49900544],
            [-0.16292865, 51.49900489],
            [-0.16292952, 51.49900546],
            [-0.16293677, 51.4990011],
            [-0.16291878, 51.4989895],
            [-0.16291867, 51.49898817],
            [-0.16293482, 51.49897826],
            [-0.1629539, 51.4989908],
            [-0.16299115, 51.49901528],
            [-0.16303707, 51.49904546],
            [-0.16302076, 51.49905526],
            [-0.16297352, 51.4990248],
            [-0.16296536, 51.4990297],
            [-0.1630126, 51.49906016],
            [-0.16295732, 51.49909338],
            [-0.16285448, 51.49902705],
            [-0.16285443, 51.49902554],
            [-0.162865, 51.49901917]
          ]
        ]
      }
    },
    {
      "type": "Feature",
      "id": 220,
      "properties": {
        "feature_type": "unit",
        "level_id": 2,
        "name": "Loro Piana",
        "category": "booth"
      },
      "geometry": {
        "type": "Polygon",
        "coordinates": [
          [
            [-0.16211811, 51.49900153],
            [-0.16213305, 51.49897729],
            [-0.16214969, 51.49895788],
            [-0.16223629, 51.49898065],
            [-0.16226654, 51.49894684],
            [-0.16233469, 51.4989662],
            [-0.16228965, 51.49901506],
            [-0.16227333, 51.49903547],
            [-0.16224949, 51.49906005],
            [-0.1622474, 51.49906047],
            [-0.16224512, 51.49906038],
            [-0.16220759, 51.49905021],
            [-0.16220421, 51.49905456],
            [-0.16216222, 51.49904804],
            [-0.16216954, 51.49904147],
            [-0.16214897, 51.49903451],
            [-0.16215585, 51.49902135],
            [-0.16211258, 51.49900812],
            [-0.16211811, 51.49900153]
          ]
        ]
      }
    },
    {
      "type": "Feature",
      "id": 221,
      "properties": {
        "feature_type": "unit",
        "level_id": 0,
        "name": "Fresh Market Hall",
        "category": "food-drink-stall"
      },
      "geometry": {
        "type": "Polygon",
        "coordinates": [
          [
            [-0.16267413, 51.49890172],
            [-0.16269044, 51.49891224],
            [-0.16271262, 51.49892655],
            [-0.16294532, 51.49907661],
            [-0.16296369, 51.49908846],
            [-0.16298819, 51.49910426],
            [-0.16293653, 51.4991353],
            [-0.16298377, 51.49916576],
            [-0.16292758, 51.49919953],
            [-0.16290946, 51.49921042],
            [-0.16284149, 51.49925127],
            [-0.16276888, 51.49920444],
            [-0.16275138, 51.49919316],
            [-0.16253793, 51.4990555],
            [-0.16252706, 51.49906203],
            [-0.16250236, 51.49904636],
            [-0.16251344, 51.4990397],
            [-0.16248019, 51.49901826],
            [-0.16267413, 51.49890172]
          ]
        ]
      }
    },
    {
      "type": "Feature",
      "id": 222,
      "properties": {
        "feature_type": "unit",
        "level_id": -1,
        "name": "Fine Watches",
        "category": "jewelry-watches"
      },
      "geometry": {
        "type": "Polygon",
        "coordinates": [
          [
            [-0.16297704, 51.49875315],
            [-0.16297278, 51.49875596],
            [-0.16304488, 51.49879988],
            [-0.16302838, 51.49882676],
            [-0.16300409, 51.49880965],
            [-0.16299273, 51.49880233],
            [-0.1629633, 51.49878336],
            [-0.16293159, 51.49876293],
            [-0.1629191, 51.49877037],
            [-0.16289627, 51.49875584],
            [-0.16290789, 51.49874876],
            [-0.16290515, 51.498747],
            [-0.16290043, 51.49874395],
            [-0.16288627, 51.49873481],
            [-0.16287425, 51.49872705],
            [-0.16285996, 51.49871783],
            [-0.16285555, 51.49871498],
            [-0.16286633, 51.49870653],
            [-0.16280341, 51.49866668],
            [-0.16278106, 51.49866779],
            [-0.16277594, 51.49862681],
            [-0.162773, 51.49862696],
            [-0.16277835, 51.49866985],
            [-0.16275985, 51.49867073],
            [-0.16275498, 51.49862783],
            [-0.16274334, 51.49862839],
            [-0.16274584, 51.49865083],
            [-0.16259137, 51.49865732],
            [-0.16259093, 51.49865419],
            [-0.16258022, 51.4986548],
            [-0.16257849, 51.49863923],
            [-0.16257099, 51.49857155],
            [-0.16261868, 51.49856923],
            [-0.16262653, 51.49862153],
            [-0.16275146, 51.49861208],
            [-0.16275433, 51.49861196],
            [-0.16275104, 51.49859553],
            [-0.16276844, 51.49859439],
            [-0.16277164, 51.49861604],
            [-0.16277397, 51.49861592],
            [-0.16277162, 51.49859501],
            [-0.16284119, 51.49853355],
            [-0.16285631, 51.4985344],
            [-0.16293485, 51.49855399],
            [-0.16326594, 51.49869929],
            [-0.16320456, 51.49875398],
            [-0.16320608, 51.49875458],
            [-0.16318222, 51.49877557],
            [-0.16315896, 51.49879592],
            [-0.16311459, 51.49877682],
            [-0.1631076, 51.49878044],
            [-0.16307754, 51.49876094],
            [-0.16307535, 51.49875952],
            [-0.16306227, 51.49875867],
            [-0.16305223, 51.49875733],
            [-0.16303855, 51.49875481],
            [-0.16302244, 51.49875021],
            [-0.16300759, 51.49874441],
            [-0.16299574, 51.49873852],
            [-0.16298425, 51.49873079],
            [-0.16297675, 51.49872462],
            [-0.16297253, 51.49872032],
            [-0.16296969, 51.49871723],
            [-0.162965, 51.49871106],
            [-0.1629394, 51.4986999],
            [-0.16293816, 51.49870096],
            [-0.16293792, 51.4987032],
            [-0.16293844, 51.49870993],
            [-0.16293997, 51.49871433],
            [-0.1629424, 51.49871856],
            [-0.16294572, 51.49872243],
            [-0.16293686, 51.49872779],
            [-0.16297704, 51.49875315]
          ]
        ]
      }
    },
    {
      "type": "Feature",
      "id": 223,
      "properties": {
        "feature_type": "unit",
        "level_id": -1,
        "name": "Baccarat Bar",
        "category": "bar"
      },
      "geometry": {
        "type": "Polygon",
        "coordinates": [
          [
            [-0.16269682, 51.49991802],
            [-0.16257186, 51.49984112],
            [-0.16267528, 51.49977943],
            [-0.16279449, 51.49985811],
            [-0.16269682, 51.49991802]
          ]
        ]
      }
    },
    {
      "type": "Feature",
      "id": 224,
      "properties": {
        "feature_type": "unit",
        "level_id": 4,
        "name": "Champagne Bar",
        "category": "bar"
      },
      "geometry": {
        "type": "Polygon",
        "coordinates": [
          [
            [-0.16377687, 51.49891847],
            [-0.16335508, 51.49872863],
            [-0.16331012, 51.49876607],
            [-0.16366611, 51.49892981],
            [-0.16363273, 51.49896664],
            [-0.16361452, 51.49898553],
            [-0.16355535, 51.49903654],
            [-0.16346584, 51.49909415],
            [-0.16332625, 51.49900159],
            [-0.1633116, 51.49901299],
            [-0.16338239, 51.49905354],
            [-0.16347494, 51.49911115],
            [-0.16377687, 51.49891847]
          ]
        ]
      }
    },
    {
      "type": "Feature",
      "id": 225,
      "properties": {
        "feature_type": "unit",
        "level_id": 0,
        "name": "Security Room",
        "category": "security-check"
      },
      "geometry": {
        "type": "Polygon",
        "coordinates": [
          [
            [-0.16380336, 51.49821715],
            [-0.16380335, 51.49821716],
            [-0.16379909, 51.49821549],
            [-0.16379345, 51.4982211],
            [-0.16380733, 51.49822654],
            [-0.16381298, 51.49822092],
            [-0.16380336, 51.49821715]
          ]
        ]
      }
    },
    {
      "type": "Feature",
      "id": 226,
      "properties": {
        "feature_type": "corridor",
        "level_id": 0,
        "name": "Row B -#10",
        "category": "parking-spot"
      },
      "geometry": {
        "type": "Polygon",
        "coordinates": [
          [
            [-0.16348178, 51.49813458],
            [-0.16345876, 51.49812529],
            [-0.16344039, 51.49815039],
            [-0.16346346, 51.49815948],
            [-0.16348178, 51.49813458]
          ]
        ]
      }
    },
    {
      "type": "Feature",
      "id": 227,
      "properties": {
        "feature_type": "corridor",
        "level_id": 0,
        "name": "Row C -#13",
        "category": "parking-spot"
      },
      "geometry": {
        "type": "Polygon",
        "coordinates": [
          [
            [-0.16338653, 51.49813258],
            [-0.16336246, 51.49812299],
            [-0.16334251, 51.49814704],
            [-0.16336779, 51.4981566],
            [-0.16338653, 51.49813258]
          ]
        ]
      }
    },
    {
      "type": "Feature",
      "id": 228,
      "properties": {
        "feature_type": "corridor",
        "level_id": 0,
        "name": "Row A1 -#3",
        "category": "parking-spot"
      },
      "geometry": {
        "type": "Polygon",
        "coordinates": [
          [
            [-0.16368311, 51.49809705],
            [-0.1636675, 51.49809092],
            [-0.16365072, 51.49810797],
            [-0.16366651, 51.49811412],
            [-0.16368311, 51.49809705]
          ]
        ]
      }
    },
    {
      "type": "Feature",
      "id": 229,
      "properties": {
        "feature_type": "corridor",
        "level_id": 0,
        "name": "Row A -#6",
        "category": "parking-spot"
      },
      "geometry": {
        "type": "Polygon",
        "coordinates": [
          [
            [-0.16362634, 51.49812185],
            [-0.16360194, 51.49811212],
            [-0.16358462, 51.49813455],
            [-0.16360886, 51.49814413],
            [-0.16362634, 51.49812185]
          ]
        ]
      }
    },
    {
      "type": "Feature",
      "id": 230,
      "properties": {
        "feature_type": "corridor",
        "level_id": 0,
        "name": "Row A1 - #14",
        "category": "parking-spot"
      },
      "geometry": {
        "type": "Polygon",
        "coordinates": [
          [
            [-0.16345968, 51.49800899],
            [-0.16344313, 51.49800273],
            [-0.16342972, 51.49801757],
            [-0.16344566, 51.49802374],
            [-0.16345968, 51.49800899]
          ]
        ]
      }
    },
    {
      "type": "Feature",
      "id": 231,
      "properties": {
        "feature_type": "corridor",
        "level_id": 0,
        "name": "Row A1 - #12",
        "category": "parking-spot"
      },
      "geometry": {
        "type": "Polygon",
        "coordinates": [
          [
            [-0.16349282, 51.49802223],
            [-0.16347743, 51.49801619],
            [-0.16346321, 51.49803053],
            [-0.16347839, 51.49803641],
            [-0.16349282, 51.49802223]
          ]
        ]
      }
    },
    {
      "type": "Feature",
      "id": 232,
      "properties": {
        "feature_type": "corridor",
        "level_id": 0,
        "name": "Row B -#13",
        "category": "parking-spot"
      },
      "geometry": {
        "type": "Polygon",
        "coordinates": [
          [
            [-0.16340814, 51.49810488],
            [-0.16338556, 51.49809553],
            [-0.16336488, 51.49812091],
            [-0.16338857, 51.49812996],
            [-0.16340814, 51.49810488]
          ]
        ]
      }
    },
    {
      "type": "Feature",
      "id": 233,
      "properties": {
        "feature_type": "corridor",
        "level_id": 0,
        "name": "Row A1 -#6",
        "category": "parking-spot"
      },
      "geometry": {
        "type": "Polygon",
        "coordinates": [
          [
            [-0.163635, 51.49807816],
            [-0.1636205, 51.49807247],
            [-0.1636042, 51.49808986],
            [-0.163619, 51.49809562],
            [-0.163635, 51.49807816]
          ]
        ]
      }
    },
    {
      "type": "Feature",
      "id": 234,
      "properties": {
        "feature_type": "corridor",
        "level_id": 0,
        "name": "Row D -#4",
        "category": "parking-spot"
      },
      "geometry": {
        "type": "Polygon",
        "coordinates": [
          [
            [-0.16334995, 51.49817785],
            [-0.1633368, 51.49817275],
            [-0.16331913, 51.49818519],
            [-0.16333356, 51.49819078],
            [-0.16334995, 51.49817785]
          ]
        ]
      }
    },
    {
      "type": "Feature",
      "id": 235,
      "properties": {
        "feature_type": "corridor",
        "level_id": 0,
        "name": "Row C -#9",
        "category": "parking-spot"
      },
      "geometry": {
        "type": "Polygon",
        "coordinates": [
          [
            [-0.163485, 51.49817117],
            [-0.16346445, 51.49816312],
            [-0.16344673, 51.49818716],
            [-0.163467, 51.49819501],
            [-0.163485, 51.49817117]
          ]
        ]
      }
    },
    {
      "type": "Feature",
      "id": 236,
      "properties": {
        "feature_type": "corridor",
        "level_id": 0,
        "name": "Row A1 -#5",
        "category": "parking-spot"
      },
      "geometry": {
        "type": "Polygon",
        "coordinates": [
          [
            [-0.16365062, 51.49808429],
            [-0.16363596, 51.49807854],
            [-0.16362005, 51.49809603],
            [-0.16363487, 51.4981018],
            [-0.16365062, 51.49808429]
          ]
        ]
      }
    },
    {
      "type": "Feature",
      "id": 237,
      "properties": {
        "feature_type": "corridor",
        "level_id": 0,
        "name": "Row C -#3",
        "category": "parking-spot"
      },
      "geometry": {
        "type": "Polygon",
        "coordinates": [
          [
            [-0.16364041, 51.49823208],
            [-0.16361837, 51.49822344],
            [-0.16359916, 51.49824617],
            [-0.16362066, 51.49825449],
            [-0.16364041, 51.49823208]
          ]
        ]
      }
    },
    {
      "type": "Feature",
      "id": 238,
      "properties": {
        "feature_type": "corridor",
        "level_id": 0,
        "name": "Row A -#1",
        "category": "parking-spot"
      },
      "geometry": {
        "type": "Polygon",
        "coordinates": [
          [
            [-0.16376312, 51.498176],
            [-0.16373652, 51.4981654],
            [-0.16371706, 51.49818651],
            [-0.16374332, 51.49819689],
            [-0.16376312, 51.498176]
          ]
        ]
      }
    },
    {
      "type": "Feature",
      "id": 239,
      "properties": {
        "feature_type": "corridor",
        "level_id": 0,
        "name": "Row A -#3",
        "category": "parking-spot"
      },
      "geometry": {
        "type": "Polygon",
        "coordinates": [
          [
            [-0.16370829, 51.49815437],
            [-0.16368407, 51.49814471],
            [-0.16366571, 51.49816644],
            [-0.1636894, 51.49817581],
            [-0.16370829, 51.49815437]
          ]
        ]
      }
    },
    {
      "type": "Feature",
      "id": 240,
      "properties": {
        "feature_type": "corridor",
        "level_id": 0,
        "name": "Row A -#8",
        "category": "parking-spot"
      },
      "geometry": {
        "type": "Polygon",
        "coordinates": [
          [
            [-0.16357235, 51.49810026],
            [-0.16354834, 51.49809069],
            [-0.16353122, 51.49811339],
            [-0.16355527, 51.4981229],
            [-0.16357235, 51.49810026]
          ]
        ]
      }
    },
    {
      "type": "Feature",
      "id": 241,
      "properties": {
        "feature_type": "corridor",
        "level_id": 0,
        "name": "Row D -#2",
        "category": "parking-spot"
      },
      "geometry": {
        "type": "Polygon",
        "coordinates": [
          [
            [-0.163375, 51.49818757],
            [-0.16336384, 51.49818324],
            [-0.16334662, 51.49819584],
            [-0.16335838, 51.4982004],
            [-0.163375, 51.49818757]
          ]
        ]
      }
    },
    {
      "type": "Feature",
      "id": 242,
      "properties": {
        "feature_type": "corridor",
        "level_id": 0,
        "name": "Row A1 - #15",
        "category": "parking-spot"
      },
      "geometry": {
        "type": "Polygon",
        "coordinates": [
          [
            [-0.16344208, 51.49800209],
            [-0.16342949, 51.49799724],
            [-0.16341515, 51.49801169],
            [-0.16342803, 51.49801694],
            [-0.16344208, 51.49800209]
          ]
        ]
      }
    },
    {
      "type": "Feature",
      "id": 243,
      "properties": {
        "feature_type": "corridor",
        "level_id": 0,
        "name": "Row C -#12",
        "category": "parking-spot"
      },
      "geometry": {
        "type": "Polygon",
        "coordinates": [
          [
            [-0.16341348, 51.49814314],
            [-0.16338947, 51.49813373],
            [-0.16337093, 51.49815782],
            [-0.16339576, 51.49816743],
            [-0.16341348, 51.49814314]
          ]
        ]
      }
    },
    {
      "type": "Feature",
      "id": 244,
      "properties": {
        "feature_type": "corridor",
        "level_id": 0,
        "name": "Row D - #0",
        "category": "parking-spot"
      },
      "geometry": {
        "type": "Polygon",
        "coordinates": [
          [
            [-0.16339764, 51.49819605],
            [-0.1633874, 51.49819238],
            [-0.16337057, 51.49820511],
            [-0.16338344, 51.49820996],
            [-0.16339764, 51.49819605]
          ]
        ]
      }
    },
    {
      "type": "Feature",
      "id": 245,
      "properties": {
        "feature_type": "corridor",
        "level_id": 0,
        "name": "Row C -#4",
        "category": "parking-spot"
      },
      "geometry": {
        "type": "Polygon",
        "coordinates": [
          [
            [-0.16361598, 51.49822251],
            [-0.16359263, 51.49821336],
            [-0.16357413, 51.49823648],
            [-0.16359672, 51.49824522],
            [-0.16361598, 51.49822251]
          ]
        ]
      }
    },
    {
      "type": "Feature",
      "id": 246,
      "properties": {
        "feature_type": "corridor",
        "level_id": 0,
        "name": "Row A1 -#7",
        "category": "parking-spot"
      },
      "geometry": {
        "type": "Polygon",
        "coordinates": [
          [
            [-0.16361971, 51.49807216],
            [-0.16360528, 51.4980665],
            [-0.16358855, 51.49808377],
            [-0.1636033, 51.49808951],
            [-0.16361971, 51.49807216]
          ]
        ]
      }
    },
    {
      "type": "Feature",
      "id": 247,
      "properties": {
        "feature_type": "corridor",
        "level_id": 0,
        "name": "Row C -#7",
        "category": "parking-spot"
      },
      "geometry": {
        "type": "Polygon",
        "coordinates": [
          [
            [-0.16353786, 51.49819189],
            [-0.16351287, 51.4981821],
            [-0.16349482, 51.49820578],
            [-0.16351968, 51.4982154],
            [-0.16353786, 51.49819189]
          ]
        ]
      }
    },
    {
      "type": "Feature",
      "id": 248,
      "properties": {
        "feature_type": "corridor",
        "level_id": 0,
        "name": "Row A1 - #16",
        "category": "parking-spot"
      },
      "geometry": {
        "type": "Polygon",
        "coordinates": [
          [
            [-0.16342823, 51.49799683],
            [-0.16341587, 51.49799166],
            [-0.16340095, 51.49800656],
            [-0.16341372, 51.49801118],
            [-0.16342823, 51.49799683]
          ]
        ]
      }
    },
    {
      "type": "Feature",
      "id": 249,
      "properties": {
        "feature_type": "corridor",
        "level_id": 0,
        "name": "Row A -#34",
        "category": "parking-spot"
      },
      "geometry": {
        "type": "Polygon",
        "coordinates": [
          [
            [-0.16347674, 51.4981856],
            [-0.16346905, 51.4981958],
            [-0.16346921, 51.49819586],
            [-0.16347674, 51.4981856]
          ]
        ]
      }
    },
    {
      "type": "Feature",
      "id": 250,
      "properties": {
        "feature_type": "corridor",
        "level_id": 0,
        "name": "Row A1 - #0",
        "category": "parking-spot"
      },
      "geometry": {
        "type": "Polygon",
        "coordinates": [
          [
            [-0.1637346, 51.49811726],
            [-0.16371914, 51.49811119],
            [-0.16370311, 51.49812838],
            [-0.16371904, 51.49813458],
            [-0.1637346, 51.49811726]
          ]
        ]
      }
    },
    {
      "type": "Feature",
      "id": 251,
      "properties": {
        "feature_type": "corridor",
        "level_id": 0,
        "name": "Row A -#5",
        "category": "parking-spot"
      },
      "geometry": {
        "type": "Polygon",
        "coordinates": [
          [
            [-0.16365378, 51.4981326],
            [-0.16362873, 51.49812262],
            [-0.1636113, 51.49814491],
            [-0.16363625, 51.49815477],
            [-0.16365378, 51.4981326]
          ]
        ]
      }
    },
    {
      "type": "Feature",
      "id": 252,
      "properties": {
        "feature_type": "corridor",
        "level_id": 0,
        "name": "Row C -#8",
        "category": "parking-spot"
      },
      "geometry": {
        "type": "Polygon",
        "coordinates": [
          [
            [-0.16351106, 51.49818139],
            [-0.16348714, 51.49817202],
            [-0.16346927, 51.49819589],
            [-0.16349314, 51.49820513],
            [-0.16351106, 51.49818139]
          ]
        ]
      }
    },
    {
      "type": "Feature",
      "id": 253,
      "properties": {
        "feature_type": "corridor",
        "level_id": 0,
        "name": "Row A1 -#8",
        "category": "parking-spot"
      },
      "geometry": {
        "type": "Polygon",
        "coordinates": [
          [
            [-0.16360432, 51.49806612],
            [-0.16358926, 51.49806021],
            [-0.16357274, 51.49807761],
            [-0.16358774, 51.49808345],
            [-0.16360432, 51.49806612]
          ]
        ]
      }
    },
    {
      "type": "Feature",
      "id": 254,
      "properties": {
        "feature_type": "corridor",
        "level_id": 0,
        "name": "Row B -#1",
        "category": "parking-spot"
      },
      "geometry": {
        "type": "Polygon",
        "coordinates": [
          [
            [-0.16371363, 51.49822809],
            [-0.16368821, 51.49821784],
            [-0.16366779, 51.49824],
            [-0.16369294, 51.49824991],
            [-0.16371363, 51.49822809]
          ]
        ]
      }
    },
    {
      "type": "Feature",
      "id": 255,
      "properties": {
        "feature_type": "corridor",
        "level_id": 0,
        "name": "Row B -#3",
        "category": "parking-spot"
      },
      "geometry": {
        "type": "Polygon",
        "coordinates": [
          [
            [-0.1636622, 51.49820735],
            [-0.16363964, 51.49819825],
            [-0.16362021, 51.49822125],
            [-0.16364228, 51.49822995],
            [-0.1636622, 51.49820735]
          ]
        ]
      }
    },
    {
      "type": "Feature",
      "id": 256,
      "properties": {
        "feature_type": "corridor",
        "level_id": 0,
        "name": "Row B -#2",
        "category": "parking-spot"
      },
      "geometry": {
        "type": "Polygon",
        "coordinates": [
          [
            [-0.16368607, 51.49821698],
            [-0.16366425, 51.49820818],
            [-0.16364435, 51.49823076],
            [-0.16366568, 51.49823917],
            [-0.16368607, 51.49821698]
          ]
        ]
      }
    },
    {
      "type": "Feature",
      "id": 257,
      "properties": {
        "feature_type": "corridor",
        "level_id": 0,
        "name": "Row A -#4",
        "category": "parking-spot"
      },
      "geometry": {
        "type": "Polygon",
        "coordinates": [
          [
            [-0.16368204, 51.4981439],
            [-0.16365572, 51.4981334],
            [-0.16363804, 51.49815551],
            [-0.16366363, 51.49816562],
            [-0.16368204, 51.4981439]
          ]
        ]
      }
    },
    {
      "type": "Feature",
      "id": 258,
      "properties": {
        "feature_type": "corridor",
        "level_id": 0,
        "name": "Row B -#5",
        "category": "parking-spot"
      },
      "geometry": {
        "type": "Polygon",
        "coordinates": [
          [
            [-0.16361074, 51.49818659],
            [-0.16358619, 51.49817669],
            [-0.16356758, 51.49820051],
            [-0.16359209, 51.49821017],
            [-0.16361074, 51.49818659]
          ]
        ]
      }
    },
    {
      "type": "Feature",
      "id": 259,
      "properties": {
        "feature_type": "corridor",
        "level_id": 0,
        "name": "Row A1 -#1",
        "category": "parking-spot"
      },
      "geometry": {
        "type": "Polygon",
        "coordinates": [
          [
            [-0.16371717, 51.49811042],
            [-0.16370156, 51.49810429],
            [-0.16368506, 51.49812135],
            [-0.1637012, 51.49812763],
            [-0.16371717, 51.49811042]
          ]
        ]
      }
    },
    {
      "type": "Feature",
      "id": 260,
      "properties": {
        "feature_type": "corridor",
        "level_id": 0,
        "name": "Row B -#6",
        "category": "parking-spot"
      },
      "geometry": {
        "type": "Polygon",
        "coordinates": [
          [
            [-0.16358401, 51.49817581],
            [-0.16356026, 51.49816623],
            [-0.16354168, 51.4981903],
            [-0.16356532, 51.49819962],
            [-0.16358401, 51.49817581]
          ]
        ]
      }
    },
    {
      "type": "Feature",
      "id": 261,
      "properties": {
        "feature_type": "corridor",
        "level_id": 0,
        "name": "Row A1 -#2",
        "category": "parking-spot"
      },
      "geometry": {
        "type": "Polygon",
        "coordinates": [
          [
            [-0.16370067, 51.49810394],
            [-0.16368423, 51.49809749],
            [-0.16366777, 51.49811461],
            [-0.1636839, 51.49812089],
            [-0.16370067, 51.49810394]
          ]
        ]
      }
    },
    {
      "type": "Feature",
      "id": 262,
      "properties": {
        "feature_type": "corridor",
        "level_id": 0,
        "name": "Row B -#0",
        "category": "parking-spot"
      },
      "geometry": {
        "type": "Polygon",
        "coordinates": [
          [
            [-0.16373908, 51.49823835],
            [-0.1637163, 51.49822917],
            [-0.16369548, 51.49825091],
            [-0.16371674, 51.49825929],
            [-0.16373908, 51.49823835]
          ]
        ]
      }
    },
    {
      "type": "Feature",
      "id": 263,
      "properties": {
        "feature_type": "corridor",
        "level_id": 0,
        "name": "Row A1 -#10",
        "category": "parking-spot"
      },
      "geometry": {
        "type": "Polygon",
        "coordinates": [
          [
            [-0.1635743, 51.49805433],
            [-0.16356035, 51.49804886],
            [-0.16354218, 51.49806571],
            [-0.16355692, 51.49807145],
            [-0.1635743, 51.49805433]
          ]
        ]
      }
    },
    {
      "type": "Feature",
      "id": 264,
      "properties": {
        "feature_type": "corridor",
        "level_id": 0,
        "name": "Row B -#8",
        "category": "parking-spot"
      },
      "geometry": {
        "type": "Polygon",
        "coordinates": [
          [
            [-0.16353131, 51.49815456],
            [-0.16350743, 51.49814493],
            [-0.163489, 51.49816954],
            [-0.1635129, 51.49817896],
            [-0.16353131, 51.49815456]
          ]
        ]
      }
    },
    {
      "type": "Feature",
      "id": 265,
      "properties": {
        "feature_type": "corridor",
        "level_id": 0,
        "name": "Row A1 -#9",
        "category": "parking-spot"
      },
      "geometry": {
        "type": "Polygon",
        "coordinates": [
          [
            [-0.16358818, 51.49805978],
            [-0.16357519, 51.49805468],
            [-0.16355756, 51.4980717],
            [-0.16357176, 51.49807723],
            [-0.16358818, 51.49805978]
          ]
        ]
      }
    },
    {
      "type": "Feature",
      "id": 266,
      "properties": {
        "feature_type": "corridor",
        "level_id": 0,
        "name": "Row D -#8",
        "category": "parking-spot"
      },
      "geometry": {
        "type": "Polygon",
        "coordinates": [
          [
            [-0.16329354, 51.49815596],
            [-0.16328168, 51.49815136],
            [-0.16326541, 51.49816437],
            [-0.16327715, 51.49816892],
            [-0.16329354, 51.49815596]
          ]
        ]
      }
    },
    {
      "type": "Feature",
      "id": 267,
      "properties": {
        "feature_type": "corridor",
        "level_id": 0,
        "name": "Row B -#9",
        "category": "parking-spot"
      },
      "geometry": {
        "type": "Polygon",
        "coordinates": [
          [
            [-0.16350542, 51.49814411],
            [-0.16348464, 51.49813573],
            [-0.16346631, 51.4981606],
            [-0.16348686, 51.4981687],
            [-0.16350542, 51.49814411]
          ]
        ]
      }
    },
    {
      "type": "Feature",
      "id": 268,
      "properties": {
        "feature_type": "corridor",
        "level_id": 0,
        "name": "Row B -#4",
        "category": "parking-spot"
      },
      "geometry": {
        "type": "Polygon",
        "coordinates": [
          [
            [-0.16363733, 51.49819732],
            [-0.16361323, 51.4981876],
            [-0.16359444, 51.4982111],
            [-0.16361784, 51.49822032],
            [-0.16363733, 51.49819732]
          ]
        ]
      }
    },
    {
      "type": "Feature",
      "id": 269,
      "properties": {
        "feature_type": "corridor",
        "level_id": 0,
        "name": "Row A -#2",
        "category": "parking-spot"
      },
      "geometry": {
        "type": "Polygon",
        "coordinates": [
          [
            [-0.16373397, 51.49816461],
            [-0.16371045, 51.49815523],
            [-0.16369157, 51.49817666],
            [-0.16371454, 51.49818575],
            [-0.16373397, 51.49816461]
          ]
        ]
      }
    },
    {
      "type": "Feature",
      "id": 270,
      "properties": {
        "feature_type": "corridor",
        "level_id": 0,
        "name": "Row D -#3",
        "category": "parking-spot"
      },
      "geometry": {
        "type": "Polygon",
        "coordinates": [
          [
            [-0.16336213, 51.49818258],
            [-0.16335072, 51.49817815],
            [-0.16333431, 51.49819107],
            [-0.16334547, 51.49819539],
            [-0.16336213, 51.49818258]
          ]
        ]
      }
    },
    {
      "type": "Feature",
      "id": 271,
      "properties": {
        "feature_type": "corridor",
        "level_id": 0,
        "name": "Row A -#9",
        "category": "parking-spot"
      },
      "geometry": {
        "type": "Polygon",
        "coordinates": [
          [
            [-0.16354618, 51.49808996],
            [-0.16352451, 51.49808132],
            [-0.16350764, 51.49810421],
            [-0.16352904, 51.49811267],
            [-0.16354618, 51.49808996]
          ]
        ]
      }
    },
    {
      "type": "Feature",
      "id": 272,
      "properties": {
        "feature_type": "corridor",
        "level_id": 0,
        "name": "Row D -#1",
        "category": "parking-spot"
      },
      "geometry": {
        "type": "Polygon",
        "coordinates": [
          [
            [-0.16338592, 51.49819181],
            [-0.16337647, 51.49818814],
            [-0.16335928, 51.49820074],
            [-0.1633694, 51.49820466],
            [-0.16338592, 51.49819181]
          ]
        ]
      }
    },
    {
      "type": "Feature",
      "id": 273,
      "properties": {
        "feature_type": "corridor",
        "level_id": 0,
        "name": "Row D -#9",
        "category": "parking-spot"
      },
      "geometry": {
        "type": "Polygon",
        "coordinates": [
          [
            [-0.16328049, 51.49815091],
            [-0.16326896, 51.49814643],
            [-0.16325364, 51.49815981],
            [-0.16326414, 51.49816388],
            [-0.16328049, 51.49815091]
          ]
        ]
      }
    },
    {
      "type": "Feature",
      "id": 274,
      "properties": {
        "feature_type": "corridor",
        "level_id": 0,
        "name": "Row A -#13",
        "category": "parking-spot"
      },
      "geometry": {
        "type": "Polygon",
        "coordinates": [
          [
            [-0.16344849, 51.49805135],
            [-0.16342903, 51.49804345],
            [-0.16341031, 51.49806586],
            [-0.16343071, 51.49807413],
            [-0.16344849, 51.49805135]
          ]
        ]
      }
    },
    {
      "type": "Feature",
      "id": 275,
      "properties": {
        "feature_type": "corridor",
        "level_id": 0,
        "name": "Row C -#0",
        "category": "parking-spot"
      },
      "geometry": {
        "type": "Polygon",
        "coordinates": [
          [
            [-0.16371422, 51.49826101],
            [-0.16369357, 51.49825292],
            [-0.16367275, 51.49827466],
            [-0.16369136, 51.49828186],
            [-0.16371422, 51.49826101]
          ]
        ]
      }
    },
    {
      "type": "Feature",
      "id": 276,
      "properties": {
        "feature_type": "corridor",
        "level_id": 0,
        "name": "Row B -#11",
        "category": "parking-spot"
      },
      "geometry": {
        "type": "Polygon",
        "coordinates": [
          [
            [-0.16345647, 51.49812437],
            [-0.16343631, 51.49811624],
            [-0.16341785, 51.4981415],
            [-0.16343802, 51.49814945],
            [-0.16345647, 51.49812437]
          ]
        ]
      }
    },
    {
      "type": "Feature",
      "id": 277,
      "properties": {
        "feature_type": "corridor",
        "level_id": 0,
        "name": "Row A - #0",
        "category": "parking-spot"
      },
      "geometry": {
        "type": "Polygon",
        "coordinates": [
          [
            [-0.16378708, 51.49818555],
            [-0.16376577, 51.49817705],
            [-0.16374583, 51.49819787],
            [-0.16376658, 51.49820607],
            [-0.16378708, 51.49818555]
          ]
        ]
      }
    },
    {
      "type": "Feature",
      "id": 278,
      "properties": {
        "feature_type": "corridor",
        "level_id": 0,
        "name": "Row A1 - #11",
        "category": "parking-spot"
      },
      "geometry": {
        "type": "Polygon",
        "coordinates": [
          [
            [-0.1635095, 51.4980288],
            [-0.16350946, 51.49802876],
            [-0.1634945, 51.49802289],
            [-0.16348034, 51.49803716],
            [-0.16349479, 51.49804276],
            [-0.1635095, 51.4980288]
          ]
        ]
      }
    },
    {
      "type": "Feature",
      "id": 279,
      "properties": {
        "feature_type": "corridor",
        "level_id": 0,
        "name": "Row D -#7",
        "category": "parking-spot"
      },
      "geometry": {
        "type": "Polygon",
        "coordinates": [
          [
            [-0.16330704, 51.4981612],
            [-0.16329463, 51.49815638],
            [-0.16327799, 51.49816924],
            [-0.16329138, 51.49817443],
            [-0.16330704, 51.4981612]
          ]
        ]
      }
    },
    {
      "type": "Feature",
      "id": 280,
      "properties": {
        "feature_type": "corridor",
        "level_id": 0,
        "name": "Row A1 - #13",
        "category": "parking-spot"
      },
      "geometry": {
        "type": "Polygon",
        "coordinates": [
          [
            [-0.16347548, 51.49801543],
            [-0.16346104, 51.49800976],
            [-0.16344716, 51.49802432],
            [-0.16346171, 51.49802995],
            [-0.16347548, 51.49801543]
          ]
        ]
      }
    },
    {
      "type": "Feature",
      "id": 281,
      "properties": {
        "feature_type": "corridor",
        "level_id": 0,
        "name": "Row A -#10",
        "category": "parking-spot"
      },
      "geometry": {
        "type": "Polygon",
        "coordinates": [
          [
            [-0.16352193, 51.49808048],
            [-0.16349867, 51.4980712],
            [-0.16348183, 51.49809419],
            [-0.16350507, 51.49810338],
            [-0.16352193, 51.49808048]
          ]
        ]
      }
    },
    {
      "type": "Feature",
      "id": 282,
      "properties": {
        "feature_type": "corridor",
        "level_id": 0,
        "name": "Row C -#2",
        "category": "parking-spot"
      },
      "geometry": {
        "type": "Polygon",
        "coordinates": [
          [
            [-0.16366378, 51.49824124],
            [-0.16364248, 51.49823289],
            [-0.16362273, 51.49825529],
            [-0.16364347, 51.49826332],
            [-0.16366378, 51.49824124]
          ]
        ]
      }
    },
    {
      "type": "Feature",
      "id": 283,
      "properties": {
        "feature_type": "corridor",
        "level_id": 0,
        "name": "Row A -#11",
        "category": "parking-spot"
      },
      "geometry": {
        "type": "Polygon",
        "coordinates": [
          [
            [-0.16349634, 51.49807035],
            [-0.16347589, 51.4980622],
            [-0.16345904, 51.49808526],
            [-0.16347944, 51.49809332],
            [-0.16349634, 51.49807035]
          ]
        ]
      }
    },
    {
      "type": "Feature",
      "id": 284,
      "properties": {
        "feature_type": "corridor",
        "level_id": 0,
        "name": "Row C -#10",
        "category": "parking-spot"
      },
      "geometry": {
        "type": "Polygon",
        "coordinates": [
          [
            [-0.1634616, 51.498162],
            [-0.16343851, 51.49815295],
            [-0.16342081, 51.49817713],
            [-0.16344389, 51.49818606],
            [-0.1634616, 51.498162]
          ]
        ]
      }
    },
    {
      "type": "Feature",
      "id": 285,
      "properties": {
        "feature_type": "corridor",
        "level_id": 0,
        "name": "Row B -#12",
        "category": "parking-spot"
      },
      "geometry": {
        "type": "Polygon",
        "coordinates": [
          [
            [-0.16343384, 51.49811524],
            [-0.16341085, 51.49810597],
            [-0.16339149, 51.49813111],
            [-0.16341539, 51.49814053],
            [-0.16343384, 51.49811524]
          ]
        ]
      }
    },
    {
      "type": "Feature",
      "id": 286,
      "properties": {
        "feature_type": "corridor",
        "level_id": 0,
        "name": "Row A -#7",
        "category": "parking-spot"
      },
      "geometry": {
        "type": "Polygon",
        "coordinates": [
          [
            [-0.16360012, 51.49811144],
            [-0.16357444, 51.49810119],
            [-0.16355724, 51.49812377],
            [-0.16358277, 51.49813386],
            [-0.16360012, 51.49811144]
          ]
        ]
      }
    },
    {
      "type": "Feature",
      "id": 287,
      "properties": {
        "feature_type": "corridor",
        "level_id": 0,
        "name": "Row A -#12",
        "category": "parking-spot"
      },
      "geometry": {
        "type": "Polygon",
        "coordinates": [
          [
            [-0.16347365, 51.49806113],
            [-0.1634525, 51.49805269],
            [-0.1634349, 51.49807554],
            [-0.16345682, 51.49808421],
            [-0.16347365, 51.49806113]
          ]
        ]
      }
    },
    {
      "type": "Feature",
      "id": 288,
      "properties": {
        "feature_type": "corridor",
        "level_id": 0,
        "name": "Row C -#6",
        "category": "parking-spot"
      },
      "geometry": {
        "type": "Polygon",
        "coordinates": [
          [
            [-0.1635635, 51.49820194],
            [-0.16353986, 51.49819267],
            [-0.16352171, 51.49821619],
            [-0.1635452, 51.49822528],
            [-0.1635635, 51.49820194]
          ]
        ]
      }
    },
    {
      "type": "Feature",
      "id": 289,
      "properties": {
        "feature_type": "corridor",
        "level_id": 0,
        "name": "Row D -#10",
        "category": "parking-spot"
      },
      "geometry": {
        "type": "Polygon",
        "coordinates": [
          [
            [-0.16326814, 51.49814611],
            [-0.16325619, 51.49814147],
            [-0.16324134, 51.49815504],
            [-0.16325292, 51.49815953],
            [-0.16326814, 51.49814611]
          ]
        ]
      }
    },
    {
      "type": "Feature",
      "id": 290,
      "properties": {
        "feature_type": "corridor",
        "level_id": 0,
        "name": "Row A1 -#4",
        "category": "parking-spot"
      },
      "geometry": {
        "type": "Polygon",
        "coordinates": [
          [
            [-0.16366643, 51.4980905],
            [-0.16365168, 51.49808471],
            [-0.16363584, 51.49810217],
            [-0.16364998, 51.49810768],
            [-0.16366643, 51.4980905]
          ]
        ]
      }
    },
    {
      "type": "Feature",
      "id": 291,
      "properties": {
        "feature_type": "corridor",
        "level_id": 0,
        "name": "Row D -#11",
        "category": "parking-spot"
      },
      "geometry": {
        "type": "Polygon",
        "coordinates": [
          [
            [-0.16325526, 51.49814111],
            [-0.16324356, 51.49813657],
            [-0.16322919, 51.49815033],
            [-0.16324056, 51.49815474],
            [-0.16325526, 51.49814111]
          ]
        ]
      }
    },
    {
      "type": "Feature",
      "id": 292,
      "properties": {
        "feature_type": "corridor",
        "level_id": 0,
        "name": "Row B -#7",
        "category": "parking-spot"
      },
      "geometry": {
        "type": "Polygon",
        "coordinates": [
          [
            [-0.16355833, 51.49816545],
            [-0.16353326, 51.49815534],
            [-0.16351472, 51.49817967],
            [-0.1635397, 51.49818952],
            [-0.16355833, 51.49816545]
          ]
        ]
      }
    },
    {
      "type": "Feature",
      "id": 293,
      "properties": {
        "feature_type": "corridor",
        "level_id": 0,
        "name": "Row C -#1",
        "category": "parking-spot"
      },
      "geometry": {
        "type": "Polygon",
        "coordinates": [
          [
            [-0.16369103, 51.49825192],
            [-0.16366588, 51.49824206],
            [-0.16364555, 51.49826413],
            [-0.16367036, 51.49827373],
            [-0.16369103, 51.49825192]
          ]
        ]
      }
    },
    {
      "type": "Feature",
      "id": 294,
      "properties": {
        "feature_type": "corridor",
        "level_id": 0,
        "name": "Row C -#11",
        "category": "parking-spot"
      },
      "geometry": {
        "type": "Polygon",
        "coordinates": [
          [
            [-0.16343613, 51.49815202],
            [-0.16341595, 51.49814411],
            [-0.16339822, 51.49816838],
            [-0.16341836, 51.49817618],
            [-0.16343613, 51.49815202]
          ]
        ]
      }
    },
    {
      "type": "Feature",
      "id": 295,
      "properties": {
        "feature_type": "corridor",
        "level_id": 0,
        "name": "Row D -#5",
        "category": "parking-spot"
      },
      "geometry": {
        "type": "Polygon",
        "coordinates": [
          [
            [-0.16333542, 51.49817221],
            [-0.16332253, 51.49816721],
            [-0.16330549, 51.4981799],
            [-0.16331814, 51.4981848],
            [-0.16333542, 51.49817221]
          ]
        ]
      }
    },
    {
      "type": "Feature",
      "id": 296,
      "properties": {
        "feature_type": "corridor",
        "level_id": 0,
        "name": "Row D -#6",
        "category": "parking-spot"
      },
      "geometry": {
        "type": "Polygon",
        "coordinates": [
          [
            [-0.16332151, 51.49816681],
            [-0.16330858, 51.49816179],
            [-0.16329246, 51.49817485],
            [-0.16330452, 51.49817952],
            [-0.16332039, 51.49816769],
            [-0.16332151, 51.49816681]
          ]
        ]
      }
    },
    {
      "type": "Feature",
      "id": 297,
      "properties": {
        "feature_type": "corridor",
        "level_id": 0,
        "name": "Row C -#5",
        "category": "parking-spot"
      },
      "geometry": {
        "type": "Polygon",
        "coordinates": [
          [
            [-0.1635903, 51.49821244],
            [-0.16356577, 51.49820283],
            [-0.16354753, 51.49822618],
            [-0.16357195, 51.49823564],
            [-0.1635903, 51.49821244]
          ]
        ]
      }
    },
    {
      "type": "Feature",
      "id": 298,
      "properties": {
        "feature_type": "corridor",
        "level_id": 0,
        "name": "Row A1 - #17",
        "category": "parking-spot"
      },
      "geometry": {
        "type": "Polygon",
        "coordinates": [
          [
            [-0.16341409, 51.49799133],
            [-0.16340059, 51.49798586],
            [-0.16338659, 51.49800033],
            [-0.16339979, 51.49800598],
            [-0.16341409, 51.49799133]
          ]
        ]
      }
    },
    {
      "type": "Feature",
      "id": 299,
      "properties": {
        "feature_type": "unit",
        "level_id": 1,
        "name": "Luxury Jewellery",
        "category": "jewelry-store"
      },
      "geometry": {
        "type": "Polygon",
        "coordinates": [
          [
            [-0.16301689, 51.49916003],
            [-0.16320358, 51.49904784],
            [-0.1632412, 51.4990721],
            [-0.1632587, 51.49908339],
            [-0.16325957, 51.49908395],
            [-0.16348002, 51.49922612],
            [-0.16340118, 51.4992735],
            [-0.1633749, 51.49928929],
            [-0.16329333, 51.49933831],
            [-0.16301689, 51.49916003]
          ]
        ]
      }
    },
    {
      "type": "Feature",
      "id": 300,
      "properties": {
        "feature_type": "unit",
        "level_id": 1,
        "name": "Gucci",
        "category": "womens-clothing"
      },
      "geometry": {
        "type": "Polygon",
        "coordinates": [
          [
            [-0.162245, 51.49883046],
            [-0.16226082, 51.49880679],
            [-0.16229048, 51.49876608],
            [-0.16235172, 51.49880557],
            [-0.16239983, 51.4988366],
            [-0.16242511, 51.49885383],
            [-0.16236211, 51.49892568],
            [-0.16232945, 51.49891669],
            [-0.16226324, 51.49889847],
            [-0.16222042, 51.49888728],
            [-0.16221352, 51.49888516],
            [-0.162207, 51.49888272],
            [-0.162245, 51.49883046]
          ]
        ]
      }
    },
    {
      "type": "Feature",
      "id": 301,
      "properties": {
        "feature_type": "unit",
        "level_id": 1,
        "name": "Lingerie, Hosiery & Nightwear",
        "category": "womens-clothing"
      },
      "geometry": {
        "type": "Polygon",
        "coordinates": [
          [
            [-0.16382341, 51.49904038],
            [-0.16384488, 51.49905422],
            [-0.16392091, 51.49910286],
            [-0.16403509, 51.49903425],
            [-0.16404419, 51.49903968],
            [-0.16423522, 51.4991364],
            [-0.16423806, 51.49914026],
            [-0.16423994, 51.49916483],
            [-0.16423499, 51.49917224],
            [-0.16401123, 51.49931015],
            [-0.16396924, 51.49928307],
            [-0.16385423, 51.4992089],
            [-0.16384347, 51.49921551],
            [-0.16395837, 51.49928961],
            [-0.16399948, 51.49931612],
            [-0.16381282, 51.4994272],
            [-0.16375596, 51.49939062],
            [-0.16365881, 51.49932891],
            [-0.16363568, 51.49931389],
            [-0.16342441, 51.49917671],
            [-0.16351322, 51.49912334],
            [-0.16353222, 51.49911301],
            [-0.16361107, 51.49906563],
            [-0.16370642, 51.49912713],
            [-0.16371729, 51.49912059],
            [-0.16362194, 51.4990591],
            [-0.16369807, 51.49901335],
            [-0.16371607, 51.49900253],
            [-0.16372797, 51.49899538],
            [-0.16380241, 51.49904377],
            [-0.16381601, 51.4990356],
            [-0.16382341, 51.49904038]
          ]
        ]
      }
    },
    {
      "type": "Feature",
      "id": 302,
      "properties": {
        "feature_type": "unit",
        "level_id": 4,
        "name": "Women's Contemporary",
        "category": "womens-clothing"
      },
      "geometry": {
        "type": "Polygon",
        "coordinates": [
          [
            [-0.16236889, 51.49945421],
            [-0.16241669, 51.49947755],
            [-0.16239518, 51.49949201],
            [-0.16235098, 51.49946797],
            [-0.16231624, 51.49949412],
            [-0.16221046, 51.49944148],
            [-0.1622023, 51.49944641],
            [-0.16215821, 51.49944171],
            [-0.16211921, 51.49946515],
            [-0.16209997, 51.49945273],
            [-0.16200178, 51.4995101],
            [-0.16181919, 51.49940359],
            [-0.16186221, 51.49937765],
            [-0.16173449, 51.49929564],
            [-0.16186091, 51.49911334],
            [-0.16181147, 51.49910051],
            [-0.16184129, 51.49905672],
            [-0.16189735, 51.49907186],
            [-0.16193184, 51.4990809],
            [-0.16199951, 51.49910005],
            [-0.16208073, 51.49898258],
            [-0.1620962, 51.49896227],
            [-0.1621345, 51.49890775],
            [-0.16214927, 51.49891199],
            [-0.16220788, 51.49882722],
            [-0.16219383, 51.49882329],
            [-0.1621993, 51.4988155],
            [-0.16222406, 51.49882244],
            [-0.16221353, 51.49883693],
            [-0.16222756, 51.49884137],
            [-0.16223161, 51.49883571],
            [-0.16222262, 51.49883319],
            [-0.16223243, 51.49881962],
            [-0.16222833, 51.4988134],
            [-0.16224384, 51.49881759],
            [-0.16226687, 51.49878528],
            [-0.16230498, 51.49878786],
            [-0.16240912, 51.4986324],
            [-0.16249023, 51.49864888],
            [-0.1623782, 51.49880702],
            [-0.16236298, 51.4988285],
            [-0.16219998, 51.49905857],
            [-0.1621865, 51.4990776],
            [-0.16218676, 51.49907818],
            [-0.16218637, 51.49907808],
            [-0.16207361, 51.49923724],
            [-0.16222644, 51.4993375],
            [-0.16226604, 51.4993137],
            [-0.16229142, 51.49933007],
            [-0.16242175, 51.49941413],
            [-0.16236889, 51.49945421]
          ]
        ]
      }
    },
    {
      "type": "Feature",
      "id": 303,
      "properties": {
        "feature_type": "unit",
        "level_id": 1,
        "name": "Valentino",
        "category": "womens-clothing"
      },
      "geometry": {
        "type": "Polygon",
        "coordinates": [
          [
            [-0.1617421, 51.49921006],
            [-0.16185594, 51.49904791],
            [-0.16198649, 51.49908149],
            [-0.16194082, 51.499149],
            [-0.16192451, 51.49917311],
            [-0.16187437, 51.49924722],
            [-0.1617421, 51.49921006]
          ]
        ]
      }
    },
    {
      "type": "Feature",
      "id": 304,
      "properties": {
        "feature_type": "unit",
        "level_id": 1,
        "name": "Alexander Mcqueen",
        "category": "womens-clothing"
      },
      "geometry": {
        "type": "Polygon",
        "coordinates": [
          [
            [-0.16218072, 51.499244],
            [-0.16231937, 51.49916068],
            [-0.16234124, 51.49917478],
            [-0.16237011, 51.4991934],
            [-0.1624156, 51.49922274],
            [-0.16232951, 51.49927447],
            [-0.1622996, 51.49929245],
            [-0.16227695, 51.49930606],
            [-0.16218072, 51.499244]
          ]
        ]
      }
    },
    {
      "type": "Feature",
      "id": 305,
      "properties": {
        "feature_type": "unit",
        "level_id": 1,
        "name": "Celine",
        "category": "womens-clothing"
      },
      "geometry": {
        "type": "Polygon",
        "coordinates": [
          [
            [-0.1626032, 51.49911001],
            [-0.1625791, 51.49912449],
            [-0.16258906, 51.49913056],
            [-0.16256391, 51.4991456],
            [-0.16255424, 51.49913943],
            [-0.16250804, 51.49916719],
            [-0.16249855, 51.49917358],
            [-0.16249445, 51.49917557],
            [-0.16249259, 51.49917647],
            [-0.1624896, 51.49917719],
            [-0.16248728, 51.49917736],
            [-0.16247277, 51.4991758],
            [-0.16246241, 51.49917385],
            [-0.16244501, 51.49916992],
            [-0.16242821, 51.49916695],
            [-0.16242272, 51.49916638],
            [-0.16241748, 51.49916644],
            [-0.16241295, 51.49916746],
            [-0.16241013, 51.49916923],
            [-0.16240871, 51.49917112],
            [-0.16240838, 51.49917201],
            [-0.16240811, 51.49917275],
            [-0.16240721, 51.49917329],
            [-0.16240667, 51.49917294],
            [-0.16237659, 51.49915355],
            [-0.16238656, 51.49914755],
            [-0.16236469, 51.49913345],
            [-0.16240728, 51.49910786],
            [-0.1622953, 51.49903564],
            [-0.16239499, 51.49897574],
            [-0.1626032, 51.49911001]
          ]
        ]
      }
    },
    {
      "type": "Feature",
      "id": 306,
      "properties": {
        "feature_type": "unit",
        "level_id": 1,
        "name": "Prada",
        "category": "womens-clothing"
      },
      "geometry": {
        "type": "Polygon",
        "coordinates": [
          [
            [-0.16217349, 51.49893337],
            [-0.1621949, 51.49890089],
            [-0.16220318, 51.49889155],
            [-0.16235474, 51.49893431],
            [-0.16225184, 51.49906067],
            [-0.16223696, 51.49905108],
            [-0.162227, 51.49905707],
            [-0.16218938, 51.49903281],
            [-0.16219935, 51.49902682],
            [-0.1621556, 51.49899861],
            [-0.16215473, 51.49899805],
            [-0.16213754, 51.49898582],
            [-0.16214619, 51.49897109],
            [-0.16217349, 51.49893337]
          ]
        ]
      }
    },
    {
      "type": "Feature",
      "id": 307,
      "properties": {
        "feature_type": "unit",
        "level_id": 1,
        "name": "Valentino",
        "category": "womens-clothing"
      },
      "geometry": {
        "type": "Polygon",
        "coordinates": [
          [
            [-0.16272949, 51.49947744],
            [-0.16254352, 51.49959099],
            [-0.16253449, 51.49958506],
            [-0.16240022, 51.49949871],
            [-0.16240134, 51.49949803],
            [-0.16258557, 51.4993861],
            [-0.16272949, 51.49947744]
          ]
        ]
      }
    },
    {
      "type": "Feature",
      "id": 308,
      "properties": {
        "feature_type": "unit",
        "level_id": 1,
        "name": "Fendi",
        "category": "womens-clothing"
      },
      "geometry": {
        "type": "Polygon",
        "coordinates": [
          [
            [-0.16220342, 51.49878896],
            [-0.16218939, 51.49881266],
            [-0.16214863, 51.49886766],
            [-0.16200015, 51.4988261],
            [-0.1620836, 51.49871056],
            [-0.16223211, 51.49875102],
            [-0.16220342, 51.49878896]
          ]
        ]
      }
    },
    {
      "type": "Feature",
      "id": 309,
      "properties": {
        "feature_type": "unit",
        "level_id": 1,
        "name": "Herm\u00e8s",
        "category": "womens-clothing"
      },
      "geometry": {
        "type": "Polygon",
        "coordinates": [
          [
            [-0.1621959, 51.4996196],
            [-0.1623264, 51.49954118],
            [-0.16235177, 51.49952593],
            [-0.16238802, 51.49950415],
            [-0.16252354, 51.49959164],
            [-0.16254205, 51.49960318],
            [-0.16254468, 51.49960405],
            [-0.16254496, 51.49960414],
            [-0.1626472, 51.49967016],
            [-0.16261003, 51.49969248],
            [-0.16258366, 51.49970708],
            [-0.16246611, 51.49977853],
            [-0.1621959, 51.4996196]
          ]
        ]
      }
    },
    {
      "type": "Feature",
      "id": 310,
      "properties": {
        "feature_type": "unit",
        "level_id": 1,
        "name": "Women's Eveningwear",
        "category": "womens-clothing"
      },
      "geometry": {
        "type": "Polygon",
        "coordinates": [
          [
            [-0.16254352, 51.49959099],
            [-0.16272949, 51.49947744],
            [-0.16285153, 51.49955693],
            [-0.16277087, 51.4996054],
            [-0.16275184, 51.49961684],
            [-0.16266484, 51.49966912],
            [-0.16254352, 51.49959099]
          ]
        ]
      }
    },
    {
      "type": "Feature",
      "id": 311,
      "properties": {
        "feature_type": "unit",
        "level_id": 1,
        "name": "International Designer 1",
        "category": "womens-clothing"
      },
      "geometry": {
        "type": "Polygon",
        "coordinates": [
          [
            [-0.16266557, 51.49942346],
            [-0.16279426, 51.49934613],
            [-0.16282053, 51.49933034],
            [-0.16285226, 51.49931127],
            [-0.16291874, 51.49935415],
            [-0.16293624, 51.49936543],
            [-0.16302285, 51.49942129],
            [-0.16304821, 51.49943765],
            [-0.16308671, 51.49946247],
            [-0.16300877, 51.49950931],
            [-0.16300786, 51.49950985],
            [-0.16298249, 51.4995251],
            [-0.16290002, 51.49957466],
            [-0.16266557, 51.49942346]
          ]
        ]
      }
    },
    {
      "type": "Feature",
      "id": 312,
      "properties": {
        "feature_type": "unit",
        "level_id": 1,
        "name": "Saint Laurent",
        "category": "womens-clothing"
      },
      "geometry": {
        "type": "Polygon",
        "coordinates": [
          [
            [-0.16232247, 51.49933429],
            [-0.16234422, 51.49932122],
            [-0.16237412, 51.49930325],
            [-0.1624176, 51.49927778],
            [-0.16254142, 51.49935694],
            [-0.16254145, 51.49935855],
            [-0.16244756, 51.49941496],
            [-0.16232247, 51.49933429]
          ]
        ]
      }
    },
    {
      "type": "Feature",
      "id": 313,
      "properties": {
        "feature_type": "unit",
        "level_id": 1,
        "name": "Louis Vuitton",
        "category": "womens-clothing"
      },
      "geometry": {
        "type": "Polygon",
        "coordinates": [
          [
            [-0.16237261, 51.49943979],
            [-0.16235175, 51.49945355],
            [-0.16230666, 51.49948329],
            [-0.16219468, 51.49941107],
            [-0.16220375, 51.49940563],
            [-0.16219325, 51.49939886],
            [-0.16216875, 51.49938306],
            [-0.16215913, 51.49937686],
            [-0.16215665, 51.49937809],
            [-0.16215414, 51.49937887],
            [-0.16215161, 51.49937922],
            [-0.16214907, 51.49937919],
            [-0.16214654, 51.49937883],
            [-0.16214317, 51.49937788],
            [-0.16213655, 51.49937475],
            [-0.16213097, 51.49937115],
            [-0.1621177, 51.49936143],
            [-0.16204085, 51.49931186],
            [-0.16202335, 51.49929936],
            [-0.16201686, 51.49929559],
            [-0.1620128, 51.49929378],
            [-0.1620101, 51.49929204],
            [-0.16198123, 51.49927342],
            [-0.16195411, 51.49925593],
            [-0.16212088, 51.49921784],
            [-0.16226698, 51.49931205],
            [-0.1621981, 51.49935344],
            [-0.16220772, 51.49935965],
            [-0.16223222, 51.49937544],
            [-0.16224272, 51.49938221],
            [-0.16231159, 51.49934082],
            [-0.16242317, 51.49940644],
            [-0.16237261, 51.49943979]
          ]
        ]
      }
    },
    {
      "type": "Feature",
      "id": 314,
      "properties": {
        "feature_type": "unit",
        "level_id": 1,
        "name": "Holiday",
        "category": "womens-clothing"
      },
      "geometry": {
        "type": "Polygon",
        "coordinates": [
          [
            [-0.16349139, 51.49923345],
            [-0.16362622, 51.49931971],
            [-0.16364954, 51.49933463],
            [-0.16374614, 51.49939643],
            [-0.16366079, 51.49944693],
            [-0.16366634, 51.49945024],
            [-0.16369945, 51.49947147],
            [-0.16371706, 51.49948325],
            [-0.16361351, 51.49954479],
            [-0.16355052, 51.49950417],
            [-0.16346421, 51.49944851],
            [-0.16344111, 51.49943361],
            [-0.1633491, 51.49937427],
            [-0.16334844, 51.49937385],
            [-0.1633047, 51.49934564],
            [-0.16338668, 51.49929671],
            [-0.16341382, 51.49928119],
            [-0.16349139, 51.49923345]
          ]
        ]
      }
    },
    {
      "type": "Feature",
      "id": 315,
      "properties": {
        "feature_type": "unit",
        "level_id": 1,
        "name": "Chanel",
        "category": "womens-clothing"
      },
      "geometry": {
        "type": "Polygon",
        "coordinates": [
          [
            [-0.16190162, 51.49928094],
            [-0.16193401, 51.4993018],
            [-0.16196289, 51.49932041],
            [-0.16211257, 51.49941683],
            [-0.16212344, 51.49941029],
            [-0.16214794, 51.49942609],
            [-0.16213574, 51.49943326],
            [-0.16212574, 51.49944036],
            [-0.16213119, 51.49944388],
            [-0.16211061, 51.49945662],
            [-0.16209622, 51.49944733],
            [-0.16200062, 51.49950478],
            [-0.16172117, 51.49934359],
            [-0.16170136, 51.49933169],
            [-0.16169737, 51.49932893],
            [-0.16168656, 51.49931794],
            [-0.16168464, 51.49931453],
            [-0.16168309, 51.49929798],
            [-0.16168555, 51.49929142],
            [-0.16168961, 51.49928429],
            [-0.16173333, 51.49921968],
            [-0.16186521, 51.49925608],
            [-0.16186834, 51.4992575],
            [-0.1618761, 51.49926719],
            [-0.16187765, 51.49926977],
            [-0.16187936, 51.49927173],
            [-0.16188147, 51.49927343],
            [-0.16188655, 51.49927595],
            [-0.16189678, 51.49927907],
            [-0.16190162, 51.49928094]
          ]
        ]
      }
    },
    {
      "type": "Feature",
      "id": 316,
      "properties": {
        "feature_type": "unit",
        "level_id": 1,
        "name": "Burberry",
        "category": "womens-clothing"
      },
      "geometry": {
        "type": "Polygon",
        "coordinates": [
          [
            [-0.16239958, 51.4986448],
            [-0.16235268, 51.49864587],
            [-0.16234376, 51.49858366],
            [-0.16255361, 51.49857338],
            [-0.16256764, 51.49857336],
            [-0.16271935, 51.49856394],
            [-0.16272504, 51.49862313],
            [-0.16269181, 51.4986253],
            [-0.16261387, 51.49863041],
            [-0.16257729, 51.4986328],
            [-0.16256124, 51.4986343],
            [-0.16248693, 51.49863948],
            [-0.16239958, 51.4986448]
          ]
        ]
      }
    },
    {
      "type": "Feature",
      "id": 317,
      "properties": {
        "feature_type": "unit",
        "level_id": 1,
        "name": "Schiaparelli",
        "category": "womens-clothing"
      },
      "geometry": {
        "type": "Polygon",
        "coordinates": [
          [
            [-0.16258171, 51.49867389],
            [-0.16262154, 51.49866896],
            [-0.16268918, 51.4986667],
            [-0.16270172, 51.49866628],
            [-0.16270778, 51.49876112],
            [-0.16255428, 51.49876899],
            [-0.16258638, 51.49870052],
            [-0.16258171, 51.49867389]
          ]
        ]
      }
    },
    {
      "type": "Feature",
      "id": 318,
      "properties": {
        "feature_type": "unit",
        "level_id": 1,
        "name": "Dolce & Gabbana",
        "category": "womens-clothing"
      },
      "geometry": {
        "type": "Polygon",
        "coordinates": [
          [
            [-0.16240298, 51.49868197],
            [-0.1624916, 51.498679],
            [-0.16256747, 51.49867374],
            [-0.16257031, 51.49870271],
            [-0.16246503, 51.49882106],
            [-0.16243206, 51.4987998],
            [-0.16238481, 51.49876933],
            [-0.16231745, 51.49872589],
            [-0.16234865, 51.49868632],
            [-0.16240298, 51.49868197]
          ]
        ]
      }
    },
    {
      "type": "Feature",
      "id": 319,
      "properties": {
        "feature_type": "unit",
        "level_id": 1,
        "name": "Dior",
        "category": "womens-clothing"
      },
      "geometry": {
        "type": "Polygon",
        "coordinates": [
          [
            [-0.16195467, 51.49924311],
            [-0.16198968, 51.49919153],
            [-0.1620065, 51.49916778],
            [-0.16205466, 51.49910287],
            [-0.16204141, 51.49909884],
            [-0.16205723, 51.49907517],
            [-0.16206821, 51.49907766],
            [-0.16210796, 51.49902656],
            [-0.16220062, 51.49908502],
            [-0.16211704, 51.499205],
            [-0.16211393, 51.49920706],
            [-0.16195769, 51.4992451],
            [-0.16195174, 51.49924537],
            [-0.16195467, 51.49924311]
          ]
        ]
      }
    },
    {
      "type": "Feature",
      "id": 320,
      "properties": {
        "feature_type": "unit",
        "level_id": 1,
        "name": "Miu Miu",
        "category": "womens-clothing"
      },
      "geometry": {
        "type": "Polygon",
        "coordinates": [
          [
            [-0.16271734, 51.49925136],
            [-0.16269753, 51.4992386],
            [-0.16266864, 51.49921999],
            [-0.16259407, 51.49917196],
            [-0.16260232, 51.49916687],
            [-0.16259083, 51.49915994],
            [-0.16261282, 51.49914688],
            [-0.1626231, 51.49915308],
            [-0.16264781, 51.49913878],
            [-0.16277291, 51.49921946],
            [-0.16271734, 51.49925136]
          ]
        ]
      }
    },
    {
      "type": "Feature",
      "id": 321,
      "properties": {
        "feature_type": "unit",
        "level_id": 1,
        "name": "International Designer 2",
        "category": "womens-clothing"
      },
      "geometry": {
        "type": "Polygon",
        "coordinates": [
          [
            [-0.16315971, 51.49935609],
            [-0.16316414, 51.49935915],
            [-0.16319469, 51.49937842],
            [-0.16318823, 51.49938229],
            [-0.16320389, 51.49939239],
            [-0.16317824, 51.49940747],
            [-0.16309758, 51.49945594],
            [-0.16305909, 51.49943111],
            [-0.16304821, 51.49943765],
            [-0.16302285, 51.49942129],
            [-0.16303372, 51.49941475],
            [-0.16294711, 51.4993589],
            [-0.16292962, 51.49934762],
            [-0.16286226, 51.49930418],
            [-0.16289179, 51.49928643],
            [-0.16291847, 51.49930091],
            [-0.16304445, 51.49922521],
            [-0.16306347, 51.49921378],
            [-0.16307163, 51.49920888],
            [-0.16311449, 51.49923652],
            [-0.16313199, 51.4992478],
            [-0.16323162, 51.49931205],
            [-0.16315971, 51.49935609]
          ]
        ]
      }
    },
    {
      "type": "Feature",
      "id": 322,
      "properties": {
        "feature_type": "unit",
        "level_id": 1,
        "name": "Occassions",
        "category": "womens-clothing"
      },
      "geometry": {
        "type": "Polygon",
        "coordinates": [
          [
            [-0.16341601, 51.49966129],
            [-0.16327056, 51.49956749],
            [-0.16324805, 51.49955298],
            [-0.16315269, 51.49949148],
            [-0.16312732, 51.49947512],
            [-0.16310895, 51.49946327],
            [-0.16318961, 51.4994148],
            [-0.16321499, 51.49939955],
            [-0.16329383, 51.49935217],
            [-0.1633367, 51.49937982],
            [-0.16343036, 51.49944022],
            [-0.16345346, 51.49945511],
            [-0.16353965, 51.4995107],
            [-0.16360264, 51.49955132],
            [-0.16341601, 51.49966129]
          ]
        ]
      }
    },
    {
      "type": "Feature",
      "id": 323,
      "properties": {
        "feature_type": "unit",
        "level_id": 4,
        "name": "Contemporary (Multi Brand)",
        "category": "womens-clothing"
      },
      "geometry": {
        "type": "Polygon",
        "coordinates": [
          [
            [-0.16239768, 51.49860076],
            [-0.16228114, 51.49876583],
            [-0.16224361, 51.49875391],
            [-0.16219737, 51.49874073],
            [-0.16230628, 51.49858706],
            [-0.16252745, 51.49857257],
            [-0.16249285, 51.49861981],
            [-0.16249036, 51.49862321],
            [-0.16239768, 51.49860076]
          ]
        ]
      }
    },
    {
      "type": "Feature",
      "id": 324,
      "properties": {
        "feature_type": "unit",
        "level_id": 1,
        "name": "Loro Piana",
        "category": "womens-clothing"
      },
      "geometry": {
        "type": "Polygon",
        "coordinates": [
          [
            [-0.16208742, 51.49870173],
            [-0.16215577, 51.49860968],
            [-0.16215969, 51.49860608],
            [-0.16216834, 51.49860104],
            [-0.16218314, 51.49859534],
            [-0.16219624, 51.49859214],
            [-0.16219813, 51.49859194],
            [-0.16221562, 51.49859013],
            [-0.16226792, 51.49858765],
            [-0.16232982, 51.49858715],
            [-0.16233762, 51.49864293],
            [-0.16233581, 51.49864402],
            [-0.16230828, 51.49864524],
            [-0.16229329, 51.49865322],
            [-0.16227377, 51.49869214],
            [-0.1622553, 51.49871743],
            [-0.1622368, 51.49874275],
            [-0.16208742, 51.49870173]
          ]
        ]
      }
    },
    {
      "type": "Feature",
      "id": 325,
      "properties": {
        "feature_type": "unit",
        "level_id": 4,
        "name": "Women's Denim, Sport & Ski",
        "category": "womens-clothing"
      },
      "geometry": {
        "type": "Polygon",
        "coordinates": [
          [
            [-0.16217803, 51.49924453],
            [-0.16231964, 51.49915944],
            [-0.16234606, 51.49914356],
            [-0.16242634, 51.49909531],
            [-0.16244538, 51.49908388],
            [-0.16250428, 51.49904848],
            [-0.16256828, 51.49908975],
            [-0.16263806, 51.49904781],
            [-0.16276652, 51.49913066],
            [-0.16269674, 51.49917259],
            [-0.1627711, 51.49922055],
            [-0.16269406, 51.49926679],
            [-0.1626686, 51.49928207],
            [-0.16257048, 51.49934096],
            [-0.16255116, 51.49935221],
            [-0.16252346, 51.49933435],
            [-0.16241685, 51.49939854],
            [-0.16217803, 51.49924453]
          ]
        ]
      }
    },
    {
      "type": "Feature",
      "id": 326,
      "properties": {
        "feature_type": "unit",
        "level_id": 1,
        "name": "Women's Designer Collections Room 2",
        "category": "womens-clothing"
      },
      "geometry": {
        "type": "Polygon",
        "coordinates": [
          [
            [-0.16301826, 51.49989704],
            [-0.16296523, 51.49986284],
            [-0.16294915, 51.49985247],
            [-0.16267534, 51.49967589],
            [-0.16276239, 51.49962365],
            [-0.16278137, 51.49961217],
            [-0.16286112, 51.4995644],
            [-0.16286344, 51.49956453],
            [-0.16291889, 51.49960037],
            [-0.16294091, 51.4996181],
            [-0.16313584, 51.49974028],
            [-0.16315121, 51.4997502],
            [-0.16320582, 51.49978542],
            [-0.16301826, 51.49989704]
          ]
        ]
      }
    },
    {
      "type": "Feature",
      "id": 327,
      "properties": {
        "feature_type": "unit",
        "level_id": 4,
        "name": "My Wardrobe HQ",
        "category": "womens-clothing"
      },
      "geometry": {
        "type": "Polygon",
        "coordinates": [
          [
            [-0.16256035, 51.49863744],
            [-0.16249285, 51.49861981],
            [-0.16252745, 51.49857257],
            [-0.16255445, 51.49857163],
            [-0.16256035, 51.49863744]
          ]
        ]
      }
    },
    {
      "type": "Feature",
      "id": 328,
      "properties": {
        "feature_type": "unit",
        "level_id": 1,
        "name": "International Designer",
        "category": "womens-clothing"
      },
      "geometry": {
        "type": "Polygon",
        "coordinates": [
          [
            [-0.16311949, 51.4989349],
            [-0.16324261, 51.49882408],
            [-0.1632628, 51.4988059],
            [-0.16336356, 51.49871521],
            [-0.16378225, 51.49891378],
            [-0.16376109, 51.49893214],
            [-0.16374338, 51.49894795],
            [-0.1637391, 51.4989518],
            [-0.16373235, 51.49895789],
            [-0.16372818, 51.49896165],
            [-0.16372142, 51.49896775],
            [-0.16371727, 51.49897149],
            [-0.16371052, 51.49897758],
            [-0.16369082, 51.49898634],
            [-0.16367214, 51.49899663],
            [-0.16365869, 51.49900474],
            [-0.16362957, 51.49899081],
            [-0.16360168, 51.49901164],
            [-0.16360787, 51.49901486],
            [-0.16362822, 51.49902439],
            [-0.16363562, 51.49902785],
            [-0.16360698, 51.49904403],
            [-0.16357444, 51.49902719],
            [-0.16355969, 51.49903852],
            [-0.16354913, 51.49904581],
            [-0.16352411, 51.49906194],
            [-0.163511, 51.49906993],
            [-0.16349659, 51.49907871],
            [-0.16349723, 51.49909044],
            [-0.16347823, 51.49910077],
            [-0.16342476, 51.4991329],
            [-0.16311949, 51.4989349]
          ]
        ]
      }
    },
    {
      "type": "Feature",
      "id": 329,
      "properties": {
        "feature_type": "unit",
        "level_id": 1,
        "name": "Women's Designer Collections Room 1",
        "category": "womens-clothing"
      },
      "geometry": {
        "type": "Polygon",
        "coordinates": [
          [
            [-0.16277402, 51.49866522],
            [-0.16276384, 51.49865508],
            [-0.16275818, 51.49865535],
            [-0.16273012, 51.49865667],
            [-0.16272754, 51.49863451],
            [-0.16274234, 51.49863367],
            [-0.16273651, 51.49856217],
            [-0.16282212, 51.49856262],
            [-0.1628268, 51.49856289],
            [-0.16295628, 51.49858282],
            [-0.16307716, 51.49861326],
            [-0.16309756, 51.49861932],
            [-0.16326178, 51.49869358],
            [-0.16325006, 51.49870504],
            [-0.1632062, 51.49874489],
            [-0.16326744, 51.4987694],
            [-0.16328141, 51.49877604],
            [-0.16325362, 51.49880196],
            [-0.16323308, 51.49882015],
            [-0.16313368, 51.49890566],
            [-0.16307595, 51.49886843],
            [-0.16305145, 51.49885263],
            [-0.1630497, 51.4988515],
            [-0.16287333, 51.49874618],
            [-0.16286018, 51.49873788],
            [-0.16284717, 51.49872967],
            [-0.16283388, 51.49872128],
            [-0.16282721, 51.49871707],
            [-0.16284108, 51.49870853],
            [-0.16277402, 51.49866522]
          ]
        ]
      }
    },
    {
      "type": "Feature",
      "id": "escalator-1-l-1",
      "properties": {
        "feature_type": "vertical_connection",
        "level_id": -1,
        "name": "Escalator",
        "connection_type": "escalator",
        "vertical_connection_id": "escalator-1"
      },
      "geometry": {
        "type": "Polygon",
        "coordinates": [
          [
            [-0.16400821512087227, 51.49909672533237],
            [-0.16396492487912773, 51.49909672533237],
            [-0.16396492487912773, 51.49912367466762],
            [-0.16400821512087227, 51.49912367466762],
            [-0.16400821512087227, 51.49909672533237]
          ]
        ]
      }
    },
    {
      "type": "Feature",
      "properties": {
        "connection_type": "escalator",
        "feature_type": "vertical_detail",
        "level_id": -1,
        "vertical_connection_id": "escalator-1"
      },
      "geometry": {
        "type": "LineString",
        "coordinates": [
          [-0.16400605060878504, 51.49910570844412],
          [-0.16399162052820354, 51.4991102],
          [-0.16400605060878504, 51.499114691555874]
        ]
      }
    },
    {
      "type": "Feature",
      "properties": {
        "connection_type": "escalator",
        "feature_type": "vertical_detail",
        "level_id": -1,
        "vertical_connection_id": "escalator-1"
      },
      "geometry": {
        "type": "LineString",
        "coordinates": [
          [-0.1639952280483489, 51.49910570844412],
          [-0.1639807979677674, 51.4991102],
          [-0.1639952280483489, 51.499114691555874]
        ]
      }
    },
    {
      "type": "Feature",
      "properties": {
        "connection_type": "escalator",
        "feature_type": "vertical_detail",
        "level_id": -1,
        "vertical_connection_id": "escalator-1"
      },
      "geometry": {
        "type": "LineString",
        "coordinates": [
          [-0.16398440548791277, 51.49910570844412],
          [-0.16396997540733127, 51.4991102],
          [-0.16398440548791277, 51.499114691555874]
        ]
      }
    },
    {
      "type": "Feature",
      "id": "escalator-1-l0",
      "properties": {
        "feature_type": "vertical_connection",
        "level_id": 0,
        "name": "Escalator",
        "connection_type": "escalator",
        "vertical_connection_id": "escalator-1"
      },
      "geometry": {
        "type": "Polygon",
        "coordinates": [
          [
            [-0.16400821512087227, 51.49909672533237],
            [-0.16396492487912773, 51.49909672533237],
            [-0.16396492487912773, 51.49912367466762],
            [-0.16400821512087227, 51.49912367466762],
            [-0.16400821512087227, 51.49909672533237]
          ]
        ]
      }
    },
    {
      "type": "Feature",
      "properties": {
        "connection_type": "escalator",
        "feature_type": "vertical_detail",
        "level_id": 0,
        "vertical_connection_id": "escalator-1"
      },
      "geometry": {
        "type": "LineString",
        "coordinates": [
          [-0.16400605060878504, 51.49910570844412],
          [-0.16399162052820354, 51.4991102],
          [-0.16400605060878504, 51.499114691555874]
        ]
      }
    },
    {
      "type": "Feature",
      "properties": {
        "connection_type": "escalator",
        "feature_type": "vertical_detail",
        "level_id": 0,
        "vertical_connection_id": "escalator-1"
      },
      "geometry": {
        "type": "LineString",
        "coordinates": [
          [-0.1639952280483489, 51.49910570844412],
          [-0.1639807979677674, 51.4991102],
          [-0.1639952280483489, 51.499114691555874]
        ]
      }
    },
    {
      "type": "Feature",
      "properties": {
        "connection_type": "escalator",
        "feature_type": "vertical_detail",
        "level_id": 0,
        "vertical_connection_id": "escalator-1"
      },
      "geometry": {
        "type": "LineString",
        "coordinates": [
          [-0.16398440548791277, 51.49910570844412],
          [-0.16396997540733127, 51.4991102],
          [-0.16398440548791277, 51.499114691555874]
        ]
      }
    },
    {
      "type": "Feature",
      "id": "elevator-1-l-1",
      "properties": {
        "feature_type": "vertical_connection",
        "level_id": -1,
        "name": "Elevator",
        "connection_type": "elevator",
        "vertical_connection_id": "elevator-1"
      },
      "geometry": {
        "type": "Polygon",
        "coordinates": [
          [
            [-0.16358807509431492, 51.49904080533238],
            [-0.1635447849056851, 51.49904080533238],
            [-0.1635447849056851, 51.49906775466763],
            [-0.16358807509431492, 51.49906775466763],
            [-0.16358807509431492, 51.49904080533238]
          ]
        ]
      }
    },
    {
      "type": "Feature",
      "properties": {
        "connection_type": "elevator",
        "feature_type": "vertical_detail",
        "level_id": -1,
        "vertical_connection_id": "elevator-1"
      },
      "geometry": {
        "type": "LineString",
        "coordinates": [
          [-0.16358230306916427, 51.49904439857708],
          [-0.16355055693083576, 51.49906416142293]
        ]
      }
    },
    {
      "type": "Feature",
      "properties": {
        "connection_type": "elevator",
        "feature_type": "vertical_detail",
        "level_id": -1,
        "vertical_connection_id": "elevator-1"
      },
      "geometry": {
        "type": "LineString",
        "coordinates": [
          [-0.16358230306916427, 51.49906416142293],
          [-0.16355055693083576, 51.49904439857708]
        ]
      }
    },
    {
      "type": "Feature",
      "id": "elevator-1-l0",
      "properties": {
        "feature_type": "vertical_connection",
        "level_id": 0,
        "name": "Elevator",
        "connection_type": "elevator",
        "vertical_connection_id": "elevator-1"
      },
      "geometry": {
        "type": "Polygon",
        "coordinates": [
          [
            [-0.16358807509431492, 51.49904080533238],
            [-0.1635447849056851, 51.49904080533238],
            [-0.1635447849056851, 51.49906775466763],
            [-0.16358807509431492, 51.49906775466763],
            [-0.16358807509431492, 51.49904080533238]
          ]
        ]
      }
    },
    {
      "type": "Feature",
      "properties": {
        "connection_type": "elevator",
        "feature_type": "vertical_detail",
        "level_id": 0,
        "vertical_connection_id": "elevator-1"
      },
      "geometry": {
        "type": "LineString",
        "coordinates": [
          [-0.16358230306916427, 51.49904439857708],
          [-0.16355055693083576, 51.49906416142293]
        ]
      }
    },
    {
      "type": "Feature",
      "properties": {
        "connection_type": "elevator",
        "feature_type": "vertical_detail",
        "level_id": 0,
        "vertical_connection_id": "elevator-1"
      },
      "geometry": {
        "type": "LineString",
        "coordinates": [
          [-0.16358230306916427, 51.49906416142293],
          [-0.16355055693083576, 51.49904439857708]
        ]
      }
    },
    {
      "type": "Feature",
      "id": "elevator-1-l1",
      "properties": {
        "feature_type": "vertical_connection",
        "level_id": 1,
        "name": "Elevator",
        "connection_type": "elevator",
        "vertical_connection_id": "elevator-1"
      },
      "geometry": {
        "type": "Polygon",
        "coordinates": [
          [
            [-0.16358807509431492, 51.49904080533238],
            [-0.1635447849056851, 51.49904080533238],
            [-0.1635447849056851, 51.49906775466763],
            [-0.16358807509431492, 51.49906775466763],
            [-0.16358807509431492, 51.49904080533238]
          ]
        ]
      }
    },
    {
      "type": "Feature",
      "properties": {
        "connection_type": "elevator",
        "feature_type": "vertical_detail",
        "level_id": 1,
        "vertical_connection_id": "elevator-1"
      },
      "geometry": {
        "type": "LineString",
        "coordinates": [
          [-0.16358230306916427, 51.49904439857708],
          [-0.16355055693083576, 51.49906416142293]
        ]
      }
    },
    {
      "type": "Feature",
      "properties": {
        "connection_type": "elevator",
        "feature_type": "vertical_detail",
        "level_id": 1,
        "vertical_connection_id": "elevator-1"
      },
      "geometry": {
        "type": "LineString",
        "coordinates": [
          [-0.16358230306916427, 51.49906416142293],
          [-0.16355055693083576, 51.49904439857708]
        ]
      }
    },
    {
      "type": "Feature",
      "id": "elevator-1-l2",
      "properties": {
        "feature_type": "vertical_connection",
        "level_id": 2,
        "name": "Elevator",
        "connection_type": "elevator",
        "vertical_connection_id": "elevator-1"
      },
      "geometry": {
        "type": "Polygon",
        "coordinates": [
          [
            [-0.16358807509431492, 51.49904080533238],
            [-0.1635447849056851, 51.49904080533238],
            [-0.1635447849056851, 51.49906775466763],
            [-0.16358807509431492, 51.49906775466763],
            [-0.16358807509431492, 51.49904080533238]
          ]
        ]
      }
    },
    {
      "type": "Feature",
      "properties": {
        "connection_type": "elevator",
        "feature_type": "vertical_detail",
        "level_id": 2,
        "vertical_connection_id": "elevator-1"
      },
      "geometry": {
        "type": "LineString",
        "coordinates": [
          [-0.16358230306916427, 51.49904439857708],
          [-0.16355055693083576, 51.49906416142293]
        ]
      }
    },
    {
      "type": "Feature",
      "properties": {
        "connection_type": "elevator",
        "feature_type": "vertical_detail",
        "level_id": 2,
        "vertical_connection_id": "elevator-1"
      },
      "geometry": {
        "type": "LineString",
        "coordinates": [
          [-0.16358230306916427, 51.49906416142293],
          [-0.16355055693083576, 51.49904439857708]
        ]
      }
    },
    {
      "type": "Feature",
      "id": "elevator-1-l3",
      "properties": {
        "feature_type": "vertical_connection",
        "level_id": 3,
        "name": "Elevator",
        "connection_type": "elevator",
        "vertical_connection_id": "elevator-1"
      },
      "geometry": {
        "type": "Polygon",
        "coordinates": [
          [
            [-0.16358807509431492, 51.49904080533238],
            [-0.1635447849056851, 51.49904080533238],
            [-0.1635447849056851, 51.49906775466763],
            [-0.16358807509431492, 51.49906775466763],
            [-0.16358807509431492, 51.49904080533238]
          ]
        ]
      }
    },
    {
      "type": "Feature",
      "properties": {
        "connection_type": "elevator",
        "feature_type": "vertical_detail",
        "level_id": 3,
        "vertical_connection_id": "elevator-1"
      },
      "geometry": {
        "type": "LineString",
        "coordinates": [
          [-0.16358230306916427, 51.49904439857708],
          [-0.16355055693083576, 51.49906416142293]
        ]
      }
    },
    {
      "type": "Feature",
      "properties": {
        "connection_type": "elevator",
        "feature_type": "vertical_detail",
        "level_id": 3,
        "vertical_connection_id": "elevator-1"
      },
      "geometry": {
        "type": "LineString",
        "coordinates": [
          [-0.16358230306916427, 51.49906416142293],
          [-0.16355055693083576, 51.49904439857708]
        ]
      }
    },
    {
      "type": "Feature",
      "id": "elevator-1-l4",
      "properties": {
        "feature_type": "vertical_connection",
        "level_id": 4,
        "name": "Elevator",
        "connection_type": "elevator",
        "vertical_connection_id": "elevator-1"
      },
      "geometry": {
        "type": "Polygon",
        "coordinates": [
          [
            [-0.16358807509431492, 51.49904080533238],
            [-0.1635447849056851, 51.49904080533238],
            [-0.1635447849056851, 51.49906775466763],
            [-0.16358807509431492, 51.49906775466763],
            [-0.16358807509431492, 51.49904080533238]
          ]
        ]
      }
    },
    {
      "type": "Feature",
      "properties": {
        "connection_type": "elevator",
        "feature_type": "vertical_detail",
        "level_id": 4,
        "vertical_connection_id": "elevator-1"
      },
      "geometry": {
        "type": "LineString",
        "coordinates": [
          [-0.16358230306916427, 51.49904439857708],
          [-0.16355055693083576, 51.49906416142293]
        ]
      }
    },
    {
      "type": "Feature",
      "properties": {
        "connection_type": "elevator",
        "feature_type": "vertical_detail",
        "level_id": 4,
        "vertical_connection_id": "elevator-1"
      },
      "geometry": {
        "type": "LineString",
        "coordinates": [
          [-0.16358230306916427, 51.49906416142293],
          [-0.16355055693083576, 51.49904439857708]
        ]
      }
    },
    {
      "type": "Feature",
      "id": "elevator-1-l5",
      "properties": {
        "feature_type": "vertical_connection",
        "level_id": 5,
        "name": "Elevator",
        "connection_type": "elevator",
        "vertical_connection_id": "elevator-1"
      },
      "geometry": {
        "type": "Polygon",
        "coordinates": [
          [
            [-0.16358807509431492, 51.49904080533238],
            [-0.1635447849056851, 51.49904080533238],
            [-0.1635447849056851, 51.49906775466763],
            [-0.16358807509431492, 51.49906775466763],
            [-0.16358807509431492, 51.49904080533238]
          ]
        ]
      }
    },
    {
      "type": "Feature",
      "properties": {
        "connection_type": "elevator",
        "feature_type": "vertical_detail",
        "level_id": 5,
        "vertical_connection_id": "elevator-1"
      },
      "geometry": {
        "type": "LineString",
        "coordinates": [
          [-0.16358230306916427, 51.49904439857708],
          [-0.16355055693083576, 51.49906416142293]
        ]
      }
    },
    {
      "type": "Feature",
      "properties": {
        "connection_type": "elevator",
        "feature_type": "vertical_detail",
        "level_id": 5,
        "vertical_connection_id": "elevator-1"
      },
      "geometry": {
        "type": "LineString",
        "coordinates": [
          [-0.16358230306916427, 51.49906416142293],
          [-0.16355055693083576, 51.49904439857708]
        ]
      }
    },
    {
      "type": "Feature",
      "id": "elevator-1-l6",
      "properties": {
        "feature_type": "vertical_connection",
        "level_id": 6,
        "name": "Elevator",
        "connection_type": "elevator",
        "vertical_connection_id": "elevator-1"
      },
      "geometry": {
        "type": "Polygon",
        "coordinates": [
          [
            [-0.16358807509431492, 51.49904080533238],
            [-0.1635447849056851, 51.49904080533238],
            [-0.1635447849056851, 51.49906775466763],
            [-0.16358807509431492, 51.49906775466763],
            [-0.16358807509431492, 51.49904080533238]
          ]
        ]
      }
    },
    {
      "type": "Feature",
      "properties": {
        "connection_type": "elevator",
        "feature_type": "vertical_detail",
        "level_id": 6,
        "vertical_connection_id": "elevator-1"
      },
      "geometry": {
        "type": "LineString",
        "coordinates": [
          [-0.16358230306916427, 51.49904439857708],
          [-0.16355055693083576, 51.49906416142293]
        ]
      }
    },
    {
      "type": "Feature",
      "properties": {
        "connection_type": "elevator",
        "feature_type": "vertical_detail",
        "level_id": 6,
        "vertical_connection_id": "elevator-1"
      },
      "geometry": {
        "type": "LineString",
        "coordinates": [
          [-0.16358230306916427, 51.49906416142293],
          [-0.16355055693083576, 51.49904439857708]
        ]
      }
    },
    {
      "type": "Feature",
      "id": "stairs-inferred-l-1",
      "properties": {
        "feature_type": "vertical_connection",
        "level_id": -1,
        "name": "Staircase (inferred)",
        "connection_type": "stairs",
        "vertical_connection_id": "stairs-inferred"
      },
      "geometry": {
        "type": "Polygon",
        "coordinates": [
          [
            [-0.16263263508825498, 51.49902804533237],
            [-0.16258934491174504, 51.49902804533237],
            [-0.16258934491174504, 51.499054994667624],
            [-0.16263263508825498, 51.499054994667624],
            [-0.16263263508825498, 51.49902804533237]
          ]
        ]
      }
    },
    {
      "type": "Feature",
      "properties": {
        "connection_type": "stairs",
        "feature_type": "vertical_detail",
        "level_id": -1,
        "vertical_connection_id": "stairs-inferred"
      },
      "geometry": {
        "type": "LineString",
        "coordinates": [
          [-0.16262542005883665, 51.49903253688825],
          [-0.16262542005883665, 51.49905050311175]
        ]
      }
    },
    {
      "type": "Feature",
      "properties": {
        "connection_type": "stairs",
        "feature_type": "vertical_detail",
        "level_id": -1,
        "vertical_connection_id": "stairs-inferred"
      },
      "geometry": {
        "type": "LineString",
        "coordinates": [
          [-0.16261820502941834, 51.49903253688825],
          [-0.16261820502941834, 51.49905050311175]
        ]
      }
    },
    {
      "type": "Feature",
      "properties": {
        "connection_type": "stairs",
        "feature_type": "vertical_detail",
        "level_id": -1,
        "vertical_connection_id": "stairs-inferred"
      },
      "geometry": {
        "type": "LineString",
        "coordinates": [
          [-0.16261099, 51.49903253688825],
          [-0.16261099, 51.49905050311175]
        ]
      }
    },
    {
      "type": "Feature",
      "properties": {
        "connection_type": "stairs",
        "feature_type": "vertical_detail",
        "level_id": -1,
        "vertical_connection_id": "stairs-inferred"
      },
      "geometry": {
        "type": "LineString",
        "coordinates": [
          [-0.16260377497058168, 51.49903253688825],
          [-0.16260377497058168, 51.49905050311175]
        ]
      }
    },
    {
      "type": "Feature",
      "properties": {
        "connection_type": "stairs",
        "feature_type": "vertical_detail",
        "level_id": -1,
        "vertical_connection_id": "stairs-inferred"
      },
      "geometry": {
        "type": "LineString",
        "coordinates": [
          [-0.16259655994116337, 51.49903253688825],
          [-0.16259655994116337, 51.49905050311175]
        ]
      }
    },
    {
      "type": "Feature",
      "id": "stairs-inferred-l0",
      "properties": {
        "feature_type": "vertical_connection",
        "level_id": 0,
        "name": "Staircase (inferred)",
        "connection_type": "stairs",
        "vertical_connection_id": "stairs-inferred"
      },
      "geometry": {
        "type": "Polygon",
        "coordinates": [
          [
            [-0.16263263508825498, 51.49902804533237],
            [-0.16258934491174504, 51.49902804533237],
            [-0.16258934491174504, 51.499054994667624],
            [-0.16263263508825498, 51.499054994667624],
            [-0.16263263508825498, 51.49902804533237]
          ]
        ]
      }
    },
    {
      "type": "Feature",
      "properties": {
        "connection_type": "stairs",
        "feature_type": "vertical_detail",
        "level_id": 0,
        "vertical_connection_id": "stairs-inferred"
      },
      "geometry": {
        "type": "LineString",
        "coordinates": [
          [-0.16262542005883665, 51.49903253688825],
          [-0.16262542005883665, 51.49905050311175]
        ]
      }
    },
    {
      "type": "Feature",
      "properties": {
        "connection_type": "stairs",
        "feature_type": "vertical_detail",
        "level_id": 0,
        "vertical_connection_id": "stairs-inferred"
      },
      "geometry": {
        "type": "LineString",
        "coordinates": [
          [-0.16261820502941834, 51.49903253688825],
          [-0.16261820502941834, 51.49905050311175]
        ]
      }
    },
    {
      "type": "Feature",
      "properties": {
        "connection_type": "stairs",
        "feature_type": "vertical_detail",
        "level_id": 0,
        "vertical_connection_id": "stairs-inferred"
      },
      "geometry": {
        "type": "LineString",
        "coordinates": [
          [-0.16261099, 51.49903253688825],
          [-0.16261099, 51.49905050311175]
        ]
      }
    },
    {
      "type": "Feature",
      "properties": {
        "connection_type": "stairs",
        "feature_type": "vertical_detail",
        "level_id": 0,
        "vertical_connection_id": "stairs-inferred"
      },
      "geometry": {
        "type": "LineString",
        "coordinates": [
          [-0.16260377497058168, 51.49903253688825],
          [-0.16260377497058168, 51.49905050311175]
        ]
      }
    },
    {
      "type": "Feature",
      "properties": {
        "connection_type": "stairs",
        "feature_type": "vertical_detail",
        "level_id": 0,
        "vertical_connection_id": "stairs-inferred"
      },
      "geometry": {
        "type": "LineString",
        "coordinates": [
          [-0.16259655994116337, 51.49903253688825],
          [-0.16259655994116337, 51.49905050311175]
        ]
      }
    },
    {
      "type": "Feature",
      "id": "stairs-inferred-l1",
      "properties": {
        "feature_type": "vertical_connection",
        "level_id": 1,
        "name": "Staircase (inferred)",
        "connection_type": "stairs",
        "vertical_connection_id": "stairs-inferred"
      },
      "geometry": {
        "type": "Polygon",
        "coordinates": [
          [
            [-0.16263263508825498, 51.49902804533237],
            [-0.16258934491174504, 51.49902804533237],
            [-0.16258934491174504, 51.499054994667624],
            [-0.16263263508825498, 51.499054994667624],
            [-0.16263263508825498, 51.49902804533237]
          ]
        ]
      }
    },
    {
      "type": "Feature",
      "properties": {
        "connection_type": "stairs",
        "feature_type": "vertical_detail",
        "level_id": 1,
        "vertical_connection_id": "stairs-inferred"
      },
      "geometry": {
        "type": "LineString",
        "coordinates": [
          [-0.16262542005883665, 51.49903253688825],
          [-0.16262542005883665, 51.49905050311175]
        ]
      }
    },
    {
      "type": "Feature",
      "properties": {
        "connection_type": "stairs",
        "feature_type": "vertical_detail",
        "level_id": 1,
        "vertical_connection_id": "stairs-inferred"
      },
      "geometry": {
        "type": "LineString",
        "coordinates": [
          [-0.16261820502941834, 51.49903253688825],
          [-0.16261820502941834, 51.49905050311175]
        ]
      }
    },
    {
      "type": "Feature",
      "properties": {
        "connection_type": "stairs",
        "feature_type": "vertical_detail",
        "level_id": 1,
        "vertical_connection_id": "stairs-inferred"
      },
      "geometry": {
        "type": "LineString",
        "coordinates": [
          [-0.16261099, 51.49903253688825],
          [-0.16261099, 51.49905050311175]
        ]
      }
    },
    {
      "type": "Feature",
      "properties": {
        "connection_type": "stairs",
        "feature_type": "vertical_detail",
        "level_id": 1,
        "vertical_connection_id": "stairs-inferred"
      },
      "geometry": {
        "type": "LineString",
        "coordinates": [
          [-0.16260377497058168, 51.49903253688825],
          [-0.16260377497058168, 51.49905050311175]
        ]
      }
    },
    {
      "type": "Feature",
      "properties": {
        "connection_type": "stairs",
        "feature_type": "vertical_detail",
        "level_id": 1,
        "vertical_connection_id": "stairs-inferred"
      },
      "geometry": {
        "type": "LineString",
        "coordinates": [
          [-0.16259655994116337, 51.49903253688825],
          [-0.16259655994116337, 51.49905050311175]
        ]
      }
    },
    {
      "type": "Feature",
      "id": "stairs-inferred-l2",
      "properties": {
        "feature_type": "vertical_connection",
        "level_id": 2,
        "name": "Staircase (inferred)",
        "connection_type": "stairs",
        "vertical_connection_id": "stairs-inferred"
      },
      "geometry": {
        "type": "Polygon",
        "coordinates": [
          [
            [-0.16263263508825498, 51.49902804533237],
            [-0.16258934491174504, 51.49902804533237],
            [-0.16258934491174504, 51.499054994667624],
            [-0.16263263508825498, 51.499054994667624],
            [-0.16263263508825498, 51.49902804533237]
          ]
        ]
      }
    },
    {
      "type": "Feature",
      "properties": {
        "connection_type": "stairs",
        "feature_type": "vertical_detail",
        "level_id": 2,
        "vertical_connection_id": "stairs-inferred"
      },
      "geometry": {
        "type": "LineString",
        "coordinates": [
          [-0.16262542005883665, 51.49903253688825],
          [-0.16262542005883665, 51.49905050311175]
        ]
      }
    },
    {
      "type": "Feature",
      "properties": {
        "connection_type": "stairs",
        "feature_type": "vertical_detail",
        "level_id": 2,
        "vertical_connection_id": "stairs-inferred"
      },
      "geometry": {
        "type": "LineString",
        "coordinates": [
          [-0.16261820502941834, 51.49903253688825],
          [-0.16261820502941834, 51.49905050311175]
        ]
      }
    },
    {
      "type": "Feature",
      "properties": {
        "connection_type": "stairs",
        "feature_type": "vertical_detail",
        "level_id": 2,
        "vertical_connection_id": "stairs-inferred"
      },
      "geometry": {
        "type": "LineString",
        "coordinates": [
          [-0.16261099, 51.49903253688825],
          [-0.16261099, 51.49905050311175]
        ]
      }
    },
    {
      "type": "Feature",
      "properties": {
        "connection_type": "stairs",
        "feature_type": "vertical_detail",
        "level_id": 2,
        "vertical_connection_id": "stairs-inferred"
      },
      "geometry": {
        "type": "LineString",
        "coordinates": [
          [-0.16260377497058168, 51.49903253688825],
          [-0.16260377497058168, 51.49905050311175]
        ]
      }
    },
    {
      "type": "Feature",
      "properties": {
        "connection_type": "stairs",
        "feature_type": "vertical_detail",
        "level_id": 2,
        "vertical_connection_id": "stairs-inferred"
      },
      "geometry": {
        "type": "LineString",
        "coordinates": [
          [-0.16259655994116337, 51.49903253688825],
          [-0.16259655994116337, 51.49905050311175]
        ]
      }
    },
    {
      "type": "Feature",
      "id": "stairs-inferred-l3",
      "properties": {
        "feature_type": "vertical_connection",
        "level_id": 3,
        "name": "Staircase (inferred)",
        "connection_type": "stairs",
        "vertical_connection_id": "stairs-inferred"
      },
      "geometry": {
        "type": "Polygon",
        "coordinates": [
          [
            [-0.16263263508825498, 51.49902804533237],
            [-0.16258934491174504, 51.49902804533237],
            [-0.16258934491174504, 51.499054994667624],
            [-0.16263263508825498, 51.499054994667624],
            [-0.16263263508825498, 51.49902804533237]
          ]
        ]
      }
    },
    {
      "type": "Feature",
      "properties": {
        "connection_type": "stairs",
        "feature_type": "vertical_detail",
        "level_id": 3,
        "vertical_connection_id": "stairs-inferred"
      },
      "geometry": {
        "type": "LineString",
        "coordinates": [
          [-0.16262542005883665, 51.49903253688825],
          [-0.16262542005883665, 51.49905050311175]
        ]
      }
    },
    {
      "type": "Feature",
      "properties": {
        "connection_type": "stairs",
        "feature_type": "vertical_detail",
        "level_id": 3,
        "vertical_connection_id": "stairs-inferred"
      },
      "geometry": {
        "type": "LineString",
        "coordinates": [
          [-0.16261820502941834, 51.49903253688825],
          [-0.16261820502941834, 51.49905050311175]
        ]
      }
    },
    {
      "type": "Feature",
      "properties": {
        "connection_type": "stairs",
        "feature_type": "vertical_detail",
        "level_id": 3,
        "vertical_connection_id": "stairs-inferred"
      },
      "geometry": {
        "type": "LineString",
        "coordinates": [
          [-0.16261099, 51.49903253688825],
          [-0.16261099, 51.49905050311175]
        ]
      }
    },
    {
      "type": "Feature",
      "properties": {
        "connection_type": "stairs",
        "feature_type": "vertical_detail",
        "level_id": 3,
        "vertical_connection_id": "stairs-inferred"
      },
      "geometry": {
        "type": "LineString",
        "coordinates": [
          [-0.16260377497058168, 51.49903253688825],
          [-0.16260377497058168, 51.49905050311175]
        ]
      }
    },
    {
      "type": "Feature",
      "properties": {
        "connection_type": "stairs",
        "feature_type": "vertical_detail",
        "level_id": 3,
        "vertical_connection_id": "stairs-inferred"
      },
      "geometry": {
        "type": "LineString",
        "coordinates": [
          [-0.16259655994116337, 51.49903253688825],
          [-0.16259655994116337, 51.49905050311175]
        ]
      }
    },
    {
      "type": "Feature",
      "id": "stairs-inferred-l4",
      "properties": {
        "feature_type": "vertical_connection",
        "level_id": 4,
        "name": "Staircase (inferred)",
        "connection_type": "stairs",
        "vertical_connection_id": "stairs-inferred"
      },
      "geometry": {
        "type": "Polygon",
        "coordinates": [
          [
            [-0.16263263508825498, 51.49902804533237],
            [-0.16258934491174504, 51.49902804533237],
            [-0.16258934491174504, 51.499054994667624],
            [-0.16263263508825498, 51.499054994667624],
            [-0.16263263508825498, 51.49902804533237]
          ]
        ]
      }
    },
    {
      "type": "Feature",
      "properties": {
        "connection_type": "stairs",
        "feature_type": "vertical_detail",
        "level_id": 4,
        "vertical_connection_id": "stairs-inferred"
      },
      "geometry": {
        "type": "LineString",
        "coordinates": [
          [-0.16262542005883665, 51.49903253688825],
          [-0.16262542005883665, 51.49905050311175]
        ]
      }
    },
    {
      "type": "Feature",
      "properties": {
        "connection_type": "stairs",
        "feature_type": "vertical_detail",
        "level_id": 4,
        "vertical_connection_id": "stairs-inferred"
      },
      "geometry": {
        "type": "LineString",
        "coordinates": [
          [-0.16261820502941834, 51.49903253688825],
          [-0.16261820502941834, 51.49905050311175]
        ]
      }
    },
    {
      "type": "Feature",
      "properties": {
        "connection_type": "stairs",
        "feature_type": "vertical_detail",
        "level_id": 4,
        "vertical_connection_id": "stairs-inferred"
      },
      "geometry": {
        "type": "LineString",
        "coordinates": [
          [-0.16261099, 51.49903253688825],
          [-0.16261099, 51.49905050311175]
        ]
      }
    },
    {
      "type": "Feature",
      "properties": {
        "connection_type": "stairs",
        "feature_type": "vertical_detail",
        "level_id": 4,
        "vertical_connection_id": "stairs-inferred"
      },
      "geometry": {
        "type": "LineString",
        "coordinates": [
          [-0.16260377497058168, 51.49903253688825],
          [-0.16260377497058168, 51.49905050311175]
        ]
      }
    },
    {
      "type": "Feature",
      "properties": {
        "connection_type": "stairs",
        "feature_type": "vertical_detail",
        "level_id": 4,
        "vertical_connection_id": "stairs-inferred"
      },
      "geometry": {
        "type": "LineString",
        "coordinates": [
          [-0.16259655994116337, 51.49903253688825],
          [-0.16259655994116337, 51.49905050311175]
        ]
      }
    },
    {
      "type": "Feature",
      "id": "stairs-inferred-l5",
      "properties": {
        "feature_type": "vertical_connection",
        "level_id": 5,
        "name": "Staircase (inferred)",
        "connection_type": "stairs",
        "vertical_connection_id": "stairs-inferred"
      },
      "geometry": {
        "type": "Polygon",
        "coordinates": [
          [
            [-0.16263263508825498, 51.49902804533237],
            [-0.16258934491174504, 51.49902804533237],
            [-0.16258934491174504, 51.499054994667624],
            [-0.16263263508825498, 51.499054994667624],
            [-0.16263263508825498, 51.49902804533237]
          ]
        ]
      }
    },
    {
      "type": "Feature",
      "properties": {
        "connection_type": "stairs",
        "feature_type": "vertical_detail",
        "level_id": 5,
        "vertical_connection_id": "stairs-inferred"
      },
      "geometry": {
        "type": "LineString",
        "coordinates": [
          [-0.16262542005883665, 51.49903253688825],
          [-0.16262542005883665, 51.49905050311175]
        ]
      }
    },
    {
      "type": "Feature",
      "properties": {
        "connection_type": "stairs",
        "feature_type": "vertical_detail",
        "level_id": 5,
        "vertical_connection_id": "stairs-inferred"
      },
      "geometry": {
        "type": "LineString",
        "coordinates": [
          [-0.16261820502941834, 51.49903253688825],
          [-0.16261820502941834, 51.49905050311175]
        ]
      }
    },
    {
      "type": "Feature",
      "properties": {
        "connection_type": "stairs",
        "feature_type": "vertical_detail",
        "level_id": 5,
        "vertical_connection_id": "stairs-inferred"
      },
      "geometry": {
        "type": "LineString",
        "coordinates": [
          [-0.16261099, 51.49903253688825],
          [-0.16261099, 51.49905050311175]
        ]
      }
    },
    {
      "type": "Feature",
      "properties": {
        "connection_type": "stairs",
        "feature_type": "vertical_detail",
        "level_id": 5,
        "vertical_connection_id": "stairs-inferred"
      },
      "geometry": {
        "type": "LineString",
        "coordinates": [
          [-0.16260377497058168, 51.49903253688825],
          [-0.16260377497058168, 51.49905050311175]
        ]
      }
    },
    {
      "type": "Feature",
      "properties": {
        "connection_type": "stairs",
        "feature_type": "vertical_detail",
        "level_id": 5,
        "vertical_connection_id": "stairs-inferred"
      },
      "geometry": {
        "type": "LineString",
        "coordinates": [
          [-0.16259655994116337, 51.49903253688825],
          [-0.16259655994116337, 51.49905050311175]
        ]
      }
    },
    {
      "type": "Feature",
      "id": "stairs-inferred-l6",
      "properties": {
        "feature_type": "vertical_connection",
        "level_id": 6,
        "name": "Staircase (inferred)",
        "connection_type": "stairs",
        "vertical_connection_id": "stairs-inferred"
      },
      "geometry": {
        "type": "Polygon",
        "coordinates": [
          [
            [-0.16263263508825498, 51.49902804533237],
            [-0.16258934491174504, 51.49902804533237],
            [-0.16258934491174504, 51.499054994667624],
            [-0.16263263508825498, 51.499054994667624],
            [-0.16263263508825498, 51.49902804533237]
          ]
        ]
      }
    },
    {
      "type": "Feature",
      "properties": {
        "connection_type": "stairs",
        "feature_type": "vertical_detail",
        "level_id": 6,
        "vertical_connection_id": "stairs-inferred"
      },
      "geometry": {
        "type": "LineString",
        "coordinates": [
          [-0.16262542005883665, 51.49903253688825],
          [-0.16262542005883665, 51.49905050311175]
        ]
      }
    },
    {
      "type": "Feature",
      "properties": {
        "connection_type": "stairs",
        "feature_type": "vertical_detail",
        "level_id": 6,
        "vertical_connection_id": "stairs-inferred"
      },
      "geometry": {
        "type": "LineString",
        "coordinates": [
          [-0.16261820502941834, 51.49903253688825],
          [-0.16261820502941834, 51.49905050311175]
        ]
      }
    },
    {
      "type": "Feature",
      "properties": {
        "connection_type": "stairs",
        "feature_type": "vertical_detail",
        "level_id": 6,
        "vertical_connection_id": "stairs-inferred"
      },
      "geometry": {
        "type": "LineString",
        "coordinates": [
          [-0.16261099, 51.49903253688825],
          [-0.16261099, 51.49905050311175]
        ]
      }
    },
    {
      "type": "Feature",
      "properties": {
        "connection_type": "stairs",
        "feature_type": "vertical_detail",
        "level_id": 6,
        "vertical_connection_id": "stairs-inferred"
      },
      "geometry": {
        "type": "LineString",
        "coordinates": [
          [-0.16260377497058168, 51.49903253688825],
          [-0.16260377497058168, 51.49905050311175]
        ]
      }
    },
    {
      "type": "Feature",
      "properties": {
        "connection_type": "stairs",
        "feature_type": "vertical_detail",
        "level_id": 6,
        "vertical_connection_id": "stairs-inferred"
      },
      "geometry": {
        "type": "LineString",
        "coordinates": [
          [-0.16259655994116337, 51.49903253688825],
          [-0.16259655994116337, 51.49905050311175]
        ]
      }
    },
    {
      "type": "Feature",
      "id": "outline--1",
      "properties": {
        "feature_type": "floor_outline",
        "level_id": -1,
        "name": "Level -1 outline"
      },
      "geometry": {
        "type": "Polygon",
        "coordinates": [
          [
            [-0.16424393, 51.49853355],
            [-0.16172766, 51.49853355],
            [-0.16172766, 51.49998592],
            [-0.16424393, 51.49998592],
            [-0.16424393, 51.49853355]
          ]
        ]
      }
    },
    {
      "type": "Feature",
      "id": "outline-0",
      "properties": {
        "feature_type": "floor_outline",
        "level_id": 0,
        "name": "Level 0 outline"
      },
      "geometry": {
        "type": "Polygon",
        "coordinates": [
          [
            [-0.16424451, 51.49798586],
            [-0.16039128, 51.49798586],
            [-0.16039128, 51.50163298],
            [-0.16424451, 51.50163298],
            [-0.16424451, 51.49798586]
          ]
        ]
      }
    },
    {
      "type": "Feature",
      "id": "outline-1",
      "properties": {
        "feature_type": "floor_outline",
        "level_id": 1,
        "name": "Level 1 outline"
      },
      "geometry": {
        "type": "Polygon",
        "coordinates": [
          [
            [-0.16423994, 51.49856217],
            [-0.16168309, 51.49856217],
            [-0.16168309, 51.49998481],
            [-0.16423994, 51.49998481],
            [-0.16423994, 51.49856217]
          ]
        ]
      }
    },
    {
      "type": "Feature",
      "id": "outline-2",
      "properties": {
        "feature_type": "floor_outline",
        "level_id": 2,
        "name": "Level 2 outline"
      },
      "geometry": {
        "type": "Polygon",
        "coordinates": [
          [
            [-0.16424409, 51.4985623],
            [-0.16176199, 51.4985623],
            [-0.16176199, 51.49998524],
            [-0.16424409, 51.49998524],
            [-0.16424409, 51.4985623]
          ]
        ]
      }
    },
    {
      "type": "Feature",
      "id": "outline-3",
      "properties": {
        "feature_type": "floor_outline",
        "level_id": 3,
        "name": "Level 3 outline"
      },
      "geometry": {
        "type": "Polygon",
        "coordinates": [
          [
            [-0.16424493, 51.49856366],
            [-0.16168217, 51.49856366],
            [-0.16168217, 51.49998675],
            [-0.16424493, 51.49998675],
            [-0.16424493, 51.49856366]
          ]
        ]
      }
    },
    {
      "type": "Feature",
      "id": "outline-4",
      "properties": {
        "feature_type": "floor_outline",
        "level_id": 4,
        "name": "Level 4 outline"
      },
      "geometry": {
        "type": "Polygon",
        "coordinates": [
          [
            [-0.16424287, 51.49857163],
            [-0.16173449, 51.49857163],
            [-0.16173449, 51.49998587],
            [-0.16424287, 51.49998587],
            [-0.16424287, 51.49857163]
          ]
        ]
      }
    },
    {
      "type": "Feature",
      "id": "outline-5",
      "properties": {
        "feature_type": "floor_outline",
        "level_id": 5,
        "name": "Level 5 outline"
      },
      "geometry": {
        "type": "Polygon",
        "coordinates": [
          [
            [-0.16424941, 51.49856166],
            [-0.16171295, 51.49856166],
            [-0.16171295, 51.49998632],
            [-0.16424941, 51.49998632],
            [-0.16424941, 51.49856166]
          ]
        ]
      }
    },
    {
      "type": "Feature",
      "id": "outline-6",
      "properties": {
        "feature_type": "floor_outline",
        "level_id": 6,
        "name": "Level 6 outline"
      },
      "geometry": {
        "type": "Polygon",
        "coordinates": [
          [
            [-0.16358807509431492, 51.49867861],
            [-0.16196823, 51.49867861],
            [-0.16196823, 51.49917858],
            [-0.16358807509431492, 51.49917858],
            [-0.16358807509431492, 51.49867861]
          ]
        ]
      }
    }
  ]
}
