{"type":"FeatureCollection","features":[{"type":"Feature","properties":{"level_id":4,"building_id":"harrods","source_layer":"virtualobstacle","geometry_tolerance_m":0.06},"geometry":{"type":"Polygon","coordinates":[[[-0.16319976188242435,51.49885998294815],[-0.16319959424436092,51.49885930460971],[-0.16324996948242188,51.4988155933986],[-0.16324996948242188,51.49881557784926],[-0.16330855898559093,51.49876475456904],[-0.16330964863300323,51.49876465020904],[-0.16366302967071533,51.49893079098928],[-0.16366319730877876,51.49893141714688],[-0.16362841241061687,51.49896684721557],[-0.16366856172680855,51.49898834527036],[-0.16366864554584026,51.49898839745009],[-0.1636693999171257,51.49898897142714],[-0.1636682264506817,51.498989597583915],[-0.16366747207939625,51.498989075786625],[-0.16362681984901428,51.49896731683339],[-0.16362665221095085,51.498966690676326],[-0.16366143710911274,51.49893131278728],[-0.16359329223632812,51.498899263785574],[-0.16359329223632812,51.49889927438031],[-0.1633093971759081,51.498765745988806],[-0.16324996948242188,51.498817299786936],[-0.16324996948242188,51.49881729296229],[-0.16320135444402695,51.49885946114935],[-0.16322809271514416,51.498871775599326],[-0.16331350430846214,51.498794288432805],[-0.16331467777490616,51.49879418407292],[-0.16362883150577545,51.49894086168925],[-0.16362899914383888,51.498941540026436],[-0.16359329223632812,51.49897315954668],[-0.16359329223632812,51.49897316096573],[-0.16355440020561218,51.499007599587515],[-0.16355440020561218,51.499007651767215],[-0.16350905410945415,51.49904250780031],[-0.16350897029042244,51.49904255997998],[-0.16346211545169353,51.49906880634654],[-0.16346102580428123,51.4990687541669],[-0.16333948820829391,51.49899283272711],[-0.1633105706423521,51.49901375679289],[-0.1633104868233204,51.49901375679289],[-0.16324996948242188,51.499050126031534],[-0.16324996948242188,51.49905012579694],[-0.1632136758416891,51.49907193712485],[-0.16296806578642506,51.49923259794275],[-0.162968086078763,51.49923259794275],[-0.16280421987175941,51.499339774412505],[-0.1628030464053154,51.499339774412505],[-0.1626396831125021,51.49923259794275],[-0.1626397043921188,51.49923259794275],[-0.1625438779592514,51.499169721658916],[-0.1625438779592514,51.49916904332511],[-0.16255544498562813,51.49916205126817],[-0.1625334843993187,51.499148588946554],[-0.16244329512119293,51.499203742696295],[-0.16244212165474892,51.499203742696295],[-0.16233240254223347,51.499135700596156],[-0.16233240254223347,51.49913497008228],[-0.1623428799211979,51.49912912597068],[-0.16226677224040031,51.49907924227338],[-0.1622569654136896,51.499084773313655],[-0.1622557919472456,51.49908472113404],[-0.16224229708313942,51.49907585059742],[-0.1622422132641077,51.49907574623816],[-0.1622356753796339,51.499069119424405],[-0.16222000122070312,51.4990647306003],[-0.16222000122070312,51.49906473633442],[-0.16213802620768547,51.49904177728493],[-0.1621376909315586,51.49904162074591],[-0.16212981194257736,51.49903395033357],[-0.16212972812354565,51.49903348071646],[-0.16222000122070312,51.49890673609596],[-0.16222000122070312,51.49890674268544],[-0.16229032538831234,51.49880801175877],[-0.16229141503572464,51.49880775085907],[-0.16243910416960716,51.498849390431445],[-0.16243952326476574,51.498849651330886],[-0.16244488768279552,51.49885721741447],[-0.16252493485808372,51.49890788405216],[-0.1625568699091673,51.498927868920504],[-0.16258813440799713,51.498909084188085],[-0.1624686922878027,51.498833840821135],[-0.16245578415691853,51.498828205390595],[-0.16230465844273567,51.49878833991764],[-0.1623042393475771,51.49878766157815],[-0.1624083425849676,51.49863221720608],[-0.1624093484133482,51.49863190412523],[-0.1624904852360487,51.49864839304661],[-0.1624905690550804,51.498648445226735],[-0.16253809444606304,51.49866065537353],[-0.16256424598395824,51.498664307980874],[-0.16258126124739647,51.498663994900284],[-0.16273029148578644,51.49865882906974],[-0.1627420261502266,51.49865841162884],[-0.16274294815957546,51.49865888124981],[-0.16274579800665379,51.49870172109959],[-0.16278536058962345,51.49869890337624],[-0.16278594732284546,51.49869905991642],[-0.16283481381833553,51.498728906902954],[-0.1628994382917881,51.498726871881786],[-0.1628999412059784,51.49872692406183],[-0.1629636436700821,51.49875567525018],[-0.16297923400998116,51.498741482288295],[-0.16282634809613228,51.49867672684377],[-0.16282626427710056,51.4986766746637],[-0.1627638190984726,51.498642861953385],[-0.16276356764137745,51.4986424966925],[-0.16275719739496708,51.49859751739976],[-0.16267488710582256,51.498599395886174],[-0.16267647966742516,51.49861583263916],[-0.16271361149847507,51.49861390197324],[-0.16271444968879223,51.4986143715947],[-0.1627153716981411,51.498632425926644],[-0.16271461732685566,51.49863294772803],[-0.1625591330230236,51.498641557450185],[-0.16255879774689674,51.49864150527003],[-0.16249006614089012,51.498623659662314],[-0.16239811666309834,51.4986013787329],[-0.16213425435125828,51.49897545687466],[-0.16213308088481426,51.49897571777339],[-0.1620957814157009,51.49896272501462],[-0.1620630919933319,51.49895239342064],[-0.16195697709918022,51.49892118990542],[-0.16193903982639313,51.49891654590215],[-0.161918168887496,51.4989444099146],[-0.16206451691687107,51.49898495358764],[-0.1620690431445837,51.498979161636555],[-0.1620700489729643,51.49897890073785],[-0.16212042421102524,51.49899398068109],[-0.16212084330618382,51.49899465901754],[-0.162025960162282,51.499130221741666],[-0.1620248705148697,51.499130482639515],[-0.16192009672522545,51.49909990540149],[-0.16191967763006687,51.499099279246224],[-0.16193107701838017,51.49908070330295],[-0.16193660907447338,51.499073345975006],[-0.16193761490285397,51.499073085076844],[-0.1619612518697977,51.49907898137522],[-0.16198547556996346,51.49904563858041],[-0.16197399236261845,51.49904255997998],[-0.16195840202271938,51.49903843778583],[-0.16193551942706108,51.49903196750569],[-0.16192210838198662,51.49902815838871],[-0.1619154866784811,51.499026279919946],[-0.1618942804634571,51.49902085323197],[-0.16187047585844994,51.49905419604494],[-0.1619029138237238,51.49906390146009],[-0.16190324909985065,51.49906452761584],[-0.16187927685678005,51.499102357842816],[-0.16188749112188816,51.49911175017019],[-0.1620128843933344,51.499147127919144],[-0.16201321966946125,51.49914780625332],[-0.1619541909702682,51.49923259794275],[-0.1619542110711336,51.49923259794275],[-0.16193225048482418,51.49926411432128],[-0.16193090938031673,51.499270010594955],[-0.1619306579232216,51.49927595904728],[-0.16194121912121773,51.499298709261325],[-0.16194557771086693,51.49930319668752],[-0.16202017664909363,51.49935156693954],[-0.1621692907065153,51.49944815075196],[-0.1621692907065153,51.49944888126086],[-0.16211355105042458,51.499483162985655],[-0.16212972812354565,51.49949359881762],[-0.1621856354176998,51.49945942145905],[-0.16218680888414383,51.49945942145905],[-0.16219954937696457,51.499467770129144],[-0.16219946555793285,51.499468500637704],[-0.16217339783906937,51.49948394567312],[-0.16220801509916782,51.49950653924594],[-0.1622079312801361,51.499507217574745],[-0.16213148832321167,51.49955292647692],[-0.16213031485676765,51.49955292647692],[-0.16209921799600124,51.4995332549573],[-0.16209485940635204,51.49953080253914],[-0.16206476837396622,51.49954854343349],[-0.16218203119933605,51.499613454176426],[-0.1622029859572649,51.499600618136526],[-0.16216853633522987,51.49957818114751],[-0.16216853633522987,51.49957750281979],[-0.16222000122070312,51.49954682152347],[-0.16222000122070312,51.499546827436184],[-0.1622453983873129,51.49953168958402],[-0.1622465718537569,51.49953168958402],[-0.16228110529482365,51.49955397005863],[-0.1622998807579279,51.499543429882294],[-0.1623009704053402,51.499543429882294],[-0.16233927570283413,51.49956831930467],[-0.16233927570283413,51.49956899763254],[-0.162296611815691,51.4995946175475],[-0.16277563758194447,51.49990351640676],[-0.16359329223632812,51.499412303623416],[-0.16359329223632812,51.49941232311902],[-0.16389168798923492,51.49923306755784],[-0.16389286145567894,51.49923306755784],[-0.1638958789408207,51.49923499819752],[-0.16389688476920128,51.49923505037697],[-0.1638980582356453,51.49923578088925],[-0.1640537939965725,51.49914274483672],[-0.16392613761126995,51.49905680502772],[-0.1639035064727068,51.499070423915356],[-0.16400719061493874,51.49913945752459],[-0.16400719061493874,51.49914013585885],[-0.16390962526202202,51.49919774205506],[-0.163908451795578,51.49919774205506],[-0.163724971935153,51.49907845957898],[-0.163724971935153,51.499077781243784],[-0.1637700665742159,51.49905101308576],[-0.1637711562216282,51.49905179578067],[-0.16372673213481903,51.499078146501176],[-0.16390912234783173,51.4991966462857],[-0.1640054304152727,51.49913977060194],[-0.16390174627304077,51.49907078917283],[-0.16390174627304077,51.49907005865788],[-0.16392563469707966,51.49905576143462],[-0.16392680816352367,51.49905576143462],[-0.16405555419623852,51.49914243175937],[-0.1640554703772068,51.4991431100936],[-0.1638985611498356,51.499236876657676],[-0.16389738768339157,51.499236876657676],[-0.16389613039791584,51.49923604178653],[-0.16389520838856697,51.49923604178653],[-0.16389227472245693,51.49923411114685],[-0.16353906132280827,51.49944632447972],[-0.16353902788164468,51.49944632447972],[-0.16324996948242188,51.49961997655302],[-0.16324996948242188,51.4996199618379],[-0.16277614049613476,51.499904612159156],[-0.16277496702969074,51.499904612159156],[-0.1622949354350567,51.49959498280077],[-0.1622949354350567,51.49959425229423],[-0.16233759932219982,51.49956863237907],[-0.16230029985308647,51.49954452564333],[-0.16228160820901394,51.499555013640304],[-0.16228043474256992,51.499555013640304],[-0.1622459851205349,51.49953278534528],[-0.16222000122070312,51.49954826225076],[-0.16222000122070312,51.49954828253803],[-0.1621702965348959,51.499577868073175],[-0.1622046623378992,51.4996003050623],[-0.1622046623378992,51.49960098338971],[-0.16218261793255806,51.49961449775674],[-0.16218152828514576,51.49961449775674],[-0.1620630919933319,51.4995489086871],[-0.1620630081743002,51.49954817817985],[-0.16209427267313004,51.499529706777764],[-0.16209536232054234,51.499529706777764],[-0.16210030764341354,51.49953252444976],[-0.16210039146244526,51.499532576628866],[-0.16213090158998966,51.49955188289519],[-0.1622062548995018,51.49950685232076],[-0.16217163763940334,51.49948425874811],[-0.16217163763940334,51.499483528239836],[-0.16219778917729855,51.49946813538344],[-0.1621861383318901,51.49946051722205],[-0.16213023103773594,51.49949469457985],[-0.16212905757129192,51.49949469457985],[-0.16211179085075855,51.499483528239836],[-0.16211179085075855,51.4994827977315],[-0.1621675305068493,51.499448516006396],[-0.16200081445276737,51.49934045274378],[-0.1619443204253912,51.499303875019365],[-0.16194423660635948,51.49930377066062],[-0.16193979419767857,51.49929917887573],[-0.16193971037864685,51.499299074516955],[-0.161929065361619,51.49927616776492],[-0.161929065361619,51.4992760112267],[-0.16192931681871414,51.49926995841557],[-0.16192931681871414,51.49926990623615],[-0.1619306579232216,51.499263905603584],[-0.1619307417422533,51.49926380124475],[-0.1619524508714676,51.49923259794275],[-0.16195246503486618,51.49923259794275],[-0.16201145946979523,51.49914785843285],[-0.1618865691125393,51.49911258504363],[-0.16188623383641243,51.49911237632526],[-0.16187768429517746,51.49910267092045],[-0.16187760047614574,51.49910225348364],[-0.16190148890018463,51.49906457979549],[-0.16187667846679688,51.49905717028528],[-0.16187667846679688,51.499057156532324],[-0.16186905093491077,51.49905487438048],[-0.1618686318397522,51.49905419604494],[-0.16187667846679688,51.49904299789457],[-0.16187667846679688,51.49904297741733],[-0.1618931908160448,51.499020018356845],[-0.1618941966444254,51.49901975745837],[-0.16191615723073483,51.499025392865235],[-0.16192277893424034,51.49902721915436],[-0.1619361899793148,51.49903102827142],[-0.1619590725749731,51.49903749855167],[-0.16197466291487217,51.499041672925586],[-0.16198690049350262,51.49904490806506],[-0.1619873195886612,51.49904558640074],[-0.16196242533624172,51.49907981624929],[-0.16196141950786114,51.499080077147426],[-0.16193769872188568,51.49907418084916],[-0.16193258576095104,51.49908112073996],[-0.1619215216487646,51.49909917488702],[-0.16202478669583797,51.499129334688945],[-0.16211899928748608,51.49899465901754],[-0.162070132791996,51.498980048692175],[-0.1620656903833151,51.498985840643144],[-0.1620646007359028,51.49898604936206],[-0.16191674396395683,51.498945140431545],[-0.16191640868782997,51.498944462094386],[-0.1619378663599491,51.49891571102512],[-0.1619388721883297,51.49891545012605],[-0.16195756383240223,51.49892030284866],[-0.16195764765143394,51.49892030284866],[-0.16206384636461735,51.49895145418469],[-0.16206384636461735,51.49895150636445],[-0.16209653578698635,51.49896183795866],[-0.16209661960601807,51.49896183795866],[-0.16213308088481426,51.498974569818955],[-0.16239694319665432,51.498600543850074],[-0.1623979490250349,51.498600282949184],[-0.16249065287411213,51.498622720419604],[-0.16249065287411213,51.49862277259976],[-0.16255921684205532,51.49864056602772],[-0.1627136953175068,51.498632008485515],[-0.16271285712718964,51.49861494557646],[-0.16267580911517143,51.49861682406217],[-0.16267497092485428,51.49861635444077],[-0.16267321072518826,51.498598926264606],[-0.1626739650964737,51.4985984044628],[-0.1627578679472208,51.49859647379614],[-0.16275870613753796,51.498596943417795],[-0.16276516020298004,51.498642235791834],[-0.16282727010548115,51.498675891962336],[-0.16298082657158375,51.49874096048816],[-0.16298099420964718,51.498741638828335],[-0.16296456567943096,51.49875666667012],[-0.16296339221298695,51.498756771030116],[-0.16289927065372467,51.49872786330238],[-0.1628345623612404,51.49872995050356],[-0.16283397562801838,51.49872979396349],[-0.1627851091325283,51.498699946977496],[-0.16274504363536835,51.49870276470077],[-0.1627442054450512,51.49870229508025],[-0.16274135559797287,51.498659455231035],[-0.16273037530481815,51.49865982049178],[-0.16258134506642818,51.49866503850234],[-0.16256424598395824,51.49866529940286],[-0.1625639945268631,51.49866529940286],[-0.16253767535090446,51.49866164679554],[-0.16253750771284103,51.49866159461544],[-0.1624899823218584,51.49864933228878],[-0.16240959987044334,51.49863299990815],[-0.16230599954724312,51.498787609398164],[-0.16245653852820396,51.49882731833202],[-0.16245662234723568,51.49882737051195],[-0.16246969811618328,51.4988330581225],[-0.162469781935215,51.49883311030243],[-0.16258989460766315,51.49890877110917],[-0.16258989460766315,51.49890944944684],[-0.1625574566423893,51.49892896469632],[-0.16255628317594528,51.49892896469632],[-0.16252384521067142,51.49890861456967],[-0.1625237613916397,51.49890861456967],[-0.1624436303973198,51.498857895752934],[-0.16244346275925636,51.49885773921329],[-0.1624381821602583,51.498850225309695],[-0.16229149885475636,51.498808898817714],[-0.16213140450417995,51.49903363725551],[-0.16213886439800262,51.499040942410176],[-0.16223651356995106,51.49906823237049],[-0.16223693266510963,51.499068441089065],[-0.16224355436861515,51.499075172262195],[-0.16225646249949932,51.49908367754156],[-0.16226626932621002,51.49907819868079],[-0.16226744279265404,51.49907819868079],[-0.16234464012086391,51.49912881289325],[-0.16234464012086391,51.49912949122768],[-0.1623341627418995,51.49913538751878],[-0.16244270838797092,51.4992026469271],[-0.1625329814851284,51.499147493176],[-0.1625340711325407,51.499147493176],[-0.16255712136626244,51.49916168601143],[-0.16255712136626244,51.49916241652488],[-0.16254563815891743,51.49916940858179],[-0.1628036331385374,51.49933867864655],[-0.1629658229649067,51.49923259794275],[-0.16296582589902897,51.49923259794275],[-0.1632125861942768,51.499071206609926],[-0.16324996948242188,51.49904874113652],[-0.16324996948242188,51.49904871718064],[-0.16330931335687637,51.499013078456755],[-0.1633388176560402,51.49899173695286],[-0.1633399911224842,51.4989916847731],[-0.16346161253750324,51.49906771057408],[-0.16350779682397842,51.4990418294646],[-0.16355314292013645,51.499007025610695],[-0.16359329223632812,51.49897143903394],[-0.16359329223632812,51.49897145708445],[-0.16362723894417286,51.49894138348711],[-0.1633143424987793,51.49879527985195],[-0.16322901472449303,51.49887276701676],[-0.163227841258049,51.498872871376506],[-0.16319976188242435,51.49885998294815]]]}},{"type":"Feature","properties":{"level_id":-1,"building_id":"harrods","source_layer":"virtualobstacle","geometry_tolerance_m":0.06},"geometry":{"type":"Polygon","coordinates":[[[-0.16194339841604233,51.499049604234926],[-0.16196418553590775,51.49905628323117],[-0.1619645208120346,51.499056909387036],[-0.16195379197597504,51.49907240674156],[-0.1619710586965084,51.499077520345594],[-0.16206208616495132,51.49895526330806],[-0.1619372796267271,51.4989190505332],[-0.16193694435060024,51.49891842437546],[-0.16195613890886307,51.49889191702306],[-0.16195722855627537,51.49889170830369],[-0.16198907978832722,51.49890146593327],[-0.16211514361202717,51.4989388788573],[-0.16211547888815403,51.498939557194575],[-0.16203970648348331,51.499042090362934],[-0.16203300096094608,51.4991024100224],[-0.16203291714191437,51.499102618740835],[-0.16193300485610962,51.49923416332632],[-0.16197726130485535,51.49927131508019],[-0.1620630919933319,51.49932777316502],[-0.16246743500232697,51.499091191406706],[-0.16246860846877098,51.49909124358629],[-0.1626805463300788,51.49923259794275],[-0.1626805867999792,51.49923259794275],[-0.16283967532217503,51.49933873082591],[-0.1628395915031433,51.49933946133652],[-0.16279617324471474,51.49936440304958],[-0.16291938722133636,51.49944632447972],[-0.16291936243418745,51.49944632447972],[-0.1631928887218237,51.49962822083572],[-0.16324996948242188,51.49959587940112],[-0.16324996948242188,51.4995958698444],[-0.16336455009877682,51.49953095907645],[-0.16332607716321945,51.49950560002142],[-0.16332616098225117,51.49950486951346],[-0.1633399073034525,51.49949699046252],[-0.16334887593984604,51.49949187690552],[-0.16334996558725834,51.49949187690552],[-0.16338810324668884,51.49951739250557],[-0.16363277100026608,51.49937739569387],[-0.16369865275919437,51.49933998312983],[-0.1637613493949175,51.499304344633714],[-0.16383720561861992,51.499261244453265],[-0.16389177180826664,51.49922972807278],[-0.16395287588238716,51.49919304590048],[-0.16403350979089737,51.49914457112112],[-0.16402320004999638,51.49913794431734],[-0.1640190090984106,51.4991404489362],[-0.1640179194509983,51.499140396756644],[-0.16398816369473934,51.49912109031601],[-0.16398816369473934,51.49912035980188],[-0.16401448287069798,51.49910486246367],[-0.164015656337142,51.49910486246367],[-0.1640445739030838,51.49912458634776],[-0.1640445739030838,51.49912526468225],[-0.16404256224632263,51.499126412632904],[-0.16407374292612076,51.49914655394409],[-0.16407407820224762,51.49914634522588],[-0.16407525166869164,51.49914634522588],[-0.1640760898590088,51.49914691920094],[-0.1640761736780405,51.499147597535085],[-0.16405521892011166,51.49916346011557],[-0.16405513510107994,51.49916346011557],[-0.16394010841882722,51.49923259794275],[-0.16394013538956642,51.49923259794275],[-0.16390199773013592,51.4992555047167],[-0.16359329223632812,51.49943489138573],[-0.16359329223632812,51.49943489723174],[-0.16351282596588135,51.49948164978983],[-0.1634014304727316,51.49954588229977],[-0.16329732723534107,51.49960599257639],[-0.16329724341630936,51.49960599257639],[-0.16327863559126854,51.49961601094813],[-0.16322373412549496,51.49964731834561],[-0.16325633972883224,51.49966959876372],[-0.16325625590980053,51.49967032926904],[-0.16324996948242188,51.49967403397443],[-0.16324996948242188,51.49967403277455],[-0.1632343791425228,51.49968321746823],[-0.1632332894951105,51.49968321746823],[-0.16319925896823406,51.49966114577265],[-0.1631629653275013,51.49968191299479],[-0.1631629653275013,51.49968196517372],[-0.1631423458456993,51.49969203570768],[-0.1631031185388565,51.49971123754867],[-0.1629636436700821,51.499795193328964],[-0.16290673054754734,51.49982963132959],[-0.16282609663903713,51.499878105380304],[-0.16282492317259312,51.499878105380304],[-0.1627922337502241,51.49985702517512],[-0.16279189847409725,51.49985718171135],[-0.16279080882668495,51.49985718171135],[-0.16264203004539013,51.499762268488865],[-0.16257531009614468,51.499802028752356],[-0.16257413662970066,51.499801976573536],[-0.1625411957502365,51.49977839174949],[-0.16254127956926823,51.4997776612459],[-0.16255737282335758,51.49976821687693],[-0.1625585462898016,51.49976821687693],[-0.16257522627711296,51.4997793831472],[-0.1626369170844555,51.499746458295704],[-0.1625792495906353,51.49970508043748],[-0.1623745635151863,51.49957677231296],[-0.1623744796961546,51.49957666795484],[-0.1623271219432354,51.499532733166205],[-0.16230055131018162,51.499517549042935],[-0.16224347054958344,51.49955026534346],[-0.16224238090217113,51.49955021316438],[-0.1622258685529232,51.49953915119619],[-0.16221631318330765,51.49954463000151],[-0.16221522353589535,51.499544577822405],[-0.16220089048147202,51.49953466379321],[-0.16214322298765182,51.499567693155825],[-0.1621420495212078,51.49956764097678],[-0.16213802620768547,51.49956492766512],[-0.16213811002671719,51.49956424933717],[-0.16214104369282722,51.49956252742771],[-0.1621333323419094,51.49955736169903],[-0.1621278841048479,51.49956049244375],[-0.16213450580835342,51.499564875486044],[-0.1621344219893217,51.49956560599304],[-0.16212662681937218,51.4995700412139],[-0.16212553717195988,51.499569989034825],[-0.16209494322538376,51.49954927394077],[-0.16209494322538376,51.499548595612595],[-0.16210248693823814,51.49954426474784],[-0.16210366040468216,51.49954426474784],[-0.16211028210818768,51.4995486477917],[-0.16211564652621746,51.49954551704613],[-0.16210793517529964,51.49954035131549],[-0.16210516914725304,51.49954196886759],[-0.16210399568080902,51.499541916688486],[-0.1621000561863184,51.499539203375264],[-0.1621000561863184,51.499538525046944],[-0.16215738840401173,51.49950554784232],[-0.16214297153055668,51.49949573816289],[-0.16214297153055668,51.49949505983392],[-0.16215261071920395,51.4994895810226],[-0.1621381938457489,51.499479771339765],[-0.1621381938457489,51.499479093010535],[-0.1621899101883173,51.499446950630215],[-0.16217758879065514,51.49943891503159],[-0.16217884607613087,51.499438236701764],[-0.1621915865689516,51.49944663755497],[-0.1621915865689516,51.49944731588465],[-0.1621398702263832,51.499479458264716],[-0.16215437091886997,51.499489267947666],[-0.16215428709983826,51.499489946276725],[-0.162144647911191,51.49949542508796],[-0.16215914860367775,51.49950523476744],[-0.16215906478464603,51.499505965275404],[-0.1621017325669527,51.49953889030064],[-0.16210466623306274,51.49954087310647],[-0.16210743226110935,51.49953925555434],[-0.16210860572755337,51.49953930773347],[-0.16211740672588348,51.499545203971564],[-0.16211740672588348,51.499545934478874],[-0.16211078502237797,51.49954969137349],[-0.16210969537496567,51.49954969137349],[-0.16210298985242844,51.49954536050885],[-0.16209661960601807,51.49954901304531],[-0.16212612390518188,51.49956894545349],[-0.1621327456086874,51.49956518856047],[-0.1621262077242136,51.4995608055182],[-0.1621262077242136,51.499560075011146],[-0.16213282942771912,51.49955626593831],[-0.16213391907513142,51.499556318117385],[-0.16214272007346153,51.49956221435326],[-0.16214272007346153,51.499562944860344],[-0.1621397864073515,51.49956461459067],[-0.16214272007346153,51.499566597395386],[-0.16220038756728172,51.499533620211054],[-0.16220156103372574,51.499533620211054],[-0.16221581026911736,51.4995435342405],[-0.1622253656387329,51.49953805543501],[-0.16222653910517693,51.49953805543501],[-0.16224296763539314,51.499549169582565],[-0.1622999645769596,51.49951650546038],[-0.1623010542243719,51.49951650546038],[-0.1623282954096794,51.49953200265867],[-0.16232837922871113,51.499532107016904],[-0.16237582080066204,51.49957609398518],[-0.16258042305707932,51.49970434993273],[-0.16258050687611103,51.49970440211163],[-0.1626386772841215,51.4997461452225],[-0.1626385934650898,51.4997468757266],[-0.16257572919130325,51.49978047890255],[-0.16257463954389095,51.49978042672373],[-0.16255787573754787,51.49976926045372],[-0.16254295594990253,51.49977807867654],[-0.16257480718195438,51.499800932997516],[-0.16264144331216812,51.499761224911936],[-0.16264261677861214,51.499761224911936],[-0.16279139555990696,51.49985613813658],[-0.16279173083603382,51.499855929421614],[-0.16279282048344612,51.499855929421614],[-0.16282550990581512,51.49987700962731],[-0.16290564090013504,51.4998289008268],[-0.16296247020363808,51.499794462825605],[-0.1631020288914442,51.49971050704397],[-0.1631020288914442,51.499710454865095],[-0.16314134001731873,51.4996912530238],[-0.1631619594991207,51.49968118248967],[-0.16319875605404377,51.49966010219339],[-0.16319992952048779,51.49966010219339],[-0.16323387622833252,51.49968217388948],[-0.16324996948242188,51.49967268281402],[-0.16324996948242188,51.4996726773218],[-0.16325457952916622,51.49966996401636],[-0.16322197392582893,51.499647631419464],[-0.16322205774486065,51.499646900913774],[-0.16327754594385624,51.49961522826291],[-0.16329623758792877,51.49960520989103],[-0.1634003408253193,51.49954515179246],[-0.16351173631846905,51.49948091928147],[-0.1635712703141932,51.49944632447972],[-0.16357124783098698,51.49944632447972],[-0.16390090808272362,51.49925477420476],[-0.1639377884566784,51.49923259794275],[-0.16393780411777303,51.49923259794275],[-0.16405396163463593,51.49916278178162],[-0.1640739943832159,51.499147597535085],[-0.16407315619289875,51.499147597535085],[-0.1640408020466566,51.49912672571034],[-0.16404088586568832,51.499125995196295],[-0.1640428975224495,51.49912484724564],[-0.16401498578488827,51.49910595823522],[-0.16398992389440536,51.49912072505896],[-0.16401850618422031,51.499139353165475],[-0.16402269713580608,51.499136900726114],[-0.1640238706022501,51.499136900726114],[-0.16403518617153168,51.49914425804377],[-0.16403518617153168,51.499144936377974],[-0.16395396552979946,51.49919377641345],[-0.16389294527471066,51.499230458585146],[-0.16389286145567894,51.499230458585146],[-0.16388915745817434,51.49923259794275],[-0.16388917341828346,51.49923259794275],[-0.16383829526603222,51.49926197496512],[-0.1637624390423298,51.49930507514489],[-0.16369974240660667,51.499340713640436],[-0.16363386064767838,51.49937812620388],[-0.16359329223632812,51.49940133855656],[-0.16359329223632812,51.49940134598026],[-0.1635146699845791,51.49944632447972],[-0.16351466499183667,51.49944632447972],[-0.16338860616087914,51.49951843608807],[-0.16338751651346684,51.49951843608807],[-0.16334937885403633,51.49949297266778],[-0.1633409969508648,51.499497720970595],[-0.16332783736288548,51.49950523476744],[-0.16336631029844284,51.4995306460018],[-0.16336631029844284,51.499531324330235],[-0.16324996948242188,51.49959722649933],[-0.16324996948242188,51.4995972190654],[-0.16319339163601398,51.49962926441572],[-0.16319221816956997,51.49962926441572],[-0.16279449686408043,51.49936471612537],[-0.16279449686408043,51.49936398561516],[-0.162837915122509,51.49933904390187],[-0.16246793791651726,51.49909228717857],[-0.1620635949075222,51.49932886893126],[-0.16206242144107819,51.49932881675187],[-0.16197608783841133,51.49927199341249],[-0.16197600401937962,51.499271941233104],[-0.16193141229450703,51.49923452858246],[-0.1619313284754753,51.49923400678796],[-0.1620314083993435,51.49910225348364],[-0.16203811392188072,51.499041933823946],[-0.162113718688488,51.49893960937433],[-0.16201120801270008,51.4989091363679],[-0.16201104037463665,51.49890929290737],[-0.16195731237530708,51.498892804080384],[-0.16193870455026627,51.49891837219562],[-0.1620635110884905,51.498954584971074],[-0.16206384636461735,51.49895526330806],[-0.1619721483439207,51.499078355219694],[-0.1619710586965084,51.49907861611783],[-0.16195236705243587,51.49907313725649],[-0.161952031776309,51.499072458921205],[-0.16196276061236858,51.49905696156668],[-0.16194339841604233,51.499050752187486],[-0.16188288107514381,51.499130221741666],[-0.16188271343708038,51.49913037828037],[-0.16186385415494442,51.49914117945002],[-0.1618637703359127,51.49914123162955],[-0.1618582382798195,51.49914384060733],[-0.1618577353656292,51.49914394496645],[-0.16184977255761623,51.499144049325565],[-0.16184968873858452,51.499144049325565],[-0.1618413906544447,51.499143684068684],[-0.1618359424173832,51.49914425804377],[-0.16182906925678253,51.49914582343041],[-0.1618223637342453,51.49914832804882],[-0.16181901097297668,51.49915025869208],[-0.16181599348783493,51.49915260677162],[-0.1618130598217249,51.499155685364656],[-0.16181113198399544,51.49915892049603],[-0.16181020997464657,51.499161999088614],[-0.16180995851755142,51.49916544293771],[-0.16181046143174171,51.49916826063222],[-0.16181238926947117,51.49917243499411],[-0.16181490384042263,51.499175722303875],[-0.16181817278265953,51.49917848781823],[-0.1618245430290699,51.49918187948654],[-0.1618294045329094,51.49918360141038],[-0.16182973980903625,51.499184227564484],[-0.1618174184113741,51.499200716286055],[-0.16183258965611458,51.499204577568065],[-0.1618496049195528,51.4991972202601],[-0.16184977255761623,51.49919716808063],[-0.16185438260436058,51.499196072311236],[-0.16186175867915154,51.49919435038791],[-0.1618692185729742,51.4991926284645],[-0.16187667846679688,51.49919023731106],[-0.16187667846679688,51.49919022820751],[-0.16188891604542732,51.49918631474475],[-0.1619019079953432,51.499177757305006],[-0.16190283000469208,51.499177652946],[-0.1619291491806507,51.49918641910378],[-0.1619295682758093,51.4991870452578],[-0.16190065070986748,51.49922341435817],[-0.16190096710996138,51.49923259794275],[-0.16190098598599434,51.49923259794275],[-0.16190199181437492,51.499262340221065],[-0.16200240701436996,51.49931754601252],[-0.16216794960200787,51.499424461386326],[-0.16216794960200787,51.49942467010328],[-0.16216149553656578,51.49942837482865],[-0.1621615793555975,51.49942764431944],[-0.16216635704040527,51.49942487882021],[-0.16200123354792595,51.499318276523496],[-0.16190065070986748,51.499262914194674],[-0.16190031543374062,51.49926254893873],[-0.16189905814826488,51.49922330999922],[-0.1618991419672966,51.49922310128139],[-0.16192772425711155,51.4991870452578],[-0.16190266236662865,51.49917874871582],[-0.16189000569283962,51.4991870452578],[-0.1618898380547762,51.49918720179633],[-0.16187667846679688,51.49919137615649],[-0.16187667846679688,51.499191366729015],[-0.16186988912522793,51.49919351551594],[-0.1618698053061962,51.49919356769547],[-0.16185488551855087,51.49919701154215],[-0.16185044310986996,51.49919805513201],[-0.16183317638933659,51.49920556897828],[-0.16183242201805115,51.49920562115773],[-0.16181607730686665,51.49920144679888],[-0.16181565821170807,51.49920076846553],[-0.16182797960937023,51.499184227564484],[-0.16182370483875275,51.49918271435871],[-0.16182353720068932,51.49918266217918],[-0.16181708313524723,51.49917921833142],[-0.16181699931621552,51.49917911397239],[-0.16181356273591518,51.49917624409906],[-0.16181347891688347,51.49917619191953],[-0.1618108805269003,51.49917280025076],[-0.16181079670786858,51.49917274807126],[-0.16180886887013912,51.49916852152984],[-0.16180886887013912,51.49916841717081],[-0.16180836595594883,51.49916549511724],[-0.16180828213691711,51.49916544293771],[-0.16180853359401226,51.499161946909084],[-0.16180861741304398,51.49916184255002],[-0.16180962324142456,51.49915871177791],[-0.16180962324142456,51.49915860741882],[-0.16181155107915401,51.49915532010786],[-0.16181163489818573,51.49915521574877],[-0.16181456856429577,51.499152084976174],[-0.16181465238332748,51.499152032796644],[-0.16181775368750095,51.499149632537524],[-0.16181783750653267,51.499149580357965],[-0.16182135790586472,51.499147545355555],[-0.16182144172489643,51.499147493176],[-0.16182823106646538,51.499144936377974],[-0.1618283987045288,51.499144884198415],[-0.1618354395031929,51.499143266632245],[-0.16183560714125633,51.499143266632245],[-0.16184122301638126,51.4991426404776],[-0.1618413906544447,51.4991426404776],[-0.16184977255761623,51.49914305791404],[-0.16185740008950233,51.49914295355492],[-0.16186276450753212,51.4991404489362],[-0.16187667846679688,51.499132483166655],[-0.16187667846679688,51.499132465463106],[-0.16188153997063637,51.49912969994597],[-0.1619422249495983,51.49904986513323],[-0.16194339841604233,51.499049604234926]]]}},{"type":"Feature","properties":{"level_id":0,"building_id":"harrods","source_layer":"virtualobstacle","geometry_tolerance_m":0.06},"geometry":{"type":"Polygon","coordinates":[[[-0.16306045465171337,51.499545830120695],[-0.16306045465171337,51.49954509961336],[-0.16318978741765022,51.49946703962058],[-0.16319096088409424,51.49946709179977],[-0.1633219700306654,51.49955141328343],[-0.1633688248693943,51.499523340925606],[-0.16336999833583832,51.49952339310474],[-0.16343914903700352,51.4995700412139],[-0.1634390652179718,51.499570719541765],[-0.16334359534084797,51.49962811647771],[-0.16334351152181625,51.49962816865673],[-0.16326036304235458,51.499673042574415],[-0.16325927339494228,51.499673042574415],[-0.16324996948242188,51.49966709417393],[-0.16324996948242188,51.499667089546435],[-0.16306045465171337,51.499545830120695]],[[-0.16334250569343567,51.499627385971706],[-0.1634373888373375,51.49957035428827],[-0.16340327449142933,51.49954734331439],[-0.1633693277835846,51.499524436687096],[-0.1633224729448557,51.49955245686513],[-0.1633213832974434,51.49955245686513],[-0.16324996948242188,51.49950653924594],[-0.16324996948242188,51.49950652214493],[-0.16319029033184052,51.49946813538344],[-0.16306213103234768,51.499545464867026],[-0.1632598601281643,51.49967199899547],[-0.16334250569343567,51.499627385971706]]]}},{"type":"Feature","properties":{"level_id":0,"building_id":"harrods","source_layer":"virtualobstacle","geometry_tolerance_m":0.06},"geometry":{"type":"Polygon","coordinates":[[[-0.16370787285268307,51.4992304064057],[-0.16364878043532372,51.49919231538752],[-0.16364878043532372,51.499191584874495],[-0.163810970261693,51.49909411346499],[-0.16381214372813702,51.49909411346499],[-0.16401180066168308,51.4992246144858],[-0.16401171684265137,51.49922534499825],[-0.16399980971688632,51.49923259794275],[-0.16399981454014778,51.49923259794275],[-0.16385204158723354,51.49932260740971],[-0.16385086812078953,51.49932260740971],[-0.16370787285268307,51.4992304064057]],[[-0.16401004046201706,51.499224979742024],[-0.163811556994915,51.49909515705724],[-0.16365045681595802,51.49919195013101],[-0.16371355018828224,51.49923259794275],[-0.16371357254683971,51.49923259794275],[-0.16373452730476856,51.499246112419],[-0.16385145485401154,51.49932156382272],[-0.16401004046201706,51.499224979742024]]]}},{"type":"Feature","properties":{"level_id":0,"building_id":"harrods","source_layer":"virtualobstacle","geometry_tolerance_m":0.06},"geometry":{"type":"Polygon","coordinates":[[[-0.16353025515739358,51.49923259794275],[-0.16353026032447815,51.49923259794275],[-0.16350863501429558,51.49924559062461],[-0.1634901948273182,51.49926526226841],[-0.16349002718925476,51.49926536662724],[-0.16335591673851013,51.4993458793937],[-0.16335566528141499,51.499346035931666],[-0.1633366383612156,51.499349792842736],[-0.1632299367338419,51.499411938368695],[-0.1632289309054613,51.499411938368695],[-0.16320906579494476,51.49940207648987],[-0.16320898197591305,51.49940207648987],[-0.1631547510623932,51.499367064193905],[-0.1631547510623932,51.499366385863],[-0.16320127062499523,51.49933852210856],[-0.16300907358527184,51.499214439489606],[-0.16297982074320316,51.49923207614822],[-0.16297864727675915,51.49923207614822],[-0.1628552656620741,51.49915359818297],[-0.1628552656620741,51.49915291984888],[-0.16297252848744392,51.4990824252306],[-0.16297219321131706,51.49908226869172],[-0.16297227703034878,51.499081538176966],[-0.1630229875445366,51.499051065265434],[-0.1630241610109806,51.499051065265434],[-0.16310663893818855,51.49910428848807],[-0.16312365420162678,51.49909411346499],[-0.16304109245538712,51.4990408902305],[-0.16304109245538712,51.49904015971509],[-0.16312206164002419,51.49899147605419],[-0.16288971528410912,51.49884151126716],[-0.16286666505038738,51.4988266399931],[-0.16286666505038738,51.49882596165415],[-0.1629037130624056,51.498803106844264],[-0.1629037968814373,51.498803106844264],[-0.16295098699629307,51.49877519056548],[-0.16295207664370537,51.4987751383855],[-0.16300421208143234,51.49880268940473],[-0.1630491390824318,51.49881703888727],[-0.16304955817759037,51.4988176128665],[-0.16303849406540394,51.498844537701274],[-0.16314427368342876,51.498895934870774],[-0.16314435750246048,51.498895987050616],[-0.16315659508109093,51.49890391838531],[-0.1631732750684023,51.49891550230589],[-0.16318769194185734,51.4989255208294],[-0.16320026479661465,51.498934234855824],[-0.16323069110512733,51.49894748852165],[-0.16323069110512733,51.49894754070144],[-0.16337838023900986,51.499018661684744],[-0.16348407603800297,51.49906880634654],[-0.1634842436760664,51.4990695368615],[-0.16346932388842106,51.49908080766221],[-0.16346278600394726,51.499085816906046],[-0.16346094198524952,51.4990872257558],[-0.16346001997590065,51.49908795627047],[-0.1634591817855835,51.4990895738386],[-0.16345909796655178,51.499091191406706],[-0.1634597685188055,51.4990923915378],[-0.16346102580428123,51.49909364384848],[-0.16353067941963673,51.499138361753836],[-0.16355909407138824,51.4991566767759],[-0.16359329223632812,51.49917874871582],[-0.16359329223632812,51.49917877301409],[-0.16360552981495857,51.49918668000129],[-0.16360552981495857,51.49918735833484],[-0.16359329223632812,51.49919471293199],[-0.16359329223632812,51.499194715644364],[-0.16353025515739358,51.49923259794275]],[[-0.1634597685188055,51.49909427000384],[-0.1634596846997738,51.49909421782422],[-0.16345834359526634,51.49909286115431],[-0.16345825977623463,51.49909275679511],[-0.1634575892239809,51.49909140012511],[-0.1634575054049492,51.49909124358629],[-0.1634575892239809,51.49908946947937],[-0.1634575892239809,51.49908931294053],[-0.16345851123332977,51.49908753883352],[-0.1634586788713932,51.499087382294675],[-0.1634596846997738,51.49908659960036],[-0.16346152871847153,51.499085190750606],[-0.16346806660294533,51.499080181506685],[-0.16348239965736866,51.49906927596331],[-0.16337737441062927,51.499019444380195],[-0.16324996948242188,51.49895808101559],[-0.16324996948242188,51.498958056593295],[-0.16322976909577847,51.49894832339814],[-0.16319925896823406,51.49893501755275],[-0.16319917514920235,51.49893496537297],[-0.16318651847541332,51.49892614698703],[-0.16317210160195827,51.49891618064345],[-0.1631554216146469,51.498904596723094],[-0.16314318403601646,51.49889671756833],[-0.1630371529608965,51.49884516386004],[-0.16303681768476963,51.49884464206107],[-0.16304779797792435,51.49881771722636],[-0.1630034577101469,51.49880357646376],[-0.16300329007208347,51.49880352428383],[-0.16295157372951508,51.49877623416501],[-0.1629048865288496,51.49880383736348],[-0.1628683414310217,51.498826326913616],[-0.16290388070046902,51.498849233891775],[-0.1631238218396902,51.49899116297584],[-0.1631238218396902,51.49899184131229],[-0.16304276883602142,51.4990405249728],[-0.16312533058226109,51.49909374820774],[-0.16312533058226109,51.4990944787223],[-0.16310722567141056,51.49910538425962],[-0.16310605220496655,51.49910538425962],[-0.16302349045872688,51.49905210885862],[-0.16297395341098309,51.49908190343436],[-0.16297428868710995,51.49908211215285],[-0.16297420486807823,51.499082842667605],[-0.1628570258617401,51.499153285105734],[-0.16297923400998116,51.49923098037968],[-0.16300857067108154,51.499213395900114],[-0.16300974413752556,51.499213395900114],[-0.16303948058540085,51.49923259794275],[-0.16303949989378452,51.49923259794275],[-0.16320303082466125,51.49933820903257],[-0.16320303082466125,51.499338887363905],[-0.1631565112620592,51.49936675111812],[-0.16321015544235706,51.49940134598026],[-0.1632293500006199,51.49941089478372],[-0.163335632532835,51.49934895797364],[-0.16333596780896187,51.499348853615004],[-0.16335499472916126,51.49934509670385],[-0.16348885372281075,51.49926468829486],[-0.16350729390978813,51.499245016650775],[-0.16350746154785156,51.499244912291914],[-0.16352791339159012,51.49923259794275],[-0.16352793784744618,51.49923259794275],[-0.16360376961529255,51.499186993078325],[-0.16355792060494423,51.49915740728943],[-0.1635295059531927,51.49913909226768],[-0.1634597685188055,51.49909427000384]]]}},{"type":"Feature","properties":{"level_id":0,"building_id":"harrods","source_layer":"virtualobstacle","geometry_tolerance_m":0.06},"geometry":{"type":"Polygon","coordinates":[[[-0.16329539939761162,51.49940259828247],[-0.16333462670445442,51.49938031773385],[-0.16333429142832756,51.499380161196],[-0.16333437524735928,51.49937943068599],[-0.16334610991179943,51.49937343006789],[-0.16334636136889458,51.49937337788862],[-0.16337393783032894,51.4993652900977],[-0.1634373888373375,51.49932735573026],[-0.1634384784847498,51.49932735573026],[-0.16346446238458157,51.499343948758735],[-0.16359329223632812,51.49942623548023],[-0.16359329223632812,51.499426243197185],[-0.1636345311999321,51.499452585984244],[-0.1636345311999321,51.49945331649306],[-0.16359329223632812,51.499478092948976],[-0.16359329223632812,51.499478101606286],[-0.16345675103366375,51.49956012719022],[-0.16345566138625145,51.499560075011146],[-0.16338223591446877,51.499512800742195],[-0.16338223591446877,51.499512070234346],[-0.16342523507773876,51.49948744167705],[-0.16336172607214372,51.49944632447972],[-0.1633617002516985,51.49944632447972],[-0.1632953155785799,51.499403328792056],[-0.16329539939761162,51.49940259828247]],[[-0.16362237744033337,51.49944632447972],[-0.16349882818758488,51.49936732509039],[-0.1634378917515278,51.499328399317164],[-0.16337494365870953,51.49936607278721],[-0.16337469220161438,51.499366177145816],[-0.16334711574018002,51.49937426493656],[-0.1633361354470253,51.4993798481203],[-0.16333638690412045,51.49938000465815],[-0.16333630308508873,51.4993807351681],[-0.16329707577824593,51.499403015716524],[-0.16342699527740479,51.49948712860211],[-0.16342691145837307,51.49948785911036],[-0.16338391229510307,51.499512487667374],[-0.16345624811947346,51.499559031429555],[-0.16363277100026608,51.49945295123865],[-0.16362240492929012,51.49944632447972],[-0.16362237744033337,51.49944632447972]]]}},{"type":"Feature","properties":{"level_id":0,"building_id":"harrods","source_layer":"virtualobstacle","geometry_tolerance_m":0.06},"geometry":{"type":"Polygon","coordinates":[[[-0.16281846910715103,51.49859141231832],[-0.16281846842324213,51.49859141231832],[-0.16316271387040615,51.49874967454991],[-0.163163049146533,51.49875014416995],[-0.16316145658493042,51.49876386750921],[-0.16316170804202557,51.49876600688873],[-0.16316279768943787,51.49876710266844],[-0.16324753873050213,51.49880216760525],[-0.16324996948242188,51.49880297405095],[-0.16324996948242188,51.49880295030445],[-0.1632615365087986,51.49880681162017],[-0.16326162032783031,51.49880686380013],[-0.16359329223632812,51.498957298319056],[-0.16359329223632812,51.4989573238258],[-0.16361785121262074,51.49896846478802],[-0.16361793503165245,51.49896846478802],[-0.16363536939024925,51.498976865727826],[-0.16363545320928097,51.498976917907555],[-0.1636394765228033,51.49897937035553],[-0.16364249400794506,51.49897848329991],[-0.16364257782697678,51.49897843112015],[-0.1636471040546894,51.498977491884744],[-0.16364743933081627,51.498977491884744],[-0.16366202384233475,51.49897790932269],[-0.1636622752994299,51.49897790932269],[-0.1636661309748888,51.49897890073785],[-0.16366629861295223,51.49897900509731],[-0.1636857446283102,51.498989545404186],[-0.1636857446283102,51.498989597583915],[-0.16380527056753635,51.49906593646622],[-0.16385757364332676,51.49903452431005],[-0.16383184120059013,51.499017931168964],[-0.16383184120059013,51.499017305012586],[-0.16383402049541473,51.499015583082496],[-0.16388959251344204,51.49896528182285],[-0.16389076597988605,51.49896517746333],[-0.16398548148572445,51.49901302627708],[-0.16398439183831215,51.49901375679289],[-0.1638904307037592,51.49896627323827],[-0.16383536159992218,51.4990162092389],[-0.16383351758122444,51.49901756591109],[-0.16385925002396107,51.499034159052314],[-0.16385925002396107,51.49903488956781],[-0.16380577348172665,51.49906703223874],[-0.16380468383431435,51.49906703223874],[-0.1636846549808979,51.49899032810015],[-0.16366537660360336,51.498979787793445],[-0.1636617723852396,51.49897890073785],[-0.16364752314984798,51.49897848329991],[-0.16364316456019878,51.498979422535285],[-0.16363964416086674,51.49898041395036],[-0.16363872215151787,51.498980361770606],[-0.16363436356186867,51.49897764842399],[-0.16361692920327187,51.49896929966411],[-0.16326078213751316,51.498807698679144],[-0.1632467843592167,51.498803054664336],[-0.16324670054018497,51.49880300248438],[-0.16316179186105728,51.49876788536821],[-0.16316154040396214,51.498767728828255],[-0.1631601992994547,51.498766424328636],[-0.16316011548042297,51.498766163428655],[-0.16315986402332783,51.49876386750921],[-0.16315986402332783,51.4987638153292],[-0.1631613727658987,51.49875035288997],[-0.16280178911983967,51.498584994154896],[-0.16279231756925583,51.49859141231832],[-0.16279228750198527,51.49859141231832],[-0.16273674555122852,51.49862892985715],[-0.16273624263703823,51.498629086397585],[-0.16272366978228092,51.49862971255928],[-0.1626951713114977,51.498632425926644],[-0.16267463564872742,51.498634356591765],[-0.16257992014288902,51.49864327939443],[-0.1625798363238573,51.49864327939443],[-0.1625644974410534,51.498643696835444],[-0.16256466507911682,51.49864421863671],[-0.16256391070783138,51.49864479261808],[-0.16246827319264412,51.498648653947214],[-0.1624622382223606,51.498652097835105],[-0.16245963983237743,51.49865449812043],[-0.162459472194314,51.49865460248063],[-0.16245804727077484,51.49865538518236],[-0.16245771199464798,51.498655489542585],[-0.1624551136046648,51.49865606352384],[-0.16245469450950623,51.49865632442439],[-0.16245385631918907,51.49865648096474],[-0.16245008446276188,51.49865580262326],[-0.1624452229589224,51.498654863381205],[-0.16244505532085896,51.498654863381205],[-0.16243885271251202,51.498652932716965],[-0.16242820769548416,51.49864985408999],[-0.16236341558396816,51.49863315644859],[-0.16236299648880959,51.49863247810677],[-0.1623926843236452,51.49859141231832],[-0.16239266842603683,51.49859141231832],[-0.16240037977695465,51.49858076755896],[-0.16233894042670727,51.49858520287566],[-0.16222000122070312,51.49875294613273],[-0.16222000122070312,51.49875296189015],[-0.16209108754992485,51.498934756653796],[-0.16208035871386528,51.49894988879143],[-0.162068959325552,51.498966116698995],[-0.16205714084208012,51.498982918577866],[-0.16204440034925938,51.49900102494354],[-0.16203484497964382,51.499014539488456],[-0.16201967373490334,51.49903608970041],[-0.16199972480535507,51.49906437107691],[-0.1619874034076929,51.49908179907507],[-0.16197491437196732,51.49909860091137],[-0.16196636483073235,51.49911013260285],[-0.16195756383240223,51.49912197736887],[-0.16195043921470642,51.49913163059],[-0.16192160546779633,51.49917034781322],[-0.16192068345844746,51.49917066089037],[-0.16186142340302467,51.49915902485512],[-0.16184968873858452,51.49917619191953],[-0.16190752387046814,51.49918600166771],[-0.16190802678465843,51.49918668000129],[-0.16190274618566036,51.49919523743935],[-0.16189469955861568,51.499208125772896],[-0.16188539564609528,51.49922310128139],[-0.16187718138098717,51.49923625050428],[-0.16186955384910107,51.499248512673034],[-0.16186955384910107,51.49924856485248],[-0.16186410561203957,51.49925597433156],[-0.16181062906980515,51.49932907764861],[-0.1618055161088705,51.49933612185927],[-0.16180534847080708,51.499336278397266],[-0.1618027500808239,51.49933800031525],[-0.1617935299873352,51.499345618497074],[-0.16183803789317608,51.49936930790366],[-0.16184206120669842,51.49936622932512],[-0.16184382140636444,51.4993647683047],[-0.16184834763407707,51.4993605417811],[-0.16185211949050426,51.49935641961571],[-0.16185463406145573,51.49935349757422],[-0.16185740008950233,51.4993502624566],[-0.16186008229851723,51.499346714262884],[-0.16186201013624668,51.499344157476],[-0.16186494380235672,51.499340244026456],[-0.16187667846679688,51.49932340485204],[-0.16187667846679688,51.49932339009993],[-0.16190257854759693,51.49928623838852],[-0.16190391965210438,51.49928608185036],[-0.16199972480535507,51.49934760131134],[-0.1619998086243868,51.499347705669976],[-0.1620020717382431,51.4993507842498],[-0.16200215555727482,51.499350940787735],[-0.1620025746524334,51.49935370629146],[-0.1620025746524334,51.49935381065009],[-0.16200182028114796,51.499357776277776],[-0.16200173646211624,51.49935782845711],[-0.16200056299567223,51.49936127229137],[-0.16199888661503792,51.49936602060791],[-0.16199838370084763,51.499371395075485],[-0.1619988027960062,51.49937629992883],[-0.16200391575694084,51.499385066048404],[-0.1620113756507635,51.49939774561122],[-0.1620140578597784,51.499400250215785],[-0.16202202066779137,51.49940536378307],[-0.16203048638999462,51.49941068606674],[-0.16203786246478558,51.499415434378136],[-0.16204272396862507,51.49941783462327],[-0.16205169260501862,51.49942159152843],[-0.16205697320401669,51.49942289600932],[-0.16207960434257984,51.499428531366306],[-0.16208823770284653,51.499429366233954],[-0.16210734844207764,51.499428061753264],[-0.16211380250751972,51.49942743560251],[-0.16211397014558315,51.49942743560251],[-0.1621207594871521,51.49942764431944],[-0.16212101094424725,51.49942764431944],[-0.16212486661970615,51.4994286357248],[-0.16212503425776958,51.499428687904015],[-0.1621300633996725,51.499431192506876],[-0.16213014721870422,51.49943124468612],[-0.16213257797062397,51.49943296660052],[-0.16214012168347836,51.499438393239416],[-0.16215244308114052,51.49944632447972],[-0.16215241774306963,51.49944632447972],[-0.16218186356127262,51.49946531770746],[-0.16218186356127262,51.49946604821608],[-0.16214766539633274,51.49948598066052],[-0.16214657574892044,51.49948598066052],[-0.1621109526604414,51.49946260438969],[-0.16209653578698635,51.499470796521706],[-0.16213911585509777,51.499498086224634],[-0.16218798235058784,51.499469961654796],[-0.16218915581703186,51.499470013833985],[-0.16219552606344223,51.4994740838099],[-0.16219552606344223,51.499474762139215],[-0.16217834316194057,51.49948525015222],[-0.1622127927839756,51.49950653924594],[-0.16221270896494389,51.49950726975388],[-0.16210868954658508,51.499569467244186],[-0.16211665235459805,51.49957452861338],[-0.16213676892220974,51.49958527749871],[-0.16213685274124146,51.49958532967776],[-0.1621436420828104,51.49958934746434],[-0.16214649192988873,51.49959106937277],[-0.16214657574892044,51.49959106937277],[-0.16215194016695023,51.49959430447328],[-0.1622515171766281,51.499533307136375],[-0.1622526068240404,51.499533307136375],[-0.16228697262704372,51.49955402223773],[-0.16231547109782696,51.49953748146487],[-0.16231656074523926,51.49953748146487],[-0.16265669837594032,51.49975684188854],[-0.16265669837594032,51.49975757239244],[-0.16260607168078423,51.499787992652784],[-0.162598779425025,51.499799837242676],[-0.16259861178696156,51.4998000459579],[-0.16256282106041908,51.49982050004405],[-0.16258352436125278,51.499831718480294],[-0.16268637031316757,51.4997695213479],[-0.16268745996057987,51.4997695213479],[-0.16290513798594475,51.4999087342749],[-0.16307872720062733,51.49980437679832],[-0.16318115405738354,51.499743588458074],[-0.16318115405738354,51.4997435362792],[-0.1632152684032917,51.49972511713517],[-0.16324996948242188,51.49970641017866],[-0.16324996948242188,51.49970638491024],[-0.16337787732481956,51.49963745651772],[-0.16359329223632812,51.49950758282873],[-0.16359329223632812,51.49950759049954],[-0.1636949170834029,51.49944632447972],[-0.16369488090276718,51.49944632447972],[-0.1640549674630165,51.49922925845766],[-0.1638299971818924,51.499083364463814],[-0.1638300810009241,51.499082633949115],[-0.16388347372412682,51.499050543468826],[-0.16388464719057083,51.499050543468826],[-0.16390476375818253,51.49906275350787],[-0.16390535049140453,51.4990637971008],[-0.16390426084399223,51.4990637971008],[-0.16388406045734882,51.49905158706204],[-0.16383175738155842,51.499083051386094],[-0.16405672766268253,51.499228945380935],[-0.16405664384365082,51.499229675893304],[-0.16369731165468693,51.49944632447972],[-0.1636972841765794,51.49944632447972],[-0.16359329223632812,51.4995090211015],[-0.16359329223632812,51.49950904384454],[-0.16337905079126358,51.49963818702358],[-0.16337896697223186,51.49963823920257],[-0.16324996948242188,51.49970779374081],[-0.16324996948242188,51.499707780278825],[-0.163216358050704,51.499725899818515],[-0.16318224370479584,51.4997443189622],[-0.16307990066707134,51.49980510730151],[-0.16290572471916676,51.4999097778485],[-0.16290455125272274,51.4999097778485],[-0.16268687322735786,51.49977056492466],[-0.1625841110944748,51.499832762055604],[-0.1625830214470625,51.499832814234395],[-0.16256114467978477,51.499820917474295],[-0.16256106086075306,51.49982013479263],[-0.16259735450148582,51.49979936763344],[-0.16260456293821335,51.49978752304344],[-0.1626048143953085,51.49978731432816],[-0.1626549381762743,51.49975715496166],[-0.16231597401201725,51.49953857722602],[-0.16228755936026573,51.49955511799848],[-0.16228638589382172,51.49955506581941],[-0.16225210390985012,51.49953435071856],[-0.16222000122070312,51.499553999145384],[-0.16222000122070312,51.49955402223773],[-0.16215244308114052,51.499595348054044],[-0.16215135343372822,51.499595348054044],[-0.16214540228247643,51.49959179987937],[-0.16213576309382915,51.49958606018444],[-0.16211556270718575,51.49957531129928],[-0.16211547888815403,51.499575259120235],[-0.16210692934691906,51.49956983249763],[-0.16210692934691906,51.49956910199069],[-0.16221103258430958,51.499506904499924],[-0.16217658296227455,51.4994856154064],[-0.16217658296227455,51.499484884898095],[-0.16219384968280792,51.49947439688498],[-0.16218848526477814,51.499471057417594],[-0.16213961876928806,51.49949912980759],[-0.16213852912187576,51.49949912980759],[-0.16209477558732033,51.49947116177597],[-0.16209485940635204,51.49947043126744],[-0.1621104497462511,51.499461508626695],[-0.1621115393936634,51.499461508626695],[-0.16214716248214245,51.499484937077256],[-0.1621801871806383,51.49946563078257],[-0.16213894821703434,51.49943912374846],[-0.16213894821703434,51.49943907156924],[-0.16213132068514824,51.499433644930406],[-0.1621289737522602,51.49943192301603],[-0.16212411224842072,51.49942952277166],[-0.16212050803005695,51.4994286357248],[-0.16211397014558315,51.49942842700787],[-0.16210759989917278,51.49942905315859],[-0.16208832152187824,51.49943040981853],[-0.1620881538838148,51.49943040981853],[-0.16207926906645298,51.49942952277166],[-0.16207910142838955,51.499429470592446],[-0.16207139007747173,51.499427592140194],[-0.16205638647079468,51.49942383523552],[-0.16205093823373318,51.49942247857544],[-0.16205085441470146,51.49942242639622],[-0.1620418019592762,51.49941866949109],[-0.16204171814024448,51.49941866949109],[-0.16203677281737328,51.49941616488752],[-0.16203668899834156,51.4994161127083],[-0.1620293129235506,51.49941141657621],[-0.16202093102037907,51.49940604211335],[-0.16201280057430267,51.49940092854618],[-0.16201271675527096,51.49940082418766],[-0.16200995072722435,51.49939826740385],[-0.16200995072722435,51.49939816304533],[-0.16200240701436996,51.49938537912408],[-0.16199729405343533,51.49937656082528],[-0.1619972102344036,51.499376456466706],[-0.16199679113924503,51.499371395075485],[-0.16199679113924503,51.49937134289618],[-0.1619972102344036,51.49936591624933],[-0.16199729405343533,51.499365811890726],[-0.16199897043406963,51.499361063574156],[-0.16200014390051365,51.49935761973987],[-0.1620008982717991,51.49935375847079],[-0.16200056299567223,51.4993510973257],[-0.16199846751987934,51.49934822746317],[-0.16190358437597752,51.499287334155724],[-0.16187667846679688,51.49932589470862],[-0.16187667846679688,51.49932588835624],[-0.16186636872589588,51.499340661461105],[-0.16186636872589588,51.499340713640436],[-0.16186343505978584,51.499344574910594],[-0.1618615072220564,51.49934713169742],[-0.1618588250130415,51.499350679891165],[-0.1618588250130415,51.49935073207047],[-0.1618560589849949,51.49935396718803],[-0.16185354441404343,51.49935694140882],[-0.16184977255761623,51.499361063574156],[-0.16184968873858452,51.49936111575346],[-0.1618451625108719,51.499365342277],[-0.16184507869184017,51.499365342277],[-0.16184340231120586,51.499366855476694],[-0.16184331849217415,51.499366855476694],[-0.1618387084454298,51.4993702993103],[-0.1618375349789858,51.49937040366888],[-0.1617918536067009,51.499346035931666],[-0.16179176978766918,51.49934535760045],[-0.16180149279534817,51.49933737416325],[-0.16180149279534817,51.499337321983944],[-0.16180409118533134,51.499335652245236],[-0.16180912032723427,51.49932866021385],[-0.1618626806885004,51.49925555689612],[-0.1618680451065302,51.49924814741698],[-0.1618756726384163,51.49923588524817],[-0.16187768429517746,51.49923259794275],[-0.16187772222223115,51.49923259794275],[-0.1618838869035244,51.49922273602513],[-0.1618931908160448,51.499207760516526],[-0.16190123744308949,51.49919487218287],[-0.1619061827659607,51.49918683653979],[-0.16187667846679688,51.49918182730704],[-0.16187667846679688,51.4991818055275],[-0.16184834763407707,51.49917697461228],[-0.16184776090085506,51.49917629627856],[-0.16186016611754894,51.49915818998252],[-0.16186117194592953,51.499157929084845],[-0.16187667846679688,51.4991609738749],[-0.16187667846679688,51.499160955497956],[-0.1619204320013523,51.499169565120354],[-0.16194893047213554,51.499131213153476],[-0.16195613890886307,51.499121559932235],[-0.16196493990719318,51.49910971516607],[-0.16197348944842815,51.4990981834745],[-0.16198589466512203,51.49908138163809],[-0.1619982160627842,51.499063953639734],[-0.16201816499233246,51.49903567226298],[-0.16203333623707294,51.49901412205082],[-0.1620428916066885,51.49900060750582],[-0.16205563209950924,51.49898250113998],[-0.1620674505829811,51.498965699260935],[-0.16207893379032612,51.4989494713532],[-0.16208957880735397,51.49893439139524],[-0.16222000122070312,51.498750405069984],[-0.16222000122070312,51.49875041274115],[-0.16233759932219982,51.49858452453313],[-0.16233826987445354,51.49858421145197],[-0.16240155324339867,51.49857967177479],[-0.16240239143371582,51.49858040229759],[-0.16236484050750732,51.498632425926644],[-0.16242887824773788,51.49864896702795],[-0.16243952326476574,51.49865199347488],[-0.1624431274831295,51.49865308925729],[-0.16244572587311268,51.49865392413918],[-0.16245058737695217,51.498654811201106],[-0.16245385631918907,51.49865543736249],[-0.1624540239572525,51.49865533300223],[-0.16245435923337936,51.49865517646191],[-0.16245704144239426,51.49865460248063],[-0.1624583825469017,51.49865387195902],[-0.16246098093688488,51.49865147167367],[-0.1624610647559166,51.49865136731344],[-0.16246743500232697,51.49864776688514],[-0.16246793791651726,51.49864766252492],[-0.1625629048794508,51.498643853375796],[-0.16256273724138737,51.49864327939443],[-0.16256357543170452,51.498642705413005],[-0.16257966868579388,51.49864228797199],[-0.16267438419163227,51.498633365169155],[-0.16269500367343426,51.49863143450398],[-0.16272341832518578,51.498628721136555],[-0.1627235021442175,51.498628721136555],[-0.16273582354187965,51.49862809497483],[-0.16279001204605037,51.49859141231832],[-0.1627899706363678,51.49859141231832],[-0.16280103474855423,51.498583950550994],[-0.16280212439596653,51.49858389837078],[-0.16281846910715103,51.49859141231832]]]}},{"type":"Feature","properties":{"level_id":0,"building_id":"harrods","source_layer":"virtualobstacle","geometry_tolerance_m":0.06},"geometry":{"type":"Polygon","coordinates":[[[-0.16345549374818802,51.49931645024603],[-0.1635169330984354,51.499279402887765],[-0.1635326910763979,51.499261400991514],[-0.1635327748954296,51.49926129663268],[-0.16359329223632812,51.49922492756258],[-0.16359329223632812,51.49922494551262],[-0.1636306755244732,51.4992024903886],[-0.1636318489909172,51.4992024903886],[-0.16366160474717617,51.49922169243584],[-0.16367851404477976,51.49923259794275],[-0.16367853619158268,51.49923259794275],[-0.1638338528573513,51.49933278238174],[-0.1638338528573513,51.49933351289246],[-0.16365171410143375,51.49944298501029],[-0.16365054063498974,51.49944298501029],[-0.16345549374818802,51.49931712857767],[-0.16345549374818802,51.49931645024603]],[[-0.16359329223632812,51.499226336408015],[-0.16358288051022024,51.49923259794275],[-0.16358289867639542,51.49923259794275],[-0.16353403218090534,51.49926197496512],[-0.16351827420294285,51.49927992468176],[-0.16351810656487942,51.49928008121992],[-0.16345717012882233,51.499316815501544],[-0.16365121118724346,51.49944188924684],[-0.163832176476717,51.49933314763712],[-0.16367627307772636,51.49923259794275],[-0.16367628582696864,51.49923259794275],[-0.16364878043532372,51.49921485692539],[-0.16363117843866348,51.499203533978374],[-0.16359329223632812,51.49922632545897],[-0.16359329223632812,51.499226336408015]]]}},{"type":"Feature","properties":{"level_id":0,"building_id":"harrods","source_layer":"virtualobstacle","geometry_tolerance_m":0.06},"geometry":{"type":"Polygon","coordinates":[[[-0.16325650736689568,51.499425504970986],[-0.1632565911859274,51.499424774461716],[-0.16327922232449055,51.499411938368695],[-0.16328031197190285,51.499411938368695],[-0.16339363530278206,51.49948535451057],[-0.16339363530278206,51.499486032839684],[-0.1633214671164751,51.49952751525498],[-0.1633203774690628,51.49952751525498],[-0.16327880322933197,51.499501686585745],[-0.16324996948242188,51.49948378913564],[-0.16324996948242188,51.499483778938696],[-0.1632071379572153,51.4994571777537],[-0.1632071379572153,51.49945644724497],[-0.16322376841485986,51.49944632447972],[-0.16322373412549496,51.49944632447972],[-0.16322599723935127,51.499444967820295],[-0.1632271707057953,51.499444967820295],[-0.16324996948242188,51.499459580466066],[-0.16324996948242188,51.49945957799662],[-0.1632555015385151,51.49946312618158],[-0.16328286508505177,51.49944632447972],[-0.1632828265428543,51.49944632447972],[-0.16328617930412292,51.499444289490555],[-0.16325650736689568,51.499425504970986]],[[-0.1632582675665617,51.49942519189557],[-0.16328785568475723,51.49944392423609],[-0.16328785568475723,51.49944465474505],[-0.16328517347574234,51.49944632447972],[-0.1632851448650017,51.49944632447972],[-0.1632560882717371,51.49946422194455],[-0.16325491480529308,51.49946422194455],[-0.16322658397257328,51.49944601140447],[-0.163226081058383,51.49944632447972],[-0.16322607134017772,51.49944632447972],[-0.16320889815688133,51.49945681249932],[-0.16324996948242188,51.49948233511603],[-0.16324996948242188,51.499482328119],[-0.16330378130078316,51.49951577495261],[-0.1633209642022848,51.49952647167268],[-0.16339187510311604,51.49948566758556],[-0.16327972523868084,51.49941298195364],[-0.1632582675665617,51.49942519189557]]]}},{"type":"Feature","properties":{"level_id":2,"building_id":"harrods","source_layer":"virtualobstacle","geometry_tolerance_m":0.06},"geometry":{"type":"Polygon","coordinates":[[[-0.16350469551980495,51.499296987341836],[-0.16346454620361328,51.4993211463879],[-0.16346337273716927,51.49932109420854],[-0.16334460116922855,51.49924454703586],[-0.16334468498826027,51.49924381652369],[-0.16339128836989403,51.49921642230956],[-0.16329380683600903,51.499152084976174],[-0.16329389065504074,51.49915135446258],[-0.16340780071914196,51.49908132945845],[-0.16340847127139568,51.49908122509922],[-0.16342456452548504,51.49908185125474],[-0.16342515125870705,51.49908200779359],[-0.16359329223632812,51.499191637054025],[-0.16359329223632812,51.499191650657124],[-0.16363872215151787,51.49922127500011],[-0.16363872215151787,51.499221953333176],[-0.16361894086003304,51.49923484165916],[-0.16370762139558792,51.49929203030058],[-0.16370762139558792,51.499292760811954],[-0.16370493918657303,51.49929437837284],[-0.16359983012080193,51.49935756756054],[-0.1635986566543579,51.499357515381234],[-0.16359329223632812,51.49935405972153],[-0.16359329223632812,51.49935407154666],[-0.16350469551980495,51.499296987341836]],[[-0.16359924338757992,51.49935647179504],[-0.16370083205401897,51.49929547413984],[-0.1637059450149536,51.49929239555627],[-0.16361726447939873,51.49923520691533],[-0.16361726447939873,51.49923447640302],[-0.16362011432647705,51.49923259794275],[-0.16362014758227889,51.49923259794275],[-0.16363704577088356,51.49922158807692],[-0.16359329223632812,51.49919307425658],[-0.16359329223632812,51.499193098079985],[-0.16342414543032646,51.499082842667605],[-0.16340872272849083,51.49908221651211],[-0.16329556703567505,51.49915171971938],[-0.16339296475052834,51.499216057053246],[-0.16339296475052834,51.49921678756584],[-0.16336611907289203,51.49923259794275],[-0.1633661426603794,51.49923259794275],[-0.16334636136889458,51.49924423395922],[-0.16346395947039127,51.49932005062152],[-0.16350419260561466,51.49929589157489],[-0.16350536607205868,51.49929589157489],[-0.16359329223632812,51.49935261052585],[-0.16359329223632812,51.499352631441795],[-0.16359924338757992,51.49935647179504]]]}},{"type":"Feature","properties":{"level_id":2,"building_id":"harrods","source_layer":"virtualobstacle","geometry_tolerance_m":0.06},"geometry":{"type":"Polygon","coordinates":[[[-0.1631417591124773,51.49924360780594],[-0.163141256198287,51.499242772934906],[-0.16315785236656666,51.49923259794275],[-0.1631578578976187,51.49923259794275],[-0.16319540329277515,51.499209586798315],[-0.16324996948242188,51.499245593161945],[-0.16324996948242188,51.49924559062461],[-0.16329322010278702,51.499274132768136],[-0.16332658007740974,51.49925451330759],[-0.16337871551513672,51.4992878559496],[-0.1633791346102953,51.49928811684657],[-0.1633785478770733,51.49928895171678],[-0.16332658007740974,51.49925571343442],[-0.1632931362837553,51.49927528071504],[-0.16322842799127102,51.49923259794275],[-0.16322845540388628,51.49923259794275],[-0.16319540329277515,51.49921078692634],[-0.16315974930527927,51.49923259794275],[-0.1631597802042961,51.49923259794275],[-0.16314217820763588,51.49924334690874],[-0.1631417591124773,51.49924360780594]]]}},{"type":"Feature","properties":{"level_id":2,"building_id":"harrods","source_layer":"virtualobstacle","geometry_tolerance_m":0.06},"geometry":{"type":"Polygon","coordinates":[[[-0.16346395947039127,51.49932135510531],[-0.1634068787097931,51.49928451646858],[-0.1634064596146345,51.49928425557164],[-0.1634069625288248,51.49928342070132],[-0.16346395947039127,51.49932015498018],[-0.16350477933883667,51.49929568285734],[-0.16359329223632812,51.49935271488448],[-0.16359329223632812,51.49935273993003],[-0.16359924338757992,51.49935657615367],[-0.1636415719985962,51.49933116482222],[-0.16364199109375477,51.49933090392554],[-0.16364249400794506,51.49933179097431],[-0.16359924338757992,51.499357776277776],[-0.16350477933883667,51.49929683080373],[-0.16346395947039127,51.49932135510531]]]}},{"type":"Feature","properties":{"level_id":2,"building_id":"harrods","source_layer":"virtualobstacle","geometry_tolerance_m":0.06},"geometry":{"type":"Polygon","coordinates":[[[-0.16328324563801289,51.49915740728943],[-0.1632843352854252,51.49915740728943],[-0.16336622647941113,51.49921146525955],[-0.1633661426603794,51.49921214359273],[-0.16329791396856308,51.49925226959215],[-0.16328785568475723,51.49925816586736],[-0.16328668221831322,51.49925816586736],[-0.1632479578256607,51.49923259794275],[-0.16324798955308178,51.49923259794275],[-0.163204874843359,51.49920410795269],[-0.163204874843359,51.49920342961937],[-0.16324996948242188,51.499176948321505],[-0.16324996948242188,51.49917692243275],[-0.16328324563801289,51.49915740728943]],[[-0.1632065512239933,51.4992037948758],[-0.16328735277056694,51.4992570700995],[-0.16329933889210224,51.49925002587662],[-0.1633290108293295,51.49923259794275],[-0.16332901493919036,51.49923259794275],[-0.1633644662797451,51.49921177833639],[-0.16328374855220318,51.49915850305976],[-0.16324996948242188,51.499178331279694],[-0.16324996948242188,51.49917832130283],[-0.1632065512239933,51.4992037948758]]]}},{"type":"Feature","properties":{"level_id":2,"building_id":"harrods","source_layer":"virtualobstacle","geometry_tolerance_m":0.06},"geometry":{"type":"Polygon","coordinates":[[[-0.1620091963559389,51.499056544129445],[-0.1620042510330677,51.4990637971008],[-0.1620151475071907,51.499066823520195],[-0.16207356937229633,51.498981301005955],[-0.16203786246478558,51.49897164775297],[-0.16202855855226517,51.498984588329506],[-0.16202755272388458,51.49898479704842],[-0.1619143970310688,51.49895328047677],[-0.16191397793591022,51.49895265431948],[-0.16194121912121773,51.498913362933365],[-0.1619422249495983,51.498913102034294],[-0.16198287717998028,51.4989238510756],[-0.16198329627513885,51.49892458159289],[-0.16198229044675827,51.498925729548574],[-0.1619895827025175,51.49892771238112],[-0.16199050471186638,51.498926512245646],[-0.16199151054024696,51.49892630352642],[-0.1620336715131998,51.49893752218276],[-0.16203409060835838,51.498938148340244],[-0.1620331685990095,51.49893960937433],[-0.16204196959733963,51.498941800925394],[-0.16204297542572021,51.498940548610506],[-0.1620439812541008,51.49894033989136],[-0.16206694766879082,51.498947018903664],[-0.1620673667639494,51.498947697240766],[-0.16206066124141216,51.49895578510581],[-0.16208630986511707,51.49896293373365],[-0.1621861383318901,51.49882241341962],[-0.16217440366744995,51.4988215263609],[-0.16217373311519623,51.49882084802189],[-0.16219091601669788,51.49879475805241],[-0.1621920894831419,51.49879449715263],[-0.1622024830430746,51.498798567188885],[-0.1622640062123537,51.49871278327109],[-0.1622526068240404,51.498710382988804],[-0.16225210390985012,51.49870970464815],[-0.1622688677161932,51.4986847103967],[-0.1622699573636055,51.498684449496295],[-0.16228102147579193,51.49868778902132],[-0.16228982247412205,51.4986721349957],[-0.16228931955993176,51.49866874328944],[-0.16228605061769485,51.498662064236385],[-0.16228219494223595,51.498657524566966],[-0.16228211112320423,51.498657263666416],[-0.16228227876126766,51.49865559390281],[-0.1622825302183628,51.498655280822135],[-0.16228747554123402,51.49865246309591],[-0.16228764317929745,51.49865235873568],[-0.16229753382503986,51.49864964536951],[-0.162297785282135,51.49864959318941],[-0.1623108610510826,51.49864891484782],[-0.16231111250817776,51.49864891484782],[-0.16232318244874477,51.498650741152005],[-0.16232351772487164,51.49865084551226],[-0.16233139671385288,51.49865538518236],[-0.1623549498617649,51.49865522864201],[-0.1623549498617649,51.49865455030053],[-0.16235570423305035,51.4986540806795],[-0.16272970475256443,51.498633312989],[-0.1628362387418747,51.49862042449291],[-0.16284537501633167,51.49861964179061],[-0.1628455426543951,51.49861964179061],[-0.1628525834530592,51.49861995487154],[-0.16285300254821777,51.498620059231854],[-0.16347205093115463,51.49888832211013],[-0.16365556977689266,51.49896783863096],[-0.1636558212339878,51.498968569147536],[-0.163594214245677,51.499023462216655],[-0.16361583955585957,51.49903556790363],[-0.16363377682864666,51.499043081776676],[-0.16374299302697182,51.49911472440675],[-0.16385472379624844,51.49904600383809],[-0.16383033245801926,51.4990297237793],[-0.16383024863898754,51.49902904544339],[-0.16383687034249306,51.49902341003698],[-0.16383804380893707,51.49902330567758],[-0.16384156420826912,51.49902487106834],[-0.16384567134082317,51.49902153156802],[-0.16384189948439598,51.499020018356845],[-0.16384173184633255,51.49901928784112],[-0.16384835354983807,51.49901360025382],[-0.16384952701628208,51.49901349589439],[-0.1638528797775507,51.49901506128546],[-0.16385698691010475,51.49901182614386],[-0.163853382691741,51.49901020857294],[-0.16385313123464584,51.49900953023675],[-0.16385966911911964,51.49900399918735],[-0.16386075876653194,51.49900389482795],[-0.16386369243264198,51.49900535585991],[-0.1638675481081009,51.49900232943648],[-0.1638643629848957,51.49900076404495],[-0.16386419534683228,51.499000085708616],[-0.16388246789574623,51.498983962172616],[-0.16388364136219025,51.49898385781319],[-0.16394608654081821,51.49901370461322],[-0.16394617035984993,51.49901448730873],[-0.1638589147478342,51.499066666981236],[-0.16396628692746162,51.49913590931442],[-0.16398112289607525,51.49912698660822],[-0.1639818772673607,51.49912688224907],[-0.16401113010942936,51.49913110879433],[-0.16401154920458794,51.49913194366741],[-0.16359329223632812,51.499383629894496],[-0.16359329223632812,51.49938365720786],[-0.16274722293019295,51.49989276759649],[-0.16274613328278065,51.499892715417786],[-0.1626189798116684,51.49981074261123],[-0.16257137060165405,51.49983933657961],[-0.16257028095424175,51.49983933657961],[-0.16254806891083717,51.49982702239106],[-0.16254806891083717,51.49982623970948],[-0.16265502199530602,51.49976341642346],[-0.16230775974690914,51.49953889030064],[-0.1622808538377285,51.49955511799848],[-0.16227968037128448,51.49955506581941],[-0.16224564984440804,51.49953278534528],[-0.1621665246784687,51.49957969434013],[-0.162199717015028,51.49960171389614],[-0.16219963319599628,51.49960239222355],[-0.16218102537095547,51.49961371507149],[-0.16217993572354317,51.49961371507149],[-0.16206485219299793,51.499548126000775],[-0.16206485219299793,51.499547395493494],[-0.16209050081670284,51.49953158522578],[-0.16209159046411514,51.49953158522578],[-0.1621272973716259,51.499554596207645],[-0.16220608726143837,51.499507426291274],[-0.1621714700013399,51.49948446746478],[-0.16217155382037163,51.49948378913564],[-0.16219745390117168,51.49946886589197],[-0.16195781528949738,51.49931436307173],[-0.16194842755794525,51.49931999844216],[-0.16194725409150124,51.4993199462628],[-0.1619192585349083,51.49930079643636],[-0.16191934235394,51.499300118104486],[-0.16192772425711155,51.499295056704796],[-0.1618796121329069,51.49926917572438],[-0.16187936067581177,51.49926886264791],[-0.16187726520001888,51.49925560907556],[-0.1618773490190506,51.499255295999006],[-0.16189830377697945,51.49923332845509],[-0.16189620830118656,51.49923259794275],[-0.1618962339125954,51.49923259794275],[-0.1618876587599516,51.499229571534414],[-0.16188732348382473,51.499228945380935],[-0.16190316528081894,51.49920525590136],[-0.16190425492823124,51.499204995003936],[-0.16191523522138596,51.49920838667029],[-0.1619558036327362,51.499152032796644],[-0.1619449071586132,51.49915020651255],[-0.1619443204253912,51.49914952817841],[-0.16196535900235176,51.499116655051466],[-0.16196644864976406,51.49911644633315],[-0.16197717748582363,51.499120203263146],[-0.16200056299567223,51.499089208581296],[-0.16187667846679688,51.49905482220083],[-0.16187667846679688,51.49905481967279],[-0.16186033375561237,51.49905028257052],[-0.16184750944375992,51.49904673435341],[-0.16184709034860134,51.49904605601776],[-0.16186670400202274,51.499018087708066],[-0.16186770983040333,51.49901782680956],[-0.16187667846679688,51.49902024852944],[-0.16187667846679688,51.49902022707565],[-0.16200877726078033,51.49905591797361],[-0.1620091963559389,51.499056544129445]],[[-0.16400928609073162,51.49913183930829],[-0.1639819610863924,51.499127925840526],[-0.16396678984165192,51.49913700508526],[-0.16396570019423962,51.49913700508526],[-0.1638572383671999,51.49906703223874],[-0.1638572383671999,51.49906630172376],[-0.1639443263411522,51.499014174230524],[-0.16388330608606339,51.498985005767366],[-0.1638659555464983,51.499000294427475],[-0.16386914066970348,51.49900185981903],[-0.16386930830776691,51.49900259033504],[-0.16386453062295914,51.499006399454146],[-0.16386335715651512,51.499006503813604],[-0.16386042349040508,51.49900504278162],[-0.16385497525334358,51.49900968677588],[-0.16385857947170734,51.499011304346794],[-0.16385874710977077,51.49901203486266],[-0.16385371796786785,51.49901605269977],[-0.16385262832045555,51.4990161570592],[-0.16384919174015522,51.49901459166816],[-0.16384349204599857,51.499019444380195],[-0.16384726390242577,51.49902100977107],[-0.1638474315404892,51.49902168810709],[-0.16384240239858627,51.499025862482455],[-0.16384131275117397,51.49902596684183],[-0.1638377085328102,51.49902440145112],[-0.16383200883865356,51.49902930634181],[-0.16385640017688274,51.499045690760084],[-0.16385640017688274,51.49904636909574],[-0.16374357976019382,51.49911576799849],[-0.1637424062937498,51.49911576799849],[-0.16363159753382206,51.4990439166514],[-0.16361374408006668,51.49903687239558],[-0.16359329223632812,51.499024292122186],[-0.16359329223632812,51.49902429709172],[-0.1635926216840744,51.4990238796542],[-0.16359245404601097,51.49902325349791],[-0.16365397721529007,51.498968412608264],[-0.16359329223632812,51.49894210893804],[-0.16359329223632812,51.49894211400411],[-0.16285224817693233,51.49862094629444],[-0.1628454588353634,51.49862068539366],[-0.16283649019896984,51.49862141591581],[-0.16272995620965958,51.49863430441161],[-0.16272987239062786,51.49863430441161],[-0.1623565424233675,51.498655019921586],[-0.1623565424233675,51.49865575044316],[-0.16235570423305035,51.49865622006416],[-0.16233114525675774,51.49865642878464],[-0.16233055852353573,51.49865627224426],[-0.16232259571552277,51.498651680394175],[-0.1623108610510826,51.49864990627012],[-0.16229803673923016,51.49865058461165],[-0.1622884813696146,51.49865324579764],[-0.16228387132287025,51.49865585480339],[-0.16228370368480682,51.49865721148629],[-0.16228747554123402,51.49866164679554],[-0.16228755936026573,51.49866175115574],[-0.16229091212153435,51.49866853456905],[-0.16229091212153435,51.498668638929274],[-0.16229141503572464,51.4986721349957],[-0.16229141503572464,51.498672343716066],[-0.16228227876126766,51.498688676082594],[-0.16228118911385536,51.498688936983],[-0.16227004118263721,51.498685545277965],[-0.16225394792854786,51.49870960028804],[-0.16226534731686115,51.49871200057032],[-0.16226585023105145,51.49871267891098],[-0.1622035726904869,51.498799506427986],[-0.1622023992240429,51.498799715147754],[-0.1621920894831419,51.49879569729157],[-0.16217566095292568,51.49882063930221],[-0.16218739561736584,51.49882147418097],[-0.16218806616961956,51.498822204699906],[-0.1620874833315611,51.498963768609826],[-0.1620863936841488,51.49896402950864],[-0.162059236317873,51.49895646344277],[-0.16205881722271442,51.49895578510581],[-0.16206552274525166,51.498947697240766],[-0.16204406507313251,51.49894143566689],[-0.16204314306378365,51.498942687981724],[-0.16204205341637135,51.498942948880654],[-0.16203182749450207,51.49894033989136],[-0.16203132458031178,51.49893966155412],[-0.16203233040869236,51.498938252699816],[-0.16199159435927868,51.49892739930229],[-0.1619906723499298,51.49892854725792],[-0.1619895827025175,51.49892880815693],[-0.1619808655232191,51.498926407886046],[-0.16198044642806053,51.498925729548574],[-0.16198145225644112,51.49892458159289],[-0.16194230876863003,51.498914249990264],[-0.16191582195460796,51.49895254995994],[-0.16202746890485287,51.49898370127397],[-0.16203677281737328,51.498970812876934],[-0.16203777864575386,51.4989705519782],[-0.16207491047680378,51.49898057048961],[-0.16207532957196236,51.4989812488262],[-0.16201632097363472,51.49906771057408],[-0.16201523132622242,51.4990679714723],[-0.16200290992856026,51.4990644754362],[-0.16200249083340168,51.49906384928045],[-0.16200735233724117,51.49905664848876],[-0.16187667846679688,51.499021322849245],[-0.16187667846679688,51.49902130312413],[-0.16186787746846676,51.49901892258322],[-0.16184885054826736,51.49904600383809],[-0.16185371205210686,51.499047360509394],[-0.16187667846679688,51.49905374088717],[-0.16187667846679688,51.49905372642806],[-0.16200190410017967,51.49908853024627],[-0.16200232319533825,51.499089208581296],[-0.16197826713323593,51.49912109031601],[-0.16197717748582363,51.49912129903433],[-0.16196644864976406,51.499117594284],[-0.16194616444408894,51.49914942381932],[-0.16195714473724365,51.49915119792391],[-0.16195773147046566,51.499151876258],[-0.16191640868782997,51.49920927372145],[-0.16191531904041767,51.49920948243937],[-0.16190433874726295,51.49920614295257],[-0.16188908368349075,51.499228945380935],[-0.16189981251955032,51.49923270230167],[-0.16190014779567719,51.499233380634536],[-0.1618789415806532,51.49925571343442],[-0.16188086941838264,51.49926854957147],[-0.16192948445677757,51.49929463926975],[-0.16192948445677757,51.499295369781066],[-0.16192101873457432,51.499300483360116],[-0.16194792464375496,51.49931890267575],[-0.16195722855627537,51.49931326730518],[-0.16195840202271938,51.49931326730518],[-0.16216468065977097,51.49944632447972],[-0.16216467124667006,51.49944632447972],[-0.162199130281806,51.499468552816865],[-0.162199130281806,51.49946928332545],[-0.16217323020100594,51.49948415438979],[-0.1622078474611044,51.49950711321645],[-0.16220776364207268,51.499507791545255],[-0.1621278841048479,51.499555691968396],[-0.1621267106384039,51.499555691968396],[-0.16209100373089314,51.4995326809871],[-0.16206661239266396,51.49954770856803],[-0.16218043863773346,51.49961267149115],[-0.16219795681536198,51.49960202697031],[-0.16216476447880268,51.499580007414465],[-0.16216476447880268,51.49957932908674],[-0.16224506311118603,51.49953174176312],[-0.16224623657763004,51.49953174176312],[-0.1622803509235382,51.49955402223773],[-0.16230717301368713,51.499537846718596],[-0.16230834648013115,51.499537846718596],[-0.16265678219497204,51.499763103350375],[-0.16265678219497204,51.49976383385422],[-0.16254974529147148,51.49982660496087],[-0.16257078386843204,51.499838293004416],[-0.1626183930784464,51.49980964685662],[-0.1626195665448904,51.49980964685662],[-0.16274672001600266,51.49989167184384],[-0.16359329223632812,51.49938219618801],[-0.16359329223632812,51.49938220663357],[-0.16400928609073162,51.49913183930829]]]}},{"type":"Feature","properties":{"level_id":2,"building_id":"harrods","source_layer":"virtualobstacle","geometry_tolerance_m":0.06},"geometry":{"type":"Polygon","coordinates":[[[-0.1636383030563593,51.49923505037697],[-0.16370988450944424,51.49919200231051],[-0.1637732401201326,51.49923259794275],[-0.16377325169742107,51.49923259794275],[-0.16379001550376415,51.49924334690874],[-0.16371793113648891,51.4992864471061],[-0.1636383030563593,51.49923505037697]],[[-0.1637880876660347,51.4992432947293],[-0.16370988450944424,51.49919320243896],[-0.16364431568702031,51.49923259794275],[-0.1636443380266428,51.49923259794275],[-0.16364014707505703,51.49923510255641],[-0.16371793113648891,51.499285246980065],[-0.1637880876660347,51.4992432947293]]]}},{"type":"Feature","properties":{"level_id":2,"building_id":"harrods","source_layer":"virtualobstacle","geometry_tolerance_m":0.06},"geometry":{"type":"Polygon","coordinates":[[[-0.16333118222088333,51.49923259794275],[-0.1633311901241541,51.49923259794275],[-0.16328726895153522,51.49925837458508],[-0.16320445574820042,51.499203742696295],[-0.16328374855220318,51.49915719857128],[-0.163366561755538,51.49921183051586],[-0.16333118222088333,51.49923259794275]],[[-0.16325004850673014,51.49923259794275],[-0.1632500533014536,51.49923259794275],[-0.16328726895153522,51.499257174458336],[-0.16336463391780853,51.49921177833639],[-0.16328374855220318,51.49915834652114],[-0.16320638358592987,51.4992037948758],[-0.16324996948242188,51.499232559003175],[-0.16324996948242188,51.499232545763306],[-0.16325004850673014,51.49923259794275]]]}},{"type":"Feature","properties":{"level_id":2,"building_id":"harrods","source_layer":"virtualobstacle","geometry_tolerance_m":0.06},"geometry":{"type":"Polygon","coordinates":[[[-0.16367468051612377,51.49925868766161],[-0.16363863833248615,51.49923541563311],[-0.16363863833248615,51.49923473730027],[-0.16370938159525394,51.499192263208016],[-0.16371047124266624,51.499192263208016],[-0.1637733969219058,51.49923259794275],[-0.1637734193354845,51.49923259794275],[-0.16378959640860558,51.49924298165266],[-0.16378959640860558,51.4992437121648],[-0.16371851786971092,51.49928618620913],[-0.1637173444032669,51.49928618620913],[-0.16367468051612377,51.49925868766161]],[[-0.16378792002797127,51.4992432947293],[-0.16370988450944424,51.49919330679796],[-0.16364456248405682,51.49923259794275],[-0.16364458948373795,51.49923259794275],[-0.16364039853215218,51.49923510255641],[-0.16365942545235157,51.49924736472548],[-0.16371793113648891,51.49928514262129],[-0.16378792002797127,51.4992432947293]]]}},{"type":"Feature","properties":{"level_id":2,"building_id":"harrods","source_layer":"virtualobstacle","geometry_tolerance_m":0.06},"geometry":{"type":"Polygon","coordinates":[[[-0.16319112852215767,51.49941412989705],[-0.1631907094269991,51.49941386900082],[-0.1631912961602211,51.49941303413286],[-0.16321401111781597,51.499427696498685],[-0.16318324953317642,51.49944632447972],[-0.16318323739028215,51.49944632447972],[-0.16315030865371227,51.499466256932806],[-0.16324996948242188,51.499530548118614],[-0.16324996948242188,51.499530541643566],[-0.16327972523868084,51.49954974355256],[-0.16325960867106915,51.499561849099734],[-0.16325918957591057,51.49956210999514],[-0.16325868666172028,51.49956122295083],[-0.1632778812199831,51.49954969137349],[-0.1631482969969511,51.499466152574456],[-0.16321208328008652,51.49942764431944],[-0.16319112852215767,51.49941412989705]]]}},{"type":"Feature","properties":{"level_id":2,"building_id":"harrods","source_layer":"virtualobstacle","geometry_tolerance_m":0.06},"geometry":{"type":"Polygon","coordinates":[[[-0.16339145600795746,51.49921642230956],[-0.16329347155988216,51.49915171971938],[-0.16333051957190037,51.49912943904809],[-0.16333093866705894,51.49912917815024],[-0.16333144158124924,51.499130065202934],[-0.16329539939761162,51.49915177189891],[-0.1633933838456869,51.49921647448906],[-0.16336597454618615,51.49923259794275],[-0.16336597502231598,51.49923259794275],[-0.16334619373083115,51.49924423395922],[-0.16339690424501896,51.49927689827655],[-0.16339732334017754,51.499277159173545],[-0.16339673660695553,51.49927799404395],[-0.1633442658931017,51.499244181779744],[-0.16339145600795746,51.49921642230956]]]}},{"type":"Feature","properties":{"level_id":2,"building_id":"harrods","source_layer":"virtualobstacle","geometry_tolerance_m":0.06},"geometry":{"type":"Polygon","coordinates":[[[-0.1635038573294878,51.49941371246308],[-0.16341048292815685,51.499352349629305],[-0.163444010540843,51.499332208409044],[-0.1633878517895937,51.49929594375428],[-0.1633873488754034,51.49929568285734],[-0.1633879356086254,51.49929484798727],[-0.16344585455954075,51.499332208409044],[-0.1634123269468546,51.49935240180858],[-0.16350570134818554,51.49941376464233],[-0.1634554099291563,51.49944418513215],[-0.16345499083399773,51.49944444602821],[-0.16345448791980743,51.49944361116084],[-0.1635038573294878,51.49941371246308]]]}},{"type":"Feature","properties":{"level_id":2,"building_id":"harrods","source_layer":"virtualobstacle","geometry_tolerance_m":0.06},"geometry":{"type":"Polygon","coordinates":[[[-0.16350528225302696,51.49930956257046],[-0.16358977183699608,51.49936362036004],[-0.16351676546037197,51.49940734659472],[-0.16343185678124428,51.499352558346544],[-0.16350528225302696,51.49930956257046]],[[-0.16350519843399525,51.499310710516454],[-0.16343370079994202,51.49935261052585],[-0.16351676546037197,51.49940614647187],[-0.16358784399926662,51.49936362036004],[-0.16350519843399525,51.499310710516454]]]}},{"type":"Feature","properties":{"level_id":2,"building_id":"harrods","source_layer":"virtualobstacle","geometry_tolerance_m":0.06},"geometry":{"type":"Polygon","coordinates":[[[-0.16359329223632812,51.49915443305565],[-0.16350343823432922,51.49909494833881],[-0.16350343823432922,51.49909427000384],[-0.1635163463652134,51.49908576472646],[-0.1635163463652134,51.499085712546844],[-0.16352933831512928,51.499078824836374],[-0.16355691477656364,51.49906097939984],[-0.16358474269509315,51.49904135984755],[-0.16358591616153717,51.49904130766788],[-0.1638479344546795,51.49920770833705],[-0.1638479344546795,51.49920843884979],[-0.16380007378757,51.499237189734345],[-0.16379890032112598,51.499237189734345],[-0.16379177570343018,51.49923259794275],[-0.16379178672026382,51.49923259794275],[-0.1637103036046028,51.49918000102414],[-0.16367032192647457,51.49920489064499],[-0.16366914846003056,51.49920483846549],[-0.1635991595685482,51.49915829434158],[-0.16359329223632812,51.49915441148677],[-0.16359329223632812,51.49915443305565]],[[-0.16359329223632812,51.49904746486874],[-0.16358532942831516,51.49904240344097],[-0.16355817206203938,51.49906165773527],[-0.16355808824300766,51.49906170991491],[-0.16353042796254158,51.49907955535116],[-0.16353042796254158,51.499079607530774],[-0.1635174360126257,51.49908649524113],[-0.16350519843399525,51.499094635261116],[-0.1635801326483488,51.49914425804377],[-0.16358021646738052,51.49914420586424],[-0.16366973519325256,51.4992037948758],[-0.1637097168713808,51.499178957433855],[-0.16371089033782482,51.499178957433855],[-0.1637995708733797,51.49923614614539],[-0.16380543820559978,51.49923259794275],[-0.16380547185625985,51.49923259794275],[-0.16384625807404518,51.499208073593394],[-0.16359329223632812,51.499047459227825],[-0.16359329223632812,51.49904746486874]]]}},{"type":"Feature","properties":{"level_id":2,"building_id":"harrods","source_layer":"virtualobstacle","geometry_tolerance_m":0.06},"geometry":{"type":"Polygon","coordinates":[[[-0.1635005883872509,51.49913225674484],[-0.16350016929209232,51.499131995846994],[-0.16350067220628262,51.49913116097392],[-0.16363905742764473,51.49922158807692],[-0.16362220716188858,51.49923259794275],[-0.16362220980226994,51.49923259794275],[-0.1636187732219696,51.49923484165916],[-0.1637080404907465,51.49929239555627],[-0.16365297138690948,51.49932547727383],[-0.1636525522917509,51.4993257381706],[-0.16365204937756062,51.499324903301044],[-0.16370611265301704,51.49929239555627],[-0.16361692920327187,51.49923484165916],[-0.163637213408947,51.49922158807692],[-0.16359329223632812,51.49919287051986],[-0.16359329223632812,51.49919288936198],[-0.1635005883872509,51.49913225674484]]]}},{"type":"Feature","properties":{"level_id":2,"building_id":"harrods","source_layer":"virtualobstacle","geometry_tolerance_m":0.06},"geometry":{"type":"Polygon","coordinates":[[[-0.16321325674653053,51.49944632447972],[-0.16327117569744587,51.49941141657621],[-0.16327234916388988,51.49941141657621],[-0.16338550485670567,51.49948504143558],[-0.16338542103767395,51.49948577194388],[-0.16329715959727764,51.49953904683795],[-0.16329598613083363,51.49953904683795],[-0.16318241134285927,51.499465682961784],[-0.16318241134285927,51.49946495245314],[-0.16320185735821724,51.499453212134654],[-0.16321328060075563,51.49944632447972],[-0.16321325674653053,51.49944632447972]],[[-0.16327167861163616,51.49941246016118],[-0.16321275383234024,51.49944804639355],[-0.16318408772349358,51.49946531770746],[-0.16329665668308735,51.4995379510768],[-0.16338374465703964,51.49948540668973],[-0.16327167861163616,51.49941246016118]]]}},{"type":"Feature","properties":{"level_id":2,"building_id":"harrods","source_layer":"virtualobstacle","geometry_tolerance_m":0.06},"geometry":{"type":"Polygon","coordinates":[[[-0.16284747049212456,51.4994193478212],[-0.16284755431115627,51.49941825205718],[-0.16284780576825142,51.49941788680249],[-0.16302994452416897,51.49930841462441],[-0.16303103417158127,51.49930846680377],[-0.1632136758416891,51.49942733124405],[-0.1632135920226574,51.499428009574046],[-0.163150392472744,51.49946620475362],[-0.16324996948242188,51.499530408893875],[-0.16324996948242188,51.499530385106226],[-0.16327938996255398,51.49954937829895],[-0.16327938996255398,51.499550108806204],[-0.16327318735420704,51.49955386570045],[-0.1631635520607233,51.49962096795417],[-0.163162462413311,51.49962096795417],[-0.1628477219492197,51.499419713075866],[-0.16284747049212456,51.4994193478212]],[[-0.1631809864193201,51.49944632447972],[-0.1632119156420231,51.49942764431944],[-0.16303044743835926,51.49930951039107],[-0.16284914687275887,51.49941846077414],[-0.16284914687275887,51.49941919128349],[-0.163163049146533,51.49961992437403],[-0.16324996948242188,51.4995666512245],[-0.16324996948242188,51.49956664957446],[-0.16326606273651123,51.49955678772912],[-0.16327762976288795,51.49954974355256],[-0.16324996948242188,51.49953189830046],[-0.16324996948242188,51.49953189747341],[-0.16314871609210968,51.49946657000791],[-0.16314871609210968,51.49946583949932],[-0.16318100656591247,51.49944632447972],[-0.1631809864193201,51.49944632447972]]]}},{"type":"Feature","properties":{"level_id":2,"building_id":"harrods","source_layer":"virtualobstacle","geometry_tolerance_m":0.06},"geometry":{"type":"Polygon","coordinates":[[[-0.16323245130479336,51.49941762590632],[-0.16323136165738106,51.49941757372707],[-0.16304888762533665,51.49929881362007],[-0.16304897144436836,51.49929813528817],[-0.16319481655955315,51.49920984769574],[-0.16319599002599716,51.49920984769574],[-0.16323048338050042,51.49923259794275],[-0.1632305234670639,51.49923259794275],[-0.16329322010278702,51.499273976229944],[-0.16330495476722717,51.49926714072731],[-0.16332607716321945,51.49925472202531],[-0.16332716681063175,51.49925477420476],[-0.1634455192834139,51.49933184315364],[-0.1634455192834139,51.49933257366439],[-0.16341257840394974,51.49935240180858],[-0.16350536607205868,51.49941339938758],[-0.16350536607205868,51.49941407771777],[-0.16345188952982426,51.49944632447972],[-0.1634518653826451,51.49944632447972],[-0.1634025201201439,51.49947606661857],[-0.16340134665369987,51.49947606661857],[-0.16327327117323875,51.499393466911414],[-0.16323245130479336,51.49941762590632]],[[-0.16341081820428371,51.49935271488448],[-0.16341081820428371,51.49935198437407],[-0.16344375908374786,51.499332208409044],[-0.16332658007740974,51.49925581779328],[-0.1633166056126356,51.499261661888625],[-0.1632937230169773,51.49927507199743],[-0.163292633369565,51.49927507199743],[-0.1632282603532076,51.49923259794275],[-0.16322828762673658,51.49923259794275],[-0.16319540329277515,51.49921089128529],[-0.16305064782500267,51.4992985005438],[-0.16323194839060307,51.49941653014221],[-0.16327276825904846,51.49939237114674],[-0.16327394172549248,51.499392423326015],[-0.16340193338692188,51.499475023035075],[-0.16350360587239265,51.49941371246308],[-0.16341081820428371,51.49935271488448]]]}},{"type":"Feature","properties":{"level_id":2,"building_id":"harrods","source_layer":"virtualobstacle","geometry_tolerance_m":0.06},"geometry":{"type":"Polygon","coordinates":[[[-0.16353151760995388,51.49911315901912],[-0.1635321043431759,51.49911232414567],[-0.16359329223632812,51.49915302420797],[-0.16359329223632812,51.49915303657869],[-0.16366973519325256,51.49920389923474],[-0.1637103036046028,51.49917869653629],[-0.1637995708733797,51.49923625050428],[-0.16380560584366322,51.49923259794275],[-0.1638056323950279,51.49923259794275],[-0.16383619979023933,51.49921417859224],[-0.16383670270442963,51.499213917694874],[-0.16383720561861992,51.49921480474592],[-0.163799487054348,51.4992374506316],[-0.1637919433414936,51.49923259794275],[-0.1637919675112466,51.49923259794275],[-0.1637103036046028,51.49917989666508],[-0.16366973519325256,51.49920509936291],[-0.16353193670511246,51.49911341991705],[-0.16353151760995388,51.49911315901912]]]}},{"type":"Feature","properties":{"level_id":2,"building_id":"harrods","source_layer":"virtualobstacle","geometry_tolerance_m":0.06},"geometry":{"type":"Polygon","coordinates":[[[-0.16324996948242188,51.49940713787768],[-0.16324996948242188,51.499407134284795],[-0.16323186457157135,51.49941783462327],[-0.1632093172520399,51.499403224433564],[-0.16320889815688133,51.49940296353725],[-0.16320940107107162,51.499402128669146],[-0.16323194839060307,51.49941663450073],[-0.16327335499227047,51.49939216242967],[-0.16340193338692188,51.499475127393424],[-0.163444010540843,51.49944987266571],[-0.1634444296360016,51.499449611769705],[-0.16344493255019188,51.499450498816174],[-0.16340193338692188,51.49947627533524],[-0.16327327117323875,51.499393362552865],[-0.16324996948242188,51.49940713787768]]]}},{"type":"Feature","properties":{"level_id":2,"building_id":"harrods","source_layer":"virtualobstacle","geometry_tolerance_m":0.06},"geometry":{"type":"Polygon","coordinates":[[[-0.16343219205737114,51.49935224527064],[-0.16350469551980495,51.4993097712879],[-0.16350586898624897,51.4993097712879],[-0.1635893527418375,51.49936325510495],[-0.1635893527418375,51.49936398561516],[-0.16352263279259205,51.4994039027639],[-0.16351735219359398,51.49940708569844],[-0.16351617872714996,51.49940708569844],[-0.16343219205737114,51.49935292360175],[-0.16343219205737114,51.49935224527064]],[[-0.16358759254217148,51.49936362036004],[-0.16350519843399525,51.49931081487517],[-0.16343395225703716,51.49935261052585],[-0.16351676546037197,51.49940604211335],[-0.16352154314517975,51.49940317225429],[-0.16358759254217148,51.49936362036004]]]}},{"type":"Feature","properties":{"level_id":3,"building_id":"harrods","source_layer":"virtualobstacle","geometry_tolerance_m":0.06},"geometry":{"type":"Polygon","coordinates":[[[-0.16353738494217396,51.499118585696095],[-0.16349882818758488,51.49909348730969],[-0.16349882818758488,51.49909280897472],[-0.16359329223632812,51.4990307151933],[-0.16359329223632812,51.499030735466896],[-0.1636346150189638,51.49900358174963],[-0.16363570466637611,51.49900352956993],[-0.16368323005735874,51.499025340685535],[-0.16368331387639046,51.499025392865235],[-0.16389059834182262,51.49915119792391],[-0.1638905145227909,51.499151928437556],[-0.16373570077121258,51.49924679075167],[-0.16373461112380028,51.499246738572225],[-0.16371281817555428,51.49923259794275],[-0.16371284920385443,51.49923259794275],[-0.16353746876120567,51.49911863787568],[-0.16353738494217396,51.499118585696095]],[[-0.16353855840861797,51.49911790736152],[-0.1637150441455055,51.49923259794275],[-0.1637150812894106,51.49923259794275],[-0.16373519785702229,51.4992456949835],[-0.1637565717101097,51.49923259794275],[-0.163756574618287,51.49923259794275],[-0.1638888381421566,51.49915156318073],[-0.16368222422897816,51.49902612338087],[-0.16363536939024925,51.49900462534396],[-0.16350050456821918,51.499093174232],[-0.16353855840861797,51.49911790736152]]]}},{"type":"Feature","properties":{"level_id":3,"building_id":"harrods","source_layer":"virtualobstacle","geometry_tolerance_m":0.06},"geometry":{"type":"Polygon","coordinates":[[[-0.16314812935888767,51.499382978877236],[-0.16324996948242188,51.499449212598456],[-0.16324996948242188,51.49944919433608],[-0.16332238912582397,51.499496312133545],[-0.16332238912582397,51.49949704264165],[-0.16324996948242188,51.499540560031875],[-0.16324996948242188,51.49954054610952],[-0.16314293257892132,51.499604844637844],[-0.1631417591124773,51.499604844637844],[-0.16303472220897675,51.49953581173352],[-0.16296599060297012,51.49949145947227],[-0.16296599060297012,51.499490728964076],[-0.16314695589244366,51.499382978877236],[-0.16314812935888767,51.499382978877236]],[[-0.16324996948242188,51.499539099017056],[-0.16332062892615795,51.49949662520845],[-0.16324996948242188,51.499450707532986],[-0.16324996948242188,51.499450700655004],[-0.16314745880663395,51.49938407464211],[-0.16296766698360443,51.49949109421814],[-0.1630137674510479,51.499520836327775],[-0.1631423458456993,51.499603801057305],[-0.16324996948242188,51.49953910251949],[-0.16324996948242188,51.499539099017056]]]}},{"type":"Feature","properties":{"level_id":3,"building_id":"harrods","source_layer":"virtualobstacle","geometry_tolerance_m":0.06},"geometry":{"type":"Polygon","coordinates":[[[-0.16190551221370697,51.49928639492671],[-0.1619208510965109,51.499264740474274],[-0.16218697652220726,51.498885238002714],[-0.162179097533226,51.498882576830255],[-0.16217876225709915,51.498881898492186],[-0.16221832484006882,51.498836032377255],[-0.1622193306684494,51.49883582365766],[-0.16224950551986694,51.498844276801805],[-0.1623054128140211,51.498767624468286],[-0.1623053289949894,51.49876757228827],[-0.16230490989983082,51.4987668939485],[-0.16240591183304787,51.498661281534794],[-0.16240624710917473,51.49866107281437],[-0.16242502257227898,51.49865575044316],[-0.16242527402937412,51.498655698263036],[-0.1627284474670887,51.498635921995884],[-0.16274076886475086,51.49863456531233],[-0.162741020321846,51.49863456531233],[-0.16298510134220123,51.498658255088515],[-0.16298568807542324,51.498658463808965],[-0.16305441968142986,51.4987242628801],[-0.1631472073495388,51.498765745988806],[-0.16324996948242188,51.4988083944103],[-0.16324996948242188,51.49880837701835],[-0.16325709410011768,51.49881135127475],[-0.1632571779191494,51.49881140345468],[-0.16331635415554047,51.498840102409815],[-0.16335214488208294,51.49881119473494],[-0.16335323452949524,51.49881109037506],[-0.16359329223632812,51.4989247381323],[-0.16359329223632812,51.49892474051381],[-0.16364685259759426,51.498950097510544],[-0.16374064609408379,51.498935904609226],[-0.1637413166463375,51.49893595678904],[-0.16378389671444893,51.498954741510374],[-0.16378406435251236,51.49895547202715],[-0.16374408267438412,51.498990954256925],[-0.1637429092079401,51.498991058616355],[-0.16372036188840866,51.4989795790745],[-0.16372019425034523,51.498979474714986],[-0.16370560973882675,51.49896522964309],[-0.16369840130209923,51.49896189013842],[-0.1636547315865755,51.49896789081072],[-0.163637213408947,51.49898265767919],[-0.1637042686343193,51.49901276537855],[-0.16370435245335102,51.499012817558224],[-0.16392731107771397,51.499149058562494],[-0.16392731107771397,51.49914973689661],[-0.16384340822696686,51.4992022294912],[-0.16365808434784412,51.499329495083344],[-0.1636580005288124,51.499329547262704],[-0.16359329223632812,51.49936490678428],[-0.16359329223632812,51.49936492484258],[-0.163444010540843,51.499446481017344],[-0.16324996948242188,51.49956289268124],[-0.16324996948242188,51.49956286791077],[-0.16277781687676907,51.49984606763891],[-0.16277664341032505,51.49984606763891],[-0.16230943612754345,51.499541134002015],[-0.16229024156928062,51.49955230032788],[-0.16228915192186832,51.49955230032788],[-0.16225713305175304,51.499531637404885],[-0.16225704923272133,51.49953158522578],[-0.16225512139499187,51.49953001985244],[-0.1622492540627718,51.499533307136375],[-0.16224808059632778,51.4995332549573],[-0.16220550052821636,51.49950643488765],[-0.16220550052821636,51.499505704379715],[-0.16221086494624615,51.49950252145206],[-0.16217758879065514,51.49948060620645],[-0.16217758879065514,51.499479927877275],[-0.16218203119933605,51.49947669276864],[-0.16217264346778393,51.49947063998414],[-0.16213157214224339,51.49949464240069],[-0.16213039867579937,51.49949464240069],[-0.1621114555746317,51.4994818585065],[-0.1621114555746317,51.49948112799814],[-0.1621599029749632,51.499453525209844],[-0.1619056798517704,51.49928691672062],[-0.16190551221370697,51.49928639492671]],[[-0.1633171085268259,51.498841146007834],[-0.1633160188794136,51.49884119818773],[-0.16325617209076881,51.498812186153685],[-0.16324996948242188,51.49880962933685],[-0.16324996948242188,51.49880961194232],[-0.16314628534018993,51.49876658086859],[-0.16305333003401756,51.49872504558064],[-0.16305307857692242,51.498724889040545],[-0.16298451460897923,51.498659194330486],[-0.1627409365028143,51.49863555673494],[-0.16272869892418385,51.49863691341844],[-0.16272861510515213,51.49863691341844],[-0.16242560930550098,51.49865668968516],[-0.1624071691185236,51.49866195987619],[-0.16230675391852856,51.4987668939485],[-0.16230683773756027,51.4987668939485],[-0.16230725683271885,51.49876757228827],[-0.16225067898631096,51.49884516386004],[-0.16224958933889866,51.49884537257961],[-0.16222000122070312,51.49883710676298],[-0.16222000122070312,51.49883712815529],[-0.1622193306684494,51.49883691943569],[-0.16218052245676517,51.49888195067203],[-0.16218840144574642,51.49888461184449],[-0.16218873672187328,51.498885238002714],[-0.16192931681871414,51.49925508728131],[-0.16192940063774586,51.49925508728131],[-0.161907272413373,51.49928649928549],[-0.16215110197663307,51.49944632447972],[-0.16215107279612104,51.49944632447972],[-0.1621615793555975,51.499453212134654],[-0.1621615793555975,51.49945389046425],[-0.162113131955266,51.49948154543148],[-0.1621310692280531,51.49949359881762],[-0.16217205673456192,51.49946954422137],[-0.16217323020100594,51.49946954422137],[-0.16218370757997036,51.49947632751443],[-0.16218370757997036,51.49947700584366],[-0.16217926517128944,51.499480240952295],[-0.16221262514591217,51.49950215619805],[-0.16221254132688046,51.49950288670604],[-0.16220717690885067,51.49950606963367],[-0.1622487511485815,51.49953221137511],[-0.16225461848080158,51.49952892409107],[-0.1622557919472456,51.4995289762702],[-0.16225830651819706,51.49953095907645],[-0.16228973865509033,51.49955120456704],[-0.16230893321335316,51.49954009041997],[-0.16231010667979717,51.49954009041997],[-0.16277731396257877,51.49984502406386],[-0.16324996948242188,51.499561495090305],[-0.16324996948242188,51.49956148384621],[-0.1634429208934307,51.49944575050844],[-0.16359329223632812,51.49936356818074],[-0.16359329223632812,51.49936358084166],[-0.1636569108814001,51.49932881675187],[-0.16384223476052284,51.49920155115785],[-0.16384231857955456,51.49920155115785],[-0.16392563469707966,51.49914937163976],[-0.16370326280593872,51.49901354807409],[-0.16363553702831268,51.49898317947657],[-0.16363536939024925,51.49898250113998],[-0.1636535581201315,51.49896710811436],[-0.16365406103432178,51.49896695157511],[-0.16369840130209923,51.49896084654313],[-0.16369907185435295,51.49896095090267],[-0.16370669938623905,51.4989644469467],[-0.16370686702430248,51.49896460348597],[-0.16372145153582096,51.49897884855807],[-0.16374332830309868,51.49898991066232],[-0.16378230415284634,51.49895526330806],[-0.16374064609408379,51.49893689602527],[-0.16364685259759426,51.49895114110606],[-0.16364618204534054,51.498951088926276],[-0.16359329223632812,51.49892603958375],[-0.16359329223632812,51.4989260426274],[-0.16335289925336838,51.498812186153685],[-0.1633171085268259,51.498841146007834]]]}},{"type":"Feature","properties":{"level_id":3,"building_id":"harrods","source_layer":"virtualobstacle","geometry_tolerance_m":0.06},"geometry":{"type":"Polygon","coordinates":[[[-0.16299063339829445,51.499256183049255],[-0.16299063339829445,51.499255452537284],[-0.16305333003401756,51.49921809205259],[-0.16304352320730686,51.49921099564423],[-0.16304352320730686,51.499210317311025],[-0.1631498895585537,51.49914832804882],[-0.1631510630249977,51.49914832804882],[-0.1631950680166483,51.49917754858697],[-0.1631950680166483,51.499178279100164],[-0.16317956149578094,51.499187671411846],[-0.1631962414830923,51.49919842038844],[-0.1632391568273306,51.49922628422857],[-0.16324996948242188,51.499219781252165],[-0.16324996948242188,51.49921976179559],[-0.1632539927959442,51.49921736154002],[-0.16325516626238823,51.49921741371952],[-0.1635125745087862,51.49938684014381],[-0.16351249068975449,51.49938757065368],[-0.16341970302164555,51.499443767698466],[-0.16341970302164555,51.49944381987768],[-0.16334183514118195,51.499484989256416],[-0.16334066167473793,51.499484937077256],[-0.16316439025104046,51.49937217776488],[-0.16299063339829445,51.499256183049255]],[[-0.16351081430912018,51.49938720539873],[-0.16327603720128536,51.49923259794275],[-0.16327605131119877,51.49923259794275],[-0.16325457952916622,51.4992184573089],[-0.1632397435605526,51.499227379997166],[-0.16323857009410858,51.49922732781772],[-0.16319012269377708,51.49919591577279],[-0.16317780129611492,51.49918798448891],[-0.16317788511514664,51.49918725397583],[-0.16319339163601398,51.49917791384357],[-0.163150392472744,51.49914942381932],[-0.16304519958794117,51.49921073474684],[-0.16305509023368359,51.499217778975776],[-0.16305500641465187,51.4992184573089],[-0.16299230977892876,51.4992558699727],[-0.16316556371748447,51.49937149943406],[-0.16324996948242188,51.49942547216573],[-0.16324996948242188,51.49942545279174],[-0.16334133222699165,51.49948389349396],[-0.16341861337423325,51.49944303718951],[-0.16351081430912018,51.49938720539873]]]}},{"type":"Feature","properties":{"level_id":3,"building_id":"harrods","source_layer":"virtualobstacle","geometry_tolerance_m":0.06},"geometry":{"type":"Polygon","coordinates":[[[-0.1633432600647211,51.499035359184916],[-0.16339673660695553,51.49899215439066],[-0.16339791007339954,51.498992102210934],[-0.16352053731679916,51.49905023039085],[-0.1635207049548626,51.499050908726474],[-0.16346781514585018,51.49909442654268],[-0.16352690756320953,51.49913256982225],[-0.1637151651084423,51.499256548305226],[-0.1637151651084423,51.49925722663778],[-0.1636329386383295,51.499313997816216],[-0.16353311017155647,51.49937473455017],[-0.16353193670511246,51.49937473455017],[-0.16331618651747704,51.49923259794275],[-0.1633162123165216,51.49923259794275],[-0.16327503137290478,51.49920546461928],[-0.16327503137290478,51.49920473410654],[-0.16329615376889706,51.49919205448998],[-0.16324996948242188,51.49916252088397],[-0.16324996948242188,51.499162499352494],[-0.16323622316122055,51.49915370254206],[-0.16321593895554543,51.49916549511724],[-0.1632147654891014,51.49916549511724],[-0.1631711795926094,51.499136587648735],[-0.16317126341164112,51.49913585713486],[-0.1633328665047884,51.49904036843378],[-0.16333295032382011,51.49904036843378],[-0.1633432600647211,51.499035359184916]],[[-0.16317293979227543,51.499136274571384],[-0.16321543604135513,51.49916439934708],[-0.16323572024703026,51.499152658951175],[-0.16323689371347427,51.499152658951175],[-0.16329783014953136,51.499191741413],[-0.16329783014953136,51.49919241974649],[-0.1632767915725708,51.49920509936291],[-0.16331852998571103,51.49923259794275],[-0.16331853345036507,51.49923259794275],[-0.16353260725736618,51.49937363878507],[-0.1636317651718855,51.49931331948454],[-0.163713488727808,51.499256913561226],[-0.16359329223632812,51.49917774561916],[-0.16359329223632812,51.499177757305006],[-0.16352573409676552,51.499133248156596],[-0.16346613876521587,51.49909484397955],[-0.16346613876521587,51.49909416564461],[-0.16351894475519657,51.499050752187486],[-0.16339757479727268,51.498993197985214],[-0.16334443353116512,51.49903598534107],[-0.1633442658931017,51.49903608970041],[-0.1633339561522007,51.499041151128864],[-0.16324996948242188,51.49909077396978],[-0.16324996948242188,51.499090767833394],[-0.16317293979227543,51.499136274571384]]]}},{"type":"Feature","properties":{"level_id":4,"building_id":"harrods","source_layer":"virtualobstacle","geometry_tolerance_m":0.06},"geometry":{"type":"Polygon","coordinates":[[[-0.16325793229043484,51.499212091413256],[-0.16325860284268856,51.499212247951675],[-0.16328999621388612,51.49923259794275],[-0.16329003497958183,51.49923259794275],[-0.16331342048943043,51.49924778216095],[-0.1633133366703987,51.499248512673034],[-0.16324996948242188,51.49928702107937],[-0.16324996948242188,51.4992870122216],[-0.16315290704369545,51.499345983752335],[-0.16315181739628315,51.499345983752335],[-0.16305089928209782,51.499278672376164],[-0.16289927065372467,51.49936982969663],[-0.16289809718728065,51.49936977751736],[-0.1628661621361971,51.49934723605608],[-0.16285560093820095,51.499339774412505],[-0.16285560093820095,51.4993390960812],[-0.16287454403936863,51.499326781757475],[-0.16316439025104046,51.49915239805344],[-0.16316556371748447,51.499152450233],[-0.1632026955485344,51.49917671371469],[-0.16320294700562954,51.499177183330346],[-0.16319691203534603,51.49918965423299],[-0.16321074217557907,51.499204786286015],[-0.16323027200996876,51.49921266538746],[-0.16324996948242188,51.499212256648256],[-0.16324996948242188,51.499212247951675],[-0.16325793229043484,51.499212091413256]],[[-0.1632576808333397,51.49921313500275],[-0.16323010437190533,51.49921370897698],[-0.16322960145771503,51.49921360461801],[-0.16320965252816677,51.49920556897828],[-0.16320940107107162,51.49920541243981],[-0.16319531947374344,51.499189967309974],[-0.16319531947374344,51.49918960205349],[-0.16320118680596352,51.499177183330346],[-0.16316497698426247,51.49915349382388],[-0.16287571750581264,51.49932751226828],[-0.16285736113786697,51.49933946133652],[-0.16287990845739841,51.499355376029456],[-0.16289876773953438,51.49936873393142],[-0.16305039636790752,51.49927762878815],[-0.16305156983435154,51.49927762878815],[-0.16315240412950516,51.49934488798655],[-0.1633116602897644,51.49924809523756],[-0.1632576808333397,51.49921313500275]]]}},{"type":"Feature","properties":{"level_id":4,"building_id":"harrods","source_layer":"virtualobstacle","geometry_tolerance_m":0.06},"geometry":{"type":"Polygon","coordinates":[[[-0.16329078935086727,51.49944517653714],[-0.1634591817855835,51.49934363568275],[-0.1634603552520275,51.49934368786208],[-0.16355657950043678,51.499405729037846],[-0.16355657950043678,51.49940640736813],[-0.16348944045603275,51.49944632447972],[-0.16348942489660184,51.49944632447972],[-0.16338584013283253,51.49950789590355],[-0.1633846666663885,51.49950789590355],[-0.1633230596780777,51.49946719615815],[-0.1632914174814219,51.49944632447972],[-0.16329137608408928,51.49944632447972],[-0.16329070553183556,51.49944585486685],[-0.16329078935086727,51.49944517653714]],[[-0.1634597685188055,51.49934473144859],[-0.16329246573150158,51.49944554179157],[-0.16331559978425503,51.49946083029724],[-0.16338525339961052,51.49950685232076],[-0.16355481930077076,51.49940604211335],[-0.1634597685188055,51.49934473144859]]]}},{"type":"Feature","properties":{"level_id":4,"building_id":"harrods","source_layer":"virtualobstacle","geometry_tolerance_m":0.06},"geometry":{"type":"Polygon","coordinates":[[[-0.16325424425303936,51.499314206533654],[-0.16333957202732563,51.49926588842138],[-0.16334066167473793,51.49926588842138],[-0.16343588009476662,51.499326781757475],[-0.16343588009476662,51.49932746008898],[-0.16324837692081928,51.499438027984894],[-0.16324720345437527,51.49943797580568],[-0.1631961576640606,51.49940499852826],[-0.1631897035986185,51.499400772008414],[-0.1631772145628929,51.49939273640163],[-0.16317729838192463,51.49939200589185],[-0.16320068389177322,51.49937843927961],[-0.16318819485604763,51.49937019495172],[-0.16316497698426247,51.49938412682138],[-0.16316388733685017,51.49938407464211],[-0.16315215267241,51.49937624774955],[-0.16315215267241,51.49937556941879],[-0.16324996948242188,51.499316775915545],[-0.16324996948242188,51.499316763322184],[-0.16325424425303936,51.499314206533654]],[[-0.16324996948242188,51.49943562774081],[-0.1634341198951006,51.499327094833575],[-0.16334007494151592,51.499266932009675],[-0.16325533390045166,51.49931493704469],[-0.16324996948242188,51.49931817216478],[-0.16324996948242188,51.499318160701385],[-0.16315382905304432,51.49937593467382],[-0.16316447407007217,51.49938303105648],[-0.16318769194185734,51.49936909918651],[-0.16318878158926964,51.49936915136581],[-0.16320244409143925,51.49937812620388],[-0.16320236027240753,51.49937885671389],[-0.16317897476255894,51.499392423326015],[-0.1631907932460308,51.49940009367802],[-0.16319205053150654,51.499400876366906],[-0.1631973311305046,51.499404320197954],[-0.16324779018759727,51.4994369322213],[-0.16324996948242188,51.49943564757349],[-0.16324996948242188,51.49943562774081]]]}},{"type":"Feature","properties":{"level_id":4,"building_id":"harrods","source_layer":"virtualobstacle","geometry_tolerance_m":0.06},"geometry":{"type":"Polygon","coordinates":[[[-0.163215771317482,51.49915970318909],[-0.1632212195545435,51.49916346011557],[-0.16324946656823158,51.49916252088397],[-0.16324996948242188,51.49916262524303],[-0.16326799057424068,51.49916930422273],[-0.16326824203133583,51.499169512940824],[-0.16327938996255398,51.49918260999971],[-0.1632794737815857,51.49918287089724],[-0.16327821649610996,51.49919920308082],[-0.1632942259311676,51.49920802141392],[-0.16333878529559545,51.49923259794275],[-0.1633388176560402,51.49923259794275],[-0.16333906911313534,51.49923275448111],[-0.16333932057023048,51.49923259794275],[-0.16333932958583405,51.49923259794275],[-0.1636248081922531,51.499061031579515],[-0.16362598165869713,51.49906170991491],[-0.16362598165869713,51.499061762094556],[-0.16334165326260452,51.49923259794275],[-0.16334166750311852,51.49923259794275],[-0.16333965584635735,51.49923379807015],[-0.16333848237991333,51.49923379807015],[-0.16333630308508873,51.49923259794275],[-0.16333630578970276,51.49923259794275],[-0.16327687539160252,51.4991998292347],[-0.16327662393450737,51.4991994117988],[-0.1632778812199831,51.49918297525625],[-0.1632669847458601,51.4991700869156],[-0.16324996948242188,51.49916382537225],[-0.16324996948242188,51.49916381177094],[-0.16324929893016815,51.4991635644746],[-0.16322096809744835,51.49916445152664],[-0.16322029754519463,51.49916429498805],[-0.1632140949368477,51.4991600162663],[-0.1632140949368477,51.499159337932355],[-0.16324996948242188,51.49913644462645],[-0.16324996948242188,51.49913643111003],[-0.1633911207318306,51.49904636909574],[-0.1633922941982746,51.49904636909574],[-0.16346815042197704,51.49909218281934],[-0.16354786232113838,51.49903958573867],[-0.16359329223632812,51.499001494561014],[-0.16359329223632812,51.49900149822448],[-0.16361458227038383,51.498983649094214],[-0.16361592337489128,51.498983649094214],[-0.16363855451345444,51.49900415572651],[-0.16368691809475422,51.49902768877155],[-0.16368700191378593,51.49902847146683],[-0.1636438351124525,51.499054352583926],[-0.1636426616460085,51.49905367424839],[-0.1636851578950882,51.49902810620904],[-0.16363746486604214,51.49900488624252],[-0.1636372972279787,51.49900478188306],[-0.16361525282263756,51.49898479704842],[-0.16359329223632812,51.49900319842959],[-0.16359329223632812,51.499003216491644],[-0.1635491196066141,51.499040211894766],[-0.16346882097423077,51.49909322641162],[-0.16346764750778675,51.49909322641162],[-0.1633917074650526,51.499047412689066],[-0.16324996948242188,51.49913789213778],[-0.16324996948242188,51.499137876355356],[-0.163215771317482,51.49915970318909]]]}},{"type":"Feature","properties":{"level_id":4,"building_id":"harrods","source_layer":"virtualobstacle","geometry_tolerance_m":0.06},"geometry":{"type":"Polygon","coordinates":[[[-0.16326279379427433,51.49946129990997],[-0.16335994005203247,51.49952391489592],[-0.16335985623300076,51.499524593224464],[-0.16324996948242188,51.499590234508105],[-0.16324996948242188,51.49959021327538],[-0.16318702138960361,51.49962780340371],[-0.1631858479231596,51.49962780340371],[-0.16312851570546627,51.49959143462607],[-0.16308492980897427,51.49956388408364],[-0.16308492980897427,51.49956315357662],[-0.16326170414686203,51.49946124773078],[-0.16326279379427433,51.49946129990997]],[[-0.16324996948242188,51.49958877349488],[-0.16335817985236645,51.499524227970625],[-0.16326220706105232,51.49946234349375],[-0.1630866900086403,51.499563518830115],[-0.1631058007478714,51.49957562437365],[-0.1631864346563816,51.49962670764472],[-0.16324996948242188,51.49958879666719],[-0.16324996948242188,51.49958877349488]]]}},{"type":"Feature","properties":{"level_id":4,"building_id":"harrods","source_layer":"virtualobstacle","geometry_tolerance_m":0.06},"geometry":{"type":"Polygon","coordinates":[[[-0.16359329223632812,51.49915865959838],[-0.16355465166270733,51.499134343927494],[-0.16355465166270733,51.49913366559315],[-0.1636688970029354,51.499064997232665],[-0.16367007046937943,51.499064997232665],[-0.16388917341828346,51.49920739526016],[-0.16388908959925175,51.499208125772896],[-0.16386914066970348,51.49921856166782],[-0.16384580556735717,51.49923259794275],[-0.1638458389788866,51.49923259794275],[-0.1637772750109434,51.49927381969172],[-0.1637761015444994,51.499273767512335],[-0.1635937113314867,51.49915892049603],[-0.16359329223632812,51.49915865679894],[-0.16359329223632812,51.49915865959838]],[[-0.16359329223632812,51.49915726604856],[-0.1636121515184641,51.49916914768414],[-0.16371294586977242,51.49923259794275],[-0.1637129858136177,51.49923259794275],[-0.1637766882777214,51.49927272392418],[-0.16386805102229118,51.49921783115525],[-0.1638681348413229,51.499217778975776],[-0.16388741321861744,51.49920770833705],[-0.16366948373615742,51.49906604082551],[-0.16355641186237335,51.49913403085009],[-0.16359329223632812,51.49915725075084],[-0.16359329223632812,51.49915726604856]]]}},{"type":"Feature","properties":{"level_id":4,"building_id":"harrods","source_layer":"virtualobstacle","geometry_tolerance_m":0.06},"geometry":{"type":"Polygon","coordinates":[[[-0.16339153982698917,51.49926917572438],[-0.16338265500962734,51.49926338380942],[-0.16336203552782536,51.49925013023548],[-0.16336211934685707,51.499249399723425],[-0.16352917067706585,51.49914843240791],[-0.16353034414350986,51.49914843240791],[-0.1637533027678728,51.49928696889998],[-0.1637533027678728,51.49928769941147],[-0.16358189284801483,51.49939117102352],[-0.16358080320060253,51.49939117102352],[-0.16340922564268112,51.49928049865514],[-0.16339153982698917,51.49926917572438]],[[-0.16359329223632812,51.49918900547652],[-0.16359329223632812,51.499189028078945],[-0.16352975741028786,51.49914952817841],[-0.16336379572749138,51.49924976497945],[-0.16339858062565327,51.49927225430952],[-0.16358138993382454,51.49939012743809],[-0.16359329223632812,51.49938292669793],[-0.16359329223632812,51.49938293697203],[-0.1637515425682068,51.499287334155724],[-0.1636634487658739,51.49923259794275],[-0.16366345002045107,51.49923259794275],[-0.16359329223632812,51.49918900547652]]]}},{"type":"Feature","properties":{"level_id":1,"building_id":"harrods","source_layer":"virtualobstacle","geometry_tolerance_m":0.06},"geometry":{"type":"Polygon","coordinates":[[[-0.1634684856981039,51.499377760948875],[-0.16343026421964169,51.49935250616721],[-0.1634303480386734,51.499351775656805],[-0.16350419260561466,51.499308675521235],[-0.16350536607205868,51.499308727700594],[-0.16356186009943485,51.499346662083525],[-0.16356186009943485,51.499347392594046],[-0.16348843462765217,51.49939023179664],[-0.16348726116120815,51.499390179617365],[-0.1634684856981039,51.499377760948875]],[[-0.16350477933883667,51.4993097712879],[-0.1634320244193077,51.49935219309134],[-0.1634603552520275,51.499370873282544],[-0.16348793171346188,51.49938913603191],[-0.16356018371880054,51.499346975159455],[-0.16350477933883667,51.4993097712879]]]}},{"type":"Feature","properties":{"level_id":1,"building_id":"harrods","source_layer":"virtualobstacle","geometry_tolerance_m":0.06},"geometry":{"type":"Polygon","coordinates":[[[-0.16306296922266483,51.49930225745882],[-0.16305483877658844,51.49929516106354],[-0.16305492259562016,51.499294534911],[-0.1630742847919464,51.49928175096065],[-0.16307436861097813,51.49928175096065],[-0.16311300918459892,51.499258478943915],[-0.16315609216690063,51.49923259794275],[-0.1631561308449543,51.49923259794275],[-0.163183081895113,51.49921642230956],[-0.163184255361557,51.49921642230956],[-0.16321032275774802,51.49923259794275],[-0.1632103230804205,51.49923259794275],[-0.16324996948242188,51.49925719987397],[-0.16324996948242188,51.499257174458336],[-0.16328894533216953,51.499281385704876],[-0.1633280050009489,51.499259000738135],[-0.1633290946483612,51.49925905291758],[-0.1634401548653841,51.49933069520819],[-0.1634401548653841,51.499331425718964],[-0.16340729780495167,51.499351201684334],[-0.16348734498023987,51.49940515506606],[-0.16348734498023987,51.499405885575584],[-0.163421630859375,51.49944632447972],[-0.16342160601128478,51.49944632447972],[-0.1633529830724001,51.49948853743942],[-0.16335180960595608,51.49948853743942],[-0.1632863560639565,51.49944632447972],[-0.16328634694218636,51.49944632447972],[-0.16306305304169655,51.49930230963818],[-0.16306296922266483,51.49930225745882]],[[-0.16341928392648697,51.49944632447972],[-0.16348566859960556,51.499405520320835],[-0.16340562142431736,51.499351514760235],[-0.16340562142431736,51.49935083642913],[-0.1634384784847498,51.49933106046356],[-0.1633285079151392,51.49926009650602],[-0.16328944824635983,51.499282429292805],[-0.16328835859894753,51.499282429292805],[-0.163183668628335,51.499217465898994],[-0.16308643855154514,51.49927585468848],[-0.16307545825839043,51.49928248147219],[-0.16305651515722275,51.49929495234602],[-0.16306422650814056,51.49930163130634],[-0.16324996948242188,51.49942139738589],[-0.16324996948242188,51.49942138281148],[-0.16335239633917809,51.49948744167705],[-0.16341928709982406,51.49944632447972],[-0.16341928392648697,51.49944632447972]]]}},{"type":"Feature","properties":{"level_id":1,"building_id":"harrods","source_layer":"virtualobstacle","geometry_tolerance_m":0.06},"geometry":{"type":"Polygon","coordinates":[[[-0.16369027085602283,51.49898667551889],[-0.16369035467505455,51.49898594500263],[-0.16370980069041252,51.49897728316577],[-0.16371114179491997,51.49897785714296],[-0.16371097415685654,51.498978013682205],[-0.16369203105568886,51.49898641462022],[-0.16395010985434055,51.499150049973906],[-0.16395010985434055,51.499150728307995],[-0.16381680993845749,51.49923259794275],[-0.16381683759391308,51.49923259794275],[-0.16359329223632812,51.49936987919823],[-0.16359329223632812,51.499369881875936],[-0.16346882097423077,51.49944632447972],[-0.1634688127683076,51.49944632447972],[-0.16335172578692436,51.49951822737157],[-0.16335055232048035,51.49951822737157],[-0.16324996948242188,51.49945462097304],[-0.16324996948242188,51.499454608365895],[-0.16302642412483692,51.499313215125795],[-0.16285945661365986,51.499412303623416],[-0.16291234642267227,51.49944632447972],[-0.16291230695922176,51.49944632447972],[-0.16293330118060112,51.49945983889256],[-0.1629316247999668,51.49946020414694],[-0.16285769641399384,51.49941261669892],[-0.16285778023302555,51.49941188618945],[-0.16302592121064663,51.49931217153858],[-0.16302701085805893,51.49931217153858],[-0.16335113905370235,51.499517131609934],[-0.16381440684199333,51.49923259794275],[-0.163814457245075,51.49923259794275],[-0.16394834965467453,51.49915036305117],[-0.16369027085602283,51.49898667551889]]]}},{"type":"Feature","properties":{"level_id":1,"building_id":"harrods","source_layer":"virtualobstacle","geometry_tolerance_m":0.06},"geometry":{"type":"Polygon","coordinates":[[[-0.1631646417081356,51.49918266217918],[-0.16314846463501453,51.499172174096515],[-0.163130359724164,51.49916053806169],[-0.163130359724164,51.49915980754815],[-0.16320143826305866,51.499118220439016],[-0.16320252791047096,51.4991182726186],[-0.16336052678525448,51.49921835294995],[-0.16336052678525448,51.49921908346249],[-0.1633380272678352,51.49923259794275],[-0.16333806328475475,51.49923259794275],[-0.16328894533216953,51.499262079323984],[-0.16328777186572552,51.499262079323984],[-0.16316648572683334,51.499183810128386],[-0.1631646417081356,51.49918266217918]],[[-0.16324996948242188,51.49914973689661],[-0.16324996948242188,51.49914972617012],[-0.16320194117724895,51.499119316210255],[-0.16313203610479832,51.49916017280492],[-0.16316757537424564,51.49918313179478],[-0.16324426829635988,51.49923259794275],[-0.16324426978826523,51.49923259794275],[-0.16324996948242188,51.49923627431141],[-0.16324996948242188,51.49923625050428],[-0.16328835859894753,51.4992610357356],[-0.163335632532835,51.49923259794275],[-0.16333567144159736,51.49923259794275],[-0.16335885040462017,51.49921866602676],[-0.16324996948242188,51.49914973689661]]]}},{"type":"Feature","properties":{"level_id":1,"building_id":"harrods","source_layer":"virtualobstacle","geometry_tolerance_m":0.06},"geometry":{"type":"Polygon","coordinates":[[[-0.16340436413884163,51.49898317947657],[-0.16340545378625393,51.49898312729681],[-0.16353369690477848,51.499045534221096],[-0.1635337807238102,51.49904626473642],[-0.1634647138416767,51.4990895738386],[-0.1634788792580366,51.49910042719753],[-0.16359329223632812,51.499174209097816],[-0.16359329223632812,51.49917422546197],[-0.16368378988457147,51.49923259794275],[-0.16368381679058075,51.49923259794275],[-0.16372480429708958,51.49925905291758],[-0.16372480429708958,51.499259783429494],[-0.1635854970663786,51.49934551413844],[-0.16358432359993458,51.49934546195911],[-0.16350477933883667,51.49929255209443],[-0.16346664167940617,51.499315458838254],[-0.16346555203199387,51.499315458838254],[-0.16335331834852695,51.49924449485641],[-0.16335331834852695,51.49924376434427],[-0.16337058506906033,51.49923259794275],[-0.16337060957292732,51.49923259794275],[-0.16339145600795746,51.499219135641965],[-0.16324996948242188,51.49912615173503],[-0.16324996948242188,51.49912612782154],[-0.16322968527674675,51.49911279376198],[-0.16322960145771503,51.499112741582394],[-0.1632223092019558,51.4991062713128],[-0.1632223930209875,51.49910564515764],[-0.16323178075253963,51.49909886180939],[-0.16323186457157135,51.49909880962977],[-0.16326840966939926,51.49907741598636],[-0.16330520622432232,51.49905581361429],[-0.16340436413884163,51.49898317947657]],[[-0.16335507854819298,51.49924412960033],[-0.16346613876521587,51.49931441525109],[-0.16350427642464638,51.49929145632734],[-0.16350536607205868,51.49929145632734],[-0.16358491033315659,51.49934441837263],[-0.16359329223632812,51.499339252619194],[-0.16359329223632812,51.49933926059356],[-0.16372304409742355,51.49925941817352],[-0.16359329223632812,51.499175720096844],[-0.16359329223632812,51.499175722303875],[-0.16347762197256088,51.49910110553236],[-0.1634629536420107,51.49908983473668],[-0.1634630374610424,51.49908915640168],[-0.16353202052414417,51.49904595165842],[-0.16340503469109535,51.498984223071346],[-0.16330637969076633,51.49905649194977],[-0.16330637969076633,51.499056544129445],[-0.16325533390045166,51.499086443061486],[-0.16323295421898365,51.49909954014427],[-0.1632239855825901,51.499106010414806],[-0.16323085874319077,51.49911211542732],[-0.16339321620762348,51.49921877038571],[-0.16339321620762348,51.49921950089828],[-0.16335507854819298,51.49924412960033]]]}},{"type":"Feature","properties":{"level_id":1,"building_id":"harrods","source_layer":"virtualobstacle","geometry_tolerance_m":0.06},"geometry":{"type":"Polygon","coordinates":[[[-0.16368121840059757,51.49920984769574],[-0.1636514626443386,51.49919064564352],[-0.16365154646337032,51.4991899151305],[-0.163821866735816,51.49908753883352],[-0.16382304020226002,51.49908759101314],[-0.1639111340045929,51.499144414582446],[-0.1639111340045929,51.49914509291662],[-0.16376894157612434,51.49923259794275],[-0.1637689769268036,51.49923259794275],[-0.16374274156987667,51.499248721390785],[-0.16374156810343266,51.499248721390785],[-0.16371650621294975,51.49923259794275],[-0.16371653715907858,51.49923259794275],[-0.16368121840059757,51.49920984769574]],[[-0.1639094576239586,51.49914472765977],[-0.163822453469038,51.4990886346055],[-0.16365322284400463,51.49919033256651],[-0.1636954676359892,51.49921757025791],[-0.16374215483665466,51.49924767780209],[-0.16376662999391556,51.49923259794275],[-0.16376666089796313,51.49923259794275],[-0.1639094576239586,51.49914472765977]]]}},{"type":"Feature","properties":{"level_id":5,"building_id":"harrods","source_layer":"virtualobstacle","geometry_tolerance_m":0.06},"geometry":{"type":"Polygon","coordinates":[[[-0.16342506743967533,51.499437193117416],[-0.16343386843800545,51.49943192301603],[-0.16343353316187859,51.499431714299135],[-0.16343353316187859,51.499430983790006],[-0.16359329223632812,51.49933528698989],[-0.16359329223632812,51.49933529690424],[-0.1639911811798811,51.49909698334352],[-0.16390602104365826,51.49904203818329],[-0.16390602104365826,51.49904135984755],[-0.16392680816352367,51.49902883672465],[-0.16387542709708214,51.49899606787008],[-0.16387542709708214,51.49899538953369],[-0.163908451795578,51.498973108785975],[-0.16379697248339653,51.498920824646746],[-0.16371197998523712,51.498971908651725],[-0.16373519785702229,51.49898688423784],[-0.16373519785702229,51.4989876147541],[-0.16370795667171478,51.49900368610909],[-0.16370669938623905,51.499003059952486],[-0.16373352147638798,51.498987249496],[-0.1637102197855711,51.49897227391],[-0.1637102197855711,51.49897154339348],[-0.16379638575017452,51.498919781050546],[-0.1637973915785551,51.498919781050546],[-0.1639101281762123,51.498972639168244],[-0.16391029581427574,51.498973369684734],[-0.16387710347771645,51.49899570261201],[-0.1639285683631897,51.49902852364653],[-0.16392848454415798,51.49902920198244],[-0.16390769742429256,51.49904172510526],[-0.16399294137954712,51.499096670265885],[-0.1639928575605154,51.49909734860077],[-0.16376704490401098,51.49923259794275],[-0.16376704908907413,51.49923259794275],[-0.1634352095425129,51.499431349044585],[-0.16343554481863976,51.49943155776148],[-0.16343554481863976,51.49943228827061],[-0.16342557035386562,51.49943828888098],[-0.16342448070645332,51.499438236701764],[-0.16342414543032646,51.499438027984894],[-0.16323949210345745,51.49954901304531],[-0.1632398273795843,51.49954922176167],[-0.1632398273795843,51.499549900089846],[-0.16322985291481018,51.499555900684726],[-0.16322867944836617,51.499555900684726],[-0.1632283441722393,51.499555691968396],[-0.1631063036620617,51.4996290556997],[-0.16324175521731377,51.499717238122315],[-0.16324175521731377,51.49971791644796],[-0.16321560367941856,51.49973367447214],[-0.16321443021297455,51.49973367447214],[-0.16307822428643703,51.49964590951319],[-0.1630410086363554,51.49966824211094],[-0.16304134391248226,51.49966845082673],[-0.16304134391248226,51.49966918133208],[-0.16281327232718468,51.499807716241264],[-0.16287848353385925,51.49987215700659],[-0.1628781482577324,51.499872887508644],[-0.16284210607409477,51.499884314646835],[-0.1628411002457142,51.49988410593198],[-0.16278225928544998,51.49982676149719],[-0.16275493428111076,51.49984345870129],[-0.16275376081466675,51.49984345870129],[-0.16264035366475582,51.49977213028973],[-0.16257966868579388,51.49980489858629],[-0.16257857903838158,51.49980484640753],[-0.16256097704172134,51.499793419249414],[-0.16256114467978477,51.499792636567264],[-0.16257237643003464,51.49978861879859],[-0.1626260206103325,51.49975658099427],[-0.1625868771225214,51.49973017848711],[-0.16245318576693535,51.49967278167969],[-0.16245301812887192,51.49967272950076],[-0.16235947608947754,51.499609018959774],[-0.16235939227044582,51.49960886242269],[-0.16231144778430462,51.49954854343349],[-0.16231262125074863,51.499547865105285],[-0.16231278888881207,51.49954796946349],[-0.16236081719398499,51.499608392811496],[-0.16245419159531593,51.49967199899547],[-0.16258788295090199,51.49972939580388],[-0.1625879667699337,51.499729500161635],[-0.1626277808099985,51.49975626792113],[-0.1626277808099985,51.49975694624621],[-0.16257346607744694,51.499789401480854],[-0.1625732984393835,51.499789453659645],[-0.16256282106041908,51.499793210534165],[-0.1625792495906353,51.499803802831565],[-0.16263985075056553,51.499771086713025],[-0.16264094039797783,51.499771086713025],[-0.16275434754788876,51.49984241512624],[-0.1627817563712597,51.499825613564184],[-0.16278301365673542,51.49982566574295],[-0.16284202225506306,51.499883218893956],[-0.16287663951516151,51.49987226136403],[-0.16281151212751865,51.49980792495646],[-0.16281167976558208,51.499807298810936],[-0.16303966753184795,51.49966881607941],[-0.1630393322557211,51.49966860736359],[-0.1630393322557211,51.49966787685824],[-0.16307772137224674,51.4996448137546],[-0.16307881101965904,51.49964486593359],[-0.16321501694619656,51.499732630894556],[-0.16324007883667946,51.499717551195715],[-0.16310462728142738,51.49962942095269],[-0.16310462728142738,51.49962869044671],[-0.163227841258049,51.499554596207645],[-0.1632289309054613,51.499554596207645],[-0.16322926618158817,51.499554804923974],[-0.1632380671799183,51.499549534836234],[-0.16323781572282314,51.49954932611985],[-0.16323781572282314,51.499548595612595],[-0.16324996948242188,51.499541292532385],[-0.16324996948242188,51.4995412905393],[-0.16342355869710445,51.499436984400546],[-0.16342473216354847,51.499436984400546],[-0.16342506743967533,51.499437193117416]]]}},{"type":"Feature","properties":{"level_id":5,"building_id":"harrods","source_layer":"virtualobstacle","geometry_tolerance_m":0.06},"geometry":{"type":"Polygon","coordinates":[[[-0.1632783841341734,51.499403224433564],[-0.1632784679532051,51.499402493923924],[-0.16341735608875751,51.499318850496394],[-0.16341844573616982,51.499318850496394],[-0.16349329613149166,51.49936372471865],[-0.16349329613149166,51.499364455228886],[-0.16335172578692436,51.49945149022102],[-0.16335055232048035,51.49945149022102],[-0.16334286215535318,51.49944632447972],[-0.16334284096956253,51.49944632447972],[-0.16332934610545635,51.49943724529663],[-0.1632783841341734,51.499403224433564]],[[-0.16341794282197952,51.49931989408344],[-0.16328014433383942,51.49940285917876],[-0.1633176114410162,51.49942795739483],[-0.16335113905370235,51.49945039445774],[-0.16349153593182564,51.49936408997377],[-0.16341794282197952,51.49931989408344]]]}},{"type":"Feature","properties":{"level_id":4,"building_id":"harrods","source_layer":"wall","geometry_tolerance_m":0.04},"geometry":{"type":"Polygon","coordinates":[[[-0.16315332613885403,51.49915818998252],[-0.16318710520863533,51.499178853074824],[-0.16318174079060555,51.499190071669005],[-0.16319431364536285,51.499210473849445],[-0.1632245723158121,51.4992219011537],[-0.16324996948242188,51.4992219011537],[-0.16325307078659534,51.4992219011537],[-0.1632697320091371,51.49923259794275],[-0.1632697507739067,51.49923259794275],[-0.1632959023118019,51.499249399723425],[-0.1632223092019558,51.49929380439963],[-0.1631265040487051,51.49923259794275],[-0.1631265307998437,51.49923259794275],[-0.1630801521241665,51.49920296000403],[-0.16315332613885403,51.49915818998252]]]}},{"type":"Feature","properties":{"level_id":4,"building_id":"harrods","source_layer":"wall","geometry_tolerance_m":0.04},"geometry":{"type":"Polygon","coordinates":[[[-0.16324996948242188,51.49922200551265],[-0.1632244884967804,51.49922200551265],[-0.16319448128342628,51.49921110000318],[-0.16318132169544697,51.49919137615649],[-0.16318626701831818,51.49918005320362],[-0.16316422261297703,51.49916586037395],[-0.16317528672516346,51.499159390111885],[-0.1632026955485344,51.49917671371469],[-0.16319523565471172,51.4991898107715],[-0.16320948489010334,51.49920536026033],[-0.16322976909577847,51.49921355243856],[-0.16325793229043484,51.49921245666957],[-0.16330327838659286,51.49924219896104],[-0.1632936391979456,51.49924819959642],[-0.16326941549777985,51.49923259794275],[-0.16326942601969852,51.49923259794275],[-0.16325298696756363,51.49922200551265],[-0.16324996948242188,51.49922200551265]]]}},{"type":"Feature","properties":{"level_id":0,"building_id":"harrods","source_layer":"wall","geometry_tolerance_m":0.04},"geometry":{"type":"Polygon","coordinates":[[[-0.16321870498359203,51.49929156068612],[-0.16325742937624454,51.4993151457621],[-0.16324996948242188,51.49931911139316],[-0.16324996948242188,51.49931908609399],[-0.1632463652640581,51.49932098984985],[-0.16320965252816677,51.499298761440684],[-0.16321870498359203,51.49929156068612]]]}},{"type":"Feature","properties":{"level_id":4,"building_id":"harrods","source_layer":"wall","geometry_tolerance_m":0.04},"geometry":{"type":"Polygon","coordinates":[[[-0.16331283375620842,51.49924814741698],[-0.16324996948242188,51.499286342747325],[-0.16324996948242188,51.49928634141388],[-0.16315240412950516,51.499345618497074],[-0.16314209438860416,51.49933873082591],[-0.1631427649408579,51.499338313391235],[-0.16314192675054073,51.49933773941859],[-0.16320805996656418,51.499297978750064],[-0.16310663893818855,51.49923259794275],[-0.16310665398710417,51.49923259794275],[-0.1630812417715788,51.499216213591694],[-0.1630539706760327,51.49923259794275],[-0.16305400058627129,51.49923259794275],[-0.16289633698761463,51.49932730355093],[-0.1629304513335228,51.49934927104957],[-0.16292952932417393,51.49934984502207],[-0.1629304513335228,51.49935041899457],[-0.16292047686874866,51.499356367436405],[-0.16287513077259064,51.499327147012906],[-0.16310496255755424,51.49918887154044],[-0.16311694867908955,51.499194715644364],[-0.1630921382457018,51.49920963897782],[-0.16312772500704925,51.49923259794275],[-0.16312776133418083,51.49923259794275],[-0.16321895644068718,51.49929145632734],[-0.16330143436789513,51.49924188588437],[-0.16331283375620842,51.49924814741698]]]}},{"type":"Feature","properties":{"level_id":-1,"building_id":"harrods","source_layer":"wall","geometry_tolerance_m":0.04},"geometry":{"type":"Polygon","coordinates":[[[-0.1639123074710369,51.499248617031924],[-0.1639389619231224,51.49923259794275],[-0.16393896902364544,51.49923259794275],[-0.16396762803196907,51.49921537872012],[-0.16406552866101265,51.49927856801736],[-0.1640102919191122,51.49931180628309],[-0.1639123074710369,51.499248617031924]]]}},{"type":"Feature","properties":{"level_id":-1,"building_id":"harrods","source_layer":"wall","geometry_tolerance_m":0.04},"geometry":{"type":"Polygon","coordinates":[[[-0.16332515515387058,51.49966975530057],[-0.1633431762456894,51.499659319508936],[-0.16333194449543953,51.499651544842635],[-0.16327804885804653,51.49961559351601],[-0.16329674050211906,51.499605575144216],[-0.16335013322532177,51.49964105686783],[-0.16337879933416843,51.49966020655131],[-0.16335549764335155,51.49967366872181],[-0.16332515515387058,51.49966975530057]]]}},{"type":"Feature","properties":{"level_id":-1,"building_id":"harrods","source_layer":"wall","geometry_tolerance_m":0.04},"geometry":{"type":"Polygon","coordinates":[[[-0.1622078474611044,51.49853422279776],[-0.1622181572020054,51.4985368318103],[-0.16232410445809364,51.49857210564514],[-0.16233877278864384,51.498553790388144],[-0.16263063065707684,51.49852874387096],[-0.16274110414087772,51.49852253441978],[-0.16290010884404182,51.49852837860914],[-0.1629447005689144,51.498535892565826],[-0.16304888762533665,51.49856297410767],[-0.16311485320329666,51.498585620317215],[-0.16312885098159313,51.49859141231832],[-0.16312881900509393,51.49859141231832],[-0.1633508875966072,51.498683510254835],[-0.16338483430445194,51.49869561603211],[-0.16395346261560917,51.49896731683339],[-0.1639568991959095,51.49897008236039],[-0.16394306905567646,51.49897874419861],[-0.16421363689005375,51.499114985304715],[-0.16425009816884995,51.49914791061241],[-0.16424724832177162,51.49917358294357],[-0.1642335020005703,51.49918850628396],[-0.1641588617497247,51.49923259794275],[-0.1641589030623436,51.49923259794275],[-0.16324996948242188,51.49976957352675],[-0.16324996948242188,51.49976953998571],[-0.1629037968814373,51.49997406193367],[-0.1628542598336935,51.49999242879849],[-0.1628002803772688,51.49998324536702],[-0.16245268285274506,51.499782200803764],[-0.1623767428100109,51.4997391532541],[-0.16222000122070312,51.49964798966817],[-0.16222000122070312,51.49964799667231],[-0.16215521273528163,51.49961030757828],[-0.16187667846679688,51.49944830728958],[-0.16187667846679688,51.49944827717786],[-0.161701999604702,51.499346662083525],[-0.1616720762103796,51.49931942446929],[-0.16165690496563911,51.49930455335118],[-0.16164567321538925,51.499284099033446],[-0.16164173372089863,51.4992683408538],[-0.16164567321538925,51.49924355562649],[-0.1616540551185608,51.49923259794275],[-0.1616540849774038,51.49923259794275],[-0.1619029138237238,51.4989084580302],[-0.16193761490285397,51.49891863309469],[-0.1619100384414196,51.49895651562255],[-0.16203568316996098,51.498991528233915],[-0.16197139397263527,51.499078146501176],[-0.16195270232856274,51.49907266763975],[-0.16199343837797642,51.49901401769145],[-0.1619900017976761,51.499012974097354],[-0.1620074361562729,51.498989649763644],[-0.1619943603873253,51.49898589282287],[-0.16197692602872849,51.499009217158516],[-0.16197340562939644,51.499008225744035],[-0.16199092380702496,51.49898490140791],[-0.161950858309865,51.498973317504976],[-0.1619334239512682,51.498996589667314],[-0.16192998737096786,51.49899559825258],[-0.16194733791053295,51.498972378269485],[-0.16193417832255363,51.49896872568681],[-0.16191691160202026,51.49899178913256],[-0.16187860630452633,51.49904240344097],[-0.16188958659768105,51.49904558640074],[-0.16188573092222214,51.49905122180442],[-0.16187667846679688,51.49905101308576],[-0.16187667846679688,51.49905098907389],[-0.16185731627047062,51.499050491289154],[-0.16180920414626598,51.49911524620265],[-0.161842480301857,51.49912281224212],[-0.1618577353656292,51.49914342317092],[-0.16185480169951916,51.4991437884278],[-0.16184130683541298,51.499124481988616],[-0.16183409839868546,51.499124899425226],[-0.16182881779968739,51.499125525580126],[-0.16181875951588154,51.4991275605835],[-0.16180811449885368,51.49913105661477],[-0.16179872676730156,51.49913575277574],[-0.16179118305444717,51.49914117945002],[-0.1617859024554491,51.499146658303204],[-0.1617820467799902,51.49915260677162],[-0.1617799513041973,51.499157929084845],[-0.16177911311388016,51.49916466024476],[-0.16177961602807045,51.499169826017976],[-0.16178162768483162,51.499175617944815],[-0.16178548336029053,51.499182036025076],[-0.1617918536067009,51.49918855846343],[-0.161798894405365,51.49919351551594],[-0.1618071086704731,51.49919768987556],[-0.1618163287639618,51.49920097718348],[-0.1618752535432577,51.499216057053246],[-0.16187944449484348,51.4992193965393],[-0.16187037449207128,51.49923259794275],[-0.16187039203941822,51.49923259794275],[-0.16184398904442787,51.499271002003724],[-0.16178607009351254,51.49925534817842],[-0.16179327853024006,51.49924506883025],[-0.16179713420569897,51.49924616459842],[-0.16179151833057404,51.4992539393339],[-0.16182898543775082,51.49926411432128],[-0.1618512813001871,51.49923259794275],[-0.16185129340353652,51.49923259794275],[-0.16185916028916836,51.499221483718],[-0.1618556398898363,51.499219292180385],[-0.16182244755327702,51.499210160772606],[-0.16180233098566532,51.49923885947666],[-0.1617983914911747,51.49923781588774],[-0.1618022471666336,51.49923259794275],[-0.1618022776452924,51.49923259794275],[-0.16181976534426212,51.499209117183],[-0.16181247308850288,51.49920666474739],[-0.16180643811821938,51.49920384705527],[-0.1618010737001896,51.4992002988501],[-0.16177902929484844,51.49923249358383],[-0.1617739163339138,51.49923113691807],[-0.1617973018437624,51.49919847256794],[-0.16178900375962257,51.499189967309974],[-0.1617657858878374,51.499183444871846],[-0.16173108480870724,51.499232180507136],[-0.16174114309251308,51.49923505037697],[-0.16173753887414932,51.499239642168305],[-0.16176310367882252,51.49924600806011],[-0.16176863573491573,51.49923828550274],[-0.16177416779100895,51.499239850886084],[-0.16176662407815456,51.49925039113265],[-0.1617341861128807,51.4992414162694],[-0.1617276482284069,51.49926567970374],[-0.1617434062063694,51.499295056704796],[-0.16179260797798634,51.499324433686894],[-0.16181699931621552,51.49930757975454],[-0.16182303428649902,51.49930189220319],[-0.16186720691621304,51.49929787439126],[-0.1618676260113716,51.49930022246323],[-0.16182479448616505,51.49930330104627],[-0.16182051971554756,51.499307945010116],[-0.1618571486324072,51.49936492484258],[-0.16187667846679688,51.49936310834627],[-0.16187667846679688,51.49936309856702],[-0.16192110255360603,51.49935897640188],[-0.16192755661904812,51.499354958595006],[-0.1619339268654585,51.499298657081965],[-0.16192881390452385,51.49929500452541],[-0.16189184971153736,51.49929719605936],[-0.1618915144354105,51.49929500452541],[-0.16193250194191933,51.49929286517073],[-0.1619394589215517,51.49929813528817],[-0.1619324181228876,51.499357776277776],[-0.1619491819292307,51.49936962097945],[-0.16194406896829605,51.4993728039164],[-0.16192554496228695,51.499361063574156],[-0.16186033375561237,51.4993670120146],[-0.16187667846679688,51.49937744945392],[-0.16187667846679688,51.499377447873144],[-0.16191557049751282,51.49940228520694],[-0.1619542110711336,51.49937901325174],[-0.16195169650018215,51.49937750005245],[-0.16195446252822876,51.499375830315216],[-0.16197248362004757,51.49938741411586],[-0.16196954995393753,51.49938918821118],[-0.16195815056562424,51.499381726574484],[-0.16192009672522545,51.49940510288678],[-0.16196292825043201,51.49943176647838],[-0.16198103316128254,51.49942065230218],[-0.16196728684008121,51.49941209490646],[-0.16198706813156605,51.49940009367802],[-0.1619786862283945,51.49939487575162],[-0.16198153607547283,51.49939320601504],[-0.16201497986912727,51.49941522566118],[-0.1620123814791441,51.499416738859196],[-0.16198882833123207,51.499401398159506],[-0.1619710586965084,51.49941199054794],[-0.16198539175093174,51.499421121915304],[-0.16196535900235176,51.49943338403429],[-0.16198530793190002,51.49944632447972],[-0.1619853042770873,51.49944632447972],[-0.1619911752641201,51.49945013356174],[-0.16199747483451477,51.49944632447972],[-0.16199746169149876,51.49944632447972],[-0.16202914528548717,51.49942717470637],[-0.16202135011553764,51.49942221767927],[-0.16202369704842567,51.49942049576447],[-0.16204951331019402,51.49943724529663],[-0.16204699873924255,51.49943870631469],[-0.16203375533223152,51.49943040981853],[-0.16199637204408646,51.49945362956822],[-0.1620237808674574,51.49947126613432],[-0.16206216998398304,51.4994486203648],[-0.16205875513461845,51.49944632447972],[-0.1620587334036827,51.49944632447972],[-0.16205588355660439,51.49944439384899],[-0.16205839812755585,51.49944277629345],[-0.1620646845549345,51.49944710716784],[-0.16208547167479992,51.49943489723174],[-0.16208086162805557,51.49943176647838],[-0.16208337619900703,51.49943025328085],[-0.16211681999266148,51.49945154240021],[-0.16212579575332714,51.49944632447972],[-0.16212578862905502,51.49944632447972],[-0.16216116026043892,51.49942576586713],[-0.16215470619499683,51.49942180024536],[-0.1621588971465826,51.49941913910425],[-0.1621675305068493,51.499424930999425],[-0.16211681999266148,51.49945383828506],[-0.1621115393936634,51.49945023792017],[-0.16209720633924007,51.49944058476649],[-0.16208723187446594,51.49944632447972],[-0.16208720082638167,51.49944632447972],[-0.16202352941036224,51.49948284991066],[-0.1620603259652853,51.499507791545255],[-0.1621081866323948,51.499480397489776],[-0.16209268011152744,51.49946985729645],[-0.16206133179366589,51.49948775475201],[-0.1620543748140335,51.499483058627305],[-0.162091925740242,51.499461508626695],[-0.16211279667913914,51.49947580572268],[-0.16216451980704052,51.49944632447972],[-0.16216451302170753,51.49944632447972],[-0.16217834316194057,51.49943844541863],[-0.1621909998357296,51.49944700280943],[-0.1621387805789709,51.499479458264716],[-0.1621413789689541,51.49948123235649],[-0.16209913417696953,51.499505391304865],[-0.16209477558732033,51.4995024692729],[-0.16206887550652027,51.49951739250557],[-0.16206946223974228,51.499517757759435],[-0.1620678696781397,51.4995186969837],[-0.16206870786845684,51.499519270954096],[-0.16206711530685425,51.49952015799917],[-0.1620679534971714,51.49952073196954],[-0.16206158325076103,51.499524436687096],[-0.16207532957196236,51.49953372456926],[-0.16208169981837273,51.49953007203155],[-0.16208253800868988,51.4995306460018],[-0.16208413057029247,51.499529706777764],[-0.16208496876060963,51.499530332927094],[-0.16208656132221222,51.499529393703114],[-0.1620979607105255,51.49953706403204],[-0.16215302981436253,51.49950549566313],[-0.16214322298765182,51.49949886891187],[-0.16211413778364658,51.499515566236084],[-0.16210894100368023,51.49951201805521],[-0.1621511857956648,51.49948785911036],[-0.16215378418564796,51.4994895810226],[-0.1621435582637787,51.49949542508796],[-0.16215856187045574,51.49950560002142],[-0.1621006429195404,51.49953889030064],[-0.16210458241403103,51.499541603613864],[-0.16210801899433136,51.499539620808065],[-0.16211681999266148,51.499545569225205],[-0.16211028210818768,51.49954932611985],[-0.16210307367146015,51.49954463000151],[-0.16209552995860577,51.499548960866235],[-0.16212612390518188,51.49956967596043],[-0.16213391907513142,51.49956518856047],[-0.1621267944574356,51.49956044026467],[-0.1621333323419094,51.49955663119189],[-0.16214213334023952,51.49956257960682],[-0.16213861294090748,51.49956461459067],[-0.16214263625442982,51.499567327902355],[-0.16220097430050373,51.49953398546481],[-0.16221581026911736,51.49954426474784],[-0.16222595237195492,51.49953842068874],[-0.1622285507619381,51.49954019477818],[-0.16222000122070312,51.49954509464289],[-0.16222000122070312,51.49954509961336],[-0.16218630596995354,51.499564405874395],[-0.16218110918998718,51.499560857697304],[-0.16221019439399242,51.499544212568736],[-0.16220038756728172,51.49953758582308],[-0.1621453184634447,51.49956915416976],[-0.162156131118536,51.49957640705955],[-0.1621545385569334,51.499577294103545],[-0.16215537674725056,51.499577868073175],[-0.16215378418564796,51.49957880729619],[-0.16215462237596512,51.49957938126579],[-0.16214825212955475,51.49958303379955],[-0.16216250136494637,51.4995927391021],[-0.16216895543038845,51.499589034390084],[-0.1621697936207056,51.49958966053859],[-0.1621713861823082,51.4995887213158],[-0.16217222437262535,51.49958929528532],[-0.16217381693422794,51.49958840824155],[-0.1621746551245451,51.49958898221104],[-0.16220055520534515,51.49957395464372],[-0.16219611279666424,51.499570980437085],[-0.1622384414076805,51.49954682152347],[-0.16224296763539314,51.49954984791077],[-0.16230055131018162,51.4995168707143],[-0.1623277086764574,51.49953236791245],[-0.16228613443672657,51.49955804002707],[-0.1622366812080145,51.49959143462607],[-0.1623222604393959,51.49963980457218],[-0.16236534342169762,51.499609906003144],[-0.16229652799665928,51.4995701977511],[-0.1623014733195305,51.49956680611166],[-0.16241077333688736,51.49962535099064],[-0.1624551136046648,51.49965107523187],[-0.16248000785708427,51.49966140666746],[-0.1625395193696022,51.49969793192602],[-0.16253096982836723,51.49970278456533],[-0.16247984021902084,51.49967032926904],[-0.1623782515525818,51.49973790096115],[-0.16245083883404732,51.499779017895435],[-0.1624633278697729,51.49976816469811],[-0.16255117021501064,51.49971687287001],[-0.16254186630249023,51.499710976654114],[-0.1625395193696022,51.49970951564475],[-0.1625493261963129,51.49970393250143],[-0.1625798363238573,51.49970471518509],[-0.16263172030448914,51.499742283986365],[-0.1626380905508995,51.49974651047455],[-0.16257522627711296,51.49978006147194],[-0.1625579595565796,51.49976858212881],[-0.1625199057161808,51.49974254488072],[-0.16249450854957104,51.49975710278278],[-0.16251001507043839,51.499762059773474],[-0.16251428984105587,51.49975960736762],[-0.16254186630249023,51.499778026497694],[-0.16257472336292267,51.49980166350076],[-0.1625907327979803,51.499792427852014],[-0.16264203004539013,51.49976159016384],[-0.16267379745841026,51.49978120940611],[-0.16262317076325417,51.49981157747189],[-0.1626069936901331,51.49981987389873],[-0.1625711191445589,51.4998412671936],[-0.16257782466709614,51.49984674596266],[-0.1626952551305294,51.499915674038675],[-0.1627922337502241,51.499857390426286],[-0.16279131174087524,51.49985681646018],[-0.1627922337502241,51.49985629467281],[-0.16280447132885456,51.49986417366165],[-0.16270757652819157,51.49992245726531],[-0.16273096203804016,51.49993670203804],[-0.16279198229312897,51.49997176607502],[-0.16279952600598335,51.49997583600614],[-0.16280748881399632,51.499979540686724],[-0.16283263452351093,51.49998569776082],[-0.162836741656065,51.49998590647519],[-0.16285182908177376,51.49998554122507],[-0.1628553494811058,51.49998512379631],[-0.162892397493124,51.499972340039704],[-0.1630055531859398,51.499905760090144],[-0.16298803500831127,51.49989448949347],[-0.16299893148243427,51.49988796715613],[-0.1630164496600628,51.49989923775445],[-0.16320395283401012,51.499787627401076],[-0.16318559646606445,51.49977578280806],[-0.16319464892148972,51.49977030403045],[-0.1632147654891014,51.49978329655903],[-0.1633982453495264,51.499673042574415],[-0.16337879933416843,51.49966020655131],[-0.16335013322532177,51.49964105686783],[-0.16329674050211906,51.499605575144216],[-0.1633231434971094,51.49959033886617],[-0.16342364251613617,51.49965775414],[-0.16359329223632812,51.499557883489814],[-0.16359329223632812,51.499557891634154],[-0.1636007521301508,51.49955350044689],[-0.16350083984434605,51.49948785911036],[-0.16351223923265934,51.49948128453565],[-0.16356563195586205,51.49951655763954],[-0.163594800978899,51.49953586391263],[-0.1636116486042738,51.49954697806075],[-0.16399855725467205,51.49931775472996],[-0.1639014109969139,51.49925513946073],[-0.1639123074710369,51.499248617031924],[-0.1640102919191122,51.49931180628309],[-0.16406552866101265,51.49927856801736],[-0.16399428248405457,51.49923259794275],[-0.16399430616894134,51.49923259794275],[-0.16396762803196907,51.49921537872012],[-0.1639775186777115,51.499209430259896],[-0.16407642513513565,51.499273141359424],[-0.16414348036050797,51.49923285884],[-0.1641430612653494,51.49923259794275],[-0.16414307549713059,51.49923259794275],[-0.16407432965934277,51.49918829756592],[-0.16404373571276665,51.499169669479414],[-0.16405463218688965,51.49916309485883],[-0.1641534548252821,51.499226858202604],[-0.16418077982962132,51.49921151743902],[-0.16421464271843433,51.49919116743851],[-0.16422285698354244,51.499185010257065],[-0.16422847285866737,51.49918005320362],[-0.16423333436250687,51.499174991790625],[-0.1642372738569975,51.499169773838474],[-0.16423978842794895,51.49916445152664],[-0.16424154862761497,51.49915970318909],[-0.16424188390374184,51.499154798312446],[-0.1642416324466467,51.49915234587391],[-0.16424020752310753,51.49914738881691],[-0.1642390340566635,51.499144884198415],[-0.16423559747636318,51.4991398227815],[-0.1642313227057457,51.49913538751878],[-0.16422763466835022,51.49913241328355],[-0.16421858221292496,51.49912636045332],[-0.16421321779489517,51.4991231774992],[-0.16420232132077217,51.49911790736152],[-0.1641735713928938,51.49910512336166],[-0.1641659438610077,51.49910126207118],[-0.1641589030623436,51.499097139882366],[-0.16407550312578678,51.49914728445782],[-0.16407466493546963,51.499146710482734],[-0.16407374292612076,51.49914723227826],[-0.16404138877987862,51.49912636045332],[-0.1640439871698618,51.499124899425226],[-0.16401498578488827,51.49910522772083],[-0.16401263885200024,51.499106584390375],[-0.16400953754782677,51.499104810284024],[-0.16393418423831463,51.499053987326334],[-0.1639263890683651,51.49905873567488],[-0.16392949037253857,51.49906050978299],[-0.16400467604398727,51.499111332733435],[-0.1639999821782112,51.49911409825171],[-0.16399688087403774,51.49911232414567],[-0.16392161138355732,51.49906150119634],[-0.1639127265661955,51.499066823520195],[-0.16391591168940067,51.499068597627996],[-0.1639884151518345,51.49911728120651],[-0.16399109736084938,51.499119316210255],[-0.16398875042796135,51.49912072505896],[-0.1640184223651886,51.49914008367929],[-0.1640232838690281,51.49913726598305],[-0.16403459943830967,51.49914462330065],[-0.1640200987458229,51.499153285105734],[-0.16396855004131794,51.49911999454483],[-0.16383619979023933,51.499199516157745],[-0.16388783231377602,51.49923280666056],[-0.16387693583965302,51.49923938127111],[-0.16376587562263012,51.499167686657415],[-0.16359329223632812,51.4992713982859],[-0.16359329223632812,51.499271419439],[-0.16338156536221504,51.49939863265868],[-0.16345256008207798,51.49944632447972],[-0.1634525351189186,51.49944632447972],[-0.1634722575545311,51.49945957799662],[-0.163496732711792,51.499445437433195],[-0.16349807381629944,51.49944632447972],[-0.16349806079590698,51.49944632447972],[-0.16350477933883667,51.49945081189139],[-0.1634597685188055,51.4994767449478],[-0.1634510513395071,51.49947116177597],[-0.16346370801329613,51.49946411758617],[-0.16343722271729344,51.49944632447972],[-0.16343722119927406,51.49944632447972],[-0.1633377280086279,51.49937948286532],[-0.1632566750049591,51.49942623548023],[-0.1632865983992815,51.49944632447972],[-0.1632865598066136,51.49944632447972],[-0.16335222870111465,51.499490468068274],[-0.16334937885403633,51.49949224215959],[-0.16331023536622524,51.4994659438577],[-0.1633062120527029,51.49947403163074],[-0.1633404940366745,51.49949735571653],[-0.163335632532835,51.49950006903225],[-0.1633040327578783,51.499479145189724],[-0.16329975798726082,51.49948707642292],[-0.16332666389644146,51.49950523476744],[-0.16332381404936314,51.499506904499924],[-0.16324996948242188,51.499457282112076],[-0.16324996948242188,51.499457261901334],[-0.1632283441722393,51.49944272411423],[-0.16322214156389236,51.49944632447972],[-0.16322211680522403,51.49944632447972],[-0.16315072774887085,51.49948759821453],[-0.16324996948242188,51.49955428661376],[-0.16324996948242188,51.499554283133136],[-0.1632783841341734,51.49957338067401],[-0.1632887776941061,51.49956727572331],[-0.1632952317595482,51.499571606585846],[-0.16327176243066788,51.499585173140616],[-0.163270840421319,51.49958459917107],[-0.16327176243066788,51.499584077380604],[-0.16324996948242188,51.49956941506508],[-0.16324996948242188,51.499569397970724],[-0.16306725544675144,51.49944632447972],[-0.16306724399328232,51.49944632447972],[-0.16287630423903465,51.4993177025506],[-0.16286658123135567,51.49931112795136],[-0.16286088153719902,51.49931441525109],[-0.16285442747175694,51.49931013654344],[-0.1629320438951254,51.49926651457437],[-0.16291259787976742,51.49925341753959],[-0.16287907026708126,51.49923259794275],[-0.1628790780782735,51.49923259794275],[-0.16287563368678093,51.499230458585146],[-0.16286917962133884,51.49922612769015],[-0.16315609216690063,51.49906030106442],[-0.16314905136823654,51.499055239638096],[-0.16316061839461327,51.49904871718064],[-0.16317151486873627,51.49904245562064],[-0.16316112130880356,51.49903697675492],[-0.16315139830112457,51.49904250780031],[-0.16314025036990643,51.49904887371966],[-0.16313857398927212,51.49904767358737],[-0.16318676993250847,51.49901918348172],[-0.16318333335220814,51.49901693975468],[-0.16319682821631432,51.49900906061936],[-0.16319850459694862,51.49901015639324],[-0.1631886139512062,51.4990160005201],[-0.16320914961397648,51.49902925416211],[-0.1632365584373474,51.49901333935529],[-0.16321669332683086,51.49900065968552],[-0.1632135920226574,51.49900259033504],[-0.1632125861942768,51.49900196417846],[-0.16321124508976936,51.4990027468742],[-0.16320948489010334,51.499001598920415],[-0.16323354095220566,51.49898751039464],[-0.16323773190379143,51.49899022374069],[-0.16330151818692684,51.498950775847646],[-0.1633137557655573,51.4989506714881],[-0.1633643824607134,51.498982605499435],[-0.16338651068508625,51.498969038765324],[-0.1634400710463524,51.49900253815534],[-0.16344375908374786,51.49900081622468],[-0.16345951706171036,51.49899084989744],[-0.16346991062164307,51.49898270985895],[-0.16350804828107357,51.4990011814827],[-0.16350620426237583,51.49900264251477],[-0.1635768637061119,51.49903697675492],[-0.1635811384767294,51.4990338981539],[-0.163583317771554,51.499035046106854],[-0.16357770189642906,51.49903911612162],[-0.16360536217689514,51.49905372642806],[-0.16360804438591003,51.499051743601],[-0.16361198388040066,51.49905367424839],[-0.16361307352781296,51.49905315245181],[-0.16361751593649387,51.499057848620794],[-0.16363872215151787,51.49906609300518],[-0.16364785842597485,51.49907225020269],[-0.1636465173214674,51.49907298071756],[-0.1637123990803957,51.49911681159023],[-0.16373327001929283,51.499123490576665],[-0.16373896971344948,51.499127299685625],[-0.16374584287405014,51.49912364711537],[-0.1637565717101097,51.499118950953175],[-0.16377258114516735,51.49911331555788],[-0.16378515399992466,51.49910997606406],[-0.16380242072045803,51.49910684528837],[-0.163822453469038,51.4991001141199],[-0.16387651674449444,51.49907011083752],[-0.16396419145166874,51.49901829642687],[-0.1639334298670292,51.498998207238685],[-0.1639252994209528,51.499003059952486],[-0.16391968354582787,51.49899940737228],[-0.1639040932059288,51.499008695361425],[-0.16390057280659676,51.499006503813604],[-0.16388682648539543,51.49901485256666],[-0.1638806238770485,51.49901182614386],[-0.16387945041060448,51.499010991268534],[-0.16384122893214226,51.498976083031636],[-0.1638349425047636,51.498969456203355],[-0.1638016663491726,51.498951819443135],[-0.1637657918035984,51.498931886765035],[-0.1637504529207945,51.498943575038055],[-0.16376210376620293,51.498946079667604],[-0.16376704908907413,51.49894227054344],[-0.16379395499825478,51.49895719395954],[-0.16382438130676746,51.498974100201195],[-0.16387056559324265,51.499016470137406],[-0.16387182287871838,51.499017252832886],[-0.16386796720325947,51.49901965309897],[-0.1638921070843935,51.4990352026459],[-0.16392521560192108,51.4990159483404],[-0.16392990946769714,51.49901897476292],[-0.16385857947170734,51.49905831823767],[-0.16385740600526333,51.499057535542875],[-0.1638360321521759,51.49907011083752],[-0.16381767578423023,51.4990580573394],[-0.16378632746636868,51.49907658111226],[-0.16378414817154408,51.49907522444184],[-0.16373444348573685,51.4991058016964],[-0.16372731886804104,51.4991058016964],[-0.16366428695619106,51.49906275350787],[-0.16366386786103249,51.499062962226475],[-0.16365506686270237,51.49905696156668],[-0.1636312622576952,51.4990479344857],[-0.163626903668046,51.499045064604076],[-0.1636318489909172,51.499042090362934],[-0.16362933441996574,51.49904073369149],[-0.16363863833248615,51.49903337635709],[-0.16364090144634247,51.49903155006825],[-0.16364785842597485,51.4990352026459],[-0.16367250122129917,51.49902085323197],[-0.16363788396120071,51.499002799053926],[-0.16361558809876442,51.49901824424714],[-0.16362103633582592,51.49902111413047],[-0.1636186894029379,51.499022888240034],[-0.1636122353374958,51.4990195487396],[-0.1636111456900835,51.49902038361475],[-0.16360703855752945,51.49901819206747],[-0.1635986566543579,51.49902424491205],[-0.1635958068072796,51.49902273170099],[-0.16359329223632812,51.4990206786002],[-0.16359329223632812,51.499020696692924],[-0.16357912681996822,51.49900911279909],[-0.16347628086805344,51.49895849845373],[-0.16344912350177765,51.498979735613744],[-0.16331559978425503,51.49891378037191],[-0.16328634694218636,51.49891028432401],[-0.1632233988493681,51.49895917679069],[-0.1631580200046301,51.49891456306915],[-0.16313916072249413,51.49890584903895],[-0.1631314493715763,51.49890042233662],[-0.1631308626383543,51.498898909121465],[-0.16314511187374592,51.49888669903848],[-0.1631536614149809,51.4988797591181],[-0.16314360313117504,51.49887167123961],[-0.16314251348376274,51.49887078418189],[-0.1631602831184864,51.49885596509725],[-0.1631657313555479,51.498853825721994],[-0.16316724009811878,51.49885267776446],[-0.16318056732416153,51.4988585219115],[-0.16324485652148724,51.498804672242585],[-0.1632707566022873,51.49878296538128],[-0.16324996948242188,51.49877378170609],[-0.16324996948242188,51.4987737689909],[-0.1632212195545435,51.49876104978969],[-0.16324996948242188,51.49873487832227],[-0.16324996948242188,51.49873485542591],[-0.16328232362866402,51.49870542588371],[-0.1632909569889307,51.498708921947355],[-0.16324494034051895,51.49874894402984],[-0.16324996948242188,51.49875114760915],[-0.16324996948242188,51.498751135590055],[-0.16329078935086727,51.49876903332785],[-0.16334912739694118,51.49871977539692],[-0.16329573467373848,51.498693737549644],[-0.16328140161931515,51.49868763248108],[-0.163206048309803,51.49875457947016],[-0.16320453956723213,51.498754005490156],[-0.16324996948242188,51.49871353158214],[-0.16324996948242188,51.49871351379173],[-0.16326597891747952,51.4986992686367],[-0.162934809923172,51.49855399910908],[-0.16285627149045467,51.49853437933854],[-0.1628411840647459,51.49853354445452],[-0.16277572140097618,51.49859141231832],[-0.16277568923691985,51.49859141231832],[-0.16277161426842213,51.49859501275105],[-0.16277396120131016,51.4986159369995],[-0.16277161426842213,51.49861604135981],[-0.16276842914521694,51.49859438658885],[-0.16282525844871998,51.49854471102728],[-0.16281402669847012,51.49853949300294],[-0.16274345107376575,51.49854121495102],[-0.16274437308311462,51.498562191404375],[-0.16275107860565186,51.49859553455289],[-0.16275434754788876,51.49861197130727],[-0.16275149770081043,51.49861207566758],[-0.16274051740765572,51.498563287189],[-0.16257095150649548,51.49857153166283],[-0.16257849521934986,51.498639209344304],[-0.16258025541901588,51.498654811201106],[-0.16259090043604374,51.498654185039726],[-0.16259140335023403,51.498657315846515],[-0.1627458818256855,51.49865084551226],[-0.16274336725473404,51.49862840805571],[-0.16275501810014248,51.498627834074085],[-0.16275987960398197,51.49867072613313],[-0.1627632323652506,51.49870026005789],[-0.16281302087008953,51.49873235078476],[-0.16285719349980354,51.49870646948483],[-0.16279935836791992,51.49866884764967],[-0.16277831979095936,51.49866983907151],[-0.1627730391919613,51.498626947011616],[-0.16277597285807133,51.49862679047118],[-0.16278108581900597,51.49866780404767],[-0.16280338168144226,51.498666656085476],[-0.16286632977426052,51.4987065216649],[-0.16285551711916924,51.49871497483301],[-0.16285995952785015,51.49871784473541],[-0.16285467892885208,51.49872321927941],[-0.16285006888210773,51.498720140657184],[-0.16282844357192516,51.49873297694509],[-0.16284679993987083,51.49874503052919],[-0.1628683414310217,51.49873229860475],[-0.1628651563078165,51.498730263583724],[-0.16287420876324177,51.49872702842188],[-0.16288627870380878,51.498734803245924],[-0.16288083046674728,51.498740282147935],[-0.1628759689629078,51.49873720352687],[-0.1628542598336935,51.49875003980995],[-0.16287261620163918,51.498762041209545],[-0.16289382241666317,51.49874951800987],[-0.1628907211124897,51.49874743080963],[-0.16290044412016869,51.498743934748944],[-0.16290513798594475,51.49874701336955],[-0.16290790401399136,51.49874873530982],[-0.16289625316858292,51.49875583179016],[-0.162870604544878,51.49877148578702],[-0.1628934871405363,51.498786043999274],[-0.16291913576424122,51.498770390007394],[-0.1629316247999668,51.4987629282694],[-0.16296330839395523,51.49878338282102],[-0.16296230256557465,51.49878520911986],[-0.1629375759512186,51.498799715147754],[-0.16296464949846268,51.49881750850665],[-0.16298962756991386,51.498802741584655],[-0.16299272887408733,51.49880232414512],[-0.16300412826240063,51.49880962933685],[-0.16298040747642517,51.4988347800595],[-0.16297747381031513,51.498836606356235],[-0.1630921382457018,51.49891064958274],[-0.16310052014887333,51.49890360530634],[-0.16310295090079308,51.49890329222734],[-0.16311979852616787,51.49891122356078],[-0.16312574967741966,51.49891732859936],[-0.16319230198860168,51.49896053346458],[-0.163172772154212,51.49897201301121],[-0.1631684973835945,51.498969195304596],[-0.16283447854220867,51.49916231216585],[-0.16250439919531345,51.49894002681265],[-0.16249115578830242,51.49894837557787],[-0.1624867133796215,51.49894571440916],[-0.16249626874923706,51.49893971373393],[-0.16247732564806938,51.498927034043675],[-0.16248092986643314,51.4989249468515],[-0.1624796725809574,51.49892411197462],[-0.16253440640866756,51.498890455987464],[-0.1625280361622572,51.49888633377955],[-0.1625721249729395,51.4988603482073],[-0.1625547744333744,51.498848764272736],[-0.16264110803604126,51.4987977323097],[-0.1626282837241888,51.498789331336866],[-0.16258427873253822,51.49877367734615],[-0.16257497482001781,51.498778164824046],[-0.16257036477327347,51.49878322628112],[-0.1625662576407194,51.498781817421985],[-0.16256650909781456,51.49878160870213],[-0.16253767535090446,51.49877138142705],[-0.1625247672200203,51.49878541783971],[-0.1625536009669304,51.498795645111585],[-0.16255376860499382,51.49879543639179],[-0.16255787573754787,51.49879689743048],[-0.1625503320246935,51.49880508968212],[-0.16254622489213943,51.498803628643714],[-0.16254639253020287,51.49880341992392],[-0.16251764260232449,51.49879319265378],[-0.16250473447144032,51.49880722905971],[-0.1625335682183504,51.49881745632672],[-0.16253373585641384,51.49881724760701],[-0.1625378429889679,51.49881870864493],[-0.1625068299472332,51.49885257340469],[-0.16250423155725002,51.498851634166726],[-0.1625220850110054,51.49883222324394],[-0.16248637810349464,51.49881954352378],[-0.16248461790382862,51.49882147418097],[-0.16248193569481373,51.498820534942354],[-0.16247539781033993,51.49882763141153],[-0.16247808001935482,51.498828570650005],[-0.16247112303972244,51.49883618891698],[-0.16248704865574837,51.49883874573234],[-0.16249224543571472,51.4988330059426],[-0.16250045970082283,51.498835928017456],[-0.16249182634055614,51.49884526821984],[-0.16248369589447975,51.49884239832545],[-0.16248637810349464,51.49883942407109],[-0.16247053630650043,51.49883681507586],[-0.16246207058429718,51.498846050918246],[-0.16250037588179111,51.49885966986889],[-0.16250339336693287,51.49886076564633],[-0.16249886713922024,51.498865618374765],[-0.16249509528279305,51.4988643138779],[-0.1624953467398882,51.49886410515845],[-0.1624627411365509,51.49885252122482],[-0.16244991682469845,51.498866557612445],[-0.16248243860900402,51.49887814154252],[-0.16248260624706745,51.49887793282306],[-0.16248637810349464,51.49887923731953],[-0.16247346997261047,51.49889337805865],[-0.16246969811618328,51.4988926997207],[-0.16246743500232697,51.49889191702306],[-0.16246316023170948,51.49889656102883],[-0.16245880164206028,51.49889499563366],[-0.16245989128947258,51.49889379549737],[-0.16242150217294693,51.49888007219724],[-0.16240683384239674,51.498895934870774],[-0.1624452229589224,51.49890971034597],[-0.16244656406342983,51.49890819713107],[-0.16245083883404732,51.498909762525784],[-0.16244455240666866,51.49891649372236],[-0.16244019381701946,51.49891487614806],[-0.1624414511024952,51.498913519472836],[-0.16240306198596954,51.49889979617865],[-0.16238839365541935,51.49891571102512],[-0.162426782771945,51.49892943431453],[-0.16242804005742073,51.49892802545989],[-0.16243231482803822,51.49892964303373],[-0.16242611221969128,51.498936269867784],[-0.1624219212681055,51.498934652294196],[-0.16242326237261295,51.49893324343975],[-0.16238495707511902,51.49891946797169],[-0.16237028874456882,51.49893538281128],[-0.16240859404206276,51.49894910609481],[-0.16240959987044334,51.49894795813967],[-0.1624137908220291,51.4989494713532],[-0.16241295263171196,51.4989504105892],[-0.16241362318396568,51.49895072366786],[-0.16240675002336502,51.4989578722965],[-0.16239107586443424,51.49896736901317],[-0.16238856129348278,51.498965699260935],[-0.1623707078397274,51.49897597867215],[-0.16236383467912674,51.49897143903394],[-0.1623484119772911,51.49897968343399],[-0.1623527705669403,51.498982605499435],[-0.16234690323472023,51.49898594500263],[-0.16234824433922768,51.49898688423784],[-0.16234472393989563,51.49898886706768],[-0.16234422102570534,51.49898855398928],[-0.16234137117862701,51.49899022374069],[-0.1623440533876419,51.498992050031205],[-0.16231178306043148,51.49901062601063],[-0.1623298041522503,51.499022888240034],[-0.16236517578363419,51.49900259033504],[-0.16236316412687302,51.499001233662426],[-0.16236660070717335,51.49899925083312],[-0.16236836090683937,51.49900039878693],[-0.16237439587712288,51.49899690274563],[-0.1623778324574232,51.498999146473665],[-0.16231765039265156,51.499033532896135],[-0.16240490600466728,51.49909051307171],[-0.16236341558396816,51.49911467222719],[-0.1623527705669403,51.499107419263936],[-0.1623543631285429,51.499106427851586],[-0.16235025599598885,51.49910371451247],[-0.16235117800533772,51.49910308835726],[-0.16235629096627235,51.499106427851586],[-0.16237841919064522,51.499093382950434],[-0.1623593084514141,51.499080859841825],[-0.16233718022704124,51.499093956926174],[-0.16234313137829304,51.49909781821725],[-0.16234212554991245,51.49909844437252],[-0.16233793459832668,51.499095731032924],[-0.16233625821769238,51.49909672244547],[-0.16232586465775967,51.499089991275525],[-0.16232754103839397,51.499088999862806],[-0.1623233500868082,51.49908628652264],[-0.1623243559151888,51.4990856603672],[-0.16232896596193314,51.49908873896473],[-0.16235101036727428,51.4990756418789],[-0.16233189962804317,51.49906317094505],[-0.16230985522270203,51.49907621585484],[-0.1623162254691124,51.499080390225174],[-0.1623152196407318,51.4990810163807],[-0.16231102868914604,51.49907830304005],[-0.16230935230851173,51.499079294453],[-0.16229895874857903,51.49907256328049],[-0.16230063512921333,51.499071571867375],[-0.16229644417762756,51.499068858526186],[-0.16229736618697643,51.49906833672978],[-0.16230197623372078,51.49907136314883],[-0.16232402063906193,51.49905831823767],[-0.16230490989983082,51.4990457951194],[-0.16228286549448967,51.49905889221381],[-0.16228915192186832,51.49906301440612],[-0.16228831373155117,51.49906358838223],[-0.1622841227799654,51.49906087504053],[-0.1622824463993311,51.49906186645387],[-0.16227766871452332,51.499058996573126],[-0.1622302271425724,51.499086964857696],[-0.16223601065576077,51.49909103486783],[-0.16223433427512646,51.49909202628052],[-0.16223768703639507,51.49909427000384],[-0.16223684884607792,51.49909473962032],[-0.1622307300567627,51.49909066961055],[-0.16220868565142155,51.49910376669206],[-0.16222779639065266,51.49911623761477],[-0.1622498407959938,51.49910319271646],[-0.16224372200667858,51.49909917488702],[-0.16224447637796402,51.49909870527057],[-0.16224791295826435,51.49910089681396],[-0.16224958933889866,51.49909985322188],[-0.1622629165649414,51.499108462855844],[-0.1622612401843071,51.49910945426811],[-0.16226459294557571,51.499111645810984],[-0.16226367093622684,51.4991122197865],[-0.16225730068981647,51.499108045419064],[-0.1622351724654436,51.49912109031601],[-0.16225428320467472,51.49913361341356],[-0.16227641142904758,51.49912051634061],[-0.1622704602777958,51.499116655051466],[-0.16227138228714466,51.499116133255626],[-0.162274818867445,51.49911832479816],[-0.1622764952480793,51.499117333386096],[-0.16228973865509033,51.499125943016736],[-0.16228806227445602,51.49912693442866],[-0.16229141503572464,51.49912912597068],[-0.16229040920734406,51.49912969994597],[-0.1622836198657751,51.49912526468225],[-0.16226157546043396,51.49913830957428],[-0.16228068619966507,51.499150832667084],[-0.16230273060500622,51.499137787778665],[-0.16229736618697643,51.49913423956835],[-0.16229837201535702,51.49913366559315],[-0.16230172477662563,51.49913585713486],[-0.16230340115725994,51.499134865723164],[-0.1623152196407318,51.49914279701625],[-0.16230767592787743,51.49914723227826],[-0.1623037364333868,51.49914457112112],[-0.16226786188781261,51.49916523421959],[-0.16222519800066948,51.49913674418744],[-0.1622073445469141,51.499154746132916],[-0.16210759989917278,51.499125786478004],[-0.16202694795440728,51.49923259794275],[-0.16202696599066257,51.49923259794275],[-0.1619977131485939,51.49927131508019],[-0.16207382082939148,51.49932229433361],[-0.1620630081743002,51.49932850367583],[-0.16197667457163334,51.49927168033602],[-0.1620940212160349,51.499119524928574],[-0.16209494322538376,51.4991182726186],[-0.16213685274124146,51.499130482639515],[-0.16214925795793533,51.49911394171295],[-0.16213576309382915,51.499110706578335],[-0.16212989576160908,51.49911853351651],[-0.16208798624575138,51.49910637567197],[-0.1620809454470873,51.49911571581893],[-0.16207960434257984,51.49911535056182],[-0.16208723187446594,51.499105175541246],[-0.16212922520935535,51.499117333386096],[-0.1621604897081852,51.49907527662148],[-0.16203886829316616,51.49904198600362],[-0.1621148083359003,51.4989393484754],[-0.16205010004341602,51.49892040720829],[-0.16205772757530212,51.4989096581661],[-0.16201808117330074,51.498899065660936],[-0.1620113756507635,51.49890882328896],[-0.1619568932801485,51.49889212574243],[-0.1619236171245575,51.498882368110856],[-0.16216518357396126,51.498546067713505],[-0.16217012889683247,51.498541997654684],[-0.16218136064708233,51.49853631000781],[-0.1621942687779665,51.49853359663473],[-0.1622078474611044,51.49853422279776]],[[-0.1623647566884756,51.4986052400657],[-0.16238839365541935,51.498611345145264],[-0.16238554380834103,51.49861583263916],[-0.1624077558517456,51.498622459518856],[-0.16240213997662067,51.49863018218056],[-0.16238403506577015,51.49862517288665],[-0.16237573698163033,51.49863618289655],[-0.16236509196460247,51.49863247810677],[-0.1623756531625986,51.498617919845486],[-0.16227884218096733,51.49859036871459],[-0.1621763315051794,51.498597204318685],[-0.16217004507780075,51.49859950024654],[-0.16216518357396126,51.49860179617431],[-0.1621605735272169,51.49860440518296],[-0.16215361654758453,51.498609831920504],[-0.16215059906244278,51.49861306709067],[-0.16224732622504234,51.49864067038797],[-0.16223257407546043,51.49865929869068],[-0.16225243918597698,51.498665403763056],[-0.16226652078330517,51.49864614930132],[-0.16232485882937908,51.49866279475788],[-0.16230876557528973,51.49868377115527],[-0.16232569701969624,51.498693528829364],[-0.1623440533876419,51.498668325848655],[-0.16236023046076298,51.49864442735719],[-0.1623680256307125,51.49864667110256],[-0.1623641699552536,51.49865199347488],[-0.16241437755525112,51.49866676044567],[-0.1624207478016615,51.498657524566966],[-0.16243315301835537,51.49863973114563],[-0.16241194680333138,51.49863315644859],[-0.16241739504039288,51.49862564250796],[-0.16243960708379745,51.49863179976495],[-0.16246634535491467,51.49859501275105],[-0.16243147663772106,51.498583950550994],[-0.16237473115324974,51.49858749880414],[-0.16237255185842514,51.49859141231832],[-0.1623725309033307,51.49859141231832],[-0.1623647566884756,51.4986052400657]],[[-0.1622503437101841,51.499008799720826],[-0.16231488436460495,51.49893846141896],[-0.1623439695686102,51.49894707108342],[-0.16239157877862453,51.498896143590116],[-0.16222352162003517,51.498846259637844],[-0.16220265068113804,51.49887203649865],[-0.1621834561228752,51.49886692287157],[-0.16205278225243092,51.499039690098016],[-0.16221614554524422,51.499082947026835],[-0.16222000122070312,51.49907924227338],[-0.16222000122070312,51.49907926211396],[-0.16228160820901394,51.49902038361475],[-0.16233659349381924,51.49895573292602],[-0.16231756657361984,51.49895020187009],[-0.16226107254624367,51.49901255665972],[-0.1622503437101841,51.499008799720826]],[[-0.16266725957393646,51.49868319717436],[-0.16266784630715847,51.4986880499217],[-0.1626194827258587,51.498690293664936],[-0.1626222487539053,51.49869895555631],[-0.16269215382635593,51.49869572039222],[-0.1626870408654213,51.49868690196001],[-0.16268075443804264,51.49868711068032],[-0.16268025152385235,51.498682623193474],[-0.16266725957393646,51.49868319717436]],[[-0.16282307915389538,51.49875150085006],[-0.16279960982501507,51.49873610774645],[-0.16278980299830437,51.49874174318839],[-0.1628133561462164,51.498757136290095],[-0.16282307915389538,51.49875150085006]]]}},{"type":"Feature","properties":{"level_id":-1,"building_id":"harrods","source_layer":"wall","geometry_tolerance_m":0.04},"geometry":{"type":"Polygon","coordinates":[[[-0.16356563195586205,51.49951655763954],[-0.16351223923265934,51.49948128453565],[-0.16353202052414417,51.49946928332545],[-0.16356135718524456,51.49948890269354],[-0.16355590894818306,51.49949208562214],[-0.16356714069843292,51.49949959941992],[-0.1635659672319889,51.49950027774881],[-0.16357879154384136,51.499508887307144],[-0.1635910291224718,51.499517131609934],[-0.16359329223632812,51.499515827131745],[-0.16359329223632812,51.499515828700964],[-0.16360217705368996,51.49951071357685],[-0.16361885704100132,51.49952193208935],[-0.163594800978899,51.49953586391263],[-0.16359329223632812,51.49953486531229],[-0.16359329223632812,51.49953487250963],[-0.16356563195586205,51.49951655763954]]]}},{"type":"Feature","properties":{"level_id":0,"building_id":"harrods","source_layer":"wall","geometry_tolerance_m":0.04},"geometry":{"type":"Polygon","coordinates":[[[-0.16314092092216015,51.49949746007485],[-0.16315089538693428,51.49949145947227],[-0.1633529830724001,51.4996218028183],[-0.16334300860762596,51.49962775122469],[-0.16314092092216015,51.49949746007485]]]}},{"type":"Feature","properties":{"level_id":0,"building_id":"harrods","source_layer":"wall","geometry_tolerance_m":0.04},"geometry":{"type":"Polygon","coordinates":[[[-0.16326053068041801,51.49946077811802],[-0.16330705024302006,51.499490520247434],[-0.1633105706423521,51.499482328119],[-0.16326849348843098,51.499455873273774],[-0.16327377408742905,51.499452585984244],[-0.16331308521330357,51.49947742327706],[-0.16331643797457218,51.499469178967075],[-0.16328207217156887,51.49944752460149],[-0.16328726895153522,51.499444289490555],[-0.1633541565388441,51.499486972064574],[-0.1633224729448557,51.49950648706678],[-0.1632555015385151,51.49946385669023],[-0.16326053068041801,51.49946077811802]]]}},{"type":"Feature","properties":{"level_id":0,"building_id":"harrods","source_layer":"wall","geometry_tolerance_m":0.04},"geometry":{"type":"Polygon","coordinates":[[[-0.16362447291612625,51.49952511501567],[-0.1636072900146246,51.49951426175787],[-0.16364341601729393,51.49949234651791],[-0.1636606827378273,51.49950304324349],[-0.16362447291612625,51.49952511501567]]]}},{"type":"Feature","properties":{"level_id":0,"building_id":"harrods","source_layer":"wall","geometry_tolerance_m":0.04},"geometry":{"type":"Polygon","coordinates":[[[-0.163323562592268,51.499684678478445],[-0.16334393061697483,51.49967225989019],[-0.1633601076900959,51.499682747857804],[-0.16333982348442078,51.49969521862212],[-0.163323562592268,51.499684678478445]]]}},{"type":"Feature","properties":{"level_id":0,"building_id":"harrods","source_layer":"wall","geometry_tolerance_m":0.04},"geometry":{"type":"Polygon","coordinates":[[[-0.16356236301362514,51.49952647167268],[-0.16357325948774815,51.4995199492827],[-0.16358365304768085,51.49952678474739],[-0.1636421587318182,51.49949156383056],[-0.16364341601729393,51.49949234651791],[-0.1636072900146246,51.49951426175787],[-0.16362447291612625,51.49952511501567],[-0.1636606827378273,51.49950304324349],[-0.16368599608540535,51.49948775475201],[-0.16369689255952835,51.49949469457985],[-0.1637063641101122,51.499500903898564],[-0.1636328548192978,51.49954452564333],[-0.1636258978396654,51.49954823035898],[-0.16359329223632812,51.49956732718443],[-0.16359329223632812,51.499567327902355],[-0.16333261504769325,51.499720003603784],[-0.16332540661096573,51.499714629177305],[-0.16332515515387058,51.49971447264062],[-0.1633165217936039,51.49970847206663],[-0.16333982348442078,51.49969521862212],[-0.1633601076900959,51.499682747857804],[-0.16334393061697483,51.49967225989019],[-0.163323562592268,51.499684678478445],[-0.16332171857357025,51.4996834783629],[-0.1633763685822487,51.499649301146746],[-0.16336748376488686,51.49964356145904],[-0.163377458229661,51.499637560875726],[-0.16337846405804157,51.49963787394964],[-0.1633781287819147,51.49963797830759],[-0.1634150929749012,51.49966182409912],[-0.16359329223632812,51.499555796326575],[-0.16359329223632812,51.499555797357374],[-0.1636008359491825,51.49955130892522],[-0.16359329223632812,51.499546438875704],[-0.16359329223632812,51.499546456269826],[-0.16356236301362514,51.49952647167268]]]}},{"type":"Feature","properties":{"level_id":0,"building_id":"harrods","source_layer":"wall","geometry_tolerance_m":0.04},"geometry":{"type":"Polygon","coordinates":[[[-0.16333487816154957,51.499379795940996],[-0.16334669664502144,51.49937384750223],[-0.16345909796655178,51.49944632447972],[-0.16345906490629616,51.49944632447972],[-0.16354870051145554,51.499504139005495],[-0.16353788785636425,51.49951066139775],[-0.16343809853481217,51.49944632447972],[-0.16343805938959122,51.49944632447972],[-0.16333580017089844,51.499380369913126],[-0.16333487816154957,51.499379795940996]]]}},{"type":"Feature","properties":{"level_id":0,"building_id":"harrods","source_layer":"wall","geometry_tolerance_m":0.04},"geometry":{"type":"Polygon","coordinates":[[[-0.16354425810277462,51.49925508728131],[-0.16359329223632812,51.49928670800304],[-0.16359329223632812,51.499286713682345],[-0.16374634578824043,51.49938543130335],[-0.16373544931411743,51.499391953712575],[-0.16359329223632812,51.499300300899044],[-0.16359329223632812,51.49930032682198],[-0.16353336162865162,51.499261661888625],[-0.16354425810277462,51.49925508728131]]]}},{"type":"Feature","properties":{"level_id":0,"building_id":"harrods","source_layer":"wall","geometry_tolerance_m":0.04},"geometry":{"type":"Polygon","coordinates":[[[-0.1637543085962534,51.49942456574482],[-0.163778280839324,51.49943260134597],[-0.16373494639992714,51.499458795308726],[-0.1637172605842352,51.499446689734185],[-0.16371787222581485,51.49944632447972],[-0.1637178473174572,51.49944632447972],[-0.1637543085962534,51.49942456574482]]]}},{"type":"Feature","properties":{"level_id":0,"building_id":"harrods","source_layer":"wall","geometry_tolerance_m":0.04},"geometry":{"type":"Polygon","coordinates":[[[-0.16324996948242188,51.4997684523023],[-0.1628771424293518,51.49998684568979],[-0.16287026926875114,51.499988724118964],[-0.16284956596791744,51.49999185483409],[-0.1628363225609064,51.4999918026555],[-0.16282240860164165,51.49999013294078],[-0.16280916519463062,51.49998689786838],[-0.16278971917927265,51.49997881018638],[-0.16278871335089207,51.49997828840037],[-0.1627992745488882,51.49997150518203],[-0.16280061565339565,51.49997223568249],[-0.162805812433362,51.49997515768436],[-0.162816708907485,51.49997938415092],[-0.1628210674971342,51.49998058425865],[-0.16283607110381126,51.49998293229544],[-0.16284202225506306,51.49998329754558],[-0.16286205500364304,51.49998188872354],[-0.16287085600197315,51.49997985375833],[-0.1630056370049715,51.499902420654394],[-0.16296280547976494,51.49987481812124],[-0.16297361813485622,51.49986824360238],[-0.1630165334790945,51.49989521999518],[-0.1632049586623907,51.4997848619237],[-0.16316036693751812,51.49975605920574],[-0.16317034140229225,51.499750058637204],[-0.1631711795926094,51.49975063260467],[-0.16318869777023792,51.49976195541578],[-0.16323965974152088,51.499731065528124],[-0.16324167139828205,51.4997323178213],[-0.16321836970746517,51.499746614832304],[-0.16323605552315712,51.49975778110786],[-0.16325944103300571,51.49974327538487],[-0.16329162754118443,51.499724438809636],[-0.1632991712540388,51.49972934362498],[-0.16330746933817863,51.4997347702286],[-0.16324996948242188,51.49976847777114],[-0.16324996948242188,51.4997684523023]]]}},{"type":"Feature","properties":{"level_id":0,"building_id":"harrods","source_layer":"wall","geometry_tolerance_m":0.04},"geometry":{"type":"Polygon","coordinates":[[[-0.16373000107705593,51.49914347535048],[-0.16374089755117893,51.49913695290567],[-0.16388924631700139,51.49923259794275],[-0.16388925723731518,51.49923259794275],[-0.16394298523664474,51.499267245086145],[-0.16393208876252174,51.499273767512335],[-0.16386821866035461,51.49923259794275],[-0.16386823332478512,51.49923259794275],[-0.16373000107705593,51.49914347535048]]]}},{"type":"Feature","properties":{"level_id":0,"building_id":"harrods","source_layer":"wall","geometry_tolerance_m":0.04},"geometry":{"type":"Polygon","coordinates":[[[-0.16371482983231544,51.4994450721787],[-0.16376839019358158,51.49941324284984],[-0.16375992447137833,51.49940776402872],[-0.16377082094550133,51.49940124162174],[-0.16381105408072472,51.49942717470637],[-0.1639977190643549,51.49931608499054],[-0.16395656391978264,51.49928957786946],[-0.16396746039390564,51.499283055445545],[-0.16400945372879505,51.49931013654344],[-0.16422243788838387,51.49918438410299],[-0.1642281375825405,51.49917979230608],[-0.16423115506768227,51.49917676589422],[-0.16423995606601238,51.49915589408283],[-0.16423962078988552,51.499150832667084],[-0.16423827968537807,51.49914582343041],[-0.16423593275249004,51.499141022911346],[-0.16423266381025314,51.49913648328962],[-0.16423040069639683,51.49913403085009],[-0.16422394663095474,51.49912891725239],[-0.1642143912613392,51.49912416891115],[-0.16422218643128872,51.49911623761477],[-0.16423475928604603,51.49912239480551],[-0.16423978842794895,51.499125995196295],[-0.16424724832177162,51.49913335251574],[-0.1642515230923891,51.49914076201355],[-0.16425278037786484,51.49914462330065],[-0.16425294801592827,51.49916252088397],[-0.16425177454948425,51.49916580819442],[-0.16423928551375866,51.49918360141038],[-0.16423559747636318,51.499186993078325],[-0.16415871342072738,51.49923259794275],[-0.16415873542428017,51.49923259794275],[-0.163724971935153,51.499489894097536],[-0.16370510682463646,51.49947742327706],[-0.16373494639992714,51.499458795308726],[-0.16375557773352376,51.49944632447972],[-0.16375556588172913,51.49944632447972],[-0.163778280839324,51.49943260134597],[-0.1637543085962534,51.49942456574482],[-0.1637172605842352,51.499446689734185],[-0.16371671170476806,51.49944632447972],[-0.16371667385101318,51.49944632447972],[-0.16371482983231544,51.4994450721787]]]}},{"type":"Feature","properties":{"level_id":0,"building_id":"harrods","source_layer":"wall","geometry_tolerance_m":0.04},"geometry":{"type":"Polygon","coordinates":[[[-0.16328249126672745,51.49934483580722],[-0.16324996948242188,51.49932385971408],[-0.16324996948242188,51.49932385331494],[-0.163238737732172,51.499316606784106],[-0.16324871219694614,51.499310658337095],[-0.16329246573150158,51.499338835184545],[-0.16337670385837555,51.49928822120535],[-0.16338718123733997,51.49929495234602],[-0.163302943110466,51.499345618497074],[-0.16332129947841167,51.4993574632019],[-0.16331132501363754,51.499363463822135],[-0.16329296864569187,51.49935161911884],[-0.16324996948242188,51.499377447873144],[-0.16324996948242188,51.499377445506404],[-0.16320956870913506,51.499401711235066],[-0.16319909133017063,51.499394927930894],[-0.16324996948242188,51.49936436921826],[-0.16324996948242188,51.49936435087028],[-0.16328249126672745,51.49934483580722]]]}},{"type":"Feature","properties":{"level_id":0,"building_id":"harrods","source_layer":"wall","geometry_tolerance_m":0.04},"geometry":{"type":"Polygon","coordinates":[[[-0.16348005272448063,51.49922612769015],[-0.1632026955485344,51.49904725615005],[-0.16312474384903908,51.49909411346499],[-0.16311518847942352,51.49908790409083],[-0.16321937553584576,51.49902528850586],[-0.1629184652119875,51.498832379783664],[-0.1629288587719202,51.49882627473369],[-0.16293254680931568,51.4988239266373],[-0.1629381626844406,51.49882737051195],[-0.16296138055622578,51.498812394873426],[-0.1629331335425377,51.49879538421186],[-0.1629098318517208,51.49881041203591],[-0.16291645355522633,51.49881448207071],[-0.16291335225105286,51.49881625618835],[-0.16290295869112015,51.49882236123969],[-0.16288837417960167,51.49881291667276],[-0.16288929618895054,51.498812394873426],[-0.16289935447275639,51.49880644636059],[-0.1629315409809351,51.4987871397785],[-0.16293799504637718,51.49879089673567],[-0.16297068446874619,51.49881020331614],[-0.1629374921321869,51.498831075285864],[-0.1630998495966196,51.498935800249654],[-0.16314377076923847,51.49889635230949],[-0.16315600834786892,51.49890423146428],[-0.16311208717525005,51.49894367939763],[-0.16343931667506695,51.49915469395336],[-0.16349907964468002,51.49911874223483],[-0.1635087188333273,51.49912495160481],[-0.16342263668775558,51.49917671371469],[-0.16351886093616486,51.499238755117744],[-0.16350796446204185,51.499245277548],[-0.16348960809409618,51.49923343281401],[-0.16340620815753937,51.49928352506009],[-0.16339573077857494,51.499276793917744],[-0.16348005272448063,51.49922612769015]]]}},{"type":"Feature","properties":{"level_id":0,"building_id":"harrods","source_layer":"wall","geometry_tolerance_m":0.04},"geometry":{"type":"Polygon","coordinates":[[[-0.16324996948242188,51.49974915046264],[-0.16323605552315712,51.49975778110786],[-0.16321836970746517,51.499746614832304],[-0.16324167139828205,51.4997323178213],[-0.16324996948242188,51.49973743479674],[-0.16324996948242188,51.499737431351264],[-0.16325944103300571,51.49974327538487],[-0.16324996948242188,51.49974917159656],[-0.16324996948242188,51.49974915046264]]]}},{"type":"Feature","properties":{"level_id":2,"building_id":"harrods","source_layer":"wall","geometry_tolerance_m":0.04},"geometry":{"type":"Polygon","coordinates":[[[-0.16320479102432728,51.49939978060246],[-0.16327821649610996,51.49935506295361],[-0.16324996948242188,51.49933763505993],[-0.16324996948242188,51.49933761309614],[-0.16324535943567753,51.49933476519655],[-0.16317293979227543,51.49937812620388],[-0.16316145658493042,51.499370716744664],[-0.16324393451213837,51.4993211463879],[-0.1631319522857666,51.49924893010851],[-0.16313111409544945,51.49924835613473],[-0.16314108856022358,51.49924235549935],[-0.16324996948242188,51.4993126149409],[-0.16324996948242188,51.49931258897348],[-0.16329238191246986,51.49933998312983],[-0.16337838023900986,51.499288273384735],[-0.1633890252560377,51.49929500452541],[-0.16338810324668884,51.49929552631923],[-0.1633028592914343,51.499346714262884],[-0.1634542364627123,51.49944434166977],[-0.1634509675204754,51.49944632447972],[-0.16345094055246143,51.49944632447972],[-0.16344426199793816,51.49945034227855],[-0.16329288482666016,51.49935271488448],[-0.16320956870913506,51.499402806999484],[-0.16320479102432728,51.49939978060246]]]}},{"type":"Feature","properties":{"level_id":2,"building_id":"harrods","source_layer":"wall","geometry_tolerance_m":0.04},"geometry":{"type":"Polygon","coordinates":[[[-0.16324996948242188,51.49975526053599],[-0.1632201299071312,51.499772547720426],[-0.16318626701831818,51.499750789141245],[-0.16322976909577847,51.49972522149298],[-0.1632420066744089,51.499733204862224],[-0.16326069831848145,51.499745414718404],[-0.16326363198459148,51.499747345336374],[-0.16324996948242188,51.49975527652293],[-0.16324996948242188,51.49975526053599]]]}},{"type":"Feature","properties":{"level_id":2,"building_id":"harrods","source_layer":"wall","geometry_tolerance_m":0.04},"geometry":{"type":"Polygon","coordinates":[[[-0.1637657918035984,51.49944632447972],[-0.16376577932135783,51.49944632447972],[-0.16377358697354794,51.49945149022102],[-0.16373008489608765,51.49947705802285],[-0.16372555866837502,51.49947413598909],[-0.16370762139558792,51.4994625522105],[-0.16369622200727463,51.499455142765015],[-0.1637402269989252,51.4994294184132],[-0.1637657918035984,51.49944632447972]]]}},{"type":"Feature","properties":{"level_id":2,"building_id":"harrods","source_layer":"wall","geometry_tolerance_m":0.04},"geometry":{"type":"Polygon","coordinates":[[[-0.16280639916658401,51.49855175535913],[-0.1628378313034773,51.49855415564977],[-0.1628858596086502,51.49856010419555],[-0.16290279105305672,51.49856276538682],[-0.1629375759512186,51.49856913137313],[-0.16300924122333527,51.498585463776664],[-0.16302893869578838,51.49859052525514],[-0.16303220763802528,51.49859141231832],[-0.16303219053710838,51.49859141231832],[-0.16310487873852253,51.49861124078495],[-0.1631569303572178,51.49862715573221],[-0.16324996948242188,51.49866094235552],[-0.16324996948242188,51.49866091627405],[-0.163313839584589,51.49868413641585],[-0.16348667442798615,51.49875781463004],[-0.16423635184764862,51.49912312531961],[-0.164242722094059,51.499127925840526],[-0.16425345093011856,51.49913956188368],[-0.16425663605332375,51.49914597996903],[-0.1642569713294506,51.49916429498805],[-0.1642558816820383,51.499167582298384],[-0.16424297355115414,51.49918490589809],[-0.16423869878053665,51.49918861064293],[-0.16422998160123825,51.49919513308035],[-0.16387663962082155,51.499403538097404],[-0.16357075095621587,51.499583963786854],[-0.16323530115187168,51.499781835552],[-0.16323446296155453,51.49978131376375],[-0.16289373859763145,51.49998267140248],[-0.16288535669445992,51.49998637608249],[-0.16286867670714855,51.49999190701266],[-0.16286037862300873,51.49999357672729],[-0.16283556818962097,51.499994620298935],[-0.16281704418361187,51.49999154176257],[-0.16280732117593288,51.499988932833304],[-0.162784019485116,51.49997938415092],[-0.16277538612484932,51.499974844612694],[-0.16187667846679688,51.49944987266571],[-0.16187667846679688,51.49944986877722],[-0.16174491494894028,51.49937290827498],[-0.16170736402273178,51.49935271488448],[-0.1616981439292431,51.49934723605608],[-0.16167945228517056,51.499333721609815],[-0.16167199239134789,51.49932610342603],[-0.16166428104043007,51.4993097712879],[-0.1616638619452715,51.499305805656036],[-0.16166419722139835,51.49930121387135],[-0.1616649515926838,51.49929750913563],[-0.16170929186046124,51.49923259794275],[-0.1617093286705166,51.49923259794275],[-0.16213098540902138,51.49861583263916],[-0.16214070841670036,51.49860461390364],[-0.16215655021369457,51.498592351561655],[-0.1621620822697878,51.49858953383156],[-0.16233977861702442,51.49857283616802],[-0.16273565590381622,51.498552172801],[-0.16280639916658401,51.49855175535913]],[[-0.16200433485209942,51.49950987871071],[-0.16209997236728668,51.49945274252184],[-0.16211925074458122,51.499465161169894],[-0.162146408110857,51.49944882908164],[-0.16205806285142899,51.499391849354055],[-0.162068959325552,51.4993852747655],[-0.16216359101235867,51.49944632447972],[-0.16216357674810297,51.49944632447972],[-0.16216778196394444,51.499449037798456],[-0.16211883164942265,51.499478466860495],[-0.16209871508181095,51.49946547424503],[-0.16202285885810852,51.49950956563589],[-0.16206183470785618,51.49953445507677],[-0.16218530014157295,51.49946030850532],[-0.1621986273676157,51.49946886589197],[-0.16217205673456192,51.49948415438979],[-0.16220726072788239,51.499507426291274],[-0.1621272973716259,51.49955532671481],[-0.1621212624013424,51.49955141328343],[-0.16215847805142403,51.49952928934488],[-0.1621485874056816,51.49952287131353],[-0.16211137175559998,51.49954504743428],[-0.16210634261369705,51.49954181233028],[-0.16214389353990555,51.499519844924436],[-0.16213308088481426,51.49951269638393],[-0.16209544613957405,51.499534820330524],[-0.16209100373089314,51.499531950479565],[-0.16206543892621994,51.49954770856803],[-0.16218043863773346,51.49961334981836],[-0.162199130281806,51.49960202697031],[-0.16219544224441051,51.49959962673492],[-0.16222000122070312,51.49958522531966],[-0.16222000122070312,51.499585225551414],[-0.162232993170619,51.49957760717788],[-0.16222276724874973,51.499570980437085],[-0.16218530014157295,51.49959289563924],[-0.1621806900948286,51.49958981707573],[-0.16221740283071995,51.499567693155825],[-0.16220767982304096,51.499561275129906],[-0.16217071563005447,51.49958319033672],[-0.1621653512120247,51.49957969434013],[-0.16222000122070312,51.499547291135286],[-0.16222000122070312,51.49954730714311],[-0.16224564984440804,51.499532107016904],[-0.1622802671045065,51.4995547527449],[-0.16230775974690914,51.49953821197232],[-0.16231823712587357,51.49954499525518],[-0.16222000122070312,51.49960487848054],[-0.16222000122070312,51.49960489681686],[-0.1621931791305542,51.499621228849236],[-0.16222000122070312,51.49963698690681],[-0.16222000122070312,51.49963700988054],[-0.16247271560132504,51.49978569678481],[-0.16258511692285538,51.499717029406696],[-0.1625955943018198,51.49972381266295],[-0.16254865564405918,51.499751989254975],[-0.16260900534689426,51.49979107120288],[-0.16258427873253822,51.49980573344706],[-0.16252426430583,51.49976665151175],[-0.16248411498963833,51.49979081030884],[-0.16257078386843204,51.4998389713283],[-0.1626189798116684,51.499810012108156],[-0.16262861900031567,51.49981622138395],[-0.162578746676445,51.49984617199638],[-0.16278661787509918,51.49996780050077],[-0.16279625706374645,51.49997307054019],[-0.16281796619296074,51.499981836544976],[-0.16282416880130768,51.499983349724175],[-0.16284847632050514,51.49998522815349],[-0.16285493038594723,51.49998475854616],[-0.16288074664771557,51.49997823622178],[-0.1628885418176651,51.499974844612694],[-0.16303002834320068,51.49989104569946],[-0.162988118827343,51.49986406930418],[-0.16298233531415462,51.49986302572958],[-0.1629609614610672,51.49987591387429],[-0.16287085600197315,51.49981778674743],[-0.16288083046674728,51.49981178618705],[-0.16295853070914745,51.49986192997622],[-0.16298174858093262,51.49984799825262],[-0.1630405057221651,51.49988588000798],[-0.16320646740496159,51.49978611421534],[-0.1630693394690752,51.499698505894145],[-0.16307931393384933,51.49969250531802],[-0.16317319124937057,51.49975308501101],[-0.1632414199411869,51.49971301163137],[-0.16324996948242188,51.49971849597774],[-0.16324996948242188,51.49971849041583],[-0.16325793229043484,51.49972360394739],[-0.16324996948242188,51.49972840440506],[-0.16324996948242188,51.499728404404806],[-0.1632420066744089,51.499733204862224],[-0.16322976909577847,51.49972522149298],[-0.16318626701831818,51.499750789141245],[-0.1632201299071312,51.499772547720426],[-0.16326363198459148,51.499747345336374],[-0.16326069831848145,51.499745414718404],[-0.16327670775353909,51.4997356572695],[-0.16328400000929832,51.49974035336817],[-0.1634041965007782,51.49966949440582],[-0.16326597891747952,51.4995803204888],[-0.16326690092682838,51.49957979869825],[-0.16326597891747952,51.49957922472865],[-0.16327687539160252,51.4995727023462],[-0.16341174021363258,51.499659632582706],[-0.16341601498425007,51.499661719741226],[-0.16341961920261383,51.499659997835465],[-0.16360259614884853,51.49955240468606],[-0.16346178017556667,51.49946161298507],[-0.16347351484000683,51.499454516614634],[-0.16360913403332233,51.499543064628625],[-0.16361340880393982,51.49954515179246],[-0.16361835412681103,51.499542803733135],[-0.16371382400393486,51.49948660681048],[-0.1637096330523491,51.4994838413148],[-0.16372555866837502,51.49947413598909],[-0.16373008489608765,51.49947705802285],[-0.16377358697354794,51.49945149022102],[-0.1637402269989252,51.4994294184132],[-0.1637113094329834,51.49944632447972],[-0.16371130687991067,51.49944632447972],[-0.16369622200727463,51.499455142765015],[-0.16370762139558792,51.4994625522105],[-0.16369136050343513,51.4994717879261],[-0.16367778182029724,51.499462865285636],[-0.16370563682360312,51.49944632447972],[-0.16370560973882675,51.49944632447972],[-0.16376503743231297,51.49941105132146],[-0.16365934163331985,51.4993429051722],[-0.16367107629776,51.49933690454927],[-0.16381281428039074,51.49942832264941],[-0.16399403102695942,51.49932046805634],[-0.16386285424232483,51.49923259794275],[-0.16386285457883631,51.49923259794275],[-0.163855142891407,51.49922743217664],[-0.16386603936553001,51.49922085756438],[-0.1638836989100768,51.49923259794275],[-0.16388372518122196,51.49923259794275],[-0.16400668770074844,51.49931436307173],[-0.16414389945566654,51.49923259794275],[-0.16414392312281514,51.49923259794275],[-0.1641453243792057,51.49923176307149],[-0.16400006599724293,51.499138100856015],[-0.16401096247136593,51.49913157841047],[-0.16415705904364586,51.49922466666527],[-0.16421698965132236,51.499188715001935],[-0.1642263773828745,51.49918266217918],[-0.16423232853412628,51.4991779660231],[-0.16424263827502728,51.4991540156193],[-0.16424188390374184,51.4991482236897],[-0.16424096189439297,51.49914535381441],[-0.1642351783812046,51.4991358049553],[-0.1642345916479826,51.49913643111003],[-0.1642314065247774,51.49913366559315],[-0.16422411426901817,51.49912849981581],[-0.16403594054281712,51.49903478520844],[-0.16393359750509262,51.49909630500861],[-0.16398170962929726,51.49912735186521],[-0.16397081315517426,51.49913387431138],[-0.16386235132813454,51.499063953639734],[-0.16387324780225754,51.499057379003915],[-0.1639231201261282,51.4990895738386],[-0.16399696469306946,51.49904511678375],[-0.16394558362662792,51.49901412205082],[-0.16388313844799995,51.49898427525105],[-0.1638719066977501,51.49899418939998],[-0.16378230415284634,51.49895515894852],[-0.16377585008740425,51.4989607943634],[-0.1638686377555132,51.49900227725675],[-0.1638638600707054,51.499006086375886],[-0.16377132385969162,51.49896481220503],[-0.1637646183371544,51.49897070851745],[-0.16385816037654877,51.49901172178443],[-0.16385304741561413,51.49901573962157],[-0.16376017592847347,51.49897467417844],[-0.1637532189488411,51.49898083138828],[-0.16384676098823547,51.499021427208646],[-0.16384173184633255,51.49902554940431],[-0.1637488603591919,51.498984692688964],[-0.16374215483665466,51.49899058899882],[-0.16383091919124126,51.49902935852148],[-0.16385581344366074,51.49904605601776],[-0.16384433023631573,51.49905283937383],[-0.16372907906770706,51.499001442381285],[-0.1636454276740551,51.4990514827027],[-0.16363268718123436,51.499043029597004],[-0.16364559531211853,51.49903546354426],[-0.16364752314984798,51.49903661149719],[-0.1636660471558571,51.4990237752948],[-0.16364333219826221,51.49901067819033],[-0.1636248081922531,51.49902424491205],[-0.16362891532480717,51.49902659299809],[-0.1636149175465107,51.499036194059784],[-0.16359329223632812,51.49902361193223],[-0.16359329223632812,51.49902361875576],[-0.1635931245982647,51.499023514396356],[-0.16359329223632812,51.499023357857254],[-0.16359329223632812,51.499023365049524],[-0.16365515068173409,51.49896825606899],[-0.1637864112854004,51.498914510889364],[-0.16371114179491997,51.49887699358561],[-0.16370460391044617,51.498873967153656],[-0.16361701302230358,51.49894561004956],[-0.16361340880393982,51.49895088020719],[-0.16359329223632812,51.49894179549588],[-0.16359329223632812,51.498941800925394],[-0.1635844074189663,51.498937783081715],[-0.16358507797122002,51.4989372612838],[-0.16358415596187115,51.4989367916657],[-0.1635926216840744,51.498931782405464],[-0.16359329223632812,51.498932095484236],[-0.16359329223632812,51.49893210735747],[-0.16360661946237087,51.49893856577856],[-0.16368800774216652,51.49886681851183],[-0.1636220421642065,51.49883451915994],[-0.16359329223632812,51.498860084716895],[-0.16359329223632812,51.49886008730792],[-0.16353889368474483,51.4989084580302],[-0.16355297528207302,51.49891524140679],[-0.16354450955986977,51.498920355028446],[-0.16353034414350986,51.498914510889364],[-0.1635098084807396,51.49890511852135],[-0.16351601108908653,51.498898230783595],[-0.16353009268641472,51.49890501416169],[-0.16361097805202007,51.49883112746579],[-0.16354828141629696,51.49879820192922],[-0.16346152871847153,51.49887433241267],[-0.16347644850611687,51.49888168977276],[-0.1634684856981039,51.498887533916076],[-0.16342791728675365,51.4988694275053],[-0.16343596391379833,51.49886353117978],[-0.1634526439011097,51.4988708885416],[-0.16353948041796684,51.49879475805241],[-0.16347351484000683,51.49876423276913],[-0.1634695753455162,51.498765172008945],[-0.1633840799331665,51.49884130254753],[-0.16339631751179695,51.49884699015635],[-0.16338818706572056,51.4988529908438],[-0.16334854066371918,51.49883535403848],[-0.16335767693817616,51.49882883154959],[-0.16337519511580467,51.498837910853865],[-0.16346387565135956,51.49875953656988],[-0.16336362808942795,51.498714087772214],[-0.16327494755387306,51.49879350573349],[-0.1633137557655573,51.49881229051357],[-0.16330990009009838,51.49881823902561],[-0.1632104068994522,51.49877545146535],[-0.16327008605003357,51.49872144515817],[-0.1632757019251585,51.49872368889973],[-0.1632451917976141,51.49875030070996],[-0.16324996948242188,51.498752342739365],[-0.16324996948242188,51.49875233573013],[-0.16325080767273903,51.49875270099014],[-0.16324996948242188,51.49875337933017],[-0.16324996948242188,51.498753355247025],[-0.16323991119861603,51.498761206329675],[-0.16326572746038437,51.498756092690144],[-0.16328265890479088,51.49874054304803],[-0.16329330392181873,51.49874591758936],[-0.1632762048393488,51.49876099760971],[-0.1632822398096323,51.498780095483],[-0.16333353705704212,51.49873208988464],[-0.1632844191044569,51.49870965246808],[-0.16330151818692684,51.498691076366015],[-0.16328098252415657,51.4986822579329],[-0.16324996948242188,51.498671561014675],[-0.16324996948242188,51.49867154203942],[-0.1631553377956152,51.49863884408336],[-0.1630769670009613,51.49870761744606],[-0.16308660618960857,51.49871273109099],[-0.16307721845805645,51.498716644594424],[-0.1630654837936163,51.49871200057032],[-0.16301946714520454,51.498692015607304],[-0.16302801668643951,51.498686954140084],[-0.1630681660026312,51.49870417356237],[-0.16314578242599964,51.498634617492456],[-0.16304335556924343,51.49860357030022],[-0.16298032365739346,51.498662012056286],[-0.1629854366183281,51.49866780404767],[-0.16297772526741028,51.49867469182027],[-0.16293791122734547,51.49865710712609],[-0.16294495202600956,51.49864959318941],[-0.162966912612319,51.498660394473006],[-0.16297529451549053,51.49865350669822],[-0.1630290225148201,51.49860471826398],[-0.16302969306707382,51.49860283977779],[-0.1630290225148201,51.49860111783201],[-0.16296188347041607,51.49858384619063],[-0.16285618767142296,51.49856631364159],[-0.1628390047699213,51.49856422643293],[-0.1628215704113245,51.498562504485704],[-0.16273322515189648,51.498562504485704],[-0.16273674555122852,51.49859141231832],[-0.16273672820039342,51.49859141231832],[-0.162740433588624,51.49862198989749],[-0.16274127177894115,51.498622459518856],[-0.16285602003335953,51.498611710406436],[-0.16285828314721584,51.49861218002789],[-0.1628798246383667,51.498622250798235],[-0.1628716103732586,51.498628303695426],[-0.1628525834530592,51.49862047667307],[-0.1628454588353634,51.498620163592136],[-0.1628363225609064,51.49862089411428],[-0.16272978857159615,51.49863383479038],[-0.16272869892418385,51.498633365169155],[-0.16272119474415114,51.49859141231832],[-0.16272115521132946,51.49859141231832],[-0.1627158746123314,51.49856166960217],[-0.1623570453375578,51.498583115667856],[-0.16235570423305035,51.49865575044316],[-0.16233114525675774,51.49865590698349],[-0.16232888214290142,51.4985841070916],[-0.16232293099164963,51.49858353310944],[-0.16223818995058537,51.49859141231832],[-0.1622381739345496,51.49859141231832],[-0.1621730625629425,51.498597465219575],[-0.16216912306845188,51.498599030624945],[-0.16216149553656578,51.49860273541745],[-0.16213576309382915,51.49862903421743],[-0.16222000122070312,51.498652723996486],[-0.16222000122070312,51.49865273655199],[-0.162275405600667,51.498668325848655],[-0.16228286549448967,51.498657315846515],[-0.1622868049889803,51.49866185551599],[-0.1622901577502489,51.498668638929274],[-0.1622906606644392,51.4986721871758],[-0.16228152438998222,51.498688519542384],[-0.16226962208747864,51.49868486693697],[-0.1622694544494152,51.49867881404728],[-0.1621332485228777,51.4986402007668],[-0.16205781139433384,51.49874022996792],[-0.1622018963098526,51.498780095483],[-0.16222000122070312,51.49875515345016],[-0.16222000122070312,51.49875516236332],[-0.16225285828113556,51.498709913368344],[-0.162265095859766,51.49871247019078],[-0.16222000122070312,51.498775425991795],[-0.16222000122070312,51.49877545146535],[-0.16220290213823318,51.49879929770816],[-0.16219167038798332,51.49879491459228],[-0.16219720244407654,51.49878943569681],[-0.16205177642405033,51.498751292130066],[-0.16199469566345215,51.498829353348725],[-0.16213961876928806,51.498869792764395],[-0.16217448748648167,51.498821056741605],[-0.16218731179833412,51.49882199598022],[-0.16213098540902138,51.498903970565124],[-0.16208672896027565,51.49896355989077],[-0.16205957159399986,51.498955993824836],[-0.16206661239266396,51.49894748852165],[-0.16209536232054234,51.498907675332816],[-0.16198757104575634,51.498878611161246],[-0.16195924021303654,51.49891795475713],[-0.16194188967347145,51.49891357165265],[-0.16191473230719566,51.49895281085881],[-0.16202788800001144,51.49898437961056],[-0.162037443369627,51.498971021595935],[-0.16207457520067692,51.49898104010725],[-0.16201556660234928,51.499067501855535],[-0.16200324520468712,51.49906405799902],[-0.16200844198465347,51.499056387590485],[-0.16197357326745987,51.49904709961106],[-0.1620129682123661,51.49899126733527],[-0.16200006008148193,51.4989876147541],[-0.16195999458432198,51.499043029597004],[-0.1619536243379116,51.499041151128864],[-0.16199352219700813,51.498985788463415],[-0.16197952441871166,51.49898182280336],[-0.16193929128348827,51.49903770727039],[-0.16193266957998276,51.49903582880202],[-0.16197248362004757,51.49897989215296],[-0.1619590725749731,51.498976083031636],[-0.16191917471587658,51.49903196750569],[-0.16191238537430763,51.499030193396464],[-0.16195236705243587,51.49897420456071],[-0.1619389560073614,51.49897039543893],[-0.16189872287213802,51.49902659299809],[-0.16187667846679688,51.499020748872596],[-0.16187667846679688,51.49902074313688],[-0.16186745837330818,51.49901829642687],[-0.16184784471988678,51.49904626473642],[-0.1620015688240528,51.499088999862806],[-0.1619775127619505,51.49912088159769],[-0.16196602955460548,51.499116863769814],[-0.16198363155126572,51.49909322641162],[-0.16187667846679688,51.49906317094505],[-0.16187667846679688,51.49906315489641],[-0.1618440728634596,51.499053987326334],[-0.16177534125745296,51.499151928437556],[-0.16187667846679688,51.499180173765026],[-0.16187667846679688,51.49918015756265],[-0.16191406175494194,51.49919059346399],[-0.1619361899793148,51.49915970318909],[-0.16194507479667664,51.49914973689661],[-0.16195697709918022,51.49915166753982],[-0.16191590577363968,51.499209117183],[-0.16191565431654453,51.49920906500353],[-0.16191531904041767,51.49920948243937],[-0.16190391965210438,51.49920546461928],[-0.16190417110919952,51.49919878564489],[-0.16176871955394745,51.49916314703836],[-0.16172443396901168,51.49923259794275],[-0.16172446310520172,51.49923259794275],[-0.1616791170090437,51.49930366630187],[-0.16168272122740746,51.499319007034444],[-0.1616861578077078,51.49932412061082],[-0.161712896078825,51.499343844400045],[-0.16174022108316422,51.49935808935365],[-0.16175145283341408,51.499364611766794],[-0.1618871558457613,51.49928310762496],[-0.161863686516881,51.49926807995675],[-0.16186335124075413,51.499254095872175],[-0.16187667846679688,51.499240638506905],[-0.16187667846679688,51.499240633577756],[-0.16188464127480984,51.49923259794275],[-0.1618846580383142,51.49923259794275],[-0.16188807785511017,51.49922915409874],[-0.16189947724342346,51.49923311973728],[-0.16187810339033604,51.49925555689612],[-0.1618801150470972,51.49926881046852],[-0.16192898154258728,51.49929500452541],[-0.16191992908716202,51.499300483360116],[-0.16190065070986748,51.499288064667184],[-0.16176201403141022,51.499371395075485],[-0.1620026584714651,51.49951008742724],[-0.16200433485209942,51.49950987871071]]]}},{"type":"Feature","properties":{"level_id":2,"building_id":"harrods","source_layer":"wall","geometry_tolerance_m":0.04},"geometry":{"type":"Polygon","coordinates":[[[-0.16340713016688824,51.499284099033446],[-0.1633965689688921,51.49927731571174],[-0.16348089091479778,51.49922670166421],[-0.16333077102899551,51.49912985648467],[-0.1633769553154707,51.49910214912441],[-0.16342473216354847,51.49913288289966],[-0.16346496529877186,51.49910872375381],[-0.16350083984434605,51.49913183930829],[-0.1634243968874216,51.499177809484536],[-0.16350937063998744,51.49923259794275],[-0.16350938938558102,51.49923259794275],[-0.16359329223632812,51.49928670800304],[-0.16359329223632812,51.49928672329843],[-0.16365271992981434,51.499325059839066],[-0.1636427454650402,51.49933106046356],[-0.16359329223632812,51.49929916660241],[-0.16359329223632812,51.49929917887573],[-0.1634913682937622,51.49923343281401],[-0.16340713016688824,51.499284099033446]]]}},{"type":"Feature","properties":{"level_id":2,"building_id":"harrods","source_layer":"wall","geometry_tolerance_m":0.04},"geometry":{"type":"Polygon","coordinates":[[[-0.1629353128373623,51.499365968428606],[-0.16294528730213642,51.49935996780874],[-0.16305819153785706,51.499432757883625],[-0.16314242966473103,51.499382144008734],[-0.16319137997925282,51.49941371246308],[-0.16310714185237885,51.499464378482116],[-0.16324996948242188,51.49955644257888],[-0.16324996948242188,51.499556422475536],[-0.16325851902365685,51.49956195345791],[-0.16324996948242188,51.49956711918608],[-0.16324996948242188,51.49956709682356],[-0.1632485445588827,51.49956795405117],[-0.1630971673876047,51.49947032690906],[-0.16301016323268414,51.49952261041793],[-0.1629996858537197,51.49951587931088],[-0.16307780519127846,51.49946891807116],[-0.1629271823912859,51.499370873282544],[-0.1629353128373623,51.499365968428606]]]}},{"type":"Feature","properties":{"level_id":3,"building_id":"harrods","source_layer":"wall","geometry_tolerance_m":0.04},"geometry":{"type":"Polygon","coordinates":[[[-0.16324996948242188,51.49975588347527],[-0.16322147101163864,51.49977280861458],[-0.16318710520863533,51.499750058637204],[-0.1632304396480322,51.499725064956294],[-0.16324234195053577,51.4997324743579],[-0.16326011158525944,51.499722351654015],[-0.16327922232449055,51.499734718049694],[-0.16326195560395718,51.499744788572],[-0.16326522454619408,51.49974682354775],[-0.16324996948242188,51.499755902669165],[-0.16324996948242188,51.49975588347527]]]}},{"type":"Feature","properties":{"level_id":3,"building_id":"harrods","source_layer":"wall","geometry_tolerance_m":0.04},"geometry":{"type":"Polygon","coordinates":[[[-0.16374165192246437,51.49942905315859],[-0.163767384365201,51.49944632447972],[-0.1637673432091223,51.49944632447972],[-0.16377626918256283,51.49945232508824],[-0.1637331023812294,51.499477945068804],[-0.16372891142964363,51.499475179572585],[-0.16371156089007854,51.49948535451057],[-0.16369303688406944,51.499473353301426],[-0.16371089033782482,51.49946307400239],[-0.16369798220694065,51.49945477751061],[-0.1637123320904262,51.49944632447972],[-0.16371231526136398,51.49944632447972],[-0.16374165192246437,51.49942905315859]]]}},{"type":"Feature","properties":{"level_id":3,"building_id":"harrods","source_layer":"wall","geometry_tolerance_m":0.04},"geometry":{"type":"Polygon","coordinates":[[[-0.16321401111781597,51.499403433150576],[-0.16320261172950268,51.499396075874756],[-0.16327444463968277,51.49935386282942],[-0.16324653290212154,51.49935428026393],[-0.16320722177624702,51.49937760441102],[-0.163204874843359,51.49937619557025],[-0.16324217431247234,51.49935401936736],[-0.163227841258049,51.49934478362792],[-0.16317268833518028,51.49937682172171],[-0.16316497698426247,51.49937181250982],[-0.16324653290212154,51.49932281612712],[-0.16305936500430107,51.49920207295273],[-0.1630693394690752,51.499196124490766],[-0.16312590258251872,51.49923259794275],[-0.1631259173154831,51.49923259794275],[-0.16324996948242188,51.499312599218115],[-0.16324996948242188,51.49931258897348],[-0.16325650736689568,51.499316815501544],[-0.1632925495505333,51.49933956569518],[-0.1632996741682291,51.499339304798525],[-0.16337184235453606,51.49929547413984],[-0.16338148154318333,51.499301735665085],[-0.16329883597791195,51.49935135822227],[-0.1634292583912611,51.49943708875895],[-0.16341920010745525,51.49944340244397],[-0.1632887776941061,51.499358454608796],[-0.16321401111781597,51.499403433150576]]]}},{"type":"Feature","properties":{"level_id":3,"building_id":"harrods","source_layer":"wall","geometry_tolerance_m":0.04},"geometry":{"type":"Polygon","coordinates":[[[-0.16339321620762348,51.499283055445545],[-0.16348357312381268,51.499229675893304],[-0.1634450163692236,51.499203533978374],[-0.16336455009877682,51.49915166753982],[-0.16325692646205425,51.499086443061486],[-0.1633333694189787,51.49904078587113],[-0.163475526496768,51.49912766494268],[-0.16348717734217644,51.49912119467518],[-0.16346823424100876,51.49910898465177],[-0.16347904689610004,51.499102462202046],[-0.16351492144167423,51.49912557775971],[-0.16342615708708763,51.499178957433855],[-0.16350877472065806,51.49923259794275],[-0.163508802652359,51.49923259794275],[-0.16363302245736122,51.49931326730518],[-0.16361407935619354,51.49932453804561],[-0.16348600387573242,51.49924099883387],[-0.1634025201201439,51.499289056075554],[-0.16339321620762348,51.499283055445545]]]}},{"type":"Feature","properties":{"level_id":3,"building_id":"harrods","source_layer":"wall","geometry_tolerance_m":0.04},"geometry":{"type":"Polygon","coordinates":[[[-0.16332213766872883,51.498686693239705],[-0.16337276436388493,51.49870740872581],[-0.1633977424353361,51.49871800127556],[-0.16344912350177765,51.498740647408084],[-0.16359329223632812,51.4988099945964],[-0.16359329223632812,51.498810001113974],[-0.16381759196519852,51.49891790257732],[-0.16393594443798065,51.498974308920225],[-0.16423216089606285,51.499119681467334],[-0.164243895560503,51.49912829109752],[-0.16425495967268944,51.49914196214337],[-0.16425730660557747,51.49914832804882],[-0.1642515230923891,51.49917431345688],[-0.16424632631242275,51.49918083589631],[-0.16379714012145996,51.49944632447972],[-0.16379713463698423,51.49944632447972],[-0.16334367533237437,51.4997143446009],[-0.16287839971482754,51.49998935026201],[-0.16287194564938545,51.49999117651248],[-0.16286314465105534,51.49999300276292],[-0.1628302037715912,51.499993837620195],[-0.16282442025840282,51.499993054941484],[-0.16279952600598335,51.4999858542966],[-0.16279298812150955,51.499982880116846],[-0.16222000122070312,51.49964723054461],[-0.16222000122070312,51.49964726616662],[-0.16167081892490387,51.499325529453216],[-0.1616682205349207,51.49932208561623],[-0.16166620887815952,51.499318433061546],[-0.16167182475328445,51.49928190749884],[-0.16168992966413498,51.4992543045899],[-0.16170493327081203,51.49923259794275],[-0.16170495166277016,51.49923259794275],[-0.16187667846679688,51.498984454321445],[-0.16187667846679688,51.49898443179029],[-0.16213752329349518,51.49860753599316],[-0.16215244308114052,51.49859464748977],[-0.16216551885008812,51.49858869894854],[-0.16218194738030434,51.4985841070916],[-0.16222000122070312,51.498581915523346],[-0.16222000122070312,51.498581929546425],[-0.16273272223770618,51.49855259024284],[-0.16275267116725445,51.498551964080065],[-0.16288342885673046,51.498559582393284],[-0.1629522442817688,51.49857174038365],[-0.16303220763802528,51.49859141231832],[-0.16303218794135516,51.49859141231832],[-0.16305869445204735,51.49859793484117],[-0.16329757869243622,51.49867703992433],[-0.16332213766872883,51.498686693239705]],[[-0.16324996948242188,51.49873819494724],[-0.16327427700161934,51.4987169576747],[-0.1632789708673954,51.498718992696325],[-0.1632180344313383,51.49877112052715],[-0.16326815821230412,51.4987925664943],[-0.16332775354385376,51.49874002124787],[-0.16334015876054764,51.49872958524335],[-0.1632865145802498,51.49870631294468],[-0.163302943110466,51.498691076366015],[-0.16324996948242188,51.498672291535996],[-0.16324996948242188,51.49867227592214],[-0.1631325390189886,51.49863059962172],[-0.16298787525573047,51.49859141231832],[-0.16298786737024784,51.49859141231832],[-0.16296649351716042,51.498585620317215],[-0.16288485378026962,51.49857069677947],[-0.16273532062768936,51.49856365245054],[-0.1627409365028143,51.49863503493356],[-0.16272853128612041,51.49863644379724],[-0.16272066984578648,51.49859141231832],[-0.16272065229713917,51.49859141231832],[-0.16271604225039482,51.49856490477575],[-0.16256768256425858,51.498572262185746],[-0.16257354989647865,51.49861270182953],[-0.16256315633654594,51.49861494557646],[-0.16255706703624276,51.49859141231832],[-0.16255703754723072,51.49859141231832],[-0.16255267895758152,51.498574453754486],[-0.16222033649683,51.49859141231832],[-0.16222030518082486,51.49859141231832],[-0.16219678334891796,51.4985926124626],[-0.16217440366744995,51.49859793484117],[-0.16216308809816837,51.49860383120108],[-0.16214942559599876,51.498615676098694],[-0.16208463348448277,51.49870667820508],[-0.1623065024614334,51.49876736356836],[-0.16224992461502552,51.49884495514044],[-0.16224028542637825,51.498840937288236],[-0.16228940337896347,51.4987732599063],[-0.1620794367045164,51.498717062034785],[-0.1619759202003479,51.4988624354024],[-0.16215571202337742,51.498913623832465],[-0.16217943280935287,51.49888215939146],[-0.16218806616961956,51.498885029283315],[-0.1621616631746292,51.498924216334245],[-0.16213400289416313,51.49891717205995],[-0.16209754161536694,51.49896590797994],[-0.16205898486077785,51.498955837285536],[-0.1620848849415779,51.49892212914199],[-0.1620630919933319,51.498915763204934],[-0.16204364597797394,51.49894237490301],[-0.1620320789515972,51.498939191936046],[-0.16205177642405033,51.49891304985445],[-0.16201112419366837,51.49890146593327],[-0.16199184581637383,51.49892875597712],[-0.16198036260902882,51.49892536428996],[-0.1619998924434185,51.498898543862595],[-0.16197793185710907,51.4988921779223],[-0.1619536243379116,51.49892619916682],[-0.16195831820368767,51.49892750366192],[-0.1619361061602831,51.498959802947866],[-0.16194499097764492,51.49896225539675],[-0.16190115362405777,51.499023357857254],[-0.16191448085010052,51.49902685389654],[-0.16195597127079964,51.498968569147536],[-0.1619634311646223,51.498970604157904],[-0.1619215216487646,51.49902873236525],[-0.16193535178899765,51.49903248930249],[-0.16197692602872849,51.49897425674047],[-0.161983547732234,51.498976083031636],[-0.1619422249495983,51.49903436777103],[-0.1619557198137045,51.49903802034845],[-0.1619971264153719,51.498979787793445],[-0.16200383193790913,51.498981614084386],[-0.16196217387914658,51.49903974227769],[-0.16197600401937962,51.499043499214025],[-0.1620210986584425,51.498979735613744],[-0.1620298996567726,51.49898234460076],[-0.16203266568481922,51.49897811804169],[-0.1620505191385746,51.498983283836026],[-0.16203501261770725,51.49900415572651],[-0.16206535510718822,51.49901104344826],[-0.16200123354792595,51.49910115771195],[-0.161843067035079,51.499057848620794],[-0.16172403778935315,51.49923259794275],[-0.16172404401004314,51.49923259794275],[-0.16168657690286636,51.49928759505269],[-0.16168230213224888,51.499316815501544],[-0.16168422996997833,51.49932052023567],[-0.1616867445409298,51.49932401625213],[-0.16187667846679688,51.499437046612535],[-0.16187667846679688,51.499437036579764],[-0.16199955716729164,51.499510191785504],[-0.16208438202738762,51.49945999543016],[-0.16210374422371387,51.4994727271513],[-0.16214854029786702,51.49944632447972],[-0.1621485035866499,51.49944632447972],[-0.16214942559599876,51.49944580268766],[-0.1621609926223755,51.499453525209844],[-0.1621120423078537,51.49948149325235],[-0.16209175810217857,51.499467770129144],[-0.1620510220527649,51.499491929084684],[-0.16207809560000896,51.49949693828336],[-0.16209133900702,51.499489007051835],[-0.16209754161536694,51.499493129205234],[-0.1620656903833151,51.49951238330914],[-0.16208169981837273,51.499523184388266],[-0.16217264346778393,51.49946990947561],[-0.16218312084674835,51.49947669276864],[-0.16217817552387714,51.499480240952295],[-0.16218312084674835,51.499483371702325],[-0.1621425524353981,51.49950737411217],[-0.1621539518237114,51.499514679190895],[-0.16219460405409336,51.49949104203901],[-0.16219837591052055,51.49949354663849],[-0.16215856187045574,51.499517601222095],[-0.162168201059103,51.49952386271681],[-0.16220818273723125,51.4994999124948],[-0.16221203841269016,51.49950252145206],[-0.16220608726143837,51.49950606963367],[-0.16222000122070312,51.49951483572829],[-0.16222000122070312,51.49951485072289],[-0.1622486673295498,51.49953294188262],[-0.1622552052140236,51.49952928934488],[-0.16225771978497505,51.49953127215113],[-0.16221689991652966,51.499555796326575],[-0.16222000122070312,51.49955777913169],[-0.16222000122070312,51.49955779130669],[-0.1622269582003355,51.499562266532365],[-0.16226786188781261,51.49953774236039],[-0.16227289102971554,51.49954108182288],[-0.162231819704175,51.49956550163489],[-0.16224187798798084,51.49957244145088],[-0.16228311695158482,51.49954770856803],[-0.16228973865509033,51.499551935074294],[-0.16230951994657516,51.499540455673696],[-0.1623199973255396,51.49954718677711],[-0.16222000122070312,51.49960728270378],[-0.16222000122070312,51.49960729705202],[-0.16219401732087135,51.49962289857743],[-0.1624735537916422,51.49978621857298],[-0.16258511692285538,51.499720316677156],[-0.16259467229247093,51.49972652596517],[-0.1625493261963129,51.499753815514964],[-0.16259567812085152,51.499783713989615],[-0.16258570365607738,51.499789714553714],[-0.16253935173153877,51.499759816083014],[-0.16248495317995548,51.499792480030834],[-0.16255678609013557,51.499834275239806],[-0.16260665841400623,51.49980432461953],[-0.1626031380146742,51.49980208093115],[-0.1626140344887972,51.499795558580615],[-0.16262803226709366,51.499804585513516],[-0.16256818547844887,51.49984053669104],[-0.16280665062367916,51.49997860147195],[-0.16282509081065655,51.49998418458168],[-0.16283833421766758,51.49998616736815],[-0.16285249963402748,51.49998637608249],[-0.162869431078434,51.49998408022449],[-0.16303086653351784,51.499892715417786],[-0.16296138055622578,51.499847893895094],[-0.16295853070914745,51.49984784171639],[-0.16293732449412346,51.499860677686655],[-0.16293464228510857,51.49985900796713],[-0.1629338040947914,51.4998595297545],[-0.16284814104437828,51.49980312450714],[-0.1628581155091524,51.49979712394483],[-0.16293682157993317,51.499847893895094],[-0.1629603747278452,51.49983375345215],[-0.16304176300764084,51.499886193080215],[-0.16320663504302502,51.49978820136806],[-0.16304570250213146,51.499684365404846],[-0.16305651515722275,51.49967784303743],[-0.1631738618016243,51.49975303283213],[-0.16324385069310665,51.499711654979905],[-0.16324996948242188,51.49971568001707],[-0.16324996948242188,51.49971567275534],[-0.16326011158525944,51.499722351654015],[-0.16324996948242188,51.49972814351065],[-0.16324996948242188,51.499728134244954],[-0.16324217431247234,51.49973257871568],[-0.1632304396480322,51.499725064956294],[-0.16318710520863533,51.499750058637204],[-0.16322147101163864,51.49977280861458],[-0.16326522454619408,51.49974682354775],[-0.16326195560395718,51.499744788572],[-0.16327922232449055,51.499734718049694],[-0.16328743658959866,51.49974004029491],[-0.16340595670044422,51.49967059016379],[-0.16335985623300076,51.49964053507799],[-0.1633596047759056,51.49964069161496],[-0.16324996948242188,51.499569989034825],[-0.16324996948242188,51.49956998286623],[-0.16324326395988464,51.499565658172116],[-0.16324996948242188,51.49956161328258],[-0.16324996948242188,51.49956158820439],[-0.16325407661497593,51.499559135787734],[-0.16341769136488438,51.49966464176296],[-0.16359522007405758,51.49955897925048],[-0.16359329223632812,51.499557718505635],[-0.16359329223632812,51.49955772695256],[-0.16343261115252972,51.49945263816343],[-0.163443423807621,51.49944611576288],[-0.16344375908374786,51.49944632447972],[-0.16344374304847845,51.49944632447972],[-0.16360695473849773,51.499553030835074],[-0.16371591947972775,51.499488172185295],[-0.16371156089007854,51.49948535451057],[-0.16372891142964363,51.499475179572585],[-0.1637331023812294,51.499477945068804],[-0.16377626918256283,51.49945232508824],[-0.16374165192246437,51.49942905315859],[-0.16369798220694065,51.49945477751061],[-0.16371089033782482,51.49946307400239],[-0.16369303688406944,51.499473353301426],[-0.16367275267839432,51.499460569401265],[-0.16369723967755265,51.49944632447972],[-0.1636972278356552,51.49944632447972],[-0.16375078819692135,51.49941517348191],[-0.16363746486604214,51.49934076581977],[-0.1636574137955904,51.4993291820073],[-0.16381457448005676,51.4994294184132],[-0.16400299966335297,51.499318380882215],[-0.16395715065300465,51.49928816902596],[-0.16395656391978264,51.499288534281675],[-0.16386955976486206,51.49923259794275],[-0.16386957824445816,51.49923259794275],[-0.16383200883865356,51.49920843884979],[-0.1638419833034277,51.49920243820915],[-0.1638895724094317,51.49923259794275],[-0.16388959251344204,51.49923259794275],[-0.16396746039390564,51.49928195967823],[-0.16401381231844425,51.49931185846242],[-0.16414683312177658,51.49923259794275],[-0.16414686807012202,51.49923259794275],[-0.16422579064965248,51.49918558423167],[-0.1642297301441431,51.499182505640675],[-0.16424188390374184,51.49916857370937],[-0.1642449013888836,51.49915380690115],[-0.1642433926463127,51.499147545355555],[-0.16423266381025314,51.49913335251574],[-0.16422411426901817,51.499127299685625],[-0.16404231078922749,51.49904219472228],[-0.16391188837587833,51.49911921185108],[-0.16385606490075588,51.49908383408044],[-0.16388766467571259,51.499065258130855],[-0.16393426805734634,51.49909630500861],[-0.1639531273394823,51.49908461677478],[-0.163886658847332,51.49904334267504],[-0.16392923891544342,51.49901699193441],[-0.1639372855424881,51.49902168810709],[-0.1639541331678629,51.499011147807664],[-0.1639460027217865,51.499006086375886],[-0.16392353922128677,51.49899982481003],[-0.1638507843017578,51.499045221143064],[-0.16386528499424458,51.49905456130256],[-0.16383720561861992,51.49907141532847],[-0.16372513957321644,51.49900034660723],[-0.163703765720129,51.49901318281616],[-0.16363603994250298,51.49898276203865],[-0.16365422867238522,51.4989674211929],[-0.16369856894016266,51.49896136834079],[-0.16370619647204876,51.49896486438476],[-0.16372086480259895,51.498979213816284],[-0.1637434121221304,51.49899064117852],[-0.163832763209939,51.499029828138674],[-0.16383997164666653,51.49902367093546],[-0.16375028528273106,51.498984588329506],[-0.16375472769141197,51.498980674849065],[-0.16384382732212543,51.49901970527867],[-0.16385095193982124,51.49901396551172],[-0.16376109793782234,51.4989747263582],[-0.16376554034650326,51.498971021595935],[-0.16385522671043873,51.49900979113531],[-0.16386176459491253,51.49900389482795],[-0.16377241350710392,51.4989649687443],[-0.1637766882777214,51.49896089872291],[-0.16386612318456173,51.49899987698976],[-0.16387349925935268,51.498993719782476],[-0.16378339380025864,51.49895515894852],[-0.16374081373214722,51.498936374227355],[-0.16378439962863922,51.49891372819209],[-0.16359329223632812,51.49882371530696],[-0.16359329223632812,51.498823717917645],[-0.16336530447006226,51.498716331514174],[-0.1632566750049591,51.49881176871423],[-0.1632452756166458,51.49880707251987],[-0.16324996948242188,51.49880339127573],[-0.16324996948242188,51.49880336774399],[-0.16326237469911575,51.49879366227336],[-0.1632119994610548,51.49877143360703],[-0.16324996948242188,51.49873822015166],[-0.16324996948242188,51.49873819494724]]]}},{"type":"Feature","properties":{"level_id":4,"building_id":"harrods","source_layer":"wall","geometry_tolerance_m":0.04},"geometry":{"type":"Polygon","coordinates":[[[-0.16348449513316154,51.49913189148785],[-0.1633900310844183,51.499070945711736],[-0.1633264124393463,51.49910851503543],[-0.1633116602897644,51.49910147078958],[-0.16339036636054516,51.49905878785452],[-0.16346647404134274,51.499106740929165],[-0.16346999444067478,51.49910465374526],[-0.1635093055665493,51.49913110879433],[-0.16334045808829997,51.49923259794275],[-0.1633404940366745,51.49923259794275],[-0.16333906911313534,51.49923343281401],[-0.1633268315345049,51.499225553716116],[-0.16348449513316154,51.49913189148785]]]}},{"type":"Feature","properties":{"level_id":4,"building_id":"harrods","source_layer":"wall","geometry_tolerance_m":0.04},"geometry":{"type":"Polygon","coordinates":[[[-0.16376704908907413,51.49944632447972],[-0.16376701390227635,51.49944632447972],[-0.16377425752580166,51.4994511771458],[-0.16371700912714005,51.499484937077256],[-0.163712901994586,51.499482328119],[-0.16371097415685654,51.49948368477732],[-0.16369454562664032,51.49947314458473],[-0.16371038742363453,51.49946328271915],[-0.16369731165468693,51.499454516614634],[-0.1637412328273058,51.49942905315859],[-0.16376704908907413,51.49944632447972]]]}},{"type":"Feature","properties":{"level_id":4,"building_id":"harrods","source_layer":"wall","geometry_tolerance_m":0.04},"geometry":{"type":"Polygon","coordinates":[[[-0.16317017376422882,51.499517340326435],[-0.16318065114319324,51.49951060921862],[-0.16324996948242188,51.499555340069236],[-0.16324996948242188,51.49955532671481],[-0.16327687539160252,51.4995727023462],[-0.16327595338225365,51.49957322413681],[-0.16327687539160252,51.499573798106525],[-0.16326690092682838,51.49957979869825],[-0.16317017376422882,51.499517340326435]]]}},{"type":"Feature","properties":{"level_id":4,"building_id":"harrods","source_layer":"wall","geometry_tolerance_m":0.04},"geometry":{"type":"Polygon","coordinates":[[[-0.1632767915725708,51.49973544855402],[-0.1632610335946083,51.499744266783324],[-0.1632663980126381,51.499748023661596],[-0.16322297975420952,51.49977400872774],[-0.16318710520863533,51.4997503195315],[-0.16323077492415905,51.49972485624073],[-0.16324267722666264,51.49973273525231],[-0.16325843520462513,51.49972323869517],[-0.1632767915725708,51.49973544855402]]]}},{"type":"Feature","properties":{"level_id":4,"building_id":"harrods","source_layer":"wall","geometry_tolerance_m":0.04},"geometry":{"type":"Polygon","coordinates":[[[-0.16345239244401455,51.49919586359326],[-0.16350934901421396,51.49923259794275],[-0.16350938938558102,51.49923259794275],[-0.16367107629776,51.49933690454927],[-0.16366110183298588,51.4993429051722],[-0.16359329223632812,51.49929917112914],[-0.16359329223632812,51.49929917887573],[-0.16344241797924042,51.499201864234806],[-0.16345239244401455,51.49919586359326]]]}},{"type":"Feature","properties":{"level_id":4,"building_id":"harrods","source_layer":"wall","geometry_tolerance_m":0.04},"geometry":{"type":"Polygon","coordinates":[[[-0.1633518934249878,51.499377186976716],[-0.1633410807698965,51.499383761566406],[-0.1632942259311676,51.49935354975352],[-0.1632250752300024,51.49939466703455],[-0.1632201299071312,51.499391484099135],[-0.16322113573551178,51.4993908579479],[-0.16320185735821724,51.499378491458884],[-0.16324862837791443,51.49935104514637],[-0.16325131058692932,51.49935292360175],[-0.16324996948242188,51.49935370629146],[-0.16324996948242188,51.49935369465908],[-0.16323815099895,51.49936048960177],[-0.1632316131144762,51.499384700793456],[-0.16328299418091774,51.49935412372599],[-0.16324938274919987,51.49933267802308],[-0.16318819485604763,51.49936946444157],[-0.16317620873451233,51.49936179408442],[-0.16325483098626137,51.49931457178917],[-0.1633518934249878,51.499377186976716]]]}},{"type":"Feature","properties":{"level_id":4,"building_id":"harrods","source_layer":"wall","geometry_tolerance_m":0.04},"geometry":{"type":"Polygon","coordinates":[[[-0.16337737441062927,51.499393675628454],[-0.16345909796655178,51.49944632447972],[-0.16345909783364274,51.49944632447972],[-0.16347351484000683,51.4994556123778],[-0.1634625345468521,51.4994620825978],[-0.16343809629364964,51.49944632447972],[-0.16343805938959122,51.49944632447972],[-0.163366561755538,51.49940019803651],[-0.16337737441062927,51.499393675628454]]]}},{"type":"Feature","properties":{"level_id":4,"building_id":"harrods","source_layer":"wall","geometry_tolerance_m":0.04},"geometry":{"type":"Polygon","coordinates":[[[-0.1628351490944624,51.49855394692884],[-0.16290614381432533,51.498563287189],[-0.16292542219161987,51.49856662672289],[-0.1629446167498827,51.498570227157586],[-0.16309121623635292,51.49860675329066],[-0.1631362270563841,51.498620737573816],[-0.16359329223632812,51.49882846629018],[-0.16359329223632812,51.49882849331936],[-0.16421707347035408,51.49911201106812],[-0.16423593275249004,51.4991224469851],[-0.16425596550107002,51.49914352753004],[-0.16425780951976776,51.49915876395744],[-0.1642552949488163,51.499167686657415],[-0.16423886641860008,51.49918720179633],[-0.16380074433982372,51.49944632447972],[-0.16380073297134437,51.49944632447972],[-0.16359329223632812,51.49956901702207],[-0.16359329223632812,51.49956904981161],[-0.1628934033215046,51.49998298447403],[-0.16288870945572853,51.49998512379631],[-0.16286381520330906,51.49999274186999],[-0.16285291872918606,51.499994202870255],[-0.162847638130188,51.49999451594175],[-0.16281075775623322,51.49999013294078],[-0.16280380077660084,51.49998768054721],[-0.1627970952540636,51.49998486290335],[-0.16276423819363117,51.49996670474991],[-0.16222000122070312,51.49964934391162],[-0.16222000122070312,51.49964935332571],[-0.1620426021871969,51.499545897235286],[-0.16187667846679688,51.49944914215686],[-0.16187667846679688,51.49944913335174],[-0.16168280504643917,51.49933606967991],[-0.1616786140948534,51.49933252148509],[-0.16166671179234982,51.49931775472996],[-0.1616639457643032,51.499310658337095],[-0.16166570596396923,51.499290517098416],[-0.16166754998266697,51.49928608185036],[-0.1616714894771576,51.49927872455558],[-0.161831583827734,51.499048560641654],[-0.16187667846679688,51.49898397136567],[-0.16187667846679688,51.498983962172616],[-0.16214397735893726,51.49860111783201],[-0.16218462958931923,51.498583324388676],[-0.16270690597593784,51.49855300768468],[-0.16272434033453465,51.49855222498121],[-0.1628351490944624,51.49855394692884]],[[-0.16209997236728668,51.49945274252184],[-0.16211925074458122,51.499465161169894],[-0.16215822659432888,51.49944173270916],[-0.1621653512120247,51.49944632447972],[-0.16216531897412736,51.49944632447972],[-0.1621687039732933,51.499448516006396],[-0.16211237758398056,51.499483162985655],[-0.16209008172154427,51.49946870935443],[-0.16205010004341602,51.49949255523455],[-0.16207750886678696,51.499497668791435],[-0.16209041699767113,51.499489737560054],[-0.16209661960601807,51.499493755355076],[-0.16206552274525166,51.499512487667374],[-0.1620821189135313,51.49952339310474],[-0.1621861383318901,51.49945978671337],[-0.16219896264374256,51.49946813538344],[-0.16217222437262535,51.49948389349396],[-0.16220742836594582,51.499506904499924],[-0.16213090158998966,51.499552613402386],[-0.16212545335292816,51.49954922176167],[-0.16215479001402855,51.499531480867546],[-0.16214498318731785,51.49952511501567],[-0.16211539506912231,51.49954301244952],[-0.16210969537496567,51.49953946427078],[-0.16213953495025635,51.49952156683548],[-0.16212972812354565,51.49951504444482],[-0.16209980472922325,51.49953294188262],[-0.16209477558732033,51.49953007203155],[-0.1620635949075222,51.49954854343349],[-0.16218203119933605,51.49961413250361],[-0.1622040756046772,51.499600618136526],[-0.16219963319599628,51.49959774828969],[-0.16222947277128696,51.49958005959354],[-0.1622193306684494,51.49957338067401],[-0.16218965873122215,51.49959122590991],[-0.16218404285609722,51.4995875733768],[-0.16221396625041962,51.499569884676674],[-0.16220399178564548,51.49956331011384],[-0.1621740683913231,51.49958105099557],[-0.16216912306845188,51.49957781589413],[-0.16222000122070312,51.49954749985167],[-0.16222000122070312,51.49954752476958],[-0.1622459851205349,51.49953205483777],[-0.16228102147579193,51.49955464838672],[-0.1623003836721182,51.49954379513596],[-0.1623108610510826,51.499550578417995],[-0.16219468787312508,51.499621385386234],[-0.1621947716921568,51.4996225855034],[-0.16219544224441051,51.49962362908349],[-0.1622781716287136,51.4996715293849],[-0.16234883107244968,51.4996290556997],[-0.16235847026109695,51.49963526500014],[-0.16228864900767803,51.49967716471119],[-0.16234480775892735,51.499709985254924],[-0.1624127011746168,51.49966912915312],[-0.16242234036326408,51.4996753384481],[-0.1623543631285429,51.49971619454436],[-0.162415886297822,51.49975047606807],[-0.162480091676116,51.49971368995713],[-0.16259106807410717,51.49978527935423],[-0.16257178969681263,51.49979634126271],[-0.16252501867711544,51.499766234080994],[-0.1624833606183529,51.49979138427574],[-0.1625580433756113,51.49983140540769],[-0.16259299591183662,51.49981037735972],[-0.16258914023637772,51.49980818585044],[-0.16260908916592598,51.49979686305079],[-0.16262266784906387,51.49980562908945],[-0.16256650909781456,51.499839388758375],[-0.16261202283203602,51.49986652170443],[-0.1626664213836193,51.499833805630914],[-0.16268561594188213,51.499846224175144],[-0.1626331452280283,51.49987779230804],[-0.1626821793615818,51.499907221093224],[-0.16273288987576962,51.49987669655502],[-0.16275216825306416,51.49988911508754],[-0.1627022959291935,51.49991906565211],[-0.16274873167276382,51.49994499844209],[-0.16279583796858788,51.499917343756096],[-0.16281511634588242,51.49992976227753],[-0.16276893205940723,51.49995752131326],[-0.16277622431516647,51.499962269567675],[-0.16281092539429665,51.49998032336569],[-0.16282173804938793,51.49998355843857],[-0.16284202225506306,51.4999858542966],[-0.16285677440464497,51.49998486290335],[-0.16287504695355892,51.49998032336569],[-0.1628874521702528,51.49997500114853],[-0.16303002834320068,51.49989104569946],[-0.1629582792520523,51.499844815348865],[-0.16284151934087276,51.49991405649985],[-0.16282299533486366,51.49990210758227],[-0.16291544772684574,51.499846537247635],[-0.16289533115923405,51.499833596915835],[-0.16290530562400818,51.499827596357534],[-0.16293506138026714,51.49984674596266],[-0.16295861452817917,51.499832605519316],[-0.16304000280797482,51.49988504514869],[-0.16320311464369297,51.49978480974485],[-0.1630938146263361,51.49971431610393],[-0.16310378909111023,51.49970831552989],[-0.16317511908710003,51.49975433730353],[-0.1632435992360115,51.499713481241486],[-0.16324996948242188,51.49971767088262],[-0.16324996948242188,51.49971765555347],[-0.16325843520462513,51.49972323869517],[-0.16324996948242188,51.499728352226185],[-0.16324996948242188,51.49972834056895],[-0.16324267722666264,51.49973273525231],[-0.16323077492415905,51.49972485624073],[-0.16318710520863533,51.4997503195315],[-0.16322297975420952,51.49977400872774],[-0.16324996948242188,51.499757855848785],[-0.16324996948242188,51.49975783328671],[-0.1632663980126381,51.499748023661596],[-0.1632610335946083,51.499744266783324],[-0.1632767915725708,51.49973544855402],[-0.16328316181898117,51.49973967504283],[-0.16340511851012707,51.49966892043733],[-0.16329137608408928,51.49959560894919],[-0.16330227255821228,51.499589034390084],[-0.16341475769877434,51.4996616153833],[-0.16341710463166237,51.499661667562265],[-0.16342070885002613,51.499660676161994],[-0.16359329223632812,51.49955793566892],[-0.16359329223632812,51.499557942996574],[-0.16360259614884853,51.49955240468606],[-0.16348625533282757,51.49947742327706],[-0.16349061392247677,51.499475179572585],[-0.16349798999726772,51.4994702747299],[-0.16359329223632812,51.499531167792924],[-0.16359329223632812,51.49953118277271],[-0.1636144146323204,51.49954468218061],[-0.1637145783752203,51.49948598066052],[-0.16371097415685654,51.49948368477732],[-0.163712901994586,51.499482328119],[-0.16371700912714005,51.499484937077256],[-0.16377425752580166,51.4994511771458],[-0.1637412328273058,51.49942905315859],[-0.16371147707104683,51.49944632447972],[-0.16371144202925514,51.49944632447972],[-0.16369731165468693,51.499454516614634],[-0.16371038742363453,51.49946328271915],[-0.16369454562664032,51.49947314458473],[-0.1636781170964241,51.4994625522105],[-0.16376453451812267,51.499410372991235],[-0.16368490643799305,51.49935824589156],[-0.16369488090276718,51.49935224527064],[-0.16381281428039074,51.49942832264941],[-0.1640004012733698,51.499316711142825],[-0.16388137824833393,51.499239955245],[-0.16389227472245693,51.49923343281401],[-0.16389579512178898,51.49923567653033],[-0.16389629803597927,51.499235363453664],[-0.16401213593780994,51.499310710516454],[-0.16423065215349197,51.49917880089532],[-0.16423962078988552,51.499167738836974],[-0.16424288973212242,51.4991566767759],[-0.1642417162656784,51.49914738881691],[-0.16422361135482788,51.49912714314692],[-0.1642085239291191,51.499118950953175],[-0.16400501132011414,51.499020696692924],[-0.16399470157921314,51.49901495692609],[-0.16392622143030167,51.49905612669221],[-0.1639204379171133,51.49905247411624],[-0.16395354643464088,51.499032593661866],[-0.16393871046602726,51.49902314913854],[-0.16391155309975147,51.49903948137933],[-0.16390174627304077,51.499033167638345],[-0.16392840072512627,51.49901657449681],[-0.1639133132994175,51.49900749522811],[-0.1638584118336439,51.499042142542606],[-0.16390233300626278,51.499070423915356],[-0.1638985611498356,51.49907266763975],[-0.1638599205762148,51.49904772576704],[-0.16380795277655125,51.49907819868079],[-0.1637696474790573,51.499052369756924],[-0.16379655338823795,51.49903598534107],[-0.16382111236453056,51.49904078587113],[-0.16392169520258904,51.49898030959088],[-0.16386126168072224,51.49898208370206],[-0.16385598108172417,51.498986571159435],[-0.1637831423431635,51.49895541984739],[-0.1637766882777214,51.49896095090267],[-0.16384877264499664,51.49899267618795],[-0.16385707072913647,51.49900217289732],[-0.16377207823097706,51.4989649687443],[-0.1637652050703764,51.498970812876934],[-0.16385061666369438,51.499008330103464],[-0.1638463418930769,51.49901208704239],[-0.16376067884266376,51.498974569818955],[-0.16375397332012653,51.49898057048961],[-0.1638393010944128,51.49901819206747],[-0.16382169909775257,51.49901641795768],[-0.16374969854950905,51.49898453614975],[-0.16374324448406696,51.498990536819065],[-0.16381499357521534,51.499022418622815],[-0.1638039294630289,51.49902440145112],[-0.16372991725802422,51.49899278054738],[-0.16369949094951153,51.49901088690913],[-0.16366805881261826,51.498988710528494],[-0.16372027806937695,51.49895312393744],[-0.16377191059291363,51.498920459388074],[-0.16359329223632812,51.49883931723453],[-0.16359329223632812,51.498839319711294],[-0.1631238218396902,51.498626059949146],[-0.1631095726042986,51.49862371184247],[-0.16298351417532228,51.49859141231832],[-0.16298350878059864,51.49859141231832],[-0.1629156991839409,51.498574036312846],[-0.16290228813886642,51.49857168820347],[-0.16287781298160553,51.49856798340846],[-0.16284210607409477,51.4985639133516],[-0.16274831257760525,51.49855999983507],[-0.16272995620965958,51.498560573817514],[-0.1625694427639246,51.498571114221164],[-0.16257296316325665,51.49860503134502],[-0.16257455572485924,51.4986402007668],[-0.16256064176559448,51.49864114000917],[-0.1625607255846262,51.49864166181044],[-0.16249040141701698,51.49862319004097],[-0.16249283216893673,51.49861979833105],[-0.16256039030849934,51.49863743521979],[-0.1625562278070991,51.49859141231832],[-0.16255619935691357,51.49859141231832],[-0.16255443915724754,51.49857163602326],[-0.1625274494290352,51.49857257526702],[-0.16230625100433826,51.49858708136259],[-0.16222000122070312,51.49870881103715],[-0.16222000122070312,51.49870881758727],[-0.16219737008213997,51.49874075176808],[-0.16222000122070312,51.498747169909564],[-0.16222000122070312,51.498747183521274],[-0.16224363818764687,51.49875390113016],[-0.16228110529482365,51.49876585034875],[-0.16227557323873043,51.498773416446255],[-0.16224288381636143,51.498763919689225],[-0.1622362621128559,51.49876162376961],[-0.16222000122070312,51.49875732600411],[-0.16222000122070312,51.49875734501009],[-0.16207516193389893,51.49871904487637],[-0.1619742438197136,51.498861287445095],[-0.16213618218898773,51.498905379420506],[-0.16219384968280792,51.49882330047825],[-0.1622078474611044,51.49882721397219],[-0.16214925795793533,51.49891200625808],[-0.16213450580835342,51.49890772751269],[-0.1620962005108595,51.49896225539675],[-0.1620635110884905,51.49895192380268],[-0.16208387911319733,51.49892359017659],[-0.1619764231145382,51.49889416075624],[-0.16195731237530708,51.49892077246693],[-0.16193862073123455,51.49891591974438],[-0.1619170792400837,51.4989446708135],[-0.16206493601202965,51.49898557974447],[-0.16206971369683743,51.49897937035553],[-0.16208069398999214,51.498982605499435],[-0.16199947334825993,51.49910006194028],[-0.1619318313896656,51.49908091202147],[-0.1619372796267271,51.49907355469355],[-0.16196167096495628,51.499079607530774],[-0.16198656521737576,51.49904537768208],[-0.16197659075260162,51.499042716519],[-0.1620194222778082,51.49898276203865],[-0.1620058435946703,51.49897900509731],[-0.1619634311646223,51.49903922048097],[-0.16195613890886307,51.499037289832984],[-0.16199897043406963,51.49897712662653],[-0.1619857270270586,51.49897347404422],[-0.16194281168282032,51.49903348071646],[-0.16193585470318794,51.49903149788855],[-0.1619786024093628,51.49897149121372],[-0.16196535900235176,51.49896783863096],[-0.16192244365811348,51.49902768877155],[-0.16191582195460796,51.499025862482455],[-0.1619584858417511,51.498965960159694],[-0.16194507479667664,51.49896225539675],[-0.16190207563340664,51.49902231426344],[-0.16189386136829853,51.49902022707565],[-0.16187667846679688,51.49904422972938],[-0.16187667846679688,51.49904422168532],[-0.16186938621103764,51.49905440476357],[-0.16187667846679688,51.49905659987562],[-0.16187667846679688,51.49905659630912],[-0.16190249472856522,51.49906437107691],[-0.16189738176763058,51.49907188494521],[-0.16187667846679688,51.49906630172376],[-0.16187667846679688,51.4990662787922],[-0.16184130683541298,51.49905670066843],[-0.1618114672601223,51.499100531556735],[-0.16186092048883438,51.49911331555788],[-0.16173452138900757,51.49929563067798],[-0.1618621777743101,51.4993776565903],[-0.16181917861104012,51.49940358968837],[-0.16200182028114796,51.49951008742724],[-0.16209997236728668,51.49945274252184]]]}},{"type":"Feature","properties":{"level_id":5,"building_id":"harrods","source_layer":"wall","geometry_tolerance_m":0.04},"geometry":{"type":"Polygon","coordinates":[[[-0.1639721542596817,51.49914384060733],[-0.16410249285399914,51.499063379663625],[-0.16421363689005375,51.499114985304715],[-0.16425009816884995,51.49914791061241],[-0.16424682922661304,51.499173217686945],[-0.16412713564932346,51.49924376434427],[-0.16410978510975838,51.49923259794275],[-0.16410981659703433,51.49923259794275],[-0.1639721542596817,51.49914384060733]]]}},{"type":"Feature","properties":{"level_id":1,"building_id":"harrods","source_layer":"wall","geometry_tolerance_m":0.04},"geometry":{"type":"Polygon","coordinates":[[[-0.1637700665742159,51.49943030546004],[-0.16369949094951153,51.49947147485105],[-0.16366629861295223,51.49945023792017],[-0.16373628750443459,51.499408703255256],[-0.1637700665742159,51.49943030546004]]]}},{"type":"Feature","properties":{"level_id":1,"building_id":"harrods","source_layer":"wall","geometry_tolerance_m":0.04},"geometry":{"type":"Polygon","coordinates":[[[-0.16384349204599857,51.49921553525854],[-0.16385422088205814,51.49920890846508],[-0.16396922059357166,51.499283055445545],[-0.16395840793848038,51.49928963004882],[-0.16384349204599857,51.49921553525854]]]}},{"type":"Feature","properties":{"level_id":1,"building_id":"harrods","source_layer":"wall","geometry_tolerance_m":0.04},"geometry":{"type":"Polygon","coordinates":[[[-0.16318819485604763,51.49938230054656],[-0.16319464892148972,51.49937843927961],[-0.16320319846272469,51.499373325709286],[-0.16321049071848392,51.49937833492103],[-0.16327419318258762,51.49933956569518],[-0.16323563642799854,51.49931467614786],[-0.1631641387939453,51.49935913293979],[-0.1631596963852644,51.499356106539864],[-0.1632316131144762,51.49931206717986],[-0.1631319522857666,51.49924778216095],[-0.16314460895955563,51.49924240767879],[-0.16324996948242188,51.49931036341754],[-0.16324996948242188,51.49931034526091],[-0.16329330392181873,51.499338313391235],[-0.1633748598396778,51.499289264793106],[-0.16338667832314968,51.49929672644495],[-0.16330470331013203,51.499345618497074],[-0.16334845684468746,51.49937384750223],[-0.16334912739694118,51.49937426493656],[-0.1633378118276596,51.499380161196],[-0.16329380683600903,51.49935219309134],[-0.16321501694619656,51.49939957188539],[-0.1632038690149784,51.49939237114674],[-0.16318819485604763,51.49938230054656]]]}},{"type":"Feature","properties":{"level_id":1,"building_id":"harrods","source_layer":"wall","geometry_tolerance_m":0.04},"geometry":{"type":"Polygon","coordinates":[[[-0.16334845684468746,51.49937384750223],[-0.16344107687473297,51.49943359275119],[-0.1634303480386734,51.499440219511996],[-0.1633367221802473,51.499379795940996],[-0.16334845684468746,51.49937384750223]]]}},{"type":"Feature","properties":{"level_id":1,"building_id":"harrods","source_layer":"wall","geometry_tolerance_m":0.04},"geometry":{"type":"Polygon","coordinates":[[[-0.16345348209142685,51.499455090585826],[-0.16346421092748642,51.499448516006396],[-0.16355054453015327,51.49950419118463],[-0.16353964805603027,51.49951071357685],[-0.16345348209142685,51.499455090585826]]]}},{"type":"Feature","properties":{"level_id":1,"building_id":"harrods","source_layer":"wall","geometry_tolerance_m":0.04},"geometry":{"type":"Polygon","coordinates":[[[-0.16364953480660915,51.49933460865853],[-0.16365883871912956,51.49932892111059],[-0.1637559849768877,51.49939059705153],[-0.163746178150177,51.49939644112962],[-0.16364953480660915,51.49933460865853]]]}},{"type":"Feature","properties":{"level_id":1,"building_id":"harrods","source_layer":"wall","geometry_tolerance_m":0.04},"geometry":{"type":"Polygon","coordinates":[[[-0.16221094876527786,51.49858087191939],[-0.16222000122070312,51.49858035011738],[-0.16222000122070312,51.49858036939415],[-0.1622372679412365,51.49857941087379],[-0.1622661016881466,51.498578575990564],[-0.1623429637402296,51.49857492337634],[-0.16271604225039482,51.498553790388144],[-0.16281251795589924,51.49855311204516],[-0.16284621320664883,51.49855608631822],[-0.16294972971081734,51.49857210564514],[-0.16296758316457272,51.498575862620015],[-0.16302826814353466,51.49859141231832],[-0.163028256703171,51.49859141231832],[-0.16308384016156197,51.498605657507056],[-0.16310546547174454,51.498612023487425],[-0.16335113905370235,51.498699633897104],[-0.1633912045508623,51.49871607061394],[-0.16359329223632812,51.49881359501188],[-0.16359329223632812,51.49881360175359],[-0.1642433926463127,51.49912735186521],[-0.1642492599785328,51.49913314379748],[-0.16425671987235546,51.499159390111885],[-0.16425454057753086,51.49916685178496],[-0.1642509363591671,51.49917400037975],[-0.16424582339823246,51.49918083589631],[-0.16415837674790382,51.49923259794275],[-0.1641584001481533,51.49923259794275],[-0.16398083952168643,51.499337687046946],[-0.1637973077595234,51.49944632447972],[-0.1637972835691656,51.49944632447972],[-0.16359329223632812,51.49956705657477],[-0.16359329223632812,51.499567067007035],[-0.1628885418176651,51.49998418458168],[-0.1628781482577324,51.499987628368615],[-0.16285132616758347,51.49999232444134],[-0.16284638084471226,51.499992480977085],[-0.16282073222100735,51.499989819869285],[-0.16281528398394585,51.49998841104744],[-0.16280606389045715,51.49998517597493],[-0.16256206668913364,51.4998464850689],[-0.16187667846679688,51.49944653319653],[-0.16187667846679688,51.49944653304532],[-0.16170568764209747,51.49934676644216],[-0.16169177368283272,51.499338313391235],[-0.16168707981705666,51.4993349739139],[-0.16167526133358479,51.49932375535536],[-0.16167073510587215,51.499316606784106],[-0.16167023219168186,51.49929229119749],[-0.16168054193258286,51.499274341485744],[-0.16187667846679688,51.49898950050227],[-0.16187667846679688,51.49898949322446],[-0.16213081777095795,51.49862042449291],[-0.16213995404541492,51.498609414479176],[-0.162145234644413,51.498604248642465],[-0.16215043142437935,51.49859996986814],[-0.16215629875659943,51.49859595199433],[-0.16217373311519623,51.49858781188527],[-0.16218353994190693,51.49858504633508],[-0.16219996847212315,51.498582072063925],[-0.16221094876527786,51.49858087191939]],[[-0.1620962005108595,51.49944731588465],[-0.16211061738431454,51.499456603782534],[-0.1621311530470848,51.49944387205687],[-0.1621257048100233,51.49944037604962],[-0.16213576309382915,51.499433279675856],[-0.16214917413890362,51.499441941426056],[-0.16214171424508095,51.49944632447972],[-0.1621417016617244,51.49944632447972],[-0.1621070969849825,51.4994666221871],[-0.16209494322538376,51.49945816915837],[-0.1620304025709629,51.499497303537396],[-0.16206996515393257,51.499522923492634],[-0.16208714805543423,51.49951269638393],[-0.1620869804173708,51.49951097447254],[-0.16210785135626793,51.49949850365783],[-0.16217599622905254,51.499459212742266],[-0.16219175420701504,51.499469335504614],[-0.16218597069382668,51.49947298804719],[-0.16212495043873787,51.49950961781502],[-0.1621354278177023,51.49951619238564],[-0.16219560988247395,51.499479197368885],[-0.16220172867178917,51.499482328119],[-0.16214389353990555,51.4995174446847],[-0.1621539518237114,51.49952386271681],[-0.16221161931753159,51.49948858961858],[-0.16221463680267334,51.499490468068274],[-0.16220910474658012,51.499493807534236],[-0.1622525230050087,51.499521410298144],[-0.16225813888013363,51.49951807083423],[-0.1622613240033388,51.499520053640936],[-0.16222000122070312,51.49954513329455],[-0.16222000122070312,51.49954515179246],[-0.16219108365476131,51.49956268396494],[-0.16220105811953545,51.49956904981161],[-0.16222000122070312,51.499557466057155],[-0.16222000122070312,51.499557469177695],[-0.1622710470110178,51.49952626295621],[-0.16227582469582558,51.49953022856889],[-0.16222000122070312,51.49956434259319],[-0.16222000122070312,51.49956435369529],[-0.16220726072788239,51.49957212837651],[-0.1622170675545931,51.49957849422185],[-0.16228605061769485,51.499536385703664],[-0.16229736618697643,51.49954327334501],[-0.16231505200266838,51.49953382892747],[-0.16232636757194996,51.49954118618109],[-0.16222000122070312,51.49960510491958],[-0.16222000122070312,51.49960510553299],[-0.1621958613395691,51.49961961129995],[-0.16222000122070312,51.49963380398836],[-0.16222000122070312,51.499633809144854],[-0.16246609389781952,51.499778548286],[-0.16258369199931622,51.49970706323609],[-0.16259467229247093,51.499714211746124],[-0.16254027374088764,51.49974567561273],[-0.16260623931884766,51.49978825354688],[-0.1625977735966444,51.499793314891804],[-0.16253164038062096,51.49975115439324],[-0.16247699037194252,51.499784496671936],[-0.16257095150649548,51.49984001490344],[-0.16263071447610855,51.49980406372552],[-0.1626385934650898,51.49980912506871],[-0.16257966868579388,51.499844502276346],[-0.16281737945973873,51.49997974940112],[-0.16284579411149025,51.499983662795756],[-0.16287957318127155,51.49997703611399],[-0.1630083192139864,51.49990304679861],[-0.16295517794787884,51.499868869747075],[-0.16296523623168468,51.49986281701467],[-0.16301829367876053,51.4998970462494],[-0.16320579685270786,51.499785435890715],[-0.16315123066306114,51.499750215173776],[-0.16316221095621586,51.499743744994674],[-0.1632566750049591,51.4996879135723],[-0.16326413489878178,51.49969266185482],[-0.16327218152582645,51.499697827568156],[-0.16325625590980053,51.49970758502519],[-0.16324426978826523,51.499699549472496],[-0.16319012269377708,51.49973190039023],[-0.16322415322065353,51.49975386769384],[-0.1632947288453579,51.499712176768924],[-0.16331207938492298,51.49972323869517],[-0.16340604051947594,51.49966730288975],[-0.1633693277835846,51.49964361363803],[-0.16325969249010086,51.49957400682277],[-0.16327058896422386,51.49956748443955],[-0.16341601498425007,51.49966130230953],[-0.16359329223632812,51.49955683990822],[-0.16359329223632812,51.499556840698475],[-0.16360267996788025,51.49955130892522],[-0.16353964805603027,51.49951071357685],[-0.16355054453015327,51.49950419118463],[-0.16359329223632812,51.49953174176312],[-0.16359329223632812,51.49953175926802],[-0.16361349262297153,51.49954478653879],[-0.16371709294617176,51.499483267343976],[-0.16369949094951153,51.49947147485105],[-0.16374260558211795,51.49944632447972],[-0.16374257393181324,51.49944632447972],[-0.1637700665742159,51.49943030546004],[-0.16373628750443459,51.499408703255256],[-0.16367292031645775,51.49944632447972],[-0.1636728930409956,51.49944632447972],[-0.16366629861295223,51.49945023792017],[-0.16366076655685902,51.499446950630215],[-0.163746178150177,51.49939644112962],[-0.1637559849768877,51.49939059705153],[-0.16381281428039074,51.49942717470637],[-0.16399947926402092,51.4993161371699],[-0.16395840793848038,51.49928963004882],[-0.16396922059357166,51.499283055445545],[-0.16401121392846107,51.49931013654344],[-0.16413702629506588,51.49923259794275],[-0.16413704133911775,51.49923259794275],[-0.16423501074314117,51.499172226276045],[-0.16423995606601238,51.49916481678335],[-0.16423802822828293,51.499140240218],[-0.1642351783812046,51.4991363789305],[-0.16404415480792522,51.499039690098016],[-0.16403510235249996,51.49903426341166],[-0.1639209408313036,51.499102879638855],[-0.16384491696953773,51.49905419604494],[-0.16386620700359344,51.49904099458985],[-0.16390342265367508,51.49906473633442],[-0.16397559083998203,51.499020070536545],[-0.1639133132994175,51.49898093574777],[-0.1638420671224594,51.49902424491205],[-0.1638464257121086,51.49902706261528],[-0.16382337547838688,51.49904036843378],[-0.16381599940359592,51.499035620083305],[-0.16380242072045803,51.499043760112386],[-0.16372798942029476,51.49899538953369],[-0.16371608711779118,51.49900253815534],[-0.16369085758924484,51.49898636244049],[-0.16371055506169796,51.49897759624423],[-0.16381415538489819,51.49902205336494],[-0.1638207770884037,51.49901605269977],[-0.1637172605842352,51.49897149121372],[-0.16372145153582096,51.498967734271446],[-0.16382496803998947,51.49901219140176],[-0.163831589743495,51.499006190735315],[-0.1637281570583582,51.4989616292396],[-0.16373234800994396,51.4989578722965],[-0.1638359483331442,51.49900232943648],[-0.1638425700366497,51.4989963287687],[-0.1637391373515129,51.498951819443135],[-0.1637434121221304,51.49894795813967],[-0.1638468448072672,51.49899231092985],[-0.163853382691741,51.49898646679995],[-0.1637499500066042,51.49894211400411],[-0.16376109793782234,51.49893214766405],[-0.16378222033381462,51.49891378037191],[-0.16359329223632812,51.49882418685528],[-0.16359329223632812,51.49882418753694],[-0.16336354427039623,51.49871523573324],[-0.16326279379427433,51.49880592456117],[-0.16325365751981735,51.49880195888548],[-0.16328140161931515,51.498776025445096],[-0.16326740384101868,51.49876939858774],[-0.16320621594786644,51.49874487398915],[-0.16324996948242188,51.49870513674832],[-0.16324996948242188,51.49870511280338],[-0.1632500533014536,51.49870506062334],[-0.16326245851814747,51.49870970464815],[-0.16324996948242188,51.49872123643803],[-0.16324996948242188,51.49872122415067],[-0.16322365030646324,51.49874550014928],[-0.16327159479260445,51.49876553726884],[-0.16332297585904598,51.498719253596505],[-0.16326178796589375,51.498693581009434],[-0.16324996948242188,51.498688258642005],[-0.16324996948242188,51.498688236663206],[-0.1630975864827633,51.49861932870968],[-0.16307713463902473,51.49861327581132],[-0.1629904166826077,51.49859141231832],[-0.1629903819411993,51.49859141231832],[-0.16295626759529114,51.4985828025867],[-0.16282676719129086,51.498562869747246],[-0.1628221571445465,51.49856260884616],[-0.16273649409413338,51.498562191404375],[-0.16273892484605312,51.49859141231832],[-0.16273889242082482,51.49859141231832],[-0.16274236142635345,51.49863367824997],[-0.16272752545773983,51.4986345131322],[-0.16268519684672356,51.49863691341844],[-0.16269181855022907,51.49862527724693],[-0.16272501088678837,51.49862313786082],[-0.16271931119263172,51.498563965531815],[-0.16256759874522686,51.498573357970145],[-0.16257044859230518,51.498586924822035],[-0.16257732175290585,51.49863279118762],[-0.16261386685073376,51.498630390901155],[-0.16261805780231953,51.49864051384759],[-0.1624866295605898,51.49864724508393],[-0.16248696483671665,51.49863947024497],[-0.1625612284988165,51.49863430441161],[-0.16256139613687992,51.49863425223148],[-0.1625536009669304,51.498573357970145],[-0.16234371811151505,51.498583637469835],[-0.1623526867479086,51.498645888400716],[-0.1623995415866375,51.49864479261808],[-0.16240591183304787,51.49865136731344],[-0.16231874004006386,51.498651889114626],[-0.16230633482336998,51.49865648096474],[-0.16228487715125084,51.49869613783278],[-0.1622737292200327,51.498692119967444],[-0.16229325905442238,51.49865324579764],[-0.16230826266109943,51.49864526223922],[-0.1623358391225338,51.49864400991618],[-0.16233759932219982,51.49864291413354],[-0.16233040209827265,51.49859141231832],[-0.1623303908854723,51.49859141231832],[-0.1623298041522503,51.4985871335428],[-0.16226794570684433,51.49858765534469],[-0.16221564263105392,51.49859010781364],[-0.16220315359532833,51.49859141231832],[-0.1622031296469946,51.49859141231832],[-0.1621981244534254,51.498591934120185],[-0.16218312084674835,51.498595325832184],[-0.16216836869716644,51.498601065651826],[-0.16215965151786804,51.49860607494844],[-0.16215579584240913,51.49860967538001],[-0.16208739951252937,51.49870172109959],[-0.1622367650270462,51.49874273460864],[-0.1622552890330553,51.498717427295105],[-0.1622672751545906,51.498721079897905],[-0.1622166484594345,51.498792670854215],[-0.16221572645008564,51.498793557913444],[-0.16220340505242348,51.49878896607714],[-0.16222000122070312,51.49876699830847],[-0.16222000122070312,51.49876700379725],[-0.16223207116127014,51.49875103123006],[-0.16222000122070312,51.49874773885007],[-0.16222000122070312,51.49874774388965],[-0.16208362765610218,51.49871053952896],[-0.16200014390051365,51.49882611819393],[-0.16214867122471333,51.498867653389766],[-0.162189407274127,51.498812655773094],[-0.16220005229115486,51.49881641272813],[-0.1620978768914938,51.498962464115806],[-0.16208454966545105,51.498958446273974],[-0.16208798624575138,51.49895369791494],[-0.1620575599372387,51.49894534915066],[-0.1620587334036827,51.4989437837572],[-0.16206007450819016,51.498944201195485],[-0.162079855799675,51.49891555448568],[-0.16197223216295242,51.49888695993775],[-0.16195110976696014,51.498917119880105],[-0.1619416382163763,51.49891430217008],[-0.16191624104976654,51.49895239342064],[-0.1619394589215517,51.498958654993004],[-0.16190718859434128,51.49900462534396],[-0.16192051582038403,51.499008277923735],[-0.16195261850953102,51.49896220321699],[-0.1619595754891634,51.49896408168837],[-0.16192873008549213,51.499008695361425],[-0.1619421411305666,51.49901219140176],[-0.16197273507714272,51.49896783863096],[-0.16197985969483852,51.49896956056287],[-0.1619491819292307,51.499014174230524],[-0.1619622576981783,51.49901767027049],[-0.161993270739913,51.49897316096573],[-0.16200022771954536,51.49897503943669],[-0.1619682926684618,51.49902116631017],[-0.16198161989450455,51.49902471452927],[-0.16201363876461983,51.49897863983912],[-0.16206401400268078,51.49898949322446],[-0.16207021661102772,51.49898088356804],[-0.1620799396187067,51.498981614084386],[-0.16208035871386528,51.49898208370206],[-0.16195982694625854,51.499154850492005],[-0.16194080002605915,51.499149006382936],[-0.16198648139834404,51.49908148599735],[-0.16185597516596317,51.4990479344857],[-0.16174206510186195,51.49921005641363],[-0.16187433153390884,51.49924720818714],[-0.16188422217965126,51.49923259794275],[-0.16188423161758445,51.49923259794275],[-0.16192453913390636,51.49917311332791],[-0.16194532625377178,51.49917916615192],[-0.16189268790185452,51.499246842931115],[-0.16189034096896648,51.49924840831417],[-0.16188782639801502,51.49925086074751],[-0.16188648529350758,51.49925305228362],[-0.16188564710319042,51.499256548305226],[-0.1618855632841587,51.499258844199886],[-0.16188631765544415,51.49926145317093],[-0.16188849695026875,51.49926447957719],[-0.16189034096896648,51.49926609713904],[-0.16189243644475937,51.499267401624394],[-0.1618964597582817,51.499269071365575],[-0.16190769150853157,51.49927241084774],[-0.16191255301237106,51.49927444584458],[-0.16191858798265457,51.499277680967566],[-0.1619262993335724,51.499282429292805],[-0.16194499097764492,51.49929521324296],[-0.1619340106844902,51.49930178784447],[-0.16190165653824806,51.49928091609027],[-0.16189679503440857,51.49927908981135],[-0.1618865691125393,51.49927595904728],[-0.16188145615160465,51.499273454435865],[-0.16187936067581177,51.49927173251544],[-0.16187768429517746,51.49926974969793],[-0.16187609173357487,51.49926719290673],[-0.16186838038265705,51.49925748753489],[-0.16186519525945187,51.499256078690394],[-0.16173334792256355,51.49921965743667],[-0.1617245901479743,51.49923259794275],[-0.16172463074326515,51.49923259794275],[-0.16168959438800812,51.499284307751],[-0.16168557107448578,51.499291404147954],[-0.16168305650353432,51.499297978750064],[-0.1616846490651369,51.49931451960981],[-0.16168657690286636,51.49931796344737],[-0.16169738955795765,51.49932892111059],[-0.16170132905244827,51.49933168661562],[-0.16172119416296482,51.49934358350342],[-0.16200064681470394,51.499504765155166],[-0.1620962005108595,51.49944731588465]]]}},{"type":"Feature","properties":{"level_id":1,"building_id":"harrods","source_layer":"wall","geometry_tolerance_m":0.04},"geometry":{"type":"Polygon","coordinates":[[[-0.16340117901563644,51.49927350661528],[-0.16346924006938934,51.49923259794275],[-0.1634692814201859,51.49923259794275],[-0.16348005272448063,51.49922612769015],[-0.16325960867106915,51.499083938439696],[-0.16330579295754433,51.499056178871854],[-0.16342473216354847,51.49913288289966],[-0.1634782087057829,51.499100792454755],[-0.16351324506103992,51.499123334037904],[-0.1634243968874216,51.49917671371469],[-0.16359329223632812,51.499286342747325],[-0.16359329223632812,51.49928635956227],[-0.16363570466637611,51.4993138934575],[-0.16362623311579227,51.49931968536606],[-0.1634913682937622,51.49923343281401],[-0.16341383568942547,51.499281176987296],[-0.16340117901563644,51.49927350661528]]]}},{"type":"Feature","properties":{"level_id":1,"building_id":"harrods","source_layer":"wall","geometry_tolerance_m":0.04},"geometry":{"type":"Polygon","coordinates":[[[-0.16324996948242188,51.49973861733176],[-0.16322415322065353,51.49975386769384],[-0.16319012269377708,51.49973190039023],[-0.16324426978826523,51.499699549472496],[-0.16324996948242188,51.49970337057448],[-0.16324996948242188,51.49970335853337],[-0.16325625590980053,51.49970758502519],[-0.16327218152582645,51.499697827568156],[-0.1632947288453579,51.499712176768924],[-0.16324996948242188,51.49973863146539],[-0.16324996948242188,51.49973861733176]]]}},{"type":"Feature","properties":{"level_id":1,"building_id":"harrods","source_layer":"wall","geometry_tolerance_m":0.04},"geometry":{"type":"Polygon","coordinates":[[[-0.1631358079612255,51.49974030118929],[-0.1631467044353485,51.499733726651044],[-0.16295509412884712,51.499610219077255],[-0.16294092871248722,51.49961809810864],[-0.16291888430714607,51.49960035724135],[-0.16292978078126907,51.49959383486191],[-0.1629114244133234,51.4995819902185],[-0.16299381852149963,51.499532420091526],[-0.16298250295221806,51.49952511501567],[-0.16300790011882782,51.49950982653158],[-0.16301837749779224,51.49951660981867],[-0.1630192995071411,51.499516088027406],[-0.16302013769745827,51.499516661997774],[-0.16309808939695358,51.49946980511726],[-0.16311644576489925,51.49948164978983],[-0.16312734223902225,51.499475127393424],[-0.1631526555866003,51.49949145947227],[-0.16314092092216015,51.49949746007485],[-0.16314184293150902,51.49949803404547],[-0.16323714517056942,51.49955950104129],[-0.16324804164469242,51.49955297865603],[-0.16327058896422386,51.49956748443955],[-0.16325969249010086,51.49957400682277],[-0.16340604051947594,51.49966730288975],[-0.16331207938492298,51.49972323869517],[-0.1632947288453579,51.499712176768924],[-0.16327218152582645,51.499697827568156],[-0.16326413489878178,51.49969266185482],[-0.1632566750049591,51.4996879135723],[-0.16324996948242188,51.49969187917091],[-0.16324996948242188,51.49969187676111],[-0.16316221095621586,51.499743744994674],[-0.16315123066306114,51.499750215173776],[-0.1631358079612255,51.49974030118929]]]}},{"type":"Feature","properties":{"level_id":5,"building_id":"harrods","source_layer":"wall","geometry_tolerance_m":0.04},"geometry":{"type":"Polygon","coordinates":[[[-0.1631744485348463,51.49976091183885],[-0.16321769915521145,51.49973508330186],[-0.16321501694619656,51.49973330921998],[-0.16324116848409176,51.49971760337459],[-0.1632778812199831,51.49974108387238],[-0.16320839524269104,51.49978308784375],[-0.1631744485348463,51.49976091183885]]]}},{"type":"Feature","properties":{"level_id":5,"building_id":"harrods","source_layer":"wall","geometry_tolerance_m":0.04},"geometry":{"type":"Polygon","coordinates":[[[-0.16422662883996964,51.499117333386096],[-0.16423936933279037,51.49912458634776],[-0.16425185836851597,51.49913617021224],[-0.164254205301404,51.499140031499735],[-0.16425655223429203,51.49916544293771],[-0.1642412133514881,51.49918537551366],[-0.16421631909906864,51.499203116542475],[-0.16419469378888607,51.499216213591694],[-0.16416685690900526,51.49923259794275],[-0.16416686587035656,51.49923259794275],[-0.1638441625982523,51.499422530754686],[-0.1638039294630289,51.49944632447972],[-0.16380390211774123,51.49944632447972],[-0.16359329223632812,51.49957079377428],[-0.16359329223632812,51.49957082389989],[-0.1628901343792677,51.49998637608249],[-0.16287462785840034,51.49999169829832],[-0.1628466323018074,51.499995142084686],[-0.16282827593386173,51.499993837620195],[-0.16281084157526493,51.499990028583625],[-0.1627839356660843,51.49997881018638],[-0.16187667846679688,51.4994486203648],[-0.16187667846679688,51.49944861990099],[-0.161872750469907,51.49944632447972],[-0.16187273897230625,51.49944632447972],[-0.1616797037422657,51.49933351289246],[-0.16167626716196537,51.499330590849496],[-0.1616628561168909,51.49930966692918],[-0.16166235320270061,51.499306431808435],[-0.16166511923074722,51.49929093453349],[-0.161669310182333,51.49928279454858],[-0.16209754161536694,51.49866029011275],[-0.16214456409215927,51.498599656787064],[-0.16218429431319237,51.49858264604612],[-0.16221128404140472,51.49858003703619],[-0.1627067383378744,51.49855232934172],[-0.1627768948674202,51.498551024835876],[-0.16282944940030575,51.498553529487],[-0.16284688375890255,51.49855530361481],[-0.16286423429846764,51.49855739082389],[-0.16292165033519268,51.498566470182254],[-0.16301720403134823,51.49859141231832],[-0.1630171938550571,51.49859141231832],[-0.16315131448209286,51.498626425210176],[-0.16319355927407742,51.49864040948734],[-0.1632321160286665,51.498653767598796],[-0.16324996948242188,51.49866192860734],[-0.16324996948242188,51.49866190769609],[-0.16392932273447514,51.49897248262897],[-0.1641621720045805,51.499085399469095],[-0.16422662883996964,51.499117333386096]],[[-0.16201439313590527,51.4995172359682],[-0.16205202788114548,51.49954040349459],[-0.16218798235058784,51.49945978671337],[-0.16219669952988625,51.49946542206584],[-0.16215587966144085,51.499489841918376],[-0.16217172145843506,51.499498921091],[-0.1621338352560997,51.49952167119375],[-0.16215252690017223,51.499532628808],[-0.162188820540905,51.49950982653158],[-0.162231819704175,51.49953716839025],[-0.16219720244407654,51.49955887489233],[-0.1622132956981659,51.49956831930467],[-0.16224799677729607,51.49954749985167],[-0.16226978972554207,51.49956070116008],[-0.16230197623372078,51.49954212540487],[-0.16231203451752663,51.49954817817985],[-0.16219141893088818,51.499621228849236],[-0.16222000122070312,51.49963792612863],[-0.16222000122070312,51.49963794028131],[-0.16247271560132504,51.49978569678481],[-0.1625759806483984,51.49972360394739],[-0.1625873800367117,51.49972981323492],[-0.1625340711325407,51.49976185105808],[-0.16257287934422493,51.49978903622912],[-0.16256156377494335,51.49979305399776],[-0.16252233646810055,51.49976785162505],[-0.16248319298028946,51.49979133209695],[-0.16255678609013557,51.499834275239806],[-0.1625923253595829,51.49981298629919],[-0.16257916577160358,51.499804533334725],[-0.16259022988379002,51.49979853277259],[-0.1626119390130043,51.4998120992598],[-0.16256650909781456,51.499839388758375],[-0.1627670880407095,51.49995746913464],[-0.16280019655823708,51.49997573164896],[-0.1628226600587368,51.49998376715294],[-0.16284034587442875,51.4999863239039],[-0.1628695148974657,51.49998329754558],[-0.16288426704704762,51.49997797532879],[-0.16303086653351784,51.499891619665135],[-0.16295911744236946,51.49984538931514],[-0.16293556429445744,51.4998595297545],[-0.16283422708511353,51.499794149752745],[-0.16284411773085594,51.49978809701042],[-0.1629358995705843,51.499847319928875],[-0.16295953653752804,51.49983317948576],[-0.16304084099829197,51.49988561911445],[-0.16320663504302502,51.49978820136806],[-0.16320663504302502,51.49978710561288],[-0.163031704723835,51.49967424269022],[-0.16304075717926025,51.49966881607941],[-0.1631766278296709,51.4997564244577],[-0.16321501694619656,51.49973330921998],[-0.16321769915521145,51.49973508330186],[-0.1631744485348463,51.49976091183885],[-0.16320839524269104,51.49978308784375],[-0.16324996948242188,51.499757956396465],[-0.16324996948242188,51.499757937644404],[-0.1632778812199831,51.49974108387238],[-0.16328198835253716,51.4997436928158],[-0.1634068787097931,51.49967006837426],[-0.16324996948242188,51.49956889327444],[-0.16324996948242188,51.49956888589693],[-0.16322926618158817,51.49955553543117],[-0.1632392406463623,51.499549534836234],[-0.16341685317456722,51.49966406779441],[-0.1636035181581974,51.49955297865603],[-0.16359329223632812,51.49954638864964],[-0.16359329223632812,51.49954640409072],[-0.16342498362064362,51.49943792362646],[-0.16343495808541775,51.49943192301603],[-0.16345733776688576,51.49944632447972],[-0.1634572997355758,51.49944632447972],[-0.16359329223632812,51.49953398546481],[-0.16359329223632812,51.499534001529454],[-0.1636160910129547,51.499548699970774],[-0.16372404992580414,51.499484884898095],[-0.16371767967939377,51.499480554027286],[-0.16377392634783522,51.49944632447972],[-0.1637739222496748,51.49944632447972],[-0.16379990614950657,51.499430514176964],[-0.1637652888894081,51.499409068510005],[-0.1637041848152876,51.49944632447972],[-0.1637041771737044,51.49944632447972],[-0.1637004967778921,51.499448568185585],[-0.16371374018490314,51.49945686467851],[-0.1636972278356552,51.49946688308302],[-0.16367996111512184,51.4994553514818],[-0.16369516680727716,51.49944632447972],[-0.16369513235986233,51.49944632447972],[-0.16375950537621975,51.499408129283495],[-0.16362170688807964,51.499318641778956],[-0.1636323519051075,51.499312223717965],[-0.1638136524707079,51.499429992384705],[-0.1640020776540041,51.49931780690929],[-0.16386997886002064,51.49923259794275],[-0.1638699858428902,51.49923259794275],[-0.16381926834583282,51.4991998814142],[-0.16382924281060696,51.499195028721346],[-0.16388747267711712,51.49923259794275],[-0.16388749703764915,51.49923259794275],[-0.16401113010942936,51.49931238025604],[-0.16414624638855457,51.49923259794275],[-0.16414625711183947,51.49923259794275],[-0.16424682922661304,51.499173217686945],[-0.16425009816884995,51.49914791061241],[-0.16421363689005375,51.499114985304715],[-0.16410249285399914,51.499063379663625],[-0.1639721542596817,51.49914384060733],[-0.16396787948906422,51.499141075090904],[-0.1640957873314619,51.49906437107691],[-0.16406829468905926,51.49905158706204],[-0.16399377956986427,51.49901547872307],[-0.1639275625348091,51.499055239638096],[-0.16390660777688026,51.49904172510526],[-0.16396863386034966,51.49900441662507],[-0.16392110846936703,51.49897817022145],[-0.16388473100960255,51.499001338021856],[-0.16387601383030415,51.49899570261201],[-0.16390970908105373,51.49897305660622],[-0.16379688866436481,51.498920146309246],[-0.1637108065187931,51.498971908651725],[-0.16373461112380028,51.498987249496],[-0.16364257782697678,51.499041672925586],[-0.1636301726102829,51.49903692457525],[-0.16363520175218582,51.499033845974196],[-0.16363805159926414,51.4990351504662],[-0.16365607269108295,51.49902116631017],[-0.16363151371479034,51.49900906061936],[-0.1636132411658764,51.49902309695884],[-0.16361676156520844,51.49902481888864],[-0.16361122950911522,51.49902847146683],[-0.1636035181581974,51.49902434927142],[-0.16359329223632812,51.49903241620796],[-0.16359329223632812,51.49903243712282],[-0.1635828148573637,51.49904068151179],[-0.1636291667819023,51.499067919292656],[-0.16342791728675365,51.49918005320362],[-0.16350938585870942,51.49923259794275],[-0.16350938938558102,51.49923259794275],[-0.16351626254618168,51.49923703319601],[-0.16352363862097263,51.49923259794275],[-0.16352364419291765,51.49923259794275],[-0.16359329223632812,51.4991907500025],[-0.16359329223632812,51.49919075400351],[-0.16361231915652752,51.49917932269045],[-0.16361667774617672,51.49918214038411],[-0.1635218784213066,51.499239120373886],[-0.16352171078324318,51.49923990306556],[-0.1635218784213066,51.4992406857572],[-0.16360812820494175,51.499296309009935],[-0.16359723173081875,51.49930283143192],[-0.16344853676855564,51.49920692564481],[-0.16326086595654488,51.4993196331867],[-0.16331912018358707,51.49935715012606],[-0.16330914571881294,51.49936320292562],[-0.16325089149177074,51.49932563381188],[-0.16324996948242188,51.49932620778469],[-0.16324996948242188,51.49932618809902],[-0.16306514851748943,51.49943729747585],[-0.1630791462957859,51.49944632447972],[-0.16307914430257053,51.49944632447972],[-0.16321384347975254,51.499533202778196],[-0.16320303082466125,51.49953972516627],[-0.16302281990647316,51.49942352216016],[-0.16299381852149963,51.49944095002098],[-0.1629832573235035,51.49943416672264],[-0.1630790624767542,51.49937650864598],[-0.1630829181522131,51.499375360701634],[-0.16295433975756168,51.499292447735655],[-0.16285560093820095,51.499351775656805],[-0.16281075775623322,51.49932292048581],[-0.16280279494822025,51.49932792970307],[-0.16277027316391468,51.499306953602144],[-0.1628400105983019,51.49926494919191],[-0.16278980299830437,51.49923259794275],[-0.16278980941187757,51.49923259794275],[-0.162782846018672,51.49922811050959],[-0.16278033144772053,51.49922821486854],[-0.16277300937716904,51.49923259794275],[-0.1627730391919613,51.49923259794275],[-0.1627126894891262,51.49926870610969],[-0.16271201893687248,51.499268288674415],[-0.16271092928946018,51.49926870610969],[-0.1626549381762743,51.49923259794275],[-0.16265496259089032,51.49923259794275],[-0.16261646524071693,51.499207760516526],[-0.16262736171483994,51.49920123808093],[-0.1627121865749359,51.499255922152116],[-0.16275099478662014,51.49923259794275],[-0.162751029066406,51.49923259794275],[-0.1628400105983019,51.49917916615192],[-0.16271579079329967,51.49909907052779],[-0.16270874999463558,51.49911065439878],[-0.16269768588244915,51.49912223826678],[-0.16268670558929443,51.49912782148138],[-0.1626636553555727,51.49913220456526],[-0.16264060512185097,51.49913319597704],[-0.1626245118677616,51.49914295355492],[-0.1626140344887972,51.49913617021224],[-0.16263708472251892,51.49912296878085],[-0.1626380905508995,51.49912286442171],[-0.16265451908111572,51.49912375147454],[-0.16267170198261738,51.49912202954846],[-0.16268561594188213,51.499116498512734],[-0.16269450075924397,51.499109506447695],[-0.16269927844405174,51.49909990540149],[-0.16269651241600513,51.499086651779976],[-0.16273087821900845,51.49906703223874],[-0.16274051740765572,51.49907324161575],[-0.1627169642597437,51.49908743447429],[-0.16285082325339317,51.49917373948216],[-0.1630692556500435,51.49904245562064],[-0.16297646798193455,51.49898265767919],[-0.16288493759930134,51.49903770727039],[-0.16286658123135567,51.499025862482455],[-0.16286482103168964,51.499025810302754],[-0.16281402669847012,51.49905633541081],[-0.16279131174087524,51.499041672925586],[-0.16276591457426548,51.499056909387036],[-0.16275719739496708,51.499051273984065],[-0.16278167255222797,51.49903546354426],[-0.16273615881800652,51.499006086375886],[-0.16274613328278065,51.499000137888345],[-0.162816122174263,51.499045273322736],[-0.16285786405205727,51.499020174895946],[-0.1627502404153347,51.498950775847646],[-0.16270766034722328,51.498976396110095],[-0.16271989792585373,51.49898427525105],[-0.16271084547042847,51.4989897541231],[-0.16265309415757656,51.49895249778018],[-0.16266239807009697,51.49894722762278],[-0.16267086379230022,51.49895270649927],[-0.16275795176625252,51.49890042233662],[-0.1626826822757721,51.49885189506614],[-0.16259567812085152,51.498904179284466],[-0.1626348216086626,51.49893011265192],[-0.16262685880064964,51.49893559153048],[-0.16254178248345852,51.49888075053536],[-0.16255720518529415,51.498872088678525],[-0.16254429705440998,51.4988547649599],[-0.16259240917861462,51.498792931754],[-0.16255334950983524,51.498792983933924],[-0.16254479996860027,51.498802898124495],[-0.16251110471785069,51.49879147071519],[-0.16249878332018852,51.49880592456117],[-0.1625285390764475,51.498815838748925],[-0.1625328976660967,51.498816777987656],[-0.16252543777227402,51.49882543985501],[-0.16252174973487854,51.49882397881723],[-0.16249199397861958,51.49881390809148],[-0.16247950494289398,51.49882825757052],[-0.16251353546977043,51.498839371891194],[-0.16250423155725002,51.498850225309695],[-0.16253046691417694,51.498866661972215],[-0.16252451576292515,51.49886958404491],[-0.16246852464973927,51.49883347556178],[-0.1624360866844654,51.498813699371766],[-0.16242451965808868,51.49880623764082],[-0.1624349132180214,51.49879992386755],[-0.16237959265708923,51.498763554429274],[-0.16237548552453518,51.49876590252876],[-0.16236701980233192,51.49876037144978],[-0.16234254464507103,51.49874539578926],[-0.16234338283538818,51.49874189972843],[-0.16238068230450153,51.498739812527816],[-0.16238730400800705,51.498760110549824],[-0.1624458096921444,51.49879820192922],[-0.16252568922936916,51.49875207483012],[-0.16253960318863392,51.498705582423895],[-0.16264756210148335,51.498693998449994],[-0.16272719018161297,51.498694728970946],[-0.1628068182617426,51.49872348017959],[-0.1627780683338642,51.498742786788654],[-0.16272056847810745,51.498777851744165],[-0.1627530064433813,51.498797941029494],[-0.1628090813755989,51.49876224992951],[-0.1627910602837801,51.49875077033002],[-0.16284210607409477,51.49871685331459],[-0.16273163259029388,51.498668638929274],[-0.16267807222902775,51.49866942163072],[-0.16267421655356884,51.49866248167726],[-0.16272911801934242,51.49865830726861],[-0.16271867413519273,51.49859141231832],[-0.162718640640378,51.49859141231832],[-0.16271403059363365,51.49856166960217],[-0.162567850202322,51.49857069677947],[-0.16255024820566177,51.49857299270869],[-0.16255167312920094,51.498574662475306],[-0.16256097704172134,51.498632530286926],[-0.1624785829335451,51.498635765455475],[-0.16247665509581566,51.498625329427085],[-0.1624926645308733,51.498624598904996],[-0.16249367035925388,51.49863164322451],[-0.16253935173153877,51.498629086397585],[-0.1625354123959594,51.49859141231832],[-0.16253541223704815,51.49859141231832],[-0.1625335682183504,51.498573775411785],[-0.16238948330283165,51.498581498081734],[-0.16240088269114494,51.49864176617072],[-0.1623870525509119,51.498642861953385],[-0.16237650811777177,51.49859141231832],[-0.16237649135291576,51.49859141231832],[-0.16237464733421803,51.49858233296493],[-0.1622503437101841,51.498588959849485],[-0.16225067898631096,51.49859141231832],[-0.16225067146606328,51.49859141231832],[-0.16225889325141907,51.498652932716965],[-0.1622476615011692,51.4986537154187],[-0.16223728043961222,51.49859141231832],[-0.1622372679412365,51.49859141231832],[-0.16223693266510963,51.4985893251108],[-0.16222000122070312,51.49858972564592],[-0.16222000122070312,51.498589742552326],[-0.16219502314925194,51.498590316534376],[-0.16219225712120533,51.49859141231832],[-0.16219221634391276,51.49859141231832],[-0.16215546056628227,51.498605761867395],[-0.1621425524353981,51.498622824779915],[-0.16219770535826683,51.498635921995884],[-0.16217281110584736,51.49867437873971],[-0.16225168481469154,51.498697285794236],[-0.16224799677729607,51.49870250380047],[-0.16222000122070312,51.49869429502031],[-0.16222000122070312,51.498694311530386],[-0.16216560266911983,51.49867834442651],[-0.16218974255025387,51.49864134872965],[-0.16213844530284405,51.49862887767699],[-0.16208840534090996,51.49869655527331],[-0.16222000122070312,51.498735585946235],[-0.16222000122070312,51.498735592589156],[-0.16222402453422546,51.49873678608671],[-0.16222000122070312,51.49874261506892],[-0.16222000122070312,51.49874263024864],[-0.16221941448748112,51.498743465128825],[-0.16208346001803875,51.49870323432131],[-0.1620559673756361,51.49874106484819],[-0.16219460405409336,51.49877889534366],[-0.16219016164541245,51.49878526129979],[-0.16205118969082832,51.49874805696973],[-0.16197524964809418,51.49885930460971],[-0.1619796920567751,51.49886363553958],[-0.16210852190852165,51.498899378739964],[-0.16214188188314438,51.498854295340976],[-0.16215420328080654,51.498858834990784],[-0.16208119690418243,51.49895881153233],[-0.16203828155994415,51.49894717544299],[-0.16206510365009308,51.498907675332816],[-0.16196083277463913,51.49888048963609],[-0.16195982694625854,51.49888116797422],[-0.16186569817364216,51.499017878989264],[-0.16188422217965126,51.49902226208374],[-0.16192328184843063,51.498964760025274],[-0.16193032264709473,51.49896658631681],[-0.16190978698432446,51.498997320183406],[-0.16192026436328888,51.499005825477326],[-0.16194423660635948,51.49897023889966],[-0.1619509421288967,51.49897201301121],[-0.1619306579232216,51.49900243379591],[-0.161941135302186,51.499011095627964],[-0.16196468845009804,51.498975613413904],[-0.16197189688682556,51.4989775440645],[-0.16193367540836334,51.49903400251324],[-0.1619536243379116,51.49903875086389],[-0.16200391575694084,51.49896371643007],[-0.16206535510718822,51.498979787793445],[-0.16198497265577316,51.4990968268047],[-0.16187667846679688,51.49906703223874],[-0.16187667846679688,51.49906701724001],[-0.1618414744734764,51.49905732682424],[-0.16174516640603542,51.49919821167049],[-0.16172136066900955,51.49923259794275],[-0.16172136180102825,51.49923259794275],[-0.1617129798978567,51.49924470357419],[-0.16181616112589836,51.49927183687427],[-0.1617488544434309,51.49936372471865],[-0.16183912754058838,51.49941590399132],[-0.1618735771626234,51.49939513664796],[-0.16196871176362038,51.49926197496512],[-0.16191934235394,51.49924960844115],[-0.16188355162739754,51.499293595682104],[-0.16187206842005253,51.49929046491903],[-0.16191020607948303,51.49924209460215],[-0.16197952441871166,51.49926061830021],[-0.1618882454931736,51.499391066665],[-0.16200726851820946,51.49931932011057],[-0.16200173646211624,51.49931571973505],[-0.1620777603238821,51.499269854056735],[-0.1620690431445837,51.49926750598323],[-0.16207080334424973,51.499264897012495],[-0.16202746890485287,51.49925367843676],[-0.1620298996567726,51.49925028677376],[-0.16209980472922325,51.4992683408538],[-0.16209594905376434,51.49927486327982],[-0.16208463348448277,51.49927173251544],[-0.16207960434257984,51.49927929852899],[-0.1620102021843195,51.49931932011057],[-0.16187667846679688,51.499399832781705],[-0.16187667846679688,51.4993998144584],[-0.16185639426112175,51.49941204272719],[-0.16185840591788292,51.499413921180064],[-0.16185698099434376,51.49941486040646],[-0.16186402179300785,51.49941898256654],[-0.1618566457182169,51.499425661508695],[-0.1618921011686325,51.49944632447972],[-0.16189209150457995,51.49944632447972],[-0.16200299374759197,51.49951097447254],[-0.16201439313590527,51.4995172359682]]]}},{"type":"Feature","properties":{"level_id":5,"building_id":"harrods","source_layer":"wall","geometry_tolerance_m":0.04},"geometry":{"type":"Polygon","coordinates":[[[-0.16379990614950657,51.499430514176964],[-0.16371767967939377,51.499480554027286],[-0.1636972278356552,51.49946688308302],[-0.16371374018490314,51.49945686467851],[-0.1637004967778921,51.499448568185585],[-0.1637652888894081,51.499409068510005],[-0.16379990614950657,51.499430514176964]]]}},{"type":"Feature","properties":{"level_id":5,"building_id":"harrods","source_layer":"wall","geometry_tolerance_m":0.04},"geometry":{"type":"Polygon","coordinates":[[[-0.16333596780896187,51.499368473034934],[-0.1634096447378397,51.4994155387366],[-0.16339967027306557,51.499421539349214],[-0.1633258257061243,51.49937431711584],[-0.16333596780896187,51.499368473034934]]]}},{"type":"Feature","properties":{"level_id":6,"building_id":"harrods","source_layer":"wall","geometry_tolerance_m":0.04},"geometry":{"type":"Polygon","coordinates":[[[-0.16279860399663448,51.498553842568384],[-0.16285140998661518,51.49855759954477],[-0.16293900087475777,51.4985712707618],[-0.16296163201332092,51.4985758104398],[-0.16305475495755672,51.49859866536369],[-0.16310353763401508,51.49861291055018],[-0.16324552707374096,51.49866081191382],[-0.16324996948242188,51.49866244679422],[-0.16324996948242188,51.49866242949713],[-0.16327586956322193,51.498671978455434],[-0.16336455009877682,51.49870667820508],[-0.16339288093149662,51.49871852307595],[-0.1642122957855463,51.49911232414567],[-0.16422185115516186,51.499117385565654],[-0.16423534601926804,51.49912568211883],[-0.16424733214080334,51.499136013673564],[-0.16425428912043571,51.499147023560056],[-0.1642558816820383,51.49915808562346],[-0.16424724832177162,51.49917358294357],[-0.1642335020005703,51.49918850628396],[-0.1641588617497247,51.49923259794275],[-0.1641589030623436,51.49923259794275],[-0.16324996948242188,51.49976957352675],[-0.16324996948242188,51.49976953998571],[-0.1629037968814373,51.49997406193367],[-0.16287135891616344,51.4999907590838],[-0.16285685822367668,51.49999279404858],[-0.16282936558127403,51.49999159394116],[-0.16280975192785263,51.499986741332606],[-0.16280271112918854,51.499984132403085],[-0.16278167255222797,51.49997395757643],[-0.16277119517326355,51.499968113572436],[-0.16187667846679688,51.49944820293118],[-0.16187667846679688,51.49944818919972],[-0.161701999604702,51.499346662083525],[-0.1616781111806631,51.49932787752374],[-0.16167467460036278,51.49932385971408],[-0.16166947782039642,51.4993151457621],[-0.16166805289685726,51.49931060615771],[-0.1616683043539524,51.499294534911],[-0.16213316470384598,51.49861932870968],[-0.16214992851018906,51.498598926264606],[-0.16216333955526352,51.498591934120185],[-0.1621650469798958,51.49859141231832],[-0.16216501593589783,51.49859141231832],[-0.1621817797422409,51.498586298659745],[-0.16221019439399242,51.49858222860453],[-0.16279860399663448,51.498553842568384]],[[-0.1622682809829712,51.499376456466706],[-0.16210030764341354,51.49926870610969],[-0.16207675449550152,51.499240424860005],[-0.16205621883273125,51.49923332845509],[-0.16206066124141216,51.49922257948674],[-0.1620450709015131,51.499218405129426],[-0.16207155771553516,51.499179479228985],[-0.1619601622223854,51.49915046741026],[-0.16195991076529026,51.499149058562494],[-0.16196577809751034,51.49914065765441],[-0.1619182527065277,51.49912865635454],[-0.16187667846679688,51.499191637054025],[-0.16187667846679688,51.49919161788517],[-0.16187215223908424,51.49919847256794],[-0.1618610881268978,51.499195811413784],[-0.16192948445677757,51.49909505269798],[-0.16187667846679688,51.49908232087134],[-0.16187667846679688,51.49908230596133],[-0.16183091327548027,51.49907125878957],[-0.16172311077968374,51.49923259794275],[-0.16172312200069427,51.49923259794275],[-0.16171247698366642,51.499248512673034],[-0.1617466751486063,51.49927058456845],[-0.16175472177565098,51.49927512417682],[-0.16179361380636692,51.499251121644676],[-0.1617952063679695,51.49925200869501],[-0.16175363212823868,51.499277524429374],[-0.16174457967281342,51.49927183687427],[-0.16168171539902687,51.49931102359261],[-0.1616818830370903,51.4993117541037],[-0.1618081983178854,51.49938991872102],[-0.1618278119713068,51.499377760948875],[-0.16183175146579742,51.49938031773385],[-0.16181247308850288,51.499392527684535],[-0.16186787746846676,51.49942686163098],[-0.16188740730285645,51.49941470386872],[-0.16189126297831535,51.4994172606516],[-0.16187206842005253,51.4994294184132],[-0.16189939342439175,51.49944632447972],[-0.16189936175051842,51.49944632447972],[-0.16193937510252,51.49947110959678],[-0.1619782962092792,51.49944632447972],[-0.16197826713323593,51.49944632447972],[-0.1620014850050211,51.49943155776148],[-0.16198497265577316,51.49942148716997],[-0.16199100762605667,51.49941757372707],[-0.1620075199753046,51.49942780085712],[-0.1620096992701292,51.49942639201791],[-0.16201715916395187,51.499431035969224],[-0.16210944391787052,51.499373795322924],[-0.16213785856962204,51.499356158719166],[-0.16217557713389397,51.49937927414817],[-0.16219183802604675,51.49936878611072],[-0.16213735565543175,51.49933586096259],[-0.16209284774959087,51.49936341164283],[-0.16209050081670284,51.49936189844303],[-0.16210583969950676,51.49935224527064],[-0.16209552995860577,51.49934577503507],[-0.16209703870117664,51.49934483580722],[-0.16210734844207764,51.49935130604294],[-0.16213785856962204,51.499332208409044],[-0.1620853040367365,51.499299074516955],[-0.16205965541303158,51.49931509358274],[-0.16207960434257984,51.49932792970307],[-0.16207491047680378,51.49933085174621],[-0.16208874061703682,51.49933956569518],[-0.16208723187446594,51.49934055710244],[-0.1620864775031805,51.49934013966782],[-0.1620717253535986,51.49933085174621],[-0.1620760839432478,51.49932808624109],[-0.16205772757530212,51.49931629370798],[-0.1620292291045189,51.49933403468586],[-0.16206057742238045,51.499353393215586],[-0.16207155771553516,51.49934655772489],[-0.16207382082939148,51.499347966566575],[-0.16197038814425468,51.49941272105741],[-0.16196569427847862,51.499409799019475],[-0.16205714084208012,51.499352871422445],[-0.16202696599066257,51.49933393032717],[-0.1619356032460928,51.499391484099135],[-0.1618735771626234,51.49935386282942],[-0.1618468388915062,51.49937076892397],[-0.1618429832160473,51.49936836867636],[-0.16186410561203957,51.49935521949155],[-0.161766204982996,51.49929469144911],[-0.16181507147848606,51.499263592527086],[-0.16183611005544662,51.49923259794275],[-0.16183611304399678,51.49923259794275],[-0.16185077838599682,51.49921099564423],[-0.16186201013624668,51.4992138655154],[-0.16184206120669842,51.49924402524147],[-0.162015650421381,51.499290308380864],[-0.1620390359312296,51.49925941817352],[-0.16222000122070312,51.49937609121167],[-0.16222000122070312,51.49937610418325],[-0.16222176142036915,51.49937723915602],[-0.16211237758398056,51.49944632447972],[-0.1621123623114342,51.49944632447972],[-0.16205898486077785,51.499480032235596],[-0.16208228655159473,51.49949469457985],[-0.16207474283874035,51.49949923416588],[-0.1620684564113617,51.49950304324349],[-0.1620630081743002,51.49949959941992],[-0.1620369404554367,51.4994949554756],[-0.16201598569750786,51.499507791545255],[-0.16201489605009556,51.499512748563035],[-0.1620466634631157,51.49953341149464],[-0.16205512918531895,51.49953341149464],[-0.16206828877329826,51.49952537591125],[-0.16206703148782253,51.499524593224464],[-0.16209125518798828,51.49950977435245],[-0.1620968710631132,51.49950622617112],[-0.1620984636247158,51.49950711321645],[-0.1621148083359003,51.4994968861042],[-0.16209913417696953,51.499487180781244],[-0.16226484440267086,51.49938543130335],[-0.1622682809829712,51.499376456466706]],[[-0.16197558492422104,51.49913851829251],[-0.16196820884943008,51.49914879766473],[-0.1620004791766405,51.49915730293037],[-0.162081029266119,51.49917859217726],[-0.16222000122070312,51.498980361770606],[-0.16222000122070312,51.49898037689806],[-0.162350507453084,51.49879423625288],[-0.16239602118730545,51.49872927216319],[-0.1623173989355564,51.49870782616625],[-0.16228705644607544,51.49869838157559],[-0.16222000122070312,51.4986810529897],[-0.16222000122070312,51.498681057790975],[-0.16221052967011929,51.498678605326944],[-0.16210399568080902,51.49889750026591],[-0.1620630919933319,51.49895510676876],[-0.16203727573156357,51.49894780160031],[-0.16204146668314934,51.49894211400411],[-0.16206929460167885,51.49890329222734],[-0.16200056299567223,51.4988845074848],[-0.16197281889617443,51.49892369453619],[-0.1620128843933344,51.498934443575024],[-0.16201062127947807,51.49893762654236],[-0.1619709748774767,51.49892666878506],[-0.16195873729884624,51.498943575038055],[-0.1620537880808115,51.498968203889234],[-0.16198480501770973,51.4990669800591],[-0.16194775700569153,51.499056909387036],[-0.16195756383240223,51.49904318613602],[-0.16192822717130184,51.499034993927154],[-0.16197164542973042,51.498974778537956],[-0.16195823438465595,51.498971021595935],[-0.1619154866784811,51.49903144570885],[-0.16190827824175358,51.499029462880856],[-0.16195119358599186,51.49896935184384],[-0.1619378663599491,51.498965699260935],[-0.16189520247280598,51.499025810302754],[-0.1618865691125393,51.49902341003698],[-0.16187667846679688,51.499037550731344],[-0.16187667846679688,51.499037531672734],[-0.16186201013624668,51.499058474776604],[-0.16196913085877895,51.499086964857696],[-0.16197558492422104,51.49913851829251]]]}},{"type":"Feature","properties":{"level_id":5,"building_id":"harrods","source_layer":"virtualobstacle","geometry_tolerance_m":0.06},"geometry":{"type":"Polygon","coordinates":[[[-0.1628291979432106,51.49855462527182],[-0.16277513466775417,51.498551964080065],[-0.1627752184867859,51.498551024835876],[-0.16323018819093704,51.49854126713129],[-0.16324996948242188,51.498542419618296],[-0.16324996948242188,51.49854241509661],[-0.16327855177223682,51.49854408486436],[-0.163401011377573,51.498589272930616],[-0.16340553760528564,51.49859141231832],[-0.16340550049321864,51.49859141231832],[-0.16354937106370926,51.498659977032105],[-0.1640391256660223,51.498908405850386],[-0.16434053890407085,51.499072458921205],[-0.1643359288573265,51.49911195888856],[-0.1642412133514881,51.49918537551366],[-0.16423962078988552,51.49918485371856],[-0.16425504349172115,51.49916476460382],[-0.16425546258687973,51.49916450370617],[-0.164254792034626,51.4991645558857],[-0.16425244510173798,51.49914029239753],[-0.16425018198788166,51.49913669200785],[-0.16423802822828293,51.499125316861836],[-0.16422545537352562,51.4991181682594],[-0.16359329223632812,51.498823503291355],[-0.16359329223632812,51.49882350919796],[-0.1632311102002859,51.49865470684088],[-0.16315056011080742,51.49862746881308],[-0.1629211474210024,51.4985675137865],[-0.1628291979432106,51.49855462527182]]]}},{"type":"Feature","properties":{"level_id":-1,"building_id":"harrods","source_layer":"virtualobstacle","geometry_tolerance_m":0.06},"geometry":{"type":"Polygon","coordinates":[[[-0.16296138055622578,51.49854836364392],[-0.16290010884404182,51.49852837860914],[-0.16323018819093704,51.49854126713129],[-0.16324996948242188,51.498542419618296],[-0.16324996948242188,51.49854241509661],[-0.16327855177223682,51.49854408486436],[-0.163401011377573,51.498589272930616],[-0.16340553760528564,51.49859141231832],[-0.16340550049321864,51.49859141231832],[-0.16354937106370926,51.498659977032105],[-0.1640391256660223,51.498908405850386],[-0.16434053890407085,51.499072458921205],[-0.1643359288573265,51.49911195888856],[-0.1642335020005703,51.49918850628396],[-0.16422981396317482,51.49918673218079],[-0.16424758359789848,51.49916554729674],[-0.16424800269305706,51.499148588946554],[-0.1642345916479826,51.499134865723164],[-0.16421816311776638,51.49912119467518],[-0.16392169520258904,51.4989798399732],[-0.16379387117922306,51.49891367601231],[-0.16355926170945168,51.49879768012971],[-0.1633737701922655,51.49871351379173],[-0.16324996948242188,51.49865888124981],[-0.16324996948242188,51.49865887425354],[-0.16309711615046385,51.49859141231832],[-0.163097083568573,51.49859141231832],[-0.16308375634253025,51.49858551595685],[-0.16296138055622578,51.49854836364392]]]}},{"type":"Feature","properties":{"level_id":6,"building_id":"harrods","source_layer":"virtualobstacle","geometry_tolerance_m":0.06},"geometry":{"type":"Polygon","coordinates":[[[-0.16279885545372963,51.49855530361481],[-0.16277463175356388,51.49855582541704],[-0.1627747155725956,51.49855499053342],[-0.16279860399663448,51.498553842568384],[-0.16323018819093704,51.49854126713129],[-0.16324996948242188,51.498542419618296],[-0.16324996948242188,51.49854241509661],[-0.16327855177223682,51.49854408486436],[-0.163401011377573,51.498589272930616],[-0.16340553760528564,51.49859141231832],[-0.16340550049321864,51.49859141231832],[-0.16354937106370926,51.498659977032105],[-0.1640391256660223,51.498908405850386],[-0.16434053890407085,51.499072458921205],[-0.1643359288573265,51.49911195888856],[-0.1642335020005703,51.49918850628396],[-0.16422981396317482,51.49918673218079],[-0.16424758359789848,51.49916554729674],[-0.1642492599785328,51.49914305791404],[-0.16424565576016903,51.49913789213778],[-0.16423492692410946,51.499127925840526],[-0.16422168351709843,51.499119681467334],[-0.16332951982130345,51.498711360883235],[-0.16321677714586258,51.49865976831168],[-0.16314201056957245,51.49863341734928],[-0.16299182044359842,51.49859141231832],[-0.16299180686473846,51.49859141231832],[-0.1629156991839409,51.49857012279713],[-0.16279885545372963,51.49855530361481]]]}},{"type":"Feature","properties":{"level_id":4,"building_id":"harrods","source_layer":"virtualobstacle","geometry_tolerance_m":0.06},"geometry":{"type":"Polygon","coordinates":[[[-0.16279885545372963,51.49855530361481],[-0.16277463175356388,51.49855582541704],[-0.1627747155725956,51.49855499053342],[-0.16279860399663448,51.498553842568384],[-0.16323018819093704,51.49854126713129],[-0.16324996948242188,51.498542419618296],[-0.16324996948242188,51.49854241509661],[-0.16327855177223682,51.49854408486436],[-0.163401011377573,51.498589272930616],[-0.16340553760528564,51.49859141231832],[-0.16340550049321864,51.49859141231832],[-0.16354937106370926,51.498659977032105],[-0.1640391256660223,51.498908405850386],[-0.16434053890407085,51.499072458921205],[-0.1643359288573265,51.49911195888856],[-0.16423886641860008,51.49918720179633],[-0.16422981396317482,51.49918673218079],[-0.16424758359789848,51.49916554729674],[-0.1642492599785328,51.49914305791404],[-0.16424565576016903,51.49913789213778],[-0.16423492692410946,51.499127925840526],[-0.16422168351709843,51.499119681467334],[-0.16392169520258904,51.4989798399732],[-0.16324996948242188,51.49867484836054],[-0.16324996948242188,51.49867483797309],[-0.16321677714586258,51.49865976831168],[-0.16314201056957245,51.49863341734928],[-0.1631238218396902,51.498626059949146],[-0.16299491007561906,51.49859141231832],[-0.16299490816891193,51.49859141231832],[-0.1629156991839409,51.49857012279713],[-0.16279885545372963,51.49855530361481]]]}},{"type":"Feature","properties":{"level_id":1,"building_id":"harrods","source_layer":"virtualobstacle","geometry_tolerance_m":0.06},"geometry":{"type":"Polygon","coordinates":[[[-0.16279885545372963,51.49855530361481],[-0.16277463175356388,51.49855582541704],[-0.1627747155725956,51.49855499053342],[-0.16280639916658401,51.49855175535913],[-0.16323018819093704,51.49854126713129],[-0.16324996948242188,51.498542419618296],[-0.16324996948242188,51.49854241509661],[-0.16327855177223682,51.49854408486436],[-0.163401011377573,51.498589272930616],[-0.16340553760528564,51.49859141231832],[-0.16340550049321864,51.49859141231832],[-0.16354937106370926,51.498659977032105],[-0.1640391256660223,51.498908405850386],[-0.16434053890407085,51.499072458921205],[-0.1643359288573265,51.49911195888856],[-0.16424582339823246,51.49918083589631],[-0.16422981396317482,51.49918673218079],[-0.16424758359789848,51.49916554729674],[-0.1642492599785328,51.49914305791404],[-0.16424565576016903,51.49913789213778],[-0.16423492692410946,51.499127925840526],[-0.16422168351709843,51.499119681467334],[-0.16392169520258904,51.4989798399732],[-0.16379387117922306,51.49891367601231],[-0.16355926170945168,51.49879768012971],[-0.1633737701922655,51.49871351379173],[-0.1633133366703987,51.49868737158073],[-0.16324996948242188,51.49866472542172],[-0.16324996948242188,51.49866471636622],[-0.16315089538693428,51.49862929511815],[-0.1630442775785923,51.498598247922246],[-0.16301302754945207,51.49859141231832],[-0.16301301307976246,51.49859141231832],[-0.1629156991839409,51.49857012279713],[-0.16279885545372963,51.49855530361481]]]}},{"type":"Feature","properties":{"level_id":2,"building_id":"harrods","source_layer":"virtualobstacle","geometry_tolerance_m":0.06},"geometry":{"type":"Polygon","coordinates":[[[-0.16279885545372963,51.49855530361481],[-0.16277463175356388,51.49855582541704],[-0.1627747155725956,51.49855499053342],[-0.16280639916658401,51.49855175535913],[-0.16323018819093704,51.49854126713129],[-0.16324996948242188,51.498542419618296],[-0.16324996948242188,51.49854241509661],[-0.16327855177223682,51.49854408486436],[-0.163401011377573,51.498589272930616],[-0.16340553760528564,51.49859141231832],[-0.16340550049321864,51.49859141231832],[-0.16354937106370926,51.498659977032105],[-0.1640391256660223,51.498908405850386],[-0.16434053890407085,51.499072458921205],[-0.1643359288573265,51.49911195888856],[-0.16424297355115414,51.49918490589809],[-0.16422981396317482,51.49918673218079],[-0.16424758359789848,51.49916554729674],[-0.1642492599785328,51.49914305791404],[-0.16424565576016903,51.49913789213778],[-0.16423492692410946,51.499127925840526],[-0.16422168351709843,51.499119681467334],[-0.16392169520258904,51.4989798399732],[-0.16379387117922306,51.49891367601231],[-0.16355926170945168,51.49879768012971],[-0.1633737701922655,51.49871351379173],[-0.1633133366703987,51.49868737158073],[-0.16324996948242188,51.49866472542172],[-0.16324996948242188,51.49866471636622],[-0.16315089538693428,51.49862929511815],[-0.1630442775785923,51.498598247922246],[-0.16301302754945207,51.49859141231832],[-0.16301301307976246,51.49859141231832],[-0.1629156991839409,51.49857012279713],[-0.16279885545372963,51.49855530361481]]]}},{"type":"Feature","properties":{"level_id":3,"building_id":"harrods","source_layer":"virtualobstacle","geometry_tolerance_m":0.06},"geometry":{"type":"Polygon","coordinates":[[[-0.16279885545372963,51.49855530361481],[-0.16277463175356388,51.49855582541704],[-0.1627747155725956,51.49855499053342],[-0.16279860399663448,51.498553842568384],[-0.16323018819093704,51.49854126713129],[-0.16324996948242188,51.498542419618296],[-0.16324996948242188,51.49854241509661],[-0.16327855177223682,51.49854408486436],[-0.163401011377573,51.498589272930616],[-0.16340553760528564,51.49859141231832],[-0.16340550049321864,51.49859141231832],[-0.16354937106370926,51.498659977032105],[-0.1640391256660223,51.498908405850386],[-0.16434053890407085,51.499072458921205],[-0.1643359288573265,51.49911195888856],[-0.16424632631242275,51.49918083589631],[-0.16422981396317482,51.49918673218079],[-0.16424758359789848,51.49916554729674],[-0.1642492599785328,51.49914305791404],[-0.16424565576016903,51.49913789213778],[-0.16423492692410946,51.499127925840526],[-0.16422168351709843,51.499119681467334],[-0.16392169520258904,51.4989798399732],[-0.16378817148506641,51.49891560666549],[-0.16336530447006226,51.498716331514174],[-0.163302943110466,51.498691076366015],[-0.16324996948242188,51.498672291535996],[-0.16324996948242188,51.49867227592214],[-0.1631325390189886,51.49863059962172],[-0.1631238218396902,51.498626059949146],[-0.16299491007561906,51.49859141231832],[-0.16299490816891193,51.49859141231832],[-0.1629156991839409,51.49857012279713],[-0.16279885545372963,51.49855530361481]]]}},{"type":"Feature","properties":{"level_id":4,"building_id":"harrods","source_layer":"virtualobstacle","geometry_tolerance_m":0.06},"geometry":{"type":"Polygon","coordinates":[[[-0.16324996948242188,51.4991362071337],[-0.16319062560796738,51.49917316550744],[-0.16316313296556473,51.49915432869656],[-0.1630373692553405,51.49923259794275],[-0.16303740441799164,51.49923259794275],[-0.16286205500364304,51.49934170504767],[-0.16282089985907078,51.49932292048581],[-0.16324996948242188,51.49905014035626],[-0.16324996948242188,51.499050126031534],[-0.16334183514118195,51.49899173695286],[-0.1634614448994398,51.49906958904114],[-0.1635920349508524,51.49897545687466],[-0.16361952759325504,51.498986571159435],[-0.16359329223632812,51.499005753317235],[-0.16359329223632812,51.499005773297625],[-0.16346965916454792,51.49909614846982],[-0.16339405439794064,51.49904647345508],[-0.16324996948242188,51.4991362223918],[-0.16324996948242188,51.4991362071337]]]}},{"type":"Feature","properties":{"level_id":0,"building_id":"harrods","source_layer":"virtualobstacle","geometry_tolerance_m":0.06},"geometry":{"type":"Polygon","coordinates":[[[-0.16324996948242188,51.4989260426274],[-0.1633334532380104,51.49886076564633],[-0.1633345428854227,51.498860661286585],[-0.16344049014151096,51.49890877110917],[-0.1634407415986061,51.49890944944684],[-0.16335289925336838,51.49898641462022],[-0.16335172578692436,51.498986518979706],[-0.16328140161931515,51.4989530195779],[-0.16324996948242188,51.49893809616046],[-0.16324996948242188,51.49893808975932],[-0.16324108466506004,51.498933869597266],[-0.1632409170269966,51.49893313908018],[-0.16324996948242188,51.49892605907035],[-0.16324996948242188,51.4989260426274]],[[-0.16324996948242188,51.49892775259995],[-0.16324276104569435,51.49893339997914],[-0.1632653921842575,51.49894414901567],[-0.16335206106305122,51.498985423205255],[-0.16343889757990837,51.49890929290737],[-0.16333420760929585,51.49886175706402],[-0.16324996948242188,51.498927764560904],[-0.16324996948242188,51.49892775259995]]]}},{"type":"Feature","properties":{"level_id":0,"building_id":"harrods","source_layer":"virtualobstacle","geometry_tolerance_m":0.06},"geometry":{"type":"Polygon","coordinates":[[[-0.163215771317482,51.4989222856814],[-0.16321551986038685,51.498922181321774],[-0.16319104470312595,51.49890501416169],[-0.1631657313555479,51.498887533916076],[-0.16315785236656666,51.49888247247054],[-0.16311384737491608,51.49886165270425],[-0.16306104138493538,51.49883665853616],[-0.16306078992784023,51.498836032377255],[-0.16307394951581955,51.49881771722636],[-0.16307411715388298,51.4988176128665],[-0.16307772137224674,51.49881542130947],[-0.16307822428643703,51.49881526476966],[-0.16309037804603577,51.498814690790454],[-0.16312390565872192,51.49880441134286],[-0.16315382905304432,51.49878082600259],[-0.16315491870045662,51.49878072164262],[-0.16324996948242188,51.49882300992764],[-0.16324996948242188,51.49882298739874],[-0.16331207938492298,51.498850642748806],[-0.1633122470229864,51.49885137326726],[-0.16324996948242188,51.49890016143749],[-0.16324996948242188,51.49890013652764],[-0.16322054900228977,51.49892317273813],[-0.1632196269929409,51.49892332927752],[-0.163215771317482,51.4989222856814]],[[-0.1633104868233204,51.498851164547716],[-0.16324996948242188,51.49882423971684],[-0.16324996948242188,51.49882423145208],[-0.16315466724336147,51.498781817421985],[-0.16312507912516594,51.49880514186205],[-0.1631248276680708,51.498805246221934],[-0.16309096477925777,51.49881563002921],[-0.1630906295031309,51.49881568220914],[-0.1630786433815956,51.49881625618835],[-0.1630753744393587,51.49881823902561],[-0.16306255012750626,51.49883608455718],[-0.16310228034853935,51.49885492149957],[-0.16315885819494724,51.49888168977276],[-0.16315894201397896,51.4988817419526],[-0.16316690482199192,51.498886855578036],[-0.16319221816956997,51.49890433582394],[-0.16319221816956997,51.49890438800375],[-0.16321660950779915,51.49892145080449],[-0.16321971081197262,51.4989222856814],[-0.1633104868233204,51.498851164547716]]]}},{"type":"Feature","properties":{"level_id":0,"building_id":"harrods","source_layer":"virtualobstacle","geometry_tolerance_m":0.06},"geometry":{"type":"Polygon","coordinates":[[[-0.16340947709977627,51.49901396551172],[-0.163378631696105,51.49899930301282],[-0.16337846405804157,51.49899857249676],[-0.16346714459359646,51.49892145080449],[-0.16346823424100876,51.498921294265045],[-0.16359438188374043,51.49897853547964],[-0.16359454952180386,51.49897926599607],[-0.16349882818758488,51.499056387590485],[-0.16349773854017258,51.49905649194977],[-0.16340947709977627,51.49901396551172]],[[-0.16359278932213783,51.49897900509731],[-0.1634679827839136,51.49892244222082],[-0.1633802242577076,51.49899878121565],[-0.16342607326805592,51.49902059233352],[-0.1634259894490242,51.499020644513195],[-0.16349807381629944,51.49905534399741],[-0.16359278932213783,51.49897900509731]]]}},{"type":"Feature","properties":{"level_id":0,"building_id":"harrods","source_layer":"virtualobstacle","geometry_tolerance_m":0.06},"geometry":{"type":"Polygon","coordinates":[[[-0.16357040964066982,51.499008956259985],[-0.1635909453034401,51.49899147605419],[-0.16359119676053524,51.49899137169473],[-0.16359329223632812,51.49899043245958],[-0.16359329223632812,51.498990445315464],[-0.1635969802737236,51.49898881488795],[-0.16359714791178703,51.49898876270822],[-0.1636002492159605,51.49898803219196],[-0.1636007521301508,51.49898798001223],[-0.16362614929676056,51.49899236310955],[-0.16364039853215218,51.4989948155567],[-0.16364794224500656,51.49899455465808],[-0.16364827752113342,51.49899460683781],[-0.16367116011679173,51.49900076404495],[-0.1636714953929186,51.49900092058411],[-0.16369320452213287,51.499016313598304],[-0.16369320452213287,51.49901699193441],[-0.163692869246006,51.499017148473484],[-0.16378674656152725,51.49907772906414],[-0.16378674656152725,51.49907845957898],[-0.16362455673515797,51.49917593102194],[-0.16362338326871395,51.49917593102194],[-0.16359329223632812,51.499155680295075],[-0.16359329223632812,51.499155685364656],[-0.16354995779693127,51.49912651699205],[-0.1634836569428444,51.4990834688231],[-0.16348357312381268,51.49908279048796],[-0.16349798999726772,51.49907063263393],[-0.16349907964468002,51.49907052827464],[-0.16351114958524704,51.49907621585484],[-0.1635218784213066,51.49906958904114],[-0.163508802652359,51.499062231711406],[-0.1635087188333273,51.49906155337598],[-0.16352917067706585,51.499044177549735],[-0.16353026032447815,51.49904407319039],[-0.16355113126337528,51.49905315245181],[-0.16356093809008598,51.49904532550241],[-0.163539731875062,51.49903603752074],[-0.16353956423699856,51.499035307005244],[-0.16355649568140507,51.49902090541167],[-0.16355758532881737,51.499020801052296],[-0.16357208602130413,51.4990275322325],[-0.16357225365936756,51.499028262748084],[-0.16356345266103745,51.49903468084909],[-0.16359731554985046,51.4990514827027],[-0.16362497583031654,51.49903029775584],[-0.16360578127205372,51.49902100977107],[-0.16360159032046795,51.49902414055268],[-0.16360050067305565,51.49902419273235],[-0.16357057727873325,51.49900968677588],[-0.16357040964066982,51.499008956259985]],[[-0.16359329223632812,51.49899163259337],[-0.16359220258891582,51.498992102210934],[-0.16357216984033585,51.499009164978816],[-0.1636008359491825,51.49902309695884],[-0.1636051107198,51.49901996617717],[-0.1636062003672123,51.49901991399747],[-0.16362665221095085,51.499029775958974],[-0.16362673602998257,51.499030506474554],[-0.1635980699211359,51.49905247411624],[-0.1635968964546919,51.499052578475556],[-0.16359329223632812,51.499050789920894],[-0.16359329223632812,51.49905080436713],[-0.16356177628040314,51.4990351504662],[-0.16356169246137142,51.4990344199507],[-0.16357040964066982,51.499028001849666],[-0.1635572500526905,51.499021896825894],[-0.16354132443666458,51.49903551572393],[-0.16356253065168858,51.49904480370574],[-0.163562698289752,51.499045534221096],[-0.16355188563466072,51.499054143865294],[-0.16355079598724842,51.49905424822461],[-0.163530008867383,51.49904516896342],[-0.1635103952139616,51.49906181427423],[-0.16352363862097263,51.499069223783664],[-0.16352363862097263,51.49906995429862],[-0.16351182013750076,51.49907725944749],[-0.16351073049008846,51.499077311627104],[-0.16349874436855316,51.49907162404705],[-0.16348524950444698,51.499083051386094],[-0.16353093087673187,51.49911268940281],[-0.16353126615285873,51.49911248068446],[-0.16362397000193596,51.49917483525206],[-0.16378507018089294,51.49907809432153],[-0.16369110904634,51.49901751373139],[-0.1636911928653717,51.49901678321558],[-0.16369152814149857,51.49901657449681],[-0.1636704057455063,51.499001651100144],[-0.16364785842597485,51.49899554607288],[-0.16364031471312046,51.498995806971465],[-0.16364006325602531,51.498995806971465],[-0.16362573020160198,51.49899335452437],[-0.16360058449208736,51.49898902360687],[-0.16359781846404076,51.498989649763644],[-0.16359329223632812,51.49899162636295],[-0.16359329223632812,51.49899163259337]]]}},{"type":"Feature","properties":{"level_id":2,"building_id":"harrods","source_layer":"virtualobstacle","geometry_tolerance_m":0.06},"geometry":{"type":"Polygon","coordinates":[[[-0.16328257508575916,51.49886624453322],[-0.1633115764707327,51.49883885009214],[-0.16359329223632812,51.498961420520544],[-0.16359329223632812,51.49896144284056],[-0.1636215392500162,51.49897373494298],[-0.16359329223632812,51.49899808660937],[-0.16359329223632812,51.498998102879256],[-0.16359169967472553,51.49899945955198],[-0.16328257508575916,51.49886624453322]],[[-0.16361969523131847,51.498974048021466],[-0.16359329223632812,51.49896255624245],[-0.16359329223632812,51.49896256847532],[-0.16331182792782784,51.498840050229916],[-0.1632844191044569,51.49886593145399],[-0.1635914482176304,51.49899831159814],[-0.16361969523131847,51.498974048021466]]]}},{"type":"Feature","properties":{"level_id":2,"building_id":"harrods","source_layer":"virtualobstacle","geometry_tolerance_m":0.06},"geometry":{"type":"Polygon","coordinates":[[[-0.1631389930844307,51.49908691267808],[-0.16313857398927212,51.499086651779976],[-0.1631390769034624,51.499085816906046],[-0.1632479578256607,51.499154798312446],[-0.16331098973751068,51.499116863769814],[-0.16331140883266926,51.49911660287188],[-0.16331199556589127,51.49911743774524],[-0.16324996948242188,51.499154798312446],[-0.16324996948242188,51.49915478711111],[-0.1632479578256607,51.49915599844189],[-0.1631389930844307,51.49908691267808]]]}},{"type":"Feature","properties":{"level_id":2,"building_id":"harrods","source_layer":"virtualobstacle","geometry_tolerance_m":0.06},"geometry":{"type":"Polygon","coordinates":[[[-0.16386603936553001,51.49919602013176],[-0.16381222754716873,51.49916085113887],[-0.16379906795918941,51.49915224151482],[-0.16377534717321396,51.499136796367],[-0.16377534717321396,51.49913611803268],[-0.16383754089474678,51.499098653090954],[-0.16383863054215908,51.499098653090954],[-0.16392823308706284,51.499157981264375],[-0.16392823308706284,51.49915865959838],[-0.16386721283197403,51.49919602013176],[-0.16386603936553001,51.49919602013176]],[[-0.16386670991778374,51.49919492436237],[-0.16392655670642853,51.49915829434158],[-0.16383804380893707,51.49909969668309],[-0.16377710737287998,51.49913648328962],[-0.16380024142563343,51.49915156318073],[-0.16381340101361275,51.49916017280492],[-0.16386670991778374,51.49919492436237]]]}},{"type":"Feature","properties":{"level_id":2,"building_id":"harrods","source_layer":"virtualobstacle","geometry_tolerance_m":0.06},"geometry":{"type":"Polygon","coordinates":[[[-0.16344635747373104,51.49906087504053],[-0.16344627365469933,51.4990609272202],[-0.16343185678124428,51.499054665661845],[-0.16343168914318085,51.49905393514666],[-0.16351299360394478,51.49898333601578],[-0.16351408325135708,51.49898317947657],[-0.1635659672319889,51.499006503813604],[-0.16356613487005234,51.499007182149825],[-0.16348290257155895,51.49907574623816],[-0.16348181292414665,51.49907585059742],[-0.16344635747373104,51.49906087504053]],[[-0.16356437467038631,51.499007025610695],[-0.16351383179426193,51.49898427525105],[-0.16343344934284687,51.499054143865294],[-0.16344308853149414,51.499058266058],[-0.1634820643812418,51.49907475482513],[-0.16356437467038631,51.499007025610695]]]}},{"type":"Feature","properties":{"level_id":2,"building_id":"harrods","source_layer":"virtualobstacle","geometry_tolerance_m":0.06},"geometry":{"type":"Polygon","coordinates":[[[-0.16374299302697182,51.49911602889645],[-0.16364509239792824,51.49905190013999],[-0.16364467330276966,51.49905158706204],[-0.16364526003599167,51.499050752187486],[-0.16374299302697182,51.499114828765954],[-0.16384407877922058,51.49905242193657],[-0.16384449787437916,51.499052161038264],[-0.16384500078856945,51.49905299591282],[-0.16374299302697182,51.49911602889645]]]}},{"type":"Feature","properties":{"level_id":2,"building_id":"harrods","source_layer":"virtualobstacle","geometry_tolerance_m":0.06},"geometry":{"type":"Polygon","coordinates":[[[-0.1632473710924387,51.499155737544186],[-0.16315382905304432,51.49909646154745],[-0.16315399669110775,51.49909630500861],[-0.16297965310513973,51.498984327430776],[-0.16297965310513973,51.49898359691446],[-0.163000775501132,51.49897086505669],[-0.16296925954520702,51.498950514948746],[-0.16296900808811188,51.49895072366786],[-0.16296783462166786,51.49895072366786],[-0.16294344328343868,51.498933869597266],[-0.16294344328343868,51.498933191259965],[-0.16294922679662704,51.49892969521352],[-0.16294889152050018,51.49892948649432],[-0.1629489753395319,51.49892880815693],[-0.16307570971548557,51.49885252122482],[-0.16312398947775364,51.498814899510165],[-0.16312507912516594,51.49881479515031],[-0.16315852291882038,51.49882956206838],[-0.1631586905568838,51.49883029258717],[-0.16315517015755177,51.49883311030243],[-0.16319414600729942,51.49884845119337],[-0.16319707967340946,51.498846155278045],[-0.16319816932082176,51.498846050918246],[-0.16324996948242188,51.49886871404652],[-0.16324996948242188,51.49886869698716],[-0.16349203884601593,51.49897462199871],[-0.16349229030311108,51.49897530033542],[-0.16338768415153027,51.499071571867375],[-0.16338760033249855,51.49907167622666],[-0.1632485445588827,51.499155789723744],[-0.1632473710924387,51.499155737544186]],[[-0.16338642686605453,51.49907099789138],[-0.16349053010344505,51.49897519597593],[-0.1631978340446949,51.49884714669602],[-0.16319490037858486,51.498849442611316],[-0.16319389455020428,51.498849546971115],[-0.16315357759594917,51.498833684281436],[-0.16315332613885403,51.4988329537627],[-0.1631569303572178,51.49883008386752],[-0.1631248276680708,51.49881589092885],[-0.1630769670009613,51.49885314738347],[-0.1630768831819296,51.49885319956334],[-0.1629506517201662,51.49892917341552],[-0.16295098699629307,51.49892938213472],[-0.16295090317726135,51.498930060472105],[-0.162945119664073,51.49893355651852],[-0.16296842135488987,51.49894962789256],[-0.16296875663101673,51.4989494713532],[-0.16296993009746075,51.4989494713532],[-0.16300253570079803,51.49897049979842],[-0.16300245188176632,51.498971230314964],[-0.16298132948577404,51.498983962172616],[-0.1631880272179842,51.49911670723105],[-0.1632479578256607,51.49915469395336],[-0.16338642686605453,51.49907099789138]]]}},{"type":"Feature","properties":{"level_id":2,"building_id":"harrods","source_layer":"virtualobstacle","geometry_tolerance_m":0.06},"geometry":{"type":"Polygon","coordinates":[[[-0.1634314376860857,51.49905440476357],[-0.16351349651813507,51.49898302293738],[-0.1635664701461792,51.49900676471216],[-0.16348122619092464,51.499076007136324],[-0.1634314376860857,51.49905440476357]],[[-0.16356454230844975,51.499007025610695],[-0.16351374797523022,51.49898417089159],[-0.16343328170478344,51.49905409168565],[-0.1634810585528612,51.49907485918442],[-0.16356454230844975,51.499007025610695]]]}},{"type":"Feature","properties":{"level_id":2,"building_id":"harrods","source_layer":"virtualobstacle","geometry_tolerance_m":0.06},"geometry":{"type":"Polygon","coordinates":[[[-0.16386662609875202,51.49919628102924],[-0.1637750118970871,51.49913643111003],[-0.1638381276279688,51.499098392192934],[-0.1639285683631897,51.49915834652114],[-0.16386662609875202,51.49919628102924]],[[-0.16386670991778374,51.49919508090085],[-0.16392672434449196,51.49915829434158],[-0.16383804380893707,51.49909959232386],[-0.16377685591578484,51.49913648328962],[-0.16386670991778374,51.49919508090085]]]}},{"type":"Feature","properties":{"level_id":2,"building_id":"harrods","source_layer":"virtualobstacle","geometry_tolerance_m":0.06},"geometry":{"type":"Polygon","coordinates":[[[-0.16340193338692188,51.498917746037904],[-0.16328299418091774,51.498866505432574],[-0.1632828265428543,51.49886582709425],[-0.16331098973751068,51.49883916317157],[-0.1633121632039547,51.49883905881177],[-0.16362103633582592,51.49897347404422],[-0.16362128779292107,51.49897420456071],[-0.16359220258891582,51.498999146473665],[-0.16359111294150352,51.49899930301282],[-0.16340193338692188,51.498917746037904]],[[-0.16361944377422333,51.49897399584174],[-0.16359329223632812,51.49896261441066],[-0.16359329223632812,51.49896262065508],[-0.16331191174685955,51.498840154589715],[-0.16328458674252033,51.49886598363389],[-0.16336522065103054,51.4989006832358],[-0.16359136439859867,51.498998155058985],[-0.16359329223632812,51.498996485307856],[-0.16359329223632812,51.49899649636646],[-0.16361944377422333,51.49897399584174]]]}},{"type":"Feature","properties":{"level_id":3,"building_id":"harrods","source_layer":"virtualobstacle","geometry_tolerance_m":0.06},"geometry":{"type":"Polygon","coordinates":[[[-0.16319154761731625,51.49887067982215],[-0.16318014822900295,51.498866087993605],[-0.16313421539962292,51.49884505950024],[-0.1631063874810934,51.498832327603765],[-0.16310621984302998,51.4988316492649],[-0.1631504762917757,51.49878703541856],[-0.16315164975821972,51.49878687887869],[-0.16324996948242188,51.498833641059534],[-0.16324996948242188,51.49883363210151],[-0.1633192878216505,51.498866609792316],[-0.16335759311914444,51.49883644981651],[-0.16335868276655674,51.49883634545671],[-0.16348248347640038,51.498895256532876],[-0.1634826511144638,51.498895987050616],[-0.16339581459760666,51.49896799517023],[-0.16339464113116264,51.49896809952972],[-0.16319154761731625,51.49887067982215]],[[-0.16348089091479778,51.498895778331274],[-0.16335834749042988,51.49883744123474],[-0.16332012601196766,51.498867601209895],[-0.16331895254552364,51.49886770556961],[-0.16315139830112457,51.49878802683784],[-0.163107980042696,51.49883175362473],[-0.1631351374089718,51.49884422462188],[-0.16313781961798668,51.49884542475951],[-0.16314754262566566,51.49884991223033],[-0.16318107023835182,51.49886525311567],[-0.16319246962666512,51.49886984494427],[-0.1633949764072895,51.49896700375484],[-0.16348089091479778,51.498895778331274]]]}},{"type":"Feature","properties":{"level_id":3,"building_id":"harrods","source_layer":"virtualobstacle","geometry_tolerance_m":0.06},"geometry":{"type":"Polygon","coordinates":[[[-0.163194565102458,51.499047777946714],[-0.163194565102458,51.49904709961106],[-0.1631995104253292,51.49904407319039],[-0.16317796893417835,51.499029462880856],[-0.16317805275321007,51.49902873236525],[-0.16320671886205673,51.49901203486266],[-0.1631923858076334,51.49900259033504],[-0.16315575689077377,51.499023931833904],[-0.16315458342432976,51.499023931833904],[-0.16310806386172771,51.49899345888383],[-0.16305752098560333,51.4990237752948],[-0.16305634751915932,51.4990237752948],[-0.16298501752316952,51.4989775440645],[-0.1629849337041378,51.49897759624423],[-0.16294101253151894,51.49894874083634],[-0.16294101253151894,51.49894806249924],[-0.16301846131682396,51.49889572615143],[-0.16308249905705452,51.498856904335156],[-0.1630933117121458,51.498845894378576],[-0.16309448517858982,51.49884579001878],[-0.16319590620696545,51.4988967697482],[-0.16324996948242188,51.49892230619096],[-0.16324996948242188,51.4989222856814],[-0.16337553039193153,51.498981614084386],[-0.16337569802999496,51.49898234460076],[-0.1633258257061243,51.49902278388069],[-0.1633257418870926,51.49902283606036],[-0.16324996948242188,51.499065832106965],[-0.16324996948242188,51.4990658223591],[-0.1632359717041254,51.49907376341207],[-0.1632347982376814,51.49907376341207],[-0.163194565102458,51.499047777946714]],[[-0.16324996948242188,51.49906448250093],[-0.16324996948242188,51.4990644754362],[-0.16332456842064857,51.49902210554464],[-0.16337393783032894,51.49898213588179],[-0.16319490037858486,51.49889760462557],[-0.16309423372149467,51.49884693797648],[-0.16308384016156197,51.49885747831388],[-0.16308367252349854,51.49885758267362],[-0.16301963478326797,51.498896456669144],[-0.16294268891215324,51.49894837557787],[-0.16297487542033195,51.49896950838311],[-0.16305701807141304,51.49902267952129],[-0.1631074771285057,51.49899241528931],[-0.16310865059494972,51.49899241528931],[-0.16315525397658348,51.49902283606036],[-0.1631917990744114,51.499001494561014],[-0.1631929725408554,51.49900154674074],[-0.16320847906172276,51.49901166960473],[-0.16320847906172276,51.49901240012062],[-0.16317972913384438,51.499029149802766],[-0.16320127062499523,51.499043707932714],[-0.16320127062499523,51.49904443844804],[-0.16319632530212402,51.49904746486874],[-0.1632354687899351,51.499072719819395],[-0.16324996948242188,51.49906448250093]]]}},{"type":"Feature","properties":{"level_id":3,"building_id":"harrods","source_layer":"virtualobstacle","geometry_tolerance_m":0.06},"geometry":{"type":"Polygon","coordinates":[[[-0.16341442242264748,51.49897811804169],[-0.16341425478458405,51.49897738752526],[-0.16350234858691692,51.498905379420506],[-0.16350352205336094,51.49890527506085],[-0.16359329223632812,51.49894816685878],[-0.16359329223632812,51.49894817023573],[-0.16362757422029972,51.498964551306244],[-0.16362774185836315,51.49896528182285],[-0.16359329223632812,51.49899272525918],[-0.16359329223632812,51.49899272836768],[-0.1635387260466814,51.499036194059784],[-0.1635375525802374,51.4990362984191],[-0.16341442242264748,51.49897811804169]],[[-0.16362598165869713,51.49896507310382],[-0.16359329223632812,51.49894945977013],[-0.16359329223632812,51.4989494713532],[-0.16350318677723408,51.49890642301702],[-0.16341601498425007,51.49897759624423],[-0.16353788785636425,51.4990352026459],[-0.16362598165869713,51.49896507310382]]]}},{"type":"Feature","properties":{"level_id":3,"building_id":"harrods","source_layer":"virtualobstacle","geometry_tolerance_m":0.06},"geometry":{"type":"Polygon","coordinates":[[[-0.16324074938893318,51.499212926284855],[-0.16321375966072083,51.49919539397783],[-0.1632027793675661,51.49918824538642],[-0.1632027793675661,51.49918756705287],[-0.16323513351380825,51.499167843196005],[-0.16323630698025227,51.499167895375535],[-0.16324996948242188,51.49917677449368],[-0.16324996948242188,51.49917676589422],[-0.16327444463968277,51.49919268064397],[-0.16327444463968277,51.499193358977465],[-0.16324996948242188,51.499208125772896],[-0.16324996948242188,51.4992081241583],[-0.1632419228553772,51.49921297846433],[-0.16324074938893318,51.499212926284855]],[[-0.16324996948242188,51.49920668065159],[-0.16324996948242188,51.49920666474739],[-0.16327268444001675,51.49919299372095],[-0.16324996948242188,51.49917822692066],[-0.16324996948242188,51.499178211774066],[-0.16323572024703026,51.49916893896605],[-0.16320453956723213,51.49918793230941],[-0.16321116127073765,51.499192263208016],[-0.1632413361221552,51.499211882695334],[-0.16324996948242188,51.49920668065159]]]}},{"type":"Feature","properties":{"level_id":4,"building_id":"harrods","source_layer":"virtualobstacle","geometry_tolerance_m":0.06},"geometry":{"type":"Polygon","coordinates":[[[-0.16370938159525394,51.49906593646622],[-0.1636972278356552,51.499058526956276],[-0.16368909738957882,51.4990535177094],[-0.16368909738957882,51.49905283937383],[-0.16371876932680607,51.49903494174748],[-0.16371994279325008,51.49903494174748],[-0.16374031081795692,51.49904746486874],[-0.16374031081795692,51.499048195384034],[-0.16371047124266624,51.49906593646622],[-0.16370938159525394,51.49906593646622]],[[-0.16370996832847595,51.49906489287338],[-0.1637385506182909,51.499047830126386],[-0.16371935606002808,51.49903598534107],[-0.16369085758924484,51.49905320463148],[-0.1636954676359892,51.49905602233292],[-0.16370996832847595,51.49906489287338]]]}},{"type":"Feature","properties":{"level_id":4,"building_id":"harrods","source_layer":"virtualobstacle","geometry_tolerance_m":0.06},"geometry":{"type":"Polygon","coordinates":[[[-0.16323513351380825,51.4992017598758],[-0.16323471441864967,51.499201603337326],[-0.16321702860295773,51.499190019489504],[-0.16321677714586258,51.499189706412494],[-0.16321619041264057,51.49918448846202],[-0.16321619041264057,51.49918443628249],[-0.163216358050704,51.49918010538315],[-0.16321660950779915,51.49917979230608],[-0.1632245723158121,51.49917473089303],[-0.1632249914109707,51.49917457435444],[-0.1632332056760788,51.49917379166169],[-0.16323345713317394,51.49917373948216],[-0.16324276104569435,51.49917436563638],[-0.16324326395988464,51.49917452217497],[-0.16325047239661217,51.49917979230608],[-0.16326187178492546,51.49918673218079],[-0.1632621232420206,51.49918709743733],[-0.16326187178492546,51.499192263208016],[-0.16326178796589375,51.49919241974649],[-0.16325793229043484,51.49919857692694],[-0.1632576808333397,51.499198837824366],[-0.163248460739851,51.49920327308092],[-0.16324779018759727,51.499203325260396],[-0.16323513351380825,51.4992017598758]],[[-0.16325650736689568,51.499198107311486],[-0.16326027922332287,51.49919215884901],[-0.1632604468613863,51.49918725397583],[-0.16324996948242188,51.49918088807581],[-0.16324996948242188,51.49918087977452],[-0.16324938274919987,51.499180522819245],[-0.16324929893016815,51.49918047063974],[-0.16324225813150406,51.49917530486775],[-0.16323337331414223,51.49917478307253],[-0.16322549432516098,51.49917556576531],[-0.1632179506123066,51.49918036628071],[-0.16321778297424316,51.49918443628249],[-0.16321836970746517,51.499189445514986],[-0.16323572024703026,51.499200820645],[-0.16324779018759727,51.49920233385015],[-0.16325650736689568,51.499198107311486]]]}},{"type":"Feature","properties":{"level_id":4,"building_id":"harrods","source_layer":"virtualobstacle","geometry_tolerance_m":0.06},"geometry":{"type":"Polygon","coordinates":[[[-0.1637471839785576,51.49904329049534],[-0.16373276710510254,51.49903400251324],[-0.16372731886804104,51.499030506474554],[-0.16372731886804104,51.499029775958974],[-0.16374818980693817,51.499017200653185],[-0.1637493632733822,51.499017200653185],[-0.1637695636600256,51.49903008903709],[-0.16376947984099388,51.49903081955267],[-0.1637483574450016,51.49904329049534],[-0.1637471839785576,51.49904329049534]],[[-0.1637478545308113,51.49904224690195],[-0.16376780346035957,51.499030454294854],[-0.16374877654016018,51.49901829642687],[-0.16372907906770706,51.499030141216764],[-0.16373335383832455,51.499032906739956],[-0.1637336052954197,51.49903311545867],[-0.16373771242797375,51.49903572444265],[-0.1637478545308113,51.49904224690195]]]}},{"type":"Feature","properties":{"level_id":4,"building_id":"harrods","source_layer":"virtualobstacle","geometry_tolerance_m":0.06},"geometry":{"type":"Polygon","coordinates":[[[-0.16331451013684273,51.49904642127541],[-0.16330059617757797,51.49903807252812],[-0.16330059617757797,51.499037342012656],[-0.16334183514118195,51.49901187832356],[-0.16334300860762596,51.49901193050326],[-0.1633731834590435,51.49903207186506],[-0.1633731834590435,51.49903275020091],[-0.1633333694189787,51.499057065925996],[-0.1633322797715664,51.499057065925996],[-0.16331451013684273,51.49904642127541]],[[-0.16337142325937748,51.49903238494315],[-0.16334242187440395,51.499012974097354],[-0.16330227255821228,51.49903770727039],[-0.16331149265170097,51.49904318613602],[-0.16331744380295277,51.49904678653306],[-0.16332020983099937,51.49904845628234],[-0.1633328665047884,51.49905602233292],[-0.16337142325937748,51.49903238494315]]]}},{"type":"Feature","properties":{"level_id":4,"building_id":"harrods","source_layer":"virtualobstacle","geometry_tolerance_m":0.06},"geometry":{"type":"Polygon","coordinates":[[[-0.16324996948242188,51.499100009760696],[-0.16329221427440643,51.4990756418789],[-0.16329330392181873,51.4990756418789],[-0.16330822370946407,51.49908524293022],[-0.16330822370946407,51.49908597344495],[-0.16320034861564636,51.499150832667084],[-0.16319925896823406,51.499150832667084],[-0.16318945214152336,51.49914462330065],[-0.1631820760667324,51.49913992714062],[-0.1631820760667324,51.49913919662677],[-0.16324996948242188,51.499100019042466],[-0.16324996948242188,51.499100009760696]],[[-0.16324996948242188,51.499101352371675],[-0.16318375244736671,51.49913956188368],[-0.16318819485604763,51.49914237957984],[-0.16319984570145607,51.49914973689661],[-0.16330646350979805,51.49908555600794],[-0.16329271718859673,51.49907668547152],[-0.16324996948242188,51.49910136643038],[-0.16324996948242188,51.499101352371675]]]}},{"type":"Feature","properties":{"level_id":1,"building_id":"harrods","source_layer":"virtualobstacle","geometry_tolerance_m":0.06},"geometry":{"type":"Polygon","coordinates":[[[-0.16356445848941803,51.49913450046617],[-0.16349664889276028,51.49909077396978],[-0.16349639743566513,51.49909046089209],[-0.16349581070244312,51.499078720477115],[-0.16349597834050655,51.499078355219694],[-0.1635485328733921,51.499045482041424],[-0.16355909407138824,51.49903817688747],[-0.16357384622097015,51.49902685389654],[-0.16357493586838245,51.49902680171684],[-0.16360695473849773,51.49904334267504],[-0.16363436356186867,51.49902789749029],[-0.16360117122530937,51.49901203486266],[-0.16360108740627766,51.499011304346794],[-0.16362891532480717,51.498990484639336],[-0.16363008879125118,51.49899043245958],[-0.16365867108106613,51.49900410354678],[-0.1636715792119503,51.49899627658897],[-0.16367275267839432,51.49899627658897],[-0.1637940388172865,51.49907449392697],[-0.16379395499825478,51.49907522444184],[-0.16362816095352173,51.49917483525206],[-0.1636269874870777,51.49917483525206],[-0.16356445848941803,51.49913450046617]],[[-0.16379227861762047,51.49907485918442],[-0.1636720821261406,51.498997320183406],[-0.16365925781428814,51.49900509496135],[-0.16365816816687584,51.49900514714108],[-0.1636296696960926,51.49899147605419],[-0.16360284760594368,51.499011565245326],[-0.1636361237615347,51.4990274278731],[-0.1636361237615347,51.49902821056841],[-0.16360754147171974,51.499044386268395],[-0.16360645182430744,51.49904443844804],[-0.16357451677322388,51.49902789749029],[-0.16356035135686398,51.49903885522323],[-0.16356026753783226,51.49903885522323],[-0.16354970633983612,51.49904616037708],[-0.16349740326404572,51.499078929195605],[-0.16349798999726772,51.4990902521736],[-0.16359329223632812,51.49915166753982],[-0.16359329223632812,51.49915167958281],[-0.1635974831879139,51.49915438087609],[-0.16362757422029972,51.49917379166169],[-0.16379227861762047,51.49907485918442]]]}},{"type":"Feature","properties":{"level_id":1,"building_id":"harrods","source_layer":"virtualobstacle","geometry_tolerance_m":0.06},"geometry":{"type":"Polygon","coordinates":[[[-0.16341576352715492,51.49896950838311],[-0.16328475438058376,51.49890746661353],[-0.16328458674252033,51.498906788275804],[-0.163366561755538,51.49883697161559],[-0.163367735221982,51.49883686725576],[-0.16358566470444202,51.498941279127536],[-0.16358583234250546,51.49894200964454],[-0.1635010913014412,51.49900926933819],[-0.16349991783499718,51.49900937369762],[-0.16341576352715492,51.49896950838311]],[[-0.16358407214283943,51.49894174874558],[-0.16336739994585514,51.498837963033765],[-0.16328634694218636,51.49890699699512],[-0.1634902786463499,51.49900352956993],[-0.16350025311112404,51.499008277923735],[-0.16358407214283943,51.49894174874558]]]}},{"type":"Feature","properties":{"level_id":1,"building_id":"harrods","source_layer":"virtualobstacle","geometry_tolerance_m":0.06},"geometry":{"type":"Polygon","coordinates":[[[-0.16324996948242188,51.49882575293449],[-0.1633137557655573,51.498852886484],[-0.16331400722265244,51.498853564822554],[-0.16324996948242188,51.49890673609596],[-0.16324996948242188,51.4989067187017],[-0.163247874006629,51.4989084580302],[-0.16324996948242188,51.49890946444623],[-0.16324996948242188,51.49890944944684],[-0.16338433139026165,51.49897399584174],[-0.16338441520929337,51.4989747263582],[-0.16328894533216953,51.49904412537006],[-0.16328886151313782,51.49904412537006],[-0.16324996948242188,51.49906729313693],[-0.16324996948242188,51.499067286777816],[-0.16309557482600212,51.499159233573266],[-0.1631667371839285,51.49920515154241],[-0.1631667371839285,51.49920582987568],[-0.16310596838593483,51.49924120755162],[-0.16310487873852253,51.49924120755162],[-0.16306347213685513,51.49921449166908],[-0.16304561868309975,51.49922524063933],[-0.1630570078168852,51.49923259794275],[-0.16305701807141304,51.49923259794275],[-0.1630878634750843,51.499252530489315],[-0.1630878634750843,51.4992532088219],[-0.16288761980831623,51.49937358660577],[-0.16288644634187222,51.499373534426496],[-0.16268695704638958,51.499244912291914],[-0.1626870408654213,51.49924423395922],[-0.16269165091216564,51.4992414162694],[-0.16269274055957794,51.4992421467816],[-0.1626887172460556,51.4992445992153],[-0.16288703307509422,51.49937249084064],[-0.16308618709445,51.4992528435659],[-0.16305475495755672,51.49923259794275],[-0.16305478460913664,51.49923259794275],[-0.16304385848343372,51.499225553716116],[-0.16304385848343372,51.499224875383106],[-0.16306288540363312,51.499213395900114],[-0.16306405887007713,51.499213448079615],[-0.16310546547174454,51.49924016396275],[-0.16316497698426247,51.49920546461928],[-0.1630938146263361,51.4991595466505],[-0.1630938984453678,51.4991588683165],[-0.16324996948242188,51.49906595243783],[-0.16324996948242188,51.49906593646622],[-0.16328777186572552,51.49904344703435],[-0.16338265500962734,51.49897446545947],[-0.16324996948242188,51.4989107539424],[-0.16324996948242188,51.49891075079817],[-0.1632462814450264,51.49890897982843],[-0.16324611380696297,51.498908249310915],[-0.1633121632039547,51.49885340828288],[-0.16283866949379444,51.49865204565498],[-0.16275937668979168,51.49865648096474],[-0.1627584546804428,51.498655541722684],[-0.16283883713185787,51.49865105423274],[-0.16283934004604816,51.49865110641284],[-0.16324996948242188,51.49882575668998],[-0.16324996948242188,51.49882575293449]]]}},{"type":"Feature","properties":{"level_id":1,"building_id":"harrods","source_layer":"virtualobstacle","geometry_tolerance_m":0.06},"geometry":{"type":"Polygon","coordinates":[[[-0.16353663057088852,51.499026645177764],[-0.16352967359125614,51.499023462216655],[-0.16352104023098946,51.4990196009193],[-0.16352087259292603,51.499018870403546],[-0.16359329223632812,51.49896053346458],[-0.16359329223632812,51.498960545162845],[-0.16359563916921616,51.498958654993004],[-0.16359672881662846,51.49895860281322],[-0.16363419592380524,51.4989770744468],[-0.16363436356186867,51.49897780496323],[-0.16355272382497787,51.49903332417742],[-0.16355163417756557,51.49903337635709],[-0.16353663057088852,51.499026645177764]],[[-0.16363251954317093,51.4989775440645],[-0.1635963935405016,51.49895969858832],[-0.16359329223632812,51.49896219526987],[-0.16359329223632812,51.49896220321699],[-0.16352263279259205,51.49901907912232],[-0.163530595600605,51.49902267952129],[-0.1635376363992691,51.499025810302754],[-0.16355196945369244,51.499032280583805],[-0.16363251954317093,51.4989775440645]]]}},{"type":"Feature","properties":{"level_id":1,"building_id":"harrods","source_layer":"virtualobstacle","geometry_tolerance_m":0.06},"geometry":{"type":"Polygon","coordinates":[[[-0.16333403997123241,51.498837180335215],[-0.16333295032382011,51.498837284695014],[-0.16284705139696598,51.49862966037912],[-0.16268528066575527,51.49863743521979],[-0.16268444247543812,51.49863675687803],[-0.16268771141767502,51.498631069242975],[-0.16268947161734104,51.49863096488272],[-0.16268637031316757,51.49863639161708],[-0.1628472190350294,51.49862861677627],[-0.1628477219492197,51.498628721136555],[-0.16324996948242188,51.498800619941505],[-0.16324996948242188,51.49880060220687],[-0.16333320178091526,51.49883618891698],[-0.16336186788976192,51.498814690790454],[-0.16336304135620594,51.4988145864306],[-0.16362229362130165,51.498937783081715],[-0.16362246125936508,51.49893851359877],[-0.1636138278990984,51.49894576658892],[-0.16365925781428814,51.49896768209169],[-0.16372036188840866,51.49891967669092],[-0.16372136771678925,51.4989195201515],[-0.1637614332139492,51.498931678045864],[-0.16376176849007607,51.49893240856301],[-0.16375062055885792,51.49894237490301],[-0.1637493632733822,51.498941800925394],[-0.16375992447137833,51.49893235638322],[-0.16372120007872581,51.49892061592752],[-0.16366001218557358,51.49896867350702],[-0.16365892253816128,51.49896877786654],[-0.1636121515184641,51.49894628838672],[-0.16361206769943237,51.4989455578698],[-0.16362070105969906,51.4989383048796],[-0.16336262226104736,51.49881568220914],[-0.16333403997123241,51.498837180335215]]]}},{"type":"Feature","properties":{"level_id":5,"building_id":"harrods","source_layer":"virtualobstacle","geometry_tolerance_m":0.06},"geometry":{"type":"Polygon","coordinates":[[[-0.16376277431845665,51.49901746155169],[-0.16375238075852394,51.49901093908886],[-0.1637504529207945,51.49900968677588],[-0.16374357976019382,51.499005408039636],[-0.16374366357922554,51.49900467752366],[-0.1637532189488411,51.498999198653394],[-0.1637543085962534,51.498999198653394],[-0.16377216205000877,51.49901073037],[-0.16377216205000877,51.499011408706195],[-0.16376394778490067,51.49901746155169],[-0.16376277431845665,51.49901746155169]],[[-0.16376327723264694,51.499016365778004],[-0.16377048566937447,51.499011095627964],[-0.1637537218630314,51.499000294427475],[-0.16374533995985985,51.49900504278162],[-0.1637516263872385,51.49900900843966],[-0.16375355422496796,51.49901020857294],[-0.16376327723264694,51.499016365778004]]]}},{"type":"Feature","properties":{"level_id":5,"building_id":"harrods","source_layer":"virtualobstacle","geometry_tolerance_m":0.06},"geometry":{"type":"Polygon","coordinates":[[[-0.1638486050069332,51.49915177189891],[-0.16383963637053967,51.499146084328146],[-0.1637772750109434,51.49910663656999],[-0.16377710737287998,51.49910648003117],[-0.16374274156987667,51.499052578475556],[-0.1637429092079401,51.49905205667898],[-0.16379035077989101,51.49902320131821],[-0.16379144042730331,51.49902320131821],[-0.16381029970943928,51.499035307005244],[-0.16383687034249306,51.49901928784112],[-0.16383804380893707,51.499019340020794],[-0.16394943930208683,51.499091191406706],[-0.16394943930208683,51.49909186974165],[-0.1638496946543455,51.49915177189891],[-0.1638486050069332,51.49915177189891]],[[-0.16384919174015522,51.499150728307995],[-0.1639476791024208,51.49909150448437],[-0.16383737325668335,51.49902038361475],[-0.16381080262362957,51.4990363505988],[-0.16380962915718555,51.4990363505988],[-0.1637908536940813,51.49902424491205],[-0.16374441795051098,51.499052526295884],[-0.16377853229641914,51.499106010414806],[-0.1638360321521759,51.49914237957984],[-0.16384919174015522,51.499150728307995]]]}},{"type":"Feature","properties":{"level_id":5,"building_id":"harrods","source_layer":"virtualobstacle","geometry_tolerance_m":0.06},"geometry":{"type":"Polygon","coordinates":[[[-0.1638213638216257,51.499018766044145],[-0.16375606879591942,51.49899142387446],[-0.16374106518924236,51.49898511012685],[-0.16374081373214722,51.49898437961056],[-0.16377702355384827,51.49895161072402],[-0.16377811320126057,51.49895150636445],[-0.16385816037654877,51.49898516230658],[-0.1638583280146122,51.498985840643144],[-0.163822453469038,51.499018661684744],[-0.1638213638216257,51.499018766044145]],[[-0.16382161527872086,51.49901767027049],[-0.16385656781494617,51.49898568410393],[-0.16377786174416542,51.498952602139724],[-0.16374265775084496,51.49898453614975],[-0.16377048566937447,51.49899622440924],[-0.16382161527872086,51.49901767027049]]]}},{"type":"Feature","properties":{"level_id":4,"building_id":"harrods","source_layer":"wall","geometry_tolerance_m":0.04},"geometry":{"type":"Polygon","coordinates":[[[-0.16359287314116955,51.498973317504976],[-0.16359329223632812,51.49897352622398],[-0.16359329223632812,51.4989735304647],[-0.163616593927145,51.498985371025526],[-0.16355163417756557,51.49903906394195],[-0.16346932388842106,51.49909270461549],[-0.16339019872248173,51.49904605601776],[-0.16319473274052143,51.499171234865116],[-0.16316204331815243,51.49915276331029],[-0.16303312601557918,51.49923259794275],[-0.16303312964737415,51.49923259794275],[-0.1628574449568987,51.49934139197171],[-0.16282777301967144,51.499324746762994],[-0.16308207996189594,51.49915662459637],[-0.16320856288075447,51.4990721458434],[-0.16334133222699165,51.4989948155567],[-0.16346337273716927,51.49906917160402],[-0.16350804828107357,51.49904255997998],[-0.16359413042664528,51.49897420456071],[-0.16359061002731323,51.498974308920225],[-0.16359195113182068,51.49897342186449],[-0.16359287314116955,51.498973317504976]]]}},{"type":"Feature","properties":{"level_id":-1,"building_id":"harrods","source_layer":"wall","geometry_tolerance_m":0.04},"geometry":{"type":"Polygon","coordinates":[[[-0.16324996948242188,51.49871554881349],[-0.16328140161931515,51.49868763248108],[-0.16329573467373848,51.498693737549644],[-0.16328232362866402,51.49870542588371],[-0.1632212195545435,51.49876104978969],[-0.163206048309803,51.49875457947016],[-0.16324996948242188,51.498715558088314],[-0.16324996948242188,51.49871554881349]]]}},{"type":"Feature","properties":{"level_id":-1,"building_id":"harrods","source_layer":"wall","geometry_tolerance_m":0.04},"geometry":{"type":"Polygon","coordinates":[[[-0.16373327001929283,51.499123490576665],[-0.1637123990803957,51.49911681159023],[-0.1636465173214674,51.49907298071756],[-0.16364785842597485,51.49907225020269],[-0.16363872215151787,51.49906609300518],[-0.16361751593649387,51.499057848620794],[-0.16361307352781296,51.49905315245181],[-0.16361198388040066,51.49905367424839],[-0.16360804438591003,51.499051743601],[-0.16360536217689514,51.49905372642806],[-0.16359329223632812,51.499047351021616],[-0.16359329223632812,51.499047360509394],[-0.16357770189642906,51.49903911612162],[-0.163583317771554,51.499035046106854],[-0.1635811384767294,51.4990338981539],[-0.1635768637061119,51.49903697675492],[-0.16350620426237583,51.49900264251477],[-0.16350804828107357,51.4990011814827],[-0.16346991062164307,51.49898270985895],[-0.16345951706171036,51.49899084989744],[-0.16344375908374786,51.49900081622468],[-0.1634400710463524,51.49900253815534],[-0.16338651068508625,51.498969038765324],[-0.1633643824607134,51.498982605499435],[-0.1633137557655573,51.4989506714881],[-0.16330151818692684,51.498950775847646],[-0.16324996948242188,51.49898265767919],[-0.16324996948242188,51.49898265555096],[-0.16323773190379143,51.49899022374069],[-0.16323354095220566,51.49898751039464],[-0.16318333335220814,51.49901693975468],[-0.16318676993250847,51.49901918348172],[-0.16313857398927212,51.49904767358737],[-0.16314025036990643,51.49904887371966],[-0.16315139830112457,51.49904250780031],[-0.16316061839461327,51.49904871718064],[-0.16314905136823654,51.499055239638096],[-0.16315609216690063,51.49906030106442],[-0.16286917962133884,51.49922612769015],[-0.16287563368678093,51.499230458585146],[-0.16291259787976742,51.49925341753959],[-0.1629320438951254,51.49926651457437],[-0.16285434365272522,51.49931008436408],[-0.16282986849546432,51.49929401311715],[-0.1628738734871149,51.49926912354499],[-0.16281964257359505,51.49923259794275],[-0.16281967638427944,51.49923259794275],[-0.1627703569829464,51.49919935961927],[-0.1631684973835945,51.498969195304596],[-0.163172772154212,51.49897201301121],[-0.16319230198860168,51.49896053346458],[-0.16312574967741966,51.49891732859936],[-0.16311979852616787,51.49891122356078],[-0.16310295090079308,51.49890329222734],[-0.16310052014887333,51.49890360530634],[-0.1630921382457018,51.49891064958274],[-0.16297747381031513,51.498836606356235],[-0.16298040747642517,51.4988347800595],[-0.16300412826240063,51.49880962933685],[-0.16312021762132645,51.498891447404475],[-0.1631330419331789,51.49888069835552],[-0.16314511187374592,51.49888669903848],[-0.1631308626383543,51.498898909121465],[-0.1631314493715763,51.49890042233662],[-0.16313916072249413,51.49890584903895],[-0.1631580200046301,51.49891456306915],[-0.1632233988493681,51.49895917679069],[-0.16324996948242188,51.498938539091704],[-0.16324996948242188,51.49893851359877],[-0.16328634694218636,51.49891028432401],[-0.16331559978425503,51.49891378037191],[-0.16344912350177765,51.498979735613744],[-0.16347628086805344,51.49895849845373],[-0.16357912681996822,51.49900911279909],[-0.1635958068072796,51.49902273170099],[-0.1635986566543579,51.49902424491205],[-0.16360703855752945,51.49901819206747],[-0.1636111456900835,51.49902038361475],[-0.1636122353374958,51.4990195487396],[-0.16363863833248615,51.49903337635709],[-0.16362933441996574,51.49904073369149],[-0.1636318489909172,51.499042090362934],[-0.163626903668046,51.499045064604076],[-0.1636312622576952,51.4990479344857],[-0.16365506686270237,51.49905696156668],[-0.16366386786103249,51.499062962226475],[-0.16366428695619106,51.49906275350787],[-0.16372731886804104,51.4991058016964],[-0.16373444348573685,51.4991058016964],[-0.16378414817154408,51.49907522444184],[-0.16378632746636868,51.49907658111226],[-0.16381767578423023,51.4990580573394],[-0.1638360321521759,51.49907011083752],[-0.16385740600526333,51.499057535542875],[-0.16385857947170734,51.49905831823767],[-0.16392990946769714,51.49901897476292],[-0.16392521560192108,51.4990159483404],[-0.1638921070843935,51.4990352026459],[-0.16386796720325947,51.49901965309897],[-0.16387182287871838,51.499017252832886],[-0.16387056559324265,51.499016470137406],[-0.16382438130676746,51.498974100201195],[-0.16379395499825478,51.49895719395954],[-0.1638016663491726,51.498951819443135],[-0.1638349425047636,51.498969456203355],[-0.16384122893214226,51.498976083031636],[-0.16387945041060448,51.499010991268534],[-0.1638806238770485,51.49901182614386],[-0.16388682648539543,51.49901485256666],[-0.16390057280659676,51.499006503813604],[-0.1639040932059288,51.499008695361425],[-0.16391968354582787,51.49899940737228],[-0.1639252994209528,51.499003059952486],[-0.1639334298670292,51.498998207238685],[-0.16396419145166874,51.49901829642687],[-0.16387651674449444,51.49907011083752],[-0.163822453469038,51.4991001141199],[-0.16380242072045803,51.49910684528837],[-0.16378515399992466,51.49910997606406],[-0.16377258114516735,51.49911331555788],[-0.1637565717101097,51.499118950953175],[-0.16374584287405014,51.49912364711537],[-0.16373896971344948,51.499127299685625],[-0.16373327001929283,51.499123490576665]]]}},{"type":"Feature","properties":{"level_id":-1,"building_id":"harrods","source_layer":"wall","geometry_tolerance_m":0.04},"geometry":{"type":"Polygon","coordinates":[[[-0.16364785842597485,51.4990352026459],[-0.16364090144634247,51.49903155006825],[-0.16363863833248615,51.49903337635709],[-0.1636186894029379,51.499022888240034],[-0.16362103633582592,51.49902111413047],[-0.16361558809876442,51.49901824424714],[-0.16363788396120071,51.499002799053926],[-0.16367250122129917,51.49902085323197],[-0.16364785842597485,51.4990352026459]]]}},{"type":"Feature","properties":{"level_id":-1,"building_id":"harrods","source_layer":"wall","geometry_tolerance_m":0.04},"geometry":{"type":"Polygon","coordinates":[[[-0.16379395499825478,51.49895719395954],[-0.16376704908907413,51.49894227054344],[-0.16376210376620293,51.498946079667604],[-0.1637504529207945,51.498943575038055],[-0.1637657918035984,51.498931886765035],[-0.1638016663491726,51.498951819443135],[-0.16379395499825478,51.49895719395954]]]}},{"type":"Feature","properties":{"level_id":-1,"building_id":"harrods","source_layer":"wall","geometry_tolerance_m":0.04},"geometry":{"type":"Polygon","coordinates":[[[-0.16324996948242188,51.498744560909074],[-0.1632909569889307,51.498708921947355],[-0.16328232362866402,51.49870542588371],[-0.16329573467373848,51.498693737549644],[-0.16334912739694118,51.49871977539692],[-0.16329078935086727,51.49876903332785],[-0.16324494034051895,51.49874894402984],[-0.16324996948242188,51.498744570031754],[-0.16324996948242188,51.498744560909074]]]}},{"type":"Feature","properties":{"level_id":0,"building_id":"harrods","source_layer":"wall","geometry_tolerance_m":0.04},"geometry":{"type":"Polygon","coordinates":[[[-0.16324996948242188,51.49872207131861],[-0.16326572746038437,51.49870756526599],[-0.16331191174685955,51.4987264022615],[-0.16326379962265491,51.49877216412676],[-0.163216944783926,51.49875254445013],[-0.16324996948242188,51.49872209462444],[-0.16324996948242188,51.49872207131861]]]}},{"type":"Feature","properties":{"level_id":0,"building_id":"harrods","source_layer":"wall","geometry_tolerance_m":0.04},"geometry":{"type":"Polygon","coordinates":[[[-0.1626462209969759,51.498557860445885],[-0.16275870613753796,51.498552381521904],[-0.16278443858027458,51.49855232934172],[-0.16289977356791496,51.498562817567006],[-0.16305559314787388,51.498597830480804],[-0.1630992628633976,51.49861004064118],[-0.16324326395988464,51.49865893342994],[-0.16330478712916374,51.4986822579329],[-0.1633644662797451,51.49870589550426],[-0.16359329223632812,51.49881385591155],[-0.16359329223632812,51.49881387141366],[-0.1638420671224594,51.49893126060746],[-0.16394365578889847,51.49898046613009],[-0.16393493860960007,51.4989873016757],[-0.16389026306569576,51.498965542721635],[-0.16385212540626526,51.49899982481003],[-0.16380845569074154,51.49898135318571],[-0.16380183398723602,51.498987353855426],[-0.16384541988372803,51.49900587765703],[-0.1638409774750471,51.49900984331498],[-0.16379747539758682,51.49899142387446],[-0.16379102133214474,51.49899721582398],[-0.16383469104766846,51.49901589616067],[-0.16383242793381214,51.49901761809079],[-0.16385866329073906,51.49903452431005],[-0.16384785063564777,51.49904104676952],[-0.16384340822696686,51.49903822906714],[-0.1638180948793888,51.499053465529755],[-0.1637270674109459,51.4989948155567],[-0.16370988450944424,51.49900514714108],[-0.1636863313615322,51.498990536819065],[-0.16373192891478539,51.498949210454356],[-0.16374693252146244,51.498935695890054],[-0.1637624390423298,51.498942687981724],[-0.16377132385969162,51.498937052564656],[-0.1637439988553524,51.49892416415446],[-0.16372187063097954,51.498944879532615],[-0.1637086272239685,51.4989572461393],[-0.1636965572834015,51.49895155854426],[-0.1637533027678728,51.49890000489799],[-0.1633617840707302,51.4987151835532],[-0.16326120123267174,51.49880722905971],[-0.16324711963534355,51.498802585044814],[-0.16324996948242188,51.49879994729878],[-0.16324996948242188,51.49879992386755],[-0.16326933167874813,51.49878202614187],[-0.16324996948242188,51.498773729526135],[-0.16324996948242188,51.498773718539006],[-0.16320244409143925,51.498753327150155],[-0.16324996948242188,51.49871013513065],[-0.16324996948242188,51.49871012208854],[-0.16325675882399082,51.49870396484215],[-0.16326572746038437,51.49870756526599],[-0.163216944783926,51.49875254445013],[-0.16324996948242188,51.498766372987866],[-0.16324996948242188,51.49876637214862],[-0.16326379962265491,51.49877216412676],[-0.16331191174685955,51.4987264022615],[-0.163324736058712,51.49873167244445],[-0.16334661282598972,51.49871064388907],[-0.16329129226505756,51.49868778902132],[-0.16327637247741222,51.49868084907061],[-0.16325960867106915,51.49867390911888],[-0.16324996948242188,51.4986703086924],[-0.16324996948242188,51.4986702933058],[-0.16323999501764774,51.49866655172531],[-0.16321644186973572,51.498658515989064],[-0.1630704291164875,51.498612232208075],[-0.16303128562867641,51.498601430913055],[-0.16292089596390724,51.49857701058451],[-0.16278930008411407,51.49856109561972],[-0.16278645023703575,51.498560886898844],[-0.16278443858027458,51.49856078253842],[-0.1627595443278551,51.4985605216373],[-0.16274512745440006,51.498560939079084],[-0.16273842193186283,51.498561565241715],[-0.16273414716124535,51.49856234794504],[-0.16273138113319874,51.4985636002703],[-0.16273045912384987,51.498565374397685],[-0.16273037530481815,51.498568505210585],[-0.16273615881800652,51.498628564596146],[-0.16272366978228092,51.498629242937994],[-0.16271579079329967,51.49856276538682],[-0.16264940612018108,51.4985670963448],[-0.1626462209969759,51.498557860445885]]]}},{"type":"Feature","properties":{"level_id":0,"building_id":"harrods","source_layer":"wall","geometry_tolerance_m":0.04},"geometry":{"type":"Polygon","coordinates":[[[-0.16359161585569382,51.49899173695286],[-0.16359329223632812,51.498991006436626],[-0.16359329223632812,51.498991010974],[-0.16359739936888218,51.49898923232581],[-0.16360050067305565,51.49898850180958],[-0.16364023089408875,51.49899533735396],[-0.16364794224500656,51.49899502427559],[-0.16367082484066486,51.499001233662426],[-0.16369261778891087,51.49901662667651],[-0.163691695779562,51.499017148473484],[-0.16362103633582592,51.499059622728936],[-0.16371550038456917,51.499120568520226],[-0.16370460391044617,51.49912709096736],[-0.16361013986170292,51.49906619736447],[-0.16359329223632812,51.49907568226069],[-0.16359329223632812,51.49907569405855],[-0.1635812222957611,51.49908247741021],[-0.16353067941963673,51.49911284594157],[-0.1634842436760664,51.49908310356571],[-0.16349866054952145,51.499070945711736],[-0.16351123340427876,51.49907689419007],[-0.16351483762264252,51.49907856393821],[-0.1635087188333273,51.49908205997323],[-0.16352640464901924,51.49909296551354],[-0.16354895196855068,51.49907898137522],[-0.16353176906704903,51.4990681280112],[-0.16352632082998753,51.49907141532847],[-0.16352305188775063,51.49906958904114],[-0.1635093055665493,51.49906186645387],[-0.16352975741028786,51.49904449062771],[-0.163551215082407,51.499053830787346],[-0.1635528914630413,51.49905456130256],[-0.16355054453015327,51.499056178871854],[-0.16356990672647953,51.49906604082551],[-0.16358524560928345,51.49905456130256],[-0.1635658834129572,51.499044855885415],[-0.16356211155653,51.499045221143064],[-0.16354015097022057,51.499035620083305],[-0.16355708241462708,51.49902116631017],[-0.16357158310711384,51.49902789749029],[-0.16356227919459343,51.49903478520844],[-0.16359329223632812,51.499050126031534],[-0.16359329223632812,51.49905012901998],[-0.16359739936888218,51.499052161038264],[-0.16362614929676056,51.499030193396464],[-0.16362933441996574,51.49902774095122],[-0.1636323519051075,51.49902930634181],[-0.16365297138690948,51.49901302627708],[-0.16362564638257027,51.49899951173171],[-0.1636051107198,51.4990156874419],[-0.16360913403332233,51.49901772245019],[-0.163605697453022,51.49902027925535],[-0.16360100358724594,51.4990238274745],[-0.16357108019292355,51.49900926933819],[-0.16359161585569382,51.49899173695286]]]}},{"type":"Feature","properties":{"level_id":0,"building_id":"harrods","source_layer":"wall","geometry_tolerance_m":0.04},"geometry":{"type":"Polygon","coordinates":[[[-0.16373192891478539,51.498949210454356],[-0.16372187063097954,51.498944879532615],[-0.1637439988553524,51.49892416415446],[-0.16377132385969162,51.498937052564656],[-0.1637624390423298,51.498942687981724],[-0.16374693252146244,51.498935695890054],[-0.16373192891478539,51.498949210454356]]]}},{"type":"Feature","properties":{"level_id":0,"building_id":"harrods","source_layer":"wall","geometry_tolerance_m":0.04},"geometry":{"type":"Polygon","coordinates":[[[-0.16397207044065,51.49912119467518],[-0.16387316398322582,51.49905743118356],[-0.16388406045734882,51.499050908726474],[-0.16390476375818253,51.49906348402294],[-0.1639079488813877,51.49906150119634],[-0.16396352089941502,51.49909541795529],[-0.16397181898355484,51.499090095634756],[-0.16391641460359097,51.49905633541081],[-0.16392127610743046,51.49905315245181],[-0.16397693194448948,51.499086756139235],[-0.163984727114439,51.49908169471584],[-0.16392932273447514,51.49904803884502],[-0.16398481093347073,51.49901245230032],[-0.16396335326135159,51.499001285842155],[-0.16397232189774513,51.498994345939195],[-0.16419041901826859,51.49910074027514],[-0.1641823723912239,51.49910825413744],[-0.16407902352511883,51.499056909387036],[-0.16397207044065,51.49912119467518]]]}},{"type":"Feature","properties":{"level_id":2,"building_id":"harrods","source_layer":"wall","geometry_tolerance_m":0.04},"geometry":{"type":"Polygon","coordinates":[[[-0.1632762048393488,51.49876099760971],[-0.16329330392181873,51.49874591758936],[-0.16328265890479088,51.49874054304803],[-0.16326572746038437,51.498756092690144],[-0.16324996948242188,51.49875922348991],[-0.16324996948242188,51.49875921400258],[-0.16323991119861603,51.498761206329675],[-0.16325080767273903,51.49875270099014],[-0.1632451917976141,51.49875030070996],[-0.16324996948242188,51.49874613347594],[-0.16324996948242188,51.49874612630941],[-0.1632757019251585,51.49872368889973],[-0.16327008605003357,51.49872144515817],[-0.1632844191044569,51.49870965246808],[-0.16333353705704212,51.49873208988464],[-0.1632822398096323,51.498780095483],[-0.1632762048393488,51.49876099760971]]]}},{"type":"Feature","properties":{"level_id":2,"building_id":"harrods","source_layer":"wall","geometry_tolerance_m":0.04},"geometry":{"type":"Polygon","coordinates":[[[-0.16357719898223877,51.499056909387036],[-0.16357325948774815,51.49905910093244],[-0.16356605105102062,51.49905482220083],[-0.16358532942831516,51.499041672925586],[-0.16362170688807964,51.49906478851406],[-0.16384734772145748,51.499208073593394],[-0.1638365350663662,51.499214596028025],[-0.16360687091946602,51.4990681280112],[-0.16359329223632812,51.499076296173],[-0.16359329223632812,51.4990763202141],[-0.16353227198123932,51.49911300248036],[-0.16350402496755123,51.499094635261116],[-0.1635169330984354,51.499086129983766],[-0.1635240577161312,51.499090982688244],[-0.16351911239326,51.49909390474656],[-0.16353688202798367,51.499105332080035],[-0.16356009989976883,51.49909145230478],[-0.16354266554117203,51.499080181506685],[-0.1635364629328251,51.49908378190082],[-0.16352984122931957,51.49907919009377],[-0.16355750150978565,51.499061344657406],[-0.1635653804987669,51.4990655190291],[-0.16356194391846657,51.49906838890942],[-0.16358138993382454,51.49907877265673],[-0.16359329223632812,51.49906958904114],[-0.16359329223632812,51.49906959309931],[-0.1635964773595333,51.49906713659803],[-0.16359329223632812,51.499065446884906],[-0.16359329223632812,51.49906546684943],[-0.16357719898223877,51.499056909387036]]]}},{"type":"Feature","properties":{"level_id":2,"building_id":"harrods","source_layer":"wall","geometry_tolerance_m":0.04},"geometry":{"type":"Polygon","coordinates":[[[-0.16331358812749386,51.49890438800375],[-0.1633093971759081,51.49890303132821],[-0.16330428421497345,51.49890078759546],[-0.16329430975019932,51.49889520435303],[-0.16329573467373848,51.498894682554635],[-0.16329783014953136,51.49889384767721],[-0.16330160200595856,51.49889348241831],[-0.1633046194911003,51.49889374331755],[-0.16330855898559093,51.49889463037479],[-0.16331635415554047,51.49889791770457],[-0.1633252389729023,51.49890282260887],[-0.16332699917256832,51.49890391838531],[-0.16332448460161686,51.49890496198185],[-0.16331777907907963,51.49890527506085],[-0.16331358812749386,51.49890438800375]]]}},{"type":"Feature","properties":{"level_id":2,"building_id":"harrods","source_layer":"wall","geometry_tolerance_m":0.04},"geometry":{"type":"Polygon","coordinates":[[[-0.1639231201261282,51.4990895738386],[-0.16387324780225754,51.499057379003915],[-0.16394558362662792,51.49901412205082],[-0.16399696469306946,51.49904511678375],[-0.1639231201261282,51.4990895738386]]]}},{"type":"Feature","properties":{"level_id":2,"building_id":"harrods","source_layer":"wall","geometry_tolerance_m":0.04},"geometry":{"type":"Polygon","coordinates":[[[-0.16324996948242188,51.498877230194225],[-0.1632441021502018,51.49887417587311],[-0.16318107023835182,51.49892948649432],[-0.16324996948242188,51.49896064069288],[-0.16324996948242188,51.4989606378241],[-0.16330420039594173,51.49898516230658],[-0.1633682381361723,51.49892823417912],[-0.16336522065103054,51.4989255208294],[-0.16336463391780853,51.49892447723329],[-0.16336488537490368,51.49892259876026],[-0.16336580738425255,51.498921502984274],[-0.16336790286004543,51.49892145080449],[-0.16337117180228233,51.49892202478236],[-0.16337444074451923,51.49892322491792],[-0.16338550485670567,51.49892870379733],[-0.1634123269468546,51.49893976591369],[-0.1634183619171381,51.49894274016154],[-0.1634221337735653,51.49894498389219],[-0.16342297196388245,51.49894545351023],[-0.16341752372682095,51.498948688656554],[-0.16337796114385128,51.49893110406808],[-0.16331392340362072,51.49898808437169],[-0.1634124107658863,51.49903348071646],[-0.16346110962331295,51.49899038027988],[-0.16347762197256088,51.49897519597593],[-0.16345800831913948,51.49896580362042],[-0.1634596846997738,51.49896507310382],[-0.16346328891813755,51.498964342587186],[-0.163465216755867,51.49896429040743],[-0.16346924006938934,51.49896481220503],[-0.16349161975085735,51.49897503943669],[-0.16338701359927654,51.499071310969214],[-0.16335717402398586,51.49908941729976],[-0.16331124119460583,51.49911728120651],[-0.16323069110512733,51.49906531031053],[-0.163215771317482,51.499054509122885],[-0.1632108259946108,51.49905158706204],[-0.16320697031915188,51.499049917312874],[-0.16320395283401012,51.499049186797635],[-0.1632026955485344,51.499048404102666],[-0.16320135444402695,51.499049186797635],[-0.16319875605404377,51.499049760773914],[-0.16319481655955315,51.49905153488237],[-0.16318459063768387,51.49905816169871],[-0.16313832253217697,51.49908597344495],[-0.1630578562617302,51.49903405469291],[-0.16310052014887333,51.499008434462866],[-0.16317646019160748,51.49905894439348],[-0.16320043243467808,51.4990439166514],[-0.1631787233054638,51.499029515060556],[-0.16319205053150654,51.49902205336494],[-0.16319640912115574,51.49902471452927],[-0.1631897035986185,51.49902847146683],[-0.16320512630045414,51.499038385606156],[-0.1632271707057953,51.499024975427716],[-0.16321225091814995,51.49901521782459],[-0.16320914961397648,51.49901688757498],[-0.1632049586623907,51.499014278589954],[-0.1632104068994522,51.499010991268534],[-0.16319473274052143,51.49900076404495],[-0.16315449960529804,51.49902471452927],[-0.16315064392983913,51.49902210554464],[-0.1631880272179842,51.49899966827087],[-0.1631575170904398,51.49898025741115],[-0.1631204690784216,51.49900259033504],[-0.16311552375555038,51.49899935519255],[-0.16314854845404625,51.4989795790745],[-0.16307068057358265,51.49892938213472],[-0.16300194896757603,51.49897086505669],[-0.16296934336423874,51.49894983661167],[-0.1629440300166607,51.49893350433874],[-0.16295040026307106,51.49892969521352],[-0.16294964589178562,51.49892917341552],[-0.16295651905238628,51.49892505121113],[-0.16299272887408733,51.498902926968555],[-0.16301200725138187,51.49889155176416],[-0.16307629644870758,51.4988528343041],[-0.16312466003000736,51.49881521258976],[-0.1631581038236618,51.49882997950772],[-0.16315399669110775,51.498833266842155],[-0.1631526555866003,51.498834310440316],[-0.16312533058226109,51.49882350919796],[-0.1630807388573885,51.498856852155285],[-0.16315332613885403,51.49890365748615],[-0.1631449442356825,51.49891148445988],[-0.1631450280547142,51.498913362933365],[-0.1631728559732437,51.498925312110146],[-0.16317453235387802,51.49892510339092],[-0.16317855566740036,51.498922650940074],[-0.16323530115187168,51.49887073200202],[-0.16319137997925282,51.49885142544713],[-0.16319431364536285,51.498849129531976],[-0.16319775022566319,51.498846468357414],[-0.16325902193784714,51.4988740193335],[-0.1632610335946083,51.498874906391165],[-0.16325382515788078,51.49887923731953],[-0.16324996948242188,51.49887725448491],[-0.16324996948242188,51.498877230194225]]]}},{"type":"Feature","properties":{"level_id":3,"building_id":"harrods","source_layer":"wall","geometry_tolerance_m":0.04},"geometry":{"type":"Polygon","coordinates":[[[-0.16357485204935074,51.49905977926787],[-0.16356412321329117,51.49905336117044],[-0.1635849941521883,51.499040211894766],[-0.1635915320366621,51.499044177549735],[-0.16358239576220512,51.499050126031534],[-0.16360863111913204,51.49906478851406],[-0.16363972797989845,51.49904626473642],[-0.1636340282857418,51.49904287305799],[-0.16364023089408875,51.49903922048097],[-0.16364509239792824,51.499041933823946],[-0.16366688534617424,51.499025862482455],[-0.1636399794369936,51.49901260883942],[-0.1636186894029379,51.49902821056841],[-0.16362162306904793,51.49902967159963],[-0.16361684538424015,51.499032541482194],[-0.1636117324233055,51.499029462880856],[-0.16360309906303883,51.49903488956781],[-0.16359739936888218,51.49903113263076],[-0.16363528557121754,51.49900389482795],[-0.16368281096220016,51.499025810302754],[-0.16362455673515797,51.49906077068124],[-0.16382538713514805,51.49919064564352],[-0.16381449066102505,51.49919716808063],[-0.1636128220707178,51.49906677134055],[-0.16359329223632812,51.49907849634591],[-0.16359329223632812,51.4990785117586],[-0.1635327748954296,51.499114828765954],[-0.16349941492080688,51.499093174232],[-0.1635152567178011,51.49908383408044],[-0.1635267399251461,51.49909072179017],[-0.16352045349776745,51.4990944787223],[-0.16353788785636425,51.49910538425962],[-0.16356110572814941,51.49909202628052],[-0.16354350373148918,51.49908059894372],[-0.16353855840861797,51.49908357318233],[-0.16352757811546326,51.49907658111226],[-0.16355481930077076,51.499059153112114],[-0.16356663778424263,51.49906588428661],[-0.16356294974684715,51.49906880634654],[-0.16358247958123684,51.49907898137522],[-0.16359329223632812,51.49907026737645],[-0.16359329223632812,51.49907028854617],[-0.16359714791178703,51.49906718877767],[-0.1635779533535242,51.49905763990216],[-0.16357485204935074,51.49905977926787]]]}},{"type":"Feature","properties":{"level_id":3,"building_id":"harrods","source_layer":"wall","geometry_tolerance_m":0.04},"geometry":{"type":"Polygon","coordinates":[[[-0.16319515183568,51.49904746486874],[-0.16320068389177322,51.49904407319039],[-0.16317855566740036,51.499029097623094],[-0.16319171525537968,51.499021427208646],[-0.16319599002599716,51.49902471452927],[-0.1631902065128088,51.49902810620904],[-0.16320579685270786,51.49903802034845],[-0.1632277574390173,51.499025027607416],[-0.16321225091814995,51.49901490474636],[-0.1632076408714056,51.49901767027049],[-0.16320319846272469,51.49901474820726],[-0.16320789232850075,51.49901203486266],[-0.1631923858076334,51.49900191199873],[-0.16315517015755177,51.49902356657606],[-0.16315139830112457,51.49902111413047],[-0.16317361034452915,51.499007964845475],[-0.16314460895955563,51.498988658348765],[-0.16312222927808762,51.49900217289732],[-0.16311854124069214,51.49899982481003],[-0.16315022483468056,51.49898072702882],[-0.16307763755321503,51.498933869597266],[-0.16299515962600708,51.49898344037524],[-0.1629855204373598,51.49897723098604],[-0.16306799836456776,51.4989276602013],[-0.16301904805004597,51.4988960914103],[-0.16308316960930824,51.49885721741447],[-0.16315625980496407,51.49887767192379],[-0.16319540329277515,51.498897187186884],[-0.1631564274430275,51.49892927777512],[-0.16324996948242188,51.498988820367614],[-0.16324996948242188,51.49898881488795],[-0.16331291757524014,51.49902888890432],[-0.16324996948242188,51.49906504941228],[-0.16324996948242188,51.499065025603755],[-0.1632353849709034,51.49907339815462],[-0.16319515183568,51.49904746486874]]]}},{"type":"Feature","properties":{"level_id":3,"building_id":"harrods","source_layer":"wall","geometry_tolerance_m":0.04},"geometry":{"type":"Polygon","coordinates":[[[-0.16324996948242188,51.49878479168012],[-0.16324996948242188,51.49878478426208],[-0.1632180344313383,51.49877112052715],[-0.16324996948242188,51.49874380181526],[-0.16324996948242188,51.498743778208905],[-0.1632789708673954,51.498718992696325],[-0.16327427700161934,51.4987169576747],[-0.1632865145802498,51.49870631294468],[-0.16334015876054764,51.49872958524335],[-0.16326815821230412,51.4987925664943],[-0.16324996948242188,51.49878479168012]]]}},{"type":"Feature","properties":{"level_id":3,"building_id":"harrods","source_layer":"wall","geometry_tolerance_m":0.04},"geometry":{"type":"Polygon","coordinates":[[[-0.16393426805734634,51.49909630500861],[-0.16388766467571259,51.499065258130855],[-0.16385606490075588,51.49908383408044],[-0.16383720561861992,51.49907141532847],[-0.16386528499424458,51.49905456130256],[-0.1638507843017578,51.499045221143064],[-0.16392353922128677,51.49899982481003],[-0.1639460027217865,51.499006086375886],[-0.1639541331678629,51.499011147807664],[-0.1639372855424881,51.49902168810709],[-0.16392923891544342,51.49901699193441],[-0.163886658847332,51.49904334267504],[-0.1639531273394823,51.49908461677478],[-0.16393426805734634,51.49909630500861]]]}},{"type":"Feature","properties":{"level_id":4,"building_id":"harrods","source_layer":"wall","geometry_tolerance_m":0.04},"geometry":{"type":"Polygon","coordinates":[[[-0.1627708598971367,51.49931765037124],[-0.16283489763736725,51.49928002904056],[-0.16278200782835484,51.49924579934236],[-0.1627187244594097,51.49928295108677],[-0.1626940816640854,51.499266775471455],[-0.16275099478662014,51.49923259794275],[-0.1627510279850696,51.49923259794275],[-0.16277111135423183,51.4992205444876],[-0.16269676387310028,51.4991725915327],[-0.1627665013074875,51.49913063917822],[-0.1626380905508995,51.499047830126386],[-0.16256826929748058,51.49908973037745],[-0.16250431537628174,51.49904845628234],[-0.16244539059698582,51.49908388626005],[-0.16243482939898968,51.49907819868079],[-0.1624964363873005,51.499041203308536],[-0.16242016106843948,51.49899194567175],[-0.16254094429314137,51.49891873745432],[-0.1625568699091673,51.49892859943773],[-0.16251906752586365,51.49895129764536],[-0.16285442747175694,51.49916283396115],[-0.16277815215289593,51.49921042166997],[-0.16279508359730244,51.49922247512782],[-0.16284235753118992,51.49925294792476],[-0.16316715627908707,51.49905774426148],[-0.16301854513585567,51.49896235975626],[-0.1630715187638998,51.49893115624789],[-0.16293397173285484,51.49884213742595],[-0.16294604167342186,51.49882460497628],[-0.16294780187308788,51.49882554421484],[-0.16296213492751122,51.498816882347484],[-0.16294327564537525,51.49880425480305],[-0.16292843967676163,51.49881291667276],[-0.16293346881866455,51.49881662144787],[-0.16290446743369102,51.498822830858984],[-0.16282190568745136,51.49876898114789],[-0.16278091818094254,51.49879366227336],[-0.16277178190648556,51.49878792247793],[-0.16278846189379692,51.498777851744165],[-0.1627752184867859,51.49876939858774],[-0.16276457346975803,51.49877586890517],[-0.16276222653687,51.498774407865824],[-0.16277287155389786,51.49876788536821],[-0.16275770030915737,51.498758284250016],[-0.16272651962935925,51.498777486484386],[-0.16276725567877293,51.49880190670552],[-0.16258930787444115,51.498909084188085],[-0.16254614107310772,51.498881898492186],[-0.16263088211417198,51.49883154490507],[-0.16258570365607738,51.498784008980635],[-0.16257086768746376,51.49878453078031],[-0.16257120296359062,51.4987899574964],[-0.1625650841742754,51.49879021839618],[-0.1625564508140087,51.498800028227436],[-0.1625520084053278,51.49879861936884],[-0.16255234368145466,51.49879830628913],[-0.162523090839386,51.49878828773765],[-0.16251051798462868,51.49880248068493],[-0.16253968700766563,51.498812655773094],[-0.16253993846476078,51.498812394873426],[-0.16254421323537827,51.49881390809148],[-0.1625367533415556,51.49882230905976],[-0.16253214329481125,51.49882100456168],[-0.16253273002803326,51.498820482762426],[-0.16250381246209145,51.49881041203591],[-0.16249090433120728,51.498824657156206],[-0.16251998953521252,51.49883462351977],[-0.1625204924494028,51.49883415390059],[-0.16252501867711544,51.49883566711793],[-0.16250967979431152,51.49885304302367],[-0.1625328976660967,51.49886817518848],[-0.16252837143838406,51.49887067982215],[-0.1624692790210247,51.49883347556178],[-0.1624562032520771,51.498827787951285],[-0.16237816773355007,51.49880702033991],[-0.16249023377895355,51.49864886266769],[-0.1625378429889679,51.49866117717457],[-0.1625590492039919,51.49877529492542],[-0.16256365925073624,51.498777382124445],[-0.1626597996801138,51.49877143360703],[-0.16266080550849438,51.49877059872733],[-0.16265208832919598,51.49870459100282],[-0.16257170587778091,51.498709078487536],[-0.16256416216492653,51.49866477760182],[-0.16258134506642818,51.4986645167013],[-0.1625863742083311,51.49869911209652],[-0.16266466118395329,51.498697337974306],[-0.1626778207719326,51.49877200758681],[-0.16271931119263172,51.49876866806798],[-0.16271788626909256,51.49875734501009],[-0.16274026595056057,51.49874367384888],[-0.16273029148578644,51.49865935087081],[-0.1627421099692583,51.49865893342994],[-0.16274579800665379,51.49871471393277],[-0.16278745606541634,51.498740438687975],[-0.16281520016491413,51.49872431506017],[-0.1627944130450487,51.498710382988804],[-0.1627796608954668,51.49871909705641],[-0.16276457346975803,51.49871012208854],[-0.16276289708912373,51.4987014601993],[-0.16278544440865517,51.49869942517688],[-0.1628421898931265,51.49873412490561],[-0.16283833421766758,51.498736316466534],[-0.16283481381833553,51.498733968365514],[-0.16282014548778534,51.49874294332869],[-0.16283925622701645,51.49875551871017],[-0.16285392455756664,51.4987467002895],[-0.1628509070724249,51.4987446652691],[-0.16285509802401066,51.49874242152853],[-0.16286859288811684,51.49875108341004],[-0.1628645695745945,51.49875343151015],[-0.16286104917526245,51.49875118777004],[-0.16284621320664883,51.49875995400984],[-0.16286524012684822,51.498772268486704],[-0.16288024373352528,51.49876350224926],[-0.1628771424293518,51.49876146722963],[-0.1628814171999693,51.49875880604995],[-0.16291385516524315,51.498779782403176],[-0.16293187625706196,51.49876929422777],[-0.16316698864102364,51.49888842097346],[-0.16313781961798668,51.49891106702131],[-0.16330227255821228,51.499008695361425],[-0.16330990009009838,51.49901339153499],[-0.1632228121161461,51.49906572774768],[-0.16317411325871944,51.49903243712282],[-0.1631917990744114,51.49902179246649],[-0.1631967443972826,51.499024923248015],[-0.16319054178893566,51.499028680185575],[-0.16320529393851757,51.499037863809406],[-0.16322733834385872,51.49902471452927],[-0.1632125023752451,51.499015270004264],[-0.16320889815688133,51.49901746155169],[-0.16320395283401012,51.49901443512903],[-0.1632343791425228,51.49899606787008],[-0.1631710957735777,51.49895635908325],[-0.16311845742166042,51.4989876147541],[-0.16309247352182865,51.49897091723645],[-0.16306674107909203,51.49898589282287],[-0.16310613602399826,51.49901172178443],[-0.16313564032316208,51.49903113263076],[-0.163173945620656,51.499008330103464],[-0.1631460338830948,51.498987406035184],[-0.16311552375555038,51.499005982016484],[-0.16309037804603577,51.49899017156096],[-0.16309574246406555,51.49898714513651],[-0.16311661340296268,51.49900050314636],[-0.1631607860326767,51.498973630583464],[-0.1631995104253292,51.498998155058985],[-0.16313916072249413,51.499033167638345],[-0.16319573856890202,51.49907005865788],[-0.16320361755788326,51.49906546684943],[-0.16321317292749882,51.499071571867375],[-0.1628036331385374,51.49933940915719],[-0.1627708598971367,51.49931765037124]]]}},{"type":"Feature","properties":{"level_id":4,"building_id":"harrods","source_layer":"wall","geometry_tolerance_m":0.04},"geometry":{"type":"Polygon","coordinates":[[[-0.16357543878257275,51.49905831823767],[-0.16356881707906723,51.499054665661845],[-0.16363796778023243,51.4990044688048],[-0.16368641518056393,51.49902810620904],[-0.16364308074116707,51.49905409168565],[-0.16363117843866348,51.499047151790734],[-0.16363704577088356,51.49904266433933],[-0.16364090144634247,51.499039690098016],[-0.1636448409408331,51.49904172510526],[-0.1636660471558571,51.499025862482455],[-0.1636393927037716,51.49901198268296],[-0.16361785121262074,51.49902774095122],[-0.1636225450783968,51.499030193396464],[-0.16361860558390617,51.49903275020091],[-0.16361190006136894,51.499029149802766],[-0.163594800978899,51.49904162074591],[-0.16362547874450684,51.499061344657406],[-0.16359329223632812,51.49908068437312],[-0.16359329223632812,51.49908070330295],[-0.16353394836187363,51.49911634197397],[-0.16350260004401207,51.49909614846982],[-0.16351919621229172,51.49908607780418],[-0.16352548263967037,51.499090199994015],[-0.16351944766938686,51.49909380038736],[-0.16353671438992023,51.49910496682284],[-0.16356009989976883,51.49909077396978],[-0.16354274936020374,51.49907992060855],[-0.1635370496660471,51.4990833122842],[-0.16353093087673187,51.49907924227338],[-0.1635572500526905,51.49906306658576],[-0.1635637879371643,51.49906703223874],[-0.16356253065168858,51.4990679714723],[-0.16358214430510998,51.49907830304005],[-0.16359714791178703,51.49906703223874],[-0.16357753425836563,51.49905675284808],[-0.16357543878257275,51.49905831823767]]]}},{"type":"Feature","properties":{"level_id":4,"building_id":"harrods","source_layer":"wall","geometry_tolerance_m":0.04},"geometry":{"type":"Polygon","coordinates":[[[-0.1638577412813902,51.499224718844744],[-0.16363905742764473,51.49908367754156],[-0.16364987008273602,51.4990771550882],[-0.1638686377555132,51.49921819641156],[-0.1638577412813902,51.499224718844744]]]}},{"type":"Feature","properties":{"level_id":4,"building_id":"harrods","source_layer":"wall","geometry_tolerance_m":0.04},"geometry":{"type":"Polygon","coordinates":[[[-0.16390233300626278,51.499070423915356],[-0.1638584118336439,51.499042142542606],[-0.1639133132994175,51.49900749522811],[-0.16392840072512627,51.49901657449681],[-0.16390174627304077,51.499033167638345],[-0.16391155309975147,51.49903948137933],[-0.16393871046602726,51.49902314913854],[-0.16395354643464088,51.499032593661866],[-0.1639204379171133,51.49905247411624],[-0.16392622143030167,51.49905612669221],[-0.16390233300626278,51.499070423915356]]]}},{"type":"Feature","properties":{"level_id":4,"building_id":"harrods","source_layer":"wall","geometry_tolerance_m":0.04},"geometry":{"type":"Polygon","coordinates":[[[-0.16324996948242188,51.49910068809555],[-0.16329271718859673,51.499076007136324],[-0.16330763697624207,51.499085608187585],[-0.16319976188242435,51.49915046741026],[-0.16318266279995441,51.49913956188368],[-0.16324996948242188,51.49910069329105],[-0.16324996948242188,51.49910068809555]]]}},{"type":"Feature","properties":{"level_id":1,"building_id":"harrods","source_layer":"wall","geometry_tolerance_m":0.04},"geometry":{"type":"Polygon","coordinates":[[[-0.16324996948242188,51.498756510130136],[-0.16324996948242188,51.49875649954708],[-0.16322365030646324,51.49874550014928],[-0.16326245851814747,51.49870970464815],[-0.1632500533014536,51.49870506062334],[-0.16326178796589375,51.498693581009434],[-0.16332297585904598,51.498719253596505],[-0.16327159479260445,51.49876553726884],[-0.16324996948242188,51.498756510130136]]]}},{"type":"Feature","properties":{"level_id":1,"building_id":"harrods","source_layer":"wall","geometry_tolerance_m":0.04},"geometry":{"type":"Polygon","coordinates":[[[-0.16390342265367508,51.49906473633442],[-0.16386620700359344,51.49904099458985],[-0.16384491696953773,51.49905419604494],[-0.16382337547838688,51.49904036843378],[-0.1638464257121086,51.49902706261528],[-0.1638420671224594,51.49902424491205],[-0.1639133132994175,51.49898093574777],[-0.16397559083998203,51.499020070536545],[-0.16390342265367508,51.49906473633442]]]}},{"type":"Feature","properties":{"level_id":1,"building_id":"harrods","source_layer":"wall","geometry_tolerance_m":0.04},"geometry":{"type":"Polygon","coordinates":[[[-0.1636110618710518,51.49906562338839],[-0.16359329223632812,51.49907629753026],[-0.16359329223632812,51.4990763202141],[-0.1635321881622076,51.49911300248036],[-0.16349723562598228,51.49909046089209],[-0.16349656507372856,51.499078720477115],[-0.1635109819471836,51.49906995429862],[-0.16351592727005482,51.499073085076844],[-0.1635109819471836,51.49907595495668],[-0.16352808102965355,51.49908680831885],[-0.16355113126337528,51.49907298071756],[-0.16353352926671505,51.49906186645387],[-0.16352741047739983,51.499065571208746],[-0.16352414153516293,51.499061918633515],[-0.1635491196066141,51.4990457951194],[-0.16355532221496105,51.49904835192302],[-0.1635528076440096,51.499050334750194],[-0.16357233747839928,51.4990601967051],[-0.16358734108507633,51.49904887371966],[-0.1635681465268135,51.49903901176228],[-0.16356512904167175,51.49904099458985],[-0.16355968080461025,51.49903854214517],[-0.16357443295419216,51.499027166974656],[-0.16359329223632812,51.49903692457525],[-0.16359329223632812,51.499036940578044],[-0.16360695473849773,51.49904402101072],[-0.1636356208473444,51.49902784531059],[-0.16362824477255344,51.49902440145112],[-0.16363168135285378,51.49902200118527],[-0.16363553702831268,51.4990238274745],[-0.1636563241481781,51.499008069204905],[-0.16362950205802917,51.498994293759466],[-0.16360879875719547,51.49901010421354],[-0.16361198388040066,51.49901182614386],[-0.1636078767478466,51.49901485256666],[-0.16360167413949966,51.499011617425026],[-0.1636295858770609,51.49899079771771],[-0.16365867108106613,51.49900472970336],[-0.1636721659451723,51.49899664184704],[-0.16369806602597237,51.49901333935529],[-0.1636219583451748,51.49905910093244],[-0.1637172605842352,51.499120568520226],[-0.1637064479291439,51.49912714314692],[-0.1636110618710518,51.49906562338839]]]}},{"type":"Feature","properties":{"level_id":1,"building_id":"harrods","source_layer":"wall","geometry_tolerance_m":0.04},"geometry":{"type":"Polygon","coordinates":[[[-0.16307160258293152,51.499208856285605],[-0.16306347213685513,51.499213761156454],[-0.16291385516524315,51.499118429157335],[-0.16315223649144173,51.49897697008731],[-0.16302608884871006,51.49889838732312],[-0.16307596117258072,51.498868436087804],[-0.16313371248543262,51.498905640319634],[-0.16323312185704708,51.49882016968289],[-0.16324259340763092,51.498824083177084],[-0.163119463250041,51.49893491319315],[-0.16328835859894753,51.499043760112386],[-0.16324996948242188,51.499066823520195],[-0.16324996948242188,51.499066809431284],[-0.16324116848409176,51.499072093663784],[-0.16320361755788326,51.499047830126386],[-0.16301686875522137,51.4991600162663],[-0.16312533058226109,51.49922998897006],[-0.1631145179271698,51.499236511401534],[-0.16307160258293152,51.499208856285605]]]}},{"type":"Feature","properties":{"level_id":1,"building_id":"harrods","source_layer":"wall","geometry_tolerance_m":0.04},"geometry":{"type":"Polygon","coordinates":[[[-0.16382010653614998,51.4992004032091],[-0.1637309230864048,51.499142901375365],[-0.16374173574149609,51.49913643111003],[-0.16383083537220955,51.49919382859292],[-0.16382010653614998,51.4992004032091]]]}},{"type":"Feature","properties":{"level_id":5,"building_id":"harrods","source_layer":"wall","geometry_tolerance_m":0.04},"geometry":{"type":"Polygon","coordinates":[[[-0.16389772295951843,51.49907324161575],[-0.16384516842663288,51.49903937701998],[-0.16381985507905483,51.4990546134822],[-0.16380233690142632,51.49904334267504],[-0.1637809630483389,51.499029515060556],[-0.16379093751311302,51.499023514396356],[-0.16381021589040756,51.49903598534107],[-0.16383745707571507,51.49901965309897],[-0.1639094576239586,51.49906614518483],[-0.16389772295951843,51.49907324161575]]]}},{"type":"Feature","properties":{"level_id":5,"building_id":"harrods","source_layer":"wall","geometry_tolerance_m":0.04},"geometry":{"type":"Polygon","coordinates":[[[-0.1639279816299677,51.49902883672465],[-0.16388473100960255,51.499001338021856],[-0.16392110846936703,51.49897817022145],[-0.16396863386034966,51.49900441662507],[-0.1639279816299677,51.49902883672465]]]}},{"type":"Feature","properties":{"level_id":5,"building_id":"harrods","source_layer":"wall","geometry_tolerance_m":0.04},"geometry":{"type":"Polygon","coordinates":[[[-0.16376336105167866,51.499017148473484],[-0.16374416649341583,51.49900504278162],[-0.1637537218630314,51.49899956391141],[-0.16377157531678677,51.499011095627964],[-0.16376336105167866,51.499017148473484]]]}},{"type":"Feature","properties":{"level_id":5,"building_id":"harrods","source_layer":"wall","geometry_tolerance_m":0.04},"geometry":{"type":"Polygon","coordinates":[[[-0.1638217829167843,51.49901834860654],[-0.16374148428440094,51.498984692688964],[-0.1637511234730482,51.49897592649236],[-0.16381122171878815,51.49900185981903],[-0.16381784342229366,51.49899596351065],[-0.16375749371945858,51.49897029107942],[-0.16376227140426636,51.49896622105851],[-0.163822453469038,51.498992102210934],[-0.16382932662963867,51.498986153721575],[-0.1637684740126133,51.49896027256574],[-0.163777694106102,51.49895192380268],[-0.16385765746235847,51.49898557974447],[-0.1638217829167843,51.49901834860654]]]}},{"type":"Feature","properties":{"level_id":5,"building_id":"harrods","source_layer":"wall","geometry_tolerance_m":0.04},"geometry":{"type":"Polygon","coordinates":[[[-0.16379387117922306,51.499184645000554],[-0.16371860168874264,51.49913611803268],[-0.16372949816286564,51.49912959558682],[-0.16380476765334606,51.49917812256163],[-0.16379387117922306,51.499184645000554]]]}},{"type":"Feature","properties":{"level_id":4,"building_id":"harrods","source_layer":"virtualobstacle","geometry_tolerance_m":0.06},"geometry":{"type":"Polygon","coordinates":[[[-0.16277781687676907,51.49987367018943],[-0.16263876110315323,51.49978397488374],[-0.16263876110315323,51.49978324438021],[-0.16270405612885952,51.49974249270184],[-0.1626310497522354,51.499699027683334],[-0.16262836754322052,51.49969741013683],[-0.16262426041066647,51.499694540296105],[-0.16262426041066647,51.49969349671761],[-0.16274252906441689,51.49962284639844],[-0.1627437025308609,51.49962284639844],[-0.16296297311782837,51.49976242502538],[-0.16296297311782837,51.49976315552922],[-0.16277899034321308,51.49987367018943],[-0.16277781687676907,51.49987367018943]],[[-0.16277840360999107,51.49987262661506],[-0.16296121291816235,51.499762790277344],[-0.1627431157976389,51.49962388997852],[-0.16262543387711048,51.49969407068579],[-0.16262736171483994,51.49969547951673],[-0.1626304630190134,51.49969720142116],[-0.16270598396658897,51.499742597059566],[-0.16267865896224976,51.49976065094461],[-0.16264043748378754,51.499783661810795],[-0.16277840360999107,51.49987262661506]]]}},{"type":"Feature","properties":{"level_id":-1,"building_id":"harrods","source_layer":"virtualobstacle","geometry_tolerance_m":0.06},"geometry":{"type":"Polygon","coordinates":[[[-0.16241773031651974,51.49944564615001],[-0.16241177916526794,51.49944235885974],[-0.1624115277081728,51.49944209796368],[-0.16241060569882393,51.499440219511996],[-0.16234355047345161,51.499400563291346],[-0.16234355047345161,51.499399832781705],[-0.16250984743237495,51.49930246617632],[-0.16251102089881897,51.49930246617632],[-0.16266449354588985,51.49940797274573],[-0.16266440972685814,51.499408703255256],[-0.16261210665106773,51.49943724529663],[-0.16262585297226906,51.49944632447972],[-0.16262583806614347,51.49944632447972],[-0.16273892484605312,51.49952109722338],[-0.16273892484605312,51.499521827731115],[-0.16258427873253822,51.49961366289244],[-0.1625831052660942,51.49961361071345],[-0.16252216883003712,51.499574319897135],[-0.16244161874055862,51.499522401701455],[-0.16244161874055862,51.49952172337285],[-0.16248570755124092,51.4994938597134],[-0.16240959987044334,51.49945211637143],[-0.16240951605141163,51.499451385862585],[-0.162416759539671,51.49944632447972],[-0.16241672448813915,51.49944632447972],[-0.16241773031651974,51.49944564615001]],[[-0.16262358985841274,51.49944632447972],[-0.1626103464514017,51.49943755837194],[-0.16261043027043343,51.499436827862866],[-0.16266273334622383,51.49940828582123],[-0.16251035034656525,51.49930350976376],[-0.16234531067311764,51.49940019803651],[-0.16241186298429966,51.49943959336139],[-0.1624121144413948,51.49943980207826],[-0.16241303645074368,51.49944168052997],[-0.16241940669715405,51.499445228716354],[-0.16241949051618576,51.499445959225255],[-0.16241898760199547,51.49944632447972],[-0.16241896779018403,51.49944632447972],[-0.16241127625107765,51.49945169893783],[-0.16248746775090694,51.49949344228017],[-0.16248746775090694,51.49949417278833],[-0.16244337894022465,51.49952203644759],[-0.16252133063971996,51.49957233709276],[-0.1625291258096695,51.49957734628259],[-0.16253985464572906,51.49958428609679],[-0.16258369199931622,51.499612567133084],[-0.16273724846541882,51.49952146247725],[-0.16262360488170877,51.49944632447972],[-0.16262358985841274,51.49944632447972]]]}},{"type":"Feature","properties":{"level_id":-1,"building_id":"harrods","source_layer":"virtualobstacle","geometry_tolerance_m":0.06},"geometry":{"type":"Polygon","coordinates":[[[-0.1625269465148449,51.49964731834561],[-0.1625258568674326,51.49964726616662],[-0.16243700869381428,51.499591121551845],[-0.16239526681602,51.49956477112789],[-0.16239535063505173,51.499564040620896],[-0.16243793070316315,51.49953889030064],[-0.16243902035057545,51.49953889030064],[-0.16256935894489288,51.49962107231218],[-0.16256935894489288,51.4996218028183],[-0.1625269465148449,51.49964731834561]],[[-0.1625264436006546,51.499646222587046],[-0.16256768256425858,51.49962143756525],[-0.16243843361735344,51.49953993388266],[-0.16239702701568604,51.499564405874395],[-0.16243482939898968,51.499588303883456],[-0.16244010999798775,51.49959164334223],[-0.1624502521008253,51.49959806136391],[-0.1625264436006546,51.499646222587046]]]}},{"type":"Feature","properties":{"level_id":-1,"building_id":"harrods","source_layer":"virtualobstacle","geometry_tolerance_m":0.06},"geometry":{"type":"Polygon","coordinates":[[[-0.16225461848080158,51.499281437884264],[-0.1622417103499174,51.49927288046243],[-0.16222218051552773,51.49925993996774],[-0.16222218051552773,51.49925920945586],[-0.16226794570684433,51.49923259794275],[-0.16226795553256607,51.49923259794275],[-0.16246424987912178,51.49911848133692],[-0.16246533952653408,51.49911853351651],[-0.1626074966043234,51.49920859538821],[-0.1626074966043234,51.49920932590092],[-0.16236433759331703,51.49935328885698],[-0.16236324794590473,51.49935328885698],[-0.16225461848080158,51.499281437884264]],[[-0.16260582022368908,51.49920896064458],[-0.16246475279331207,51.49911957710816],[-0.16227027621201814,51.49923259794275],[-0.16227029263973236,51.49923259794275],[-0.16222385689616203,51.4992595747118],[-0.16224288381636143,51.4992722021301],[-0.1622557919472456,51.49928075955211],[-0.16236383467912674,51.49935224527064],[-0.16260582022368908,51.49920896064458]]]}},{"type":"Feature","properties":{"level_id":-1,"building_id":"harrods","source_layer":"virtualobstacle","geometry_tolerance_m":0.06},"geometry":{"type":"Polygon","coordinates":[[[-0.16267932951450348,51.49939696292225],[-0.16252451576292515,51.499294534911],[-0.16252451576292515,51.499293856579015],[-0.16262912191450596,51.49923259794275],[-0.16262912566883772,51.49923259794275],[-0.16263188794255257,51.49923098037968],[-0.16263297758996487,51.49923098037968],[-0.16263539384640163,51.49923259794275],[-0.1626354083418846,51.49923259794275],[-0.16278753988444805,51.499334452120536],[-0.16278753988444805,51.4993351304519],[-0.1626805029809475,51.49939701510152],[-0.16267932951450348,51.49939696292225]],[[-0.16278586350381374,51.49933476519655],[-0.1626331452280283,51.49923259794275],[-0.16263317069830818,51.49923259794275],[-0.16263239085674286,51.49923207614822],[-0.16252619214355946,51.4992942218347],[-0.1626800000667572,51.49939591933693],[-0.16278586350381374,51.49933476519655]]]}},{"type":"Feature","properties":{"level_id":-1,"building_id":"harrods","source_layer":"virtualobstacle","geometry_tolerance_m":0.06},"geometry":{"type":"Polygon","coordinates":[[[-0.16282827593386173,51.49984377177381],[-0.16282710246741772,51.49984371959508],[-0.1625406090170145,51.49965911079306],[-0.1625406090170145,51.49965843246653],[-0.16275091096758842,51.49952991549421],[-0.16275208443403244,51.49952991549421],[-0.1630344707518816,51.49971927309929],[-0.1630344707518816,51.499719899246],[-0.1630274299532175,51.499725169314075],[-0.1630273461341858,51.49972522149298],[-0.16300932504236698,51.49973550073287],[-0.16300823539495468,51.49973550073287],[-0.16300714574754238,51.499734822407476],[-0.16287990845739841,51.49981037735972],[-0.16288317739963531,51.49981256886889],[-0.1628830935806036,51.49981329937194],[-0.1628722809255123,51.49981982171994],[-0.1628711074590683,51.49981982171994],[-0.1628695148974657,51.499818725965525],[-0.16282827593386173,51.49984377177381]],[[-0.16282768920063972,51.499842676019995],[-0.1628689281642437,51.499817682389875],[-0.1628701016306877,51.499817682389875],[-0.1628716941922903,51.499818725965525],[-0.1628814171999693,51.49981288194164],[-0.1628781482577324,51.49981074261123],[-0.1628781482577324,51.499810012108156],[-0.1630066428333521,51.499733726651044],[-0.1630078162997961,51.49973377882989],[-0.1630088221281767,51.49973445715531],[-0.16302617266774178,51.49972449098851],[-0.1630327943712473,51.499719638351536],[-0.16275149770081043,51.499531011255556],[-0.16254236921668053,51.49965879771929],[-0.16282768920063972,51.499842676019995]]]}},{"type":"Feature","properties":{"level_id":-1,"building_id":"harrods","source_layer":"virtualobstacle","geometry_tolerance_m":0.06},"geometry":{"type":"Polygon","coordinates":[[[-0.16305056400597095,51.499688591898405],[-0.16304947435855865,51.49968853971947],[-0.16283942386507988,51.49954885650803],[-0.1628395076841116,51.49954817817985],[-0.16285778023302555,51.49953758582308],[-0.16285778023302555,51.49953722056935],[-0.16293346881866455,51.49949125075565],[-0.16293455846607685,51.49949125075565],[-0.16314377076923847,51.49962916005771],[-0.1631662342697382,51.4996439788909],[-0.16316615045070648,51.49964470939665],[-0.16314192675054073,51.49965848464552],[-0.1631416752934456,51.499658589003445],[-0.1631008554250002,51.49966683327915],[-0.1630720216780901,51.49967617331123],[-0.16305056400597095,51.499688591898405]],[[-0.16305006109178066,51.49968749614084],[-0.1630710158497095,51.49967539062703],[-0.16307118348777294,51.49967528626917],[-0.16310018487274647,51.499665894057955],[-0.16310026869177818,51.499665894057955],[-0.16314100474119186,51.49965764978205],[-0.16316447407007217,51.499644291964785],[-0.1631504762917757,51.49963505628418],[-0.16293397173285484,51.49949229433875],[-0.1628592051565647,51.49953774236039],[-0.1628592051565647,51.499538107614114],[-0.1628411840647459,51.49954854343349],[-0.16305006109178066,51.49968749614084]]]}},{"type":"Feature","properties":{"level_id":-1,"building_id":"harrods","source_layer":"virtualobstacle","geometry_tolerance_m":0.06},"geometry":{"type":"Polygon","coordinates":[[[-0.1623266190290451,51.49941052952897],[-0.16236492432653904,51.49943442761875],[-0.16236500814557076,51.49943447979797],[-0.1623793411999941,51.49944632447972],[-0.1623793086353721,51.49944632447972],[-0.162394680082798,51.49945905620467],[-0.16246282495558262,51.49949547726712],[-0.16246282495558262,51.49949620777525],[-0.16238135285675526,51.49954322116591],[-0.16238026320934296,51.499543168986804],[-0.16235838644206524,51.499529393703114],[-0.16232050023972988,51.499505443484],[-0.1623205840587616,51.499504712976034],[-0.16232410445809364,51.49950267798948],[-0.16230071894824505,51.499486972064574],[-0.16227624379098415,51.49947037908825],[-0.16225176863372326,51.49945436007704],[-0.16225176863372326,51.49945368174747],[-0.1623254455626011,51.499410477349755],[-0.1623266190290451,51.49941052952897]],[[-0.1623260322958231,51.499411573113946],[-0.16225352883338928,51.49945404700185],[-0.16227741725742817,51.49946970075891],[-0.16230189241468906,51.499486293735515],[-0.16232586465775967,51.49950236491463],[-0.16232578083872795,51.499503095422654],[-0.1623222604393959,51.499505078230015],[-0.1623391080647707,51.49951577495261],[-0.16238084994256496,51.49954212540487],[-0.1624610647559166,51.499495842521185],[-0.1623935904353857,51.49945978671337],[-0.16239342279732227,51.499459682354995],[-0.16236375086009502,51.499435105948635],[-0.1623260322958231,51.499411573113946]]]}},{"type":"Feature","properties":{"level_id":-1,"building_id":"harrods","source_layer":"virtualobstacle","geometry_tolerance_m":0.06},"geometry":{"type":"Polygon","coordinates":[[[-0.16208144836127758,51.49934160068901],[-0.1620815321803093,51.49934092235773],[-0.16220072284340858,51.49927168033602],[-0.16220181249082088,51.49927168033602],[-0.16234531067311764,51.499363881256556],[-0.16234531067311764,51.49936455958749],[-0.16222461126744747,51.499435888636924],[-0.16222352162003517,51.499435888636924],[-0.16211380250751972,51.49936309856702],[-0.16208144836127758,51.49934160068901]],[[-0.16222000122070312,51.49928482954493],[-0.16220122575759888,51.499272776103595],[-0.1620832085609436,51.49934128761305],[-0.16209418885409832,51.499348592718405],[-0.16222410835325718,51.49943484505252],[-0.16234363429248333,51.49936419433237],[-0.16222000122070312,51.49928482888949],[-0.16222000122070312,51.49928482954493]]]}},{"type":"Feature","properties":{"level_id":-1,"building_id":"harrods","source_layer":"virtualobstacle","geometry_tolerance_m":0.06},"geometry":{"type":"Polygon","coordinates":[[[-0.16265326179564,51.49944585486685],[-0.1626533456146717,51.49944512435792],[-0.16276566311717033,51.49938057863028],[-0.16276683658361435,51.499380630809526],[-0.16291511245071888,51.499478362502146],[-0.16291502863168716,51.499479093010535],[-0.1628089975565672,51.49954259501675],[-0.16280782409012318,51.49954259501675],[-0.16278812661767006,51.49952934152398],[-0.16278812661767006,51.49952866319552],[-0.16280061565339565,51.49952146247725],[-0.1626761443912983,51.49943990643669],[-0.16266876831650734,51.49944418513215],[-0.16266516409814358,51.49944632447972],[-0.16266512758279542,51.49944632447972],[-0.1626597996801138,51.49944945523208],[-0.1626587100327015,51.49944945523208],[-0.16265397243527915,51.49944632447972],[-0.16265393234789371,51.49944632447972],[-0.16265326179564,51.49944585486685]],[[-0.16286423429846764,51.49944632447972],[-0.16276616603136063,51.49938167439518],[-0.16265502199530602,51.49944554179157],[-0.16265619546175003,51.49944632447972],[-0.16265618784187655,51.49944632447972],[-0.1626592967659235,51.49944841164802],[-0.16266284295571942,51.49944632447972],[-0.16266281716525555,51.49944632447972],[-0.16266390681266785,51.499445698329225],[-0.162675641477108,51.499438810673155],[-0.16267681494355202,51.49943886285237],[-0.1626882143318653,51.49944632447972],[-0.16268820062826392,51.49944632447972],[-0.16280237585306168,51.49952114940254],[-0.16280229203402996,51.499521827731115],[-0.16278980299830437,51.49952902844933],[-0.16280841082334518,51.49954155143476],[-0.16291335225105286,51.499478675577166],[-0.16286426382101044,51.49944632447972],[-0.16286423429846764,51.49944632447972]]]}},{"type":"Feature","properties":{"level_id":0,"building_id":"harrods","source_layer":"virtualobstacle","geometry_tolerance_m":0.06},"geometry":{"type":"Polygon","coordinates":[[[-0.16267362982034683,51.49974666701115],[-0.16249953769147396,51.49963437795725],[-0.16249945387244225,51.49963432577826],[-0.16249308362603188,51.499628377372716],[-0.1624931674450636,51.49962775122469],[-0.16250439919531345,51.499619872194984],[-0.16258226707577705,51.49957306759964],[-0.16258344054222107,51.49957306759964],[-0.16265971586108208,51.49962049834309],[-0.16270296648144722,51.49959320871346],[-0.16270413994789124,51.49959320871346],[-0.16272936947643757,51.49960948857097],[-0.16281260177493095,51.49966318075212],[-0.16281251795589924,51.49966385907857],[-0.16278737224638462,51.49967904315312],[-0.16267480328679085,51.49974666701115],[-0.16267362982034683,51.49974666701115]],[[-0.16267421655356884,51.49974557125498],[-0.1627861987799406,51.499678312647916],[-0.16281084157526493,51.499663493825864],[-0.1627191435545683,51.499604322847574],[-0.16270355321466923,51.49959430447328],[-0.16266021877527237,51.49962159410228],[-0.16265912912786007,51.49962159410228],[-0.16258285380899906,51.49957416335994],[-0.16250557266175747,51.49962055052211],[-0.16249476000666618,51.49962811647771],[-0.1625007949769497,51.49963369963035],[-0.16267421655356884,51.49974557125498]]]}},{"type":"Feature","properties":{"level_id":0,"building_id":"harrods","source_layer":"virtualobstacle","geometry_tolerance_m":0.06},"geometry":{"type":"Polygon","coordinates":[[[-0.16243156045675278,51.49940760749095],[-0.1624311413615942,51.49940739877394],[-0.16243122518062592,51.49940666826444],[-0.16248461790382862,51.49937562159809],[-0.16248470172286034,51.49937562159809],[-0.1625116914510727,51.499360802677614],[-0.1625149603933096,51.49935480205707],[-0.1625041477382183,51.499346035931666],[-0.16250423155725002,51.49934535760045],[-0.1625313889235258,51.49932902546928],[-0.16253256238996983,51.49932902546928],[-0.16256055794656277,51.49934707951812],[-0.16256047412753105,51.49934781002858],[-0.1625601388514042,51.499347966566575],[-0.16270221211016178,51.49943844541863],[-0.16271419823169708,51.49944366334003],[-0.1627360749989748,51.4994316099407],[-0.1627371646463871,51.49943166211992],[-0.16275904141366482,51.49944575050844],[-0.16275904141366482,51.49944632447972],[-0.16275904141366482,51.499446481017344],[-0.16269869171082973,51.49948274555234],[-0.16269751824438572,51.49948274555234],[-0.16266918741166592,51.49946469155722],[-0.16264043849879495,51.49944632447972],[-0.16264043748378754,51.49944632447972],[-0.16261495649814606,51.49943004456392],[-0.16248428262770176,51.49950873076972],[-0.16256600618362427,51.49956174474161],[-0.16256600618362427,51.499562475248666],[-0.16248805448412895,51.499609279854866],[-0.16248797066509724,51.499609332033884],[-0.16247497871518135,51.49961606312715],[-0.16247397288680077,51.49961606312715],[-0.1624638307839632,51.49961131483667],[-0.16246366314589977,51.49961126265765],[-0.1624540239572525,51.49960500117493],[-0.16241068951785564,51.4995770853873],[-0.16234036535024643,51.49953168958402],[-0.16234028153121471,51.49953168958402],[-0.1623325701802969,51.49952542809035],[-0.1623325701802969,51.49952474976183],[-0.16234279610216618,51.49951864480457],[-0.16233550384640694,51.49951389650394],[-0.16233550384640694,51.49951316599612],[-0.16233843751251698,51.49951144408476],[-0.16231974586844444,51.49950085171943],[-0.16231966204941273,51.49950085171943],[-0.16230993904173374,51.499494224967464],[-0.16230993904173374,51.49949354663849],[-0.16237676802403506,51.49944632447972],[-0.1623767428100109,51.49944632447972],[-0.16243156045675278,51.49940760749095]],[[-0.1627365779131651,51.49943270570441],[-0.1627147849649191,51.49944470692424],[-0.1627137791365385,51.49944470692424],[-0.1627012062817812,51.499439228106894],[-0.16270103864371777,51.49943917592768],[-0.16255846247076988,51.49934833182181],[-0.16255846247076988,51.49934760131134],[-0.16255879774689674,51.49934744477335],[-0.1625318918377161,51.4993300690561],[-0.16250582411885262,51.49934577503507],[-0.16251655295491219,51.499354384622535],[-0.1625166367739439,51.49935485423637],[-0.16251311637461185,51.49936127229137],[-0.16251294873654842,51.49936148100858],[-0.16248570755124092,51.49937635210813],[-0.16243290156126022,51.49940703351919],[-0.16243323683738708,51.499407242236174],[-0.16243323683738708,51.499407920566455],[-0.1623789221048355,51.49944632447972],[-0.1623789204488993,51.49944632447972],[-0.16231161542236805,51.49949391189253],[-0.16232083551585674,51.49950012121138],[-0.16234011389315128,51.499511026651675],[-0.162340197712183,51.49951175715955],[-0.16233718022704124,51.49951358342915],[-0.1623445563018322,51.4995182795507],[-0.16234447248280048,51.499519010058435],[-0.1623342465609312,51.499525167194776],[-0.16234153881669044,51.499531011255556],[-0.16241186298429966,51.4995763548805],[-0.16245519742369652,51.499604270668556],[-0.1624648366123438,51.499610532151365],[-0.16247439198195934,51.499615019546894],[-0.16248696483671665,51.49960854934858],[-0.16256424598395824,51.49956210999514],[-0.16248260624706745,51.49950909602367],[-0.16248260624706745,51.499508365515766],[-0.16258554106498715,51.49944632447972],[-0.16258553601801395,51.49944632447972],[-0.16261436976492405,51.49942894880016],[-0.16261554323136806,51.49942894880016],[-0.16264278441667557,51.49944632447972],[-0.16264277022650847,51.49944632447972],[-0.16268553212285042,51.49947361419731],[-0.16269810497760773,51.49948164978983],[-0.1627572812139988,51.49944611576288],[-0.1627365779131651,51.49943270570441]]]}},{"type":"Feature","properties":{"level_id":0,"building_id":"harrods","source_layer":"virtualobstacle","geometry_tolerance_m":0.06},"geometry":{"type":"Polygon","coordinates":[[[-0.16219301149249077,51.499437036579764],[-0.16222000122070312,51.49942383523552],[-0.16222000122070312,51.49942384616427],[-0.16223902814090252,51.499414547330986],[-0.16224011778831482,51.49941459951023],[-0.16231169924139977,51.49945738647045],[-0.16231169924139977,51.499458064799995],[-0.16227255575358868,51.49948159761067],[-0.16227138228714466,51.49948159761067],[-0.1622378546744585,51.49945994325097],[-0.16222385689616203,51.49945091624977],[-0.1622199174016714,51.49945331649306],[-0.1622187439352274,51.49945326431387],[-0.16220969147980213,51.49944742024309],[-0.16220935620367527,51.4994476289599],[-0.16220818273723125,51.4994476289599],[-0.16219292767345905,51.49943776708881],[-0.16219301149249077,51.499437036579764]],[[-0.16222000122070312,51.49942513677817],[-0.16222000122070312,51.49942513971638],[-0.1621947716921568,51.4994374540135],[-0.16220876947045326,51.49944653319653],[-0.16220910474658012,51.49944637665891],[-0.16221027821302414,51.49944632447972],[-0.1622193306684494,51.499452220729836],[-0.16222000122070312,51.49945180329624],[-0.16222000122070312,51.499451821059345],[-0.16222327016294003,51.49944987266571],[-0.16222444362938404,51.49944987266571],[-0.16225227154791355,51.49946782230836],[-0.16227196902036667,51.499480554027286],[-0.16230993904173374,51.49945775172483],[-0.1622394472360611,51.49941564309512],[-0.16222000122070312,51.49942513677817]]]}},{"type":"Feature","properties":{"level_id":0,"building_id":"harrods","source_layer":"virtualobstacle","geometry_tolerance_m":0.06},"geometry":{"type":"Polygon","coordinates":[[[-0.162836741656065,51.49964862282005],[-0.16277991235256195,51.49961194098489],[-0.16272769309580326,51.499578285505635],[-0.16272769309580326,51.49957760717788],[-0.1627872884273529,51.499540038240895],[-0.16271512024104595,51.49949396407169],[-0.16271512024104595,51.499493233563555],[-0.1627763081341982,51.499456499424156],[-0.1627774816006422,51.499456499424156],[-0.16280329786241055,51.4994727271513],[-0.1628172118216753,51.49948112799814],[-0.16283095814287663,51.499488172185295],[-0.16284210607409477,51.499493181384395],[-0.16286230646073818,51.49950220837718],[-0.16287370584905148,51.49950664360421],[-0.16288451850414276,51.49950899166538],[-0.16290505416691303,51.49951342689178],[-0.1629211474210024,51.499516088027406],[-0.1629380788654089,51.49951697507254],[-0.16295408830046654,51.4995172359682],[-0.16295425593852997,51.4995172881473],[-0.16297806054353714,51.499521984268455],[-0.16297847963869572,51.49952208862672],[-0.16301125288009644,51.49954379513596],[-0.16301125288009644,51.49954452564333],[-0.162837915122509,51.49964862282005],[-0.162836741656065,51.49964862282005]],[[-0.1628374122083187,51.499647579240474],[-0.1630094926804304,51.49954410821053],[-0.16297738999128342,51.49952287131353],[-0.1629539206624031,51.49951822737157],[-0.16293799504637718,51.49951796647596],[-0.16292097978293896,51.49951707943083],[-0.16292081214487553,51.49951707943083],[-0.16290463507175446,51.499514418295234],[-0.16290455125272274,51.499514418295234],[-0.16288401558995247,51.49950993088984],[-0.16287303529679775,51.49950758282873],[-0.16287295147776604,51.499507530649566],[-0.1628613844513893,51.49950304324349],[-0.1628411840647459,51.49949396407169],[-0.16282995231449604,51.499489007051835],[-0.16282995231449604,51.4994889548727],[-0.16281620599329472,51.49948191068566],[-0.162816122174263,51.4994818585065],[-0.16280212439596653,51.499473457659775],[-0.1627768948674202,51.49945754300805],[-0.16271688044071198,51.49949359881762],[-0.1627889648079872,51.4995396729872],[-0.1627889648079872,51.49954035131549],[-0.16272945329546928,51.49957797243127],[-0.16280623152852058,51.499627490329715],[-0.1628374122083187,51.499647579240474]]]}},{"type":"Feature","properties":{"level_id":0,"building_id":"harrods","source_layer":"virtualobstacle","geometry_tolerance_m":0.06},"geometry":{"type":"Polygon","coordinates":[[[-0.1623130403459072,51.4992262320491],[-0.16228370368480682,51.499207343080684],[-0.16228378750383854,51.49920666474739],[-0.1624905690550804,51.49908320792497],[-0.16249165870249271,51.49908320792497],[-0.16268578357994556,51.49920729090118],[-0.16268578357994556,51.49920802141392],[-0.16247833147644997,51.49933194751233],[-0.16247724182903767,51.49933194751233],[-0.1623130403459072,51.4992262320491]],[[-0.16268402338027954,51.49920765615755],[-0.1624910719692707,51.49908430369703],[-0.16228546388447285,51.49920703000376],[-0.1623032335191965,51.4992184573089],[-0.16247782856225967,51.49933085174621],[-0.16268402338027954,51.49920765615755]]]}},{"type":"Feature","properties":{"level_id":0,"building_id":"harrods","source_layer":"virtualobstacle","geometry_tolerance_m":0.06},"geometry":{"type":"Polygon","coordinates":[[[-0.16208605840802193,51.499271158541944],[-0.1620853878557682,51.49927089764492],[-0.16207859851419926,51.49926380124475],[-0.1620711386203766,51.49925597433156],[-0.16206778585910797,51.499252426130454],[-0.16206275671720505,51.49924720818714],[-0.1620532851666212,51.49924110319273],[-0.16204104758799076,51.49923473730027],[-0.16203233040869236,51.499231815250965],[-0.16202143393456936,51.499228684483626],[-0.1620172429829836,51.499227536535585],[-0.16201380640268326,51.49922696256152],[-0.1620102021843195,51.499227119099885],[-0.1620096154510975,51.49922696256152],[-0.16200684942305088,51.49922508410094],[-0.16200467012822628,51.49922367525548],[-0.16200450249016285,51.49922351871709],[-0.1620009820908308,51.49921918782147],[-0.1620008982717991,51.49921908346249],[-0.1619972102344036,51.499208491029236],[-0.1619954500347376,51.499203533978374],[-0.161993270739913,51.49919993359367],[-0.1619905885308981,51.499197637696085],[-0.16198673285543919,51.49919513308035],[-0.16198421828448772,51.49919351551594],[-0.1619770098477602,51.49918887154044],[-0.16197684220969677,51.49918876718144],[-0.16197466291487217,51.49918647128325],[-0.16197457909584045,51.499186210385744],[-0.1619742438197136,51.49918135769144],[-0.1619742438197136,51.499181148973406],[-0.16197625547647476,51.499177652946],[-0.16197633929550648,51.499177600766444],[-0.16197818331420422,51.499175043970155],[-0.1620711386203766,51.499047412689066],[-0.1620722282677889,51.499047203970406],[-0.16221069730818272,51.499093017693156],[-0.16221086494624615,51.49909306987277],[-0.16222000122070312,51.499098392192934],[-0.16222000122070312,51.49909840197627],[-0.1622296404093504,51.49910402759005],[-0.1622297242283821,51.49910475810444],[-0.16222134232521057,51.49910997606406],[-0.16229577362537384,51.49915615498048],[-0.1623042393475771,51.49915057176935],[-0.1623054128140211,51.49915057176935],[-0.16232050023972988,51.4991599640868],[-0.16232050023972988,51.49916069460028],[-0.16223416663706303,51.49921256102854],[-0.16226482844801504,51.49923259794275],[-0.16226484440267086,51.49923259794275],[-0.16246508806943893,51.499363463822135],[-0.16246508806943893,51.49936414215307],[-0.16245385631918907,51.49937264737852],[-0.16245377250015736,51.499372699557824],[-0.16238462179899216,51.49941423425551],[-0.16238353215157986,51.49941423425551],[-0.16237154603004456,51.499407242236174],[-0.16217540949583054,51.4992736631535],[-0.16208605840802193,51.499271158541944]],[[-0.16221966594457626,51.4991096108069],[-0.1622279640287161,51.49910444502686],[-0.16222000122070312,51.49909978630606],[-0.16222000122070312,51.49909980104226],[-0.16220985911786556,51.49909385256694],[-0.1620722282677889,51.49904835192302],[-0.16197960823774338,51.49917546140628],[-0.16197776421904564,51.4991780182026],[-0.16197583638131618,51.49918140987094],[-0.16197617165744305,51.49918605384721],[-0.16197818331420422,51.49918819320692],[-0.16198539175093174,51.499192785003004],[-0.1619879063218832,51.49919445474691],[-0.1619917619973421,51.49919695936265],[-0.16199184581637383,51.49919701154215],[-0.16199461184442043,51.49919935961927],[-0.16199469566345215,51.499199516157745],[-0.16199695877730846,51.49920322090145],[-0.16199704259634018,51.49920327308092],[-0.1619988027960062,51.49920823013187],[-0.1619988027960062,51.49920828231134],[-0.16200249083340168,51.49921877038571],[-0.162005927413702,51.49922299692244],[-0.1620080228894949,51.49922440576796],[-0.16201053746044636,51.499226075510705],[-0.16201389022171497,51.49922597115179],[-0.16201414167881012,51.49922597115179],[-0.16201766207814217,51.49922654512585],[-0.1620178297162056,51.499226597305324],[-0.16202210448682308,51.499227797432866],[-0.1620330847799778,51.49923087602079],[-0.162038092244572,51.49923259794275],[-0.16203811392188072,51.49923259794275],[-0.16204188577830791,51.49923390242907],[-0.16204196959733963,51.499233954608485],[-0.1620543748140335,51.49924032050109],[-0.1620543748140335,51.49924037268056],[-0.16206401400268078,51.49924658203392],[-0.1620640978217125,51.499246634213364],[-0.16206921078264713,51.49925195651559],[-0.16207247972488403,51.499255452537284],[-0.16208002343773842,51.49926327945059],[-0.16208656132221222,51.499270167133176],[-0.1621758285909891,51.49927267174476],[-0.16217641532421112,51.49927282828301],[-0.16237271949648857,51.499406511726676],[-0.16238403506577015,51.49941319067062],[-0.16245259903371334,51.49937196904773],[-0.16246341168880463,51.49936382907728],[-0.16223249025642872,51.49921287410538],[-0.16223249025642872,51.4992121957722],[-0.16231882385909557,51.49916032934354],[-0.16230490989983082,51.49915166753982],[-0.16229644417762756,51.49915719857128],[-0.16229527071118355,51.49915719857128],[-0.16222000122070312,51.49911049716569],[-0.16222000122070312,51.49911049785999],[-0.16221966594457626,51.49911028914161],[-0.16221966594457626,51.4991096108069]]]}},{"type":"Feature","properties":{"level_id":0,"building_id":"harrods","source_layer":"virtualobstacle","geometry_tolerance_m":0.06},"geometry":{"type":"Polygon","coordinates":[[[-0.16289717517793179,51.49987977509912],[-0.16289608553051949,51.49987972292038],[-0.16271025873720646,51.49975689406739],[-0.16271034255623817,51.49975621574231],[-0.16274521127343178,51.49973450933419],[-0.1627452950924635,51.49973450933419],[-0.16283858567476273,51.49967841700581],[-0.16283975914120674,51.499678469184744],[-0.16301468946039677,51.49979127991813],[-0.16303220763802528,51.49980255054035],[-0.16303220763802528,51.49980328104354],[-0.16302173025906086,51.49980954249904],[-0.16298887319862843,51.499829266078194],[-0.16293883323669434,51.49985937321827],[-0.16293874941766262,51.499859425397005],[-0.16292408108711243,51.49986657388317],[-0.16290740109980106,51.49987476594251],[-0.16289717517793179,51.49987977509912]],[[-0.1628967560827732,51.49987873152489],[-0.1629064790904522,51.49987398326175],[-0.16292307525873184,51.49986579120224],[-0.16293774358928204,51.49985864271599],[-0.16298778355121613,51.49982853557543],[-0.16302064061164856,51.49980881199593],[-0.16303044743835926,51.499802915791946],[-0.16300085932016373,51.499783766168434],[-0.16283917240798473,51.49967951276355],[-0.1627463847398758,51.499735239838515],[-0.16272601671516895,51.49974786712502],[-0.16271201893687248,51.49975658099427],[-0.1628967560827732,51.49987873152489]]]}},{"type":"Feature","properties":{"level_id":0,"building_id":"harrods","source_layer":"virtualobstacle","geometry_tolerance_m":0.06},"geometry":{"type":"Polygon","coordinates":[[[-0.16231798566877842,51.499439436823735],[-0.16229703091084957,51.49942712252712],[-0.1622481644153595,51.49939842394164],[-0.1622481644153595,51.499397693431945],[-0.16228261403739452,51.49937572595667],[-0.16228378750383854,51.49937572595667],[-0.1623624935746193,51.49942680945176],[-0.1623624935746193,51.499427539960976],[-0.1623303908854723,51.499446741913374],[-0.16232930123806,51.499446741913374],[-0.16232865463416268,51.49944632447972],[-0.16232863068580627,51.49944632447972],[-0.16231798566877842,51.499439436823735]],[[-0.16236081719398499,51.49942717470637],[-0.16228320077061653,51.49937682172171],[-0.16224992461502552,51.49939800650753],[-0.16230558045208454,51.49943072289386],[-0.16231915913522243,51.49943870631469],[-0.162329887971282,51.49944564615001],[-0.16236081719398499,51.49942717470637]]]}},{"type":"Feature","properties":{"level_id":0,"building_id":"harrods","source_layer":"virtualobstacle","geometry_tolerance_m":0.06},"geometry":{"type":"Polygon","coordinates":[[[-0.16278091818094254,51.49943740183426],[-0.1627566944807768,51.49942247857544],[-0.1627566944807768,51.49942174806614],[-0.1628465484827757,51.49936518573912],[-0.1628477219492197,51.4993652379184],[-0.16287898644804955,51.49938710104021],[-0.1628967560827732,51.49939957188539],[-0.16291804611682892,51.49941449515174],[-0.16291812993586063,51.499414547330986],[-0.1629407610744238,51.49943166211992],[-0.1629408448934555,51.499431714299135],[-0.16294855652929455,51.49944011546337],[-0.16295517794787884,51.49944731588465],[-0.1629604585468769,51.49945305559703],[-0.16296054236590862,51.499453159955436],[-0.16296523623168468,51.49946463937803],[-0.16296523623168468,51.49946469155722],[-0.162966912612319,51.49946970075891],[-0.162966912612319,51.49946975293807],[-0.16296942718327045,51.499480188773134],[-0.16297043301165104,51.49949015499334],[-0.16297043301165104,51.4994902071725],[-0.16296976245939732,51.49949996467396],[-0.16296942718327045,51.49950032992797],[-0.1629631407558918,51.499503408497475],[-0.16296280547976494,51.499503512855796],[-0.16295844689011574,51.499504034647174],[-0.16295811161398888,51.499504034647174],[-0.16295031644403934,51.49950330413918],[-0.1629413478076458,51.49950252145206],[-0.1629294455051422,51.49950142569003],[-0.16291804611682892,51.49950038210713],[-0.1629178784787655,51.49950038210713],[-0.16291762702167034,51.49950032992797],[-0.16288284212350845,51.49949229433875],[-0.1628825906664133,51.49949218998043],[-0.16286314465105534,51.499483528239836],[-0.16284302808344364,51.49947455342249],[-0.16283607110381126,51.49947142267186],[-0.16283590346574783,51.49947137049267],[-0.1628002803772688,51.499449350873704],[-0.16279537641534544,51.49944632447972],[-0.16279533505439758,51.49944632447972],[-0.16278091818094254,51.49943740183426]],[[-0.16295241191983223,51.49944632447972],[-0.16294713132083416,51.49944063694571],[-0.16293950378894806,51.499432236091394],[-0.1629168726503849,51.49941517348191],[-0.1628955826163292,51.499400250215785],[-0.16287772916257381,51.49938777937078],[-0.1628471352159977,51.49936628150439],[-0.1627583708614111,51.499422113320776],[-0.16278209164738655,51.49943672350446],[-0.1627975981682539,51.49944632447972],[-0.1627975816976572,51.49944632447972],[-0.1628013700246811,51.49944867254402],[-0.16283699311316013,51.49947063998414],[-0.1628439500927925,51.49947371855566],[-0.1628640666604042,51.49948269337318],[-0.16288351267576218,51.499491355113946],[-0.16290664672851562,51.49949667738758],[-0.16291838139295578,51.499499390703306],[-0.16292961314320564,51.49950043428629],[-0.16294159926474094,51.49950153004832],[-0.1629505679011345,51.49950231273547],[-0.1629582792520523,51.49950304324349],[-0.16296230256557465,51.49950252145206],[-0.16296816989779472,51.49949970377821],[-0.16296875663101673,51.49949015499334],[-0.16296783462166786,51.499480293131455],[-0.1629653200507164,51.49946990947561],[-0.1629636436700821,51.49946490027395],[-0.16295894980430603,51.499453473030655],[-0.1629538368433714,51.49944783767671],[-0.16295242771192017,51.49944632447972],[-0.16295241191983223,51.49944632447972]]]}},{"type":"Feature","properties":{"level_id":0,"building_id":"harrods","source_layer":"virtualobstacle","geometry_tolerance_m":0.06},"geometry":{"type":"Polygon","coordinates":[[[-0.16215194016695023,51.49941126003847],[-0.16215101815760136,51.499410007736486],[-0.16215093433856964,51.499409799019475],[-0.1621507667005062,51.49940682480218],[-0.16215085051953793,51.49940661608517],[-0.1621522754430771,51.49940447673572],[-0.1621544547379017,51.499401085083946],[-0.16215378418564796,51.49938939692828],[-0.1621529459953308,51.499375673777394],[-0.16215093433856964,51.49937160379267],[-0.16214825212955475,51.499367429448995],[-0.16214213334023952,51.49936158536718],[-0.1621366012841463,51.49935626307777],[-0.16212956048548222,51.49934953194614],[-0.16212436370551586,51.49934624464896],[-0.16211790964007378,51.49934285299287],[-0.16211220994591713,51.49934045274378],[-0.16210634261369705,51.49933857428792],[-0.16210030764341354,51.499337321983944],[-0.16209980472922325,51.499336852369936],[-0.16209720633924007,51.499301735665085],[-0.16209385357797146,51.49929009966331],[-0.1620946917682886,51.499289525690045],[-0.16216794960200787,51.499293543502716],[-0.16216845251619816,51.49929370004085],[-0.16222000122070312,51.4993272513716],[-0.16222000122070312,51.49932727576186],[-0.16227347776293755,51.49936210716024],[-0.16227347776293755,51.4993627854912],[-0.1621752418577671,51.49942560932945],[-0.1621740683913231,51.49942560932945],[-0.16215202398598194,51.49941136439699],[-0.16215194016695023,51.49941126003847]],[[-0.1621675305068493,51.499294534911],[-0.16209561377763748,51.499290569277775],[-0.16209879890084267,51.49930157912695],[-0.16209879890084267,51.49930163130634],[-0.16210139729082584,51.49933648711459],[-0.16210692934691906,51.49933763505993],[-0.16210701316595078,51.49933768723923],[-0.16211296431720257,51.49933956569518],[-0.16211304813623428,51.49933961787451],[-0.16211883164942265,51.49934207030296],[-0.16211891546845436,51.49934207030296],[-0.16212545335292816,51.49934551413844],[-0.16212553717195988,51.49934551413844],[-0.16213081777095795,51.499348905794335],[-0.16213090158998966,51.49934895797364],[-0.16213794238865376,51.49935574128469],[-0.16214347444474697,51.49936101139485],[-0.1621496770530939,51.499366907656],[-0.16214976087212563,51.4993670120146],[-0.16215244308114052,51.49937123853758],[-0.16215244308114052,51.49937129071691],[-0.1621545385569334,51.49937546506021],[-0.1621545385569334,51.49937556941879],[-0.16215537674725056,51.49938939692828],[-0.162156131118536,51.49940113726322],[-0.16215604729950428,51.49940134598026],[-0.16215378418564796,51.499404841990525],[-0.16215244308114052,51.49940692916067],[-0.16215252690017223,51.49940969466101],[-0.1621533650904894,51.49941079042526],[-0.1621746551245451,51.49942456574482],[-0.16227171756327152,51.49936242023608],[-0.1621675305068493,51.499294534911]]]}},{"type":"Feature","properties":{"level_id":0,"building_id":"harrods","source_layer":"virtualobstacle","geometry_tolerance_m":0.06},"geometry":{"type":"Polygon","coordinates":[[[-0.1630132645368576,51.499332260588375],[-0.16293363645672798,51.49928091609027],[-0.16293363645672798,51.499280185578726],[-0.16298350878059864,51.49925023459434],[-0.16300790011882782,51.499236615760424],[-0.16300907358527184,51.49923666793987],[-0.1631656475365162,51.49933763505993],[-0.1631656475365162,51.499338365570566],[-0.1630922220647335,51.49938245708444],[-0.1630910485982895,51.49938245708444],[-0.1630132645368576,51.499332260588375]],[[-0.16316388733685017,51.49933800031525],[-0.1630084030330181,51.49923771152882],[-0.16298459842801094,51.49925096510637],[-0.1629353128373623,51.499280603013915],[-0.1629958301782608,51.49931958100731],[-0.1630917191505432,51.49938141349881],[-0.16316388733685017,51.49933800031525]]]}},{"type":"Feature","properties":{"level_id":0,"building_id":"harrods","source_layer":"virtualobstacle","geometry_tolerance_m":0.06},"geometry":{"type":"Polygon","coordinates":[[[-0.1620233617722988,51.49932933854532],[-0.1620232779532671,51.49932928636596],[-0.16201472841203213,51.4993236509967],[-0.16199377365410328,51.499309980005364],[-0.16195613890886307,51.49928540351826],[-0.16192127019166946,51.49926260111815],[-0.16192177310585976,51.49926171406804],[-0.16193007118999958,51.49926087919732],[-0.161930238828063,51.49926087919732],[-0.16194356605410576,51.49926051394138],[-0.1619578991085291,51.499258844199886],[-0.16196728684008121,51.49925639176695],[-0.1619775965809822,51.49925200869501],[-0.16198698431253433,51.499245538445166],[-0.16198723576962948,51.49924538190689],[-0.1619906723499298,51.49924454703586],[-0.1619911752641201,51.49924454703586],[-0.16201104037463665,51.499248825749646],[-0.16201112419366837,51.499248825749646],[-0.16202252358198166,51.49925279138648],[-0.1620226912200451,51.4992528435659],[-0.1620325818657875,51.49925827022622],[-0.16203266568481922,51.49925832240564],[-0.1620433945208788,51.49926625367726],[-0.1620434783399105,51.49926630585671],[-0.1620499324053526,51.49927298482123],[-0.1620554644614458,51.49927872455558],[-0.16205554828047752,51.49927888109377],[-0.16206116415560246,51.49929109107168],[-0.16206543892621994,51.499300483360116],[-0.16206543892621994,51.499300587718864],[-0.16206602565944195,51.4993126933322],[-0.16206661239266396,51.4993254250945],[-0.16206661239266396,51.49932563381188],[-0.16206594184041023,51.499326938295525],[-0.16206535510718822,51.49932730355093],[-0.1620505191385746,51.499329495083344],[-0.16203073784708977,51.4993324693057],[-0.16203006729483604,51.499332364947065],[-0.1620233617722988,51.49932933854532]],[[-0.16206451691687107,51.49932636432271],[-0.16206501983106136,51.499325372915166],[-0.16206443309783936,51.4993126933322],[-0.16206384636461735,51.49930069207761],[-0.16205957159399986,51.499291404147954],[-0.16205403953790665,51.49927919417016],[-0.16204850748181343,51.49927350661528],[-0.16204213723540306,51.49926687983026],[-0.1620314083993435,51.499259000738135],[-0.1620216015726328,51.499253626257314],[-0.16201045364141464,51.49924976497945],[-0.16199092380702496,51.499245538445166],[-0.16198807395994663,51.49924626895731],[-0.16197877004742622,51.49925268702759],[-0.1619786024093628,51.49925279138648],[-0.16196820884943008,51.49925722663778],[-0.16196804121136665,51.4992572788172],[-0.1619584858417511,51.499259783429494],[-0.16195831820368767,51.49925983560891],[-0.1619438175112009,51.49926150535035],[-0.16194364987313747,51.49926150535035],[-0.16193032264709473,51.49926187060632],[-0.16192353330552578,51.49926254893873],[-0.16194834373891354,51.49927877673497],[-0.1619949471205473,51.499309249494246],[-0.16201590187847614,51.49932297266517],[-0.1620243676006794,51.499328555855186],[-0.16203073784708977,51.499331425718964],[-0.16205018386244774,51.49932850367583],[-0.16206451691687107,51.49932636432271]]]}},{"type":"Feature","properties":{"level_id":0,"building_id":"harrods","source_layer":"virtualobstacle","geometry_tolerance_m":0.06},"geometry":{"type":"Polygon","coordinates":[[[-0.1627121027559042,51.49942279165086],[-0.16266943886876106,51.49939586715769],[-0.16266918741166592,51.49939602369548],[-0.16254949383437634,51.499318850496394],[-0.16254949383437634,51.49931811998542],[-0.1626555249094963,51.49925440894876],[-0.16265669837594032,51.49925440894876],[-0.16269433312118053,51.499278672376164],[-0.16269424930214882,51.499279402887765],[-0.16266734339296818,51.49929557849862],[-0.16275870613753796,51.49935334103628],[-0.1627850253134966,51.499337895956586],[-0.1627861987799406,51.49933794813592],[-0.16282031312584877,51.49936001998802],[-0.16282022930681705,51.49936069831901],[-0.1627131924033165,51.499422843830104],[-0.1627121027559042,51.49942279165086]],[[-0.16281863674521446,51.49936022870526],[-0.16278544440865517,51.49933904390187],[-0.16275920905172825,51.499354384622535],[-0.16275811940431595,51.499354384622535],[-0.16266566701233387,51.49929589157489],[-0.16266566701233387,51.49929521324296],[-0.1626925729215145,51.499279037631965],[-0.16265611164271832,51.4992555047167],[-0.16255117021501064,51.499318485240906],[-0.1626430358737707,51.4993777087696],[-0.1627126894891262,51.49942174806614],[-0.16281863674521446,51.49936022870526]]]}},{"type":"Feature","properties":{"level_id":0,"building_id":"harrods","source_layer":"virtualobstacle","geometry_tolerance_m":0.06},"geometry":{"type":"Polygon","coordinates":[[[-0.16266122460365295,51.4995940435781],[-0.16252761706709862,51.4995092525611],[-0.16252761706709862,51.49950852205319],[-0.16261671669781208,51.49945232508824],[-0.1626178901642561,51.49945232508824],[-0.16273758374154568,51.49952829794171],[-0.1627529226243496,51.49953805543501],[-0.1627529226243496,51.49953873376333],[-0.16266231425106525,51.4995940435781],[-0.16266122460365295,51.4995940435781]],[[-0.16266181133687496,51.49959294781826],[-0.16275116242468357,51.49953836850963],[-0.16273641027510166,51.49952902844933],[-0.1626173034310341,51.49945336867225],[-0.16252929344773293,51.499508887307144],[-0.16266181133687496,51.49959294781826]]]}},{"type":"Feature","properties":{"level_id":0,"building_id":"harrods","source_layer":"virtualobstacle","geometry_tolerance_m":0.06},"geometry":{"type":"Polygon","coordinates":[[[-0.1629794854670763,51.49944350680241],[-0.16296649351716042,51.499428531366306],[-0.16295459121465683,51.49941846077414],[-0.16293439082801342,51.4994039027639],[-0.1629131007939577,51.499388979494086],[-0.1628781482577324,51.499364455228886],[-0.16284688375890255,51.499343531324115],[-0.1628384180366993,51.49934864489774],[-0.16283724457025528,51.49934864489774],[-0.16281419433653355,51.49933377378915],[-0.16281385906040668,51.49933393032717],[-0.16281276941299438,51.49933393032717],[-0.16270799562335014,51.499266358036124],[-0.16270162537693977,51.49926228804165],[-0.1626876275986433,51.49925440894876],[-0.1626876275986433,51.49925367843676],[-0.16283716075122356,51.49916382537225],[-0.16283833421766758,51.49916382537225],[-0.16294501087186836,51.49923259794275],[-0.16294503584504128,51.49923259794275],[-0.16296079382300377,51.499242772934906],[-0.16296079382300377,51.49924350344705],[-0.16291729174554348,51.4992696453391],[-0.16290337778627872,51.49927966378476],[-0.16291863285005093,51.49929124760982],[-0.1630928087979555,51.49940358968837],[-0.16313664615154266,51.49937729133529],[-0.16313781961798668,51.49937729133529],[-0.1632104068994522,51.49942409613169],[-0.1632104068994522,51.49942482664099],[-0.16317461617290974,51.49944632447972],[-0.16317461169357966,51.49944632447972],[-0.16303681768476963,51.499529080628406],[-0.16303572803735733,51.499529080628406],[-0.16302390955388546,51.499521253760776],[-0.16299817711114883,51.4995046607969],[-0.1629980094730854,51.49950450425948],[-0.1629935670644045,51.49949881673271],[-0.16299348324537277,51.4994986080161],[-0.16299298033118248,51.49949239869707],[-0.16299323178827763,51.499480501848126],[-0.16298853792250156,51.4994620825978],[-0.16298300586640835,51.499449350873704],[-0.16298118280251714,51.49944632447972],[-0.1629811618477106,51.49944632447972],[-0.1629794854670763,51.49944350680241]],[[-0.16313723288476467,51.49937833492103],[-0.16309339553117752,51.49940468545273],[-0.1630922220647335,51.49940468545273],[-0.1629174593836069,51.49929197812119],[-0.1629173755645752,51.499291925941804],[-0.16290170140564442,51.499279976861146],[-0.16290170140564442,51.49927935070838],[-0.16291611827909946,51.49926896700674],[-0.16291611827909946,51.499268914827326],[-0.16295903362333775,51.49924313819096],[-0.16294268891215324,51.49923259794275],[-0.16294268914782264,51.49923259794275],[-0.16283766366541386,51.49916486896288],[-0.1627249809249673,51.49923259794275],[-0.16272501088678837,51.49923259794275],[-0.16268938779830933,51.499253991513314],[-0.1627027988433838,51.49926155752979],[-0.16270916908979416,51.49926567970374],[-0.1628133561462164,51.49933288674043],[-0.16281369142234325,51.49933267802308],[-0.16281478106975555,51.49933267802308],[-0.1628378313034773,51.49934754913198],[-0.16284638084471226,51.49934248773758],[-0.16284747049212456,51.49934248773758],[-0.1628793217241764,51.49936377689795],[-0.16291435807943344,51.49938830116352],[-0.16293556429445744,51.499403224433564],[-0.16295584850013256,51.49941783462327],[-0.16296783462166786,51.49942795739483],[-0.16296783462166786,51.499428009574046],[-0.16298091039061546,51.499443089368725],[-0.16298099420964718,51.499443141547914],[-0.16298292204737663,51.49944632447972],[-0.16298291157005942,51.49944632447972],[-0.16298451460897923,51.49944898561924],[-0.16298451460897923,51.499449037798456],[-0.16299013048410416,51.499461873881046],[-0.16299013048410416,51.499461926060235],[-0.16299482434988022,51.499480345310616],[-0.16299482434988022,51.49948044966894],[-0.16299457289278507,51.49949239869707],[-0.16299515962600708,51.49949845147867],[-0.16299943439662457,51.499504034647174],[-0.1630073133856058,51.49950909602367],[-0.16300756484270096,51.499508939486276],[-0.16302508302032948,51.49952057543217],[-0.16302994452416897,51.499523706179446],[-0.16302986070513725,51.499523706179446],[-0.16303631477057934,51.49952803704616],[-0.1632087305188179,51.499424461386326],[-0.16313723288476467,51.49937833492103]]]}},{"type":"Feature","properties":{"level_id":0,"building_id":"harrods","source_layer":"virtualobstacle","geometry_tolerance_m":0.06},"geometry":{"type":"Polygon","coordinates":[[[-0.16305752098560333,51.499788044831604],[-0.16305643133819103,51.499787992652784],[-0.1628639828413725,51.49966391125753],[-0.1628639828413725,51.49966318075212],[-0.1630344707518816,51.49956070116008],[-0.16303564421832561,51.49956075333915],[-0.16309029422700405,51.49959550459113],[-0.16323354095220566,51.499686817814734],[-0.16323354095220566,51.49968754831977],[-0.16314729116857052,51.499734144082055],[-0.16305752098560333,51.499788044831604]],[[-0.16305701807141304,51.49978694907645],[-0.1631461177021265,51.49973341357776],[-0.16314620152115822,51.49973336139885],[-0.16323178075253963,51.49968713088833],[-0.16306749545037746,51.49958245982998],[-0.1630350574851036,51.49956179692066],[-0.1628656592220068,51.499663546004825],[-0.16305701807141304,51.49978694907645]]]}},{"type":"Feature","properties":{"level_id":2,"building_id":"harrods","source_layer":"virtualobstacle","geometry_tolerance_m":0.06},"geometry":{"type":"Polygon","coordinates":[[[-0.16282877884805202,51.49942931405474],[-0.16282986849546432,51.499429366233954],[-0.16285618767142296,51.49944632447972],[-0.16285615970575174,51.49944632447972],[-0.16314301639795303,51.49963135157557],[-0.16314293257892132,51.49963202990253],[-0.16312206164002419,51.49964460503867],[-0.16311770305037498,51.49964721398766],[-0.16310437582433224,51.49965519737057],[-0.16300764866173267,51.4997133247048],[-0.16300647519528866,51.499713272525895],[-0.1629043836146593,51.49964643130298],[-0.16286473721265793,51.49966959876372],[-0.1628635637462139,51.49966959876372],[-0.16265451908111572,51.49953476815139],[-0.16265451908111572,51.49953403764391],[-0.16280047354724606,51.49944632447972],[-0.16280044801533222,51.49944632447972],[-0.16282877884805202,51.49942931405474]],[[-0.16285392455756664,51.49944632447972],[-0.16282928176224232,51.49943040981853],[-0.16280279494822025,51.49944632447972],[-0.1628027933665461,51.49944632447972],[-0.16265619546175003,51.49953440289764],[-0.16286423429846764,51.499668555184655],[-0.16290388070046902,51.499645335544386],[-0.16290505416691303,51.499645335544386],[-0.16300706192851067,51.49971222894783],[-0.16311787068843842,51.49964575297625],[-0.163141256198287,51.49963166464957],[-0.1628539518157468,51.49944632447972],[-0.16285392455756664,51.49944632447972]]]}},{"type":"Feature","properties":{"level_id":2,"building_id":"harrods","source_layer":"virtualobstacle","geometry_tolerance_m":0.06},"geometry":{"type":"Polygon","coordinates":[[[-0.16260984353721142,51.49939278858088],[-0.16261093318462372,51.49939278858088],[-0.16273079439997673,51.49946709179977],[-0.16273079439997673,51.49946782230836],[-0.16263725236058235,51.499522923492634],[-0.16263624653220177,51.499522923492634],[-0.1625182293355465,51.49944882908164],[-0.1625182293355465,51.49944809857274],[-0.16252116790252857,51.49944632447972],[-0.16252116300165653,51.49944632447972],[-0.16260984353721142,51.49939278858088]],[[-0.16269508749246597,51.49944632447972],[-0.16261043027043343,51.49939383216628],[-0.1625199057161808,51.49944846382718],[-0.16263658180832863,51.49952187991025],[-0.16272911801934242,51.49946740487485],[-0.16269511105273046,51.49944632447972],[-0.16269508749246597,51.49944632447972]]]}},{"type":"Feature","properties":{"level_id":2,"building_id":"harrods","source_layer":"virtualobstacle","geometry_tolerance_m":0.06},"geometry":{"type":"Polygon","coordinates":[[[-0.16286876052618027,51.49937421275726],[-0.16277622431516647,51.499314206533654],[-0.1627763081341982,51.49931347602262],[-0.16278091818094254,51.499310710516454],[-0.16272928565740585,51.49927710699413],[-0.16272341832518578,51.49928055083453],[-0.16272232867777348,51.49928055083453],[-0.16265611164271832,51.499238076784934],[-0.1626173034310341,51.4992613488121],[-0.16261612996459007,51.4992613488121],[-0.16259048134088516,51.49924475575361],[-0.1625520922243595,51.499267871239084],[-0.1625509187579155,51.499267819059696],[-0.16249492764472961,51.49923259794275],[-0.1624949295007209,51.49923259794275],[-0.16248713247478008,51.49922769307392],[-0.16247916966676712,51.49922268384566],[-0.16247916966676712,51.499221953333176],[-0.16276197507977486,51.49905205667898],[-0.16276306472718716,51.49905205667898],[-0.16277999617159367,51.49906301440612],[-0.16289030201733112,51.498996694026744],[-0.16289005056023598,51.498996485307856],[-0.16289005056023598,51.498995806971465],[-0.16292810440063477,51.498972900066974],[-0.16292927786707878,51.49897295224673],[-0.1629555132240057,51.49898985848256],[-0.16295542940497398,51.49899058899882],[-0.1629550103098154,51.49899079771771],[-0.16299122013151646,51.49901459166816],[-0.1629919745028019,51.49901412205082],[-0.1629930641502142,51.49901412205082],[-0.16322951763868332,51.49916648652828],[-0.16322951763868332,51.49916721704167],[-0.16291838139295578,51.49935506295361],[-0.16291729174554348,51.49935506295361],[-0.1629102509468794,51.4993505233532],[-0.16286993399262428,51.49937426493656],[-0.16286876052618027,51.49937421275726]],[[-0.16290966421365738,51.499349427587504],[-0.1629108376801014,51.499349427587504],[-0.1629178784787655,51.49935396718803],[-0.1632277574390173,51.49916685178496],[-0.1629924774169922,51.49901516564486],[-0.16299172304570675,51.4990156352622],[-0.16299054957926273,51.4990156352622],[-0.1629533339291811,51.49899116297584],[-0.1629533339291811,51.49899043245958],[-0.16295375302433968,51.49899017156096],[-0.16292860731482506,51.49897399584174],[-0.16289172694087029,51.49899617222954],[-0.16289206221699715,51.498996380948455],[-0.16289197839796543,51.49899705928485],[-0.16278058290481567,51.49906405799902],[-0.16277940943837166,51.49906405799902],[-0.16276247799396515,51.49905315245181],[-0.16248092986643314,51.49922231858943],[-0.16249717588795246,51.49923259794275],[-0.16249719075858593,51.49923259794275],[-0.1625013817101717,51.499235259094746],[-0.1625515054911375,51.499266775471455],[-0.16258989460766315,51.4992437121648],[-0.16259106807410717,51.4992437121648],[-0.16261671669781208,51.499260305223686],[-0.1626555249094963,51.49923703319601],[-0.16265669837594032,51.49923703319601],[-0.16272291541099548,51.49927950724657],[-0.16272878274321556,51.499276063406114],[-0.16272995620965958,51.499276063406114],[-0.16278259456157684,51.49931034526091],[-0.16278259456157684,51.49931107577197],[-0.1627779845148325,51.49931384127814],[-0.162869431078434,51.499373169171434],[-0.16290966421365738,51.499349427587504]]]}},{"type":"Feature","properties":{"level_id":2,"building_id":"harrods","source_layer":"virtualobstacle","geometry_tolerance_m":0.06},"geometry":{"type":"Polygon","coordinates":[[[-0.1627437025308609,51.499871322147044],[-0.1627426128834486,51.49987126996831],[-0.16266725957393646,51.499823474234404],[-0.1626337319612503,51.49980223746758],[-0.16263381578028202,51.49980150696433],[-0.16267639584839344,51.499775939344545],[-0.16267748549580574,51.499775939344545],[-0.16278586350381374,51.499845754566394],[-0.16278577968478203,51.4998464850689],[-0.1627437025308609,51.499871322147044]],[[-0.1627431996166706,51.49987022639388],[-0.16278410330414772,51.49984611981765],[-0.16267689876258373,51.499776982921134],[-0.16263549216091633,51.499801872215954],[-0.16265577636659145,51.49981476037797],[-0.1627431996166706,51.49987022639388]]]}},{"type":"Feature","properties":{"level_id":2,"building_id":"harrods","source_layer":"virtualobstacle","geometry_tolerance_m":0.06},"geometry":{"type":"Polygon","coordinates":[[[-0.16247288323938847,51.49962268986141],[-0.16233609057962894,51.49953450725587],[-0.16233567148447037,51.49953424636033],[-0.16233625821769238,51.49953341149464],[-0.16247288323938847,51.49962148974427],[-0.1625214982777834,51.49959226949073],[-0.1625220011919737,51.49959200859553],[-0.16252250410616398,51.499592843460164],[-0.16247288323938847,51.49962268986141]]]}},{"type":"Feature","properties":{"level_id":2,"building_id":"harrods","source_layer":"virtualobstacle","geometry_tolerance_m":0.06},"geometry":{"type":"Polygon","coordinates":[[[-0.16216116026043892,51.49941199054794],[-0.16219284385442734,51.499394040883345],[-0.16219393350183964,51.49939409306262],[-0.1622013095766306,51.499398789196476],[-0.16222000122070312,51.49938751847441],[-0.16222000122070312,51.499387527475356],[-0.16222997568547726,51.49938151785736],[-0.16222184523940086,51.49937624774955],[-0.16222184523940086,51.499375517239514],[-0.16222570091485977,51.49937327353004],[-0.16232787631452084,51.49931290204967],[-0.16232896596193314,51.499312954229],[-0.16233625821769238,51.49931765037124],[-0.16236869618296623,51.49929818746753],[-0.16236132010817528,51.49929349132333],[-0.162361403927207,51.499292760811954],[-0.16242334619164467,51.49925555689612],[-0.1624230109155178,51.49925534817842],[-0.16242309473454952,51.49925461766648],[-0.16245385631918907,51.499237189734345],[-0.16245494596660137,51.49923724191382],[-0.1625258568674326,51.49928295108677],[-0.16252577304840088,51.4992836294189],[-0.16252091154456139,51.49928655146488],[-0.16254572197794914,51.499302570535065],[-0.16254572197794914,51.49930324886691],[-0.16253088600933552,51.49931217153858],[-0.16253122128546238,51.49931238025604],[-0.16253122128546238,51.499313110767105],[-0.16250456683337688,51.49932907764861],[-0.16250808723270893,51.49933471301722],[-0.1625427044928074,51.499357045767454],[-0.16254303976893425,51.49935688922952],[-0.16254429705440998,51.49935694140882],[-0.16258352436125278,51.499386735785265],[-0.16258344054222107,51.49938741411586],[-0.16248252242803574,51.49944804639355],[-0.16261755488812923,51.499535133405146],[-0.16261755488812923,51.49953586391263],[-0.16252233646810055,51.49959305217632],[-0.16247346997261047,51.499622428966376],[-0.16247229650616646,51.499622428966376],[-0.16232619993388653,51.499528245762605],[-0.16232619993388653,51.49952751525498],[-0.16233290545642376,51.499523497462974],[-0.1623238530009985,51.4995176534012],[-0.1623238530009985,51.49951697507254],[-0.16232963651418686,51.49951337471262],[-0.16231915913522243,51.499506591425074],[-0.16231312416493893,51.499510035248136],[-0.16231203451752663,51.499510035248136],[-0.16222000122070312,51.49945070655218],[-0.16222000122070312,51.499450707532986],[-0.1621610764414072,51.49941272105741],[-0.16216116026043892,51.49941199054794]],[[-0.16254354268312454,51.499357984995015],[-0.1625432912260294,51.49935814153292],[-0.16254211775958538,51.49935814153292],[-0.1625068299472332,51.49933533916925],[-0.16250666230916977,51.49933518263123],[-0.16250289045274258,51.49932912982794],[-0.162503058090806,51.49932860803452],[-0.16252946108579636,51.49931274551156],[-0.1625292096287012,51.49931248461476],[-0.1625292096287012,51.49931180628309],[-0.16254404559731483,51.49930288361128],[-0.16251923516392708,51.49928691672062],[-0.16251923516392708,51.49928618620913],[-0.16252409666776657,51.499283264163125],[-0.16245435923337936,51.49923828550274],[-0.16242477111518383,51.49925503510187],[-0.16242502257227898,51.499255191640145],[-0.16242502257227898,51.499255922152116],[-0.1623630803078413,51.49929312606764],[-0.16237037256360054,51.49929787439126],[-0.16237037256360054,51.49929855272319],[-0.16233684495091438,51.499318693958344],[-0.16233567148447037,51.499318693958344],[-0.16232837922871113,51.499313997816216],[-0.16222679056227207,51.49937400404008],[-0.16222352162003517,51.49937593467382],[-0.16223173588514328,51.499381204781656],[-0.16223173588514328,51.499381883112335],[-0.16220181249082088,51.49939988496095],[-0.16220063902437687,51.499399832781705],[-0.16219334676861763,51.49939513664796],[-0.16216283664107323,51.499412407981936],[-0.1622154749929905,51.49944632447972],[-0.16221546692146024,51.49944632447972],[-0.16222000122070312,51.49944924651527],[-0.16222000122070312,51.49944926868261],[-0.16231262125074863,51.49950899166538],[-0.16231865622103214,51.49950554784232],[-0.16231974586844444,51.49950554784232],[-0.16233131289482117,51.499513009458695],[-0.16233131289482117,51.499513739966574],[-0.1623255293816328,51.499517340326435],[-0.16233458183705807,51.499523184388266],[-0.16233458183705807,51.49952386271681],[-0.16232787631452084,51.49952788050882],[-0.16247288323938847,51.499621385386234],[-0.16254790127277374,51.49957630270143],[-0.1626157946884632,51.49953549865887],[-0.1624807622283697,51.49944841164802],[-0.16248084604740143,51.49944768113909],[-0.16258176416158676,51.499386996681636],[-0.16254354268312454,51.499357984995015]]]}},{"type":"Feature","properties":{"level_id":2,"building_id":"harrods","source_layer":"virtualobstacle","geometry_tolerance_m":0.06},"geometry":{"type":"Polygon","coordinates":[[[-0.1628035493195057,51.49983594496021],[-0.16261344775557518,51.4997133247048],[-0.1626130286604166,51.499713063810276],[-0.1626135315746069,51.49971222894783],[-0.1628035493195057,51.49983474484867],[-0.16285224817693233,51.49980552473184],[-0.1628526672720909,51.49980526383786],[-0.1628531701862812,51.49980609869863],[-0.1628035493195057,51.49983594496021]]]}},{"type":"Feature","properties":{"level_id":2,"building_id":"harrods","source_layer":"virtualobstacle","geometry_tolerance_m":0.06},"geometry":{"type":"Polygon","coordinates":[[[-0.16286230646073818,51.49980061992471],[-0.16286171972751617,51.49979978506386],[-0.1629098318517208,51.49977093017651],[-0.16280606389045715,51.49970325417556],[-0.16284260898828506,51.499681652100094],[-0.16275753267109394,51.49962675982371],[-0.16275711357593536,51.499626498928706],[-0.16275770030915737,51.499625664064666],[-0.16284453682601452,51.499681652100094],[-0.1628079079091549,51.49970325417556],[-0.16291167587041855,51.49977093017651],[-0.16286272555589676,51.4998003590307],[-0.16286230646073818,51.49980061992471]]]}},{"type":"Feature","properties":{"level_id":2,"building_id":"harrods","source_layer":"virtualobstacle","geometry_tolerance_m":0.06},"geometry":{"type":"Polygon","coordinates":[[[-0.1625324785709381,51.499586842870144],[-0.16253197565674782,51.49958595582635],[-0.16261604614555836,51.49953549865887],[-0.16248109750449657,51.49944846382718],[-0.162480678409338,51.49944820293118],[-0.1624811813235283,51.49944736806387],[-0.1626178901642561,51.49953549865887],[-0.1625329814851284,51.49958658197491],[-0.1625324785709381,51.499586842870144]]]}},{"type":"Feature","properties":{"level_id":2,"building_id":"harrods","source_layer":"virtualobstacle","geometry_tolerance_m":0.06},"geometry":{"type":"Polygon","coordinates":[[[-0.16276809386909008,51.49960787102128],[-0.16265409998595715,51.49953440289764],[-0.1627365779131651,51.499484832718935],[-0.16273699700832367,51.49948457182313],[-0.16273758374154568,51.49948540668973],[-0.1626560278236866,51.49953440289764],[-0.1627681776881218,51.49960677526181],[-0.16276859678328037,51.4996070361569],[-0.16276809386909008,51.49960787102128]]]}},{"type":"Feature","properties":{"level_id":2,"building_id":"harrods","source_layer":"virtualobstacle","geometry_tolerance_m":0.06},"geometry":{"type":"Polygon","coordinates":[[[-0.16260188072919846,51.49939795432826],[-0.16260229982435703,51.499397693431945],[-0.16260280273854733,51.49939852830016],[-0.16251973807811737,51.49944846382718],[-0.16262744553387165,51.49951796647596],[-0.16263666562736034,51.499521984268455],[-0.1627191435545683,51.499473509838964],[-0.16271956264972687,51.499473301122265],[-0.16272006556391716,51.49947413598909],[-0.16263666562736034,51.49952308003],[-0.16262702643871307,51.499518853521096],[-0.16251781024038792,51.49944846382718],[-0.16252137107528833,51.49944632447972],[-0.16252133063971996,51.49944632447972],[-0.16260188072919846,51.49939795432826]]]}},{"type":"Feature","properties":{"level_id":2,"building_id":"harrods","source_layer":"virtualobstacle","geometry_tolerance_m":0.06},"geometry":{"type":"Polygon","coordinates":[[[-0.162847638130188,51.49941840859492],[-0.16284814104437828,51.49941757372707],[-0.16289273276925087,51.49944632447972],[-0.16289273108452063,51.49944632447972],[-0.16299817711114883,51.499514313937],[-0.1629985962063074,51.49951457483263],[-0.16299809329211712,51.49951540969869],[-0.16284805722534657,51.49941866949109],[-0.162847638130188,51.49941840859492]]]}},{"type":"Feature","properties":{"level_id":2,"building_id":"harrods","source_layer":"virtualobstacle","geometry_tolerance_m":0.06},"geometry":{"type":"Polygon","coordinates":[[[-0.1630492229014635,51.49929886579946],[-0.16304880380630493,51.49929860490258],[-0.16304930672049522,51.49929777003254],[-0.16316170804202557,51.499370247131],[-0.16316212713718414,51.49937050802748],[-0.16316162422299385,51.499371395075485],[-0.1630492229014635,51.49929886579946]]]}},{"type":"Feature","properties":{"level_id":2,"building_id":"harrods","source_layer":"virtualobstacle","geometry_tolerance_m":0.06},"geometry":{"type":"Polygon","coordinates":[[[-0.1627474743872881,51.499620237448084],[-0.16263448633253574,51.499547395493494],[-0.16254949383437634,51.49959837443808],[-0.16254907473921776,51.49959863533326],[-0.16254857182502747,51.499597800468734],[-0.16263448633253574,51.499546195374336],[-0.1627475582063198,51.49961914168887],[-0.16274797730147839,51.49961940258393],[-0.1627474743872881,51.499620237448084]]]}},{"type":"Feature","properties":{"level_id":2,"building_id":"harrods","source_layer":"virtualobstacle","geometry_tolerance_m":0.06},"geometry":{"type":"Polygon","coordinates":[[[-0.1627431996166706,51.499871530861924],[-0.16263339668512344,51.499801872215954],[-0.16267698258161545,51.49977567845039],[-0.1627861987799406,51.49984617199638],[-0.1627431996166706,51.499871530861924]],[[-0.1627431996166706,51.49987033075132],[-0.16278427094221115,51.49984611981765],[-0.16267689876258373,51.499776878563466],[-0.1626353245228529,51.499801872215954],[-0.1627431996166706,51.49987033075132]]]}},{"type":"Feature","properties":{"level_id":2,"building_id":"harrods","source_layer":"virtualobstacle","geometry_tolerance_m":0.06},"geometry":{"type":"Polygon","coordinates":[[[-0.16260338947176933,51.49970685452044],[-0.16249953769147396,51.49964090033089],[-0.1624948438256979,51.499629786205674],[-0.1625390164554119,51.499603540162155],[-0.1625395193696022,51.499603279267035],[-0.16253993846476078,51.49960411413147],[-0.16249610111117363,51.49963015145866],[-0.1625002920627594,51.499640222004075],[-0.16260347329080105,51.49970570658442],[-0.16260389238595963,51.49970601965788],[-0.16260338947176933,51.49970685452044]]]}},{"type":"Feature","properties":{"level_id":2,"building_id":"harrods","source_layer":"virtualobstacle","geometry_tolerance_m":0.06},"geometry":{"type":"Polygon","coordinates":[[[-0.16303019598126411,51.499309197314886],[-0.16302977688610554,51.49930893641806],[-0.16303036361932755,51.499308101548195],[-0.16314268112182617,51.49938167439518],[-0.16314310021698475,51.49938198747088],[-0.16314259730279446,51.499382822339385],[-0.16303019598126411,51.499309197314886]]]}},{"type":"Feature","properties":{"level_id":2,"building_id":"harrods","source_layer":"virtualobstacle","geometry_tolerance_m":0.06},"geometry":{"type":"Polygon","coordinates":[[[-0.16258453018963337,51.49971739465897],[-0.16232041642069817,51.49954708241893],[-0.16231765039265156,51.49954530832974],[-0.16231882385909557,51.49954463000151],[-0.16258570365607738,51.49971666415442],[-0.16258453018963337,51.49971739465897]]]}},{"type":"Feature","properties":{"level_id":2,"building_id":"harrods","source_layer":"virtualobstacle","geometry_tolerance_m":0.06},"geometry":{"type":"Polygon","coordinates":[[[-0.16280296258628368,51.4998356840664],[-0.16249937005341053,51.49964095250988],[-0.16249911859631538,51.49964069161496],[-0.16249467618763447,51.49963009927964],[-0.16249492764472961,51.499629577489685],[-0.16263389959931374,51.49954640409072],[-0.16263507306575775,51.49954640409072],[-0.16284420154988766,51.49968128684756],[-0.16284411773085594,51.499682017352654],[-0.16280815936625004,51.49970325417556],[-0.1629113405942917,51.49977056492466],[-0.16291125677525997,51.49977129542836],[-0.1629000250250101,51.49977807867654],[-0.1628041360527277,51.4998356840664],[-0.16280296258628368,51.4998356840664]],[[-0.1628035493195057,51.499834640491144],[-0.16290354542434216,51.49977453051608],[-0.16290958039462566,51.49977093017651],[-0.16280639916658401,51.49970361942792],[-0.16280639916658401,51.49970288892314],[-0.16284244135022163,51.499681652100094],[-0.16263440251350403,51.49954749985167],[-0.16249635256826878,51.49963009927964],[-0.16250062733888626,51.499640326362055],[-0.1628035493195057,51.499834640491144]]]}},{"type":"Feature","properties":{"level_id":2,"building_id":"harrods","source_layer":"virtualobstacle","geometry_tolerance_m":0.06},"geometry":{"type":"Polygon","coordinates":[[[-0.16300706192851067,51.49971353342042],[-0.16290446743369102,51.499646274766064],[-0.16286415047943592,51.49966985965847],[-0.16277815215289593,51.49961434121968],[-0.16277773305773735,51.49961408032459],[-0.16277823597192764,51.499613245460324],[-0.16286415047943592,51.49966865954255],[-0.16290446743369102,51.49964512682848],[-0.16300706192851067,51.49971233330564],[-0.16305064782500267,51.4996862960254],[-0.16305106692016125,51.499686035130736],[-0.16305156983435154,51.49968686999367],[-0.16300706192851067,51.49971353342042]]]}},{"type":"Feature","properties":{"level_id":2,"building_id":"harrods","source_layer":"virtualobstacle","geometry_tolerance_m":0.06},"geometry":{"type":"Polygon","coordinates":[[[-0.16291402280330658,51.49975783328671],[-0.16291284933686256,51.49975778110786],[-0.1628629770129919,51.499725064956294],[-0.1628323830664158,51.49970497607967],[-0.1628323830664158,51.49970424557492],[-0.16290471889078617,51.49966156320434],[-0.1629058923572302,51.49966156320434],[-0.16298635862767696,51.49971436828284],[-0.16298635862767696,51.49971509878745],[-0.16291402280330658,51.49975783328671]],[[-0.1629135198891163,51.49975673753082],[-0.16298459842801094,51.49971473353514],[-0.16290522180497646,51.499662658962535],[-0.1628341432660818,51.499704663006185],[-0.1628770586103201,51.49973283961006],[-0.1629135198891163,51.49975673753082]]]}},{"type":"Feature","properties":{"level_id":2,"building_id":"harrods","source_layer":"virtualobstacle","geometry_tolerance_m":0.06},"geometry":{"type":"Polygon","coordinates":[[[-0.16282903030514717,51.49943009674314],[-0.1628286112099886,51.499429835847025],[-0.1628291141241789,51.499429000979404],[-0.16285602003335953,51.49944632447972],[-0.1628559871135624,51.49944632447972],[-0.1629800722002983,51.49952631513534],[-0.1629804912954569,51.49952657603092],[-0.16297990456223488,51.499527410896775],[-0.16285418952001277,51.49944632447972],[-0.1628541760146618,51.49944632447972],[-0.16282903030514717,51.49943009674314]]]}},{"type":"Feature","properties":{"level_id":2,"building_id":"harrods","source_layer":"virtualobstacle","geometry_tolerance_m":0.06},"geometry":{"type":"Polygon","coordinates":[[[-0.16286716796457767,51.49937306481286],[-0.16290790401399136,51.49934848835977],[-0.16291150823235512,51.4993505755325],[-0.16287068836390972,51.499375099805206],[-0.16286716796457767,51.49937306481286]]]}},{"type":"Feature","properties":{"level_id":2,"building_id":"harrods","source_layer":"virtualobstacle","geometry_tolerance_m":0.06},"geometry":{"type":"Polygon","coordinates":[[[-0.161983547732234,51.49929818746753],[-0.161983547732234,51.49929750913563],[-0.16199293546378613,51.499291873762445],[-0.16196519136428833,51.49927392405053],[-0.1619558036327362,51.499279611605346],[-0.1619546301662922,51.49927955942596],[-0.1619371958076954,51.49926839303322],[-0.16192764043807983,51.49926223586223],[-0.1619274728000164,51.499261922785706],[-0.1619274728000164,51.49924637331617],[-0.16192755661904812,51.49924616459842],[-0.16198991797864437,51.49915965100956],[-0.1619910914450884,51.499159390111885],[-0.1620026584714651,51.49916366883369],[-0.1620233617722988,51.49913330033618],[-0.1620107889175415,51.49912943904809],[-0.16201045364141464,51.49912881289325],[-0.16203073784708977,51.4991024100224],[-0.1620456576347351,51.499079294453],[-0.16204574145376682,51.499079294453],[-0.16205403953790665,51.49906880634654],[-0.16205504536628723,51.499068597627996],[-0.1620984636247158,51.49908106856034],[-0.16211137175559998,51.49906217953176],[-0.1621115393936634,51.49906202299283],[-0.16211380250751972,51.49906077068124],[-0.16211405396461487,51.49906066632195],[-0.16211732290685177,51.49905993580683],[-0.16211790964007378,51.49905993580683],[-0.16222000122070312,51.49908759101314],[-0.16222000122070312,51.49908759535073],[-0.16222075559198856,51.4990877997316],[-0.1622210070490837,51.49908790409083],[-0.16223575919866562,51.49909719206195],[-0.1622356753796339,51.49909787039684],[-0.16222050413489342,51.499106427851586],[-0.16222670674324036,51.49911081093751],[-0.16227993182837963,51.49914420586424],[-0.16227993182837963,51.49914425804377],[-0.1622945163398981,51.499154119978385],[-0.16230951994657516,51.499145301634854],[-0.16231069341301918,51.499145301634854],[-0.16237188130617142,51.49918365358988],[-0.1623717974871397,51.49918433192349],[-0.16236240975558758,51.499189967309974],[-0.16239367425441742,51.499210160772606],[-0.16240306198596954,51.49920452538859],[-0.16240423545241356,51.49920452538859],[-0.1624295487999916,51.49922085756438],[-0.1624295487999916,51.49922158807692],[-0.16233709640800953,51.49927710699413],[-0.16233600676059723,51.49927710699413],[-0.16232519410550594,51.499270167133176],[-0.1622928399592638,51.49928957786946],[-0.1623036526143551,51.49929656990682],[-0.16230356879532337,51.499297300418135],[-0.16219938173890114,51.49936101139485],[-0.16219820827245712,51.49936101139485],[-0.16218655742704868,51.49935344539492],[-0.1621578074991703,51.499370716744664],[-0.1621686201542616,51.4993777087696],[-0.16216853633522987,51.49937843927961],[-0.16213777475059032,51.49939696292225],[-0.1621366012841463,51.49939691074297],[-0.161983547732234,51.49929818746753]],[[-0.1622188277542591,51.49910606259442],[-0.16222000122070312,51.49910538425962],[-0.16222000122070312,51.49910540069184],[-0.1622339989989996,51.499097505139616],[-0.16222000122070312,51.499088686785115],[-0.16211757436394691,51.49906097939984],[-0.1621148083359003,51.499061605555625],[-0.16211279667913914,51.499062701328256],[-0.16209963709115982,51.499081955613974],[-0.16209854744374752,51.499082164332464],[-0.16205512918531895,51.49906969340043],[-0.16204716637730598,51.49907971189003],[-0.16203224658966064,51.49910282745924],[-0.16201221384108067,51.49912876071369],[-0.16202478669583797,51.49913256982225],[-0.16202512197196484,51.499133248156596],[-0.1620037481188774,51.49916460806523],[-0.1620026584714651,51.49916481678335],[-0.1619910914450884,51.49916053806169],[-0.16193908292394438,51.49923259794275],[-0.16193912364542484,51.49923259794275],[-0.161929065361619,51.49924647767503],[-0.161929065361619,51.49926171406804],[-0.16194951720535755,51.49927486327982],[-0.1619552168995142,51.49927851583797],[-0.16196460463106632,51.49927288046243],[-0.16196577809751034,51.49927288046243],[-0.16199461184442043,51.49929150850676],[-0.16199461184442043,51.49929223901813],[-0.1619852241128683,51.49929787439126],[-0.16213718801736832,51.49939586715769],[-0.16216685995459557,51.499378074024605],[-0.16215604729950428,51.499371081999726],[-0.16215604729950428,51.4993703514896],[-0.16218597069382668,51.49935240180858],[-0.1621871441602707,51.49935240180858],[-0.16219879500567913,51.49935996780874],[-0.16230189241468906,51.49929693516248],[-0.16229107975959778,51.49928994312515],[-0.16229107975959778,51.499289212613746],[-0.16232460737228394,51.499269071365575],[-0.16232578083872795,51.499269071365575],[-0.16233659349381924,51.499276063406114],[-0.16240892931818962,51.49923259794275],[-0.16240893919839877,51.49923259794275],[-0.1624278724193573,51.499221222820665],[-0.16240364871919155,51.49920556897828],[-0.16239426098763943,51.499211204362155],[-0.1623930875211954,51.499211204362155],[-0.16236073337495327,51.49919033256651],[-0.16236073337495327,51.49918960205349],[-0.1623701211065054,51.49918396666692],[-0.16231010667979717,51.49914634522588],[-0.1622950192540884,51.49915521574877],[-0.1622939296066761,51.49915516356924],[-0.16227875836193562,51.499144936377974],[-0.16222561709582806,51.499111489272224],[-0.16222553327679634,51.499111489272224],[-0.16222000122070312,51.4991075718892],[-0.16222000122070312,51.499107575802725],[-0.1622188277542591,51.499106740929165],[-0.1622188277542591,51.49910606259442]]]}},{"type":"Feature","properties":{"level_id":2,"building_id":"harrods","source_layer":"virtualobstacle","geometry_tolerance_m":0.06},"geometry":{"type":"Polygon","coordinates":[[[-0.1627813372761011,51.49935261052585],[-0.16275057569146156,51.499332312767706],[-0.162750156596303,51.49933199969166],[-0.16275065951049328,51.49933116482222],[-0.16278192400932312,51.499351775656805],[-0.16284084878861904,51.49939070141011],[-0.1627469714730978,51.49944632447972],[-0.16274693738960605,51.49944632447972],[-0.16273900866508484,51.499451020608205],[-0.16273124629653607,51.49944632447972],[-0.1627312134951353,51.49944632447972],[-0.1626794971525669,51.4994150169442],[-0.16264664009213448,51.49939372780776],[-0.1626462209969759,51.49939341473214],[-0.1626467239111662,51.49939257986381],[-0.16268008388578892,51.499414182076265],[-0.16273900866508484,51.49944987266571],[-0.1628390047699213,51.49939070141011],[-0.1627813372761011,51.49935261052585]]]}},{"type":"Feature","properties":{"level_id":2,"building_id":"harrods","source_layer":"virtualobstacle","geometry_tolerance_m":0.06},"geometry":{"type":"Polygon","coordinates":[[[-0.16274672001600266,51.49989297631126],[-0.16262836754322052,51.499816638814224],[-0.16262794844806194,51.4998163779203],[-0.16262845136225224,51.49981554305975],[-0.16274672001600266,51.49989177620125],[-0.16274672001600266,51.49989297631126]]]}},{"type":"Feature","properties":{"level_id":2,"building_id":"harrods","source_layer":"virtualobstacle","geometry_tolerance_m":0.06},"geometry":{"type":"Polygon","coordinates":[[[-0.16260883770883083,51.499791749527446],[-0.16260833479464054,51.49979086248763],[-0.16265669837594032,51.49976492960994],[-0.16259442083537579,51.49972475188295],[-0.1625940017402172,51.49972449098851],[-0.1625945046544075,51.499723656126264],[-0.16265862621366978,51.499765033967634],[-0.1626092568039894,51.4997915408122],[-0.16260883770883083,51.499791749527446]]]}},{"type":"Feature","properties":{"level_id":2,"building_id":"harrods","source_layer":"virtualobstacle","geometry_tolerance_m":0.06},"geometry":{"type":"Polygon","coordinates":[[[-0.16291343607008457,51.4997580420021],[-0.16283204779028893,51.49970461082728],[-0.16290530562400818,51.499661354488495],[-0.16298669390380383,51.49971473353514],[-0.16291343607008457,51.4997580420021]],[[-0.16291343607008457,51.49975684188854],[-0.1629848498851061,51.49971473353514],[-0.16290530562400818,51.49966250242565],[-0.16283389180898666,51.499704663006185],[-0.16291343607008457,51.49975684188854]]]}},{"type":"Feature","properties":{"level_id":2,"building_id":"harrods","source_layer":"virtualobstacle","geometry_tolerance_m":0.06},"geometry":{"type":"Polygon","coordinates":[[[-0.16259199008345604,51.49935793281571],[-0.1626946683973074,51.499296309009935],[-0.1626958418637514,51.499296309009935],[-0.16284051351249218,51.49939033615516],[-0.16284051351249218,51.499391066665],[-0.16274713911116123,51.49944632447972],[-0.162747097746094,51.49944632447972],[-0.16273951157927513,51.49945081189139],[-0.16273842193186283,51.49945081189139],[-0.16259199008345604,51.499358663326035],[-0.16259199008345604,51.49935793281571]],[[-0.16274470835924149,51.49944632447972],[-0.16283875331282616,51.49939070141011],[-0.1626952551305294,51.49929740477688],[-0.16259375028312206,51.49935829807086],[-0.16273364424705505,51.49944632447972],[-0.16273361951799137,51.49944632447972],[-0.16273900866508484,51.49944971612811],[-0.16274474111260823,51.49944632447972],[-0.16274470835924149,51.49944632447972]]]}},{"type":"Feature","properties":{"level_id":3,"building_id":"harrods","source_layer":"virtualobstacle","geometry_tolerance_m":0.06},"geometry":{"type":"Polygon","coordinates":[[[-0.16294344328343868,51.49972188204396],[-0.16280371695756912,51.499632812587464],[-0.16276834532618523,51.499610166898236],[-0.16276842914521694,51.49960943639195],[-0.16293690539896488,51.49950857423232],[-0.1629380788654089,51.49950857423232],[-0.1631101593375206,51.49962211589232],[-0.1631101593375206,51.49962284639844],[-0.1629446167498827,51.49972188204396],[-0.16294344328343868,51.49972188204396]],[[-0.1629441138356924,51.49972083846612],[-0.16310839913785458,51.499622481145394],[-0.16293740831315517,51.49950961781502],[-0.16277010552585125,51.49960980164508],[-0.16279315575957298,51.49962462048458],[-0.1629441138356924,51.49972083846612]]]}},{"type":"Feature","properties":{"level_id":3,"building_id":"harrods","source_layer":"virtualobstacle","geometry_tolerance_m":0.06},"geometry":{"type":"Polygon","coordinates":[[[-0.16258679330348969,51.49969062687663],[-0.16243214718997478,51.499592060774575],[-0.1624322310090065,51.499591330267975],[-0.16251848079264164,51.499539620808065],[-0.16251957044005394,51.499539620808065],[-0.1626085862517357,51.49959639163475],[-0.16267589293420315,51.49963928278231],[-0.16267580911517143,51.49964001328814],[-0.16258788295090199,51.49969062687663],[-0.16258679330348969,51.49969062687663]],[[-0.1625873800367117,51.49968958329808],[-0.16267413273453712,51.49963964803521],[-0.1626304630190134,51.499611784447836],[-0.16251898370683193,51.499540716569186],[-0.1624339073896408,51.4995916955213],[-0.1625873800367117,51.49968958329808]]]}},{"type":"Feature","properties":{"level_id":3,"building_id":"harrods","source_layer":"virtualobstacle","geometry_tolerance_m":0.06},"geometry":{"type":"Polygon","coordinates":[[[-0.16278158873319626,51.49982201322865],[-0.16278041526675224,51.49982196104986],[-0.16260330565273762,51.49970935910804],[-0.16260330565273762,51.499708628603344],[-0.16274940222501755,51.49962091577518],[-0.16275049187242985,51.49962091577518],[-0.16292634420096874,51.499734300618684],[-0.16292634420096874,51.49973503112298],[-0.16278158873319626,51.49982201322865]],[[-0.16278100199997425,51.499820917474295],[-0.16292466782033443,51.49973466587085],[-0.16274990513920784,51.49962195935532],[-0.16260506585240364,51.49970904603461],[-0.16278100199997425,51.499820917474295]]]}},{"type":"Feature","properties":{"level_id":3,"building_id":"harrods","source_layer":"virtualobstacle","geometry_tolerance_m":0.06},"geometry":{"type":"Polygon","coordinates":[[[-0.16275334171950817,51.4993987370172],[-0.16280279494822025,51.49936941226227],[-0.16280388459563255,51.49936941226227],[-0.16290849074721336,51.49943656696678],[-0.16290840692818165,51.49943729747585],[-0.16289331950247288,51.49944632447972],[-0.1628932967460626,51.49944632447972],[-0.162858534604311,51.49946709179977],[-0.1628574449568987,51.49946703962058],[-0.16285736113786697,51.49946703962058],[-0.16275334171950817,51.49939946752687],[-0.16275334171950817,51.4993987370172]],[[-0.16280329786241055,51.49937045584821],[-0.16275501810014248,51.499399102272065],[-0.16282777301967144,51.49944632447972],[-0.1628277383177898,51.49944632447972],[-0.1628580316901207,51.49946599603689],[-0.16290673054754734,51.49943688004211],[-0.16280329786241055,51.49937045584821]]]}},{"type":"Feature","properties":{"level_id":3,"building_id":"harrods","source_layer":"virtualobstacle","geometry_tolerance_m":0.06},"geometry":{"type":"Polygon","coordinates":[[[-0.16256952658295631,51.499343844400045],[-0.16256952658295631,51.499343792220714],[-0.16254044137895107,51.49932260740971],[-0.16243918798863888,51.499248825749646],[-0.1624392718076706,51.49924814741698],[-0.16253692097961903,51.499189445514986],[-0.16253809444606304,51.499189445514986],[-0.16268553212285042,51.49928613402972],[-0.16268553212285042,51.499286864541205],[-0.16267748549580574,51.499291925941804],[-0.16274026595056057,51.49933387814784],[-0.16274906694889069,51.49932881675187],[-0.1627502404153347,51.49932881675187],[-0.16279030591249466,51.49935506295361],[-0.16279022209346294,51.49935574128469],[-0.16268502920866013,51.49941898256654],[-0.16268393956124783,51.49941898256654],[-0.16256952658295631,51.499343844400045]],[[-0.16278854571282864,51.499355376029456],[-0.16274956986308098,51.49932991251808],[-0.16274076886475086,51.499334921734544],[-0.16273959539830685,51.499334921734544],[-0.16267580911517143,51.49929223901813],[-0.16267580911517143,51.49929156068612],[-0.1626837719231844,51.49928649928549],[-0.16253750771284103,51.49919054128452],[-0.1624409481883049,51.49924856485248],[-0.1625090092420578,51.49929818746753],[-0.16257078386843204,51.499343166068826],[-0.16268452629446983,51.49941788680249],[-0.16278854571282864,51.499355376029456]]]}},{"type":"Feature","properties":{"level_id":3,"building_id":"harrods","source_layer":"virtualobstacle","geometry_tolerance_m":0.06},"geometry":{"type":"Polygon","coordinates":[[[-0.16273163259029388,51.49941162529322],[-0.16273272223770618,51.499411677472466],[-0.16285249963402748,51.49948947666428],[-0.16288644634187222,51.4994690746087],[-0.16288761980831623,51.4994690746087],[-0.16292215324938297,51.499491302934814],[-0.16292215324938297,51.499492033442976],[-0.1627856120467186,51.49957311977872],[-0.16278443858027458,51.49957311977872],[-0.16262954100966454,51.499473457659775],[-0.16262954100966454,51.4994727271513],[-0.16267365571515988,51.49944632447972],[-0.16267362982034683,51.49944632447972],[-0.16273163259029388,51.49941162529322]],[[-0.16278385184705257,51.49944632447972],[-0.16273213550448418,51.49941272105741],[-0.16267597675323486,51.49944632447972],[-0.16267596326194067,51.49944632447972],[-0.16263121739029884,51.49947309240554],[-0.1627851091325283,51.49957202401836],[-0.16283908858895302,51.499539516449886],[-0.16283883713185787,51.49953930773347],[-0.16288493759930134,51.49951201805521],[-0.1628770586103201,51.49950685232076],[-0.1628782320767641,51.49950622617112],[-0.16288644634187222,51.49951149626389],[-0.16292039304971695,51.49949166818888],[-0.16288703307509422,51.499470170371524],[-0.16285300254821777,51.49949057242662],[-0.1628520805388689,51.499490624605755],[-0.1627838733743247,51.49944632447972],[-0.16278385184705257,51.49944632447972]]]}},{"type":"Feature","properties":{"level_id":3,"building_id":"harrods","source_layer":"virtualobstacle","geometry_tolerance_m":0.06},"geometry":{"type":"Polygon","coordinates":[[[-0.16195186413824558,51.49928289890735],[-0.16196158714592457,51.499269384442016],[-0.1621300633996725,51.49903457648972],[-0.16213132068514824,51.4990344199507],[-0.16222000122070312,51.499087173576186],[-0.16222000122070312,51.499087196172844],[-0.16222653910517693,51.49909108704745],[-0.16222662292420864,51.49909108704745],[-0.16224246472120285,51.499101314250765],[-0.16224238090217113,51.49910204476524],[-0.16222737729549408,51.499110863117124],[-0.16229736618697643,51.49915631151913],[-0.162306921556592,51.49915057176935],[-0.162308095023036,51.49915057176935],[-0.1624219212681055,51.49922748435611],[-0.1624219212681055,51.49922821486854],[-0.16227364540100098,51.499318589599625],[-0.16227356158196926,51.499318589599625],[-0.16222000122070312,51.49934832915389],[-0.16222000122070312,51.49934833182181],[-0.1621300633996725,51.49939826740385],[-0.1621289737522602,51.49939826740385],[-0.161952031776309,51.499283472880705],[-0.16195186413824558,51.49928289890735]],[[-0.1624202448874712,51.49922784961231],[-0.162307508289814,51.49915161536029],[-0.16229786910116673,51.4991573551099],[-0.16229677945375443,51.4991573551099],[-0.16222561709582806,51.499111176194674],[-0.16222561709582806,51.49911044568037],[-0.16224070452153683,51.4991016273284],[-0.16222544945776463,51.49909181756206],[-0.16222000122070312,51.49908857348025],[-0.16222000122070312,51.499088582425884],[-0.1621310692280531,51.499035620083305],[-0.16196032986044884,51.4992736631535],[-0.1619536243379116,51.49928300326613],[-0.16212956048548222,51.49939722381856],[-0.16222000122070312,51.499346975159455],[-0.16222000122070312,51.499346998279805],[-0.16227247193455696,51.49931785908865],[-0.1624202448874712,51.49922784961231]]]}},{"type":"Feature","properties":{"level_id":3,"building_id":"harrods","source_layer":"virtualobstacle","geometry_tolerance_m":0.06},"geometry":{"type":"Polygon","coordinates":[[[-0.1626919023692608,51.49962968184769],[-0.16253658570349216,51.49952944588222],[-0.16253658570349216,51.49952871537462],[-0.16261344775557518,51.49948243247735],[-0.16261453740298748,51.49948243247735],[-0.16272802837193012,51.499555378893916],[-0.16276968643069267,51.49958214675567],[-0.16276968643069267,51.49958287726241],[-0.1626930758357048,51.49962968184769],[-0.1626919023692608,51.49962968184769]],[[-0.1626924891024828,51.499628586088704],[-0.16276801005005836,51.499582512009056],[-0.1627306267619133,51.4995584574597],[-0.16271679662168026,51.49954958701531],[-0.1626996137201786,51.49953857722602],[-0.16261395066976547,51.499483528239836],[-0.16253826208412647,51.49952913280754],[-0.1626924891024828,51.499628586088704]]]}},{"type":"Feature","properties":{"level_id":3,"building_id":"harrods","source_layer":"virtualobstacle","geometry_tolerance_m":0.06},"geometry":{"type":"Polygon","coordinates":[[[-0.16215437091886997,51.499414547330986],[-0.16242116689682007,51.49925905291758],[-0.16242234036326408,51.499259105096996],[-0.16255485825240612,51.49935271488448],[-0.1625960972160101,51.499380213375275],[-0.1625960972160101,51.499380891705954],[-0.16258536837995052,51.499387361936584],[-0.16260305419564247,51.49939821522457],[-0.16261168755590916,51.499392997297974],[-0.16261286102235317,51.499392997297974],[-0.16266793012619019,51.49942858354555],[-0.16266793012619019,51.49942926187552],[-0.16241253353655338,51.49958277290432],[-0.16241136007010937,51.49958277290432],[-0.16234262846410275,51.49953706403204],[-0.16232033260166645,51.49952261041793],[-0.16232033260166645,51.49952193208935],[-0.1623314805328846,51.499514940086556],[-0.1623146329075098,51.49950502605088],[-0.16230390407145023,51.49951133972647],[-0.16230281442403793,51.49951133972647],[-0.1622177381068468,51.49945592545296],[-0.16220277076589198,51.49944632447972],[-0.16220273450016975,51.49944632447972],[-0.16215437091886997,51.4994152778404],[-0.16215437091886997,51.499414547330986]],[[-0.16261227428913116,51.49939409306262],[-0.16260355710983276,51.49939931098908],[-0.16260246746242046,51.49939931098908],[-0.16258369199931622,51.499387727191504],[-0.16258369199931622,51.499386996681636],[-0.16259442083537579,51.49938052645098],[-0.1625536009669304,51.499353393215586],[-0.16242166981101036,51.49926014868544],[-0.16222000122070312,51.49937765008779],[-0.16222000122070312,51.4993776565903],[-0.16215604729950428,51.499414912585706],[-0.1622035726904869,51.499445437433195],[-0.16220374032855034,51.49944533307476],[-0.16230340115725994,51.499510243964636],[-0.1623140461742878,51.49950393028891],[-0.1623151358217001,51.49950393028891],[-0.16233324073255062,51.49951457483263],[-0.16233324073255062,51.49951530534048],[-0.16232200898230076,51.49952229734322],[-0.16234380193054676,51.499536385703664],[-0.16241194680333138,51.49958167714422],[-0.16266625374555588,51.49942889662091],[-0.16261227428913116,51.49939409306262]]]}},{"type":"Feature","properties":{"level_id":3,"building_id":"harrods","source_layer":"virtualobstacle","geometry_tolerance_m":0.06},"geometry":{"type":"Polygon","coordinates":[[[-0.1629413478076458,51.49943620171226],[-0.1628232467919588,51.49935913293979],[-0.16282307915389538,51.49935861114673],[-0.16282408498227596,51.49935688922952],[-0.1628242526203394,51.49935668051228],[-0.1628563553094864,51.49933643493529],[-0.1628564391285181,51.4993363827559],[-0.16286817379295826,51.499330434311474],[-0.16296951100230217,51.499268445212635],[-0.16297068446874619,51.499268445212635],[-0.16312994062900543,51.49937113417903],[-0.16312985680997372,51.49937181250982],[-0.16301527619361877,51.49943891503159],[-0.1630023680627346,51.49944632447972],[-0.16300235412390074,51.49944632447972],[-0.1629441138356924,51.499479719160604],[-0.1629430241882801,51.499479719160604],[-0.1629075687378645,51.4994571777537],[-0.1629075687378645,51.49945644724497],[-0.16292445827090574,51.49944632447972],[-0.1629244163632393,51.49944632447972],[-0.1629413478076458,51.49943620171226]],[[-0.16300052404403687,51.49944632447972],[-0.16301452182233334,51.499438393239416],[-0.1631281804293394,51.49937144725476],[-0.16297009773552418,51.49926948880085],[-0.16286926344037056,51.49933116482222],[-0.16286917962133884,51.49933121700158],[-0.1628575287759304,51.49933716544592],[-0.16282550990581512,51.499357306663995],[-0.16282475553452969,51.499358663326035],[-0.1629403419792652,51.4994340623642],[-0.1629430241882801,51.499435888636924],[-0.1629430241882801,51.49943656696678],[-0.16292676329612732,51.49944632447972],[-0.16292674406771981,51.49944632447972],[-0.1629092451184988,51.49945681249932],[-0.1629436109215021,51.499478675577166],[-0.16300056008559913,51.49944632447972],[-0.16300052404403687,51.49944632447972]]]}},{"type":"Feature","properties":{"level_id":3,"building_id":"harrods","source_layer":"virtualobstacle","geometry_tolerance_m":0.06},"geometry":{"type":"Polygon","coordinates":[[[-0.1626245118677616,51.499215587438016],[-0.16262434422969818,51.49921569179696],[-0.16256315633654594,51.49917436563638],[-0.16256324015557766,51.4991736351231],[-0.16276365146040916,51.49905320463148],[-0.16276482492685318,51.49905320463148],[-0.16301938332617283,51.49921736154002],[-0.16301938332617283,51.49921809205259],[-0.16299523949624606,51.49923259794275],[-0.1629952434450388,51.49923259794275],[-0.16281511634588242,51.4993408179991],[-0.1628139428794384,51.4993408179991],[-0.1626245118677616,51.499215587438016]],[[-0.16301770694553852,51.49921772679633],[-0.16276423819363117,51.49905424822461],[-0.16256491653621197,51.49917405255928],[-0.16260992735624313,51.49920447320909],[-0.16265247495530863,51.49923259794275],[-0.16265250742435455,51.49923259794275],[-0.16281461343169212,51.499339774412505],[-0.16301770694553852,51.49921772679633]]]}},{"type":"Feature","properties":{"level_id":4,"building_id":"harrods","source_layer":"virtualobstacle","geometry_tolerance_m":0.06},"geometry":{"type":"Polygon","coordinates":[[[-0.16253373585641384,51.499716298902115],[-0.16234656795859337,51.4995955567702],[-0.16234656795859337,51.49959487844271],[-0.16235897317528725,51.49958579928921],[-0.16243038699030876,51.499533776748365],[-0.16243038699030876,51.49953372456926],[-0.16243977472186089,51.499528089225265],[-0.16243969090282917,51.49952746307591],[-0.16250490210950375,51.49947361419731],[-0.16250607557594776,51.49947356201815],[-0.16272065229713917,51.49960390541537],[-0.16272065229713917,51.49960463592174],[-0.16253490932285786,51.499716298902115],[-0.16253373585641384,51.499716298902115]],[[-0.16253432258963585,51.49971520314526],[-0.16271897591650486,51.499604270668556],[-0.16250565648078918,51.49947465778084],[-0.1624414511024952,51.499527723971454],[-0.1624414511024952,51.499528454479076],[-0.16243156045675278,51.49953445507677],[-0.16236836090683937,51.49958047702597],[-0.16234824433922768,51.49959519151693],[-0.16253432258963585,51.49971520314526]]]}},{"type":"Feature","properties":{"level_id":4,"building_id":"harrods","source_layer":"virtualobstacle","geometry_tolerance_m":0.06},"geometry":{"type":"Polygon","coordinates":[[[-0.16267044469714165,51.499407450953214],[-0.16267052851617336,51.49940672044366],[-0.16267304308712482,51.49940515506606],[-0.16258394345641136,51.499346662083525],[-0.16258151270449162,51.49934807092521],[-0.16258042305707932,51.49934807092521],[-0.1624392718076706,51.49925686138178],[-0.16242032870650291,51.49924470357419],[-0.16242041252553463,51.49924397306202],[-0.16251839697360992,51.499185062436595],[-0.16251957044005394,51.4991851146161],[-0.16267974860966206,51.499288534281675],[-0.16267974860966206,51.499289212613746],[-0.16267036087810993,51.49929490016666],[-0.16275987960398197,51.49935297578108],[-0.1627692673355341,51.499347340414715],[-0.1627704408019781,51.499347392594046],[-0.16280346550047398,51.49936862957284],[-0.1628345623612404,51.499350627711834],[-0.1628356520086527,51.499350679891165],[-0.16289432533085346,51.49938845770134],[-0.16289432533085346,51.49938913603191],[-0.1628035493195057,51.49944632447972],[-0.1628035369013059,51.49944632447972],[-0.1627671718597412,51.499469231146264],[-0.1627659983932972,51.499469231146264],[-0.16273056929301735,51.49944632447972],[-0.16273054294288158,51.49944632447972],[-0.16267044469714165,51.499407450953214]],[[-0.16280128620564938,51.49944632447972],[-0.16289256513118744,51.49938882295626],[-0.16283506527543068,51.4993517234775],[-0.16280396841466427,51.49936972533803],[-0.16280287876725197,51.49936967315875],[-0.1627698540687561,51.49934843618044],[-0.16276046633720398,51.49935407154666],[-0.16275929287075996,51.49935407154666],[-0.1626686006784439,51.49929521324296],[-0.1626686006784439,51.499294534911],[-0.16267798840999603,51.49928884735803],[-0.16259081661701202,51.49923259794275],[-0.1625908454528967,51.49923259794275],[-0.16251889988780022,51.499186158206214],[-0.16242208890616894,51.49924433831808],[-0.16245276667177677,51.499264166500694],[-0.16258100979030132,51.499347027338786],[-0.16258344054222107,51.49934556631774],[-0.16258453018963337,51.49934556631774],[-0.16267480328679085,51.499404841990525],[-0.16267480328679085,51.499405520320835],[-0.16267220489680767,51.49940708569844],[-0.1627665851265192,51.4994681875626],[-0.1628012896555308,51.49944632447972],[-0.16280128620564938,51.49944632447972]]]}},{"type":"Feature","properties":{"level_id":4,"building_id":"harrods","source_layer":"virtualobstacle","geometry_tolerance_m":0.06},"geometry":{"type":"Polygon","coordinates":[[[-0.16229082830250263,51.4993297038007],[-0.16240130178630352,51.49925540035784],[-0.16240247525274754,51.49925540035784],[-0.16256164759397507,51.49935824589156],[-0.16256164759397507,51.49935897640188],[-0.16255158931016922,51.49936487266331],[-0.1625841110944748,51.4993862661718],[-0.1625841110944748,51.49938694450236],[-0.16257338225841522,51.49939341473214],[-0.16241949051618576,51.49951676635604],[-0.16241949051618576,51.49951681853517],[-0.16237230040133,51.499546925881646],[-0.16237137839198112,51.49954703023985],[-0.1623385213315487,51.49953565519621],[-0.16233835369348526,51.49953560301711],[-0.16231907531619072,51.499523184388266],[-0.16231907531619072,51.49952245388056],[-0.1623309776186943,51.49951530534048],[-0.16231806948781013,51.49950617399196],[-0.16231547109782696,51.499504712976034],[-0.16230348497629166,51.49951186151779],[-0.16230239532887936,51.49951186151779],[-0.16222000122070312,51.499458562124666],[-0.16222000122070312,51.49945858659194],[-0.16220172867178917,51.499446741913374],[-0.16220164485275745,51.499446689734185],[-0.1621599867939949,51.499411103500734],[-0.16216007061302662,51.49941042517051],[-0.16229082830250263,51.4993297038007]],[[-0.16258243471384048,51.49938657924744],[-0.1625499129295349,51.49936518573912],[-0.1625499129295349,51.49936450740819],[-0.16255997121334076,51.49935861114673],[-0.16240188851952553,51.49925649612581],[-0.16229200176894665,51.499330434311474],[-0.1621616631746292,51.499410842604476],[-0.16220290213823318,51.49944611576288],[-0.16220323741436005,51.49944632447972],[-0.16220322523750308,51.49944632447972],[-0.16230298206210136,51.499510765755986],[-0.16231496818363667,51.49950361721406],[-0.16231605783104897,51.49950361721406],[-0.16231924295425415,51.499505443484],[-0.16231932677328587,51.49950549566313],[-0.1623326539993286,51.49951499226566],[-0.1623326539993286,51.49951572277348],[-0.16232083551585674,51.4995228191344],[-0.16233944334089756,51.499534820330524],[-0.16237162984907627,51.499545934478874],[-0.16241823323071003,51.49951614020651],[-0.1625721249729395,51.49939273640163],[-0.1625722087919712,51.49939268422236],[-0.16258243471384048,51.49938657924744]]]}},{"type":"Feature","properties":{"level_id":4,"building_id":"harrods","source_layer":"virtualobstacle","geometry_tolerance_m":0.06},"geometry":{"type":"Polygon","coordinates":[[[-0.16258897259831429,51.4994039027639],[-0.162589056417346,51.499403850584656],[-0.16260037198662758,51.49939711946004],[-0.1626015454530716,51.49939711946004],[-0.16264219768345356,51.49942373087708],[-0.16265158541500568,51.499418095519474],[-0.1626527588814497,51.499418095519474],[-0.16274780966341496,51.499480240952295],[-0.16274772584438324,51.49948097146063],[-0.1626473106443882,51.499541499255685],[-0.1626462209969759,51.499541499255685],[-0.16256609000265598,51.4994895810226],[-0.16252091154456139,51.49946030850532],[-0.16252091154456139,51.499459682354995],[-0.16253721053581083,51.49944632447972],[-0.16253717243671417,51.49944632447972],[-0.16258897259831429,51.4994039027639]],[[-0.16264278441667557,51.499424774461716],[-0.16264161095023155,51.499424774461716],[-0.1626009587198496,51.49939821522457],[-0.16259022988379002,51.499404528914994],[-0.1625225879251957,51.49945994325097],[-0.16255594789981842,51.49948154543148],[-0.1626468077301979,51.499540455673696],[-0.16274604946374893,51.49948060620645],[-0.16265208832919598,51.49941913910425],[-0.16264278441667557,51.499424774461716]]]}},{"type":"Feature","properties":{"level_id":4,"building_id":"harrods","source_layer":"virtualobstacle","geometry_tolerance_m":0.06},"geometry":{"type":"Polygon","coordinates":[[[-0.16298862174153328,51.49974588432818],[-0.16282140277326107,51.49963964803521],[-0.16282123513519764,51.49963975239319],[-0.1627693511545658,51.49960630565056],[-0.16276943497359753,51.499605575144216],[-0.16294277273118496,51.49950184312317],[-0.16294394619762897,51.49950184312317],[-0.1631640549749136,51.49964110904682],[-0.1631640549749136,51.499641839552595],[-0.1629897952079773,51.49974588432818],[-0.16298862174153328,51.49974588432818]],[[-0.1629892084747553,51.49974484075088],[-0.1631623785942793,51.49964147429972],[-0.16294335946440697,51.49950288670604],[-0.16277111135423183,51.4996059403974],[-0.16280204057693481,51.49962592495967],[-0.1629892084747553,51.49974484075088]]]}},{"type":"Feature","properties":{"level_id":4,"building_id":"harrods","source_layer":"virtualobstacle","geometry_tolerance_m":0.06},"geometry":{"type":"Polygon","coordinates":[[[-0.1631330419331789,51.49938704886091],[-0.16313421539962292,51.49938704886091],[-0.16323085874319077,51.49945002920333],[-0.16323085874319077,51.499450707532986],[-0.1630677469074726,51.4995522481488],[-0.1630665734410286,51.4995522481488],[-0.16300588846206665,51.49951384432481],[-0.16296624206006527,51.4994886939769],[-0.16296624206006527,51.49948796346868],[-0.16303506636834608,51.49944632447972],[-0.1630350574851036,51.49944632447972],[-0.1631330419331789,51.49938704886091]],[[-0.16322297975420952,51.49944632447972],[-0.1631336286664009,51.4993881446257],[-0.16303740441799164,51.49944632447972],[-0.16303739586077148,51.49944632447972],[-0.16296791844069958,51.49948832872278],[-0.16302323900163174,51.499523340925606],[-0.1630671601742506,51.49955120456704],[-0.16322918236255646,51.49945034227855],[-0.16322300985425467,51.49944632447972],[-0.16322297975420952,51.49944632447972]]]}},{"type":"Feature","properties":{"level_id":4,"building_id":"harrods","source_layer":"virtualobstacle","geometry_tolerance_m":0.06},"geometry":{"type":"Polygon","coordinates":[[[-0.16196954995393753,51.49928702107937],[-0.16196929849684238,51.49928670800304],[-0.16196577809751034,51.499265731883156],[-0.16196586191654205,51.499265470986074],[-0.16211304813623428,51.49905842259696],[-0.16211413778364658,51.49905816169871],[-0.16219762153923512,51.49908054676408],[-0.16219787299633026,51.499080651123336],[-0.16222888603806496,51.499101053352774],[-0.16222888603806496,51.4991017316876],[-0.16222008503973484,51.49910694964754],[-0.16229627653956413,51.499156781134985],[-0.1623064186424017,51.499150728307995],[-0.1623075921088457,51.499150728307995],[-0.1624120306223631,51.49921809205259],[-0.1624120306223631,51.49921877038571],[-0.16239005652622454,51.49923259794275],[-0.16239007003605366,51.49923259794275],[-0.16222000122070312,51.49933961087489],[-0.16222000122070312,51.49933961787451],[-0.16213341616094112,51.49939409306262],[-0.1621322426944971,51.49939409306262],[-0.16211681999266148,51.49938391810426],[-0.16196954995393753,51.49928702107937]],[[-0.16221832484006882,51.49910653221079],[-0.16222000122070312,51.49910554079841],[-0.16222000122070312,51.49910555753524],[-0.16222720965743065,51.49910136643038],[-0.16219678334891796,51.49908143381771],[-0.1621142216026783,51.4990592574714],[-0.1619910069034378,51.49923259794275],[-0.16199100762605667,51.49923259794275],[-0.16196745447814465,51.499265731883156],[-0.16197089105844498,51.4992864471061],[-0.1621103659272194,51.49937828274173],[-0.16213282942771912,51.49939304947725],[-0.16222000122070312,51.49933815685327],[-0.16222000122070312,51.49933817621323],[-0.16238772310316563,51.49923259794275],[-0.16238772363948073,51.49923259794275],[-0.16241027042269707,51.499218405129426],[-0.162306921556592,51.49915182407847],[-0.16229686327278614,51.49915787690529],[-0.16229568980634212,51.499157824725756],[-0.16222000122070312,51.49910835832643],[-0.16222000122070312,51.49910835849664],[-0.16221832484006882,51.49910726272512],[-0.16221832484006882,51.49910653221079]]]}},{"type":"Feature","properties":{"level_id":4,"building_id":"harrods","source_layer":"virtualobstacle","geometry_tolerance_m":0.06},"geometry":{"type":"Polygon","coordinates":[[[-0.16300136223435402,51.49943635824991],[-0.16294059343636036,51.49939722381856],[-0.16291561536490917,51.49938110042308],[-0.16291561536490917,51.499380369913126],[-0.16304796561598778,51.499300848615746],[-0.1630491390824318,51.499300900795106],[-0.16313480213284492,51.499356158719166],[-0.16313480213284492,51.49935688922952],[-0.16312306746840477,51.49936398561516],[-0.16312189400196075,51.49936393343586],[-0.16311191953718662,51.499357515381234],[-0.1630949880927801,51.49936774252478],[-0.16310496255755424,51.499374160577986],[-0.16310487873852253,51.49937483890872],[-0.16300253570079803,51.49943641042913],[-0.16300136223435402,51.49943635824991]],[[-0.16310320235788822,51.49937447365372],[-0.1630933117121458,51.49936805560057],[-0.1630933117121458,51.49936737726969],[-0.16311141662299633,51.49935647179504],[-0.16311259008944035,51.49935647179504],[-0.16312248073518276,51.499362889849806],[-0.16313312575221062,51.49935652397434],[-0.16304846853017807,51.49930194438258],[-0.1629173755645752,51.4993807351681],[-0.162935396656394,51.499392423326015],[-0.16300194896757603,51.499435314665504],[-0.16310320235788822,51.49937447365372]]]}},{"type":"Feature","properties":{"level_id":4,"building_id":"harrods","source_layer":"virtualobstacle","geometry_tolerance_m":0.06},"geometry":{"type":"Polygon","coordinates":[[[-0.16291058622300625,51.499399728423185],[-0.16291175968945026,51.499399728423185],[-0.1629844307899475,51.49944658537575],[-0.1629843469709158,51.49944726370546],[-0.1627469714730978,51.4995888256739],[-0.16274579800665379,51.4995888256739],[-0.1626924891024828,51.499554804923974],[-0.1626778207719326,51.499545464867026],[-0.1626778207719326,51.49954473435969],[-0.16278955154120922,51.499477684172916],[-0.1628069020807743,51.499465108990705],[-0.16283669160360345,51.49944632447972],[-0.16283665783703327,51.49944632447972],[-0.16291058622300625,51.499399728423185]],[[-0.16298174858093262,51.49944632447972],[-0.16291117295622826,51.49940082418766],[-0.1628390047699213,51.49944632447972],[-0.1628389633499176,51.49944632447972],[-0.16280807554721832,51.49946578732013],[-0.16279080882668495,51.499478362502146],[-0.16279072500765324,51.499478414681334],[-0.16267958097159863,51.49954509961336],[-0.16270246356725693,51.49955970975759],[-0.1627464685589075,51.49958778209299],[-0.1629826705902815,51.499446898451],[-0.162981779906733,51.49944632447972],[-0.16298174858093262,51.49944632447972]]]}},{"type":"Feature","properties":{"level_id":1,"building_id":"harrods","source_layer":"virtualobstacle","geometry_tolerance_m":0.06},"geometry":{"type":"Polygon","coordinates":[[[-0.16220851801335812,51.49949417278833],[-0.16220851801335812,51.49949344228017],[-0.16221346333622932,51.499490468068274],[-0.16221103258430958,51.4994889548727],[-0.1622122060507536,51.499488224364455],[-0.16221522353589535,51.49949015499334],[-0.16221513971686363,51.49949083332237],[-0.16221019439399242,51.499493807534236],[-0.16222000122070312,51.49950001685309],[-0.16222000122070312,51.49950002107964],[-0.1622526068240404,51.499520679790436],[-0.16225763596594334,51.4995177055803],[-0.16225872561335564,51.4995177055803],[-0.1622618269175291,51.49951968838707],[-0.1622606534510851,51.49952036671567],[-0.16225813888013363,51.499518801341964],[-0.1622531097382307,51.49952177555198],[-0.1622520200908184,51.49952177555198],[-0.16222000122070312,51.499501459066984],[-0.16222000122070312,51.49950147786916],[-0.16220851801335812,51.49949417278833]]]}},{"type":"Feature","properties":{"level_id":1,"building_id":"harrods","source_layer":"virtualobstacle","geometry_tolerance_m":0.06},"geometry":{"type":"Polygon","coordinates":[[[-0.16213685274124146,51.499433279675856],[-0.16215713694691658,51.49944632447972],[-0.16215710391380517,51.49944632447972],[-0.16219234094023705,51.49946902242954],[-0.16219225712120533,51.49946970075891],[-0.16218706034123898,51.49947298804719],[-0.16218538396060467,51.49947267497211],[-0.16219058074057102,51.499469335504614],[-0.1621549116483949,51.49944632447972],[-0.16215487383306026,51.49944632447972],[-0.16213517636060715,51.49943359275119],[-0.16213685274124146,51.499433279675856]]]}},{"type":"Feature","properties":{"level_id":1,"building_id":"harrods","source_layer":"virtualobstacle","geometry_tolerance_m":0.06},"geometry":{"type":"Polygon","coordinates":[[[-0.16233340837061405,51.499277733146954],[-0.16233458183705807,51.49927700263535],[-0.16233919188380241,51.499279976861146],[-0.16241798177361488,51.49923259794275],[-0.16241801520087149,51.49923259794275],[-0.16243407502770424,51.499222944742996],[-0.16238009557127953,51.49918814102742],[-0.16237582080066204,51.49919064564352],[-0.16237464733421803,51.499189967309974],[-0.16237950883805752,51.4991870452578],[-0.16238068230450153,51.4991870452578],[-0.16243575140833855,51.49922257948674],[-0.16243575140833855,51.49922330999922],[-0.1624202920179828,51.49923259794275],[-0.16242032870650291,51.49923259794275],[-0.1623396947979927,51.499281020449104],[-0.1623385213315487,51.499281020449104],[-0.16233340837061405,51.499277733146954]]]}},{"type":"Feature","properties":{"level_id":1,"building_id":"harrods","source_layer":"virtualobstacle","geometry_tolerance_m":0.06},"geometry":{"type":"Polygon","coordinates":[[[-0.1628308743238449,51.499429157517056],[-0.1628319639712572,51.49942910533784],[-0.16284302808344364,51.49943442761875],[-0.16284311190247536,51.49943447979797],[-0.16290673054754734,51.49947549264763],[-0.16290614381432533,51.49947658841029],[-0.16284193843603134,51.49943521030707],[-0.16283154487609863,51.4994302011016],[-0.16272165812551975,51.49949505983392],[-0.16272668726742268,51.49949845147867],[-0.1627267710864544,51.49949845147867],[-0.16274730674922466,51.499514940086556],[-0.16274730674922466,51.49951499226566],[-0.16275141388177872,51.499519010058435],[-0.16275149770081043,51.499519062237596],[-0.16276197507977486,51.49953252444976],[-0.16276750713586807,51.4995396729872],[-0.1627675909548998,51.49953972516627],[-0.1627714466303587,51.49954781292624],[-0.1627714466303587,51.499547865105285],[-0.16277337446808815,51.499554491849494],[-0.16277337446808815,51.49955454402854],[-0.1627741288393736,51.49955897925048],[-0.1627741288393736,51.49955908360866],[-0.16277228482067585,51.4995763548805],[-0.16277228482067585,51.4995764592386],[-0.16276801005005836,51.49958564275204],[-0.16276801005005836,51.49958569493111],[-0.1627599634230137,51.49959545241211],[-0.1627599634230137,51.49959665252996],[-0.1627605501562357,51.49959774828969],[-0.16276239417493343,51.49959957455587],[-0.16276557929813862,51.49960150518001],[-0.1627747993916273,51.499607244873005],[-0.16277488321065903,51.499607244873005],[-0.16283825039863586,51.49964815320925],[-0.16291829757392406,51.499599991988134],[-0.1629195548593998,51.49960004416715],[-0.16294151544570923,51.49961778503456],[-0.1629414316266775,51.49961846336171],[-0.16292190179228783,51.49963025581667],[-0.16286389902234077,51.49966464176296],[-0.1630551740527153,51.499788044831604],[-0.16310571692883968,51.499757676750164],[-0.16310680657625198,51.499757676750164],[-0.16312315128743649,51.49976717330014],[-0.16312315128743649,51.4997679038039],[-0.16289474442601204,51.49990769070132],[-0.16289357095956802,51.49990763852267],[-0.16268419101834297,51.499772652078065],[-0.16263130120933056,51.499804428977114],[-0.16263071447610855,51.49980333322236],[-0.16268360428512096,51.49977155632254],[-0.16268477775156498,51.49977155632254],[-0.16289415769279003,51.49990659494904],[-0.16312139108777046,51.49976753855202],[-0.1631063036620617,51.499758772506],[-0.1630557607859373,51.49978908840794],[-0.1630545873194933,51.49978908840794],[-0.16286213882267475,51.499665007015665],[-0.16286213882267475,51.49966427651026],[-0.16292081214487553,51.499629577489685],[-0.16293983906507492,51.49961804592962],[-0.16291880048811436,51.499601139926824],[-0.16283875331282616,51.499649196788766],[-0.16283766366541386,51.499649196788766],[-0.162773709744215,51.49960792320033],[-0.1627644058316946,51.49960218350742],[-0.16276122070848942,51.49960025288328],[-0.162761053070426,51.499600148525246],[-0.16275912523269653,51.499598217901024],[-0.16275904141366482,51.49959811354293],[-0.1627583708614111,51.49959686124609],[-0.1627583708614111,51.499595348054044],[-0.1627584546804428,51.499595087158866],[-0.1627665013074875,51.49958527749871],[-0.16277069225907326,51.499576198343306],[-0.162772536277771,51.499559031429555],[-0.16277178190648556,51.49955464838672],[-0.1627698540687561,51.4995480738217],[-0.1627659983932972,51.499540038240895],[-0.1627605501562357,51.49953299406175],[-0.16275007277727127,51.4995195318497],[-0.16274596564471722,51.49951551405695],[-0.16272551380097866,51.49949912980759],[-0.16271998174488544,51.4994953729088],[-0.16271998174488544,51.49949469457985],[-0.16280182680963695,51.49944632447972],[-0.16280178911983967,51.49944632447972],[-0.1628308743238449,51.499429157517056]]]}},{"type":"Feature","properties":{"level_id":1,"building_id":"harrods","source_layer":"virtualobstacle","geometry_tolerance_m":0.06},"geometry":{"type":"Polygon","coordinates":[[[-0.16260732896625996,51.49978825354688],[-0.16260565258562565,51.499787888295145],[-0.16265854239463806,51.499756111384585],[-0.16238068230450153,51.49957750281979],[-0.16231496818363667,51.49953450725587],[-0.16229795292019844,51.49954363859868],[-0.16229686327278614,51.49954363859868],[-0.16228554770350456,51.49953675095742],[-0.16228672116994858,51.49953607262907],[-0.16229745000600815,51.49954259501675],[-0.16231446526944637,51.499533463673714],[-0.1623156387358904,51.49953351585282],[-0.16238185577094555,51.49957682449201],[-0.16266030259430408,51.49975574613262],[-0.16266021877527237,51.49975647663655],[-0.16260732896625996,51.49978825354688]]]}},{"type":"Feature","properties":{"level_id":1,"building_id":"harrods","source_layer":"virtualobstacle","geometry_tolerance_m":0.06},"geometry":{"type":"Polygon","coordinates":[[[-0.16290144994854927,51.49988113174561],[-0.16250431537628174,51.4996249857376],[-0.16250431537628174,51.499624307410585],[-0.162523090839386,51.49961298456526],[-0.1625514216721058,51.499595974202464],[-0.16256550326943398,51.49958642543777],[-0.1625655870884657,51.49958637325872],[-0.16256969422101974,51.49958418173867],[-0.16256977804005146,51.49958412955962],[-0.16257363371551037,51.49958261636715],[-0.16257388517260551,51.4995825641881],[-0.1625765673816204,51.49958204239758],[-0.16257690265774727,51.49958204239758],[-0.16257908195257187,51.499582251113765],[-0.16257941722869873,51.49958235547189],[-0.16258712857961655,51.499586008005394],[-0.1626227516680956,51.49960228786546],[-0.16265418380498886,51.49961162791078],[-0.1626860350370407,51.49961653273829],[-0.16271470114588737,51.49961517608392],[-0.16273465007543564,51.4996088102437],[-0.16273733228445053,51.49960740141006],[-0.16273842193186283,51.49960745358911],[-0.16303673386573792,51.499799837242676],[-0.16303673386573792,51.49980056774589],[-0.1629026234149933,51.49988113174561],[-0.16290144994854927,51.49988113174561]],[[-0.16290203668177128,51.49988008817141],[-0.1630349736660719,51.4998002024943],[-0.1627377513796091,51.49960849716956],[-0.1627355720847845,51.49960964510802],[-0.16273540444672108,51.49960969728707],[-0.16271528787910938,51.49961611530617],[-0.16271495260298252,51.49961616748516],[-0.162685951218009,51.49961752413952],[-0.16268569976091385,51.49961752413952],[-0.16265376470983028,51.499612567133084],[-0.16265359707176685,51.499612567133084],[-0.16262199729681015,51.49960317490897],[-0.16262182965874672,51.49960312272995],[-0.16258612275123596,51.499586842870144],[-0.1625786628574133,51.49958324251574],[-0.16257690265774727,51.49958303379955],[-0.16257447190582752,51.49958350341103],[-0.16257070004940033,51.49958496442443],[-0.162566676735878,51.499587155944454],[-0.1625525951385498,51.499596704709006],[-0.1625525113195181,51.499596704709006],[-0.16251814551651478,51.4996173676025],[-0.16250599175691605,51.4996246726636],[-0.16290203668177128,51.49988008817141]]]}},{"type":"Feature","properties":{"level_id":1,"building_id":"harrods","source_layer":"virtualobstacle","geometry_tolerance_m":0.06},"geometry":{"type":"Polygon","coordinates":[[[-0.162784019485116,51.499340244026456],[-0.16278519295156002,51.49933956569518],[-0.1628613006323576,51.49938866641844],[-0.1628613006323576,51.499389344749005],[-0.1627665013074875,51.49944632447972],[-0.16276649201075932,51.49944632447972],[-0.16248797066509724,51.49961371507149],[-0.16248679719865322,51.49961371507149],[-0.16235033981502056,51.49952574116506],[-0.16235017217695713,51.49952558462772],[-0.16233273781836033,51.49950236491463],[-0.16233290545642376,51.49950179094404],[-0.16233558766543865,51.49949986031564],[-0.16232360154390335,51.49949339010098],[-0.1623217575252056,51.49949448586324],[-0.1623206678777933,51.49949448586324],[-0.16231815330684185,51.49949297266778],[-0.1623091846704483,51.49949845147867],[-0.1623080112040043,51.49949845147867],[-0.16219200566411018,51.49942362651859],[-0.16217272728681564,51.499411207859225],[-0.16217272728681564,51.499410477349755],[-0.1621926762163639,51.499398476120916],[-0.16219384968280792,51.49939852830016],[-0.16219896264374256,51.499401815593586],[-0.16219778917729855,51.499402493923924],[-0.16219326294958591,51.49939957188539],[-0.16217448748648167,51.499410842604476],[-0.16218312084674835,51.49941642578378],[-0.1623085979372263,51.49949735571653],[-0.16231756657361984,51.499491929084684],[-0.16231865622103214,51.499491929084684],[-0.1623211707919836,51.49949344228017],[-0.16232293099164963,51.49949234651791],[-0.16232410445809364,51.49949229433875],[-0.16233726404607296,51.49949944288247],[-0.16233734786510468,51.49950012121138],[-0.16233441419899464,51.49950220837718],[-0.1623515971004963,51.49952506283651],[-0.16248738393187523,51.49961267149115],[-0.1628596242517233,51.499388979494086],[-0.162784019485116,51.499340244026456]]]}},{"type":"Feature","properties":{"level_id":1,"building_id":"harrods","source_layer":"virtualobstacle","geometry_tolerance_m":0.06},"geometry":{"type":"Polygon","coordinates":[[[-0.16262786462903023,51.49924381652369],[-0.16263130120933056,51.49924172934604],[-0.16260959208011627,51.499228319227456],[-0.16260565258562565,51.49922696256152],[-0.1625122781842947,51.49921000423413],[-0.16249014995992184,51.49922117064119],[-0.1624711193669427,51.49923259794275],[-0.16247112303972244,51.49923259794275],[-0.1623647566884756,51.49929646554807],[-0.16236945055425167,51.49929954413133],[-0.16236827708780766,51.49930022246323],[-0.1623630803078413,51.49929683080373],[-0.1623630803078413,51.49929610029238],[-0.1624687761068344,51.49923259794275],[-0.16246881661488505,51.49923259794275],[-0.16248906031250954,51.49922044012865],[-0.16248906031250954,51.49922038794921],[-0.16251160763204098,51.49920906500353],[-0.1625122781842947,51.49920896064458],[-0.16260615549981594,51.49922602333126],[-0.16260632313787937,51.499226075510705],[-0.16261051408946514,51.49922748435611],[-0.16261068172752857,51.49922758871503],[-0.16263297758996487,51.4992414162694],[-0.16263297758996487,51.49924209460215],[-0.16262895427644253,51.49924454703586],[-0.16262786462903023,51.49924381652369]]]}},{"type":"Feature","properties":{"level_id":1,"building_id":"harrods","source_layer":"virtualobstacle","geometry_tolerance_m":0.06},"geometry":{"type":"Polygon","coordinates":[[[-0.16266130842268467,51.49926108791499],[-0.16265686601400375,51.499263749065335],[-0.16265577636659145,51.499263018553506],[-0.16266072168946266,51.499260044326576],[-0.16266189515590668,51.499260044326576],[-0.16269240528345108,51.49927971596415],[-0.16269131563603878,51.49928044647575],[-0.16266130842268467,51.49926108791499]]]}},{"type":"Feature","properties":{"level_id":1,"building_id":"harrods","source_layer":"virtualobstacle","geometry_tolerance_m":0.06},"geometry":{"type":"Polygon","coordinates":[[[-0.16196896322071552,51.4993174416538],[-0.1619677897542715,51.499316763322184],[-0.16197332181036472,51.49931347602262],[-0.16197441145777702,51.49931347602262],[-0.16212394461035728,51.49940990337802],[-0.16212285496294498,51.49941063388752],[-0.16197382472455502,51.49931451960981],[-0.16196896322071552,51.4993174416538]]]}},{"type":"Feature","properties":{"level_id":1,"building_id":"harrods","source_layer":"virtualobstacle","geometry_tolerance_m":0.06},"geometry":{"type":"Polygon","coordinates":[[[-0.1619438175112009,51.49929516106354],[-0.16191800124943256,51.49927804622337],[-0.16191205009818077,51.499274811100406],[-0.161907272413373,51.49927282828301],[-0.16190232709050179,51.49927136725958],[-0.16189612448215485,51.499269540980265],[-0.16189604066312313,51.49926948880085],[-0.1618920173496008,51.499267819059696],[-0.16189184971153736,51.49926776688028],[-0.16188967041671276,51.49926641021554],[-0.16188782639801502,51.49926479265366],[-0.1618877425789833,51.49926468829486],[-0.1618855632841587,51.49926160970921],[-0.1618855632841587,51.49926150535035],[-0.16188480891287327,51.4992588963793],[-0.16188480891287327,51.49925644394639],[-0.16188564710319042,51.49925294792476],[-0.16188573092222214,51.499252895745315],[-0.16188698820769787,51.499250652029815],[-0.16188707202672958,51.499250547670954],[-0.16188967041671276,51.49924814741698],[-0.16188975423574448,51.49924809523756],[-0.1618920173496008,51.499246529854474],[-0.16190283000469208,51.49923259794275],[-0.16190285913297403,51.49923259794275],[-0.16194423660635948,51.499179427049484],[-0.16192864626646042,51.49917488743159],[-0.16192931681871414,51.49917394820022],[-0.16194566152989864,51.49917874871582],[-0.16194608062505722,51.499179427049484],[-0.16189335845410824,51.499247051648865],[-0.16189327463507652,51.4992471560077],[-0.1618910115212202,51.499248721390785],[-0.16188849695026875,51.49925106946526],[-0.16188723966479301,51.49925315664248],[-0.16188640147447586,51.499256548305226],[-0.16188640147447586,51.49925879202047],[-0.16188707202672958,51.49926129663268],[-0.16188916750252247,51.49926421868011],[-0.1618909277021885,51.49926578406257],[-0.16189293935894966,51.49926703636851],[-0.16189687885344028,51.4992686539303],[-0.16190308146178722,51.499270480209645],[-0.16190802678465843,51.499271941233104],[-0.16190811060369015,51.49927199341249],[-0.16191297210752964,51.499273976229944],[-0.16191305592656136,51.49927402840933],[-0.16191909089684486,51.49927731571174],[-0.16191917471587658,51.49927731571174],[-0.16194557771086693,51.49929484798727],[-0.16194557771086693,51.49929557849862],[-0.16193971037864685,51.499299074516955],[-0.16193853691220284,51.499298344005695],[-0.1619438175112009,51.49929516106354]]]}},{"type":"Feature","properties":{"level_id":1,"building_id":"harrods","source_layer":"virtualobstacle","geometry_tolerance_m":0.06},"geometry":{"type":"Polygon","coordinates":[[[-0.16199863515794277,51.49929818746753],[-0.16200458630919456,51.49929463926975],[-0.16200567595660686,51.499295369781066],[-0.1620003953576088,51.49929860490258],[-0.16214883886277676,51.499394353958934],[-0.162167614325881,51.49938303105648],[-0.1621637586504221,51.49938057863028],[-0.1621649321168661,51.4993798481203],[-0.1621692907065153,51.49938271798081],[-0.1621692907065153,51.49938339631146],[-0.16214934177696705,51.499395397544276],[-0.16214825212955475,51.499395397544276],[-0.16199863515794277,51.49929891797885],[-0.16199863515794277,51.49929818746753]]]}},{"type":"Feature","properties":{"level_id":1,"building_id":"harrods","source_layer":"virtualobstacle","geometry_tolerance_m":0.06},"geometry":{"type":"Polygon","coordinates":[[[-0.162696847692132,51.499601609538104],[-0.16267203725874424,51.49960025288328],[-0.1626718696206808,51.49960025288328],[-0.16266600228846073,51.49959920930263],[-0.16266591846942902,51.49959920930263],[-0.1626484002918005,51.49959487844271],[-0.16264831647276878,51.49959487844271],[-0.16264261677861214,51.49959305217632],[-0.16264253295958042,51.49959305217632],[-0.16263029538094997,51.49958856477869],[-0.16263021156191826,51.49958856477869],[-0.16261168755590916,51.49958011177259],[-0.16261160373687744,51.49958011177259],[-0.16259492374956608,51.49957056300457],[-0.16259492374956608,51.49956983249763],[-0.16259592957794666,51.49956920634881],[-0.16270095482468605,51.49950612181283],[-0.16270212829113007,51.49950612181283],[-0.1627072412520647,51.49950961781502],[-0.16270732507109642,51.49950966999418],[-0.1627284474670887,51.49952735871764],[-0.16272853128612041,51.49952746307591],[-0.16274462454020977,51.499548595612595],[-0.16274470835924149,51.499548699970774],[-0.16274713911116123,51.49955391787955],[-0.16274722293019295,51.49955397005863],[-0.16274881549179554,51.49955929232496],[-0.16274881549179554,51.499559448862215],[-0.16274403780698776,51.49957964216108],[-0.16274395398795605,51.49957979869825],[-0.16273976303637028,51.49958475570821],[-0.16273967921733856,51.499584860066335],[-0.16272811219096184,51.49959320871346],[-0.1627279445528984,51.49959331307153],[-0.16271386295557022,51.49959879187037],[-0.1627136953175068,51.499598844049416],[-0.16269709914922714,51.49960155735906],[-0.162696847692132,51.499601609538104]],[[-0.162696847692132,51.49960056595748],[-0.16271310858428478,51.4995979048268],[-0.16272702254354954,51.49959247820689],[-0.16273842193186283,51.499584233917716],[-0.16274244524538517,51.49957938126579],[-0.16274713911116123,51.49955939668311],[-0.16274563036859035,51.499554178774986],[-0.1627431996166706,51.49954901304531],[-0.16272710636258125,51.499527932687926],[-0.1627060677856207,51.499510243964636],[-0.16270145773887634,51.499507217574745],[-0.162599366158247,51.49956858020002],[-0.1625966839492321,51.4995701977511],[-0.16261260956525803,51.49957932908674],[-0.16263113357126713,51.49958772991394],[-0.16264337114989758,51.49959216513264],[-0.1626489870250225,51.499593939220006],[-0.1626664213836193,51.499598270080014],[-0.16267220489680767,51.49959926148168],[-0.162696847692132,51.49960056595748]]]}},{"type":"Feature","properties":{"level_id":1,"building_id":"harrods","source_layer":"virtualobstacle","geometry_tolerance_m":0.06},"geometry":{"type":"Polygon","coordinates":[[[-0.16220399178564548,51.49935652397434],[-0.16220776364207268,51.49935892422258],[-0.16222000122070312,51.49935156693954],[-0.16222000122070312,51.49935157334327],[-0.162308095023036,51.499298657081965],[-0.16230356879532337,51.499295735036725],[-0.1623047422617674,51.49929500452541],[-0.1623097714036703,51.49929829182631],[-0.1623097714036703,51.49929902233757],[-0.16222000122070312,51.49935296823652],[-0.16222000122070312,51.49935297578108],[-0.16220826655626297,51.49936001998802],[-0.16220709308981895,51.49936001998802],[-0.16220281831920147,51.49935725448469],[-0.16220399178564548,51.49935652397434]]]}},{"type":"Feature","properties":{"level_id":1,"building_id":"harrods","source_layer":"virtualobstacle","geometry_tolerance_m":0.06},"geometry":{"type":"Polygon","coordinates":[[[-0.16194507479667664,51.49926588842138],[-0.1619415543973446,51.49926348816825],[-0.1619415543973446,51.49926343598884],[-0.1619366928935051,51.49925915727641],[-0.16193660907447338,51.499259105096996],[-0.16193468123674393,51.4992567048435],[-0.16193468123674393,51.499256548305226],[-0.1619334239512682,51.499253365360175],[-0.1619334239512682,51.49925326100134],[-0.1619335077702999,51.49925221741273],[-0.16193359158933163,51.499252060874426],[-0.16197851859033108,51.49918725397583],[-0.16197960823774338,51.499186993078325],[-0.16198933124542236,51.499190802182],[-0.16198941506445408,51.49919195013101],[-0.16198924742639065,51.49919195013101],[-0.16197960823774338,51.49918819320692],[-0.16194881454986554,51.49923259794275],[-0.16194884665310383,51.49923259794275],[-0.1619351003319025,51.49925237395101],[-0.1619350165128708,51.4992532088219],[-0.1619361899793148,51.499256287408116],[-0.16193803399801254,51.49925863548219],[-0.16194281168282032,51.49926280983581],[-0.16194624826312065,51.49926521008899],[-0.16197038814425468,51.499279246349545],[-0.16197633929550648,51.49927564597087],[-0.1619775127619505,51.4992763764825],[-0.16197089105844498,51.49928028993753],[-0.16196980141103268,51.49928034211692],[-0.16194507479667664,51.49926594060079],[-0.16194507479667664,51.49926588842138]]]}},{"type":"Feature","properties":{"level_id":1,"building_id":"harrods","source_layer":"virtualobstacle","geometry_tolerance_m":0.06},"geometry":{"type":"Polygon","coordinates":[[[-0.16223165206611156,51.49937577813597],[-0.16223165206611156,51.499375099805206],[-0.1623331569135189,51.499314102174935],[-0.16233433037996292,51.499314102174935],[-0.16233919188380241,51.49931723293639],[-0.1623380184173584,51.49931796344737],[-0.1623336598277092,51.4993151457621],[-0.16223332844674587,51.49937546506021],[-0.16223852522671223,51.49937875235531],[-0.1622373517602682,51.49937943068599],[-0.16223165206611156,51.49937577813597]]]}},{"type":"Feature","properties":{"level_id":5,"building_id":"harrods","source_layer":"virtualobstacle","geometry_tolerance_m":0.06},"geometry":{"type":"Polygon","coordinates":[[[-0.1625634916126728,51.499327147012906],[-0.16266223043203354,51.499268914827326],[-0.16266340389847755,51.499268914827326],[-0.16269131563603878,51.499286864541205],[-0.1626913994550705,51.499287542873276],[-0.16268184408545494,51.49929427401406],[-0.16275820322334766,51.499342279020254],[-0.16276557929813862,51.499337895956586],[-0.16276666894555092,51.499337895956586],[-0.16280874609947205,51.49936377689795],[-0.16282358206808567,51.49935485423637],[-0.16282475553452969,51.49935485423637],[-0.16296783462166786,51.49944632447972],[-0.16296782758279973,51.49944632447972],[-0.1631569303572178,51.49956722354423],[-0.1631569303572178,51.49956795405117],[-0.16275577247142792,51.49981131657793],[-0.16275468282401562,51.49981131657793],[-0.16260498203337193,51.49971927309929],[-0.1626048982143402,51.49971927309929],[-0.1625945046544075,51.49971254202126],[-0.1624764036387205,51.49965723235033],[-0.1624763198196888,51.49965718017137],[-0.1623865496367216,51.49959550459113],[-0.1623864658176899,51.49959540023306],[-0.1623434666544199,51.49954849125439],[-0.16234774142503738,51.499545830120695],[-0.1623483281582594,51.499546195374336],[-0.1623451430350542,51.49954833471713],[-0.16238780692219734,51.49959482626366],[-0.1624774094671011,51.49965644966582],[-0.16259551048278809,51.499711759337686],[-0.1625955943018198,51.49971181151659],[-0.16260607168078423,51.49971859477364],[-0.16275526955723763,51.49981027300214],[-0.16315517015755177,51.4995675887977],[-0.16296551374994853,51.49944632447972],[-0.16296548768877983,51.49944632447972],[-0.16282416880130768,51.49935595000193],[-0.16280933283269405,51.49936487266331],[-0.16280815936625004,51.499364820484004],[-0.1627660822123289,51.49933893954321],[-0.16275870613753796,51.49934337478612],[-0.16275761649012566,51.49934337478612],[-0.16268016770482063,51.49929469144911],[-0.16268016770482063,51.49929401311715],[-0.16268963925540447,51.49928722979695],[-0.16266281716525555,51.49926995841557],[-0.16256466507911682,51.49932787752374],[-0.16254195012152195,51.49934259209624],[-0.16254195012152195,51.49934264427554],[-0.1623695343732834,51.49944632447972],[-0.1623695146933312,51.49944632447972],[-0.1622890681028366,51.49949469457985],[-0.1622879784554243,51.49949396407169],[-0.16254077665507793,51.499341913764994],[-0.1625634916126728,51.499327147012906]]]}},{"type":"Feature","properties":{"level_id":5,"building_id":"harrods","source_layer":"virtualobstacle","geometry_tolerance_m":0.06},"geometry":{"type":"Polygon","coordinates":[[[-0.16211187466979027,51.49924846049362],[-0.1621142216026783,51.49924251203768],[-0.1620815321803093,51.49923259794275],[-0.16208157410047144,51.49923259794275],[-0.16198363155126572,51.499202855645024],[-0.1619552168995142,51.4991941416699],[-0.16195479780435562,51.49919351551594],[-0.16209435649216175,51.49899554607288],[-0.16209444031119347,51.49899549389312],[-0.16210081055760384,51.49898834527036],[-0.16210190020501614,51.498988136551446],[-0.16213366761803627,51.49899737236316],[-0.16213408671319485,51.49899805069953],[-0.16211958602070808,51.49901662667651],[-0.16211925074458122,51.49901819206747],[-0.1621196698397398,51.499020070536545],[-0.16212604008615017,51.49902513196679],[-0.16212604008615017,51.499025810302754],[-0.1621257048100233,51.49902601902153],[-0.1622210070490837,51.499086651779976],[-0.16222117468714714,51.49908691267808],[-0.1622280478477478,51.49911425479047],[-0.16231438145041466,51.49916638216922],[-0.16231438145041466,51.49916711268261],[-0.1622508466243744,51.49920661256792],[-0.16225025989115238,51.499206769106365],[-0.16222008503973484,51.49920635167052],[-0.16222000122070312,51.49920640252293],[-0.16222000122070312,51.499206403849996],[-0.16217682486134857,51.49923259794275],[-0.1621768344193697,51.49923259794275],[-0.1621376909315586,51.49925633958753],[-0.16213685274124146,51.49925644394639],[-0.16211229376494884,51.49924903446737],[-0.16211187466979027,51.49924846049362]],[[-0.1622198335826397,51.49920536026033],[-0.16222000122070312,51.49920536026033],[-0.16222000122070312,51.49920536258588],[-0.16224992461502552,51.499205777696204],[-0.16231262125074863,51.49916674742593],[-0.16222670674324036,51.49911488094554],[-0.1622264552861452,51.49911456786799],[-0.16222000122070312,51.49908857598356],[-0.16222000122070312,51.499088582425884],[-0.16221966594457626,51.4990872257558],[-0.16212394461035728,51.499026332099646],[-0.16212394461035728,51.49902565376368],[-0.16212436370551586,51.499025392865235],[-0.16211824491620064,51.49902059233352],[-0.1621180772781372,51.49902033143505],[-0.16211765818297863,51.49901824424714],[-0.16211765818297863,51.49901813988777],[-0.1621179934591055,51.499016470137406],[-0.1621180772781372,51.499016313598304],[-0.1621322426944971,51.49899805069953],[-0.16210190020501614,51.49898923232581],[-0.16209586523473263,51.49899596351065],[-0.16195655800402164,51.49919346333647],[-0.16197239980101585,51.499198316029464],[-0.16211547888815403,51.499241781525484],[-0.1621158979833126,51.49924235549935],[-0.16211355105042458,51.49924830395531],[-0.16213702037930489,51.49925540035784],[-0.1622192468494177,51.49920546461928],[-0.1622198335826397,51.49920536026033]]]}},{"type":"Feature","properties":{"level_id":5,"building_id":"harrods","source_layer":"wall","geometry_tolerance_m":0.04},"geometry":{"type":"Polygon","coordinates":[[[-0.16237900592386723,51.499498973270136],[-0.1623309776186943,51.49946865717524],[-0.16233550384640694,51.49946599603689],[-0.1623865496367216,51.49949344228017],[-0.16237900592386723,51.499498973270136]]]}},{"type":"Feature","properties":{"level_id":5,"building_id":"harrods","source_layer":"wall","geometry_tolerance_m":0.04},"geometry":{"type":"Polygon","coordinates":[[[-0.16262677498161793,51.49938950128683],[-0.16263197176158428,51.499386474888894],[-0.16263197176158428,51.49938548348263],[-0.16260087490081787,51.499364455228886],[-0.1625983603298664,51.499364611766794],[-0.16259358264505863,51.49936732509039],[-0.16254915855824947,51.49933721762525],[-0.1625640783458948,51.49932751226828],[-0.16266625374555588,51.49939576279914],[-0.1626511663198471,51.49940510288678],[-0.16262677498161793,51.49938950128683]]]}},{"type":"Feature","properties":{"level_id":5,"building_id":"harrods","source_layer":"wall","geometry_tolerance_m":0.04},"geometry":{"type":"Polygon","coordinates":[[[-0.1625226717442274,51.49939278858088],[-0.16244648024439812,51.49944632447972],[-0.1624464406805842,51.49944632447972],[-0.1624121144413948,51.49947043126744],[-0.16236777417361736,51.49944731588465],[-0.16249132342636585,51.49937259519922],[-0.1625226717442274,51.49939278858088]],[[-0.1624278724193573,51.49944632447972],[-0.16243885271251202,51.49943792362646],[-0.16241504810750484,51.49942587022559],[-0.1623875554651022,51.499443089368725],[-0.16239442862570286,51.49944632447972],[-0.16239442189396738,51.49944632447972],[-0.16241513192653656,51.49945608199056],[-0.16242787843965767,51.49944632447972],[-0.1624278724193573,51.49944632447972]]]}},{"type":"Feature","properties":{"level_id":4,"building_id":"harrods","source_layer":"wall","geometry_tolerance_m":0.04},"geometry":{"type":"Polygon","coordinates":[[[-0.16277840360999107,51.499873304938404],[-0.16275912523269653,51.4998609385803],[-0.1628515776246786,51.499805368195496],[-0.16280346550047398,51.49977432180077],[-0.1627110131084919,51.49982989222343],[-0.16269265674054623,51.499818047641384],[-0.1627851091325283,51.49976247720426],[-0.16274051740765572,51.499733726651044],[-0.16264806501567364,51.499789244944395],[-0.16263934783637524,51.499783609631976],[-0.16267698258161545,51.499761016196516],[-0.16270581632852554,51.49974264923844],[-0.1626244280487299,51.499693705433316],[-0.16266214661300182,51.499670746700616],[-0.16288083046674728,51.49981178618705],[-0.16287085600197315,51.49981778674743],[-0.16277840360999107,51.499873304938404]]]}},{"type":"Feature","properties":{"level_id":5,"building_id":"harrods","source_layer":"wall","geometry_tolerance_m":0.04},"geometry":{"type":"Polygon","coordinates":[[[-0.16261587850749493,51.49942926187552],[-0.16258972696959972,51.499411677472466],[-0.1625792495906353,51.499418095519474],[-0.16257455572485924,51.499415069123444],[-0.16260582022368908,51.49939664984666],[-0.16263666562736034,51.49941694757618],[-0.16265376470983028,51.49940682480218],[-0.16269315965473652,51.49943390582652],[-0.16267279163002968,51.49944632447972],[-0.16267278727341092,51.49944632447972],[-0.16247942112386227,51.499564197158094],[-0.16243793070316315,51.49953805543501],[-0.16243524849414825,51.49953946427078],[-0.16240423545241356,51.49951676635604],[-0.162394680082798,51.499523132209106],[-0.1623919978737831,51.49952109722338],[-0.16235318966209888,51.49954943047803],[-0.16234799288213253,51.49954598665798],[-0.1623515971004963,51.49954363859868],[-0.16235369257628918,51.499545203971564],[-0.1623995415866375,51.49951259202567],[-0.16243642196059227,51.49953706403204],[-0.16246140003204346,51.49952266259703],[-0.16248243860900402,51.49953722056935],[-0.1626385934650898,51.49944528089554],[-0.16261587850749493,51.49942926187552]]]}},{"type":"Feature","properties":{"level_id":5,"building_id":"harrods","source_layer":"wall","geometry_tolerance_m":0.04},"geometry":{"type":"Polygon","coordinates":[[[-0.1626511663198471,51.49940510288678],[-0.16266625374555588,51.49939576279914],[-0.16268804669380188,51.499410268632744],[-0.16278577968478203,51.499350105918666],[-0.16280874609947205,51.49936450740819],[-0.16269315965473652,51.49943390582652],[-0.1626511663198471,51.49940510288678]]]}},{"type":"Feature","properties":{"level_id":5,"building_id":"harrods","source_layer":"wall","geometry_tolerance_m":0.04},"geometry":{"type":"Polygon","coordinates":[[[-0.16254614107310772,51.499395606261345],[-0.16255435533821583,51.499390544872284],[-0.1625100988894701,51.499361220112064],[-0.16253264620900154,51.49934754913198],[-0.16258059069514275,51.49937943068599],[-0.16254949383437634,51.49939790214901],[-0.16254614107310772,51.499395606261345]]]}},{"type":"Feature","properties":{"level_id":-1,"building_id":"harrods","source_layer":"wall","geometry_tolerance_m":0.04},"geometry":{"type":"Polygon","coordinates":[[[-0.16277555376291275,51.499296309009935],[-0.1628454588353634,51.499255922152116],[-0.16282341443002224,51.49924110319273],[-0.16280170530080795,51.49925346971904],[-0.16280421987175941,51.499255191640145],[-0.16275585629045963,51.499283055445545],[-0.1627100072801113,51.49925232177159],[-0.16274512745440006,51.49923259794275],[-0.1627451325374891,51.49923259794275],[-0.1627681776881218,51.49921965743667],[-0.16242158599197865,51.498986571159435],[-0.16246885992586613,51.49895688088091],[-0.16247321851551533,51.49895959422878],[-0.16245637089014053,51.49897013454017],[-0.1627464685589075,51.49916278178162],[-0.1627300400286913,51.499172226276045],[-0.1627703569829464,51.49919935961927],[-0.1628738734871149,51.49926912354499],[-0.16280522570014,51.49930789283073],[-0.16281855292618275,51.499316815501544],[-0.16281151212751865,51.49932062459439],[-0.16277555376291275,51.499296309009935]],[[-0.16250096261501312,51.49900420790624],[-0.16247715801000595,51.49898808437169],[-0.16246366314589977,51.498993145805485],[-0.1624898985028267,51.49901067819033],[-0.16250096261501312,51.49900420790624]],[[-0.16260623931884766,51.499075067902936],[-0.16259190626442432,51.499065414669815],[-0.16258067451417446,51.49907188494521],[-0.1626037247478962,51.499086964857696],[-0.16260623931884766,51.499075067902936]]]}},{"type":"Feature","properties":{"level_id":-1,"building_id":"harrods","source_layer":"wall","geometry_tolerance_m":0.04},"geometry":{"type":"Polygon","coordinates":[[[-0.16281151212751865,51.49932062459439],[-0.16281855292618275,51.499316815501544],[-0.16280522570014,51.49930789283073],[-0.16282986849546432,51.49929401311715],[-0.16286088153719902,51.49931441525109],[-0.16286658123135567,51.49931112795136],[-0.16287630423903465,51.4993177025506],[-0.16283908858895302,51.4993390960812],[-0.16281151212751865,51.49932062459439]]]}},{"type":"Feature","properties":{"level_id":-1,"building_id":"harrods","source_layer":"wall","geometry_tolerance_m":0.04},"geometry":{"type":"Polygon","coordinates":[[[-0.16305006109178066,51.49968817446694],[-0.1628400105983019,51.49954854343349],[-0.1628466323018074,51.49954473435969],[-0.16285870224237442,51.49953774236039],[-0.16307160258293152,51.49967575587968],[-0.16305006109178066,51.49968817446694]]]}},{"type":"Feature","properties":{"level_id":-1,"building_id":"harrods","source_layer":"wall","geometry_tolerance_m":0.04},"geometry":{"type":"Polygon","coordinates":[[[-0.16282768920063972,51.49984340652253],[-0.1626053173094988,51.49969887114659],[-0.16259592957794666,51.49969260967589],[-0.16263850964605808,51.49966897261629],[-0.16258486546576023,51.49963192554455],[-0.16260791569948196,51.499618254645696],[-0.16263993456959724,51.49962863826772],[-0.1627790741622448,51.499548960866235],[-0.1630338840186596,51.49971958617266],[-0.16302675940096378,51.49972485624073],[-0.1630088221281767,51.499735135480734],[-0.1630072295665741,51.49973409190318],[-0.16289373859763145,51.49980150696433],[-0.16288460232317448,51.49979613254749],[-0.16301888041198254,51.499716820691106],[-0.16287940554320812,51.499623681262506],[-0.16272811219096184,51.49971082011743],[-0.1628787349909544,51.49981037735972],[-0.1628825906664133,51.4998129341204],[-0.1628716941922903,51.49981945646849],[-0.1628695148974657,51.499818047641384],[-0.16282768920063972,51.49984340652253]]]}},{"type":"Feature","properties":{"level_id":-1,"building_id":"harrods","source_layer":"wall","geometry_tolerance_m":0.04},"geometry":{"type":"Polygon","coordinates":[[[-0.16311736777424812,51.49973064809706],[-0.16309398226439953,51.499715568397534],[-0.1631025318056345,51.49971087229633],[-0.16312558203935623,51.49972574328186],[-0.16311736777424812,51.49973064809706]]]}},{"type":"Feature","properties":{"level_id":-1,"building_id":"harrods","source_layer":"wall","geometry_tolerance_m":0.04},"geometry":{"type":"Polygon","coordinates":[[[-0.1623680256307125,51.49943724529663],[-0.16235478222370148,51.49944632447972],[-0.1623547669830921,51.49944632447972],[-0.16234707087278366,51.4994515945794],[-0.16237908974289894,51.49946975293807],[-0.162394093349576,51.49945936927983],[-0.16246232204139233,51.499495842521185],[-0.16238084994256496,51.49954285591221],[-0.1623210869729519,51.499505078230015],[-0.16232527792453766,51.499502730168615],[-0.16231882385909557,51.49949834712038],[-0.162330474704504,51.49949166818888],[-0.16232804395258427,51.49948999845586],[-0.16233139671385288,51.49948770257285],[-0.1623439695686102,51.49949469457985],[-0.1623723842203617,51.49947439688498],[-0.162340784445405,51.499456499424156],[-0.16231169924139977,51.49947658841029],[-0.1623184885829687,51.499480397489776],[-0.1623162254691124,51.49948201504401],[-0.1623130403459072,51.499479875698114],[-0.16230130568146706,51.49948660681048],[-0.16227683052420616,51.499470066013146],[-0.16228890046477318,51.49946317836077],[-0.1623059157282114,51.49947460560168],[-0.16236442141234875,51.4994347928733],[-0.1623680256307125,51.49943724529663]]]}},{"type":"Feature","properties":{"level_id":-1,"building_id":"harrods","source_layer":"wall","geometry_tolerance_m":0.04},"geometry":{"type":"Polygon","coordinates":[[[-0.16241454519331455,51.49943787144724],[-0.16241136007010937,51.49943995861591],[-0.16239115968346596,51.49942842700787],[-0.16239442862570286,51.49942618330098],[-0.16239007003605366,51.49942367869784],[-0.1624251902103424,51.49939915445131],[-0.1624518446624279,51.499418878208076],[-0.16242058016359806,51.49944079348333],[-0.16241454519331455,51.49943787144724]]]}},{"type":"Feature","properties":{"level_id":-1,"building_id":"harrods","source_layer":"wall","geometry_tolerance_m":0.04},"geometry":{"type":"Polygon","coordinates":[[[-0.1629189681261778,51.49984992886624],[-0.1628961693495512,51.499835266636325],[-0.16290614381432533,51.499829266078194],[-0.1629288587719202,51.4998439283101],[-0.1629189681261778,51.49984992886624]]]}},{"type":"Feature","properties":{"level_id":-1,"building_id":"harrods","source_layer":"wall","geometry_tolerance_m":0.04},"geometry":{"type":"Polygon","coordinates":[[[-0.16235947608947754,51.499443141547914],[-0.16236224211752415,51.49944121091704],[-0.1623680256307125,51.49943724529663],[-0.16237875446677208,51.49944632447972],[-0.16237872323385588,51.49944632447972],[-0.162394093349576,51.49945936927983],[-0.1623919978737831,51.49946083029724],[-0.1623891480267048,51.49946281310645],[-0.16237908974289894,51.49946975293807],[-0.16234707087278366,51.4994515945794],[-0.16235480498907373,51.49944632447972],[-0.16235478222370148,51.49944632447972],[-0.16235947608947754,51.499443141547914]]]}},{"type":"Feature","properties":{"level_id":-1,"building_id":"harrods","source_layer":"wall","geometry_tolerance_m":0.04},"geometry":{"type":"Polygon","coordinates":[[[-0.162653848528862,51.499445489612384],[-0.1626789104193449,51.49943108814844],[-0.1628068182617426,51.499515827131745],[-0.16281536780297756,51.49951092229341],[-0.16283690929412842,51.49952537591125],[-0.16280841082334518,51.499542281942155],[-0.16278871335089207,51.49952902844933],[-0.16280178911983967,51.49952146247725],[-0.16268713617403685,51.49944632447972],[-0.162687124684453,51.49944632447972],[-0.16267622821033,51.49943917592768],[-0.1626592967659235,51.499449089977674],[-0.16265511188821488,51.49944632447972],[-0.16265510581433773,51.49944632447972],[-0.162653848528862,51.499445489612384]]]}},{"type":"Feature","properties":{"level_id":-1,"building_id":"harrods","source_layer":"wall","geometry_tolerance_m":0.04},"geometry":{"type":"Polygon","coordinates":[[[-0.16241236589848995,51.499441993605245],[-0.16241136007010937,51.49943995861591],[-0.16241454519331455,51.49943787144724],[-0.16242058016359806,51.49944079348333],[-0.1624518446624279,51.499418878208076],[-0.1624251902103424,51.49939915445131],[-0.16239007003605366,51.49942367869784],[-0.16239442862570286,51.49942618330098],[-0.16239115968346596,51.49942842700787],[-0.16238772310316563,51.49942654855562],[-0.16238168813288212,51.499423000367784],[-0.16242451965808868,51.49939383216628],[-0.16245746053755283,51.499414286434785],[-0.16254412941634655,51.49935433244323],[-0.16254798509180546,51.499346349007595],[-0.16256206668913364,51.49933820903257],[-0.16257690265774727,51.49934822746317],[-0.16241982579231262,51.49945707339529],[-0.16241010278463364,51.49945175111702],[-0.16241890378296375,51.49944559397079],[-0.16241236589848995,51.499441993605245]]]}},{"type":"Feature","properties":{"level_id":-1,"building_id":"harrods","source_layer":"wall","geometry_tolerance_m":0.04},"geometry":{"type":"Polygon","coordinates":[[[-0.16209284774959087,51.499335078272566],[-0.16222000122070312,51.49942039140598],[-0.16222000122070312,51.49942039186196],[-0.1622339989989996,51.49942978366778],[-0.16222410835325718,51.4994355233824],[-0.16222000122070312,51.49943279916252],[-0.16222000122070312,51.49943281006284],[-0.1620820350944996,51.49934128761305],[-0.16209284774959087,51.499335078272566]]]}},{"type":"Feature","properties":{"level_id":-1,"building_id":"harrods","source_layer":"wall","geometry_tolerance_m":0.04},"geometry":{"type":"Polygon","coordinates":[[[-0.16265854239463806,51.49938224836728],[-0.16268787905573845,51.4993652379184],[-0.16268880106508732,51.499350053739334],[-0.1626467239111662,51.49937436929511],[-0.1626195665448904,51.499356106539864],[-0.16266164369881153,51.49933179097431],[-0.16263716854155064,51.49933121700158],[-0.16260774806141853,51.49934822746317],[-0.1625939179211855,51.49933893954321],[-0.16257841140031815,51.49932871239321],[-0.1626854483038187,51.499266618933206],[-0.16278695315122604,51.49933476519655],[-0.1626799162477255,51.49939659766741],[-0.16265854239463806,51.49938224836728]]]}},{"type":"Feature","properties":{"level_id":-1,"building_id":"harrods","source_layer":"wall","geometry_tolerance_m":0.04},"geometry":{"type":"Polygon","coordinates":[[[-0.16204691492021084,51.49940614647187],[-0.16206384636461735,51.49941694757618],[-0.1621087733656168,51.49939096230645],[-0.16207591630518436,51.49936977751736],[-0.16203124076128006,51.499395971516236],[-0.16203920356929302,51.4994010329047],[-0.16203300096094608,51.49940478981125],[-0.16199855133891106,51.499382978877236],[-0.16200458630919456,51.499379221968866],[-0.162027720361948,51.49939383216628],[-0.16207206062972546,51.49936727291109],[-0.1620336715131998,51.49934253991691],[-0.1619889959692955,51.49936977751736],[-0.1619954500347376,51.49937363878507],[-0.1619927678257227,51.49937520416378],[-0.1619759202003479,51.49936435087028],[-0.16197843477129936,51.4993627854912],[-0.1619852241128683,51.49936732509039],[-0.16203023493289948,51.499340296205816],[-0.1620037481188774,51.49932318138255],[-0.16195965930819511,51.499349427587504],[-0.16197131015360355,51.49935668051228],[-0.16196762211620808,51.49935908076051],[-0.16196326352655888,51.49935621089847],[-0.16196032986044884,51.49935772409847],[-0.16195379197597504,51.49935328885698],[-0.1619542110711336,51.49935125386364],[-0.16198581084609032,51.499318433061546],[-0.16199528239667416,51.499316972039594],[-0.16200182028114796,51.49931791126804],[-0.1621500961482525,51.49941360810459],[-0.16214674338698387,51.4994155387366],[-0.162113131955266,51.49939383216628],[-0.1620668638497591,51.49941976525511],[-0.16207323409616947,51.49942393959401],[-0.16207088716328144,51.499425348433306],[-0.16204381361603737,51.499408024924975],[-0.16204691492021084,51.49940614647187]]]}},{"type":"Feature","properties":{"level_id":0,"building_id":"harrods","source_layer":"wall","geometry_tolerance_m":0.04},"geometry":{"type":"Polygon","coordinates":[[[-0.16231857240200043,51.49943907156924],[-0.1623505912721157,51.49941981743436],[-0.16236190684139729,51.49942717470637],[-0.162329887971282,51.49944637665891],[-0.16232980714582268,51.49944632447972],[-0.1623298041522503,51.49944632447972],[-0.16231857240200043,51.49943907156924]]]}},{"type":"Feature","properties":{"level_id":0,"building_id":"harrods","source_layer":"wall","geometry_tolerance_m":0.04},"geometry":{"type":"Polygon","coordinates":[[[-0.16293824650347233,51.49985900796713],[-0.16274579800665379,51.49973487458635],[-0.1627566944807768,51.499728352226185],[-0.16294914297759533,51.49985248562473],[-0.16293824650347233,51.49985900796713]]]}},{"type":"Feature","properties":{"level_id":0,"building_id":"harrods","source_layer":"wall","geometry_tolerance_m":0.04},"geometry":{"type":"Polygon","coordinates":[[[-0.1631358079612255,51.49974030118929],[-0.16294335946440697,51.49961616748516],[-0.1629533339291811,51.499610166898236],[-0.1631467044353485,51.499733726651044],[-0.1631358079612255,51.49974030118929]]]}},{"type":"Feature","properties":{"level_id":0,"building_id":"harrods","source_layer":"wall","geometry_tolerance_m":0.04},"geometry":{"type":"Polygon","coordinates":[[[-0.16300421208143234,51.49916653870781],[-0.1629380788654089,51.49920629949102],[-0.16292760148644447,51.499199516157745],[-0.1629837602376938,51.49916575601489],[-0.16293657012283802,51.49913528315966],[-0.1629882026463747,51.499104236308455],[-0.1629637274891138,51.499088478066625],[-0.16297370195388794,51.49908247741021],[-0.162999015301466,51.49909880962977],[-0.1630317885428667,51.499078929195605],[-0.16303488984704018,51.49907746816598],[-0.16304075717926025,51.49907673765114],[-0.16304553486406803,51.499077207267845],[-0.16304838471114635,51.4990778334234],[-0.16305232420563698,51.49907913791415],[-0.16308979131281376,51.499103140536846],[-0.16309699974954128,51.49909880962977],[-0.16310663893818855,51.49910501900243],[-0.16301510855555534,51.4991600162663],[-0.16323027200996876,51.49929881362007],[-0.16322038136422634,51.49930476206865],[-0.16321945935487747,51.499305336041715],[-0.16310663893818855,51.49923259794275],[-0.16310665691813497,51.49923259794275],[-0.16300421208143234,51.49916653870781]]]}},{"type":"Feature","properties":{"level_id":0,"building_id":"harrods","source_layer":"wall","geometry_tolerance_m":0.04},"geometry":{"type":"Polygon","coordinates":[[[-0.16278049908578396,51.49961162791078],[-0.16277002170681953,51.499604844637844],[-0.16285065561532974,51.49955637029646],[-0.16273515298962593,51.49948191068566],[-0.16274604946374893,51.49947538828931],[-0.16289910301566124,51.49957411118089],[-0.1629815809428692,51.49952454104536],[-0.16299298033118248,51.49953184612133],[-0.16291175968945026,51.49958063356314],[-0.1629288587719202,51.49959326089251],[-0.16291804611682892,51.49959983545102],[-0.16286113299429417,51.49956315357662],[-0.16278049908578396,51.49961162791078]]]}},{"type":"Feature","properties":{"level_id":0,"building_id":"harrods","source_layer":"wall","geometry_tolerance_m":0.04},"geometry":{"type":"Polygon","coordinates":[[[-0.16213626600801945,51.49958569493111],[-0.16215194016695023,51.49959498280077],[-0.16225210390985012,51.49953367239013],[-0.1622562948614359,51.49953617698728],[-0.16222176142036915,51.49955730951993],[-0.1622319035232067,51.49956367536737],[-0.16226652078330517,51.49954233412126],[-0.16227230429649353,51.49954588229977],[-0.1622377708554268,51.499566962648885],[-0.16224799677729607,51.49957332849496],[-0.1622825302183628,51.49955203943247],[-0.16228697262704372,51.4995547527449],[-0.16230516135692596,51.49954389949417],[-0.16231597401201725,51.499537846718596],[-0.1623227633535862,51.49954222976305],[-0.16222000122070312,51.499603992494514],[-0.16222000122070312,51.499604009773435],[-0.16219410113990307,51.49961955912096],[-0.16222000122070312,51.49963469103122],[-0.16222000122070312,51.49963469615411],[-0.1624736376106739,51.499782931307266],[-0.16258872114121914,51.49971374213601],[-0.16259919852018356,51.499720525392746],[-0.16254848800599575,51.499750997856665],[-0.1626053173094988,51.499787679579896],[-0.16259802505373955,51.499799680706246],[-0.1625373400747776,51.499761224911936],[-0.16249610111117363,51.499786531645896],[-0.16256164759397507,51.49982055222284],[-0.16256147995591164,51.4998206565804],[-0.16256206668913364,51.499820969653086],[-0.16254287213087082,51.499835057921246],[-0.16212629154324532,51.49959164334223],[-0.16213626600801945,51.49958569493111]]]}},{"type":"Feature","properties":{"level_id":0,"building_id":"harrods","source_layer":"wall","geometry_tolerance_m":0.04},"geometry":{"type":"Polygon","coordinates":[[[-0.16272048465907574,51.499718542594735],[-0.16266357153654099,51.499681860815855],[-0.1626173872500658,51.49970962000256],[-0.16260690987110138,51.499702836744234],[-0.16265309415757656,51.49967507755335],[-0.16253759153187275,51.499600618136526],[-0.16254848800599575,51.49959409575712],[-0.16266264952719212,51.49966772032138],[-0.1626652479171753,51.49966777250032],[-0.16274462454020977,51.49962008091106],[-0.1627551019191742,51.49962686418169],[-0.162674468010664,51.4996753384481],[-0.16273129731416702,51.49971196805333],[-0.16272048465907574,51.499718542594735]]]}},{"type":"Feature","properties":{"level_id":0,"building_id":"harrods","source_layer":"wall","geometry_tolerance_m":0.04},"geometry":{"type":"Polygon","coordinates":[[[-0.16281419433653355,51.499333043278426],[-0.1628133561462164,51.49933356507182],[-0.1627758052200079,51.49930940603235],[-0.16284017823636532,51.49926959315968],[-0.1627872884273529,51.49923619832484],[-0.16272316686809063,51.49927543725326],[-0.16270221211016178,51.499261922785706],[-0.1627720333635807,51.499220022692924],[-0.16275803558528423,51.49921099564423],[-0.16276884824037552,51.49920442102959],[-0.16284151934087276,51.49925127818298],[-0.16290949657559395,51.49921042166997],[-0.16291997395455837,51.49921720500163],[-0.16285107471048832,51.499258583302776],[-0.16289222985506058,51.4992850904419],[-0.1628613844513893,51.49930361412248],[-0.1630975864827633,51.49945592545296],[-0.1631809864193201,51.49940583339634],[-0.16319146379828453,51.49941261669892],[-0.16310714185237885,51.49946323053999],[-0.16312549822032452,51.499475075214264],[-0.1631156075745821,51.49948107581898],[-0.1630971673876047,51.499469231146264],[-0.16301837749779224,51.49951660981867],[-0.16300697810947895,51.4995093047402],[-0.16308492980897427,51.499462447852125],[-0.1628504879772663,51.49931128448944],[-0.16281419433653355,51.499333043278426]]]}},{"type":"Feature","properties":{"level_id":0,"building_id":"harrods","source_layer":"wall","geometry_tolerance_m":0.04},"geometry":{"type":"Polygon","coordinates":[[[-0.16239752992987633,51.49944533307476],[-0.1624251902103424,51.49942519189557],[-0.16245251521468163,51.499439645540605],[-0.1624436303973198,51.49944632447972],[-0.16244360202645905,51.49944632447972],[-0.16242535784840584,51.49945999543016],[-0.1624202448874712,51.49945743864964],[-0.16241462901234627,51.499461456447506],[-0.1624018047004938,51.49945467315223],[-0.16240708529949188,51.499450185740955],[-0.1623994821022392,51.49944632447972],[-0.16239945776760578,51.49944632447972],[-0.16239752992987633,51.49944533307476]]]}},{"type":"Feature","properties":{"level_id":0,"building_id":"harrods","source_layer":"wall","geometry_tolerance_m":0.04},"geometry":{"type":"Polygon","coordinates":[[[-0.16221027821302414,51.49909343513005],[-0.16222000122070312,51.49909907052779],[-0.16222000122070312,51.49909908444202],[-0.1622291374951601,51.499104392847244],[-0.16222016885876656,51.49910997606406],[-0.16222343780100346,51.499111906708976],[-0.16221949830651283,51.49911435914967],[-0.16221673227846622,51.49911268940281],[-0.1621953584253788,51.499126412632904],[-0.1622154749929905,51.49913893572898],[-0.16222000122070312,51.49913596149398],[-0.16222000122070312,51.499135985434826],[-0.16223684884607792,51.49912500378437],[-0.1622334122657776,51.499122916601294],[-0.1622372679412365,51.49912035980188],[-0.1622520200908184,51.49912943904809],[-0.16224808059632778,51.49913189148785],[-0.16224414110183716,51.49912949122768],[-0.16222276724874973,51.49914321445269],[-0.16224288381636143,51.499155685364656],[-0.16226425766944885,51.499141805604694],[-0.16226056963205338,51.49913950970415],[-0.16226459294557571,51.499137161623935],[-0.16227884218096733,51.49914644958497],[-0.16227507032454014,51.49914884984432],[-0.16227146610617638,51.499146606123645],[-0.16225000843405724,51.4991600162663],[-0.1622699573636055,51.49917253935317],[-0.16229133121669292,51.49915865959838],[-0.1622895710170269,51.49915761600761],[-0.16229325905442238,51.49915537228739],[-0.16229585744440556,51.499156885494074],[-0.1623048260807991,51.4991509370262],[-0.1623199973255396,51.49916032934354],[-0.16219968122111045,51.49923259794275],[-0.162199717015028,51.49923259794275],[-0.16218161210417747,51.49924345126763],[-0.16222000122070312,51.49926839303322],[-0.16222000122070312,51.49926839592028],[-0.16241513192653656,51.49939518882721],[-0.16238403506577015,51.49941386900082],[-0.16237213276326656,51.499406876981396],[-0.16239384189248085,51.49939383216628],[-0.16214372590184212,51.49923259794275],[-0.1621437515438025,51.49923259794275],[-0.16211388632655144,51.49921334372067],[-0.1621811930090189,51.499127038787805],[-0.16221027821302414,51.49909343513005]]]}},{"type":"Feature","properties":{"level_id":0,"building_id":"harrods","source_layer":"wall","geometry_tolerance_m":0.04},"geometry":{"type":"Polygon","coordinates":[[[-0.16257807612419128,51.49933653929392],[-0.16268410719931126,51.49927282828301],[-0.16269374638795853,51.499279037631965],[-0.16266625374555588,51.49929557849862],[-0.16268293373286724,51.49930627527036],[-0.16264102421700954,51.499331895333],[-0.16265611164271832,51.49933184315364],[-0.16269005835056305,51.49931081487517],[-0.16269600950181484,51.49931467614786],[-0.16266952268779278,51.49933079956688],[-0.16267371363937855,51.499337269804585],[-0.16270305030047894,51.499319215751854],[-0.1627093367278576,51.49932323356188],[-0.1626799162477255,51.49934139197171],[-0.16269056126475334,51.499343844400045],[-0.1627164613455534,51.49932782534438],[-0.16272258013486862,51.49933173879501],[-0.16268880106508732,51.49935245398791],[-0.1626881305128336,51.49936153318791],[-0.162729537114501,51.49933601750058],[-0.16275870613753796,51.49935401936736],[-0.16278552822768688,51.4993382612119],[-0.16279516741633415,51.49934447055196],[-0.16268913634121418,51.49940818146274],[-0.16257807612419128,51.49933653929392]]]}},{"type":"Feature","properties":{"level_id":0,"building_id":"harrods","source_layer":"wall","geometry_tolerance_m":0.04},"geometry":{"type":"Polygon","coordinates":[[[-0.16220977529883385,51.49944559397079],[-0.1622242759913206,51.4994369322213],[-0.1622388605028391,51.49944632447972],[-0.16223884584147913,51.49944632447972],[-0.16227146610617638,51.49946735269569],[-0.1622992940247059,51.49945065535377],[-0.16231111250817776,51.49945775172483],[-0.16227196902036667,51.49948123235649],[-0.16222385689616203,51.499450185740955],[-0.1622193306684494,51.49945295123865],[-0.16220969147980213,51.499446689734185],[-0.16221022487363654,51.49944632447972],[-0.16221019439399242,51.49944632447972],[-0.16221052967011929,51.49944611576288],[-0.16220977529883385,51.49944559397079]]]}},{"type":"Feature","properties":{"level_id":0,"building_id":"harrods","source_layer":"wall","geometry_tolerance_m":0.04},"geometry":{"type":"Polygon","coordinates":[[[-0.1618125569075346,51.499395397544276],[-0.1620048377662897,51.49950993088984],[-0.16210181638598442,51.499451646758615],[-0.1621490065008402,51.49948211940233],[-0.16217892989516258,51.49946411758617],[-0.1621812768280506,51.499465682961784],[-0.16214716248214245,51.4994856154064],[-0.1621109526604414,51.499461873881046],[-0.16209536232054234,51.499470796521706],[-0.16202973201870918,51.499509983068975],[-0.16206929460167885,51.49953523776338],[-0.16210424713790417,51.499513948683074],[-0.16211212612688541,51.499515357519584],[-0.16213911585509777,51.49949876455355],[-0.16218856908380985,51.49947032690906],[-0.16219493933022022,51.49947439688498],[-0.16217716969549656,51.49948525015222],[-0.16218211501836777,51.49948838090194],[-0.16214548610150814,51.49951045268119],[-0.1621556282043457,51.49951697507254],[-0.16219200566411018,51.49949469457985],[-0.1621975377202034,51.499498190582926],[-0.1621610764414072,51.499520471073936],[-0.16217130236327648,51.49952683692649],[-0.16220776364207268,51.49950429554289],[-0.1622122060507536,51.499506904499924],[-0.16210751608014107,51.499569467244186],[-0.16211606562137604,51.49957489386679],[-0.1621060911566019,51.499580894458404],[-0.1620967872440815,51.49957494604587],[-0.1619998924434185,51.499517601222095],[-0.16187810496836647,51.49944632447972],[-0.16187810339033604,51.49944632447972],[-0.16180367209017277,51.49940275482027],[-0.1618125569075346,51.499395397544276]]]}},{"type":"Feature","properties":{"level_id":0,"building_id":"harrods","source_layer":"wall","geometry_tolerance_m":0.04},"geometry":{"type":"Polygon","coordinates":[[[-0.16275652684271336,51.49996013024432],[-0.16256114467978477,51.49984585892389],[-0.1625825185328722,51.499831979374136],[-0.16258344054222107,51.49983244898303],[-0.16263071447610855,51.49980406372552],[-0.16263322904706,51.499805994341045],[-0.16263398341834545,51.499807298810936],[-0.16263448633253574,51.499809490320246],[-0.1626342348754406,51.49981063825368],[-0.16257883049547672,51.49984398048883],[-0.16276666894555092,51.49995319048739],[-0.16275652684271336,51.49996013024432]]]}},{"type":"Feature","properties":{"level_id":0,"building_id":"harrods","source_layer":"wall","geometry_tolerance_m":0.04},"geometry":{"type":"Polygon","coordinates":[[[-0.16243265010416508,51.49940760749095],[-0.16243357211351395,51.49940703351919],[-0.1624458096921444,51.49941496476495],[-0.1625590492039919,51.499347966566575],[-0.16266055405139923,51.499412303623416],[-0.16267103143036366,51.49941908692503],[-0.16266466118395329,51.49942289600932],[-0.16270103864371777,51.49944632447972],[-0.16270100805524637,51.49944632447972],[-0.16272853128612041,51.49946406540698],[-0.16271771863102913,51.49947058780498],[-0.1625846978276968,51.49938485733131],[-0.16242208890616894,51.499478101606286],[-0.16241027042269707,51.49947147485105],[-0.1624196581542492,51.49946411758617],[-0.16241462901234627,51.499461456447506],[-0.1624202448874712,51.49945743864964],[-0.16242535784840584,51.49945999543016],[-0.16245251521468163,51.499439645540605],[-0.1624251902103424,51.49942519189557],[-0.16239752992987633,51.49944533307476],[-0.16240708529949188,51.499450185740955],[-0.1624018047004938,51.49945467315223],[-0.16239509917795658,51.499450759712175],[-0.16236450523138046,51.49947241407622],[-0.1623924169689417,51.499488172185295],[-0.1624011341482401,51.499482328119],[-0.16240851022303104,51.49948671116877],[-0.16239501535892487,51.49949485111728],[-0.16253096982836723,51.499582825083365],[-0.16252015717327595,51.49958934746434],[-0.16238713636994362,51.49950356503493],[-0.16234095208346844,51.49953137650934],[-0.1623331569135189,51.49952511501567],[-0.1623439695686102,51.49951864480457],[-0.16233609057962894,51.49951353125002],[-0.162339610978961,51.4995113919056],[-0.16234254464507103,51.49950956563589],[-0.16234816052019596,51.4995126442048],[-0.1623707078397274,51.49949568598373],[-0.16235025599598885,51.49948457182313],[-0.1623266190290451,51.49950121697344],[-0.16232754103839397,51.49950179094404],[-0.16232485882937908,51.49950356503493],[-0.16231052577495575,51.49949391189253],[-0.16237786394962397,51.49944632447972],[-0.1623778324574232,51.49944632447972],[-0.16243265010416508,51.49940760749095]]]}},{"type":"Feature","properties":{"level_id":2,"building_id":"harrods","source_layer":"wall","geometry_tolerance_m":0.04},"geometry":{"type":"Polygon","coordinates":[[[-0.16242150217294693,51.49942874008326],[-0.16244379803538322,51.499440897841765],[-0.1624152995646,51.499461508626695],[-0.16241253353655338,51.499459682354995],[-0.16240750439465046,51.49946281310645],[-0.1623930037021637,51.499454516614634],[-0.16239752992987633,51.4994515945794],[-0.16239367425441742,51.499449298694486],[-0.1623977001200408,51.49944632447972],[-0.16239769756793976,51.49944632447972],[-0.16242150217294693,51.49942874008326]]]}},{"type":"Feature","properties":{"level_id":2,"building_id":"harrods","source_layer":"wall","geometry_tolerance_m":0.04},"geometry":{"type":"Polygon","coordinates":[[[-0.16238856129348278,51.49923244140439],[-0.16240851022303104,51.49922044012865],[-0.16239367425441742,51.499210839105814],[-0.16240364871919155,51.49920483846549],[-0.16242904588580132,51.499221222820665],[-0.1624100828031471,51.49923259794275],[-0.16241010278463364,51.49923259794275],[-0.16239912249147892,51.4992391725533],[-0.16238856129348278,51.49923244140439]]]}},{"type":"Feature","properties":{"level_id":2,"building_id":"harrods","source_layer":"wall","geometry_tolerance_m":0.04},"geometry":{"type":"Polygon","coordinates":[[[-0.16230273060500622,51.49933852210856],[-0.16223114915192127,51.49938151785736],[-0.16222243197262287,51.49937588249452],[-0.16232837922871113,51.49931326730518],[-0.16233625821769238,51.499318380882215],[-0.16231362707912922,51.49933194751233],[-0.1624448038637638,51.49941658232149],[-0.16253273002803326,51.49936377689795],[-0.16247942112386227,51.49932933854532],[-0.16249568201601505,51.49931958100731],[-0.16250615939497948,51.49932631214338],[-0.16250364482402802,51.49932897328992],[-0.1625074166804552,51.4993349739139],[-0.1625427044928074,51.499357776277776],[-0.16254362650215626,51.49935725448469],[-0.16258285380899906,51.49938704886091],[-0.16248134896159172,51.49944804639355],[-0.16239711083471775,51.49949871237442],[-0.16253273002803326,51.49958616454256],[-0.16252183355391026,51.49959268692305],[-0.1623853761702776,51.4995046607969],[-0.1623364258557558,51.499534089823015],[-0.16232678666710854,51.49952788050882],[-0.16233399510383606,51.499523497462974],[-0.1623244397342205,51.4995172881473],[-0.1623358391225338,51.499510191785504],[-0.16234111972153187,51.49951337471262],[-0.16236517578363419,51.4994968861042],[-0.16234363429248333,51.49948556322721],[-0.1623200811445713,51.49950199966062],[-0.1623228471726179,51.499503773751485],[-0.16231915913522243,51.49950591309627],[-0.16231262125074863,51.49950966999418],[-0.16222000122070312,51.499449963063796],[-0.16222000122070312,51.49944997702411],[-0.1621616631746292,51.49941235580266],[-0.16219334676861763,51.49939440613824],[-0.16220122575759888,51.499399519706145],[-0.1621795166283846,51.49941256451967],[-0.16222000122070312,51.49943792362646],[-0.16222000122070312,51.499437923867575],[-0.1622334122657776,51.49944632447972],[-0.16223340457340474,51.49944632447972],[-0.16229803673923016,51.49948681552712],[-0.16230071894824505,51.49948681552712],[-0.16234321519732475,51.49946135208913],[-0.16239183023571968,51.499489737560054],[-0.16241580247879028,51.49946808320425],[-0.16240750439465046,51.49946281310645],[-0.16241253353655338,51.499459682354995],[-0.1624152995646,51.499461508626695],[-0.16243629463928544,51.49944632447972],[-0.16243625432252884,51.49944632447972],[-0.16244379803538322,51.499440897841765],[-0.16242150217294693,51.49942874008326],[-0.16239367425441742,51.499449298694486],[-0.16239752992987633,51.4994515945794],[-0.1623930037021637,51.499454516614634],[-0.1623847894370556,51.49944982048652],[-0.1623738929629326,51.499456499424156],[-0.16236215829849243,51.499449924844924],[-0.16236814714142378,51.49944632447972],[-0.16236810944974422,51.49944632447972],[-0.1624208316206932,51.49941465168948],[-0.16230273060500622,51.49933852210856]]]}},{"type":"Feature","properties":{"level_id":2,"building_id":"harrods","source_layer":"wall","geometry_tolerance_m":0.04},"geometry":{"type":"Polygon","coordinates":[[[-0.1629102509468794,51.499349792842736],[-0.1628504879772663,51.49931128448944],[-0.16281025484204292,51.49933518263123],[-0.16277681104838848,51.49931384127814],[-0.16278200782835484,51.499310710516454],[-0.16282123513519764,51.499287281976336],[-0.1627682615071535,51.49925310446304],[-0.16272936947643757,51.499276428661915],[-0.16272291541099548,51.499280185578726],[-0.16265611164271832,51.49923734627271],[-0.16265351325273514,51.49923891165611],[-0.16264387406408787,51.49923270230167],[-0.1626440417021513,51.49923259794275],[-0.16264404743336514,51.49923259794275],[-0.162664158269763,51.499220492308126],[-0.16271579079329967,51.49925378279562],[-0.16277111135423183,51.4992205444876],[-0.16264311969280243,51.49913799649693],[-0.1626370009034872,51.499138727010745],[-0.1626189798116684,51.499149580357965],[-0.16261026263237,51.49914389278692],[-0.16264286823570728,51.499124325449884],[-0.16277060844004154,51.49920556897828],[-0.1628275215625763,51.4991707130699],[-0.1627017930150032,51.499088895503604],[-0.16272534616291523,51.49907475482513],[-0.1627323031425476,51.49907924227338],[-0.16271964646875858,51.49908691267808],[-0.16275552101433277,51.49911002824365],[-0.1628008671104908,51.49908279048796],[-0.1627649925649166,51.49905967490858],[-0.1627567782998085,51.49906457979549],[-0.16274982132017612,51.49906004016617],[-0.16276247799396515,51.49905242193657],[-0.16277999617159367,51.499063692741515],[-0.16279449686408043,51.49905497873979],[-0.1627997774630785,51.499058370417316],[-0.1627888809889555,51.49906489287338],[-0.16281687654554844,51.499082947026835],[-0.16276340000331402,51.49911508966389],[-0.16284034587442875,51.49916288614071],[-0.16294914297759533,51.499098287833704],[-0.1628450397402048,51.49903113263076],[-0.1628323830664158,51.49903875086389],[-0.16282710246741772,51.49903541136459],[-0.16285979188978672,51.49901579180127],[-0.16286498866975307,51.49901918348172],[-0.16285442747175694,51.49902554940431],[-0.16285451129078865,51.49902706261528],[-0.16295735724270344,51.499093382950434],[-0.16301259398460388,51.49906014452546],[-0.1629653200507164,51.4990297237793],[-0.1629735343158245,51.49902481888864],[-0.16302072443068027,51.499055239638096],[-0.16303706914186478,51.499045482041424],[-0.16299113631248474,51.499015270004264],[-0.1629925612360239,51.49901448730873],[-0.16312113963067532,51.499097400780386],[-0.1630160305649042,51.49916059024119],[-0.16312449239194393,51.49923051076459],[-0.16312103319363094,51.49923259794275],[-0.1631210558116436,51.49923259794275],[-0.16311359591782093,51.499237085375455],[-0.16310663893818855,51.49923259794275],[-0.16310664013078335,51.49923259794275],[-0.1630051340907812,51.49916711268261],[-0.16293615102767944,51.49912202954846],[-0.16278251074254513,51.49921433513066],[-0.16281082284864634,51.49923259794275],[-0.16281084157526493,51.49923259794275],[-0.1628519967198372,51.49925915727641],[-0.16289306804537773,51.499285664415225],[-0.16286046244204044,51.499305283862356],[-0.1629277691245079,51.49934869707704],[-0.1629178784787655,51.499354697698436],[-0.1629102509468794,51.499349792842736]]]}},{"type":"Feature","properties":{"level_id":2,"building_id":"harrods","source_layer":"wall","geometry_tolerance_m":0.04},"geometry":{"type":"Polygon","coordinates":[[[-0.16251923516392708,51.4993053882211],[-0.16252652741968632,51.49930105733321],[-0.16250548884272575,51.49928749069389],[-0.16250825487077236,51.499285873132806],[-0.16245226375758648,51.49924976497945],[-0.16243323683738708,51.49926119227385],[-0.16242443583905697,51.49925555689612],[-0.16242359764873981,51.49925498292245],[-0.16245435923337936,51.499237554990486],[-0.1625252701342106,51.499283264163125],[-0.16251982189714909,51.49928655146488],[-0.16254513524472713,51.499302935790666],[-0.16252979636192322,51.49931217153858],[-0.16251923516392708,51.4993053882211]]]}},{"type":"Feature","properties":{"level_id":2,"building_id":"harrods","source_layer":"wall","geometry_tolerance_m":0.04},"geometry":{"type":"Polygon","coordinates":[[[-0.16261043027043343,51.49939315383577],[-0.1626287866383791,51.49940458109421],[-0.16269617713987827,51.49944632447972],[-0.16269617604161477,51.49944632447972],[-0.16273020766675472,51.49946740487485],[-0.1627300400286913,51.499467561412416],[-0.16271939501166344,51.49947397945155],[-0.16260129399597645,51.499397797790465],[-0.16261043027043343,51.49939315383577]]]}},{"type":"Feature","properties":{"level_id":2,"building_id":"harrods","source_layer":"wall","geometry_tolerance_m":0.04},"geometry":{"type":"Polygon","coordinates":[[[-0.16190417110919952,51.49919878564489],[-0.16190391965210438,51.49920546461928],[-0.16188807785511017,51.49922915409874],[-0.16186335124075413,51.499254095872175],[-0.161863686516881,51.49926807995675],[-0.16187667846679688,51.49927639884451],[-0.16187667846679688,51.4992763764825],[-0.1618871558457613,51.49928310762496],[-0.16187667846679688,51.49928942133127],[-0.16187667846679688,51.49928940040923],[-0.16175145283341408,51.499364611766794],[-0.161712896078825,51.499343844400045],[-0.1616861578077078,51.49932412061082],[-0.16168272122740746,51.499319007034444],[-0.1616791170090437,51.49930366630187],[-0.16176871955394745,51.49916314703836],[-0.16187667846679688,51.49919155206634],[-0.16187667846679688,51.499191532694994],[-0.16190417110919952,51.49919878564489]]]}},{"type":"Feature","properties":{"level_id":2,"building_id":"harrods","source_layer":"wall","geometry_tolerance_m":0.04},"geometry":{"type":"Polygon","coordinates":[[[-0.16264270059764385,51.49939075358935],[-0.16267497092485428,51.499371551613365],[-0.16266105696558952,51.49937176033055],[-0.1626364141702652,51.499386735785265],[-0.16262945719063282,51.49938224836728],[-0.16265460290014744,51.4993674816283],[-0.16265518963336945,51.49935808935365],[-0.16262241639196873,51.499377760948875],[-0.16261646524071693,51.49937369096435],[-0.16264940612018108,51.49935433244323],[-0.16263448633253574,51.49935412372599],[-0.1626097597181797,51.49936915136581],[-0.1626038085669279,51.49936539445633],[-0.16262870281934738,51.4993507842498],[-0.16262895427644253,51.49934133979235],[-0.16259651631116867,51.499360802677614],[-0.16259257681667805,51.49935829807086],[-0.1626952551305294,51.499296674265565],[-0.1627508271485567,51.499331895333],[-0.1626467239111662,51.499393362552865],[-0.16264270059764385,51.49939075358935]]]}},{"type":"Feature","properties":{"level_id":2,"building_id":"harrods","source_layer":"wall","geometry_tolerance_m":0.04},"geometry":{"type":"Polygon","coordinates":[[[-0.16210424713790417,51.49936403779449],[-0.16213484108448029,51.49938381374571],[-0.1621566340327263,51.499370716744664],[-0.16216803342103958,51.499378074024605],[-0.16213718801736832,51.49939659766741],[-0.1620951946824789,51.499369516620874],[-0.16210424713790417,51.49936403779449]]]}},{"type":"Feature","properties":{"level_id":2,"building_id":"harrods","source_layer":"wall","geometry_tolerance_m":0.04},"geometry":{"type":"Polygon","coordinates":[[[-0.1620412990450859,51.49932344227929],[-0.16207541339099407,51.49934546195911],[-0.1620663609355688,51.49935088860843],[-0.161984134465456,51.49929787439126],[-0.16199410893023014,51.499291873762445],[-0.16203082166612148,51.49931556319697],[-0.16215319745242596,51.49924204242271],[-0.16213567927479744,51.49923077166187],[-0.162189407274127,51.49916481678335],[-0.1621736492961645,51.49914650176456],[-0.16221648082137108,51.499095574494106],[-0.16217993572354317,51.49908430369703],[-0.16218630596995354,51.499078250860435],[-0.1622204203158617,51.499088269348164],[-0.1622351724654436,51.499097505139616],[-0.16222000122070312,51.49910609562295],[-0.16222000122070312,51.49910611477401],[-0.16221941448748112,51.499106427851586],[-0.16222612001001835,51.49911112401509],[-0.16222234815359116,51.49911331555788],[-0.1622198335826397,51.499111645810984],[-0.1621980406343937,51.499124534168175],[-0.16221681609749794,51.499137161623935],[-0.16222000122070312,51.49913533533922],[-0.16222000122070312,51.499135340964315],[-0.16223936341702938,51.4991242732703],[-0.1622372679412365,51.499122916601294],[-0.1622411236166954,51.499120568520226],[-0.16225235536694527,51.49912761276309],[-0.16224908642470837,51.49912964776638],[-0.1622475776821375,51.49912865635454],[-0.16222486272454262,51.49914232740025],[-0.16224464401602745,51.499155007030595],[-0.16226677224040031,51.499141075090904],[-0.16226492822170258,51.49913987496106],[-0.16226844862103462,51.499137735599106],[-0.16227934509515762,51.49914457112112],[-0.16227557323873043,51.49914686702141],[-0.16227439977228642,51.499146084328146],[-0.16225227154791355,51.499159285752796],[-0.16227196902036667,51.49917206973748],[-0.16229351051151752,51.49915865959838],[-0.16229091212153435,51.499156937673604],[-0.1622945163398981,51.499154850492005],[-0.16231010667979717,51.499145666891735],[-0.16233449801802635,51.49916027716398],[-0.1623712945729494,51.49918396666692],[-0.16236132010817528,51.499189967309974],[-0.1623167283833027,51.499161216395606],[-0.16222000122070312,51.499219321265],[-0.16222000122070312,51.49921934435986],[-0.1621780078858137,51.49924454703586],[-0.16226903535425663,51.49930319668752],[-0.16229166649281979,51.49928957786946],[-0.16230306588113308,51.49929693516248],[-0.16222000122070312,51.49934768884289],[-0.16222000122070312,51.499347705669976],[-0.16219879500567913,51.499360646139706],[-0.16218655742704868,51.49935276706378],[-0.16225813888013363,51.49930971910854],[-0.16222000122070312,51.49928512728949],[-0.16222000122070312,51.49928514262129],[-0.16216451302170753,51.49924934754398],[-0.1620412990450859,51.49932344227929]]]}},{"type":"Feature","properties":{"level_id":2,"building_id":"harrods","source_layer":"wall","geometry_tolerance_m":0.04},"geometry":{"type":"Polygon","coordinates":[[[-0.16285249963402748,51.499805942162254],[-0.16266264952719212,51.49968353054186],[-0.16261369921267033,51.49971290727356],[-0.1626032218337059,51.49970612401572],[-0.1626521721482277,51.49967674727961],[-0.16253926791250706,51.49960395759439],[-0.1625492423772812,51.49959795700582],[-0.1626630686223507,51.49967022491114],[-0.16274730674922466,51.49961955912096],[-0.1627577841281891,51.49962634239171],[-0.16267262399196625,51.499677529963776],[-0.1628624740988016,51.49979994160026],[-0.16285249963402748,51.499805942162254]]]}},{"type":"Feature","properties":{"level_id":2,"building_id":"harrods","source_layer":"wall","geometry_tolerance_m":0.04},"geometry":{"type":"Polygon","coordinates":[[[-0.16305089928209782,51.49968671345687],[-0.1628602109849453,51.49956477112789],[-0.16277840360999107,51.499613923787564],[-0.16276792623102665,51.499607192693986],[-0.16284973360598087,51.49955804002707],[-0.16273682937026024,51.49948525015222],[-0.16274772584438324,51.499478727756355],[-0.16274780966341496,51.499478988652186],[-0.16289910301566124,51.49957630270143],[-0.16298065893352032,51.49952730653854],[-0.16299113631248474,51.499534089823015],[-0.16290958039462566,51.4995830859786],[-0.16306095756590366,51.49968066070025],[-0.16305089928209782,51.49968671345687]]]}},{"type":"Feature","properties":{"level_id":2,"building_id":"harrods","source_layer":"wall","geometry_tolerance_m":0.04},"geometry":{"type":"Polygon","coordinates":[[[-0.16192646697163582,51.49924887792906],[-0.16193820163607597,51.49923259794275],[-0.1619382090947513,51.49923259794275],[-0.1619906723499298,51.49915985972771],[-0.16200299374759197,51.49916439934708],[-0.16194725409150124,51.499245851521806],[-0.16193811781704426,51.49925576561384],[-0.16196519136428833,51.49927324571826],[-0.1619552168995142,51.499279246349545],[-0.16192822717130184,51.499261922785706],[-0.16192646697163582,51.49924887792906]]]}},{"type":"Feature","properties":{"level_id":2,"building_id":"harrods","source_layer":"wall","geometry_tolerance_m":0.04},"geometry":{"type":"Polygon","coordinates":[[[-0.16195781528949738,51.4993136325607],[-0.16204004175961018,51.499366698938815],[-0.16203006729483604,51.49937264737852],[-0.16194784082472324,51.4993196331867],[-0.16195781528949738,51.4993136325607]]]}},{"type":"Feature","properties":{"level_id":2,"building_id":"harrods","source_layer":"wall","geometry_tolerance_m":0.04},"geometry":{"type":"Polygon","coordinates":[[[-0.16247975639998913,51.49922231858943],[-0.16250423155725002,51.49920760397808],[-0.16251294873654842,51.499213291541196],[-0.16249937005341053,51.49922143153853],[-0.16251668224381927,51.49923259794275],[-0.16251672059297562,51.49923259794275],[-0.16255276277661324,51.4992558699727],[-0.16259140335023403,51.49923259794275],[-0.16259141868681495,51.49923259794275],[-0.16259349882602692,51.49923134563588],[-0.16261889599263668,51.49924772998153],[-0.1626234222203493,51.49924496447136],[-0.16263306140899658,51.49925122600354],[-0.16261671669781208,51.499260983556155],[-0.16259048134088516,51.49924407742091],[-0.1625515054911375,51.49926750598323],[-0.16247975639998913,51.49922231858943]]]}},{"type":"Feature","properties":{"level_id":2,"building_id":"harrods","source_layer":"wall","geometry_tolerance_m":0.04},"geometry":{"type":"Polygon","coordinates":[[[-0.16232519410550594,51.49926943662143],[-0.1623532734811306,51.499252530489315],[-0.1623646728694439,51.49925988778833],[-0.16233659349381924,51.499276793917744],[-0.16232519410550594,51.49926943662143]]]}},{"type":"Feature","properties":{"level_id":2,"building_id":"harrods","source_layer":"wall","geometry_tolerance_m":0.04},"geometry":{"type":"Polygon","coordinates":[[[-0.16236190684139729,51.49929312606764],[-0.16239007003605366,51.499276272123694],[-0.1623979490250349,51.49928133352549],[-0.16236978583037853,51.49929818746753],[-0.16236190684139729,51.49929312606764]]]}},{"type":"Feature","properties":{"level_id":3,"building_id":"harrods","source_layer":"wall","geometry_tolerance_m":0.04},"geometry":{"type":"Polygon","coordinates":[[[-0.16257011331617832,51.499343479144784],[-0.16267530620098114,51.49928028993753],[-0.1626849453896284,51.49928649928549],[-0.16267639584839344,51.499291925941804],[-0.16269458457827568,51.49930377066062],[-0.1626396831125021,51.499335704424595],[-0.16265611164271832,51.49933596532125],[-0.16270196065306664,51.49930851898313],[-0.16270749270915985,51.499312328076684],[-0.1626685168594122,51.499335547886574],[-0.16267161816358566,51.49934212248229],[-0.16271411441266537,51.4993168676809],[-0.16271964646875858,51.49932067677372],[-0.16267798840999603,51.49934514888318],[-0.16268905252218246,51.499347653490645],[-0.16272651962935925,51.49932532073581],[-0.16273288987576962,51.49932980815936],[-0.16268720850348473,51.49935673269158],[-0.16268628649413586,51.499366855476694],[-0.1627496536821127,51.4993291820073],[-0.16278971917927265,51.499355376029456],[-0.16268452629446983,51.499418617311875],[-0.16257011331617832,51.499343479144784]]]}},{"type":"Feature","properties":{"level_id":3,"building_id":"harrods","source_layer":"wall","geometry_tolerance_m":0.04},"geometry":{"type":"Polygon","coordinates":[[[-0.16262308694422245,51.49966965094265],[-0.16246860846877098,51.499569989034825],[-0.16248042695224285,51.49956289268124],[-0.1626348216086626,51.49966255460461],[-0.16262308694422245,51.49966965094265]]]}},{"type":"Feature","properties":{"level_id":3,"building_id":"harrods","source_layer":"wall","geometry_tolerance_m":0.04},"geometry":{"type":"Polygon","coordinates":[[[-0.1626848615705967,51.49944011515353],[-0.16269450075924397,51.49944632447972],[-0.1626944962443106,51.49944632447972],[-0.16283934004604816,51.4995396729872],[-0.16282844357192516,51.49954624755344],[-0.1626740489155054,51.49944663755497],[-0.16267456792291435,51.49944632447972],[-0.1626745518296957,51.49944632447972],[-0.1626848615705967,51.49944011515353]]]}},{"type":"Feature","properties":{"level_id":3,"building_id":"harrods","source_layer":"wall","geometry_tolerance_m":0.04},"geometry":{"type":"Polygon","coordinates":[[[-0.16260305419564247,51.49939894573427],[-0.16261227428913116,51.499393362552865],[-0.16266734339296818,51.49942889662091],[-0.16265812329947948,51.49943447979797],[-0.16260305419564247,51.49939894573427]]]}},{"type":"Feature","properties":{"level_id":3,"building_id":"harrods","source_layer":"wall","geometry_tolerance_m":0.04},"geometry":{"type":"Polygon","coordinates":[[[-0.16302726231515408,51.499672572963874],[-0.16286197118461132,51.499565919067464],[-0.1627785712480545,51.49961601094813],[-0.16276893205940723,51.49960980164508],[-0.16286322847008705,51.499553187372356],[-0.16290086321532726,51.499577450640714],[-0.16297370195388794,51.499533620211054],[-0.16298417933285236,51.49954040349459],[-0.1629113405942917,51.499584233917716],[-0.16303815878927708,51.49966599841585],[-0.16302726231515408,51.499672572963874]]]}},{"type":"Feature","properties":{"level_id":3,"building_id":"harrods","source_layer":"wall","geometry_tolerance_m":0.04},"geometry":{"type":"Polygon","coordinates":[[[-0.16277496702969074,51.49931478050661],[-0.16284126788377762,51.49927507199743],[-0.1627893839031458,51.499241155372175],[-0.16272224485874176,51.499280811731495],[-0.16269944608211517,51.49926578406257],[-0.16275468282401562,51.49923259794275],[-0.16275471069095532,51.49923259794275],[-0.16277287155389786,51.49922169243584],[-0.16275099478662014,51.499207551798605],[-0.16276189126074314,51.49920102936295],[-0.1627714466303587,51.49920723872171],[-0.16283037140965462,51.49917186101939],[-0.1627769786864519,51.499137422521756],[-0.1627181377261877,51.49917285243032],[-0.16274437308311462,51.499189758591996],[-0.16273347660899162,51.49919628102924],[-0.1626337319612503,51.499131995846994],[-0.1626446284353733,51.49912542122098],[-0.16270757652819157,51.49916606909204],[-0.1627665013074875,51.49913063917822],[-0.16271403059363365,51.4990968268047],[-0.16267413273453712,51.499120777238545],[-0.1626636553555727,51.499113993892536],[-0.1627143658697605,51.49908352100272],[-0.16275904141366482,51.499112271966084],[-0.16280882991850376,51.49908232087134],[-0.1628193911164999,51.499089104222065],[-0.1627714466303587,51.49911962928775],[-0.16284126788377762,51.49916528639915],[-0.16289114020764828,51.49913533533922],[-0.16297336667776108,51.499188401924926],[-0.162899742501496,51.49923259794275],[-0.16289977356791496,51.49923259794275],[-0.1628536731004715,51.49926025304427],[-0.16289482824504375,51.499286812361845],[-0.16284596174955368,51.4993161371699],[-0.16285032033920288,51.499318954855084],[-0.1628145296126604,51.49934045274378],[-0.16277496702969074,51.49931478050661]]]}},{"type":"Feature","properties":{"level_id":3,"building_id":"harrods","source_layer":"wall","geometry_tolerance_m":0.04},"geometry":{"type":"Polygon","coordinates":[[[-0.1624235138297081,51.49941522566118],[-0.16229753382503986,51.49933403468586],[-0.16230658628046513,51.499328555855186],[-0.16244572587311268,51.49941825205718],[-0.1625541877001524,51.49935302796041],[-0.16259551048278809,51.49938052645098],[-0.16242804005742073,51.49948206722314],[-0.16241001896560192,51.49947267497211],[-0.1624163892120123,51.49946813538344],[-0.16240842640399933,51.49946323053999],[-0.16241395846009254,51.49945989107175],[-0.16241563484072685,51.49946067375964],[-0.16243618994472098,51.49944632447972],[-0.16243617050349712,51.49944632447972],[-0.16244463622570038,51.49944042822884],[-0.1624219212681055,51.4994286357248],[-0.16239811666309834,51.49944632447972],[-0.16239809439805758,51.49944632447972],[-0.16239493153989315,51.49944867254402],[-0.16240130178630352,51.499452585984244],[-0.16239610500633717,51.49945571673618],[-0.16238126903772354,51.499446220121314],[-0.1624235138297081,51.49941522566118]]]}},{"type":"Feature","properties":{"level_id":3,"building_id":"harrods","source_layer":"wall","geometry_tolerance_m":0.04},"geometry":{"type":"Polygon","coordinates":[[[-0.16219175420701504,51.499425818046404],[-0.16222268342971802,51.49944632447972],[-0.16222267461015658,51.49944632447972],[-0.1623059157282114,51.49950153004832],[-0.16234329901635647,51.49947622315608],[-0.16237548552453518,51.49949662520845],[-0.16241001896560192,51.49947267497211],[-0.162415886297822,51.49947575354352],[-0.16239509917795658,51.49949057242662],[-0.16238294541835785,51.49949996467396],[-0.16246316023170948,51.49955162199976],[-0.16245226375758648,51.49955814438522],[-0.1623804308474064,51.49950878294888],[-0.16234321519732475,51.49953675095742],[-0.16232091933488846,51.49952224516406],[-0.1623386051505804,51.4995112353682],[-0.1623417902737856,51.49951321817525],[-0.16236534342169762,51.499496468671],[-0.16234413720667362,51.4994851457939],[-0.1623205840587616,51.49950147786916],[-0.1623238530009985,51.499503512855796],[-0.162318404763937,51.49950680014163],[-0.1623146329075098,51.49950429554289],[-0.16230340115725994,51.49951097447254],[-0.16222000122070312,51.49945669464079],[-0.16222000122070312,51.49945670814091],[-0.1621817797422409,51.4994318186576],[-0.16219175420701504,51.499425818046404]]]}},{"type":"Feature","properties":{"level_id":3,"building_id":"harrods","source_layer":"wall","geometry_tolerance_m":0.04},"geometry":{"type":"Polygon","coordinates":[[[-0.16244463622570038,51.49944042822884],[-0.16241563484072685,51.49946067375964],[-0.16241395846009254,51.49945989107175],[-0.16240842640399933,51.49946323053999],[-0.16239610500633717,51.49945571673618],[-0.16240130178630352,51.499452585984244],[-0.16239493153989315,51.49944867254402],[-0.1624219212681055,51.4994286357248],[-0.16244463622570038,51.49944042822884]]]}},{"type":"Feature","properties":{"level_id":3,"building_id":"harrods","source_layer":"wall","geometry_tolerance_m":0.04},"geometry":{"type":"Polygon","coordinates":[[[-0.16315885819494724,51.499422113320776],[-0.16318350099027157,51.499407450953214],[-0.16319498419761658,51.49941486040646],[-0.16314259730279446,51.49944632447972],[-0.1631425865257273,51.49944632447972],[-0.16310974024236202,51.49946604821608],[-0.16323664225637913,51.499547865105285],[-0.163226667791605,51.49955386570045],[-0.16322574578225613,51.49955329173051],[-0.16322482377290726,51.49955381352137],[-0.16309800557792187,51.499471996642825],[-0.16301552765071392,51.49952156683548],[-0.1630050502717495,51.49951483572829],[-0.1631014421582222,51.49945686467851],[-0.16309515573084354,51.49945269034265],[-0.1631063284970914,51.49944632447972],[-0.1631063036620617,51.49944632447972],[-0.16310999169945717,51.499444237311366],[-0.163087360560894,51.49942910533784],[-0.16305861063301563,51.499446689734185],[-0.16305584460496902,51.49945023792017],[-0.16306204721331596,51.49945462097304],[-0.1630503125488758,51.499461456447506],[-0.16303363256156445,51.499450759712175],[-0.16312206164002419,51.4993987370172],[-0.16315885819494724,51.499422113320776]]]}},{"type":"Feature","properties":{"level_id":3,"building_id":"harrods","source_layer":"wall","geometry_tolerance_m":0.04},"geometry":{"type":"Polygon","coordinates":[[[-0.16211623325943947,51.499214700387],[-0.16222603619098663,51.49909145230478],[-0.16224187798798084,51.49910167950799],[-0.16222218051552773,51.499113211198704],[-0.16221974976360798,51.499111645810984],[-0.16219737008213997,51.49912500378437],[-0.1622171513736248,51.499137839958195],[-0.16223927959799767,51.49912401237242],[-0.16223760321736336,51.499122916601294],[-0.16224129125475883,51.49912051634061],[-0.16225227154791355,51.49912761276309],[-0.16224849969148636,51.49912996084382],[-0.16224699094891548,51.49912896943195],[-0.1622246950864792,51.49914201432293],[-0.16224464401602745,51.49915464177383],[-0.16226626932621002,51.49914164906602],[-0.16226442530751228,51.499140396756644],[-0.16226844862103462,51.49913820521513],[-0.16227959655225277,51.4991454581735],[-0.16227624379098415,51.499147597535085],[-0.1622737292200327,51.49914603214856],[-0.16225126571953297,51.499159233573266],[-0.16227087937295437,51.49917201755795],[-0.16229359433054924,51.49915850305976],[-0.16229191794991493,51.4991573551099],[-0.1622950192540884,51.49915547664648],[-0.16229736618697643,51.499156989853134],[-0.162307508289814,51.49915088484664],[-0.1623216737061739,51.49915975536862],[-0.16222000122070312,51.499222108335],[-0.16222000122070312,51.49922210987157],[-0.16220289832575158,51.49923259794275],[-0.16220290213823318,51.49923259794275],[-0.1621806900948286,51.49924621677789],[-0.1622830331325531,51.499312223717965],[-0.16227305866777897,51.49931822434414],[-0.16222000122070312,51.499284495960765],[-0.16222000122070312,51.49928451646858],[-0.16211874783039093,51.49922012705187],[-0.16211623325943947,51.499214700387]]]}},{"type":"Feature","properties":{"level_id":3,"building_id":"harrods","source_layer":"wall","geometry_tolerance_m":0.04},"geometry":{"type":"Polygon","coordinates":[[[-0.163087360560894,51.49942910533784],[-0.16310999169945717,51.499444237311366],[-0.16309515573084354,51.49945269034265],[-0.1631014421582222,51.49945686467851],[-0.16309842467308044,51.49945874312954],[-0.1630829181522131,51.49946803102506],[-0.16306204721331596,51.49945462097304],[-0.16305584460496902,51.49945023792017],[-0.16305861063301563,51.499446689734185],[-0.16305920781243063,51.49944632447972],[-0.16305919736623764,51.49944632447972],[-0.163087360560894,51.49942910533784]]]}},{"type":"Feature","properties":{"level_id":3,"building_id":"harrods","source_layer":"wall","geometry_tolerance_m":0.04},"geometry":{"type":"Polygon","coordinates":[[[-0.16283062286674976,51.499791853885085],[-0.16266348771750927,51.499685200267805],[-0.1626135315746069,51.49971520314526],[-0.16260389238595963,51.499708993855705],[-0.16274990513920784,51.499621228849236],[-0.1627595443278551,51.499627438150696],[-0.16267530620098114,51.499678103932155],[-0.1628405973315239,51.49978585332127],[-0.16283062286674976,51.499791853885085]]]}},{"type":"Feature","properties":{"level_id":3,"building_id":"harrods","source_layer":"wall","geometry_tolerance_m":0.04},"geometry":{"type":"Polygon","coordinates":[[[-0.1628569420427084,51.49933680019058],[-0.16286867670714855,51.49933079956688],[-0.16302617266774178,51.49943234044983],[-0.16301527619361877,51.49943891503159],[-0.1628569420427084,51.49933680019058]]]}},{"type":"Feature","properties":{"level_id":4,"building_id":"harrods","source_layer":"wall","geometry_tolerance_m":0.04},"geometry":{"type":"Polygon","coordinates":[[[-0.16311200335621834,51.499356837050186],[-0.1631237380206585,51.49934974066343],[-0.16313421539962292,51.49935652397434],[-0.16312248073518276,51.49936362036004],[-0.16311200335621834,51.499356837050186]]]}},{"type":"Feature","properties":{"level_id":4,"building_id":"harrods","source_layer":"wall","geometry_tolerance_m":0.04},"geometry":{"type":"Polygon","coordinates":[[[-0.1627463847398758,51.499588512599615],[-0.16273590736091137,51.49958172932324],[-0.16280212439596653,51.49954196886759],[-0.16274470835924149,51.49950497387172],[-0.1627556886523962,51.49949845147867],[-0.16281293705105782,51.49953539430069],[-0.16284814104437828,51.499514313937],[-0.16285878606140614,51.49952099286514],[-0.1627463847398758,51.499588512599615]]]}},{"type":"Feature","properties":{"level_id":4,"building_id":"harrods","source_layer":"wall","geometry_tolerance_m":0.04},"geometry":{"type":"Polygon","coordinates":[[[-0.16218638978898525,51.49907809432153],[-0.16218672506511211,51.49907819868079],[-0.16219728626310825,51.4990810163807],[-0.16222829930484295,51.49910136643038],[-0.16222000122070312,51.49910625547252],[-0.16222000122070312,51.4991062713128],[-0.16221891157329082,51.499106897467954],[-0.1622247789055109,51.49911075875795],[-0.1622204203158617,51.49911331555788],[-0.16221891157329082,51.499112271966084],[-0.1621969509869814,51.49912557775971],[-0.1622159779071808,51.499138153035574],[-0.16223810613155365,51.49912484724564],[-0.16223441809415817,51.49912239480551],[-0.16223869286477566,51.49911983800607],[-0.1622520200908184,51.4991285519954],[-0.1622475776821375,51.49913116097392],[-0.1622453983873129,51.49912969994597],[-0.1622236892580986,51.49914305791404],[-0.16224263235926628,51.49915552882601],[-0.16226476058363914,51.49914243175937],[-0.1622612401843071,51.499140031499735],[-0.16226568259298801,51.499137526880844],[-0.16227900981903076,51.499146188687234],[-0.16227465122938156,51.49914869330564],[-0.16227205283939838,51.499147023560056],[-0.1622503437101841,51.49916032934354],[-0.1622694544494152,51.49917290460985],[-0.16229141503572464,51.4991599640868],[-0.1622890681028366,51.49915818998252],[-0.1622934266924858,51.4991556331851],[-0.16229627653956413,51.49915751164852],[-0.1623070053756237,51.49915109356482],[-0.16231966204941273,51.499159442291415],[-0.1621780078858137,51.49924454703586],[-0.162275992333889,51.49930768411329],[-0.16226601786911488,51.49931368474006],[-0.1622264552861452,51.49933747852194],[-0.16222000122070312,51.499333247042316],[-0.16222000122070312,51.49933325199578],[-0.16207356937229633,51.49923724191382],[-0.16207683831453323,51.49923259794275],[-0.16207686150347705,51.49923259794275],[-0.16218638978898525,51.49907809432153]]]}},{"type":"Feature","properties":{"level_id":4,"building_id":"harrods","source_layer":"wall","geometry_tolerance_m":0.04},"geometry":{"type":"Polygon","coordinates":[[[-0.1629914715886116,51.49942926187552],[-0.1630131807178259,51.49941616488752],[-0.16293799504637718,51.49936769034548],[-0.1629479695111513,51.499361689725816],[-0.16302315518260002,51.4994102164535],[-0.1630938146263361,51.49936774252478],[-0.16310437582433224,51.49937447365372],[-0.1630236580967903,51.49942294818854],[-0.16300194896757603,51.499436045174605],[-0.1629914715886116,51.49942926187552]]]}},{"type":"Feature","properties":{"level_id":4,"building_id":"harrods","source_layer":"wall","geometry_tolerance_m":0.04},"geometry":{"type":"Polygon","coordinates":[[[-0.16242158599197865,51.49942879226245],[-0.16244396567344666,51.49944053258727],[-0.16241630539298058,51.49946109119318],[-0.16241555102169514,51.499460569401265],[-0.1624022237956524,51.4994704834466],[-0.16238302923738956,51.49946114337237],[-0.1623973622918129,51.49945081189139],[-0.16239400953054428,51.49944898561924],[-0.1623976436371502,51.49944632447972],[-0.16239761374890804,51.49944632447972],[-0.16242158599197865,51.49942879226245]]]}},{"type":"Feature","properties":{"level_id":4,"building_id":"harrods","source_layer":"wall","geometry_tolerance_m":0.04},"geometry":{"type":"Polygon","coordinates":[[[-0.16242175363004208,51.49941412989705],[-0.16229141503572464,51.4993300690561],[-0.16230138950049877,51.49932406843146],[-0.16241680830717087,51.49939852830016],[-0.16252342611551285,51.499334347761874],[-0.16255117021501064,51.49935219309134],[-0.16256106086075306,51.49935861114673],[-0.16255049966275692,51.49936487266331],[-0.16258352436125278,51.49938657924744],[-0.16257279552519321,51.49939304947725],[-0.16255544498562813,51.49938162221591],[-0.16241672448813915,51.49947752763538],[-0.1624022237956524,51.4994704834466],[-0.16241555102169514,51.499460569401265],[-0.16241630539298058,51.49946109119318],[-0.16243617305510263,51.49944632447972],[-0.16243617050349712,51.49944632447972],[-0.16244396567344666,51.49944053258727],[-0.16242158599197865,51.49942879226245],[-0.16239400953054428,51.49944898561924],[-0.1623973622918129,51.49945081189139],[-0.16238302923738956,51.49946114337237],[-0.16236886382102966,51.49945420353944],[-0.16237926272512296,51.49944632447972],[-0.16237925738096237,51.49944632447972],[-0.16242175363004208,51.49941412989705]]]}},{"type":"Feature","properties":{"level_id":4,"building_id":"harrods","source_layer":"wall","geometry_tolerance_m":0.04},"geometry":{"type":"Polygon","coordinates":[[[-0.16253432258963585,51.49971593364984],[-0.16250456683337688,51.49969673181084],[-0.16259701922535896,51.4996412134048],[-0.16254018992185593,51.499604531563676],[-0.16244773752987385,51.49966005001443],[-0.16243902035057545,51.499654414686034],[-0.1625313889235258,51.499598896228434],[-0.16247715801000595,51.49956388408364],[-0.1623847894370556,51.49961945476292],[-0.16237598843872547,51.4996138194295],[-0.16246844083070755,51.49955824874337],[-0.16243097372353077,51.499534089823015],[-0.1624409481883049,51.499528089225265],[-0.16262627206742764,51.499647631419464],[-0.16270958818495274,51.49959753957356],[-0.16272014938294888,51.499604270668556],[-0.16263741999864578,51.499653997254285],[-0.16253432258963585,51.49971593364984]]]}},{"type":"Feature","properties":{"level_id":4,"building_id":"harrods","source_layer":"wall","geometry_tolerance_m":0.04},"geometry":{"type":"Polygon","coordinates":[[[-0.16267103143036366,51.49940708569844],[-0.16267421655356884,51.49940515506606],[-0.16264982521533966,51.49938918821118],[-0.1626794971525669,51.49937165597197],[-0.1626625657081604,51.499371551613365],[-0.1626419462263584,51.499384022462806],[-0.16263666562736034,51.49938052645098],[-0.16265728510916233,51.49936810777987],[-0.16265787184238434,51.49935803717432],[-0.16262861900031567,51.49937525634306],[-0.1626234222203493,51.49937181250982],[-0.16265292651951313,51.49935422808463],[-0.1626364141702652,51.49935407154666],[-0.16261537559330463,51.49936654240091],[-0.16261009499430656,51.499363046387714],[-0.16263121739029884,51.499350679891165],[-0.16263138502836227,51.499340713640436],[-0.16260238364338875,51.499357984995015],[-0.16258394345641136,51.49934593157303],[-0.16258100979030132,51.499347705669976],[-0.16257044859230518,51.49934097453709],[-0.1626686006784439,51.49928206403703],[-0.16267916187644005,51.49928884735803],[-0.16266918741166592,51.49929484798727],[-0.16275987960398197,51.49935370629146],[-0.1627698540687561,51.499347705669976],[-0.16277949325740337,51.499353915008726],[-0.16268067061901093,51.499413295029115],[-0.16267103143036366,51.49940708569844]]]}},{"type":"Feature","properties":{"level_id":4,"building_id":"harrods","source_layer":"wall","geometry_tolerance_m":0.04},"geometry":{"type":"Polygon","coordinates":[[[-0.16222000122070312,51.499446220121314],[-0.16222000122070312,51.49944622772656],[-0.1623162254691124,51.49949412060917],[-0.16235101036727428,51.4994679788459],[-0.1623951829969883,51.499492033442976],[-0.16238738782703876,51.499497251358235],[-0.16241890378296375,51.499516453281274],[-0.16241068951785564,51.499521045044276],[-0.1623853761702776,51.4995046607969],[-0.16233894042670727,51.49953523776338],[-0.16231966204941273,51.4995228191344],[-0.1623320672661066,51.499515357519584],[-0.16233013942837715,51.499514000862206],[-0.16233609057962894,51.499510035248136],[-0.16234162263572216,51.49951342689178],[-0.16236551105976105,51.49949657302929],[-0.1623439695686102,51.49948540668973],[-0.16232050023972988,51.4995018953023],[-0.1623227633535862,51.49950330413918],[-0.16231865622103214,51.49950580873798],[-0.16231547109782696,51.49950398246804],[-0.16230298206210136,51.49951149626389],[-0.16220231540501118,51.49944642883813],[-0.16220248657227296,51.49944632447972],[-0.1622024830430746,51.49944632447972],[-0.16221044585108757,51.49944147181313],[-0.16222000122070312,51.499446220121314]]]}},{"type":"Feature","properties":{"level_id":4,"building_id":"harrods","source_layer":"wall","geometry_tolerance_m":0.04},"geometry":{"type":"Polygon","coordinates":[[[-0.16306841745972633,51.49969907986227],[-0.16284973360598087,51.49955804002707],[-0.16286063008010387,51.4995514654625],[-0.16307931393384933,51.49969250531802],[-0.1630693394690752,51.499698505894145],[-0.16306841745972633,51.49969907986227]]]}},{"type":"Feature","properties":{"level_id":4,"building_id":"harrods","source_layer":"wall","geometry_tolerance_m":0.04},"geometry":{"type":"Polygon","coordinates":[[[-0.1629724446684122,51.49943959336139],[-0.1629838440567255,51.499446898451],[-0.16287689097225666,51.49951008742724],[-0.16285819932818413,51.49952120158164],[-0.16284747049212456,51.49951478354916],[-0.16286641359329224,51.49950330413918],[-0.1629612423610742,51.49944632447972],[-0.16296121291816235,51.49944632447972],[-0.1629724446684122,51.49943959336139]]]}},{"type":"Feature","properties":{"level_id":4,"building_id":"harrods","source_layer":"wall","geometry_tolerance_m":0.04},"geometry":{"type":"Polygon","coordinates":[[[-0.1631025318056345,51.499406094292624],[-0.163151565939188,51.4994376627304],[-0.16310714185237885,51.499464378482116],[-0.16315684653818607,51.49949521637137],[-0.1631460338830948,51.49950184312317],[-0.16304821707308292,51.49943875849394],[-0.1631025318056345,51.499406094292624]]]}},{"type":"Feature","properties":{"level_id":4,"building_id":"harrods","source_layer":"wall","geometry_tolerance_m":0.04},"geometry":{"type":"Polygon","coordinates":[[[-0.162589643150568,51.49940421583946],[-0.1626009587198496,51.499397484714876],[-0.16264219768345356,51.49942440920711],[-0.1626521721482277,51.49941846077414],[-0.16266172751784325,51.4994247222825],[-0.16265183687210083,51.4994306185354],[-0.16267580911517143,51.49944632447972],[-0.16267579433416302,51.49944632447972],[-0.16273708082735538,51.49948650245213],[-0.16272610053420067,51.49949297266778],[-0.16265438222458398,51.49944632447972],[-0.1626543514430523,51.49944632447972],[-0.162589643150568,51.49940421583946]]]}},{"type":"Feature","properties":{"level_id":2,"building_id":"harrods","source_layer":"wall","geometry_tolerance_m":0.04},"geometry":{"type":"Polygon","coordinates":[[[-0.16239183023571968,51.499489737560054],[-0.16234321519732475,51.49946135208913],[-0.16236215829849243,51.499449924844924],[-0.1623738929629326,51.499456499424156],[-0.1623847894370556,51.49944982048652],[-0.1623930037021637,51.499454516614634],[-0.16240842640399933,51.499463387077554],[-0.16241580247879028,51.49946808320425],[-0.16239183023571968,51.499489737560054]]]}},{"type":"Feature","properties":{"level_id":0,"building_id":"harrods","source_layer":"wall","geometry_tolerance_m":0.04},"geometry":{"type":"Polygon","coordinates":[[[-0.1623924169689417,51.499488172185295],[-0.16236450523138046,51.49947241407622],[-0.16239509917795658,51.499450759712175],[-0.1624018047004938,51.49945467315223],[-0.16241462901234627,51.499461456447506],[-0.1624196581542492,51.49946411758617],[-0.16241027042269707,51.49947147485105],[-0.16242208890616894,51.499478101606286],[-0.16240851022303104,51.49948671116877],[-0.1624011341482401,51.499482328119],[-0.1623924169689417,51.499488172185295]]]}},{"type":"Feature","properties":{"level_id":3,"building_id":"harrods","source_layer":"wall","geometry_tolerance_m":0.04},"geometry":{"type":"Polygon","coordinates":[[[-0.16237548552453518,51.49949662520845],[-0.16234329901635647,51.49947622315608],[-0.16238126903772354,51.499446220121314],[-0.16239610500633717,51.49945571673618],[-0.16240842640399933,51.49946323053999],[-0.1624163892120123,51.49946813538344],[-0.16241001896560192,51.49947267497211],[-0.16237548552453518,51.49949662520845]]]}},{"type":"Feature","properties":{"level_id":2,"building_id":"harrods","source_layer":"wall","geometry_tolerance_m":0.04},"geometry":{"type":"Polygon","coordinates":[[[-0.16278251074254513,51.49921433513066],[-0.16293615102767944,51.49912202954846],[-0.1630051340907812,51.49916711268261],[-0.1628519967198372,51.49925915727641],[-0.16278251074254513,51.49921433513066]]]}},{"type":"Feature","properties":{"level_id":1,"building_id":"harrods","source_layer":"wall","geometry_tolerance_m":0.04},"geometry":{"type":"Polygon","coordinates":[[[-0.16293623484671116,51.49936544663561],[-0.16294713132083416,51.49935892422258],[-0.16303371638059616,51.49941475604794],[-0.163032878190279,51.4994152778404],[-0.16302281990647316,51.49942127845301],[-0.16293623484671116,51.49936544663561]]]}},{"type":"Feature","properties":{"level_id":1,"building_id":"harrods","source_layer":"wall","geometry_tolerance_m":0.04},"geometry":{"type":"Polygon","coordinates":[[[-0.16232946887612343,51.49927444584458],[-0.16241563484072685,51.49922273602513],[-0.1623701211065054,51.499193411156966],[-0.16238009557127953,51.49918741051437],[-0.16243516467511654,51.499222944742996],[-0.1623391080647707,51.49928065519333],[-0.16232946887612343,51.49927444584458]]]}},{"type":"Feature","properties":{"level_id":1,"building_id":"harrods","source_layer":"wall","geometry_tolerance_m":0.04},"geometry":{"type":"Polygon","coordinates":[[[-0.16239669173955917,51.499436619145996],[-0.1623974461108446,51.499437036579764],[-0.16239208169281483,51.49944074130411],[-0.16238730400800705,51.49943828888098],[-0.16237908974289894,51.49944381987768],[-0.16237263567745686,51.49943980207826],[-0.16242317855358124,51.4994064595474],[-0.16231161542236805,51.4993408179991],[-0.162242716178298,51.49938219618801],[-0.16223223879933357,51.49937546506021],[-0.1623337436467409,51.49931446743042],[-0.16234422102570534,51.49932119856726],[-0.16232251189649105,51.499334295582514],[-0.16244756989181042,51.49941496476495],[-0.16254144720733166,51.49935855896743],[-0.16254144720733166,51.49935694140882],[-0.1624175626784563,51.49927778532634],[-0.16237414442002773,51.49930324886691],[-0.1623636670410633,51.49929646554807],[-0.16245972365140915,51.499238755117744],[-0.16247020103037357,51.499245538445166],[-0.1624284591525793,51.49927058456845],[-0.1625536009669304,51.49935125386364],[-0.16267228871583939,51.49927992468176],[-0.16265133395791054,51.499266358036124],[-0.16266130842268467,51.49926035740313],[-0.1626919023692608,51.49928013339934],[-0.1625662576407194,51.49935673269158],[-0.16265720129013062,51.49941538219889],[-0.162784606218338,51.49933993095047],[-0.16279424540698528,51.4993461402903],[-0.16266558319330215,51.49942346998088],[-0.16273205168545246,51.499466309111966],[-0.16272115521132946,51.49947288368884],[-0.16258553601801395,51.499386109633946],[-0.16240130178630352,51.49949803404547],[-0.16241027042269707,51.49950492169262],[-0.16253449022769928,51.49958506878252],[-0.16252350993454456,51.49959164334223],[-0.1623880583792925,51.499504139005495],[-0.16235176473855972,51.49952594988153],[-0.16235092654824257,51.49952537591125],[-0.16233349218964577,51.49950215619805],[-0.16233667731285095,51.499499808136505],[-0.1623380184173584,51.499500538644554],[-0.16234086826443672,51.49949866019526],[-0.16234531067311764,51.49950142569003],[-0.16236836090683937,51.49948436310646],[-0.16234707087278366,51.499473301122265],[-0.16232360154390335,51.499489841918376],[-0.16232569701969624,51.49949109421814],[-0.16232351772487164,51.49949271177198],[-0.1623211707919836,51.49949417278833],[-0.16231815330684185,51.49949229433875],[-0.1623085979372263,51.499498086224634],[-0.1622283338262259,51.49944632447972],[-0.16222829930484295,51.49944632447972],[-0.16217331402003765,51.499410842604476],[-0.16219326294958591,51.49939884137572],[-0.16220374032855034,51.499405624679326],[-0.16219468787312508,51.49941105132146],[-0.16224942170083523,51.49944632447972],[-0.1622493844162961,51.49944632447972],[-0.16230667009949684,51.499483267343976],[-0.16235176473855972,51.499453525209844],[-0.1623930037021637,51.49947575354352],[-0.16241982579231262,51.49945493404823],[-0.16241295263171196,51.499451385862585],[-0.1624180655926466,51.4994476289599],[-0.16241890378296375,51.499448255110366],[-0.16244656406342983,51.49942816611173],[-0.1624241005629301,51.49941626924601],[-0.16239669173955917,51.499436619145996]]]}},{"type":"Feature","properties":{"level_id":1,"building_id":"harrods","source_layer":"wall","geometry_tolerance_m":0.04},"geometry":{"type":"Polygon","coordinates":[[[-0.16205621883273125,51.49923259794275],[-0.1619541272521019,51.499255922152116],[-0.16198120079934597,51.49927340225645],[-0.16197038814425468,51.49927992468176],[-0.16194566152989864,51.49926557534491],[-0.1619422249495983,51.49926312291231],[-0.1619372796267271,51.4992588963793],[-0.16193543560802937,51.49925644394639],[-0.16193476505577564,51.49925461766648],[-0.16193442977964878,51.49925106946526],[-0.16194742172956467,51.49923259794275],[-0.16194742798034145,51.49923259794275],[-0.1619791891425848,51.49918746269387],[-0.16198966652154922,51.499191532694994],[-0.1619546301662922,51.499243086011546],[-0.16195178031921387,51.49924538190689],[-0.16195773147046566,51.499245121009665],[-0.16211397014558315,51.49920708218326],[-0.16211707144975662,51.499204995003936],[-0.16220063902437687,51.49908503421176],[-0.16210793517529964,51.49902654081842],[-0.16206820495426655,51.499077676884525],[-0.16205722466111183,51.499075172262195],[-0.1621044985949993,51.49900968677588],[-0.16222989186644554,51.499090565251294],[-0.1622181572020054,51.49909771385805],[-0.16222000122070312,51.49909880962977],[-0.16222000122070312,51.499098822895725],[-0.1622280478477478,51.49910366233286],[-0.1622252818197012,51.49910538425962],[-0.1622187439352274,51.49910147078958],[-0.1621970348060131,51.49911477658634],[-0.16221622936427593,51.49912693442866],[-0.16222000122070312,51.49912463852735],[-0.16222000122070312,51.49912465777202],[-0.16223827376961708,51.49911362863543],[-0.1622350886464119,51.49911180234977],[-0.1622384414076805,51.49910997606406],[-0.16225168481469154,51.49911874223483],[-0.16224917024374008,51.49912035980188],[-0.1622460689395666,51.49911848133692],[-0.16222435981035233,51.49913168276959],[-0.1622438058257103,51.49914394496645],[-0.16226526349782944,51.49913058699863],[-0.1622628327459097,51.499129073791096],[-0.16226543113589287,51.4991274040448],[-0.16227909363806248,51.49913590931442],[-0.16227666288614273,51.4991375790604],[-0.16227305866777897,51.49913528315966],[-0.1622514333575964,51.49914864112611],[-0.16227096319198608,51.499160955497956],[-0.16229250468313694,51.49914764971467],[-0.16229032538831234,51.49914624086679],[-0.16229309141635895,51.49914472765977],[-0.16230876557528973,51.49915458959427],[-0.16231974586844444,51.49914848458744],[-0.16235117800533772,51.49916878242749],[-0.16234120354056358,51.49917478307253],[-0.16231941059231758,51.49916069460028],[-0.16219971311613554,51.49923259794275],[-0.162199717015028,51.49923259794275],[-0.1621806900948286,51.49924402524147],[-0.16227691434323788,51.49930606655289],[-0.16229962930083275,51.499292447735655],[-0.1623091846704483,51.499298657081965],[-0.16220767982304096,51.49935965473287],[-0.1621981244534254,51.49935344539492],[-0.16226693987846375,51.49931206717986],[-0.16222000122070312,51.49928179318477],[-0.16222000122070312,51.499281803140065],[-0.16214372590184212,51.49923259794275],[-0.16214373213567693,51.49923259794275],[-0.16212084330618382,51.49921783115525],[-0.16205621227139433,51.49923259794275],[-0.16205621883273125,51.49923259794275]]]}},{"type":"Feature","properties":{"level_id":1,"building_id":"harrods","source_layer":"wall","geometry_tolerance_m":0.04},"geometry":{"type":"Polygon","coordinates":[[[-0.1631896197795868,51.499414808227215],[-0.16313723288476467,51.49944632447972],[-0.16313719470982826,51.49944632447972],[-0.16310898587107658,51.49946328271915],[-0.16312734223902225,51.499475127393424],[-0.16311644576489925,51.49948164978983],[-0.16309808939695358,51.49946980511726],[-0.16302013769745827,51.499516661997774],[-0.1630192995071411,51.499516088027406],[-0.16301837749779224,51.49951660981867],[-0.16300790011882782,51.49950982653158],[-0.16300873830914497,51.4995093047402],[-0.1630866900086403,51.499462447852125],[-0.16306166235396952,51.49944632447972],[-0.1630616281181574,51.49944632447972],[-0.16304821707308292,51.4994376627304],[-0.16305911354720592,51.49943108814844],[-0.16308275051414967,51.49944632447972],[-0.16308271459420806,51.49944632447972],[-0.1630975864827633,51.49945592545296],[-0.1631782203912735,51.499407450953214],[-0.1631896197795868,51.499414808227215]]]}},{"type":"Feature","properties":{"level_id":1,"building_id":"harrods","source_layer":"wall","geometry_tolerance_m":0.04},"geometry":{"type":"Polygon","coordinates":[[[-0.16323714517056942,51.49955950104129],[-0.16314184293150902,51.49949803404547],[-0.16314092092216015,51.49949746007485],[-0.1631526555866003,51.49949145947227],[-0.16324804164469242,51.49955297865603],[-0.16323714517056942,51.49955950104129]]]}},{"type":"Feature","properties":{"level_id":1,"building_id":"harrods","source_layer":"wall","geometry_tolerance_m":0.04},"geometry":{"type":"Polygon","coordinates":[[[-0.16265778802335262,51.49913277854051],[-0.16271671280264854,51.499097400780386],[-0.16283825039863586,51.499175826662906],[-0.1629053894430399,51.49913549187792],[-0.16296833753585815,51.49917613974],[-0.16284235753118992,51.49925185215673],[-0.16265778802335262,51.49913277854051]]]}},{"type":"Feature","properties":{"level_id":1,"building_id":"harrods","source_layer":"wall","geometry_tolerance_m":0.04},"geometry":{"type":"Polygon","coordinates":[[[-0.16197382472455502,51.49931384127814],[-0.162123441696167,51.499410268632744],[-0.162112545222044,51.49941684321769],[-0.16196292825043201,51.49932041587698],[-0.16197382472455502,51.49931384127814]]]}},{"type":"Feature","properties":{"level_id":1,"building_id":"harrods","source_layer":"wall","geometry_tolerance_m":0.04},"geometry":{"type":"Polygon","coordinates":[[[-0.1623974461108446,51.499437036579764],[-0.16239669173955917,51.499436619145996],[-0.1624241005629301,51.49941626924601],[-0.16244656406342983,51.49942816611173],[-0.16242158599197865,51.49944632447972],[-0.16242156204314354,51.49944632447972],[-0.16241890378296375,51.499448255110366],[-0.1624180655926466,51.4994476289599],[-0.16241295263171196,51.499451385862585],[-0.16239208169281483,51.49944074130411],[-0.1623974461108446,51.499437036579764]]]}},{"type":"Feature","properties":{"level_id":1,"building_id":"harrods","source_layer":"wall","geometry_tolerance_m":0.04},"geometry":{"type":"Polygon","coordinates":[[[-0.1631358079612255,51.49974030118929],[-0.16294092871248722,51.49961809810864],[-0.16295509412884712,51.499610219077255],[-0.1631467044353485,51.499733726651044],[-0.1631358079612255,51.49974030118929]]]}},{"type":"Feature","properties":{"level_id":1,"building_id":"harrods","source_layer":"wall","geometry_tolerance_m":0.04},"geometry":{"type":"Polygon","coordinates":[[[-0.16264370642602444,51.499391744995506],[-0.16266918741166592,51.49937624774955],[-0.16266901977360249,51.4993674816283],[-0.16263658180832863,51.49938710104021],[-0.16263574361801147,51.49938657924744],[-0.16263071447610855,51.49938329195291],[-0.1626620627939701,51.49936414215307],[-0.16265016049146652,51.4993627854912],[-0.1626233384013176,51.49937875235531],[-0.1626173034310341,51.49937468237087],[-0.16264479607343674,51.49935814153292],[-0.162642952054739,51.4993505233532],[-0.16261051408946514,51.4993702993103],[-0.1626042276620865,51.499366333683724],[-0.16263716854155064,51.49934660990422],[-0.162622332572937,51.49934660990422],[-0.1625971868634224,51.49936195062236],[-0.16259442083537579,51.49936022870526],[-0.162620572373271,51.499344261834665],[-0.16264420934021473,51.499344992345215],[-0.16264747828245163,51.499358193712254],[-0.16265192069113255,51.49936095921555],[-0.16267161816358566,51.4993627854912],[-0.16267220489680767,51.49937796966603],[-0.1626467239111662,51.499393362552865],[-0.16264370642602444,51.499391744995506]]]}},{"type":"Feature","properties":{"level_id":1,"building_id":"harrods","source_layer":"wall","geometry_tolerance_m":0.04},"geometry":{"type":"Polygon","coordinates":[[[-0.16201011836528778,51.49929203030058],[-0.16201280057430267,51.49929380439963],[-0.162016823887825,51.49929557849862],[-0.1620233617722988,51.49929933541384],[-0.16204087994992733,51.49931185846242],[-0.16211765818297863,51.4993614288293],[-0.16213098540902138,51.49937113417903],[-0.1621365174651146,51.49937473455017],[-0.1621431391686201,51.49937786530745],[-0.16214657574892044,51.49937880453459],[-0.1621490903198719,51.49937916978959],[-0.16215160489082336,51.499379221968866],[-0.16215411946177483,51.49937885671389],[-0.1621566340327263,51.499378074024605],[-0.16215914860367775,51.499376873900985],[-0.16216878779232502,51.499383083235784],[-0.16214883886277676,51.499395032289414],[-0.16199922189116478,51.49929855272319],[-0.16201011836528778,51.49929203030058]]]}},{"type":"Feature","properties":{"level_id":1,"building_id":"harrods","source_layer":"wall","geometry_tolerance_m":0.04},"geometry":{"type":"Polygon","coordinates":[[[-0.16270271502435207,51.499343479144784],[-0.16268905252218246,51.49933951351585],[-0.16268259845674038,51.49933518263123],[-0.16267983242869377,51.49932438150756],[-0.16265535727143288,51.49932344227929],[-0.1626930758357048,51.499300118104486],[-0.16269609332084656,51.49930199656197],[-0.16266214661300182,51.49932245087166],[-0.16267689876258373,51.49932265958907],[-0.16270296648144722,51.49930669270529],[-0.16270900145173073,51.49931034526091],[-0.16268259845674038,51.49932620778469],[-0.1626842748373747,51.49933408686519],[-0.1627159584313631,51.49931498922405],[-0.16272258013486862,51.499318954855084],[-0.1626898068934679,51.49933815685327],[-0.16270036809146404,51.49934123543375],[-0.16272920183837414,51.49932349445865],[-0.16273565590381622,51.49932730355093],[-0.16270925290882587,51.49934300953086],[-0.1627088338136673,51.49935224527064],[-0.16274244524538517,51.49933179097431],[-0.16274495981633663,51.49933335635447],[-0.16270707361400127,51.499356367436405],[-0.16270271502435207,51.499343479144784]]]}},{"type":"Feature","properties":{"level_id":1,"building_id":"harrods","source_layer":"wall","geometry_tolerance_m":0.04},"geometry":{"type":"Polygon","coordinates":[[[-0.16260112635791302,51.49923541563311],[-0.16258561983704567,51.49923259794275],[-0.16258562978380664,51.49923259794275],[-0.16251646913588047,51.499220022692924],[-0.16251403838396072,51.499220179231315],[-0.16250012442469597,51.499227536535585],[-0.16248956322669983,51.49922080538494],[-0.16251211054623127,51.499209430259896],[-0.1626059040427208,51.49922649294638],[-0.16261009499430656,51.49922795397123],[-0.16263239085674286,51.499241781525484],[-0.16262241639196873,51.49924772998153],[-0.16260112635791302,51.49923541563311]]]}},{"type":"Feature","properties":{"level_id":1,"building_id":"harrods","source_layer":"wall","geometry_tolerance_m":0.04},"geometry":{"type":"Polygon","coordinates":[[[-0.1627813372761011,51.499612149700965],[-0.1627708598971367,51.49960541860713],[-0.1628514938056469,51.499556944266345],[-0.16273867338895798,51.49948415438979],[-0.16274956986308098,51.499477631993756],[-0.1629000250250101,51.49957468515055],[-0.16298250295221806,51.49952511501567],[-0.16299298033118248,51.49953184612133],[-0.16299381852149963,51.499532420091526],[-0.1629114244133234,51.4995819902185],[-0.16292978078126907,51.49959383486191],[-0.16291888430714607,51.49960035724135],[-0.1628634799271822,51.49956451023252],[-0.16286113299429417,51.499564405874395],[-0.1627813372761011,51.499612149700965]]]}},{"type":"Feature","properties":{"level_id":1,"building_id":"harrods","source_layer":"wall","geometry_tolerance_m":0.04},"geometry":{"type":"Polygon","coordinates":[[[-0.16293824650347233,51.49985900796713],[-0.1626555249094963,51.49967820829002],[-0.16262048855423927,51.49969923639901],[-0.16261001117527485,51.49969250531802],[-0.16264722682535648,51.49967017273218],[-0.1625449676066637,51.49960411413147],[-0.16254471614956856,51.499604061952425],[-0.16254203394055367,51.499602340044504],[-0.1625520084053278,51.499596339455735],[-0.16266482882201672,51.49966912915312],[-0.1627518329769373,51.49961684581234],[-0.16276239417493343,51.49962362908349],[-0.16267530620098114,51.49967591241651],[-0.16294914297759533,51.49985248562473],[-0.16293824650347233,51.49985900796713]]]}},{"type":"Feature","properties":{"level_id":1,"building_id":"harrods","source_layer":"wall","geometry_tolerance_m":0.04},"geometry":{"type":"Polygon","coordinates":[[[-0.16263574361801147,51.49938657924744],[-0.16266901977360249,51.4993674816283],[-0.16266918741166592,51.49937624774955],[-0.16264370642602444,51.499391744995506],[-0.16263574361801147,51.49938657924744]]]}},{"type":"Feature","properties":{"level_id":1,"building_id":"harrods","source_layer":"wall","geometry_tolerance_m":0.04},"geometry":{"type":"Polygon","coordinates":[[[-0.16285224817693233,51.49931128448944],[-0.16282056458294392,51.49933032995281],[-0.1627742126584053,51.499300483360116],[-0.16283833421766758,51.499261661888625],[-0.16278586350381374,51.49922784961231],[-0.16277803092782353,51.49923259794275],[-0.1627780683338642,51.49923259794275],[-0.16272182576358318,51.49926667111262],[-0.1626875437796116,51.4992445992153],[-0.16269751824438572,51.49923859857941],[-0.16271729953587055,51.49925138254184],[-0.16277287155389786,51.499219448718776],[-0.1626478135585785,51.499138779190304],[-0.16262308694422245,51.49915307638756],[-0.16261286102235317,51.49914686702141],[-0.1627170480787754,51.49908409497857],[-0.1628395076841116,51.49916309485883],[-0.16289575025439262,51.49912928250939],[-0.1629053894430399,51.49913549187792],[-0.16283825039863586,51.499175826662906],[-0.16271671280264854,51.499097400780386],[-0.16265778802335262,51.49913277854051],[-0.16281251262590193,51.49923259794275],[-0.16281251795589924,51.49923259794275],[-0.16284235753118992,51.49925185215673],[-0.1628743764013052,51.49923259794275],[-0.16287439515555854,51.49923259794275],[-0.16296833753585815,51.49917613974],[-0.16304444521665573,51.49922518845986],[-0.16303211635787615,51.49923259794275],[-0.16303212381899357,51.49923259794275],[-0.1629184652119875,51.499300900795106],[-0.162891810759902,51.4992864471061],[-0.16286222264170647,51.49930418809558],[-0.16292961314320564,51.49934760131134],[-0.16291871666908264,51.49935417590527],[-0.16285224817693233,51.49931128448944]]]}},{"type":"Feature","properties":{"level_id":1,"building_id":"harrods","source_layer":"wall","geometry_tolerance_m":0.04},"geometry":{"type":"Polygon","coordinates":[[[-0.1625971868634224,51.49936195062236],[-0.162622332572937,51.49934660990422],[-0.16263716854155064,51.49934660990422],[-0.1626042276620865,51.499366333683724],[-0.1625971868634224,51.49936195062236]]]}},{"type":"Feature","properties":{"level_id":1,"building_id":"harrods","source_layer":"wall","geometry_tolerance_m":0.04},"geometry":{"type":"Polygon","coordinates":[[[-0.1626233384013176,51.49937875235531],[-0.16265016049146652,51.4993627854912],[-0.1626620627939701,51.49936414215307],[-0.16263071447610855,51.49938329195291],[-0.1626233384013176,51.49937875235531]]]}},{"type":"Feature","properties":{"level_id":1,"building_id":"harrods","source_layer":"wall","geometry_tolerance_m":0.04},"geometry":{"type":"Polygon","coordinates":[[[-0.16261051408946514,51.4993702993103],[-0.162642952054739,51.4993505233532],[-0.16264479607343674,51.49935814153292],[-0.1626173034310341,51.49937468237087],[-0.16261051408946514,51.4993702993103]]]}},{"type":"Feature","properties":{"level_id":1,"building_id":"harrods","source_layer":"wall","geometry_tolerance_m":0.04},"geometry":{"type":"Polygon","coordinates":[[[-0.16237908974289894,51.49944381987768],[-0.16238730400800705,51.49943828888098],[-0.16239208169281483,51.49944074130411],[-0.16240306198596954,51.49944632447972],[-0.16240302870553083,51.49944632447972],[-0.16241295263171196,51.499451385862585],[-0.16241982579231262,51.49945493404823],[-0.1623930037021637,51.49947575354352],[-0.16235176473855972,51.499453525209844],[-0.16237263567745686,51.49943980207826],[-0.16237908974289894,51.49944381987768]]]}},{"type":"Feature","properties":{"level_id":5,"building_id":"harrods","source_layer":"wall","geometry_tolerance_m":0.04},"geometry":{"type":"Polygon","coordinates":[[[-0.16211514361202717,51.49924219896104],[-0.16210583969950676,51.499239850886084],[-0.16213299706578255,51.49919920308082],[-0.1622089371085167,51.49909171320283],[-0.16213995404541492,51.49904835192302],[-0.16214992851018906,51.499042351261295],[-0.16214556992053986,51.49903958573867],[-0.1622204203158617,51.499086964857696],[-0.16222729347646236,51.49911451568843],[-0.16222000122070312,51.49911955600554],[-0.16222000122070312,51.49911957710816],[-0.16220449469983578,51.499130273921224],[-0.16222000122070312,51.499140240218],[-0.16222000122070312,51.49914026388036],[-0.16222612001001835,51.49914420586424],[-0.16225126571953297,51.49912834327711],[-0.16225486993789673,51.49913043045993],[-0.1622602343559265,51.49913371777271],[-0.1622350886464119,51.49914994561482],[-0.16225394792854786,51.49916205126817],[-0.16227942891418934,51.49914561471218],[-0.16228839755058289,51.49915119792391],[-0.16226249746978283,51.499167530118854],[-0.16228093765676022,51.499179427049484],[-0.16230767592787743,51.49916314703836],[-0.16231379471719265,51.49916674742593],[-0.16225025989115238,51.49920624731155],[-0.16221974976360798,51.49920582987568],[-0.16219938173890114,51.49921850948837],[-0.1621759941217686,51.49923259794275],[-0.16217599622905254,51.49923259794275],[-0.16213718801736832,51.49925597433156],[-0.1621126290410757,51.499248617031924],[-0.16211514361202717,51.49924219896104]]]}},{"type":"Feature","properties":{"level_id":5,"building_id":"harrods","source_layer":"wall","geometry_tolerance_m":0.04},"geometry":{"type":"Polygon","coordinates":[[[-0.16229568980634212,51.499439854257474],[-0.1623325701802969,51.49941762590632],[-0.16221673227846622,51.499343166068826],[-0.16215302981436253,51.49930220527946],[-0.16211338341236115,51.49932485112171],[-0.16217675060033798,51.49936450740819],[-0.1621741522103548,51.49936607278721],[-0.16210583969950676,51.4993236509967],[-0.1621474977582693,51.49929923105509],[-0.1621245313435793,51.4992850904419],[-0.16212805174291134,51.499275541612064],[-0.16214456409215927,51.499279402887765],[-0.16222067177295685,51.49923259794275],[-0.1622207089474525,51.49923259794275],[-0.16223106533288956,51.4992262320491],[-0.16224958933889866,51.499225136280415],[-0.16225621104240417,51.49922044012865],[-0.1623450592160225,51.49916706050308],[-0.16235117800533772,51.499171026147025],[-0.16243365593254566,51.49912145557306],[-0.16244413331151009,51.49912823891796],[-0.16235075891017914,51.49918433192349],[-0.16234464012086391,51.49918036628071],[-0.16227666288614273,51.499221222820665],[-0.16234137117862701,51.49926296637406],[-0.16248528845608234,51.49917603538097],[-0.1624851208180189,51.49916909550461],[-0.16245863400399685,51.49914999779435],[-0.1624676864594221,51.49914457112112],[-0.16246860846877098,51.49914514509621],[-0.16246944665908813,51.49914462330065],[-0.162501884624362,51.49916544293771],[-0.16251026652753353,51.49918328833331],[-0.16253918409347534,51.49919022820751],[-0.16256365925073624,51.49920536026033],[-0.1625656709074974,51.49920666474739],[-0.16256491653621197,51.49920723872171],[-0.1625656709074974,51.499207760516526],[-0.16255661845207214,51.49921318718222],[-0.1625350769609213,51.49919925526032],[-0.16249241307377815,51.49918532333413],[-0.16235285438597202,51.49926917572438],[-0.1624753139913082,51.49934817528384],[-0.16262576915323734,51.49925774843197],[-0.16258109360933304,51.49922899756038],[-0.16259106807410717,51.49922299692244],[-0.1626059613440601,51.49923259794275],[-0.1626059878617525,51.49923259794275],[-0.16264529898762703,51.499257957149695],[-0.16233542002737522,51.49944632447972],[-0.16233539319377144,51.49944632447972],[-0.1622726395726204,51.49948446746478],[-0.16223542392253876,51.49946051722205],[-0.1622345857322216,51.49945206419224],[-0.1622395310550928,51.499449037798456],[-0.1622759085148573,51.49942712252712],[-0.16229568980634212,51.499439854257474]]]}},{"type":"Feature","properties":{"level_id":5,"building_id":"harrods","source_layer":"wall","geometry_tolerance_m":0.04},"geometry":{"type":"Polygon","coordinates":[[[-0.16247942112386227,51.499564197158094],[-0.1626773178577423,51.49944345462319],[-0.16281654126942158,51.4995332549573],[-0.1626189798116684,51.499653058032806],[-0.16247942112386227,51.499564197158094]]]}},{"type":"Feature","properties":{"level_id":5,"building_id":"harrods","source_layer":"wall","geometry_tolerance_m":0.04},"geometry":{"type":"Polygon","coordinates":[[[-0.1625640783458948,51.49932751226828],[-0.16266281716525555,51.49926928008321],[-0.16269072890281677,51.49928717761756],[-0.16268075443804264,51.49929432619345],[-0.16269315965473652,51.49930210092069],[-0.16262895427644253,51.499341078895725],[-0.16265074722468853,51.49934368786208],[-0.1627060677856207,51.49931024090219],[-0.1627322193235159,51.49932672957817],[-0.16267756931483746,51.49936043742247],[-0.1626810058951378,51.499373482247194],[-0.16274462454020977,51.499334452120536],[-0.16275820322334766,51.49934300953086],[-0.16276616603136063,51.4993382612119],[-0.16278577968478203,51.499350105918666],[-0.16268804669380188,51.499410268632744],[-0.1625640783458948,51.49932751226828]]]}},{"type":"Feature","properties":{"level_id":5,"building_id":"harrods","source_layer":"wall","geometry_tolerance_m":0.04},"geometry":{"type":"Polygon","coordinates":[[[-0.16215302981436253,51.49930220527946],[-0.16221673227846622,51.499343166068826],[-0.16217675060033798,51.49936450740819],[-0.16211338341236115,51.49932485112171],[-0.16215302981436253,51.49930220527946]]]}},{"type":"Feature","properties":{"level_id":5,"building_id":"harrods","source_layer":"wall","geometry_tolerance_m":0.04},"geometry":{"type":"Polygon","coordinates":[[[-0.1626773178577423,51.49944345462319],[-0.16282416880130768,51.49935521949155],[-0.16283649019896984,51.49936325510495],[-0.16280480660498142,51.49938230054656],[-0.16293254680931568,51.49946463937803],[-0.16296298448647933,51.49944632447972],[-0.16296297311782837,51.49944632447972],[-0.16296515241265297,51.49944501999951],[-0.1629757136106491,51.49945180329624],[-0.16297504305839539,51.49945216855065],[-0.16283607110381126,51.499535707375344],[-0.16301628202199936,51.49965191009545],[-0.16300546936690807,51.49965843246653],[-0.16282525844871998,51.49954222976305],[-0.16263850964605808,51.499654414686034],[-0.16281964257359505,51.49977119107069],[-0.16280874609947205,51.49977771342475],[-0.16266348771750927,51.49968405233122],[-0.16260548494756222,51.49971890784701],[-0.1625950075685978,51.499712176768924],[-0.16264588572084904,51.49968159992116],[-0.162394680082798,51.499523132209106],[-0.16240423545241356,51.49951676635604],[-0.16243524849414825,51.49953946427078],[-0.16243793070316315,51.49953805543501],[-0.16247942112386227,51.499564197158094],[-0.1626189798116684,51.499653058032806],[-0.16281654126942158,51.4995332549573],[-0.1626817671865909,51.49944632447972],[-0.16268176026642323,51.49944632447972],[-0.1626773178577423,51.49944345462319]]]}},{"type":"Feature","properties":{"level_id":5,"building_id":"harrods","source_layer":"wall","geometry_tolerance_m":0.04},"geometry":{"type":"Polygon","coordinates":[[[-0.16218261793255806,51.49942811393251],[-0.1621523592621088,51.49944632447972],[-0.16215235076913376,51.49944632447972],[-0.16212008893489838,51.499465735140944],[-0.16209997236728668,51.49945274252184],[-0.16205152496695518,51.4994818585065],[-0.16200299374759197,51.49951097447254],[-0.1619879063218832,51.49950215619805],[-0.16214976087212563,51.49940839017975],[-0.16218261793255806,51.49942811393251]]]}},{"type":"Feature","properties":{"level_id":5,"building_id":"harrods","source_layer":"wall","geometry_tolerance_m":0.04},"geometry":{"type":"Polygon","coordinates":[[[-0.16233986243605614,51.49954061221098],[-0.16232972033321857,51.49953367239013],[-0.16233894042670727,51.49952668038915],[-0.1623244397342205,51.4995172881473],[-0.16233131289482117,51.49951316599612],[-0.16233516857028008,51.499515357519584],[-0.1623587217181921,51.49949959941992],[-0.16232837922871113,51.49948331952314],[-0.1623065024614334,51.49949881673271],[-0.16231312416493893,51.49950231273547],[-0.162306921556592,51.499506017454536],[-0.16228856518864632,51.49949417278833],[-0.1623309776186943,51.49946865717524],[-0.16237900592386723,51.499498973270136],[-0.1623336598277092,51.499533046240856],[-0.16234246082603931,51.49953873376333],[-0.16233986243605614,51.49954061221098]]]}},{"type":"Feature","properties":{"level_id":5,"building_id":"harrods","source_layer":"wall","geometry_tolerance_m":0.04},"geometry":{"type":"Polygon","coordinates":[[[-0.16241504810750484,51.49942587022559],[-0.16243885271251202,51.49943792362646],[-0.16241513192653656,51.49945608199056],[-0.1623875554651022,51.499443089368725],[-0.16241504810750484,51.49942587022559]]]}},{"type":"Feature","properties":{"level_id":6,"building_id":"harrods","source_layer":"wall","geometry_tolerance_m":0.04},"geometry":{"type":"Polygon","coordinates":[[[-0.16210944391787052,51.499373795322924],[-0.16209284774959087,51.49936341164283],[-0.16213735565543175,51.49933586096259],[-0.16219183802604675,51.49936878611072],[-0.16217557713389397,51.49937927414817],[-0.16213785856962204,51.499356158719166],[-0.16210944391787052,51.499373795322924]]]}},{"type":"Feature","properties":{"level_id":6,"building_id":"harrods","source_layer":"wall","geometry_tolerance_m":0.04},"geometry":{"type":"Polygon","coordinates":[[[-0.16207675449550152,51.499240424860005],[-0.16210030764341354,51.49926870610969],[-0.16222000122070312,51.49934546195911],[-0.16222000122070312,51.49934548630421],[-0.1622682809829712,51.499376456466706],[-0.16226484440267086,51.49938543130335],[-0.16222000122070312,51.499412969637554],[-0.16222000122070312,51.49941298195364],[-0.16209913417696953,51.499487180781244],[-0.1621148083359003,51.4994968861042],[-0.1620984636247158,51.49950711321645],[-0.1620968710631132,51.49950622617112],[-0.16209125518798828,51.49950977435245],[-0.16207474283874035,51.49949923416588],[-0.16208228655159473,51.49949469457985],[-0.16205898486077785,51.499480032235596],[-0.16222000122070312,51.49937833492103],[-0.16222000122070312,51.49937835071867],[-0.16222176142036915,51.49937723915602],[-0.1620390359312296,51.49925941817352],[-0.16205621883273125,51.49923332845509],[-0.16207675449550152,51.499240424860005]]]}},{"type":"Feature","properties":{"level_id":6,"building_id":"harrods","source_layer":"wall","geometry_tolerance_m":0.04},"geometry":{"type":"Polygon","coordinates":[[[-0.16187667846679688,51.4992532550515],[-0.16184206120669842,51.49924402524147],[-0.1618496049195528,51.49923259794275],[-0.16184961970960118,51.49923259794275],[-0.16186201013624668,51.4992138655154],[-0.16187215223908424,51.49919847256794],[-0.1619182527065277,51.49912865635454],[-0.16196577809751034,51.49914065765441],[-0.16195991076529026,51.499149058562494],[-0.1619601622223854,51.49915046741026],[-0.16207155771553516,51.499179479228985],[-0.1620450709015131,51.499218405129426],[-0.16206066124141216,51.49922257948674],[-0.16205652074397117,51.49923259794275],[-0.1620565541088581,51.49923259794275],[-0.16205621883273125,51.49923332845509],[-0.1620390359312296,51.49925941817352],[-0.162015650421381,51.499290308380864],[-0.16187667846679688,51.49925326100134],[-0.16187667846679688,51.4992532550515]]]}},{"type":"Feature","properties":{"level_id":6,"building_id":"harrods","source_layer":"wall","geometry_tolerance_m":0.04},"geometry":{"type":"Polygon","coordinates":[[[-0.16209552995860577,51.49934577503507],[-0.16208723187446594,51.49934055710244],[-0.16208874061703682,51.49933956569518],[-0.16207491047680378,51.49933085174621],[-0.16207960434257984,51.49932792970307],[-0.16205965541303158,51.49931509358274],[-0.1620853040367365,51.499299074516955],[-0.16213785856962204,51.499332208409044],[-0.16210734844207764,51.49935130604294],[-0.16209703870117664,51.49934483580722],[-0.16209552995860577,51.49934577503507]]]}},{"type":"Feature","properties":{"level_id":6,"building_id":"harrods","source_layer":"wall","geometry_tolerance_m":0.04},"geometry":{"type":"Polygon","coordinates":[[[-0.16201489605009556,51.499512748563035],[-0.16201598569750786,51.499507791545255],[-0.1620369404554367,51.4994949554756],[-0.1620630081743002,51.49949959941992],[-0.1620684564113617,51.49950304324349],[-0.16207474283874035,51.49949923416588],[-0.16209125518798828,51.49950977435245],[-0.16206703148782253,51.499524593224464],[-0.16206828877329826,51.49952537591125],[-0.16205512918531895,51.49953341149464],[-0.1620466634631157,51.49953341149464],[-0.16201489605009556,51.499512748563035]]]}},{"type":"Feature","properties":{"level_id":6,"building_id":"harrods","source_layer":"wall","geometry_tolerance_m":0.04},"geometry":{"type":"Polygon","coordinates":[[[-0.16202696599066257,51.49933393032717],[-0.16205714084208012,51.499352871422445],[-0.16196569427847862,51.499409799019475],[-0.1619356032460928,51.499391484099135],[-0.16202696599066257,51.49933393032717]]]}},{"type":"Feature","properties":{"level_id":6,"building_id":"harrods","source_layer":"wall","geometry_tolerance_m":0.04},"geometry":{"type":"Polygon","coordinates":[[[-0.1618610881268978,51.499195811413784],[-0.16187215223908424,51.49919847256794],[-0.16186201013624668,51.4992138655154],[-0.16185077838599682,51.49921099564423],[-0.16181507147848606,51.499263592527086],[-0.161766204982996,51.49929469144911],[-0.16186410561203957,51.49935521949155],[-0.1618429832160473,51.49936836867636],[-0.1618468388915062,51.49937076892397],[-0.1618735771626234,51.49935386282942],[-0.16187667846679688,51.499355743892906],[-0.16187667846679688,51.49935574128469],[-0.1619356032460928,51.499391484099135],[-0.16196569427847862,51.499409799019475],[-0.16197038814425468,51.49941272105741],[-0.16198497265577316,51.49942148716997],[-0.1620014850050211,51.49943155776148],[-0.16193937510252,51.49947110959678],[-0.16187667846679688,51.49943228827061],[-0.16187667846679688,51.49943227397372],[-0.16187206842005253,51.4994294184132],[-0.16187667846679688,51.499426498426786],[-0.16187667846679688,51.49942649637637],[-0.16189126297831535,51.4994172606516],[-0.16188740730285645,51.49941470386872],[-0.16187667846679688,51.49942138281148],[-0.16187667846679688,51.49942138281108],[-0.16186787746846676,51.49942686163098],[-0.16181247308850288,51.499392527684535],[-0.16183175146579742,51.49938031773385],[-0.1618278119713068,51.499377760948875],[-0.1618081983178854,51.49938991872102],[-0.1616818830370903,51.4993117541037],[-0.16168171539902687,51.49931102359261],[-0.16174457967281342,51.49927183687427],[-0.16175363212823868,51.499277524429374],[-0.1617952063679695,51.49925200869501],[-0.16179361380636692,51.499251121644676],[-0.16175472177565098,51.49927512417682],[-0.1617466751486063,51.49927058456845],[-0.16171247698366642,51.499248512673034],[-0.16183091327548027,51.49907125878957],[-0.16192948445677757,51.49909505269798],[-0.16187667846679688,51.49917285243032],[-0.16187667846679688,51.499172844353566],[-0.1618610881268978,51.499195811413784]]]}},{"type":"Feature","properties":{"level_id":6,"building_id":"harrods","source_layer":"wall","geometry_tolerance_m":0.04},"geometry":{"type":"Polygon","coordinates":[[[-0.1620075199753046,51.49942780085712],[-0.16199100762605667,51.49941757372707],[-0.16198497265577316,51.49942148716997],[-0.16197038814425468,51.49941272105741],[-0.16207382082939148,51.499347966566575],[-0.1620864775031805,51.49934013966782],[-0.16208723187446594,51.49934055710244],[-0.16209552995860577,51.49934577503507],[-0.16210583969950676,51.49935224527064],[-0.16209050081670284,51.49936189844303],[-0.16209284774959087,51.49936341164283],[-0.16210944391787052,51.499373795322924],[-0.16201715916395187,51.499431035969224],[-0.1620096992701292,51.49942639201791],[-0.1620075199753046,51.49942780085712]]]}},{"type":"Feature","properties":{"level_id":6,"building_id":"harrods","source_layer":"wall","geometry_tolerance_m":0.04},"geometry":{"type":"Polygon","coordinates":[[[-0.16205772757530212,51.49931629370798],[-0.1620760839432478,51.49932808624109],[-0.1620717253535986,51.49933085174621],[-0.1620864775031805,51.49934013966782],[-0.16207382082939148,51.499347966566575],[-0.16207155771553516,51.49934655772489],[-0.16206057742238045,51.499353393215586],[-0.1620292291045189,51.49933403468586],[-0.16205772757530212,51.49931629370798]]]}},{"type":"Feature","properties":{"level_id":-1,"building_id":"harrods","source_layer":"virtualobstacle","geometry_tolerance_m":0.06},"geometry":{"type":"Polygon","coordinates":[[[-0.16190450638532639,51.49915719857128],[-0.1618947833776474,51.49915432869656],[-0.16189436428248882,51.4991536503625],[-0.16194406896829605,51.49908409497857],[-0.16194515861570835,51.49908383408044],[-0.162004167214036,51.49910047937712],[-0.16200450249016285,51.49910115771195],[-0.16195069067180157,51.49917029563372],[-0.16194960102438927,51.49917055653131],[-0.16190450638532639,51.49915719857128]],[[-0.16200274229049683,51.49910120989159],[-0.16194524243474007,51.499084982032116],[-0.16189620830118656,51.49915359818297],[-0.16191691160202026,51.49915975536862],[-0.16194951720535755,51.49916940858179],[-0.16200274229049683,51.49910120989159]]]}},{"type":"Feature","properties":{"level_id":-1,"building_id":"harrods","source_layer":"virtualobstacle","geometry_tolerance_m":0.06},"geometry":{"type":"Polygon","coordinates":[[[-0.16317050904035568,51.49878573091948],[-0.1631313655525446,51.49876668522856],[-0.16311518847942352,51.498777173404534],[-0.1631151046603918,51.49877722558452],[-0.16310814768075943,51.49878082600259],[-0.16310705803334713,51.4987807738226],[-0.1630769670009613,51.49876131068967],[-0.16307705081999302,51.49876058016977],[-0.16308803111314774,51.49875457947016],[-0.16282232478260994,51.49863258246705],[-0.1627758890390396,51.498627312272646],[-0.16275862231850624,51.49862814715499],[-0.16275594010949135,51.498628303695426],[-0.16275501810014248,51.49862835587555],[-0.16274336725473404,51.49862887767699],[-0.16274252906441689,51.498628460235864],[-0.16273817047476768,51.49861311927083],[-0.1627388410270214,51.498612545289035],[-0.16275426372885704,51.49861144950563],[-0.1627545990049839,51.49861150168579],[-0.16277178190648556,51.4986155195582],[-0.16280950047075748,51.498616093539965],[-0.1628330536186695,51.498593082084284],[-0.1628341432660818,51.498592925543704],[-0.1628564391285181,51.49860273541745],[-0.16285669058561325,51.49860341375967],[-0.1628389209508896,51.49861969397074],[-0.16310756094753742,51.498743778208905],[-0.16311443410813808,51.498738508027344],[-0.16311552375555038,51.49873845584733],[-0.16318668611347675,51.49877169450693],[-0.16318685375154018,51.49877242502666],[-0.1631716825067997,51.49878562655957],[-0.16317050904035568,51.49878573091948]],[[-0.16317084431648254,51.4987846351402],[-0.16318509355187416,51.49877221630672],[-0.16311518847942352,51.49873949944771],[-0.16310831531882286,51.49874476962913],[-0.16310722567141056,51.49874487398915],[-0.162837328389287,51.49862021577232],[-0.16283716075122356,51.498619485250146],[-0.1628548465669155,51.49860325721917],[-0.16283397562801838,51.498594073507746],[-0.16281059011816978,51.49861682406217],[-0.16280991956591606,51.498617084962945],[-0.16277161426842213,51.49861656316139],[-0.16277136281132698,51.498616510981236],[-0.16275426372885704,51.49861249310888],[-0.1627399306744337,51.498613484531944],[-0.16274403780698776,51.498627834074085],[-0.16275585629045963,51.49862726009249],[-0.1627758890390396,51.498626320849894],[-0.16277605667710304,51.498626320849894],[-0.16282282769680023,51.49863164322451],[-0.1628231629729271,51.49863169540467],[-0.16308979131281376,51.49875416203017],[-0.16308979131281376,51.498754944730166],[-0.16307872720062733,51.49876094542972],[-0.16310764476656914,51.49877973022319],[-0.1631140150129795,51.49877644288492],[-0.16313069500029087,51.49876569380879],[-0.16313178464770317,51.49876564162881],[-0.16317084431648254,51.4987846351402]]]}},{"type":"Feature","properties":{"level_id":-1,"building_id":"harrods","source_layer":"virtualobstacle","geometry_tolerance_m":0.06},"geometry":{"type":"Polygon","coordinates":[[[-0.16234371811151505,51.49866879546954],[-0.16226685605943203,51.49864682764294],[-0.16226517967879772,51.4986491235683],[-0.16225319355726242,51.49866561248345],[-0.16225210390985012,51.49866582120387],[-0.16223223879933357,51.49865976831168],[-0.1622319035232067,51.49865908997029],[-0.16225595958530903,51.49862851241599],[-0.1622569654136896,51.498628303695426],[-0.16233768314123154,51.49864839304661],[-0.162351094186306,51.498629503838714],[-0.1623657625168562,51.49863164322451],[-0.1623652596026659,51.498632530286926],[-0.162351680919528,51.498630338721],[-0.1623381022363901,51.49864943664903],[-0.16225704923272133,51.49862939947843],[-0.16223366372287273,51.49865908997029],[-0.16225210390985012,51.49866472542172],[-0.16226308420300484,51.498649541009286],[-0.16226576641201973,51.49864594058084],[-0.16226685605943203,51.49864567968021],[-0.16234363429248333,51.498667647507375],[-0.16235335730016232,51.49865329797777],[-0.1623532734811306,51.49865324579764],[-0.16235419549047947,51.49865241091578],[-0.16235469840466976,51.498652515276035],[-0.16235520131886005,51.49865319361754],[-0.16234480775892735,51.49866853456905],[-0.16234371811151505,51.49866879546954]]]}},{"type":"Feature","properties":{"level_id":0,"building_id":"harrods","source_layer":"virtualobstacle","geometry_tolerance_m":0.06},"geometry":{"type":"Polygon","coordinates":[[[-0.162838501855731,51.49871502701305],[-0.1628378313034773,51.49871487047295],[-0.16283707693219185,51.498714557392645],[-0.16287554986774921,51.4986604988332],[-0.162805812433362,51.498629242937994],[-0.1627872046083212,51.49868314499426],[-0.16278645023703575,51.49868304063412],[-0.1627856120467186,51.49868293627395],[-0.16280447132885456,51.498628303695426],[-0.1628057286143303,51.49862799061452],[-0.16287756152451038,51.498659977032105],[-0.16287689097225666,51.49866112499447],[-0.16283866949379444,51.498714922652965],[-0.162838501855731,51.49871502701305]]]}},{"type":"Feature","properties":{"level_id":0,"building_id":"harrods","source_layer":"virtualobstacle","geometry_tolerance_m":0.06},"geometry":{"type":"Polygon","coordinates":[[[-0.1624894794076681,51.49905409168565],[-0.1623417902737856,51.498959281150206],[-0.1622890681028366,51.49894508825176],[-0.16222000122070312,51.49892645461557],[-0.16222000122070312,51.49892646006583],[-0.162167027592659,51.498912162797524],[-0.16216660849750042,51.49891148445988],[-0.16220944002270699,51.498850955828146],[-0.1622308138757944,51.49882074366204],[-0.1622492540627718,51.49879475805241],[-0.16226425766944885,51.49877357298618],[-0.16228605061769485,51.49874273460864],[-0.16230239532887936,51.498719618856796],[-0.1623189076781273,51.49869634655303],[-0.16232779249548912,51.49868377115527],[-0.1623363420367241,51.49867166537484],[-0.16234556213021278,51.49865867252939],[-0.16234824433922768,51.498654863381205],[-0.16234857961535454,51.49865460248063],[-0.16235142946243286,51.49865361105847],[-0.16235184855759144,51.498653558878374],[-0.16235369257628918,51.49865361105847],[-0.16235503368079662,51.49865361105847],[-0.16235528513789177,51.49865366323857],[-0.16247162595391273,51.49868361461503],[-0.1624742243438959,51.49868319717436],[-0.1624763198196888,51.498681944852365],[-0.16247715801000595,51.49868095343081],[-0.16247866675257683,51.49867902276765],[-0.16248201951384544,51.49867380475871],[-0.16248210333287716,51.49867375257858],[-0.1624840311706066,51.49867145665448],[-0.16248419880867004,51.49867135229428],[-0.1624867133796215,51.498669630351145],[-0.16248696483671665,51.49866952599092],[-0.16249031759798527,51.498668586749176],[-0.1624904852360487,51.49866853456905],[-0.16249341890215874,51.498668325848655],[-0.16251252964138985,51.49866702134619],[-0.16252552159130573,51.49866660390538],[-0.1625411119312048,51.49866613428446],[-0.16255158931016922,51.49866556030335],[-0.1625579595565796,51.498665403763056],[-0.16255821101367474,51.498665403763056],[-0.1625629048794508,51.49866613428446],[-0.16256332397460938,51.49866623864466],[-0.16256432980298996,51.4986668126258],[-0.16256424598395824,51.49866660390538],[-0.16256483271718025,51.498666029924266],[-0.16257916577160358,51.49866394272016],[-0.16259115189313889,51.49866279475788],[-0.1626070775091648,51.498661281534794],[-0.16263163648545742,51.49865893342994],[-0.16265032812952995,51.49865715930619],[-0.16268410719931126,51.49865392413918],[-0.1626914832741022,51.49865324579764],[-0.1626991108059883,51.498652515276035],[-0.1627061516046524,51.4986518369345],[-0.16270623542368412,51.4986518369345],[-0.16271637752652168,51.498651680394175],[-0.1627181377261877,51.49865162821405],[-0.16271889209747314,51.49865204565498],[-0.1627284474670887,51.498700990578726],[-0.1627268549054861,51.49870109493884],[-0.16271738335490227,51.49865267181636],[-0.16270631924271584,51.49865282835674],[-0.16269936226308346,51.49865350669822],[-0.16269173473119736,51.498654237219824],[-0.1626843586564064,51.4986549155613],[-0.1626505795866251,51.49865815072829],[-0.16263188794255257,51.49865992485201],[-0.16260724514722824,51.49866227295681],[-0.16259140335023403,51.49866378617983],[-0.16257950104773045,51.49866493414214],[-0.16256600618362427,51.4986668648059],[-0.16256650909781456,51.49866822148846],[-0.1625651679933071,51.49866874328944],[-0.16256357543170452,51.49866780404767],[-0.1625623181462288,51.49866707352629],[-0.1625579595565796,51.49866639518498],[-0.16255167312920094,51.49866660390538],[-0.16254127956926823,51.49866712570639],[-0.1625411957502365,51.49866712570639],[-0.16252552159130573,51.498667647507375],[-0.16251269727945328,51.49866806494816],[-0.16249358654022217,51.498669317270526],[-0.16249082051217556,51.49866952599092],[-0.1624878030270338,51.498670413052565],[-0.16248545609414577,51.498671978455434],[-0.16248352825641632,51.498674170019314],[-0.1624801754951477,51.49867938802825],[-0.1624801754951477,51.49867944020832],[-0.16247866675257683,51.49868142305155],[-0.1624785829335451,51.49868142305155],[-0.16247766092419624,51.498682518833306],[-0.1624774932861328,51.498682623193474],[-0.16247514635324478,51.49868403205565],[-0.16247481107711792,51.49868413641585],[-0.16247170977294445,51.498684606036534],[-0.16247120685875416,51.498684606036534],[-0.16235478222370148,51.49865460248063],[-0.16235201619565487,51.49865460248063],[-0.16234958544373512,51.49865538518236],[-0.16234707087278366,51.49865908997029],[-0.16233785077929497,51.49867208281563],[-0.16232930123806,51.49868418859592],[-0.16232033260166645,51.498696763993564],[-0.16230390407145023,51.49872003629713],[-0.16228755936026573,51.498743152048746],[-0.16226568259298801,51.498773990426],[-0.16225067898631096,51.498795175492035],[-0.1622323226183653,51.49882116110146],[-0.16222000122070312,51.49883857752645],[-0.16222000122070312,51.498838589192616],[-0.16221094876527786,51.49885137326726],[-0.16216845251619816,51.49891143228007],[-0.16227414831519127,51.49893997463283],[-0.16234254464507103,51.49895839409419],[-0.16234279610216618,51.49895849845373],[-0.16249006614089012,51.49905304809249],[-0.1625477336347103,51.49901840078627],[-0.1625378429889679,51.49901031293237],[-0.1625379268079996,51.49900968677588],[-0.16257681883871555,51.49898464050921],[-0.16258981078863144,51.49897629175064],[-0.16262308694422245,51.49895484586992],[-0.16264756210148335,51.49893913975626],[-0.16267161816358566,51.4989236423564],[-0.16270413994789124,51.49890318786768],[-0.16273288987576962,51.49888487274376],[-0.1627583708614111,51.49886869698716],[-0.1627807505428791,51.49885450406052],[-0.16280757263302803,51.49883749341461],[-0.16282852739095688,51.49882418753694],[-0.16285241581499577,51.498809055357555],[-0.1628683414310217,51.49879893244855],[-0.16290949657559395,51.498774825305645],[-0.16293036751449108,51.49876037144978],[-0.16290564090013504,51.49874242152853],[-0.1629054732620716,51.49874226498852],[-0.1629016175866127,51.4987352728661],[-0.16287295147776604,51.498754109850154],[-0.16287186183035374,51.498754109850154],[-0.16287236474454403,51.49875301407013],[-0.16290128231048584,51.498733968365514],[-0.162902707234025,51.49873412490561],[-0.1629069820046425,51.49874184754839],[-0.1629320438951254,51.49876005836984],[-0.1629320438951254,51.498760736709755],[-0.16291067004203796,51.49877555582532],[-0.16291058622300625,51.49877555582532],[-0.162869431078434,51.4987996629678],[-0.16285358928143978,51.4988097336967],[-0.1628297008574009,51.49882491805579],[-0.16280874609947205,51.49883817175339],[-0.16278192400932312,51.49885523457888],[-0.1627595443278551,51.4988694275053],[-0.16273406334221363,51.49888560326164],[-0.16270522959530354,51.49890386620547],[-0.16267279163002968,51.498924320693874],[-0.16264873556792736,51.498939818093476],[-0.16262426041066647,51.49895557638669],[-0.16259090043604374,51.49897702226704],[-0.16257799230515957,51.498985371025526],[-0.16253960318863392,51.49901005203384],[-0.16254941001534462,51.49901813988777],[-0.1625493261963129,51.499018818223846],[-0.1624905690550804,51.499054143865294],[-0.1624894794076681,51.49905409168565]]]}},{"type":"Feature","properties":{"level_id":0,"building_id":"harrods","source_layer":"virtualobstacle","geometry_tolerance_m":0.06},"geometry":{"type":"Polygon","coordinates":[[[-0.16280430369079113,51.499161372934225],[-0.16262845136225224,51.499047986665374],[-0.16257070004940033,51.49901073037],[-0.16257070004940033,51.49900999985414],[-0.16264588572084904,51.49896590797994],[-0.16264705918729305,51.498965960159694],[-0.16287739388644695,51.49911628979439],[-0.16287739388644695,51.499117020308574],[-0.16280539333820343,51.499161372934225],[-0.16280430369079113,51.499161372934225]],[[-0.16280489042401314,51.49916032934354],[-0.16287571750581264,51.499116655051466],[-0.16264647245407104,51.49896700375484],[-0.16257246024906635,51.49901041729177],[-0.16262090764939785,51.499041672925586],[-0.16280489042401314,51.49916032934354]]]}},{"type":"Feature","properties":{"level_id":0,"building_id":"harrods","source_layer":"virtualobstacle","geometry_tolerance_m":0.06},"geometry":{"type":"Polygon","coordinates":[[[-0.16216300427913666,51.49894263580197],[-0.162145234644413,51.49893846141896],[-0.16214481554925442,51.498937783081715],[-0.16215738840401173,51.49892040720829],[-0.1621583942323923,51.498920146309246],[-0.16219108365476131,51.49892807763973],[-0.1621915027499199,51.49892875597712],[-0.16217892989516258,51.49894587094846],[-0.162177924066782,51.49894613184739],[-0.16216300427913666,51.49894263580197]],[[-0.16218965873122215,51.49892880815693],[-0.16215856187045574,51.498921294265045],[-0.16214665956795216,51.498937678722115],[-0.16215587966144085,51.49893987027326],[-0.16217775642871857,51.49894503607197],[-0.16218965873122215,51.49892880815693]]]}},{"type":"Feature","properties":{"level_id":0,"building_id":"harrods","source_layer":"virtualobstacle","geometry_tolerance_m":0.06},"geometry":{"type":"Polygon","coordinates":[[[-0.16226744279265404,51.49875270099014],[-0.1622562948614359,51.498749831089924],[-0.16224564984440804,51.498747065549566],[-0.16224523074924946,51.498746439389464],[-0.16228286549448967,51.498691232906225],[-0.16228395514190197,51.498690972005875],[-0.16230549663305283,51.49869655527331],[-0.1623059157282114,51.498697233614166],[-0.16226853244006634,51.49875244009013],[-0.16226744279265404,51.49875270099014]],[[-0.16226735897362232,51.49875160521006],[-0.16230415552854538,51.498697285794236],[-0.16228403896093369,51.498692119967444],[-0.1622470747679472,51.49874633502944],[-0.1622497569769621,51.498747065549566],[-0.16226735897362232,51.49875160521006]]]}},{"type":"Feature","properties":{"level_id":0,"building_id":"harrods","source_layer":"virtualobstacle","geometry_tolerance_m":0.06},"geometry":{"type":"Polygon","coordinates":[[[-0.16301569528877735,51.49903395033357],[-0.16301452182233334,51.4990338981539],[-0.16289197839796543,51.49895484586992],[-0.16278276219964027,51.49888440312509],[-0.16278267838060856,51.49888372478702],[-0.162847638130188,51.49883744123474],[-0.162848811596632,51.49883738905481],[-0.16308643855154514,51.49899074553798],[-0.16308635473251343,51.49899147605419],[-0.16301569528877735,51.49903395033357]],[[-0.16301519237458706,51.499032854560284],[-0.16308467835187912,51.498991058616355],[-0.16284822486341,51.49883848483282],[-0.16278443858027458,51.49888403786616],[-0.16289306804537773,51.49895416753287],[-0.16289390623569489,51.49895468933062],[-0.16293673776090145,51.498982292421005],[-0.16301519237458706,51.499032854560284]]]}},{"type":"Feature","properties":{"level_id":0,"building_id":"harrods","source_layer":"virtualobstacle","geometry_tolerance_m":0.06},"geometry":{"type":"Polygon","coordinates":[[[-0.1630606222897768,51.498792253414535],[-0.16302483156323433,51.49878740067831],[-0.16302458010613918,51.498787348498354],[-0.1629690919071436,51.49876892896788],[-0.16296900808811188,51.49876887678789],[-0.16294319182634354,51.49875577961015],[-0.1629430241882801,51.49875572743014],[-0.1629305351525545,51.498746909009526],[-0.16291611827909946,51.498736733906696],[-0.16291595064103603,51.49873657736666],[-0.16291335225105286,51.49873229860475],[-0.1629098318517208,51.49872629790144],[-0.16291058622300625,51.498725619561014],[-0.16293657012283802,51.49872567174103],[-0.16293413937091827,51.49871387905205],[-0.16293413937091827,51.498713722511894],[-0.1629374921321869,51.49870474754297],[-0.16293765977025032,51.49870453882278],[-0.16294369474053383,51.49870046877811],[-0.1629440300166607,51.49870036441797],[-0.16295643523335457,51.49869812067527],[-0.16295668669044971,51.4986980684952],[-0.16296758316457272,51.4986980684952],[-0.16296791844069958,51.49869812067527],[-0.16298065893352032,51.498701981999886],[-0.16298074275255203,51.49870203417993],[-0.16298954375088215,51.49870516498345],[-0.16298962756991386,51.49870516498345],[-0.16300094313919544,51.49870965246808],[-0.16301200725138187,51.498714139952284],[-0.16301200725138187,51.498714192132326],[-0.1630171202123165,51.498716696774466],[-0.16303363256156445,51.49872494122059],[-0.16304679214954376,51.49873182898452],[-0.16306372359395027,51.498740647408084],[-0.16306372359395027,51.49874069958807],[-0.163074703887105,51.498747169909564],[-0.16308149322867393,51.4987517617501],[-0.16308166086673737,51.498751813930085],[-0.16308601945638657,51.49875614487013],[-0.16309029422700405,51.49876021490982],[-0.16309037804603577,51.49876042362979],[-0.1630928087979555,51.49877477312569],[-0.1630927249789238,51.49877498184557],[-0.16308660618960857,51.49878557437958],[-0.16308618709445,51.49878588745938],[-0.16306104138493538,51.498792253414535],[-0.1630606222897768,51.498792253414535]],[[-0.16306070610880852,51.498791261995336],[-0.1630851812660694,51.49878505257993],[-0.1630911324173212,51.49877477312569],[-0.16308878548443317,51.498760632349786],[-0.16308467835187912,51.49875666667012],[-0.16308031976222992,51.49875244009013],[-0.16307353042066097,51.49874790042969],[-0.16306263394653797,51.49874143010828],[-0.16304578632116318,51.498732611684915],[-0.16303262673318386,51.4987257239211],[-0.16301611438393593,51.49871747947512],[-0.163011085242033,51.49871497483301],[-0.1630001049488783,51.498710487348916],[-0.1629887893795967,51.49870605204441],[-0.1629799883812666,51.49870292124095],[-0.16296741552650928,51.49869905991642],[-0.16295677050948143,51.49869905991642],[-0.1629447005689144,51.49870125147905],[-0.16293900087475777,51.49870511280338],[-0.16293573193252087,51.49871387905205],[-0.16293824650347233,51.498726141361345],[-0.1629374921321869,51.49872666316165],[-0.16291175968945026,51.49872666316165],[-0.16291402280330658,51.49873052448385],[-0.16291502863168716,51.498732194244695],[-0.1629152800887823,51.49873255950487],[-0.1629173755645752,51.498736159926466],[-0.16293179243803024,51.498746282849424],[-0.16294419765472412,51.498755049090164],[-0.16296993009746075,51.49876809408815],[-0.1630252506583929,51.498786409259],[-0.16306070610880852,51.498791261995336]]]}},{"type":"Feature","properties":{"level_id":0,"building_id":"harrods","source_layer":"virtualobstacle","geometry_tolerance_m":0.06},"geometry":{"type":"Polygon","coordinates":[[[-0.1627399306744337,51.499200037952676],[-0.1625868771225214,51.499101314250765],[-0.1625264436006546,51.49906238825034],[-0.16252652741968632,51.49906165773527],[-0.16257455572485924,51.49903280238061],[-0.16257564537227154,51.49903280238061],[-0.16278821043670177,51.499171026147025],[-0.16278821043670177,51.49917170448083],[-0.16274110414087772,51.499200037952676],[-0.1627399306744337,51.499200037952676]],[[-0.16274051740765572,51.49919899436284],[-0.16278645023703575,51.49917133922415],[-0.16257505863904953,51.4990338981539],[-0.16252820380032063,51.49906202299283],[-0.16258805058896542,51.49910063591594],[-0.16258863732218742,51.49910100117316],[-0.16260297037661076,51.499110236962025],[-0.16274051740765572,51.49919899436284]]]}},{"type":"Feature","properties":{"level_id":0,"building_id":"harrods","source_layer":"virtualobstacle","geometry_tolerance_m":0.06},"geometry":{"type":"Polygon","coordinates":[[[-0.16221145167946815,51.49906014452546],[-0.1620848011225462,51.49902841928716],[-0.16208438202738762,51.49902774095122],[-0.16209645196795464,51.49901067819033],[-0.16213836148381233,51.498951402004906],[-0.16213936731219292,51.498951088926276],[-0.1621861383318901,51.49896053346458],[-0.16219887882471085,51.49893867013813],[-0.16219996847212315,51.4989384092392],[-0.16232410445809364,51.498977178806285],[-0.1623243559151888,51.49897728316577],[-0.1624670159071684,51.49906755403518],[-0.1624670159071684,51.499068284550134],[-0.1624611485749483,51.499071832765566],[-0.16245419159531593,51.49907919009377],[-0.1624540239572525,51.499079294453],[-0.1623543631285429,51.49913924880636],[-0.1623532734811306,51.49913924880636],[-0.1622606534510851,51.49908106856034],[-0.16225227154791355,51.49908623434305],[-0.16225109808146954,51.49908618216338],[-0.16223492100834846,51.49907574623816],[-0.1622296404093504,51.499072354561946],[-0.16222947277128696,51.49907178058595],[-0.16225822269916534,51.49903807252812],[-0.16224573366343975,51.49903374161485],[-0.1622204203158617,51.499062805687544],[-0.1622193306684494,51.499062962226475],[-0.16221145167946815,51.49906014452546]],[[-0.16222000122070312,51.4990611927833],[-0.16224472783505917,51.49903280238061],[-0.16224581748247147,51.499032593661866],[-0.16225973144173622,51.499037446372],[-0.16225998289883137,51.499038124707795],[-0.16223114915192127,51.49907193712485],[-0.16223609447479248,51.499075067902936],[-0.16225168481469154,51.49908513857099],[-0.1622601505368948,51.49908002496778],[-0.1622612401843071,51.49908002496778],[-0.1623538602143526,51.499138153035574],[-0.1624528504908085,51.49907861611783],[-0.16245980747044086,51.49907125878957],[-0.1624599751085043,51.49907115443031],[-0.16246533952653408,51.499067919292656],[-0.1623232662677765,51.498978065861934],[-0.16220005229115486,51.498939557194575],[-0.16218739561736584,51.49896131616103],[-0.16218638978898525,51.4989616292396],[-0.16213953495025635,51.49895218470152],[-0.16210868954658508,51.498995859151194],[-0.16208614222705364,51.49902763659182],[-0.16221203841269016,51.49905920529176],[-0.1622122060507536,51.4990592574714],[-0.16221941448748112,51.49906186645387],[-0.16222000122070312,51.499061188118446],[-0.16222000122070312,51.4990611927833]]]}},{"type":"Feature","properties":{"level_id":0,"building_id":"harrods","source_layer":"virtualobstacle","geometry_tolerance_m":0.06},"geometry":{"type":"Polygon","coordinates":[[[-0.16289759427309036,51.49910527990045],[-0.1627148687839508,51.498987406035184],[-0.16266491264104843,51.498955211128305],[-0.16266491264104843,51.49895448061153],[-0.16276373527944088,51.49889515217319],[-0.16276482492685318,51.49889515217319],[-0.162999015301466,51.49904563858041],[-0.162999015301466,51.49904636909574],[-0.16289876773953438,51.49910527990045],[-0.16289759427309036,51.49910527990045]],[[-0.16289826482534409,51.499104236308455],[-0.16299725510179996,51.49904595165842],[-0.16276423819363117,51.49889619576999],[-0.16266667284071445,51.49895484586992],[-0.16273205168545246,51.49899705928485],[-0.16289826482534409,51.499104236308455]]]}},{"type":"Feature","properties":{"level_id":2,"building_id":"harrods","source_layer":"virtualobstacle","geometry_tolerance_m":0.06},"geometry":{"type":"Polygon","coordinates":[[[-0.16235578805208206,51.498655072101684],[-0.16235570423305035,51.4986540806795],[-0.16272970475256443,51.498633312989],[-0.16272987239062786,51.49863430441161],[-0.1623739767819643,51.498654028499374],[-0.16235587187111378,51.498655072101684],[-0.16235578805208206,51.498655072101684]]]}},{"type":"Feature","properties":{"level_id":2,"building_id":"harrods","source_layer":"virtualobstacle","geometry_tolerance_m":0.06},"geometry":{"type":"Polygon","coordinates":[[[-0.1622143853455782,51.499058683495235],[-0.16220767982304096,51.499051273984065],[-0.16220491379499435,51.49905477002116],[-0.16220399178564548,51.499055030919436],[-0.16216199845075607,51.49904850846201],[-0.16216183081269264,51.49904850846201],[-0.16212922520935535,51.49903869868422],[-0.16212880611419678,51.499038124707795],[-0.16213559545576572,51.49902528850586],[-0.16211380250751972,51.49901855732534],[-0.16211338341236115,51.49901840078627],[-0.16210307367146015,51.49901521782459],[-0.16209343448281288,51.49901224358149],[-0.16209309920668602,51.499011565245326],[-0.16210583969950676,51.49899841595757],[-0.16210684552788734,51.498998207238685],[-0.16211765818297863,51.49900086840438],[-0.16213207505643368,51.498977491884744],[-0.1621218491345644,51.49897295224673],[-0.16212159767746925,51.49897232608973],[-0.16214489936828613,51.498941174767964],[-0.16214598901569843,51.49894096604882],[-0.16215579584240913,51.49894414901567],[-0.1621741522103548,51.49892124208523],[-0.16216250136494637,51.49891852873509],[-0.1621620822697878,51.498917850397504],[-0.1622225996106863,51.49883201452428],[-0.1622236892580986,51.49883175362473],[-0.1622345857322216,51.49883467569967],[-0.16224808059632778,51.49881187307406],[-0.1622372679412365,51.498808063938725],[-0.16223693266510963,51.49880743777945],[-0.16226476058363914,51.49877106834717],[-0.16226576641201973,51.49877080744727],[-0.1622830331325531,51.49877498184557],[-0.1622835360467434,51.498775608005275],[-0.16227942891418934,51.49878286102137],[-0.16232402063906193,51.49879407971301],[-0.16233013942837715,51.498787348498354],[-0.16233114525675774,51.4987871397785],[-0.16240188851952553,51.498805976741124],[-0.1624023076146841,51.49880618546089],[-0.16243952326476574,51.49884333756361],[-0.16245335340499878,51.49885335610301],[-0.16260297037661076,51.49894884519588],[-0.16260297037661076,51.498949523532985],[-0.16259626485407352,51.49895354137564],[-0.16262752935290337,51.49897368276322],[-0.1626342348754406,51.498969664922356],[-0.1626353245228529,51.49896971710214],[-0.1627377513796091,51.49903572444265],[-0.1627376675605774,51.49903640277847],[-0.16272501088678837,51.49904407319039],[-0.16272383742034435,51.49904402101072],[-0.16271897591650486,51.4990408902305],[-0.1626940816640854,51.499055030919436],[-0.1626996137201786,51.49905857913592],[-0.1626996137201786,51.499059309651045],[-0.16245494596660137,51.49920635167052],[-0.16245377250015736,51.49920629949102],[-0.1624284591525793,51.499189967309974],[-0.1624284591525793,51.49918923679698],[-0.1624387688934803,51.49918307961528],[-0.1624065823853016,51.49916346011557],[-0.16239719465374947,51.49916909550461],[-0.16239602118730545,51.49916909550461],[-0.16233659349381924,51.49913016956208],[-0.16233659349381924,51.49912943904809],[-0.162340197712183,51.499127299685625],[-0.16227012500166893,51.499081955613974],[-0.16226551495492458,51.499079607530774],[-0.16225537285208702,51.49908592126533],[-0.162254199385643,51.49908592126533],[-0.16221455298364162,51.49905878785452],[-0.1622143853455782,51.499058683495235]],[[-0.16222000122070312,51.49883822393329],[-0.16216392628848553,51.49891779821769],[-0.16217557713389397,51.49892051156789],[-0.16217599622905254,51.49892118990542],[-0.16215688548982143,51.49894503607197],[-0.16215579584240913,51.49894524479109],[-0.16214598901569843,51.49894206182432],[-0.16212335787713528,51.498972378269485],[-0.16213349997997284,51.498976865727826],[-0.1621338352560997,51.498977491884744],[-0.16211883164942265,51.49900170327987],[-0.16211782582104206,51.49900201635819],[-0.16210684552788734,51.49899930301282],[-0.16209494322538376,51.499011565245326],[-0.16211447305977345,51.49901761809079],[-0.16213693656027317,51.4990245579902],[-0.16213735565543175,51.49902518414646],[-0.1621305663138628,51.49903802034845],[-0.16216250136494637,51.499047569228054],[-0.16220374032855034,51.499053987326334],[-0.1622068416327238,51.499049969492546],[-0.16220826655626297,51.499049969492546],[-0.16221581026911736,51.49905816169871],[-0.162254786118865,51.49908482549327],[-0.16226492822170258,51.49907856393821],[-0.16226601786911488,51.49907856393821],[-0.16227121464908123,51.49908122509922],[-0.16227129846811295,51.49908122509922],[-0.1623418740928173,51.49912698660822],[-0.1623418740928173,51.49912766494268],[-0.16233826987445354,51.49912985648467],[-0.16239669173955917,51.4991680519141],[-0.1624060794711113,51.49916236434535],[-0.1624071691185236,51.49916236434535],[-0.1624404452741146,51.49918271435871],[-0.1624404452741146,51.499183444871846],[-0.16243013553321362,51.49918960205349],[-0.16245435923337936,51.49920525590136],[-0.1626979373395443,51.49905894439348],[-0.16269240528345108,51.49905534399741],[-0.16269240528345108,51.4990546134822],[-0.16271847300231457,51.49903984663703],[-0.16271964646875858,51.49903984663703],[-0.16272450797259808,51.49904297741733],[-0.16273599117994308,51.49903603752074],[-0.1626347377896309,51.498970760697176],[-0.16262811608612537,51.498974778537956],[-0.16262694261968136,51.498974778537956],[-0.16259458847343922,51.49895390663403],[-0.16259458847343922,51.498953176117226],[-0.16260129399597645,51.49894915827457],[-0.16245217993855476,51.498854034441536],[-0.16245209611952305,51.498854034441536],[-0.16243826597929,51.49884396372241],[-0.1624381821602583,51.49884391154251],[-0.16240105032920837,51.49880686380013],[-0.16233122907578945,51.4987882355577],[-0.16232511028647423,51.49879496677221],[-0.16232410445809364,51.498795175492035],[-0.1622780878096819,51.49878359154087],[-0.16227766871452332,51.49878296538128],[-0.16228177584707737,51.4987757645452],[-0.16226585023105145,51.49877190322684],[-0.16223869286477566,51.49880743777945],[-0.16224950551986694,51.49881119473494],[-0.1622498407959938,51.49881182089416],[-0.16223584301769733,51.4988355105782],[-0.16223475337028503,51.49883582365766],[-0.16222377307713032,51.49883284940287],[-0.16222000122070312,51.49883820331977],[-0.16222000122070312,51.49883822393329]]]}},{"type":"Feature","properties":{"level_id":2,"building_id":"harrods","source_layer":"virtualobstacle","geometry_tolerance_m":0.06},"geometry":{"type":"Polygon","coordinates":[[[-0.16315332613885403,51.49880952497699],[-0.16282777301967144,51.49866618646456],[-0.16285870224237442,51.49864087910848],[-0.163183081895113,51.498782652301486],[-0.16315332613885403,51.49880952497699]],[[-0.1631531585007906,51.49880832483842],[-0.16318123787641525,51.49878296538128],[-0.16285886988043785,51.49864202707133],[-0.16282961703836918,51.49866592556404],[-0.1631531585007906,51.49880832483842]]]}},{"type":"Feature","properties":{"level_id":2,"building_id":"harrods","source_layer":"virtualobstacle","geometry_tolerance_m":0.06},"geometry":{"type":"Polygon","coordinates":[[[-0.16277940943837166,51.49904078587113],[-0.16277831979095936,51.49904073369149],[-0.16273565590381622,51.49901323499586],[-0.1626864541321993,51.49898150972493],[-0.1626864541321993,51.49898077920855],[-0.16283866949379444,51.49888930803087],[-0.16283984296023846,51.49888930803087],[-0.1629293616861105,51.49894821903857],[-0.1629294455051422,51.49894889737567],[-0.16292089596390724,51.49895578510581],[-0.16292081214487553,51.49895578510581],[-0.16277940943837166,51.49904078587113]],[[-0.16277890652418137,51.499039690098016],[-0.1629196386784315,51.49895510676876],[-0.1629277691245079,51.49894858429701],[-0.16283925622701645,51.49889040380762],[-0.1626881305128336,51.49898114446674],[-0.16273054294288158,51.499008486642566],[-0.16277890652418137,51.499039690098016]]]}},{"type":"Feature","properties":{"level_id":2,"building_id":"harrods","source_layer":"virtualobstacle","geometry_tolerance_m":0.06},"geometry":{"type":"Polygon","coordinates":[[[-0.16267010942101479,51.49896914312484],[-0.16266893595457077,51.49896909094508],[-0.16265326179564,51.498958968071605],[-0.16265326179564,51.49895823755486],[-0.1626598834991455,51.498954271892416],[-0.16262685880064964,51.49893517409214],[-0.16262199729681015,51.49893809616046],[-0.16262090764939785,51.49893809616046],[-0.1624730508774519,51.49884276358472],[-0.16245821490883827,51.49883316248233],[-0.16245804727077484,51.4988330581225],[-0.16242225654423237,51.49879658435077],[-0.16233986243605614,51.49877263374657],[-0.16233952715992928,51.49877190322684],[-0.16234539449214935,51.49876637214862],[-0.16229476779699326,51.498752805350136],[-0.1622950192540884,51.49876058016977],[-0.1622938457876444,51.49876099760971],[-0.16227439977228642,51.49875525781016],[-0.16227398067712784,51.49875463165017],[-0.16231832094490528,51.498690815465636],[-0.162318404763937,51.498690763285595],[-0.16232200898230076,51.49868684977994],[-0.16232209280133247,51.498686797599845],[-0.16232569701969624,51.49868387551541],[-0.16232578083872795,51.49868382333534],[-0.16233022324740887,51.498681214331214],[-0.16233030706644058,51.498681162151144],[-0.16233441419899464,51.49867933584815],[-0.1623348332941532,51.49867923148798],[-0.1625776570290327,51.49866535158293],[-0.1627245917916298,51.49865721148629],[-0.1627388410270214,51.49865559390281],[-0.16273976303637028,51.49865606352384],[-0.16274252906441689,51.498678657507014],[-0.1627703569829464,51.49867547452163],[-0.1627704408019781,51.49867547452163],[-0.16279575414955616,51.498674430919806],[-0.16279642470180988,51.49867458746007],[-0.1628634799271822,51.49871711421483],[-0.16286339610815048,51.49871784473541],[-0.1628411002457142,51.49873036794375],[-0.1628879550844431,51.498760110549824],[-0.16290279105305672,51.498739812527816],[-0.16290287487208843,51.49873970816779],[-0.1629157830029726,51.49872958524335],[-0.1629168726503849,51.49872942870326],[-0.1631031185388565,51.49880508968212],[-0.16310328617691994,51.49880582020131],[-0.1630709320306778,51.49883253632339],[-0.16307084821164608,51.49883258850332],[-0.16296791844069958,51.49889697846754],[-0.16296674497425556,51.49889697846754],[-0.16296121291816235,51.49889337805865],[-0.16292860731482506,51.49891383255175],[-0.16293346881866455,51.49891696334069],[-0.16293346881866455,51.49891769385806],[-0.16292626038193703,51.49892202478236],[-0.162925086915493,51.49892202478236],[-0.1629146095365286,51.49891524140679],[-0.1629146095365286,51.49891456306915],[-0.1629211474210024,51.498910597402926],[-0.1628830935806036,51.49888716865712],[-0.16287630423903465,51.49889097778592],[-0.16287521459162235,51.49889097778592],[-0.16283984296023846,51.49886822736832],[-0.16281872056424618,51.49888090707495],[-0.16281754709780216,51.49888090707495],[-0.1628128532320261,51.49887788064322],[-0.1627922337502241,51.49888904713163],[-0.16279784962534904,51.49889275190054],[-0.16279784962534904,51.498893430238496],[-0.1627670880407095,51.49891195407827],[-0.16276591457426548,51.49891195407827],[-0.16275862231850624,51.498907257894246],[-0.16273431479930878,51.49892291183909],[-0.16274076886475086,51.498927034043675],[-0.16274076886475086,51.498927764560904],[-0.16270816326141357,51.49894738416208],[-0.16270698979496956,51.49894738416208],[-0.16270112246274948,51.498943575038055],[-0.1626805029809475,51.49895703742024],[-0.16268461011350155,51.49895969858832],[-0.16268461011350155,51.49896042910504],[-0.16267010942101479,51.49896914312484]],[[-0.16266952268779278,51.49896804734999],[-0.16268293373286724,51.49896006384668],[-0.1626788266003132,51.4989574026786],[-0.1626788266003132,51.49895672434161],[-0.16270045191049576,51.49894247926258],[-0.16270162537693977,51.49894247926258],[-0.16270757652819157,51.49894628838672],[-0.16273909248411655,51.49892739930229],[-0.16273263841867447,51.49892322491792],[-0.16273263841867447,51.498922546580445],[-0.16275803558528423,51.49890616211792],[-0.16275920905172825,51.49890616211792],[-0.1627665013074875,51.49891091048187],[-0.16279617324471474,51.4988930649796],[-0.1627904735505581,51.498889412390554],[-0.1627904735505581,51.4988886818727],[-0.1628123503178358,51.498876784866184],[-0.1628134399652481,51.498876837046026],[-0.16281813383102417,51.49887986347778],[-0.16283934004604816,51.498867131591055],[-0.16284051351249218,51.498867131591055],[-0.16287580132484436,51.49888993418901],[-0.1628825906664133,51.49888612506015],[-0.1628836803138256,51.49888612506015],[-0.1629229076206684,51.49891028432401],[-0.1629228238016367,51.498910962661654],[-0.1629162859171629,51.49891492832788],[-0.16292567364871502,51.49892098118616],[-0.16293179243803024,51.49891732859936],[-0.16292693093419075,51.498914145630636],[-0.16292693093419075,51.498913467292994],[-0.16296062618494034,51.4988923344618],[-0.16296179965138435,51.4988923344618],[-0.16296733170747757,51.498895934870774],[-0.16306967474520206,51.498831910164455],[-0.16310152597725391,51.498805611481515],[-0.16291662119328976,51.49873052448385],[-0.16290421597659588,51.498740282147935],[-0.16288896091282368,51.498761206329675],[-0.16288761980831623,51.49876136286966],[-0.16283934004604816,51.498730733203956],[-0.16283934004604816,51.49873000268357],[-0.16286171972751617,51.498717427295105],[-0.162795502692461,51.498675422341535],[-0.16277060844004154,51.49867646594333],[-0.16274194233119488,51.498679753288854],[-0.162741020321846,51.49867928366808],[-0.16273817047476768,51.49865668968516],[-0.16272484324872494,51.49865820290839],[-0.16272475942969322,51.49865820290839],[-0.16257782466709614,51.498666343004885],[-0.16233516857028008,51.4986802229096],[-0.16233122907578945,51.498681944852365],[-0.16232695430517197,51.498684501676394],[-0.1623233500868082,51.49868737158073],[-0.16231982968747616,51.498691232906225],[-0.16227582469582558,51.49875457947016],[-0.1622933428734541,51.498759745289874],[-0.16229309141635895,51.498752492270114],[-0.16229216940701008,51.49875207483012],[-0.16229300759732723,51.49875123995005],[-0.16234690323472023,51.49876569380879],[-0.1623472385108471,51.498766424328636],[-0.16234137117862701,51.49877195540682],[-0.16242317855358124,51.498795749471526],[-0.1624235138297081,51.49879595819132],[-0.1624593883752823,51.49883248414349],[-0.1624741405248642,51.498842033066154],[-0.16262149438261986,51.498937052564656],[-0.16262635588645935,51.49893413049625],[-0.16262744553387165,51.49893413049625],[-0.16266164369881153,51.49895390663403],[-0.16266164369881153,51.49895463715083],[-0.1626549381762743,51.498958654993004],[-0.16266952268779278,51.49896804734999]]]}},{"type":"Feature","properties":{"level_id":2,"building_id":"harrods","source_layer":"virtualobstacle","geometry_tolerance_m":0.06},"geometry":{"type":"Polygon","coordinates":[[[-0.16315273940563202,51.49880936843715],[-0.16298518516123295,51.498735585946235],[-0.16282819211483002,51.49866649954518],[-0.1628280244767666,51.49866576902377],[-0.1628581155091524,51.49864114000917],[-0.16285928897559643,51.49864103564889],[-0.1631825789809227,51.49878239140165],[-0.16318283043801785,51.49878312192121],[-0.16315391287207603,51.49880921189737],[-0.16315273940563202,51.49880936843715]],[[-0.16315307468175888,51.49880822047854],[-0.16318107023835182,51.49878296538128],[-0.16285895369946957,51.49864213143158],[-0.16282986849546432,51.49866597774417],[-0.16295157372951508,51.498719566676755],[-0.16315307468175888,51.49880822047854]]]}},{"type":"Feature","properties":{"level_id":2,"building_id":"harrods","source_layer":"virtualobstacle","geometry_tolerance_m":0.06},"geometry":{"type":"Polygon","coordinates":[[[-0.1631243247538805,51.49923124127696],[-0.1631237380206585,51.49923035422623],[-0.16322800889611244,51.49916685178496],[-0.16312080435454845,51.49909781821725],[-0.16312038525938988,51.4990975573192],[-0.16312097199261189,51.49909672244547],[-0.16322985291481018,51.49916685178496],[-0.16312474384903908,51.49923098037968],[-0.1631243247538805,51.49923124127696]]]}},{"type":"Feature","properties":{"level_id":3,"building_id":"harrods","source_layer":"virtualobstacle","geometry_tolerance_m":0.06},"geometry":{"type":"Polygon","coordinates":[[[-0.16302541829645634,51.49919920308082],[-0.1629908848553896,51.49917786166404],[-0.16278326511383057,51.49904266433933],[-0.16278334893286228,51.499041933823946],[-0.16291704028844833,51.49896199449793],[-0.16291821375489235,51.49896199449793],[-0.16296196728944778,51.49899032810015],[-0.16296196728944778,51.49899038027988],[-0.1629724446684122,51.498998207238685],[-0.1630187127739191,51.499028262748084],[-0.1630187127739191,51.49902899326369],[-0.1630034577101469,51.49903833342648],[-0.16311108134686947,51.499105906055604],[-0.16314418986439705,51.499128186738375],[-0.16314418986439705,51.49912891725239],[-0.16302659176290035,51.49919920308082],[-0.16302541829645634,51.49919920308082]],[[-0.16302600502967834,51.499198107311486],[-0.16314251348376274,51.4991285519954],[-0.16310990788042545,51.499106584390375],[-0.16300169751048088,51.49903869868422],[-0.16300169751048088,51.49903796816878],[-0.1630170363932848,51.49902857582623],[-0.1629712712019682,51.49899888557508],[-0.16297118738293648,51.49899888557508],[-0.16296079382300377,51.498991006436626],[-0.16291762702167034,51.498963038093166],[-0.1627850253134966,51.499042351261295],[-0.1629920583218336,51.499177131150844],[-0.16302600502967834,51.499198107311486]]]}},{"type":"Feature","properties":{"level_id":3,"building_id":"harrods","source_layer":"virtualobstacle","geometry_tolerance_m":0.06},"geometry":{"type":"Polygon","coordinates":[[[-0.16316430643200874,51.49911524620265],[-0.16307017765939236,51.499054509122885],[-0.16304888762533665,51.49904078587113],[-0.16304888762533665,51.49904005535575],[-0.1630671601742506,51.49902998467772],[-0.16310102306306362,51.49900942587735],[-0.16310219652950764,51.49900942587735],[-0.1632190402597189,51.49908409497857],[-0.1632190402597189,51.49908482549327],[-0.16316547989845276,51.49911524620265],[-0.16316430643200874,51.49911524620265]],[[-0.16316497698426247,51.49911420261091],[-0.16321728006005287,51.499084460235935],[-0.16310160979628563,51.49901046947147],[-0.1630682498216629,51.4990307151933],[-0.16305056400597095,51.499040420613454],[-0.16307847574353218,51.49905842259696],[-0.16316497698426247,51.49911420261091]]]}},{"type":"Feature","properties":{"level_id":3,"building_id":"harrods","source_layer":"virtualobstacle","geometry_tolerance_m":0.06},"geometry":{"type":"Polygon","coordinates":[[[-0.16275644302368164,51.499026645177764],[-0.16245578415691853,51.49883399736086],[-0.1623451430350542,51.498803941723395],[-0.16232309862971306,51.498797941029494],[-0.1623227633535862,51.49879726269012],[-0.16242871060967445,51.49867599632253],[-0.16242904588580132,51.49867578760217],[-0.16244572587311268,51.49867093485352],[-0.16244597733020782,51.49867088267342],[-0.1627458818256855,51.49865747238684],[-0.16274672001600266,51.49865794200784],[-0.162750156596303,51.498681057790975],[-0.16277018934488297,51.49868126651131],[-0.16276960261166096,51.498655072101684],[-0.16277052462100983,51.49865455030053],[-0.1629321277141571,51.49866561248345],[-0.16293229535222054,51.49866561248345],[-0.16295702196657658,51.498670413052565],[-0.16295744106173515,51.49867056959286],[-0.16302877105772495,51.498731776804505],[-0.16304193064570427,51.4987386123874],[-0.16312968917191029,51.49877790392418],[-0.16312994062900543,51.49877858226381],[-0.1630638912320137,51.49884579001878],[-0.163063807412982,51.498845894378576],[-0.16291947104036808,51.49893360869831],[-0.16291838139295578,51.49893360869831],[-0.16281494870781898,51.49886791428909],[-0.16279801726341248,51.49887814154252],[-0.1628857757896185,51.49893585242944],[-0.16288594342768192,51.498936269867784],[-0.16288300976157188,51.49895056712853],[-0.16288275830447674,51.498950828027404],[-0.16275753267109394,51.499026645177764],[-0.16275644302368164,51.499026645177764]],[[-0.16275702975690365,51.49902560158398],[-0.162881501019001,51.498950254049845],[-0.16288435086607933,51.498936374227355],[-0.16279625706374645,51.49887845462166],[-0.16279625706374645,51.49887777628348],[-0.1628144457936287,51.4988668706917],[-0.162815535441041,51.4988668706917],[-0.1629189681261778,51.49893256510239],[-0.16306255012750626,51.49884521603994],[-0.1631281804293394,51.49877847790387],[-0.16304092481732368,51.49873944726767],[-0.16304092481732368,51.498739395087654],[-0.16302768141031265,51.49873255950487],[-0.16302751377224922,51.49873245514482],[-0.16295626759529114,51.49867130011421],[-0.16293187625706196,51.49866660390538],[-0.16277127899229527,51.49865564608291],[-0.16277186572551727,51.498681788312126],[-0.16277102753520012,51.49868231011297],[-0.16274940222501755,51.49868210139263],[-0.1627486478537321,51.49868163177189],[-0.16274521127343178,51.498658515989064],[-0.16244622878730297,51.49867187409524],[-0.16242996789515018,51.4986766224836],[-0.16232460737228394,51.49879726269012],[-0.16236123628914356,51.49880717687975],[-0.16245662234723568,51.49883311030243],[-0.16245687380433083,51.498833214662255],[-0.16275702975690365,51.49902560158398]]]}},{"type":"Feature","properties":{"level_id":3,"building_id":"harrods","source_layer":"virtualobstacle","geometry_tolerance_m":0.06},"geometry":{"type":"Polygon","coordinates":[[[-0.16222000122070312,51.499056074512566],[-0.16216962598264217,51.49902768877155],[-0.16216007061302662,51.49902231426344],[-0.16214380972087383,51.499013130636456],[-0.1621436420828104,51.49901255665972],[-0.16222000122070312,51.498922859659274],[-0.16222000122070312,51.49892287833609],[-0.16231429763138294,51.49881213397376],[-0.16231530345976353,51.49881192525399],[-0.1624452229589224,51.4988482946537],[-0.16244547441601753,51.4988483990135],[-0.16273942776024342,51.499036820215906],[-0.16273942776024342,51.499037550731344],[-0.16245519742369652,51.499208125772896],[-0.1624540239572525,51.499208125772896],[-0.16234363429248333,51.499135178800515],[-0.16234363429248333,51.49913450046617],[-0.1623483281582594,51.499131734949174],[-0.16226987354457378,51.499079607530774],[-0.162243889644742,51.4990695368615],[-0.1622438058257103,51.499069484681854],[-0.16222000122070312,51.499056072208944],[-0.16222000122070312,51.499056074512566]],[[-0.16222000122070312,51.498924999031345],[-0.1621453184634447,51.49901266101912],[-0.16216116026043892,51.49902158374772],[-0.1621638424694538,51.499023044779136],[-0.16217071563005447,51.49902695825591],[-0.16224481165409088,51.4990687541669],[-0.16227079555392265,51.499078824836374],[-0.16227096319198608,51.49907887701599],[-0.16235008835792542,51.49913136969218],[-0.16235008835792542,51.49913210020614],[-0.16234539449214935,51.499134865723164],[-0.16245469450950623,51.49920703000376],[-0.1627377513796091,51.49903718547361],[-0.16244446858763695,51.498849181711876],[-0.16231538727879524,51.49881302103262],[-0.16222000122070312,51.49892499259725],[-0.16222000122070312,51.498924999031345]]]}},{"type":"Feature","properties":{"level_id":4,"building_id":"harrods","source_layer":"virtualobstacle","geometry_tolerance_m":0.06},"geometry":{"type":"Polygon","coordinates":[[[-0.16283255070447922,51.49871534009333],[-0.1628319639712572,51.49871523573324],[-0.16277119517326355,51.498675891962336],[-0.16276725567877293,51.49867552670173],[-0.1627665851265192,51.498675109261],[-0.16276532784104347,51.49866942163072],[-0.16276532784104347,51.498669369450624],[-0.16276516020298004,51.49866514286251],[-0.1627649925649166,51.498661490255216],[-0.16276633366942406,51.49866112499447],[-0.16281427815556526,51.498688310822075],[-0.16287043690681458,51.49871361815181],[-0.162870017811656,51.498714557392645],[-0.16283255070447922,51.49871534009333]],[[-0.16283288598060608,51.49871434867245],[-0.16286758705973625,51.49871361815181],[-0.1628133561462164,51.49868914570328],[-0.16281327232718468,51.49868909352321],[-0.16276666894555092,51.49866263821755],[-0.16276683658361435,51.49866712570639],[-0.16276700422167778,51.498669317270526],[-0.16276809386909008,51.49867458746007],[-0.16277169808745384,51.498674900540635],[-0.16277220100164413,51.4986750570809],[-0.16283288598060608,51.49871434867245]]]}},{"type":"Feature","properties":{"level_id":1,"building_id":"harrods","source_layer":"virtualobstacle","geometry_tolerance_m":0.06},"geometry":{"type":"Polygon","coordinates":[[[-0.16218219883739948,51.498897865524754],[-0.1621817797422409,51.4988972393667],[-0.1622319035232067,51.49882737051195],[-0.1622329093515873,51.498827109612364],[-0.16223877668380737,51.49882846629018],[-0.16223810613155365,51.498829405528625],[-0.16223307698965073,51.49882825757052],[-0.16218362376093864,51.498897187186884],[-0.162188820540905,51.49889864822228],[-0.16218814998865128,51.49889958745928],[-0.16218219883739948,51.498897865524754]]]}},{"type":"Feature","properties":{"level_id":1,"building_id":"harrods","source_layer":"virtualobstacle","geometry_tolerance_m":0.06},"geometry":{"type":"Polygon","coordinates":[[[-0.1622078474611044,51.49879120981541],[-0.1622084341943264,51.49879021839618],[-0.16221539117395878,51.498792827394084],[-0.1622661855071783,51.49872128861804],[-0.1622613240033388,51.49871982757696],[-0.16226199455559254,51.49871888833624],[-0.16226761043071747,51.49872061027756],[-0.16226802952587605,51.49872128861804],[-0.16221648082137108,51.49879371445334],[-0.16221539117395878,51.498793975353095],[-0.1622078474611044,51.49879120981541]]]}},{"type":"Feature","properties":{"level_id":1,"building_id":"harrods","source_layer":"virtualobstacle","geometry_tolerance_m":0.06},"geometry":{"type":"Polygon","coordinates":[[[-0.16211774200201035,51.49898693641754],[-0.16213308088481426,51.498965542721635],[-0.16213316470384598,51.49896559490142],[-0.16215914860367775,51.498930269191305],[-0.16216015443205833,51.49893000829232],[-0.16216694377362728,51.49893146932666],[-0.16216635704040527,51.49893240856301],[-0.16216032207012177,51.49893110406808],[-0.1621278002858162,51.49897530033542],[-0.16211950220167637,51.49898698859732],[-0.16222000122070312,51.49905179578067],[-0.16222000122070312,51.49905180168471],[-0.1622547022998333,51.49907418084916],[-0.16226425766944885,51.49906854544835],[-0.16226534731686115,51.49906854544835],[-0.16235738061368465,51.49912609955544],[-0.16235738061368465,51.499126830069486],[-0.1623462326824665,51.499133248156596],[-0.1623771619051695,51.49915318074662],[-0.16237598843872547,51.49915391126024],[-0.16234447248280048,51.49913361341356],[-0.1623445563018322,51.49913288289966],[-0.16235562041401863,51.499126412632904],[-0.16226476058363914,51.49906958904114],[-0.1622552052140236,51.49907527662148],[-0.16225403174757957,51.49907522444184],[-0.16211790964007378,51.498987458214884],[-0.16211774200201035,51.49898693641754]]]}},{"type":"Feature","properties":{"level_id":1,"building_id":"harrods","source_layer":"virtualobstacle","geometry_tolerance_m":0.06},"geometry":{"type":"Polygon","coordinates":[[[-0.16265720129013062,51.499226858202604],[-0.16257145442068577,51.49917154794224],[-0.16257153823971748,51.49917086960846],[-0.16259022988379002,51.49915965100956],[-0.16259140335023403,51.49916032934354],[-0.1625732146203518,51.499171234865116],[-0.16265778802335262,51.499225814613396],[-0.16265812329947948,51.49922560589556],[-0.16266290098428726,51.49922273602513],[-0.16266407445073128,51.49922346653764],[-0.1626592967659235,51.499226336408015],[-0.16265837475657463,51.499226858202604],[-0.16265720129013062,51.499226858202604]]]}},{"type":"Feature","properties":{"level_id":1,"building_id":"harrods","source_layer":"virtualobstacle","geometry_tolerance_m":0.06},"geometry":{"type":"Polygon","coordinates":[[[-0.16237246803939342,51.49877566018526],[-0.16230725683271885,51.49873323784519],[-0.16230717301368713,51.49873323784519],[-0.16230449080467224,51.498731150644176],[-0.1623043231666088,51.49873099410408],[-0.1623020600527525,51.49872744586216],[-0.16230197623372078,51.49872723714199],[-0.1623021438717842,51.49872525430075],[-0.16230222769081593,51.4987251499407],[-0.16230398789048195,51.49872144515817],[-0.16230407170951366,51.498721340798085],[-0.1623070053756237,51.49871732293499],[-0.16234120354056358,51.4986765181234],[-0.1623418740928173,51.49867625722297],[-0.16240255907177925,51.49867307423739],[-0.16240348108112812,51.498673596038344],[-0.16240364871919155,51.498678657507014],[-0.16240205615758896,51.49867870968714],[-0.16240188851952553,51.49867411783924],[-0.16234246082603931,51.49867719646457],[-0.16230843029916286,51.49871774037533],[-0.16230549663305283,51.49872175823839],[-0.1623037364333868,51.498725410840876],[-0.16230356879532337,51.49872718496195],[-0.1623058319091797,51.49873057666389],[-0.16230843029916286,51.49873255950487],[-0.16237305477261543,51.49877456440575],[-0.1623733900487423,51.498774407865824],[-0.1623745635151863,51.498774407865824],[-0.16237489879131317,51.498774616585735],[-0.16237540170550346,51.49877566018526],[-0.16237422823905945,51.49877566018526],[-0.1623739767819643,51.49877545146535],[-0.16237364150583744,51.49877566018526],[-0.16237246803939342,51.49877566018526]]]}},{"type":"Feature","properties":{"level_id":1,"building_id":"harrods","source_layer":"virtualobstacle","geometry_tolerance_m":0.06},"geometry":{"type":"Polygon","coordinates":[[[-0.1624920777976513,51.49918913243798],[-0.16240892931818962,51.49917264371223],[-0.16240892931818962,51.49917285243032],[-0.16240867786109447,51.49917311332791],[-0.1624077558517456,51.4991736351231],[-0.16240851022303104,51.49917154794224],[-0.16240859404206276,51.49917154794224],[-0.1624920777976513,51.499188088847916],[-0.1625634077936411,51.499145249455324],[-0.1625644974410534,51.49914597996903],[-0.16249283216893673,51.49918897589947],[-0.1624920777976513,51.49918913243798]]]}},{"type":"Feature","properties":{"level_id":1,"building_id":"harrods","source_layer":"virtualobstacle","geometry_tolerance_m":0.06},"geometry":{"type":"Polygon","coordinates":[[[-0.1624867133796215,51.498647714705044],[-0.16248579137027264,51.4986471929038],[-0.16248595900833607,51.4986424966925],[-0.16248763538897038,51.49864244451237],[-0.16248746775090694,51.49864667110256],[-0.16261705197393894,51.49864004422642],[-0.1626152079552412,51.49863555673494],[-0.1626168005168438,51.498635504554784],[-0.16261881217360497,51.49864035730721],[-0.16261814162135124,51.49864103564889],[-0.1624867133796215,51.498647714705044]]]}},{"type":"Feature","properties":{"level_id":1,"building_id":"harrods","source_layer":"virtualobstacle","geometry_tolerance_m":0.06},"geometry":{"type":"Polygon","coordinates":[[[-0.1619449071586132,51.499150832667084],[-0.1619454938918352,51.49914989343526],[-0.16195949167013168,51.499154172157915],[-0.16207918524742126,51.49898244896022],[-0.1620766706764698,51.49898213588179],[-0.16207734122872353,51.4989811966465],[-0.1620805263519287,51.49898156190466],[-0.16208111308515072,51.498982292421005],[-0.16196058131754398,51.49915505921015],[-0.16195949167013168,51.49915526792833],[-0.1619449071586132,51.499150832667084]]]}},{"type":"Feature","properties":{"level_id":1,"building_id":"harrods","source_layer":"virtualobstacle","geometry_tolerance_m":0.06},"geometry":{"type":"Polygon","coordinates":[[[-0.16235285438597202,51.49880555930159],[-0.16235117800533772,51.498805194042006],[-0.16236056573688984,51.498799558607914],[-0.1622857991605997,51.49875134431005],[-0.16227389685809612,51.498766059068714],[-0.16226417385041714,51.49877931278343],[-0.16225646249949932,51.49879120981541],[-0.1622503437101841,51.498802532864886],[-0.16225562430918217,51.49880441134286],[-0.16225495375692844,51.49880535058182],[-0.16224891878664494,51.49880321120415],[-0.16224858351051807,51.49880263722477],[-0.16225486993789673,51.49879089673567],[-0.16225495375692844,51.498790844555685],[-0.16226266510784626,51.49877894752362],[-0.16226266510784626,51.49877889534366],[-0.16227238811552525,51.49876564162881],[-0.16228487715125084,51.49875024852997],[-0.16228613443672657,51.49875014416995],[-0.16236224211752415,51.49879924552823],[-0.16236224211752415,51.49879992386755],[-0.16235285438597202,51.49880555930159]]]}},{"type":"Feature","properties":{"level_id":1,"building_id":"harrods","source_layer":"virtualobstacle","geometry_tolerance_m":0.06},"geometry":{"type":"Polygon","coordinates":[[[-0.16209167428314686,51.49896115962173],[-0.16209234483540058,51.49896027256574],[-0.16209745779633522,51.498961785778874],[-0.16219904646277428,51.49881662144787],[-0.16219418495893478,51.498814899510165],[-0.1621947716921568,51.498813960271406],[-0.16220047138631344,51.49881594310878],[-0.1622008066624403,51.49881662144787],[-0.16209854744374752,51.498962672834836],[-0.16209745779633522,51.49896293373365],[-0.16209167428314686,51.49896115962173]]]}},{"type":"Feature","properties":{"level_id":1,"building_id":"harrods","source_layer":"virtualobstacle","geometry_tolerance_m":0.06},"geometry":{"type":"Polygon","coordinates":[[[-0.16199536621570587,51.49916523421959],[-0.161995030939579,51.49916460806523],[-0.16204113140702248,51.49909880962977],[-0.16204255633056164,51.499099279246224],[-0.16199679113924503,51.4991645558857],[-0.16200684942305088,51.49916732140073],[-0.16200542449951172,51.4991680519141],[-0.16199536621570587,51.49916523421959]]]}},{"type":"Feature","properties":{"level_id":1,"building_id":"harrods","source_layer":"virtualobstacle","geometry_tolerance_m":0.06},"geometry":{"type":"Polygon","coordinates":[[[-0.16268687322735786,51.49866336873902],[-0.16268553212285042,51.49866018575253],[-0.16268628649413586,51.49865955959123],[-0.16273020766675472,51.49865710712609],[-0.16273029148578644,51.49865809854819],[-0.16268737614154816,51.4986604988332],[-0.16268854960799217,51.49866331655892],[-0.16268687322735786,51.49866336873902]]]}},{"type":"Feature","properties":{"level_id":1,"building_id":"harrods","source_layer":"virtualobstacle","geometry_tolerance_m":0.06},"geometry":{"type":"Polygon","coordinates":[[[-0.16248981468379498,51.4986756310619],[-0.16248872503638268,51.49867171755497],[-0.1624894794076681,51.498671143573915],[-0.16262023709714413,51.49866216859661],[-0.162621159106493,51.498662586037455],[-0.162621745839715,51.49866571684365],[-0.1626201532781124,51.49866576902377],[-0.16261965036392212,51.49866321219869],[-0.1624904852360487,51.49867208281563],[-0.16249149106442928,51.4986755788818],[-0.16248981468379498,51.4986756310619]]]}},{"type":"Feature","properties":{"level_id":1,"building_id":"harrods","source_layer":"virtualobstacle","geometry_tolerance_m":0.06},"geometry":{"type":"Polygon","coordinates":[[[-0.16228445805609226,51.49869655527331],[-0.16227775253355503,51.498694154990176],[-0.16227833926677704,51.49869321574894],[-0.16228445805609226,51.49869535513176],[-0.16230558045208454,51.49865632442439],[-0.1623059157282114,51.49865606352384],[-0.162318404763937,51.49865147167367],[-0.16231874004006386,51.49865136731344],[-0.1624044869095087,51.49865084551226],[-0.16240096651017666,51.4986471929038],[-0.16240272670984268,51.49864708854355],[-0.1624065823853016,51.49865110641284],[-0.16240591183304787,51.4986518369345],[-0.162318991497159,51.49865235873568],[-0.1623070053756237,51.49865679404542],[-0.16228563152253628,51.49869629437296],[-0.16228445805609226,51.49869655527331]]]}},{"type":"Feature","properties":{"level_id":1,"building_id":"harrods","source_layer":"virtualobstacle","geometry_tolerance_m":0.06},"geometry":{"type":"Polygon","coordinates":[[[-0.16205915249884129,51.4990756418789],[-0.1620575599372387,51.4990753288011],[-0.16210374422371387,51.49900947805705],[-0.16210508532822132,51.49900937369762],[-0.16223047859966755,51.499090199994015],[-0.16223047859966755,51.4990909305086],[-0.1622193306684494,51.49909771385805],[-0.16222000122070312,51.499098131294886],[-0.16222000122070312,51.49909813481237],[-0.16230884939432144,51.49915391126024],[-0.16231915913522243,51.49914811933061],[-0.16232033260166645,51.49914811933061],[-0.16235176473855972,51.49916841717081],[-0.16235176473855972,51.49916914768414],[-0.16234531067311764,51.49917306114838],[-0.16234413720667362,51.499172382814606],[-0.16235008835792542,51.49916878242749],[-0.16231966204941273,51.49914916292158],[-0.16230935230851173,51.499154954851065],[-0.16230826266109943,51.499154954851065],[-0.16221757046878338,51.499098026935684],[-0.16221757046878338,51.49909734860077],[-0.16222880221903324,51.499090565251294],[-0.16210475005209446,51.4990105738309],[-0.16205915249884129,51.4990756418789]]]}},{"type":"Feature","properties":{"level_id":1,"building_id":"harrods","source_layer":"virtualobstacle","geometry_tolerance_m":0.06},"geometry":{"type":"Polygon","coordinates":[[[-0.16240046359598637,51.49883691943569],[-0.16239987686276436,51.49883587583756],[-0.16240918077528477,51.498830240407244],[-0.16242108307778835,51.49880571584143],[-0.16242125071585178,51.49880550712163],[-0.16242259182035923,51.49880618546089],[-0.16241068951785564,51.49883065784658],[-0.1624105218797922,51.49883086656624],[-0.16240046359598637,51.49883691943569]]]}},{"type":"Feature","properties":{"level_id":5,"building_id":"harrods","source_layer":"virtualobstacle","geometry_tolerance_m":0.06},"geometry":{"type":"Polygon","coordinates":[[[-0.1621703803539276,51.499023514396356],[-0.1621702965348959,51.499023514396356],[-0.16216333955526352,51.49901813988777],[-0.16216023825109005,51.49901579180127],[-0.16216007061302662,51.49901553090277],[-0.1621599029749632,51.49901485256666],[-0.1621599029749632,51.49901464384786],[-0.16216241754591465,51.49900911279909],[-0.1621626690030098,51.49900885190053],[-0.16216736286878586,51.499006503813604],[-0.1621675305068493,51.499006451633875],[-0.16219443641602993,51.49899966827087],[-0.16219510696828365,51.49899966827087],[-0.16222871840000153,51.499008956259985],[-0.16228311695158482,51.499026697357465],[-0.16228915192186832,51.499026697357465],[-0.16228973865509033,51.49902685389654],[-0.16240909695625305,51.499107888880275],[-0.16240909695625305,51.499108619394605],[-0.16236567869782448,51.49913710944435],[-0.16236450523138046,51.499137161623935],[-0.1623075921088457,51.49910188822642],[-0.1623003836721182,51.49909724424157],[-0.16230029985308647,51.49909724424157],[-0.1622786745429039,51.49908289484722],[-0.16224673949182034,51.49906901506509],[-0.16224665567278862,51.49906901506509],[-0.16220013611018658,51.499042716519],[-0.1621703803539276,51.499023514396356]],[[-0.16222000122070312,51.49905259825304],[-0.1622476615011692,51.49906823237049],[-0.16227968037128448,51.49908211215285],[-0.16227984800934792,51.499082164332464],[-0.1623014733195305,51.49909656590668],[-0.16230876557528973,51.49910115771195],[-0.16236500814557076,51.499136065853094],[-0.16240742057561874,51.49910825413744],[-0.16228873282670975,51.49902768877155],[-0.16228294931352139,51.49902768877155],[-0.1622825302183628,51.49902763659182],[-0.1622279640287161,51.49900984331498],[-0.1621947716921568,51.49900071186525],[-0.16216828487813473,51.499007338688955],[-0.1621638424694538,51.49900953023675],[-0.1621615793555975,51.49901480038696],[-0.1621616631746292,51.499015270004264],[-0.16216878779232502,51.499020748872596],[-0.16217155382037163,51.49902283606036],[-0.16220122575759888,51.49904198600362],[-0.16222000122070312,51.499052578475556],[-0.16222000122070312,51.49905259825304]]]}},{"type":"Feature","properties":{"level_id":5,"building_id":"harrods","source_layer":"virtualobstacle","geometry_tolerance_m":0.06},"geometry":{"type":"Polygon","coordinates":[[[-0.16222000122070312,51.49898234460076],[-0.16212411224842072,51.498956150364165],[-0.16212369315326214,51.498955524206934],[-0.16225998289883137,51.49876397186918],[-0.16226098872721195,51.498763658789244],[-0.16229812055826187,51.49877185104688],[-0.16230415552854538,51.498762980449385],[-0.16230499371886253,51.49876266736945],[-0.16231002286076546,51.49876313698937],[-0.16231052577495575,51.49876334570931],[-0.1623326539993286,51.49877952150331],[-0.16273146495223045,51.49903509828653],[-0.16273146495223045,51.49903577662235],[-0.1626751385629177,51.499069380322595],[-0.16267488710582256,51.49906943250221],[-0.16267388127744198,51.49906974558007],[-0.1626734621822834,51.49906974558007],[-0.1626510825008154,51.499069223783664],[-0.16264638863503933,51.49906969340043],[-0.1626298762857914,51.499074337388066],[-0.16262526623904705,51.49907673765114],[-0.16261504031717777,51.49908607780418],[-0.16261344775557518,51.4991017316876],[-0.16261336393654346,51.49910183604683],[-0.16261093318462372,51.499108619394605],[-0.16261068172752857,51.499108880292596],[-0.16254094429314137,51.499149684717054],[-0.16254044137895107,51.49914978907614],[-0.16252728179097176,51.499150728307995],[-0.16252661123871803,51.49915057176935],[-0.162503058090806,51.499135126620956],[-0.1623065024614334,51.499006921251265],[-0.16230180859565735,51.49900467752366],[-0.16222000122070312,51.49898233671816],[-0.16222000122070312,51.49898234460076]],[[-0.16222000122070312,51.49898126625423],[-0.1623025629669428,51.49900379046849],[-0.16230273060500622,51.49900384264822],[-0.162307508289814,51.499006190735315],[-0.1623075921088457,51.499006242915044],[-0.1625150442123413,51.49914154470693],[-0.1625275332480669,51.499149684717054],[-0.1625400222837925,51.49914879766473],[-0.16260934062302113,51.49910825413744],[-0.16261177137494087,51.4991016273284],[-0.16261344775557518,51.49908586908569],[-0.1626135315746069,51.499085608187585],[-0.16262400895357132,51.49907616367523],[-0.16262409277260303,51.499076007136324],[-0.1626288704574108,51.49907355469355],[-0.16262903809547424,51.49907345033429],[-0.16264580190181732,51.4990687541669],[-0.16264605335891247,51.499068701987255],[-0.16265091486275196,51.499068180190875],[-0.1626510825008154,51.499068180190875],[-0.16267337836325169,51.4990687541669],[-0.16267413273453712,51.49906854544835],[-0.16272978857159615,51.49903541136459],[-0.1623314805328846,51.49878019984294],[-0.16230951994657516,51.498764128409164],[-0.1623054128140211,51.49876376314924],[-0.1622992940247059,51.49877268592655],[-0.1622982881963253,51.49877294682645],[-0.16226115636527538,51.498764806748994],[-0.16212545335292816,51.49895547202715],[-0.16222000122070312,51.4989812488262],[-0.16222000122070312,51.49898126625423]]]}},{"type":"Feature","properties":{"level_id":5,"building_id":"harrods","source_layer":"virtualobstacle","geometry_tolerance_m":0.06},"geometry":{"type":"Polygon","coordinates":[[[-0.16229049302637577,51.49874591758936],[-0.16225713305175304,51.49873699480682],[-0.1622475776821375,51.498734437985746],[-0.1622471585869789,51.498733811825474],[-0.1622552052140236,51.49871935795662],[-0.1622557919472456,51.498718992696325],[-0.16237305477261543,51.49870234726029],[-0.16258453018963337,51.498660237932654],[-0.16258536837995052,51.498660394473006],[-0.16259551048278809,51.49866707352629],[-0.16259576193988323,51.49866754314718],[-0.16258939169347286,51.49868716286039],[-0.16258872114121914,51.49868752812097],[-0.1624528504908085,51.49870506062334],[-0.1623630803078413,51.49871888833624],[-0.1622912473976612,51.49874586540935],[-0.16229049302637577,51.49874591758936]],[[-0.16229074448347092,51.49874487398915],[-0.16236232593655586,51.49871800127556],[-0.162362577393651,51.49871794909549],[-0.16245251521468163,51.49870406920223],[-0.16258788295090199,51.498686641059635],[-0.16259408555924892,51.49866759532728],[-0.16258453018963337,51.498661281534794],[-0.16237355768680573,51.49870328650138],[-0.162373473867774,51.49870333868142],[-0.16225663013756275,51.498719931937046],[-0.16224891878664494,51.49873370746545],[-0.16226467676460743,51.49873793404714],[-0.16229074448347092,51.49874487398915]]]}},{"type":"Feature","properties":{"level_id":6,"building_id":"harrods","source_layer":"virtualobstacle","geometry_tolerance_m":0.06},"geometry":{"type":"Polygon","coordinates":[[[-0.1621981244534254,51.49880388954341],[-0.1621969509869814,51.49880759431926],[-0.16219628043472767,51.49881145563461],[-0.1621959451586008,51.49881474297038],[-0.16219552606344223,51.4988189695446],[-0.16219519078731537,51.49882230905976],[-0.16219519078731537,51.49882236123969],[-0.16219334676861763,51.49882830975045],[-0.16219326294958591,51.49882841411025],[-0.1621381938457489,51.498907362253874],[-0.16213718801736832,51.498907623153],[-0.16210433095693588,51.49889817860375],[-0.16206426545977592,51.49895515894852],[-0.16206275671720505,51.49895479369016],[-0.16210324130952358,51.49889729154654],[-0.16210433095693588,51.498897030647356],[-0.1621371041983366,51.49890647519686],[-0.16219175420701504,51.49882810103077],[-0.16219359822571278,51.498822204699906],[-0.16219393350183964,51.49881891736467],[-0.16219435259699821,51.498814638610526],[-0.16219468787312508,51.49881135127475],[-0.1621953584253788,51.498807489959376],[-0.1621953584253788,51.49880743777945],[-0.16219661571085453,51.498803628643714],[-0.16219661571085453,51.49880352428383],[-0.16221128404140472,51.498783017561266],[-0.16221145167946815,51.49878291320135],[-0.16221689991652966,51.49877837354393],[-0.16221689991652966,51.49877832136397],[-0.16221966594457626,51.49877633852495],[-0.16222000122070312,51.49877607762508],[-0.16222000122070312,51.49877609381884],[-0.16222938895225525,51.498769242047786],[-0.16223257407546043,51.4987668939485],[-0.1622366812080145,51.49876313698937],[-0.16228630207479,51.49869817285534],[-0.1622873917222023,51.49869791195502],[-0.16231773421168327,51.49870735654579],[-0.16231815330684185,51.49870803488648],[-0.16227196902036667,51.498772790286495],[-0.16226962208747864,51.49877941714337],[-0.1622694544494152,51.49878035638284],[-0.16226920299232006,51.49878155652215],[-0.16226953826844692,51.498787191958456],[-0.16226953826844692,51.49878724413841],[-0.16226920299232006,51.498790427116035],[-0.16226920299232006,51.49879047929599],[-0.16226752661168575,51.49879674089061],[-0.16226744279265404,51.498796845250524],[-0.16225235536694527,51.49881933480407],[-0.16225227154791355,51.498819386983996],[-0.16224447637796402,51.4988266399931],[-0.1622443925589323,51.498826692173026],[-0.16224120743572712,51.49882909244917],[-0.1622411236166954,51.49882909244917],[-0.1622297242283821,51.49883644981651],[-0.16222679056227207,51.49883890227204],[-0.16222494654357433,51.498840989468135],[-0.16200123354792595,51.49915751164852],[-0.16200014390051365,51.499157772546226],[-0.16196787357330322,51.49914926728067],[-0.16196745447814465,51.499148588946554],[-0.1619748305529356,51.499138413933395],[-0.1619682926684618,51.499087277935416],[-0.16186167486011982,51.49905894439348],[-0.16186125576496124,51.499058266058],[-0.16188581474125385,51.49902320131821],[-0.16188690438866615,51.499022940419735],[-0.16189897432923317,51.499026332099646],[-0.1619578991085291,51.499042716519],[-0.16195831820368767,51.49904339485468],[-0.1619487628340721,51.49905664848876],[-0.16198438592255116,51.49906630172376],[-0.16205336898565292,51.498968151709505],[-0.1620548777282238,51.498968569147536],[-0.16198555938899517,51.49906718877767],[-0.16198446974158287,51.49906744967589],[-0.16194742172956467,51.499057379003915],[-0.1619470026344061,51.49905670066843],[-0.16195647418498993,51.49904344703435],[-0.1618926040828228,51.49902565376368],[-0.16188698820769787,51.49902408837298],[-0.16186301596462727,51.49905821387836],[-0.1619693823158741,51.49908649524113],[-0.1619698852300644,51.49908691267808],[-0.1619764231145382,51.499138466112925],[-0.16197633929550648,51.499138727010745],[-0.16196929849684238,51.499148536766995],[-0.16200006008148193,51.4991566767759],[-0.16222000122070312,51.49884552911931],[-0.16222000122070312,51.49884555192368],[-0.16222352162003517,51.49884057202894],[-0.16222352162003517,51.49884051984904],[-0.1622253656387329,51.49883838047302],[-0.16222544945776463,51.49883832829312],[-0.16222846694290638,51.49883582365766],[-0.1622285507619381,51.49883577147773],[-0.1622399501502514,51.49882841411025],[-0.16224313527345657,51.498826066014004],[-0.1622508466243744,51.498818865184745],[-0.16226593405008316,51.498796532170815],[-0.16226761043071747,51.49879037493605],[-0.16226794570684433,51.498787191958456],[-0.16226761043071747,51.49878155652215],[-0.16226761043071747,51.49878150434216],[-0.16226786188781261,51.4987802520229],[-0.16226802952587605,51.49877926060347],[-0.16226802952587605,51.498779208423485],[-0.1622704602777958,51.49877252938663],[-0.1622704602777958,51.49877242502666],[-0.1623163092881441,51.49870803488648],[-0.1622873917222023,51.49869905991642],[-0.16223810613155365,51.49876360660926],[-0.16223802231252193,51.49876371096923],[-0.16223391517996788,51.498767520108316],[-0.16223383136093616,51.49876757228827],[-0.16223064623773098,51.498769868207575],[-0.162220923230052,51.49877696468465],[-0.1622181572020054,51.498778999703575],[-0.1622127927839756,51.498783435001],[-0.1621981244534254,51.49880388954341]]]}},{"type":"Feature","properties":{"level_id":-1,"building_id":"harrods","source_layer":"wall","geometry_tolerance_m":0.04},"geometry":{"type":"Polygon","coordinates":[[[-0.16314511187374592,51.49888669903848],[-0.1631330419331789,51.49888069835552],[-0.16314360313117504,51.49887167123961],[-0.1631536614149809,51.4988797591181],[-0.16314511187374592,51.49888669903848]]]}},{"type":"Feature","properties":{"level_id":-1,"building_id":"harrods","source_layer":"wall","geometry_tolerance_m":0.04},"geometry":{"type":"Polygon","coordinates":[[[-0.16296464949846268,51.49881750850665],[-0.1629375759512186,51.498799715147754],[-0.16296230256557465,51.49878520911986],[-0.16296330839395523,51.49878338282102],[-0.16299272887408733,51.49880232414512],[-0.16298962756991386,51.498802741584655],[-0.16296464949846268,51.49881750850665]]]}},{"type":"Feature","properties":{"level_id":4,"building_id":"harrods","source_layer":"wall","geometry_tolerance_m":0.04},"geometry":{"type":"Polygon","coordinates":[[[-0.16313890926539898,51.49918151423],[-0.16312776133418083,51.49917514832916],[-0.16316497698426247,51.49915276331029],[-0.1631754543632269,51.4991595466505],[-0.16313890926539898,51.49918151423]]]}},{"type":"Feature","properties":{"level_id":-1,"building_id":"harrods","source_layer":"wall","geometry_tolerance_m":0.04},"geometry":{"type":"Polygon","coordinates":[[[-0.16249082051217556,51.499011617425026],[-0.16246232204139233,51.49899267618795],[-0.1624769065529108,51.4989876147541],[-0.16250230371952057,51.49900436444537],[-0.16249082051217556,51.499011617425026]]]}},{"type":"Feature","properties":{"level_id":-1,"building_id":"harrods","source_layer":"wall","geometry_tolerance_m":0.04},"geometry":{"type":"Polygon","coordinates":[[[-0.16245083883404732,51.498909762525784],[-0.16244656406342983,51.49890819713107],[-0.1624452229589224,51.49890971034597],[-0.16240683384239674,51.498895934870774],[-0.16242150217294693,51.49888007219724],[-0.16245989128947258,51.49889379549737],[-0.16245880164206028,51.49889499563366],[-0.16246316023170948,51.49889656102883],[-0.16245083883404732,51.498909762525784]]]}},{"type":"Feature","properties":{"level_id":-1,"building_id":"harrods","source_layer":"wall","geometry_tolerance_m":0.04},"geometry":{"type":"Polygon","coordinates":[[[-0.16320914961397648,51.49902925416211],[-0.1631886139512062,51.4990160005201],[-0.16319850459694862,51.49901015639324],[-0.16319682821631432,51.49900906061936],[-0.16320948489010334,51.499001598920415],[-0.16321124508976936,51.4990027468742],[-0.1632125861942768,51.49900196417846],[-0.1632135920226574,51.49900259033504],[-0.16321669332683086,51.49900065968552],[-0.1632365584373474,51.49901333935529],[-0.16320914961397648,51.49902925416211]]]}},{"type":"Feature","properties":{"level_id":-1,"building_id":"harrods","source_layer":"wall","geometry_tolerance_m":0.04},"geometry":{"type":"Polygon","coordinates":[[[-0.16255787573754787,51.49879689743048],[-0.16255376860499382,51.49879543639179],[-0.1625536009669304,51.498795645111585],[-0.1625247672200203,51.49878541783971],[-0.16253767535090446,51.49877138142705],[-0.16256650909781456,51.49878160870213],[-0.1625662576407194,51.498781817421985],[-0.16257036477327347,51.49878322628112],[-0.16255787573754787,51.49879689743048]]]}},{"type":"Feature","properties":{"level_id":-1,"building_id":"harrods","source_layer":"wall","geometry_tolerance_m":0.04},"geometry":{"type":"Polygon","coordinates":[[[-0.16250037588179111,51.49885966986889],[-0.16246207058429718,51.498846050918246],[-0.16247053630650043,51.49883681507586],[-0.16248637810349464,51.49883942407109],[-0.16248369589447975,51.49884239832545],[-0.16249182634055614,51.49884526821984],[-0.16250045970082283,51.498835928017456],[-0.16249224543571472,51.4988330059426],[-0.16248704865574837,51.49883874573234],[-0.16247112303972244,51.49883618891698],[-0.16247808001935482,51.498828570650005],[-0.16247539781033993,51.49882763141153],[-0.16248193569481373,51.498820534942354],[-0.16248461790382862,51.49882147418097],[-0.16248637810349464,51.49881954352378],[-0.1625220850110054,51.49883222324394],[-0.16250423155725002,51.498851634166726],[-0.1625068299472332,51.49885257340469],[-0.16250037588179111,51.49885966986889]]]}},{"type":"Feature","properties":{"level_id":-1,"building_id":"harrods","source_layer":"wall","geometry_tolerance_m":0.04},"geometry":{"type":"Polygon","coordinates":[[[-0.1626037247478962,51.499086964857696],[-0.16258067451417446,51.49907188494521],[-0.16259190626442432,51.499065414669815],[-0.16260623931884766,51.499075067902936],[-0.1626037247478962,51.499086964857696]]]}},{"type":"Feature","properties":{"level_id":-1,"building_id":"harrods","source_layer":"wall","geometry_tolerance_m":0.04},"geometry":{"type":"Polygon","coordinates":[[[-0.16248637810349464,51.49887923731953],[-0.16248260624706745,51.49887793282306],[-0.16248243860900402,51.49887814154252],[-0.16244991682469845,51.498866557612445],[-0.1624627411365509,51.49885252122482],[-0.1624953467398882,51.49886410515845],[-0.16249509528279305,51.4988643138779],[-0.16249886713922024,51.498865618374765],[-0.16248637810349464,51.49887923731953]]]}},{"type":"Feature","properties":{"level_id":-1,"building_id":"harrods","source_layer":"wall","geometry_tolerance_m":0.04},"geometry":{"type":"Polygon","coordinates":[[[-0.16243231482803822,51.49892964303373],[-0.16242804005742073,51.49892802545989],[-0.162426782771945,51.49892943431453],[-0.16238839365541935,51.49891571102512],[-0.16240306198596954,51.49889979617865],[-0.1624414511024952,51.498913519472836],[-0.16244019381701946,51.49891487614806],[-0.16244455240666866,51.49891649372236],[-0.16243231482803822,51.49892964303373]]]}},{"type":"Feature","properties":{"level_id":-1,"building_id":"harrods","source_layer":"wall","geometry_tolerance_m":0.04},"geometry":{"type":"Polygon","coordinates":[[[-0.1628133561462164,51.498757136290095],[-0.16278980299830437,51.49874174318839],[-0.16279960982501507,51.49873610774645],[-0.16282307915389538,51.49875150085006],[-0.1628133561462164,51.498757136290095]]]}},{"type":"Feature","properties":{"level_id":-1,"building_id":"harrods","source_layer":"wall","geometry_tolerance_m":0.04},"geometry":{"type":"Polygon","coordinates":[[[-0.1627703569829464,51.49919935961927],[-0.1627300400286913,51.499172226276045],[-0.1627464685589075,51.49916278178162],[-0.16245637089014053,51.49897013454017],[-0.16247321851551533,51.49895959422878],[-0.16246885992586613,51.49895688088091],[-0.16242158599197865,51.498986571159435],[-0.1623778324574232,51.498999146473665],[-0.16237439587712288,51.49899690274563],[-0.16236836090683937,51.49900039878693],[-0.16236660070717335,51.49899925083312],[-0.16234824433922768,51.49898688423784],[-0.16234690323472023,51.49898594500263],[-0.1623527705669403,51.498982605499435],[-0.1623484119772911,51.49897968343399],[-0.16236383467912674,51.49897143903394],[-0.1623707078397274,51.49897597867215],[-0.16238856129348278,51.498965699260935],[-0.16239107586443424,51.49896736901317],[-0.16240675002336502,51.4989578722965],[-0.16241362318396568,51.49895072366786],[-0.16241295263171196,51.4989504105892],[-0.1624137908220291,51.4989494713532],[-0.16242611221969128,51.498936269867784],[-0.16243231482803822,51.49892964303373],[-0.16244455240666866,51.49891649372236],[-0.16245083883404732,51.498909762525784],[-0.16246316023170948,51.49889656102883],[-0.16246743500232697,51.49889191702306],[-0.16246969811618328,51.4988926997207],[-0.16247346997261047,51.49889337805865],[-0.16248637810349464,51.49887923731953],[-0.16249886713922024,51.498865618374765],[-0.16250339336693287,51.49886076564633],[-0.16250037588179111,51.49885966986889],[-0.1625068299472332,51.49885257340469],[-0.1625378429889679,51.49881870864493],[-0.1625503320246935,51.49880508968212],[-0.16255787573754787,51.49879689743048],[-0.16257036477327347,51.49878322628112],[-0.16257497482001781,51.498778164824046],[-0.16258427873253822,51.49877367734615],[-0.1626282837241888,51.498789331336866],[-0.16264110803604126,51.4987977323097],[-0.1625547744333744,51.498848764272736],[-0.1625721249729395,51.4988603482073],[-0.1625280361622572,51.49888633377955],[-0.16253440640866756,51.498890455987464],[-0.1624796725809574,51.49892411197462],[-0.16248092986643314,51.4989249468515],[-0.16247732564806938,51.498927034043675],[-0.16249626874923706,51.49893971373393],[-0.1624867133796215,51.49894571440916],[-0.16249115578830242,51.49894837557787],[-0.16250439919531345,51.49894002681265],[-0.16283447854220867,51.49916231216585],[-0.1627703569829464,51.49919935961927]]]}},{"type":"Feature","properties":{"level_id":-1,"building_id":"harrods","source_layer":"wall","geometry_tolerance_m":0.04},"geometry":{"type":"Polygon","coordinates":[[[-0.1628934871405363,51.498786043999274],[-0.162870604544878,51.49877148578702],[-0.16289625316858292,51.49875583179016],[-0.16291913576424122,51.498770390007394],[-0.1628934871405363,51.498786043999274]]]}},{"type":"Feature","properties":{"level_id":-1,"building_id":"harrods","source_layer":"wall","geometry_tolerance_m":0.04},"geometry":{"type":"Polygon","coordinates":[[[-0.1626222487539053,51.49869895555631],[-0.1626194827258587,51.498690293664936],[-0.16266784630715847,51.4986880499217],[-0.16266725957393646,51.49868319717436],[-0.16268025152385235,51.498682623193474],[-0.16268075443804264,51.49868711068032],[-0.1626870408654213,51.49868690196001],[-0.16269215382635593,51.49869572039222],[-0.1626222487539053,51.49869895555631]]]}},{"type":"Feature","properties":{"level_id":-1,"building_id":"harrods","source_layer":"wall","geometry_tolerance_m":0.04},"geometry":{"type":"Polygon","coordinates":[[[-0.1624137908220291,51.4989494713532],[-0.16240959987044334,51.49894795813967],[-0.16240859404206276,51.49894910609481],[-0.16237028874456882,51.49893538281128],[-0.16238495707511902,51.49891946797169],[-0.16242326237261295,51.49893324343975],[-0.1624219212681055,51.498934652294196],[-0.16242611221969128,51.498936269867784],[-0.1624137908220291,51.4989494713532]]]}},{"type":"Feature","properties":{"level_id":-1,"building_id":"harrods","source_layer":"wall","geometry_tolerance_m":0.04},"geometry":{"type":"Polygon","coordinates":[[[-0.1623298041522503,51.499022888240034],[-0.16231178306043148,51.49901062601063],[-0.1623440533876419,51.498992050031205],[-0.16234137117862701,51.49899022374069],[-0.16234422102570534,51.49898855398928],[-0.16234472393989563,51.49898886706768],[-0.16234824433922768,51.49898688423784],[-0.16236660070717335,51.49899925083312],[-0.16236316412687302,51.499001233662426],[-0.16236517578363419,51.49900259033504],[-0.1623298041522503,51.499022888240034]]]}},{"type":"Feature","properties":{"level_id":-1,"building_id":"harrods","source_layer":"wall","geometry_tolerance_m":0.04},"geometry":{"type":"Polygon","coordinates":[[[-0.16312021762132645,51.498891447404475],[-0.16302835196256638,51.498826744352925],[-0.1630448643118143,51.49879987168762],[-0.16297277994453907,51.49875593615016],[-0.16297705471515656,51.498753170610144],[-0.16293682157993317,51.498727811122336],[-0.162945706397295,51.49872243657887],[-0.1629424374550581,51.49871857525599],[-0.16294000670313835,51.49871434867245],[-0.16293841414153576,51.498709913368344],[-0.16293791122734547,51.49870318214124],[-0.1629381626844406,51.498700938398684],[-0.16293941996991634,51.498699894797426],[-0.16296498477458954,51.49871106132946],[-0.1629696786403656,51.49871721857491],[-0.16297252848744392,51.49872029719731],[-0.1629767194390297,51.498724628140366],[-0.16298426315188408,51.498730785384],[-0.1629957463592291,51.498738508027344],[-0.16300756484270096,51.49874440436906],[-0.16302240081131458,51.49875019634996],[-0.16303857788443565,51.498754788190155],[-0.16305224038660526,51.49875734501009],[-0.1630622986704111,51.498758649509966],[-0.1630753744393587,51.49875953656988],[-0.1630775537341833,51.49876094542972],[-0.16307177022099495,51.49876089324974],[-0.1630583591759205,51.49875984964984],[-0.16304821707308292,51.49875823207],[-0.16303438693284988,51.49875541435017],[-0.16301904805004597,51.49875061379001],[-0.16300412826240063,51.49874492616914],[-0.16299700364470482,51.49874127356824],[-0.1629843469709158,51.49873349874534],[-0.16297412104904652,51.498725097760655],[-0.1629713550209999,51.49872233221879],[-0.16294755041599274,51.49872431506017],[-0.16295417211949825,51.49873062884393],[-0.16296171583235264,51.49873642082656],[-0.16296984627842903,51.49874189972843],[-0.16298744827508926,51.49875170957006],[-0.1630012784153223,51.49875849297001],[-0.16301577910780907,51.498764806748994],[-0.16302600502967834,51.49876866806798],[-0.1630469597876072,51.49877519056548],[-0.16306397505104542,51.49877894752362],[-0.16308099031448364,51.498781817421985],[-0.16309297643601894,51.498782287041735],[-0.1630987599492073,51.49878207832185],[-0.16310328617691994,51.49878150434216],[-0.16310756094753742,51.49878046074281],[-0.16311460174620152,51.498776808144726],[-0.16315894201397896,51.49879590601137],[-0.16315625980496407,51.498798254109175],[-0.16311552375555038,51.49878046074281],[-0.16309356316924095,51.49879945424803],[-0.16310932114720345,51.498806498540546],[-0.16309373080730438,51.49882032622267],[-0.16316724009811878,51.49885267776446],[-0.1631657313555479,51.498853825721994],[-0.1631602831184864,51.49885596509725],[-0.16314251348376274,51.49887078418189],[-0.16314360313117504,51.49887167123961],[-0.1631330419331789,51.49888069835552],[-0.16312021762132645,51.498891447404475]]]}},{"type":"Feature","properties":{"level_id":-1,"building_id":"harrods","source_layer":"wall","geometry_tolerance_m":0.04},"geometry":{"type":"Polygon","coordinates":[[[-0.1625378429889679,51.49881870864493],[-0.16253373585641384,51.49881724760701],[-0.1625335682183504,51.49881745632672],[-0.16250473447144032,51.49880722905971],[-0.16251764260232449,51.49879319265378],[-0.16254639253020287,51.49880341992392],[-0.16254622489213943,51.498803628643714],[-0.1625503320246935,51.49880508968212],[-0.1625378429889679,51.49881870864493]]]}},{"type":"Feature","properties":{"level_id":-1,"building_id":"harrods","source_layer":"wall","geometry_tolerance_m":0.04},"geometry":{"type":"Polygon","coordinates":[[[-0.1619100384414196,51.49895651562255],[-0.16193761490285397,51.49891863309469],[-0.16206317581236362,51.498955054589004],[-0.16203568316996098,51.498991528233915],[-0.1619100384414196,51.49895651562255]]]}},{"type":"Feature","properties":{"level_id":-1,"building_id":"harrods","source_layer":"wall","geometry_tolerance_m":0.04},"geometry":{"type":"Polygon","coordinates":[[[-0.16316061839461327,51.49904871718064],[-0.16315139830112457,51.49904250780031],[-0.16316112130880356,51.49903697675492],[-0.16317151486873627,51.49904245562064],[-0.16316061839461327,51.49904871718064]]]}},{"type":"Feature","properties":{"level_id":-1,"building_id":"harrods","source_layer":"wall","geometry_tolerance_m":0.04},"geometry":{"type":"Polygon","coordinates":[[[-0.16209494322538376,51.4991182726186],[-0.1620940212160349,51.499119524928574],[-0.1620809454470873,51.49911571581893],[-0.16208798624575138,51.49910637567197],[-0.16212989576160908,51.49911853351651],[-0.16213576309382915,51.499110706578335],[-0.16214925795793533,51.49911394171295],[-0.16213685274124146,51.499130482639515],[-0.16209494322538376,51.4991182726186]]]}},{"type":"Feature","properties":{"level_id":0,"building_id":"harrods","source_layer":"wall","geometry_tolerance_m":0.04},"geometry":{"type":"Polygon","coordinates":[[[-0.1622677780687809,51.49875228355012],[-0.16226425766944885,51.49875134431005],[-0.1622982043772936,51.498701773279635],[-0.162275992333889,51.498708921947355],[-0.16224942170083523,51.49874748298964],[-0.1622459851205349,51.498746595929504],[-0.1622836198657751,51.498691441626534],[-0.16230516135692596,51.498697024893914],[-0.1622677780687809,51.49875228355012]]]}},{"type":"Feature","properties":{"level_id":0,"building_id":"harrods","source_layer":"wall","geometry_tolerance_m":0.04},"geometry":{"type":"Polygon","coordinates":[[[-0.16187667846679688,51.49905226539761],[-0.16187667846679688,51.49905225048705],[-0.1618522871285677,51.49904574293976],[-0.16168330796062946,51.4992947436285],[-0.1616818830370903,51.49930001374574],[-0.16168163157999516,51.4993053882211],[-0.16168473288416862,51.49931577191441],[-0.16168884001672268,51.4993217725401],[-0.161691103130579,51.49932432932823],[-0.16171054914593697,51.49933533916925],[-0.16175388358533382,51.49935897640188],[-0.16176268458366394,51.49936450740819],[-0.16176821663975716,51.499367951241965],[-0.16175991855561733,51.49937713479744],[-0.1616797037422657,51.49933017341479],[-0.16167660243809223,51.499326990474856],[-0.16167241148650646,51.4993217725401],[-0.16166671179234982,51.49930455335118],[-0.16166679561138153,51.49930142258887],[-0.161897549405694,51.49895416753287],[-0.1619116310030222,51.49895802883583],[-0.16190660186111927,51.49896528182285],[-0.1619351003319025,51.49897295224673],[-0.16190140508115292,51.49902220990404],[-0.16191481612622738,51.49902560158398],[-0.16194834373891354,51.49897655264934],[-0.16195555217564106,51.49897843112015],[-0.1619219407439232,51.499027584412175],[-0.16193543560802937,51.49903097609172],[-0.1619688794016838,51.498981927162845],[-0.1619759202003479,51.49898375345367],[-0.16194239258766174,51.499032854560284],[-0.16195588745176792,51.49903624623943],[-0.16198933124542236,51.498987249496],[-0.16199628822505474,51.498989075786625],[-0.16196267679333687,51.49903828124681],[-0.16197617165744305,51.49904162074591],[-0.1620096154510975,51.49899257182847],[-0.1620319951325655,51.49899794634007],[-0.16204297542572021,51.49898338819554],[-0.16205345280468464,51.49898683205811],[-0.16198664903640747,51.49908159035661],[-0.16187667846679688,51.49905226539761]]]}},{"type":"Feature","properties":{"level_id":0,"building_id":"harrods","source_layer":"wall","geometry_tolerance_m":0.04},"geometry":{"type":"Polygon","coordinates":[[[-0.1621823664754629,51.4985848897945],[-0.16218806616961956,51.4985837418302],[-0.16222000122070312,51.498581706802554],[-0.16222000122070312,51.49858170688625],[-0.16234447248280048,51.498573775411785],[-0.16233600676059723,51.498584315812366],[-0.16222000122070312,51.49859102570623],[-0.16222000122070312,51.498591047057005],[-0.16219527460634708,51.49859245592205],[-0.16217431984841824,51.498597465219575],[-0.1621550414711237,51.498609049218004],[-0.1621512696146965,51.498612858370024],[-0.16213685274124146,51.498633104268436],[-0.16207164153456688,51.49872483686053],[-0.16202520579099655,51.498790583655904],[-0.16203375533223152,51.498796688710684],[-0.1621627528220415,51.49883175362473],[-0.1620696298778057,51.4989639251491],[-0.1620548777282238,51.498959489869264],[-0.16208723187446594,51.49891138010025],[-0.1620129682123661,51.49889191702306],[-0.1619813684374094,51.49893820052006],[-0.16193442977964878,51.49892505121113],[-0.16192864626646042,51.49893334779932],[-0.1619138941168785,51.49892948649432],[-0.16195991076529026,51.49886019166769],[-0.16198983415961266,51.49881573438907],[-0.162004753947258,51.49882006532303],[-0.16197600401937962,51.498861339624995],[-0.16210240311920643,51.49889656102883],[-0.16214238479733467,51.49883634545671],[-0.16201774589717388,51.498801332726146],[-0.1620140578597784,51.49880571584143],[-0.1619993895292282,51.49880268940473],[-0.16201280057430267,51.49878458296027],[-0.1621381938457489,51.498608631776676],[-0.16214288771152496,51.49860419646228],[-0.1621660217642784,51.49858995127306],[-0.1621823664754629,51.4985848897945]]]}},{"type":"Feature","properties":{"level_id":0,"building_id":"harrods","source_layer":"wall","geometry_tolerance_m":0.04},"geometry":{"type":"Polygon","coordinates":[[[-0.16255284659564495,51.498573984132605],[-0.16254538670182228,51.49857174038365],[-0.1624208316206932,51.49857894125199],[-0.16240163706243038,51.4985801935768],[-0.16240591183304787,51.49856960099504],[-0.16261663287878036,51.498559321492166],[-0.16261822544038296,51.49856918355334],[-0.16256977804005146,51.49857231436599],[-0.16257966868579388,51.498642705413005],[-0.16256365925073624,51.49864327939443],[-0.16255556604508542,51.49859141231832],[-0.16255552880465984,51.49859141231832],[-0.16255284659564495,51.498573984132605]]]}},{"type":"Feature","properties":{"level_id":0,"building_id":"harrods","source_layer":"wall","geometry_tolerance_m":0.04},"geometry":{"type":"Polygon","coordinates":[[[-0.1631706766784191,51.49888998636885],[-0.16315843909978867,51.49888210721156],[-0.1632332894951105,51.498816360548204],[-0.16324653290212154,51.49882147418097],[-0.1631706766784191,51.49888998636885]]]}},{"type":"Feature","properties":{"level_id":0,"building_id":"harrods","source_layer":"wall","geometry_tolerance_m":0.04},"geometry":{"type":"Polygon","coordinates":[[[-0.16221178695559502,51.49905967490858],[-0.16227724961936474,51.49898636244049],[-0.1623053289949894,51.498994972095886],[-0.16232376918196678,51.49897764842399],[-0.16246642917394638,51.499067919292656],[-0.1624605618417263,51.49907151968773],[-0.1624535210430622,51.499078929195605],[-0.1623538602143526,51.49913888354945],[-0.1623364258557558,51.49912724750607],[-0.16234053298830986,51.49912442980903],[-0.16234371811151505,51.499126412632904],[-0.16236517578363419,51.49911253286402],[-0.1623450592160225,51.49910021847913],[-0.16232368536293507,51.49911394171295],[-0.16232569701969624,51.49911519402306],[-0.16232125461101532,51.49911790736152],[-0.1623096875846386,51.499110706578335],[-0.1623135432600975,51.49910820195785],[-0.16231530345976353,51.49910929772935],[-0.16233667731285095,51.49909541795529],[-0.16231656074523926,51.49908310356571],[-0.16229518689215183,51.4990968268047],[-0.162297785282135,51.49909844437252],[-0.1622938457876444,51.49910089681396],[-0.16228219494223595,51.499093696028126],[-0.16228588297963142,51.49909134794552],[-0.16228764317929745,51.499092443717416],[-0.16230901703238487,51.49907856393821],[-0.16228890046477318,51.49906619736447],[-0.16226752661168575,51.49907997278817],[-0.1622683648020029,51.499081746895456],[-0.1622655987739563,51.49908341664346],[-0.1622606534510851,51.499080390225174],[-0.16225168481469154,51.49908586908569],[-0.1622302271425724,51.49907198930447],[-0.1622573845088482,51.49903937701998],[-0.16225931234657764,51.499037863809406],[-0.16226358711719513,51.49903937701998],[-0.16228655353188515,51.49901276537855],[-0.1622672751545906,51.499007964845475],[-0.1622454822063446,51.499033063279],[-0.16221974976360798,51.49906254478927],[-0.16221178695559502,51.49905967490858]]]}},{"type":"Feature","properties":{"level_id":0,"building_id":"harrods","source_layer":"wall","geometry_tolerance_m":0.04},"geometry":{"type":"Polygon","coordinates":[[[-0.16294528730213642,51.49907663329191],[-0.1627126056700945,51.49892656442543],[-0.16272258013486862,51.4989205637477],[-0.16295534558594227,51.49907063263393],[-0.16294528730213642,51.49907663329191]]]}},{"type":"Feature","properties":{"level_id":0,"building_id":"harrods","source_layer":"wall","geometry_tolerance_m":0.04},"geometry":{"type":"Polygon","coordinates":[[[-0.16274051740765572,51.49919967269625],[-0.1625270303338766,51.49906202299283],[-0.1625379268079996,51.49905550053637],[-0.16275141388177872,51.49919315025946],[-0.16274051740765572,51.49919967269625]]]}},{"type":"Feature","properties":{"level_id":0,"building_id":"harrods","source_layer":"wall","geometry_tolerance_m":0.04},"geometry":{"type":"Polygon","coordinates":[[[-0.16197600401937962,51.498861339624995],[-0.162004753947258,51.49882006532303],[-0.16198983415961266,51.49881573438907],[-0.1619993895292282,51.49880268940473],[-0.1620140578597784,51.49880571584143],[-0.16201774589717388,51.498801332726146],[-0.16214238479733467,51.49883634545671],[-0.16210240311920643,51.49889656102883],[-0.16197600401937962,51.498861339624995]]]}},{"type":"Feature","properties":{"level_id":0,"building_id":"harrods","source_layer":"wall","geometry_tolerance_m":0.04},"geometry":{"type":"Polygon","coordinates":[[[-0.1629184652119875,51.498832379783664],[-0.16290295869112015,51.49882236123969],[-0.16291645355522633,51.49881448207071],[-0.1629098318517208,51.49881041203591],[-0.1629331335425377,51.49879538421186],[-0.16296138055622578,51.498812394873426],[-0.1629381626844406,51.49882737051195],[-0.16293254680931568,51.4988239266373],[-0.1629184652119875,51.498832379783664]]]}},{"type":"Feature","properties":{"level_id":0,"building_id":"harrods","source_layer":"wall","geometry_tolerance_m":0.04},"geometry":{"type":"Polygon","coordinates":[[[-0.16286741942167282,51.498793557913444],[-0.16286063008010387,51.49878922697695],[-0.16285719349980354,51.49879173161497],[-0.1628460455685854,51.49878458296027],[-0.1628499012440443,51.49878233922169],[-0.16284814104437828,51.49878124344235],[-0.16287429258227348,51.49876501546896],[-0.16289432533085346,51.49877722558452],[-0.16286741942167282,51.498793557913444]]]}},{"type":"Feature","properties":{"level_id":0,"building_id":"harrods","source_layer":"wall","geometry_tolerance_m":0.04},"geometry":{"type":"Polygon","coordinates":[[[-0.16249006614089012,51.4990537786077],[-0.16234220936894417,51.49895886371209],[-0.16253608278930187,51.49874122138823],[-0.16256843693554401,51.498705582423895],[-0.16257086768746376,51.498699633897104],[-0.1625689398497343,51.49867672684377],[-0.16256575472652912,51.49866837802875],[-0.16256500035524368,51.49866649954518],[-0.16257933340966702,51.4986644645212],[-0.16258042305707932,51.49866649954518],[-0.1625852845609188,51.4986888848029],[-0.16258880496025085,51.49872796766243],[-0.16259031370282173,51.49872963742337],[-0.16259165480732918,51.498730315763765],[-0.16259551048278809,51.49873104628412],[-0.16260338947176933,51.49873104628412],[-0.16271294094622135,51.498723845439855],[-0.1627142820507288,51.49872311491936],[-0.1627158746123314,51.49872087117774],[-0.16271637752652168,51.49871711421483],[-0.1627061516046524,51.49865241091578],[-0.1627181377261877,51.498652150015204],[-0.16272760927677155,51.498701042758796],[-0.16272928565740585,51.49871142658981],[-0.162783432751894,51.49874435218902],[-0.16282676719129086,51.49871711421483],[-0.1627807505428791,51.49868914570328],[-0.16278049908578396,51.49868601489868],[-0.16278645023703575,51.49868304063412],[-0.16278653405606747,51.498686536699466],[-0.16281520016491413,51.49870599986434],[-0.1628378313034773,51.49871487047295],[-0.16282794065773487,51.498727550222185],[-0.16282299533486366,51.49873475106588],[-0.162815535441041,51.49872979396349],[-0.16279835253953934,51.498740490868016],[-0.16282274387776852,51.49875551871017],[-0.1628400105983019,51.49874497834918],[-0.16283372417092323,51.49874101266815],[-0.16284462064504623,51.49873730788693],[-0.16285551711916924,51.498743778208905],[-0.1628504879772663,51.49875134431005],[-0.16284369863569736,51.49874701336955],[-0.162826431915164,51.49875781463004],[-0.1628509908914566,51.498772894646464],[-0.1628683414310217,51.49876209338956],[-0.16286063008010387,51.49875786681005],[-0.16287236474454403,51.498753744590175],[-0.16291008330881596,51.49877519056548],[-0.16287890262901783,51.49879329701366],[-0.1628689281642437,51.49879929770816],[-0.16285719349980354,51.49879173161497],[-0.16286063008010387,51.49878922697695],[-0.16286741942167282,51.498793557913444],[-0.16289432533085346,51.49877722558452],[-0.16287429258227348,51.49876501546896],[-0.16284814104437828,51.49878124344235],[-0.1628499012440443,51.49878233922169],[-0.1628460455685854,51.49878458296027],[-0.1626751385629177,51.49888972546961],[-0.16270053572952747,51.49890616211792],[-0.16269047744572163,51.498912214977366],[-0.16267413273453712,51.49890172683243],[-0.1624801754951477,51.49901824424714],[-0.16251345165073872,51.499039690098016],[-0.16250238753855228,51.49904636909574],[-0.16249006614089012,51.4990537786077]]]}},{"type":"Feature","properties":{"level_id":0,"building_id":"harrods","source_layer":"wall","geometry_tolerance_m":0.04},"geometry":{"type":"Polygon","coordinates":[[[-0.16306129284203053,51.498792096874666],[-0.16302860341966152,51.49878828773765],[-0.16299398615956306,51.498777382124445],[-0.16296959482133389,51.49876877242795],[-0.16294369474053383,51.49875541435017],[-0.16291670501232147,51.49873642082656],[-0.16290999948978424,51.49872598482122],[-0.16291058622300625,51.498726141361345],[-0.16291276551783085,51.49872598482122],[-0.16291880048811436,51.49873626428652],[-0.1629446167498827,51.4987547360102],[-0.1629701815545559,51.498767728828255],[-0.16302835196256638,51.498786826698705],[-0.1630600355565548,51.498790427116035],[-0.1630830019712448,51.49878432206043],[-0.1630464568734169,51.498768041908164],[-0.16301460564136505,51.49876631996864],[-0.16297118738293648,51.49875134431005],[-0.16294855624437332,51.4987377775071],[-0.16293405555188656,51.498726089181275],[-0.1629374921321869,51.49872619354139],[-0.1629348937422037,51.498713826872006],[-0.16293833032250404,51.498704851903085],[-0.16294428147375584,51.498700834038544],[-0.1629522442817688,51.498698590295845],[-0.16296758316457272,51.498698590295845],[-0.16297738999128342,51.49870140801926],[-0.1629920583218336,51.49870662602498],[-0.16301150433719158,51.498714557392645],[-0.16303312964737415,51.498725358660835],[-0.16306917183101177,51.49874419564898],[-0.16308090649545193,51.49875212701011],[-0.16308962367475033,51.4987604758098],[-0.16309197060763836,51.498774825305645],[-0.16308585181832314,51.49878541783971],[-0.16306129284203053,51.498792096874666]]]}},{"type":"Feature","properties":{"level_id":2,"building_id":"harrods","source_layer":"wall","geometry_tolerance_m":0.04},"geometry":{"type":"Polygon","coordinates":[[[-0.1623254455626011,51.49858358528962],[-0.16232888214290142,51.4985841070916],[-0.16232913359999657,51.49859141231832],[-0.16232911240174128,51.49859141231832],[-0.16233114525675774,51.49865590698349],[-0.16232301481068134,51.49865126295319],[-0.16231094487011433,51.498649384468905],[-0.16229786910116673,51.498650114990596],[-0.1622879784554243,51.49865282835674],[-0.16228311695158482,51.49865564608291],[-0.16228286549448967,51.498657315846515],[-0.162275405600667,51.498668325848655],[-0.16213576309382915,51.49862903421743],[-0.16216149553656578,51.49860273541745],[-0.1621730625629425,51.498597465219575],[-0.16222000122070312,51.498593082084284],[-0.16222000122070312,51.49859310169515],[-0.16232293099164963,51.49858353310944],[-0.1623254455626011,51.49858358528962]]]}},{"type":"Feature","properties":{"level_id":2,"building_id":"harrods","source_layer":"wall","geometry_tolerance_m":0.04},"geometry":{"type":"Polygon","coordinates":[[[-0.16254404559731483,51.498814012451334],[-0.16251026652753353,51.49880295030445],[-0.16252242028713226,51.49878875735732],[-0.1625515054911375,51.49879851500893],[-0.16255619935691357,51.498800341307145],[-0.16254404559731483,51.498814012451334]]]}},{"type":"Feature","properties":{"level_id":2,"building_id":"harrods","source_layer":"wall","geometry_tolerance_m":0.04},"geometry":{"type":"Polygon","coordinates":[[[-0.16272442415356636,51.499043707932714],[-0.16271905973553658,51.499040211894766],[-0.1627245917916298,51.499037028934595],[-0.16271847300231457,51.499033063279],[-0.1627257652580738,51.49902873236525],[-0.1627371646463871,51.49903603752074],[-0.16272442415356636,51.499043707932714]]]}},{"type":"Feature","properties":{"level_id":2,"building_id":"harrods","source_layer":"wall","geometry_tolerance_m":0.04},"geometry":{"type":"Polygon","coordinates":[[[-0.16224908642470837,51.49881166435435],[-0.16223760321736336,51.498807646499216],[-0.16226543113589287,51.49877127706708],[-0.16228278167545795,51.49877545146535],[-0.16227842308580875,51.49878312192121],[-0.1622749026864767,51.49878286102137],[-0.16224908642470837,51.49881166435435]]]}},{"type":"Feature","properties":{"level_id":2,"building_id":"harrods","source_layer":"wall","geometry_tolerance_m":0.04},"geometry":{"type":"Polygon","coordinates":[[[-0.16317646019160748,51.49905894439348],[-0.16310052014887333,51.499008434462866],[-0.16311552375555038,51.49899935519255],[-0.1631204690784216,51.49900259033504],[-0.16315064392983913,51.49902210554464],[-0.16315449960529804,51.49902471452927],[-0.16319473274052143,51.49900076404495],[-0.1632104068994522,51.499010991268534],[-0.1632049586623907,51.499014278589954],[-0.16319205053150654,51.49902205336494],[-0.1631787233054638,51.499029515060556],[-0.16320043243467808,51.4990439166514],[-0.16317646019160748,51.49905894439348]]]}},{"type":"Feature","properties":{"level_id":2,"building_id":"harrods","source_layer":"wall","geometry_tolerance_m":0.04},"geometry":{"type":"Polygon","coordinates":[[[-0.16270757652819157,51.498947018903664],[-0.1627006195485592,51.49894247926258],[-0.16271235421299934,51.4989354349911],[-0.16263188794255257,51.49888351606762],[-0.16258838586509228,51.4989096581661],[-0.16262685880064964,51.49893449575484],[-0.16262141056358814,51.49893773090193],[-0.16253993846476078,51.49888518582287],[-0.16259928233921528,51.49884892081241],[-0.16257832758128643,51.498835614938],[-0.16265594400465488,51.49878776593803],[-0.16264798119664192,51.49878197396188],[-0.16257044859230518,51.49878541783971],[-0.16255619935691357,51.498800341307145],[-0.1625515054911375,51.49879851500893],[-0.16252242028713226,51.49878875735732],[-0.16251026652753353,51.49880295030445],[-0.16254404559731483,51.498814012451334],[-0.16253583133220673,51.4988226221393],[-0.16250381246209145,51.49881077729546],[-0.1624905690550804,51.498825022415645],[-0.16251965425908566,51.4988347800595],[-0.1625204924494028,51.49883399736086],[-0.16252501867711544,51.49883577147773],[-0.16251873224973679,51.49884166780683],[-0.16250540502369404,51.49885737395411],[-0.16252719797194004,51.49887266265705],[-0.162523677572608,51.49887469767171],[-0.1624736376106739,51.49884239832545],[-0.16246835701167583,51.498839371891194],[-0.16245880164206028,51.498832797222946],[-0.16245444305241108,51.498829353348725],[-0.16242284327745438,51.498796219091076],[-0.162340197712183,51.49877216412676],[-0.16234656795859337,51.498766163428655],[-0.1624294649809599,51.49878938351682],[-0.16246257349848747,51.49882173508061],[-0.16253708861768246,51.49873772532706],[-0.16256801784038544,51.498703547401675],[-0.16256650909781456,51.498675370161436],[-0.1625656709074974,51.49867484836054],[-0.16241739504039288,51.498682518833306],[-0.16241286881268024,51.498675891962336],[-0.16257262788712978,51.49866613428446],[-0.16257246024906635,51.49867625722297],[-0.16258017159998417,51.49878046074281],[-0.16272325068712234,51.49877675596474],[-0.16275770030915737,51.498797627949784],[-0.16279852017760277,51.49877268592655],[-0.16278494149446487,51.498763450069305],[-0.16276340000331402,51.49877686032468],[-0.1627611368894577,51.49877534710541],[-0.162773123010993,51.498767833188225],[-0.1627639029175043,51.4987567188501],[-0.16274672001600266,51.498766528688606],[-0.16274110414087772,51.498762876089415],[-0.1627654116600752,51.49874774388965],[-0.16273749992251396,51.49872953306331],[-0.1627246756106615,51.49865773328739],[-0.16273892484605312,51.498656115703966],[-0.16274177469313145,51.49867923148798],[-0.1627442054450512,51.49870239944039],[-0.16274454072117805,51.49871387905205],[-0.16279751434922218,51.49874753516963],[-0.16284369863569736,51.49871967103684],[-0.16278251074254513,51.498681057790975],[-0.16277228482067585,51.498681944852365],[-0.16277052462100983,51.498675944142434],[-0.16279583796858788,51.498674900540635],[-0.1628628931939602,51.49871747947512],[-0.16283992677927017,51.49873036794375],[-0.16284478828310966,51.49873349874534],[-0.16283808276057243,51.498737620967034],[-0.16283481381833553,51.498735794666345],[-0.1628204807639122,51.498744560909074],[-0.16283967532217503,51.4987568232101],[-0.16285442747175694,51.49874826568973],[-0.1628499012440443,51.49874529142923],[-0.16285685822367668,51.49874127356824],[-0.1628722809255123,51.49875123995005],[-0.16286599449813366,51.49875489255015],[-0.1628613844513893,51.49875202265011],[-0.16284696757793427,51.498760841069725],[-0.16286557540297508,51.49877383388608],[-0.1628804113715887,51.49876506764895],[-0.16287638805806637,51.49876235428948],[-0.16288342885673046,51.498758023350035],[-0.16288820654153824,51.49876099760971],[-0.16290354542434216,51.49874002124787],[-0.16291645355522633,51.498729846143476],[-0.16301351599395275,51.49876939858774],[-0.1630099955946207,51.498773990426],[-0.16293070279061794,51.49874503052919],[-0.16290723346173763,51.49875979746986],[-0.16296381130814552,51.49879741922999],[-0.1629522442817688,51.49880420262309],[-0.16294780187308788,51.49880143708603],[-0.16293346881866455,51.4988096815168],[-0.16295266337692738,51.498822517779445],[-0.16296724788844585,51.49881380373162],[-0.16296456567943096,51.498812186153685],[-0.16297579742968082,51.498805402761775],[-0.16303958371281624,51.49884782503466],[-0.16309012658894062,51.49880759431926],[-0.16304964199662209,51.49879047929599],[-0.16305743716657162,51.49878646143898],[-0.16310269944369793,51.49880550712163],[-0.1630928087979555,51.49881453425064],[-0.1630703452974558,51.49883227542384],[-0.16296733170747757,51.49889661320867],[-0.16296121291816235,51.4988926997207],[-0.16298845410346985,51.49887631524743],[-0.1629114244133234,51.498826692173026],[-0.16284797340631485,51.49886483567667],[-0.1628830935806036,51.49888649031911],[-0.16287580132484436,51.49889061252699],[-0.16283992677927017,51.49886749685015],[-0.16281813383102417,51.49888059399581],[-0.16281293705105782,51.49887720230504],[-0.16290446743369102,51.498822204699906],[-0.16282224096357822,51.498769137687844],[-0.16270983964204788,51.49883665853616],[-0.16279734671115875,51.4988930649796],[-0.1627665013074875,51.49891158881951],[-0.16275862231850624,51.498906527376676],[-0.1627812534570694,51.49889290844007],[-0.1627017091959715,51.49884156344703],[-0.1626391801983118,51.49887918513966],[-0.16271964646875858,51.49893105188829],[-0.16273322515189648,51.49892291183909],[-0.16274018213152885,51.49892739930229],[-0.16270757652819157,51.498947018903664]]]}},{"type":"Feature","properties":{"level_id":2,"building_id":"harrods","source_layer":"wall","geometry_tolerance_m":0.04},"geometry":{"type":"Polygon","coordinates":[[[-0.16295266337692738,51.498822517779445],[-0.16293346881866455,51.4988096815168],[-0.16294780187308788,51.49880143708603],[-0.1629522442817688,51.49880420262309],[-0.16296381130814552,51.49879741922999],[-0.16297579742968082,51.498805402761775],[-0.16296456567943096,51.498812186153685],[-0.16296724788844585,51.49881380373162],[-0.16295266337692738,51.498822517779445]]]}},{"type":"Feature","properties":{"level_id":2,"building_id":"harrods","source_layer":"wall","geometry_tolerance_m":0.04},"geometry":{"type":"Polygon","coordinates":[[[-0.16315064392983913,51.49902210554464],[-0.1631204690784216,51.49900259033504],[-0.1631575170904398,51.49898025741115],[-0.1631880272179842,51.49899966827087],[-0.16315064392983913,51.49902210554464]]]}},{"type":"Feature","properties":{"level_id":2,"building_id":"harrods","source_layer":"wall","geometry_tolerance_m":0.04},"geometry":{"type":"Polygon","coordinates":[[[-0.1620320789515972,51.49893987027326],[-0.16203333623707294,51.49893799180086],[-0.1620433945208788,51.49892505121113],[-0.16199586912989616,51.498921398624645],[-0.16199125908315182,51.49892677314466],[-0.16198991797864437,51.49892833853875],[-0.16198120079934597,51.4989259382678],[-0.16198254190385342,51.498924320693874],[-0.1620003953576088,51.49890016143749],[-0.16200894489884377,51.4989026660694],[-0.1619966235011816,51.49891957233129],[-0.16204473562538624,51.498922859659274],[-0.16205118969082832,51.498914145630636],[-0.16206099651753902,51.49891670244162],[-0.16204364597797394,51.498940809509435],[-0.1620423886924982,51.49894247926258],[-0.1620320789515972,51.49893987027326]]]}},{"type":"Feature","properties":{"level_id":2,"building_id":"harrods","source_layer":"wall","geometry_tolerance_m":0.04},"geometry":{"type":"Polygon","coordinates":[[[-0.16212956048548222,51.49903828124681],[-0.1621366012841463,51.499025027607416],[-0.16209376975893974,51.499011773964156],[-0.16210651025176048,51.49899867685619],[-0.1621180772781372,51.49900154674074],[-0.162112545222044,51.499008121384634],[-0.16215587966144085,51.499021375028946],[-0.1621490065008402,51.49903452431005],[-0.16216954216361046,51.4990414642069],[-0.16216224990785122,51.49904803884502],[-0.16212956048548222,51.49903828124681]]]}},{"type":"Feature","properties":{"level_id":2,"building_id":"harrods","source_layer":"wall","geometry_tolerance_m":0.04},"geometry":{"type":"Polygon","coordinates":[[[-0.16206426545977592,51.49907856393821],[-0.16205965541303158,51.49908352100272],[-0.16204641200602055,51.499079503171544],[-0.16205471009016037,51.49906901506509],[-0.16209888271987438,51.499081746895456],[-0.16211212612688541,51.49906238825034],[-0.16211438924074173,51.4990611359388],[-0.16211765818297863,51.499060405423705],[-0.1621435582637787,51.49906724095732],[-0.16214489936828613,51.499067867112984],[-0.16213995404541492,51.49907324161575],[-0.1621212624013424,51.499070684813574],[-0.1621049176901579,51.49908905204245],[-0.1621039118617773,51.49908926076088],[-0.16206426545977592,51.49907856393821]]]}},{"type":"Feature","properties":{"level_id":2,"building_id":"harrods","source_layer":"wall","geometry_tolerance_m":0.04},"geometry":{"type":"Polygon","coordinates":[[[-0.16252820380032063,51.499148536766995],[-0.16243633814156055,51.49908931294053],[-0.16250431537628174,51.49904845628234],[-0.16259458847343922,51.499106740929165],[-0.16259475611150265,51.49910856721502],[-0.16257346607744694,51.499121351213915],[-0.16254069283604622,51.49914190996381],[-0.16252820380032063,51.499148536766995]]]}},{"type":"Feature","properties":{"level_id":2,"building_id":"harrods","source_layer":"wall","geometry_tolerance_m":0.04},"geometry":{"type":"Polygon","coordinates":[[[-0.16245435923337936,51.499205986414125],[-0.16242904588580132,51.49918960205349],[-0.1624398585408926,51.49918307961528],[-0.16245477832853794,51.49919268064397],[-0.16246835701167583,51.49918448846202],[-0.16247883439064026,51.499191271797514],[-0.16245435923337936,51.499205986414125]]]}},{"type":"Feature","properties":{"level_id":2,"building_id":"harrods","source_layer":"wall","geometry_tolerance_m":0.04},"geometry":{"type":"Polygon","coordinates":[[[-0.1624121144413948,51.49899627658897],[-0.1623945962637663,51.49898474486869],[-0.16241027042269707,51.49897514379617],[-0.16240163706243038,51.498969873641386],[-0.1624142099171877,51.49895573292602],[-0.16242032870650291,51.4989487930161],[-0.1624316442757845,51.498936008968826],[-0.16243809834122658,51.49892875597712],[-0.16245033591985703,51.498915763204934],[-0.16247933730483055,51.49888278554968],[-0.1625220850110054,51.498910597402926],[-0.1625318080186844,51.498904179284466],[-0.16254999674856663,51.49891581538478],[-0.1624121144413948,51.49899627658897]]]}},{"type":"Feature","properties":{"level_id":2,"building_id":"harrods","source_layer":"wall","geometry_tolerance_m":0.04},"geometry":{"type":"Polygon","coordinates":[[[-0.16240163706243038,51.498969873641386],[-0.1623973622918129,51.49896726465363],[-0.1623962726444006,51.49896851696778],[-0.16235796734690666,51.49895500240922],[-0.1623717974871397,51.498939191936046],[-0.1624109409749508,51.49895265431948],[-0.16240959987044334,51.4989543240722],[-0.1624142099171877,51.49895573292602],[-0.16240163706243038,51.498969873641386]]]}},{"type":"Feature","properties":{"level_id":2,"building_id":"harrods","source_layer":"wall","geometry_tolerance_m":0.04},"geometry":{"type":"Polygon","coordinates":[[[-0.16253993846476078,51.49888518582287],[-0.162523677572608,51.49887469767171],[-0.16252719797194004,51.49887266265705],[-0.16250540502369404,51.49885737395411],[-0.16251873224973679,51.49884166780683],[-0.16252501867711544,51.49883577147773],[-0.16253583133220673,51.4988226221393],[-0.16254404559731483,51.498814012451334],[-0.16255619935691357,51.498800341307145],[-0.16257044859230518,51.49878541783971],[-0.16264798119664192,51.49878197396188],[-0.16265594400465488,51.49878776593803],[-0.16257832758128643,51.498835614938],[-0.16259928233921528,51.49884892081241],[-0.16253993846476078,51.49888518582287]]]}},{"type":"Feature","properties":{"level_id":2,"building_id":"harrods","source_layer":"wall","geometry_tolerance_m":0.04},"geometry":{"type":"Polygon","coordinates":[[[-0.16217532567679882,51.49892098118616],[-0.16216283664107323,51.49891805911676],[-0.16222000122070312,51.49883691943569],[-0.16222000122070312,51.49883692940488],[-0.16222335398197174,51.49883217106401],[-0.1622350886464119,51.49883535403848],[-0.16222402453422546,51.49884740759552],[-0.1623963564634323,51.49889536089256],[-0.16243591904640198,51.49885309520357],[-0.16239451244473457,51.49881479515031],[-0.1623244397342205,51.498794705872456],[-0.16233080998063087,51.498787609398164],[-0.16240163706243038,51.49880644636059],[-0.16243893653154373,51.49884365064304],[-0.16245268285274506,51.498853669182324],[-0.1625318080186844,51.498904179284466],[-0.1625220850110054,51.498910597402926],[-0.16247933730483055,51.49888278554968],[-0.16245033591985703,51.498915763204934],[-0.16244497150182724,51.498914249990264],[-0.16244648024439812,51.49891263241591],[-0.1624076720327139,51.49889911784078],[-0.16239367425441742,51.498915032687506],[-0.16243197955191135,51.49892865161752],[-0.1624333206564188,51.49892729494266],[-0.16243809834122658,51.49892875597712],[-0.1624316442757845,51.498936008968826],[-0.16242703422904015,51.498934339215424],[-0.16242871060967445,51.49893225202362],[-0.16238948330283165,51.498919311432246],[-0.16237531788647175,51.498934756653796],[-0.16241404227912426,51.49894889737567],[-0.16241555102169514,51.49894712326321],[-0.16242032870650291,51.4989487930161],[-0.1624142099171877,51.49895573292602],[-0.16240959987044334,51.4989543240722],[-0.1624109409749508,51.49895265431948],[-0.1623717974871397,51.498939191936046],[-0.16235796734690666,51.49895500240922],[-0.1623962726444006,51.49896851696778],[-0.1623973622918129,51.49896726465363],[-0.16240163706243038,51.498969873641386],[-0.16241027042269707,51.49897514379617],[-0.1623945962637663,51.49898474486869],[-0.1624121144413948,51.49899627658897],[-0.16254999674856663,51.49891581538478],[-0.16260238364338875,51.49894915827457],[-0.16259517520666122,51.49895354137564],[-0.16255670227110386,51.49892870379733],[-0.16251403838396072,51.4989543240722],[-0.16259634867310524,51.499007338688955],[-0.16263892874121666,51.4989817184439],[-0.16262752935290337,51.49897441327971],[-0.1626348216086626,51.49897003018066],[-0.16265049576759338,51.49898020523139],[-0.16268553212285042,51.499002799053926],[-0.16267823986709118,51.499007129970124],[-0.16264588572084904,51.49898625808103],[-0.16260330565273762,51.49901182614386],[-0.16268117353320122,51.499062075172446],[-0.16269290819764137,51.49905497873979],[-0.1626991108059883,51.49905894439348],[-0.16267639584839344,51.49907256328049],[-0.16258721239864826,51.49901500910579],[-0.16252828761935234,51.49905038692984],[-0.16261747106909752,51.49910794105989],[-0.16258394345641136,51.49912808237923],[-0.16257346607744694,51.499121351213915],[-0.16259475611150265,51.49910856721502],[-0.16259458847343922,51.499106740929165],[-0.16250431537628174,51.49904845628234],[-0.16243633814156055,51.49908931294053],[-0.16252820380032063,51.499148536766995],[-0.16254069283604622,51.49914190996381],[-0.1625504158437252,51.49914827586923],[-0.16251328401267529,51.49917055653131],[-0.16250280663371086,51.49916382537225],[-0.16251730732619762,51.49915511138968],[-0.16242544166743755,51.499095835392126],[-0.162361990660429,51.49913397867053],[-0.1624065823853016,51.49916272960209],[-0.16239660792052746,51.49916873024796],[-0.16233718022704124,51.499129804305085],[-0.1623412873595953,51.49912735186521],[-0.16234422102570534,51.49912557775971],[-0.16234606504440308,51.49912672571034],[-0.16236836090683937,51.499113524276225],[-0.16234866343438625,51.499101053352774],[-0.16232687048614025,51.49911420261091],[-0.16232787631452084,51.49911488094554],[-0.1623249426484108,51.49911670723105],[-0.1623146329075098,51.49911002824365],[-0.16231706365942955,51.49910835849664],[-0.162317818030715,51.49910882811298],[-0.16234053298830986,51.499095731032924],[-0.16232050023972988,51.49908320792497],[-0.1622987911105156,51.49909687898432],[-0.1622998807579279,51.499097505139616],[-0.16229745000600815,51.49909891398897],[-0.16228747554123402,51.49909249589706],[-0.1622895710170269,51.49909113922706],[-0.16229032538831234,51.4990916088436],[-0.16231278888881207,51.49907845957898],[-0.1622933428734541,51.499065988645896],[-0.16227029263973236,51.499079607530774],[-0.16227188520133495,51.4990810163807],[-0.16227071173489094,51.49908159035661],[-0.16226551495492458,51.499078929195605],[-0.162254786118865,51.49908555600794],[-0.16222000122070312,51.49906179551956],[-0.16222000122070312,51.49906181427423],[-0.16221513971686363,51.499058474776604],[-0.16220759600400925,51.49905023039085],[-0.16222000122070312,51.49905356988907],[-0.16222000122070312,51.49905359178563],[-0.16224514693021774,51.499060405423705],[-0.16224741004407406,51.49906045760335],[-0.16224950551986694,51.49906004016617],[-0.16227331012487411,51.49903546354426],[-0.16228965483605862,51.49901506128546],[-0.16233466565608978,51.49896622105851],[-0.16226652078330517,51.498946862364306],[-0.1622362621128559,51.498980674849065],[-0.16222000122070312,51.4989763924723],[-0.16222000122070312,51.498976396110095],[-0.1621496770530939,51.4989578722965],[-0.16213308088481426,51.49897728316577],[-0.16212226822972298,51.49897253480873],[-0.16214565373957157,51.49894138348711],[-0.1621562149375677,51.49894482735286],[-0.16215437091886997,51.498947018903664],[-0.16222000122070312,51.49896564708115],[-0.16222000122070312,51.49896566891923],[-0.16222947277128696,51.498968360428506],[-0.1622590608894825,51.498932095484236],[-0.16234204173088074,51.4989574026786],[-0.16238990239799023,51.49890470108275],[-0.16222000122070312,51.49885698828444],[-0.16222000122070312,51.49885700869493],[-0.1622193306684494,51.498856799975414],[-0.16217532567679882,51.49892098118616]]]}},{"type":"Feature","properties":{"level_id":2,"building_id":"harrods","source_layer":"wall","geometry_tolerance_m":0.04},"geometry":{"type":"Polygon","coordinates":[[[-0.16254739835858345,51.499192576285],[-0.16253868117928505,51.499186940898795],[-0.16257581301033497,51.49916460806523],[-0.16258453018963337,51.49917024345419],[-0.16254739835858345,51.499192576285]]]}},{"type":"Feature","properties":{"level_id":2,"building_id":"harrods","source_layer":"wall","geometry_tolerance_m":0.04},"geometry":{"type":"Polygon","coordinates":[[[-0.1623963564634323,51.49889536089256],[-0.16222402453422546,51.49884740759552],[-0.1622350886464119,51.49883535403848],[-0.16224908642470837,51.49881166435435],[-0.1622749026864767,51.49878286102137],[-0.16227842308580875,51.49878312192121],[-0.1623244397342205,51.498794705872456],[-0.16239451244473457,51.49881479515031],[-0.16243591904640198,51.49885309520357],[-0.1623963564634323,51.49889536089256]]]}},{"type":"Feature","properties":{"level_id":2,"building_id":"harrods","source_layer":"wall","geometry_tolerance_m":0.04},"geometry":{"type":"Polygon","coordinates":[[[-0.16243809834122658,51.49892875597712],[-0.1624333206564188,51.49892729494266],[-0.16243197955191135,51.49892865161752],[-0.16239367425441742,51.498915032687506],[-0.1624076720327139,51.49889911784078],[-0.16244648024439812,51.49891263241591],[-0.16244497150182724,51.498914249990264],[-0.16245033591985703,51.498915763204934],[-0.16243809834122658,51.49892875597712]]]}},{"type":"Feature","properties":{"level_id":2,"building_id":"harrods","source_layer":"wall","geometry_tolerance_m":0.04},"geometry":{"type":"Polygon","coordinates":[[[-0.16229418106377125,51.49876058016977],[-0.16227473504841328,51.498754788190155],[-0.16231907531619072,51.498690972005875],[-0.16232267953455448,51.49868711068032],[-0.16232636757194996,51.49868413641585],[-0.16233072616159916,51.49868152741172],[-0.16233491711318493,51.498679753288854],[-0.1623624935746193,51.49867813570614],[-0.16236333176493645,51.49867870968714],[-0.16235779970884323,51.49868716286039],[-0.1623396947979927,51.49868914570328],[-0.16229267232120037,51.4987516573901],[-0.1622939296066761,51.498752231370105],[-0.16229418106377125,51.49876058016977]]]}},{"type":"Feature","properties":{"level_id":2,"building_id":"harrods","source_layer":"wall","geometry_tolerance_m":0.04},"geometry":{"type":"Polygon","coordinates":[[[-0.16199125908315182,51.49892677314466],[-0.16199586912989616,51.498921398624645],[-0.1620433945208788,51.49892505121113],[-0.16203333623707294,51.49893799180086],[-0.16199125908315182,51.49892677314466]]]}},{"type":"Feature","properties":{"level_id":2,"building_id":"harrods","source_layer":"wall","geometry_tolerance_m":0.04},"geometry":{"type":"Polygon","coordinates":[[[-0.16241404227912426,51.49894889737567],[-0.16237531788647175,51.498934756653796],[-0.16238948330283165,51.498919311432246],[-0.16242871060967445,51.49893225202362],[-0.16242703422904015,51.498934339215424],[-0.1624316442757845,51.498936008968826],[-0.16242032870650291,51.4989487930161],[-0.16241555102169514,51.49894712326321],[-0.16241404227912426,51.49894889737567]]]}},{"type":"Feature","properties":{"level_id":2,"building_id":"harrods","source_layer":"wall","geometry_tolerance_m":0.04},"geometry":{"type":"Polygon","coordinates":[[[-0.16252501867711544,51.49883577147773],[-0.1625204924494028,51.49883399736086],[-0.16251965425908566,51.4988347800595],[-0.1624905690550804,51.498825022415645],[-0.16250381246209145,51.49881077729546],[-0.16253583133220673,51.4988226221393],[-0.16252501867711544,51.49883577147773]]]}},{"type":"Feature","properties":{"level_id":2,"building_id":"harrods","source_layer":"wall","geometry_tolerance_m":0.04},"geometry":{"type":"Polygon","coordinates":[[[-0.16277597285807133,51.498786409259],[-0.16274563036859035,51.49876710266844],[-0.1627639029175043,51.4987567188501],[-0.162773123010993,51.498767833188225],[-0.1627611368894577,51.49877534710541],[-0.16276340000331402,51.49877686032468],[-0.16278494149446487,51.498763450069305],[-0.16279852017760277,51.49877268592655],[-0.16277597285807133,51.498786409259]]]}},{"type":"Feature","properties":{"level_id":2,"building_id":"harrods","source_layer":"wall","geometry_tolerance_m":0.04},"geometry":{"type":"Polygon","coordinates":[[[-0.16201112419366837,51.49912902161154],[-0.16203065402805805,51.49910371451247],[-0.1620314922183752,51.499102618740835],[-0.16204196959733963,51.49910679310878],[-0.16203836537897587,51.499113837353775],[-0.1620244514197111,51.49913303943836],[-0.16201112419366837,51.49912902161154]]]}},{"type":"Feature","properties":{"level_id":2,"building_id":"harrods","source_layer":"wall","geometry_tolerance_m":0.04},"geometry":{"type":"Polygon","coordinates":[[[-0.16320512630045414,51.499038385606156],[-0.1631897035986185,51.49902847146683],[-0.16319640912115574,51.49902471452927],[-0.16319205053150654,51.49902205336494],[-0.1632049586623907,51.499014278589954],[-0.16320914961397648,51.49901688757498],[-0.16321225091814995,51.49901521782459],[-0.1632271707057953,51.499024975427716],[-0.16320512630045414,51.499038385606156]]]}},{"type":"Feature","properties":{"level_id":2,"building_id":"harrods","source_layer":"wall","geometry_tolerance_m":0.04},"geometry":{"type":"Polygon","coordinates":[[[-0.16266952268779278,51.49896877786654],[-0.162653848528862,51.49895860281322],[-0.16266105696558952,51.498954271892416],[-0.16267245635390282,51.498961577059845],[-0.16267966479063034,51.4989572461393],[-0.16268402338027954,51.49896006384668],[-0.16266952268779278,51.49896877786654]]]}},{"type":"Feature","properties":{"level_id":2,"building_id":"harrods","source_layer":"wall","geometry_tolerance_m":0.04},"geometry":{"type":"Polygon","coordinates":[[[-0.1629277691245079,51.499005460219365],[-0.16290932893753052,51.49899361542302],[-0.16289759427309036,51.49900065968552],[-0.16289147548377514,51.498996694026744],[-0.16289055347442627,51.49899617222954],[-0.16292869113385677,51.49897326532522],[-0.1629549264907837,51.49899022374069],[-0.1629539206624031,51.49899079771771],[-0.162934809923172,51.498978274580935],[-0.16291863285005093,51.49898818873115],[-0.16291880048811436,51.49898949322446],[-0.16293673776090145,51.49900107712327],[-0.16292952932417393,51.499005460219365],[-0.16292869113385677,51.49900488624252],[-0.1629277691245079,51.499005460219365]]]}},{"type":"Feature","properties":{"level_id":2,"building_id":"harrods","source_layer":"wall","geometry_tolerance_m":0.04},"geometry":{"type":"Polygon","coordinates":[[[-0.16292567364871502,51.49892165952369],[-0.1629151962697506,51.49891492832788],[-0.1629223208874464,51.498910597402926],[-0.16292743384838104,51.49891383255175],[-0.16293288208544254,51.49891732859936],[-0.16292567364871502,51.49892165952369]]]}},{"type":"Feature","properties":{"level_id":3,"building_id":"harrods","source_layer":"wall","geometry_tolerance_m":0.04},"geometry":{"type":"Polygon","coordinates":[[[-0.16242150217294693,51.49894816685878],[-0.1624163892120123,51.49894628838672],[-0.1624147966504097,51.498948114679024],[-0.16237582080066204,51.498934756653796],[-0.1623903214931488,51.49891899835336],[-0.16242921352386475,51.498931991124635],[-0.1624272856861353,51.49893413049625],[-0.16243265010416508,51.4989361133284],[-0.16242150217294693,51.49894816685878]]]}},{"type":"Feature","properties":{"level_id":3,"building_id":"harrods","source_layer":"wall","geometry_tolerance_m":0.04},"geometry":{"type":"Polygon","coordinates":[[[-0.16240348108112812,51.49896888222608],[-0.16239836812019348,51.49896627323827],[-0.1623967755585909,51.49896804734999],[-0.1623582188040018,51.4989543240722],[-0.1623723842203617,51.498938617958345],[-0.16241136007010937,51.49895202816222],[-0.16240959987044334,51.498953958813786],[-0.16241471283137798,51.49895557638669],[-0.16240348108112812,51.49896888222608]]]}},{"type":"Feature","properties":{"level_id":3,"building_id":"harrods","source_layer":"wall","geometry_tolerance_m":0.04},"geometry":{"type":"Polygon","coordinates":[[[-0.16258486546576023,51.498898543862595],[-0.16255125403404236,51.498877358844624],[-0.16253742389380932,51.498885133643],[-0.16252133063971996,51.49887485421132],[-0.1625444646924734,51.498861287445095],[-0.16254035755991936,51.49885862627127],[-0.1625291258096695,51.49886530529554],[-0.16250967979431152,51.49885236468515],[-0.16252619214355946,51.49883457133984],[-0.16253608278930187,51.49882303957867],[-0.16254505142569542,51.4988131253925],[-0.162556366994977,51.49880096746651],[-0.16256868839263916,51.498786931058646],[-0.16259215772151947,51.49878646143898],[-0.16271671280264854,51.49877701686461],[-0.16273188404738903,51.49878703541856],[-0.16274387016892433,51.49879496677221],[-0.16275174915790558,51.498800184767305],[-0.16258486546576023,51.498898543862595]]]}},{"type":"Feature","properties":{"level_id":3,"building_id":"harrods","source_layer":"wall","geometry_tolerance_m":0.04},"geometry":{"type":"Polygon","coordinates":[[[-0.1623537763953209,51.499141075090904],[-0.16234422102570534,51.499134865723164],[-0.1623495016247034,51.499131734949174],[-0.16234170645475388,51.49912672571034],[-0.16234665177762508,51.49912385583369],[-0.16234824433922768,51.49912505596396],[-0.1623701211065054,51.49911201106812],[-0.16235067509114742,51.499099644503445],[-0.1623287983238697,51.49911263722322],[-0.16233064234256744,51.49911388953336],[-0.16232619993388653,51.49911634197397],[-0.16231605783104897,51.49910955862731],[-0.1623423770070076,51.49909411346499],[-0.1623227633535862,51.49908221651211],[-0.1623009704053402,51.4990951048776],[-0.1623037364333868,51.49909698334352],[-0.1622999645769596,51.49909896616859],[-0.16228940337896347,51.49909197410091],[-0.16231471672654152,51.4990769985493],[-0.16229543834924698,51.49906494505302],[-0.16227037645876408,51.49907924227338],[-0.1622443087399006,51.499069119424405],[-0.16244488768279552,51.498848764272736],[-0.16253122128546238,51.498903553126496],[-0.16251864843070507,51.4989107539424],[-0.1624779123812914,51.4988847162042],[-0.1624512579292059,51.49891534576642],[-0.1624463964253664,51.498913519472836],[-0.16244765371084213,51.498912162797524],[-0.16240859404206276,51.498898856941594],[-0.16239392571151257,51.49891487614806],[-0.16243256628513336,51.49892823417912],[-0.16243424266576767,51.49892646006583],[-0.16244002617895603,51.49892812981952],[-0.1624328177422285,51.498936165508184],[-0.1624272856861353,51.49893413049625],[-0.16242921352386475,51.498931991124635],[-0.1623903214931488,51.49891899835336],[-0.16237582080066204,51.498934756653796],[-0.1624147966504097,51.498948114679024],[-0.1624163892120123,51.49894628838672],[-0.16242150217294693,51.49894816685878],[-0.16241471283137798,51.49895557638669],[-0.16240959987044334,51.498953958813786],[-0.16241136007010937,51.49895202816222],[-0.1623723842203617,51.498938617958345],[-0.1623582188040018,51.4989543240722],[-0.1623967755585909,51.49896804734999],[-0.16239836812019348,51.49896627323827],[-0.16240356490015984,51.49896893440581],[-0.16240264289081097,51.49896992582114],[-0.16243541613221169,51.49899194567175],[-0.1625334843993187,51.49893381741751],[-0.16252493485808372,51.49892812981952],[-0.1625481527298689,51.49891435434989],[-0.1625656709074974,51.49892546864956],[-0.1625149603933096,51.498955993824836],[-0.16258930787444115,51.49900394700768],[-0.16264001838862896,51.49897342186449],[-0.16264965757727623,51.49897963125423],[-0.16259978525340557,51.49900958241645],[-0.16268905252218246,51.49906713659803],[-0.1626092568039894,51.49911618543521],[-0.16250599175691605,51.499049604234926],[-0.1623537763953209,51.499141075090904]]]}},{"type":"Feature","properties":{"level_id":3,"building_id":"harrods","source_layer":"wall","geometry_tolerance_m":0.04},"geometry":{"type":"Polygon","coordinates":[[[-0.16243541613221169,51.49899194567175],[-0.16240264289081097,51.49896992582114],[-0.16240348108112812,51.49896888222608],[-0.16241471283137798,51.49895557638669],[-0.16242150217294693,51.49894816685878],[-0.16243265010416508,51.4989361133284],[-0.16244002617895603,51.49892812981952],[-0.16245117411017418,51.49891534576642],[-0.1624779123812914,51.4988847162042],[-0.16251864843070507,51.4989107539424],[-0.16253122128546238,51.498903553126496],[-0.1625481527298689,51.49891435434989],[-0.16252493485808372,51.49892812981952],[-0.1625334843993187,51.49893381741751],[-0.16243541613221169,51.49899194567175]]]}},{"type":"Feature","properties":{"level_id":3,"building_id":"harrods","source_layer":"wall","geometry_tolerance_m":0.04},"geometry":{"type":"Polygon","coordinates":[[[-0.1630410086363554,51.49919022820751],[-0.16300689429044724,51.49916826063222],[-0.1629914715886116,51.49917749640744],[-0.1629092451184988,51.499124481988616],[-0.16302650794386864,51.499053987326334],[-0.16311049461364746,51.49910621913321],[-0.16301770694553852,51.49916168601143],[-0.16305182129144669,51.49918370576938],[-0.1630410086363554,51.49919022820751]]]}},{"type":"Feature","properties":{"level_id":3,"building_id":"harrods","source_layer":"wall","geometry_tolerance_m":0.04},"geometry":{"type":"Polygon","coordinates":[[[-0.16315139830112457,51.49902111413047],[-0.16312222927808762,51.49900217289732],[-0.16314460895955563,51.498988658348765],[-0.16317361034452915,51.499007964845475],[-0.16315139830112457,51.49902111413047]]]}},{"type":"Feature","properties":{"level_id":3,"building_id":"harrods","source_layer":"wall","geometry_tolerance_m":0.04},"geometry":{"type":"Polygon","coordinates":[[[-0.1631940621882677,51.49887125380067],[-0.16318065114319324,51.498865670554636],[-0.16322842799127102,51.49882330047825],[-0.16323991119861603,51.49882841411025],[-0.1631940621882677,51.49887125380067]]]}},{"type":"Feature","properties":{"level_id":3,"building_id":"harrods","source_layer":"wall","geometry_tolerance_m":0.04},"geometry":{"type":"Polygon","coordinates":[[[-0.16243256628513336,51.49892823417912],[-0.16239392571151257,51.49891487614806],[-0.16240859404206276,51.498898856941594],[-0.16244765371084213,51.498912162797524],[-0.1624463964253664,51.498913519472836],[-0.16245117411017418,51.49891534576642],[-0.16244002617895603,51.49892812981952],[-0.16243424266576767,51.49892646006583],[-0.16243256628513336,51.49892823417912]]]}},{"type":"Feature","properties":{"level_id":3,"building_id":"harrods","source_layer":"wall","geometry_tolerance_m":0.04},"geometry":{"type":"Polygon","coordinates":[[[-0.16320579685270786,51.49903802034845],[-0.1631902065128088,51.49902810620904],[-0.16319599002599716,51.49902471452927],[-0.16319171525537968,51.499021427208646],[-0.16320311464369297,51.49901469602756],[-0.1632076408714056,51.49901767027049],[-0.16321225091814995,51.49901490474636],[-0.1632277574390173,51.499025027607416],[-0.16320579685270786,51.49903802034845]]]}},{"type":"Feature","properties":{"level_id":3,"building_id":"harrods","source_layer":"wall","geometry_tolerance_m":0.04},"geometry":{"type":"Polygon","coordinates":[[[-0.16283833421766758,51.49907877265673],[-0.162827018648386,51.49907141532847],[-0.16296138055622578,51.49899069335825],[-0.1629718579351902,51.49899857249676],[-0.16283833421766758,51.49907877265673]]]}},{"type":"Feature","properties":{"level_id":3,"building_id":"harrods","source_layer":"wall","geometry_tolerance_m":0.04},"geometry":{"type":"Polygon","coordinates":[[[-0.16295635141432285,51.498823352658206],[-0.16293740831315517,51.49881082947539],[-0.16295316629111767,51.49880180234564],[-0.16295693814754486,51.49880425480305],[-0.16297881491482258,51.498791261995336],[-0.1629914715886116,51.49879924552823],[-0.16296892426908016,51.498812655773094],[-0.16297152265906334,51.49881479515031],[-0.16295635141432285,51.498823352658206]]]}},{"type":"Feature","properties":{"level_id":3,"building_id":"harrods","source_layer":"wall","geometry_tolerance_m":0.04},"geometry":{"type":"Polygon","coordinates":[[[-0.16251998953521252,51.49883457133984],[-0.162490988150239,51.49882429189677],[-0.16250314190983772,51.498810464215836],[-0.16253264620900154,51.49882027404274],[-0.16253147274255753,51.49882178726054],[-0.16253608278930187,51.49882303957867],[-0.16252619214355946,51.49883457133984],[-0.1625214982777834,51.4988330059426],[-0.16251998953521252,51.49883457133984]]]}},{"type":"Feature","properties":{"level_id":3,"building_id":"harrods","source_layer":"wall","geometry_tolerance_m":0.04},"geometry":{"type":"Polygon","coordinates":[[[-0.16254505142569542,51.4988131253925],[-0.1625406090170145,51.49881150781454],[-0.16253968700766563,51.49881270795302],[-0.16251085326075554,51.49880216760525],[-0.16252325847744942,51.49878828773765],[-0.1625520922243595,51.49879799320945],[-0.16255125403404236,51.49879940206807],[-0.162556366994977,51.49880096746651],[-0.16254505142569542,51.4988131253925]]]}},{"type":"Feature","properties":{"level_id":3,"building_id":"harrods","source_layer":"wall","geometry_tolerance_m":0.04},"geometry":{"type":"Polygon","coordinates":[[[-0.16266776248812675,51.49896872568681],[-0.16265728510916233,51.49896199449793],[-0.16268720850348473,51.49894399247634],[-0.16261369921267033,51.49889661320867],[-0.16258377581834793,51.498914615248964],[-0.16253750771284103,51.49888497710347],[-0.16255125403404236,51.498877358844624],[-0.16258486546576023,51.498898543862595],[-0.16275174915790558,51.498800184767305],[-0.16274387016892433,51.49879496677221],[-0.16274982132017612,51.49879173161497],[-0.16275744885206223,51.49879679307057],[-0.16279902309179306,51.49877216412676],[-0.1627861149609089,51.498763554429274],[-0.1627675909548998,51.49877519056548],[-0.1627644058316946,51.4987732599063],[-0.162782846018672,51.49876136286966],[-0.16276901587843895,51.49875212701011],[-0.16272668726742268,51.498777486484386],[-0.16273708082735538,51.498783904620694],[-0.16273188404738903,51.49878703541856],[-0.16271671280264854,51.49877701686461],[-0.16259215772151947,51.49878646143898],[-0.16256868839263916,51.498786931058646],[-0.162556366994977,51.49880096746651],[-0.16255125403404236,51.49879940206807],[-0.1625520922243595,51.49879799320945],[-0.16252325847744942,51.49878828773765],[-0.16251085326075554,51.49880216760525],[-0.16253968700766563,51.49881270795302],[-0.1625406090170145,51.49881150781454],[-0.16254513524472713,51.4988131253925],[-0.16253608278930187,51.49882303957867],[-0.16253147274255753,51.49882178726054],[-0.16253264620900154,51.49882027404274],[-0.16250314190983772,51.498810464215836],[-0.162490988150239,51.49882429189677],[-0.16251998953521252,51.49883457133984],[-0.1625214982777834,51.4988330059426],[-0.16252619214355946,51.49883457133984],[-0.16250967979431152,51.49885236468515],[-0.1625291258096695,51.49886530529554],[-0.16254035755991936,51.49885862627127],[-0.1625444646924734,51.498861287445095],[-0.16252133063971996,51.49887485421132],[-0.16245628707110882,51.49883357992161],[-0.16232343390583992,51.498797471409915],[-0.16233080998063087,51.49878870517733],[-0.16246248967945576,51.498825074595544],[-0.16256852075457573,51.498704277922485],[-0.16256877221167088,51.49869039802505],[-0.16258394345641136,51.4986888848029],[-0.1625885535031557,51.498709548107996],[-0.16259131953120232,51.49871074824915],[-0.16272920183837414,51.49869937299681],[-0.16272400505840778,51.49865888124981],[-0.16274596564471722,51.498657994187965],[-0.16274940222501755,51.49868157959182],[-0.16274018213152885,51.498681840492225],[-0.16274336725473404,51.498713409431616],[-0.16279885545372963,51.49874753516963],[-0.16284411773085594,51.49871982757696],[-0.16278544440865517,51.49868231011297],[-0.16277102753520012,51.498681788312126],[-0.16277060844004154,51.49866957817102],[-0.16277714632451534,51.498665403763056],[-0.16278116963803768,51.49866759532728],[-0.16277614049613476,51.49867088267342],[-0.16285568475723267,51.49872118425799],[-0.16283825039863586,51.498731985524586],[-0.16284252516925335,51.49873464670583],[-0.16283858567476273,51.498737099166846],[-0.16283447854220867,51.49873449016576],[-0.16282006166875362,51.49874351730884],[-0.16283858567476273,51.49875572743014],[-0.16285358928143978,51.4987467002895],[-0.16285032033920288,51.49874461308909],[-0.1628542598336935,51.49874221280851],[-0.1628695148974657,51.498751970470096],[-0.1628657430410385,51.49875421421018],[-0.1628624740988016,51.49875228355012],[-0.16284730285406113,51.49876141504964],[-0.1628662459552288,51.49877378170609],[-0.16288124956190586,51.49876485892901],[-0.1628770586103201,51.49876219774953],[-0.1629058923572302,51.49874513488922],[-0.16297881491482258,51.498791261995336],[-0.16295693814754486,51.49880425480305],[-0.16295316629111767,51.49880180234564],[-0.16293740831315517,51.49881082947539],[-0.16295635141432285,51.498823352658206],[-0.16297152265906334,51.49881479515031],[-0.16296892426908016,51.498812655773094],[-0.1629914715886116,51.49879924552823],[-0.16306322067975998,51.49884552911931],[-0.16300152987241745,51.498884820563916],[-0.16290790401399136,51.49882444843652],[-0.16282550990581512,51.498873967153656],[-0.16281494870781898,51.49886723595077],[-0.1628983486443758,51.49881823902561],[-0.16282391734421253,51.49877028564745],[-0.16264538280665874,51.49887756756408],[-0.16271889209747314,51.4989249468515],[-0.16279684379696846,51.49887814154252],[-0.16280732117593288,51.49888487274376],[-0.16266776248812675,51.49896872568681]]]}},{"type":"Feature","properties":{"level_id":3,"building_id":"harrods","source_layer":"wall","geometry_tolerance_m":0.04},"geometry":{"type":"Polygon","coordinates":[[[-0.16275744885206223,51.49879679307057],[-0.16274982132017612,51.49879173161497],[-0.16274387016892433,51.49879496677221],[-0.16273188404738903,51.49878703541856],[-0.16273708082735538,51.498783904620694],[-0.16272668726742268,51.498777486484386],[-0.16276901587843895,51.49875212701011],[-0.162782846018672,51.49876136286966],[-0.1627644058316946,51.4987732599063],[-0.1627675909548998,51.49877519056548],[-0.1627861149609089,51.498763554429274],[-0.16279902309179306,51.49877216412676],[-0.16275744885206223,51.49879679307057]]]}},{"type":"Feature","properties":{"level_id":3,"building_id":"harrods","source_layer":"wall","geometry_tolerance_m":0.04},"geometry":{"type":"Polygon","coordinates":[[[-0.16313077881932259,51.49909286115431],[-0.16304939053952694,51.499040420613454],[-0.16310160979628563,51.49900973895561],[-0.163183668628335,51.49906197081319],[-0.16313077881932259,51.49909286115431]]]}},{"type":"Feature","properties":{"level_id":4,"building_id":"harrods","source_layer":"wall","geometry_tolerance_m":0.04},"geometry":{"type":"Polygon","coordinates":[[[-0.16313564032316208,51.49903113263076],[-0.16310613602399826,51.49901172178443],[-0.16311552375555038,51.499005982016484],[-0.1631460338830948,51.498987406035184],[-0.163173945620656,51.499008330103464],[-0.16313564032316208,51.49903113263076]]]}},{"type":"Feature","properties":{"level_id":4,"building_id":"harrods","source_layer":"wall","geometry_tolerance_m":0.04},"geometry":{"type":"Polygon","coordinates":[[[-0.16254614107310772,51.498881898492186],[-0.16252837143838406,51.49887067982215],[-0.1625328976660967,51.49886817518848],[-0.16250967979431152,51.49885304302367],[-0.16252501867711544,51.49883566711793],[-0.1625367533415556,51.49882230905976],[-0.16254421323537827,51.49881390809148],[-0.1625564508140087,51.498800028227436],[-0.1625650841742754,51.49879021839618],[-0.16257120296359062,51.4987899574964],[-0.16257086768746376,51.49878453078031],[-0.16258570365607738,51.498784008980635],[-0.16263088211417198,51.49883154490507],[-0.16254614107310772,51.498881898492186]]]}},{"type":"Feature","properties":{"level_id":4,"building_id":"harrods","source_layer":"wall","geometry_tolerance_m":0.04},"geometry":{"type":"Polygon","coordinates":[[[-0.16257455572485924,51.4986402007668],[-0.16257296316325665,51.49860503134502],[-0.1626739650964737,51.49859887408442],[-0.16267572529613972,51.49861635444077],[-0.16271361149847507,51.49861442377485],[-0.16271453350782394,51.49863247810677],[-0.16257455572485924,51.4986402007668]]]}},{"type":"Feature","properties":{"level_id":4,"building_id":"harrods","source_layer":"wall","geometry_tolerance_m":0.04},"geometry":{"type":"Polygon","coordinates":[[[-0.1626778207719326,51.49877200758681],[-0.16266466118395329,51.498697337974306],[-0.1625863742083311,51.49869911209652],[-0.16258134506642818,51.4986645167013],[-0.16273029148578644,51.49865935087081],[-0.16274026595056057,51.49874367384888],[-0.16271788626909256,51.49875734501009],[-0.16271931119263172,51.49876866806798],[-0.1626778207719326,51.49877200758681]]]}},{"type":"Feature","properties":{"level_id":4,"building_id":"harrods","source_layer":"wall","geometry_tolerance_m":0.04},"geometry":{"type":"Polygon","coordinates":[[[-0.16234606504440308,51.49914357970957],[-0.16233298927545547,51.49913533533922],[-0.1623440533876419,51.49912912597068],[-0.16234111972153187,51.49912724750607],[-0.16234631650149822,51.49912396019283],[-0.1623495016247034,51.499125995196295],[-0.16237146221101284,51.49911242850487],[-0.16235201619565487,51.49910006194028],[-0.16232997179031372,51.499113211198704],[-0.1623320672661066,51.49911462004761],[-0.1623266190290451,51.49911790736152],[-0.16231312416493893,51.49910929772935],[-0.16231882385909557,51.499106010414806],[-0.1623221766203642,51.499108149778266],[-0.16234388574957848,51.499094635261116],[-0.1623244397342205,51.499081955613974],[-0.16230231150984764,51.49909531359603],[-0.16230507753789425,51.49909708770275],[-0.16229971311986446,51.499100531556735],[-0.16228613443672657,51.499091556663984],[-0.1622917503118515,51.49908832152781],[-0.1622949354350567,51.499090408712476],[-0.16231714747846127,51.4990769985493],[-0.16229761764407158,51.49906452761584],[-0.16227532178163528,51.499077572525266],[-0.1622775848954916,51.499079033554864],[-0.16227196902036667,51.49908226869172],[-0.16226685605943203,51.49907856393821],[-0.1622563786804676,51.49908440805629],[-0.16224288381636143,51.49907548534],[-0.1622361782938242,51.499068701987255],[-0.1624387688934803,51.49884986005043],[-0.1624442171305418,51.49885753049375],[-0.16252434812486172,51.498908249310915],[-0.1625194028019905,51.49891122356078],[-0.1624784991145134,51.49888466402436],[-0.1624507550150156,51.49891508486735],[-0.1624448038637638,51.49891331075355],[-0.16244606114923954,51.49891200625808],[-0.16240758821368217,51.49889870040212],[-0.16239325515925884,51.498914406529735],[-0.1624317280948162,51.49892802545989],[-0.16243340447545052,51.49892635570623],[-0.16243902035057545,51.498928286358904],[-0.16243290156126022,51.49893517409214],[-0.16242669895291328,51.49893345215892],[-0.1624278724193573,51.49893183458525],[-0.16238939948379993,51.49891863309469],[-0.16237473115324974,51.498934652294196],[-0.16241362318396568,51.49894801031945],[-0.16241496428847313,51.49894654928562],[-0.16242099925875664,51.498948532117225],[-0.16241504810750484,51.49895526330806],[-0.16240901313722134,51.498953176117226],[-0.16241027042269707,51.49895192380268],[-0.1623712945729494,51.4989383048796],[-0.16235662624239922,51.498954584971074],[-0.16239585354924202,51.49896804734999],[-0.16239803284406662,51.49896559490142],[-0.16240381635725498,51.49896736901317],[-0.16240255907177925,51.498968621327265],[-0.1624120306223631,51.49897467417844],[-0.16240197233855724,51.49898025741115],[-0.162394093349576,51.49897519597593],[-0.16229476779699326,51.49903488956781],[-0.16229485161602497,51.499036454958144],[-0.16239585354924202,51.4991016273284],[-0.16241672448813915,51.499089104222065],[-0.16242636367678642,51.49909531359603],[-0.16234606504440308,51.49914357970957]]]}},{"type":"Feature","properties":{"level_id":4,"building_id":"harrods","source_layer":"wall","geometry_tolerance_m":0.04},"geometry":{"type":"Polygon","coordinates":[[[-0.16242099925875664,51.498948532117225],[-0.16241496428847313,51.49894654928562],[-0.16241362318396568,51.49894801031945],[-0.16237473115324974,51.498934652294196],[-0.16238939948379993,51.49891863309469],[-0.1624278724193573,51.49893183458525],[-0.16242669895291328,51.49893345215892],[-0.16243290156126022,51.49893517409214],[-0.16242099925875664,51.498948532117225]]]}},{"type":"Feature","properties":{"level_id":4,"building_id":"harrods","source_layer":"wall","geometry_tolerance_m":0.04},"geometry":{"type":"Polygon","coordinates":[[[-0.16243902035057545,51.498928286358904],[-0.16243340447545052,51.49892635570623],[-0.1624317280948162,51.49892802545989],[-0.16239325515925884,51.498914406529735],[-0.16240758821368217,51.49889870040212],[-0.16244606114923954,51.49891200625808],[-0.1624448038637638,51.49891331075355],[-0.1624507550150156,51.49891508486735],[-0.16243902035057545,51.498928286358904]]]}},{"type":"Feature","properties":{"level_id":4,"building_id":"harrods","source_layer":"wall","geometry_tolerance_m":0.04},"geometry":{"type":"Polygon","coordinates":[[[-0.16320529393851757,51.499037863809406],[-0.16319054178893566,51.499028680185575],[-0.1631967443972826,51.499024923248015],[-0.1631917990744114,51.49902179246649],[-0.16320395283401012,51.49901443512903],[-0.16320889815688133,51.49901746155169],[-0.1632125023752451,51.499015270004264],[-0.16322733834385872,51.49902471452927],[-0.16320529393851757,51.499037863809406]]]}},{"type":"Feature","properties":{"level_id":4,"building_id":"harrods","source_layer":"wall","geometry_tolerance_m":0.04},"geometry":{"type":"Polygon","coordinates":[[[-0.16284210607409477,51.4985639133516],[-0.16287781298160553,51.49856798340846],[-0.1629156991839409,51.498574036312846],[-0.1631095726042986,51.49862371184247],[-0.16298032365739346,51.49874137792827],[-0.16282685101032257,51.498676309403066],[-0.1627644058316946,51.49864244451237],[-0.1627578679472208,51.49859699559795],[-0.16274831257760525,51.49855999983507],[-0.16284210607409477,51.4985639133516]]]}},{"type":"Feature","properties":{"level_id":4,"building_id":"harrods","source_layer":"wall","geometry_tolerance_m":0.04},"geometry":{"type":"Polygon","coordinates":[[[-0.16276725567877293,51.49880190670552],[-0.16272651962935925,51.498777486484386],[-0.16275770030915737,51.498758284250016],[-0.16277287155389786,51.49876788536821],[-0.16276222653687,51.498774407865824],[-0.16276457346975803,51.49877586890517],[-0.1627752184867859,51.49876939858774],[-0.16278846189379692,51.498777851744165],[-0.16277178190648556,51.49878792247793],[-0.16278091818094254,51.49879366227336],[-0.16276725567877293,51.49880190670552]]]}},{"type":"Feature","properties":{"level_id":4,"building_id":"harrods","source_layer":"wall","geometry_tolerance_m":0.04},"geometry":{"type":"Polygon","coordinates":[[[-0.16239585354924202,51.49896804734999],[-0.16235662624239922,51.498954584971074],[-0.1623712945729494,51.4989383048796],[-0.16241027042269707,51.49895192380268],[-0.16240901313722134,51.498953176117226],[-0.16241504810750484,51.49895526330806],[-0.16240381635725498,51.49896736901317],[-0.16239803284406662,51.49896559490142],[-0.16239585354924202,51.49896804734999]]]}},{"type":"Feature","properties":{"level_id":4,"building_id":"harrods","source_layer":"wall","geometry_tolerance_m":0.04},"geometry":{"type":"Polygon","coordinates":[[[-0.16219384968280792,51.49882330047825],[-0.16218898817896843,51.498830188227345],[-0.16217675060033798,51.49882721397219],[-0.16219410113990307,51.498803263384104],[-0.16220558434724808,51.498807281239635],[-0.16222000122070312,51.498811142554985],[-0.16222000122070312,51.498811156033106],[-0.16222829930484295,51.49881338629214],[-0.162232406437397,51.49881959570371],[-0.1622225996106863,51.498833214662255],[-0.16223156824707985,51.49883571929783],[-0.1622275449335575,51.49884135472743],[-0.16221354715526104,51.49883691943569],[-0.16222000122070312,51.49882799667094],[-0.16222000122070312,51.498828015872604],[-0.16222402453422546,51.49882246559952],[-0.16219929791986942,51.49881552566933],[-0.16219384968280792,51.49882330047825]]]}},{"type":"Feature","properties":{"level_id":4,"building_id":"harrods","source_layer":"wall","geometry_tolerance_m":0.04},"geometry":{"type":"Polygon","coordinates":[[[-0.16321317292749882,51.499071571867375],[-0.16320361755788326,51.49906546684943],[-0.16319573856890202,51.49907005865788],[-0.16313916072249413,51.499033167638345],[-0.1631995104253292,51.498998155058985],[-0.1631607860326767,51.498973630583464],[-0.16311661340296268,51.49900050314636],[-0.16309574246406555,51.49898714513651],[-0.16309037804603577,51.49899017156096],[-0.16311552375555038,51.499005982016484],[-0.16310613602399826,51.49901172178443],[-0.16306674107909203,51.49898589282287],[-0.16309247352182865,51.49897091723645],[-0.16311845742166042,51.4989876147541],[-0.1631710957735777,51.49895635908325],[-0.1632343791425228,51.49899606787008],[-0.16317411325871944,51.49903243712282],[-0.1632228121161461,51.49906572774768],[-0.16321317292749882,51.499071571867375]]]}},{"type":"Feature","properties":{"level_id":4,"building_id":"harrods","source_layer":"wall","geometry_tolerance_m":0.04},"geometry":{"type":"Polygon","coordinates":[[[-0.16252501867711544,51.49883566711793],[-0.1625204924494028,51.49883415390059],[-0.16251998953521252,51.49883462351977],[-0.16249090433120728,51.498824657156206],[-0.16250381246209145,51.49881041203591],[-0.16253273002803326,51.498820482762426],[-0.16253214329481125,51.49882100456168],[-0.1625367533415556,51.49882230905976],[-0.16252501867711544,51.49883566711793]]]}},{"type":"Feature","properties":{"level_id":4,"building_id":"harrods","source_layer":"wall","geometry_tolerance_m":0.04},"geometry":{"type":"Polygon","coordinates":[[[-0.16293397173285484,51.49884213742595],[-0.16290446743369102,51.498822830858984],[-0.16293346881866455,51.49881662144787],[-0.16292843967676163,51.49881291667276],[-0.16294327564537525,51.49880425480305],[-0.16296213492751122,51.498816882347484],[-0.16294780187308788,51.49882554421484],[-0.16294604167342186,51.49882460497628],[-0.16293397173285484,51.49884213742595]]]}},{"type":"Feature","properties":{"level_id":4,"building_id":"harrods","source_layer":"wall","geometry_tolerance_m":0.04},"geometry":{"type":"Polygon","coordinates":[[[-0.16283255070447922,51.49871487047295],[-0.16277161426842213,51.498675370161436],[-0.16276733949780464,51.4986750570809],[-0.16276616603136063,51.498669369450624],[-0.16276918351650238,51.49866942163072],[-0.162836741656065,51.498712104930405],[-0.16283255070447922,51.49871487047295]]]}},{"type":"Feature","properties":{"level_id":4,"building_id":"harrods","source_layer":"wall","geometry_tolerance_m":0.04},"geometry":{"type":"Polygon","coordinates":[[[-0.16254421323537827,51.49881390809148],[-0.16253993846476078,51.498812394873426],[-0.16253968700766563,51.498812655773094],[-0.16251051798462868,51.49880248068493],[-0.162523090839386,51.49878828773765],[-0.16255234368145466,51.49879830628913],[-0.1625520084053278,51.49879861936884],[-0.1625564508140087,51.498800028227436],[-0.16254421323537827,51.49881390809148]]]}},{"type":"Feature","properties":{"level_id":4,"building_id":"harrods","source_layer":"wall","geometry_tolerance_m":0.04},"geometry":{"type":"Polygon","coordinates":[[[-0.16219996847212315,51.49905857913592],[-0.16222000122070312,51.49903029775584],[-0.16222000122070312,51.499030309470555],[-0.16236299648880959,51.498828518470106],[-0.1624387688934803,51.49884986005043],[-0.1622361782938242,51.499068701987255],[-0.16219996847212315,51.49905857913592]]]}},{"type":"Feature","properties":{"level_id":4,"building_id":"harrods","source_layer":"wall","geometry_tolerance_m":0.04},"geometry":{"type":"Polygon","coordinates":[[[-0.16242016106843948,51.49899194567175],[-0.16240197233855724,51.49898025741115],[-0.1624120306223631,51.49897467417844],[-0.16240255907177925,51.498968621327265],[-0.16240381635725498,51.49896736901317],[-0.16241504810750484,51.49895526330806],[-0.16242099925875664,51.498948532117225],[-0.16243290156126022,51.49893517409214],[-0.16243902035057545,51.498928286358904],[-0.1624507550150156,51.49891508486735],[-0.1624784991145134,51.49888466402436],[-0.1625194028019905,51.49891122356078],[-0.16252434812486172,51.498908249310915],[-0.16254094429314137,51.49891873745432],[-0.16242016106843948,51.49899194567175]]]}},{"type":"Feature","properties":{"level_id":5,"building_id":"harrods","source_layer":"wall","geometry_tolerance_m":0.04},"geometry":{"type":"Polygon","coordinates":[[[-0.1619796920567751,51.49886363553958],[-0.16197524964809418,51.49885930460971],[-0.16205118969082832,51.49874805696973],[-0.16219016164541245,51.49878526129979],[-0.16220432706177235,51.49878927915694],[-0.16215420328080654,51.498858834990784],[-0.16214188188314438,51.498854295340976],[-0.16210852190852165,51.498899378739964],[-0.1619796920567751,51.49886363553958]]]}},{"type":"Feature","properties":{"level_id":1,"building_id":"harrods","source_layer":"wall","geometry_tolerance_m":0.04},"geometry":{"type":"Polygon","coordinates":[[[-0.16218253411352634,51.49889744808604],[-0.1622155588120222,51.49884986005043],[-0.16222000122070312,51.49884406808221],[-0.16222000122070312,51.49884407140632],[-0.16223265789449215,51.4988275792316],[-0.1622449792921543,51.49883044912693],[-0.16220700927078724,51.49888273336984],[-0.16221354715526104,51.49888518582287],[-0.1622204203158617,51.498887273016834],[-0.16226325184106827,51.49889849168278],[-0.16232946887612343,51.49891670244162],[-0.16236207447946072,51.49892567736879],[-0.1624251063913107,51.498853825721994],[-0.16239979304373264,51.498836606356235],[-0.1624099351465702,51.498830553486755],[-0.16247388906776905,51.49887156687987],[-0.16244513913989067,51.49890522288101],[-0.1624398585408926,51.49890344876684],[-0.16244128346443176,51.49890188337196],[-0.16240272670984268,51.498888994951784],[-0.16240213997662067,51.498888786232385],[-0.1623880583792925,51.49890485762222],[-0.16242695041000843,51.49891795475713],[-0.1624284591525793,51.49891633718292],[-0.1624333206564188,51.49891795475713],[-0.16242703422904015,51.49892468595252],[-0.16242234036326408,51.4989230683785],[-0.16242343001067638,51.49892186824292],[-0.16238445416092873,51.4989088754688],[-0.16237037256360054,51.49892479031212],[-0.16240926459431648,51.49893804398067],[-0.16241077333688736,51.49893632204757],[-0.16241546720266342,51.49893799180086],[-0.16240968368947506,51.498944722993286],[-0.16240473836660385,51.498943314139126],[-0.16240599565207958,51.49894195746472],[-0.16236727125942707,51.49892880815693],[-0.16235293820500374,51.49894482735286],[-0.1623919140547514,51.498958133195345],[-0.162393506616354,51.498956619982096],[-0.16242829151451588,51.49897843112015],[-0.16253541223704815,51.49891106702131],[-0.16256256960332394,51.49892807763973],[-0.16251764260232449,51.49895547202715],[-0.16269156709313393,51.4990689107058],[-0.16268176026642323,51.499074807004774],[-0.16257497482001781,51.499005982016484],[-0.16255594789981842,51.49901740937199],[-0.1625160500407219,51.499041412027225],[-0.1626227516680956,51.499110236962025],[-0.162589056417346,51.49913053481907],[-0.16257908195257187,51.499124481988616],[-0.1626032218337059,51.49911002824365],[-0.16239501535892487,51.49897571777339],[-0.16229527071118355,51.499035620083305],[-0.1624072529375553,51.49910783670069],[-0.1623646728694439,51.49913345687489],[-0.1623865496367216,51.499147545355555],[-0.16237657517194748,51.49915354600341],[-0.1623450592160225,51.499133248156596],[-0.16235679388046265,51.49912646481246],[-0.1623374316841364,51.49911404607212],[-0.16234011389315128,51.49911248068446],[-0.16234497539699078,51.49911555928017],[-0.16236668452620506,51.49910214912441],[-0.16234715469181538,51.49908962601822],[-0.16232561320066452,51.49910334925525],[-0.16232745721936226,51.499104497206474],[-0.16232452355325222,51.4991062713128],[-0.16231337562203407,51.49909959232386],[-0.16231647692620754,51.49909771385805],[-0.16231748275458813,51.499098287833704],[-0.1623386051505804,51.49908451241555],[-0.1623189076781273,51.4990723023823],[-0.162297198548913,51.49908586908569],[-0.16229979693889618,51.49908743447429],[-0.16229644417762756,51.49908936512014],[-0.16228554770350456,51.49908232087134],[-0.16228856518864632,51.49908059894372],[-0.16228940337896347,51.49908112073996],[-0.16231094487011433,51.49906744967589],[-0.16229141503572464,51.49905534399741],[-0.16226987354457378,51.499068441089065],[-0.16227314248681068,51.49907073699319],[-0.16227020882070065,51.49907240674156],[-0.16226476058363914,51.4990689107058],[-0.16225461848080158,51.49907491136403],[-0.1622269582003355,51.499057065925996],[-0.16223693266510963,51.499051065265434],[-0.16225185245275497,51.49906066632195],[-0.16235469840466976,51.49893428703567],[-0.16220315359532833,51.49889155176416],[-0.16219493933022022,51.498900891955145],[-0.16218253411352634,51.49889744808604]]]}},{"type":"Feature","properties":{"level_id":1,"building_id":"harrods","source_layer":"wall","geometry_tolerance_m":0.04},"geometry":{"type":"Polygon","coordinates":[[[-0.16242829151451588,51.49897843112015],[-0.16239727847278118,51.498958968071605],[-0.16240968368947506,51.498944722993286],[-0.16241546720266342,51.49893799180086],[-0.16242703422904015,51.49892468595252],[-0.1624333206564188,51.49891795475713],[-0.16244513913989067,51.49890522288101],[-0.16247388906776905,51.49887156687987],[-0.16253541223704815,51.49891106702131],[-0.16242829151451588,51.49897843112015]]]}},{"type":"Feature","properties":{"level_id":1,"building_id":"harrods","source_layer":"wall","geometry_tolerance_m":0.04},"geometry":{"type":"Polygon","coordinates":[[[-0.16274244524538517,51.49878870517733],[-0.16271336004137993,51.49876981602762],[-0.16275652684271336,51.49874372602886],[-0.16278930008411407,51.49876042362979],[-0.16274244524538517,51.49878870517733]]]}},{"type":"Feature","properties":{"level_id":1,"building_id":"harrods","source_layer":"wall","geometry_tolerance_m":0.04},"geometry":{"type":"Polygon","coordinates":[[[-0.16226082108914852,51.49880681162017],[-0.1622493378818035,51.49880279376461],[-0.16225570812821388,51.49879105327551],[-0.1622634194791317,51.498779104063544],[-0.16227314248681068,51.49876585034875],[-0.16228554770350456,51.49875050943001],[-0.16231270506978035,51.4987668939485],[-0.1623624935746193,51.49879898462848],[-0.162351680919528,51.49880555930159],[-0.16229049302637577,51.498766059068714],[-0.16226082108914852,51.49880681162017]]]}},{"type":"Feature","properties":{"level_id":1,"building_id":"harrods","source_layer":"wall","geometry_tolerance_m":0.04},"geometry":{"type":"Polygon","coordinates":[[[-0.16240926459431648,51.49893804398067],[-0.16237037256360054,51.49892479031212],[-0.16238445416092873,51.4989088754688],[-0.16242343001067638,51.49892186824292],[-0.16242234036326408,51.4989230683785],[-0.16242703422904015,51.49892468595252],[-0.16241546720266342,51.49893799180086],[-0.16241077333688736,51.49893632204757],[-0.16240926459431648,51.49893804398067]]]}},{"type":"Feature","properties":{"level_id":1,"building_id":"harrods","source_layer":"wall","geometry_tolerance_m":0.04},"geometry":{"type":"Polygon","coordinates":[[[-0.16249232925474644,51.499188662822434],[-0.16246953047811985,51.499183810128386],[-0.1624083425849676,51.49917201755795],[-0.16240867786109447,51.499171130506085],[-0.16241010278463364,51.4991692520432],[-0.16241295263171196,51.499167477939324],[-0.1624174788594246,51.49916643434878],[-0.16242275945842266,51.49916638216922],[-0.16242820769548416,51.49916695614402],[-0.16244497150182724,51.499169930377036],[-0.16246240586042404,51.49917384384119],[-0.16247279942035675,51.499175774483376],[-0.1624873001128435,51.49917733986891],[-0.16248956322669983,51.499177183330346],[-0.16249442473053932,51.49917556576531],[-0.16249853186309338,51.49917358294357],[-0.16250800341367722,51.49916716486217],[-0.1625542715191841,51.49913940534503],[-0.16256391070783138,51.49914561471218],[-0.16249232925474644,51.499188662822434]]]}},{"type":"Feature","properties":{"level_id":1,"building_id":"harrods","source_layer":"wall","geometry_tolerance_m":0.04},"geometry":{"type":"Polygon","coordinates":[[[-0.16237305477261543,51.49877529492542],[-0.16230784356594086,51.49873292476505],[-0.16230507753789425,51.49873083756404],[-0.16230273060500622,51.498727289322034],[-0.16230298206210136,51.49872530648082],[-0.1623047422617674,51.49872154951822],[-0.16230767592787743,51.49871753165516],[-0.16234195791184902,51.49867672684377],[-0.16240264289081097,51.498673596038344],[-0.16240297816693783,51.498681944852365],[-0.16234866343438625,51.49868632797916],[-0.16231748275458813,51.498725880461166],[-0.1623847894370556,51.498769346407755],[-0.16237481497228146,51.49877529492542],[-0.1623739767819643,51.49877477312569],[-0.16237305477261543,51.49877529492542]]]}},{"type":"Feature","properties":{"level_id":1,"building_id":"harrods","source_layer":"wall","geometry_tolerance_m":0.04},"geometry":{"type":"Polygon","coordinates":[[[-0.1625655870884657,51.49889833514325],[-0.1624943409115076,51.49885236468515],[-0.16251739114522934,51.498825700754566],[-0.16252929344773293,51.49881187307406],[-0.16253650188446045,51.49880347210387],[-0.16254840418696404,51.498789748776574],[-0.1625618990510702,51.49877404260599],[-0.16270749270915985,51.498765954708745],[-0.16271336004137993,51.49876981602762],[-0.16274244524538517,51.49878870517733],[-0.1625655870884657,51.49889833514325]]]}},{"type":"Feature","properties":{"level_id":1,"building_id":"harrods","source_layer":"wall","geometry_tolerance_m":0.04},"geometry":{"type":"Polygon","coordinates":[[[-0.16258788295090199,51.49891273677554],[-0.1625655870884657,51.49889833514325],[-0.16274244524538517,51.49878870517733],[-0.16278930008411407,51.49876042362979],[-0.16275652684271336,51.49874372602886],[-0.16271336004137993,51.49876981602762],[-0.16270749270915985,51.498765954708745],[-0.1625618990510702,51.49877404260599],[-0.16254840418696404,51.498789748776574],[-0.1625443808734417,51.49878792247793],[-0.16251512803137302,51.498778060464076],[-0.16250272281467915,51.498792253414535],[-0.16253205947577953,51.498802219785205],[-0.16253650188446045,51.49880347210387],[-0.16252929344773293,51.49881187307406],[-0.1625247672200203,51.498810046776356],[-0.1624959334731102,51.498800341307145],[-0.1624834444373846,51.49881453425064],[-0.16251739114522934,51.498825700754566],[-0.1624943409115076,51.49885236468515],[-0.1624218374490738,51.49880587238121],[-0.16243206337094307,51.49879981950767],[-0.16246500425040722,51.498821056741605],[-0.16257028095424175,51.498702712520725],[-0.16256743110716343,51.49867375257858],[-0.162491574883461,51.49867902276765],[-0.16248956322669983,51.49867166537484],[-0.16262032091617584,51.49866269039765],[-0.16262157820165157,51.498668952009865],[-0.16258168034255505,51.49867390911888],[-0.1625863742083311,51.49870052095818],[-0.1625542715191841,51.49876898114789],[-0.162707744166255,51.49876110196968],[-0.1627017091959715,51.49866629082479],[-0.1626892201602459,51.498666708265574],[-0.16268637031316757,51.49866008139233],[-0.162730123847723,51.49865668968516],[-0.1627360749989748,51.49870323432131],[-0.16278879716992378,51.498735794666345],[-0.16283330507576466,51.49870777398621],[-0.16277102753520012,51.49866884764967],[-0.16275820322334766,51.49865533300223],[-0.1627638190984726,51.498655072101684],[-0.16277404502034187,51.49866519504263],[-0.1628411002457142,51.498708504506936],[-0.16282718628644943,51.498717062034785],[-0.16283389180898666,51.49872128861804],[-0.16283154487609863,51.498722488758915],[-0.16282936558127403,51.4987257239211],[-0.16282467171549797,51.498722749659095],[-0.16280991956591606,51.498731568084395],[-0.16282936558127403,51.49874372602886],[-0.16284403391182423,51.49873506414602],[-0.16283992677927017,51.498732402964805],[-0.16284478828310966,51.498731150644176],[-0.1628471352159977,51.49872968960341],[-0.1628602109849453,51.49873788186713],[-0.1628580316901207,51.49873897764752],[-0.16285509802401066,51.498742317168535],[-0.1628520805388689,51.49874017778794],[-0.16283749602735043,51.49874899620983],[-0.16285677440464497,51.49876136286966],[-0.1628711912781,51.498752492270114],[-0.16286599449813366,51.498749257109864],[-0.16287144273519516,51.49874743080963],[-0.16287337057292461,51.4987461784894],[-0.1630497258156538,51.49885147762703],[-0.16305148601531982,51.49885262558456],[-0.16300111077725887,51.498882837729525],[-0.16282190568745136,51.49877117270714],[-0.16258788295090199,51.49891273677554]]]}},{"type":"Feature","properties":{"level_id":1,"building_id":"harrods","source_layer":"wall","geometry_tolerance_m":0.04},"geometry":{"type":"Polygon","coordinates":[[[-0.16199570149183273,51.49916476460382],[-0.16204138286411762,51.49909886180939],[-0.16205462627112865,51.499102879638855],[-0.16200651414692402,51.499167791016475],[-0.16199570149183273,51.49916476460382]]]}},{"type":"Feature","properties":{"level_id":1,"building_id":"harrods","source_layer":"wall","geometry_tolerance_m":0.04},"geometry":{"type":"Polygon","coordinates":[[[-0.16265778802335262,51.49922649294638],[-0.16257204115390778,51.499171234865116],[-0.16259081661701202,51.4991599640868],[-0.16260229982435703,51.49916685178496],[-0.16259408555924892,51.49917196537842],[-0.1626686006784439,51.49921997051345],[-0.16265778802335262,51.49922649294638]]]}},{"type":"Feature","properties":{"level_id":1,"building_id":"harrods","source_layer":"wall","geometry_tolerance_m":0.04},"geometry":{"type":"Polygon","coordinates":[[[-0.16211849637329578,51.49898714513651],[-0.16214833594858646,51.498945401330445],[-0.1621599029749632,51.498930477910505],[-0.16217348165810108,51.49893334779932],[-0.16214615665376186,51.49897107377569],[-0.16213752329349518,51.498985840643144],[-0.1621556282043457,51.49899862467646],[-0.16219938173890114,51.49902680171684],[-0.162189407274127,51.49903280238061],[-0.16211849637329578,51.49898714513651]]]}},{"type":"Feature","properties":{"level_id":1,"building_id":"harrods","source_layer":"wall","geometry_tolerance_m":0.04},"geometry":{"type":"Polygon","coordinates":[[[-0.16251739114522934,51.498825700754566],[-0.1624834444373846,51.49881453425064],[-0.1624959334731102,51.498800341307145],[-0.1625247672200203,51.498810046776356],[-0.16252929344773293,51.49881187307406],[-0.16251739114522934,51.498825700754566]]]}},{"type":"Feature","properties":{"level_id":1,"building_id":"harrods","source_layer":"wall","geometry_tolerance_m":0.04},"geometry":{"type":"Polygon","coordinates":[[[-0.1628395076841116,51.49916309485883],[-0.1627175509929657,51.49908440805629],[-0.16269156709313393,51.4990689107058],[-0.16251764260232449,51.49895547202715],[-0.16256256960332394,51.49892807763973],[-0.16282190568745136,51.49877117270714],[-0.16300111077725887,51.498882837729525],[-0.16302608884871006,51.49889838732312],[-0.16315223649144173,51.49897697008731],[-0.16291385516524315,51.499118429157335],[-0.1628395076841116,51.49916309485883]]]}},{"type":"Feature","properties":{"level_id":1,"building_id":"harrods","source_layer":"wall","geometry_tolerance_m":0.04},"geometry":{"type":"Polygon","coordinates":[[[-0.16239727847278118,51.498958968071605],[-0.162393506616354,51.498956619982096],[-0.1623919140547514,51.498958133195345],[-0.16235293820500374,51.49894482735286],[-0.16236727125942707,51.49892880815693],[-0.16240599565207958,51.49894195746472],[-0.16240473836660385,51.498943314139126],[-0.16240968368947506,51.498944722993286],[-0.16239727847278118,51.498958968071605]]]}},{"type":"Feature","properties":{"level_id":1,"building_id":"harrods","source_layer":"wall","geometry_tolerance_m":0.04},"geometry":{"type":"Polygon","coordinates":[[[-0.1626227516680956,51.499110236962025],[-0.1625160500407219,51.499041412027225],[-0.16255594789981842,51.49901740937199],[-0.16257497482001781,51.499005982016484],[-0.16268176026642323,51.499074807004774],[-0.1626227516680956,51.499110236962025]]]}},{"type":"Feature","properties":{"level_id":1,"building_id":"harrods","source_layer":"wall","geometry_tolerance_m":0.04},"geometry":{"type":"Polygon","coordinates":[[[-0.16242695041000843,51.49891795475713],[-0.1623880583792925,51.49890485762222],[-0.16240272670984268,51.498888994951784],[-0.16244128346443176,51.49890188337196],[-0.1624398585408926,51.49890344876684],[-0.16244513913989067,51.49890522288101],[-0.1624333206564188,51.49891795475713],[-0.1624284591525793,51.49891633718292],[-0.16242695041000843,51.49891795475713]]]}},{"type":"Feature","properties":{"level_id":1,"building_id":"harrods","source_layer":"wall","geometry_tolerance_m":0.04},"geometry":{"type":"Polygon","coordinates":[[[-0.16253650188446045,51.49880347210387],[-0.16253205947577953,51.498802219785205],[-0.16250272281467915,51.498792253414535],[-0.16251512803137302,51.498778060464076],[-0.1625443808734417,51.49878792247793],[-0.16254840418696404,51.498789748776574],[-0.16253650188446045,51.49880347210387]]]}},{"type":"Feature","properties":{"level_id":1,"building_id":"harrods","source_layer":"wall","geometry_tolerance_m":0.04},"geometry":{"type":"Polygon","coordinates":[[[-0.16304444521665573,51.49922518845986],[-0.16277329064905643,51.499050334750194],[-0.16261286102235317,51.49914686702141],[-0.162589056417346,51.49913053481907],[-0.16273791901767254,51.49904104676952],[-0.16253541223704815,51.49891106702131],[-0.16247388906776905,51.49887156687987],[-0.1624099351465702,51.498830553486755],[-0.1624218374490738,51.49880587238121],[-0.1624943409115076,51.49885236468515],[-0.1625655870884657,51.49889833514325],[-0.1626914832741022,51.49897952689474],[-0.16284378245472908,51.49888805571456],[-0.16291553154587746,51.498934339215424],[-0.16305173747241497,51.49885220814548],[-0.16307596117258072,51.498868436087804],[-0.16279139555990696,51.499039429199655],[-0.16291385516524315,51.499118429157335],[-0.16306347213685513,51.499213761156454],[-0.16304444521665573,51.49922518845986]],[[-0.1627632323652506,51.499025810302754],[-0.1628901343792677,51.49894957571277],[-0.1628428604453802,51.49891910271302],[-0.16271604225039482,51.49899533735396],[-0.1627632323652506,51.499025810302754]]]}},{"type":"Feature","properties":{"level_id":5,"building_id":"harrods","source_layer":"wall","geometry_tolerance_m":0.04},"geometry":{"type":"Polygon","coordinates":[[[-0.16254178248345852,51.49888075053536],[-0.16252451576292515,51.49886958404491],[-0.16253046691417694,51.498866661972215],[-0.16250423155725002,51.498850225309695],[-0.16251353546977043,51.498839371891194],[-0.16252543777227402,51.49882543985501],[-0.1625328976660967,51.498816777987656],[-0.16254479996860027,51.498802898124495],[-0.16255334950983524,51.498792983933924],[-0.16259240917861462,51.498792931754],[-0.16254429705440998,51.4988547649599],[-0.16255720518529415,51.498872088678525],[-0.16254178248345852,51.49888075053536]]]}},{"type":"Feature","properties":{"level_id":5,"building_id":"harrods","source_layer":"wall","geometry_tolerance_m":0.04},"geometry":{"type":"Polygon","coordinates":[[[-0.16257899813354015,51.49911472440675],[-0.16259626485407352,51.499104392847244],[-0.1623941771686077,51.498974048021466],[-0.16233248636126518,51.499011095627964],[-0.1624774932861328,51.499106427851586],[-0.16247447580099106,51.499108880292596],[-0.16246953047811985,51.49911185452936],[-0.1623070053756237,51.499006555993276],[-0.16230222769081593,51.49900426008594],[-0.1622176542878151,51.498980987927496],[-0.16222712583839893,51.49897415238095],[-0.16230625100433826,51.498996380948455],[-0.1624300517141819,51.49885753049375],[-0.16242988407611847,51.49885596509725],[-0.1623963564634323,51.498833214662255],[-0.16233466565608978,51.49879371445334],[-0.1623276248574257,51.49879047929599],[-0.16232016496360302,51.498787452858295],[-0.1623210869729519,51.49878625271913],[-0.16229418106377125,51.49877894752362],[-0.16229853965342045,51.49877247720664],[-0.16230490989983082,51.49876318916935],[-0.16230993904173374,51.498763658789244],[-0.1623320672661066,51.49877983458313],[-0.1625263597816229,51.498903970565124],[-0.16250498592853546,51.49891706770029],[-0.1624637469649315,51.49889118650526],[-0.16244136728346348,51.49891920707262],[-0.1624349970370531,51.49891696334069],[-0.16243684105575085,51.498914406529735],[-0.1623990386724472,51.498902144271085],[-0.16238403506577015,51.49891962451113],[-0.16242166981101036,51.49893256510239],[-0.16242343001067638,51.498930060472105],[-0.16242971643805504,51.49893219984381],[-0.16242393292486668,51.49893929629559],[-0.16241773031651974,51.498937417823186],[-0.16241999343037605,51.49893480883358],[-0.16238252632319927,51.49892212914199],[-0.16236727125942707,51.498939922453076],[-0.16240457072854042,51.49895270649927],[-0.16240649856626987,51.4989501496903],[-0.16241194680333138,51.498952132521765],[-0.16240599565207958,51.49895959422878],[-0.16239987686276436,51.49895735049884],[-0.16240264289081097,51.498954741510374],[-0.16236484050750732,51.498942166183866],[-0.16234874725341797,51.49895959422878],[-0.16238671727478504,51.49897201301121],[-0.16238948330283165,51.49896971710214],[-0.1623963564634323,51.49897175211245],[-0.16242468729615211,51.49898933668527],[-0.16254471614956856,51.49891571102512],[-0.162600539624691,51.498951402004906],[-0.16259056515991688,51.49895735049884],[-0.1625503320246935,51.49893141714688],[-0.1624452229589224,51.49899460683781],[-0.16251864843070507,51.499043081776676],[-0.16251957044005394,51.49904255997998],[-0.1625204924494028,51.49904313395635],[-0.1626256015151739,51.49897994433269],[-0.16262467950582504,51.49897937035553],[-0.16261596232652664,51.49897373494298],[-0.16262593679130077,51.498967734271446],[-0.16268452629446983,51.499005564578766],[-0.1626745518296957,51.499011513065625],[-0.1626343186944723,51.49898557974447],[-0.16252828761935234,51.49904929115695],[-0.16259567812085152,51.49909270461549],[-0.1626038085669279,51.49907856393821],[-0.16261889599263668,51.499068023651944],[-0.16262099146842957,51.49906703223874],[-0.16265368089079857,51.499058996573126],[-0.1626723725348711,51.49905863131556],[-0.16267689876258373,51.49905591797361],[-0.162686537951231,51.49906212735212],[-0.1626745518296957,51.49906901506509],[-0.16267354600131512,51.49906927596331],[-0.16265099868178368,51.499068701987255],[-0.16264613717794418,51.49906917160402],[-0.1626293733716011,51.499073919951],[-0.16262467950582504,51.49907642457339],[-0.16261420212686062,51.49908586908569],[-0.16261260956525803,51.49910167950799],[-0.16261009499430656,51.49910851503543],[-0.16258863732218742,51.49912093377728],[-0.16257899813354015,51.49911472440675]]]}},{"type":"Feature","properties":{"level_id":5,"building_id":"harrods","source_layer":"wall","geometry_tolerance_m":0.04},"geometry":{"type":"Polygon","coordinates":[[[-0.16271185129880905,51.4990468908924],[-0.1627022959291935,51.49904068151179],[-0.16271134838461876,51.4990352026459],[-0.16269994899630547,51.49902789749029],[-0.1627099234610796,51.499021896825894],[-0.16273087821900845,51.49903546354426],[-0.16271185129880905,51.4990468908924]]]}},{"type":"Feature","properties":{"level_id":5,"building_id":"harrods","source_layer":"wall","geometry_tolerance_m":0.04},"geometry":{"type":"Polygon","coordinates":[[[-0.16236509196460247,51.499136796367],[-0.1623581349849701,51.49913256982225],[-0.162383783608675,51.49911519402306],[-0.16236333176493645,51.49910199258562],[-0.16233609057962894,51.499118846594],[-0.16232930123806,51.49911467222719],[-0.1623565424233675,51.49909760949882],[-0.16233600676059723,51.49908435587665],[-0.16230817884206772,51.4991015229692],[-0.16230465844273567,51.49909933142584],[-0.1623009704053402,51.49909687898432],[-0.16232796013355255,51.49907934663264],[-0.16230608336627483,51.49906588428661],[-0.1622792612761259,51.499082529589856],[-0.1622471585869789,51.49906864980761],[-0.16227423213422298,51.49903374161485],[-0.16228294931352139,51.49902721915436],[-0.16228915192186832,51.49902721915436],[-0.16240851022303104,51.49910825413744],[-0.16236509196460247,51.499136796367]]]}},{"type":"Feature","properties":{"level_id":5,"building_id":"harrods","source_layer":"wall","geometry_tolerance_m":0.04},"geometry":{"type":"Polygon","coordinates":[[[-0.1625328976660967,51.498816777987656],[-0.1625285390764475,51.498815838748925],[-0.16249878332018852,51.49880592456117],[-0.16251110471785069,51.49879147071519],[-0.16254479996860027,51.498802898124495],[-0.1625328976660967,51.498816777987656]]]}},{"type":"Feature","properties":{"level_id":5,"building_id":"harrods","source_layer":"wall","geometry_tolerance_m":0.04},"geometry":{"type":"Polygon","coordinates":[[[-0.1622045785188675,51.49903421123199],[-0.1621849648654461,51.49901975745837],[-0.16219410113990307,51.49901078254973],[-0.16219678334891796,51.499010991268534],[-0.16222000122070312,51.4990160005201],[-0.16222000122070312,51.499016014212614],[-0.1622204203158617,51.49901610487947],[-0.16222838312387466,51.49900942587735],[-0.16228294931352139,51.49902721915436],[-0.16227423213422298,51.49903374161485],[-0.1622471585869789,51.49906864980761],[-0.16220072284340858,51.499042351261295],[-0.1622045785188675,51.49903421123199]]]}},{"type":"Feature","properties":{"level_id":5,"building_id":"harrods","source_layer":"wall","geometry_tolerance_m":0.04},"geometry":{"type":"Polygon","coordinates":[[[-0.16242166981101036,51.49893256510239],[-0.16238403506577015,51.49891962451113],[-0.1623990386724472,51.498902144271085],[-0.16243684105575085,51.498914406529735],[-0.1624349970370531,51.49891696334069],[-0.16244136728346348,51.49891920707262],[-0.16242971643805504,51.49893219984381],[-0.16242343001067638,51.498930060472105],[-0.16242166981101036,51.49893256510239]]]}},{"type":"Feature","properties":{"level_id":5,"building_id":"harrods","source_layer":"wall","geometry_tolerance_m":0.04},"geometry":{"type":"Polygon","coordinates":[[[-0.16238671727478504,51.49897201301121],[-0.16234874725341797,51.49895959422878],[-0.16236484050750732,51.498942166183866],[-0.16240264289081097,51.498954741510374],[-0.16239987686276436,51.49895735049884],[-0.16240599565207958,51.49895959422878],[-0.1623963564634323,51.49897175211245],[-0.16238948330283165,51.49896971710214],[-0.16238671727478504,51.49897201301121]]]}},{"type":"Feature","properties":{"level_id":5,"building_id":"harrods","source_layer":"wall","geometry_tolerance_m":0.04},"geometry":{"type":"Polygon","coordinates":[[[-0.16242468729615211,51.49898933668527],[-0.1623963564634323,51.49897175211245],[-0.16240599565207958,51.49895959422878],[-0.16241194680333138,51.498952132521765],[-0.16242393292486668,51.49893929629559],[-0.16242971643805504,51.49893219984381],[-0.16244136728346348,51.49891920707262],[-0.1624637469649315,51.49889118650526],[-0.16250498592853546,51.49891706770029],[-0.1625263597816229,51.498903970565124],[-0.16254471614956856,51.49891571102512],[-0.16242468729615211,51.49898933668527]]]}},{"type":"Feature","properties":{"level_id":5,"building_id":"harrods","source_layer":"wall","geometry_tolerance_m":0.04},"geometry":{"type":"Polygon","coordinates":[[[-0.16259199008345604,51.49919195013101],[-0.1625672634691,51.499175670124345],[-0.1625656709074974,51.49916930422273],[-0.16256810165941715,51.49916372101319],[-0.1625759806483984,51.49915829434158],[-0.16258771531283855,51.499151980617086],[-0.1625982765108347,51.49915876395744],[-0.16258260235190392,51.499168104093656],[-0.16258545219898224,51.49917488743159],[-0.16259115189313889,51.49917880089532],[-0.16260280273854733,51.499185427693135],[-0.16259199008345604,51.49919195013101]]]}},{"type":"Feature","properties":{"level_id":5,"building_id":"harrods","source_layer":"wall","geometry_tolerance_m":0.04},"geometry":{"type":"Polygon","coordinates":[[[-0.16240457072854042,51.49895270649927],[-0.16236727125942707,51.498939922453076],[-0.16238252632319927,51.49892212914199],[-0.16241999343037605,51.49893480883358],[-0.16241773031651974,51.498937417823186],[-0.16242393292486668,51.49893929629559],[-0.16241194680333138,51.498952132521765],[-0.16240649856626987,51.4989501496903],[-0.16240457072854042,51.49895270649927]]]}},{"type":"Feature","properties":{"level_id":5,"building_id":"harrods","source_layer":"wall","geometry_tolerance_m":0.04},"geometry":{"type":"Polygon","coordinates":[[[-0.16252719797194004,51.49915020651255],[-0.16249400563538074,51.49912876071369],[-0.16250481829047203,51.49912223826678],[-0.1625258568674326,51.4991358049553],[-0.1625350769609213,51.49913977060194],[-0.162535747513175,51.49913961406327],[-0.1625536009669304,51.49912996084382],[-0.16256324015557766,51.49913617021224],[-0.16254035755991936,51.49914926728067],[-0.16252719797194004,51.49915020651255]]]}},{"type":"Feature","properties":{"level_id":5,"building_id":"harrods","source_layer":"wall","geometry_tolerance_m":0.04},"geometry":{"type":"Polygon","coordinates":[[[-0.16217096708714962,51.49902320131821],[-0.16216082498431206,51.49901547872307],[-0.16216074116528034,51.49901480038696],[-0.1621631719172001,51.499009217158516],[-0.16216786578297615,51.499006921251265],[-0.1621947716921568,51.499000137888345],[-0.16222838312387466,51.49900942587735],[-0.1622204203158617,51.49901610487947],[-0.16219678334891796,51.499010991268534],[-0.16219410113990307,51.49901078254973],[-0.1621849648654461,51.49901975745837],[-0.1622045785188675,51.49903421123199],[-0.16220072284340858,51.499042351261295],[-0.16217096708714962,51.49902320131821]]]}},{"type":"Feature","properties":{"level_id":5,"building_id":"harrods","source_layer":"wall","geometry_tolerance_m":0.04},"geometry":{"type":"Polygon","coordinates":[[[-0.1621076837182045,51.499027949669966],[-0.16210424713790417,51.49902554940431],[-0.16210290603339672,51.49902429709172],[-0.1621017325669527,51.49902200118527],[-0.16210097819566727,51.499021427208646],[-0.16211212612688541,51.49900248597564],[-0.1620951108634472,51.498995754791764],[-0.16210156492888927,51.49898860616901],[-0.1621333323419094,51.49899784198064],[-0.16211883164942265,51.499016522317106],[-0.16211849637329578,51.49901819206747],[-0.16211891546845436,51.49902027925535],[-0.16212545335292816,51.499025445044936],[-0.1621245313435793,51.49902601902153],[-0.16211455687880516,51.49903196750569],[-0.1621076837182045,51.499027949669966]]]}},{"type":"Feature","properties":{"level_id":5,"building_id":"harrods","source_layer":"wall","geometry_tolerance_m":0.04},"geometry":{"type":"Polygon","coordinates":[[[-0.16251353546977043,51.498839371891194],[-0.16247950494289398,51.49882825757052],[-0.16249199397861958,51.49881390809148],[-0.16252174973487854,51.49882397881723],[-0.16252543777227402,51.49882543985501],[-0.16251353546977043,51.498839371891194]]]}},{"type":"Feature","properties":{"level_id":0,"building_id":"harrods","source_layer":"wall","geometry_tolerance_m":0.04},"geometry":{"type":"Polygon","coordinates":[[[-0.16179931350052357,51.499232284866025],[-0.16178707592189312,51.499226075510705],[-0.16178078949451447,51.499221222820665],[-0.16177525743842125,51.49921553525854],[-0.16177156940102577,51.49921026513155],[-0.1617690548300743,51.499204160132194],[-0.16176813282072544,51.499197846414035],[-0.16176855191588402,51.49919304590048],[-0.16176980920135975,51.49918824538642],[-0.16177257522940636,51.49918271435871],[-0.16177894547581673,51.49917389602072],[-0.16178900375962257,51.49916685178496],[-0.16180040314793587,51.499161581652345],[-0.16180794686079025,51.499159077034676],[-0.16182060353457928,51.49915631151913],[-0.16183074563741684,51.49915558100557],[-0.16184021718800068,51.49915547664648],[-0.16185002401471138,51.49915646805775],[-0.16186092048883438,51.49915839870067],[-0.16185916028916836,51.499161112036546],[-0.1618495211005211,51.49915897267559],[-0.16183904372155666,51.499157929084845],[-0.16182915307581425,51.49915813780299],[-0.16181884333491325,51.49915881613697],[-0.16179721802473068,51.49916471242432],[-0.1617809571325779,51.499175617944815],[-0.16177291050553322,51.49919028038698],[-0.16177291050553322,51.49920509936291],[-0.16178305260837078,51.49921887474463],[-0.16178933903574944,51.499224040511706],[-0.16179713420569897,51.499228319227456],[-0.16181054525077343,51.49923296319892],[-0.16181079670786858,51.49923259794275],[-0.1618108013164354,51.49923259794275],[-0.16182119026780128,51.499217778975776],[-0.16181062906980515,51.4992130828233],[-0.16180140897631645,51.49920671692689],[-0.1617989782243967,51.49920139461938],[-0.16179939731955528,51.49919294154148],[-0.1618043426424265,51.49918480153906],[-0.16181398183107376,51.49917848781823],[-0.16182856634259224,51.49917467871353],[-0.16183745115995407,51.49917431345688],[-0.1618490181863308,51.49917587884241],[-0.1618485152721405,51.499176504996626],[-0.1618371158838272,51.499174991790625],[-0.16182873398065567,51.49917535704725],[-0.16181448474526405,51.499179009613385],[-0.16180509701371193,51.49918521897513],[-0.16180040314793587,51.49919315025946],[-0.1617999840527773,51.499201342439875],[-0.16180233098566532,51.499206560388444],[-0.16181155107915401,51.49921282192591],[-0.16182160936295986,51.49921720500163],[-0.16182362101972103,51.499217622437385],[-0.16181353519162342,51.49923259794275],[-0.16181356273591518,51.49923259794275],[-0.16181121580302715,51.49923604178653],[-0.16179931350052357,51.499232284866025]]]}},{"type":"Feature","properties":{"level_id":-1,"building_id":"harrods","source_layer":"virtualobstacle","geometry_tolerance_m":0.06},"geometry":{"type":"Polygon","coordinates":[[[-0.1618511974811554,51.49918094025534],[-0.16184558160603046,51.499180627178276],[-0.1618452463299036,51.499180574998746],[-0.16183963045477867,51.499178957433855],[-0.16183954663574696,51.499178905254354],[-0.1618365291506052,51.499177600766444],[-0.16183175146579742,51.499174939611095],[-0.161831583827734,51.49917483525206],[-0.16182873398065567,51.4991725915327],[-0.16182865016162395,51.49917248717364],[-0.1618267223238945,51.49917003473607],[-0.16182663850486279,51.49917003473607],[-0.1618240401148796,51.49916544293771],[-0.1618240401148796,51.49916518204009],[-0.1618250459432602,51.499161999088614],[-0.1618250459432602,51.499161946909084],[-0.16182714141905308,51.49915772036667],[-0.1618273090571165,51.49915756382808],[-0.1618294045329094,51.499155841903246],[-0.1618294883519411,51.499155789723744],[-0.16183258965611458,51.4991540156193],[-0.16183636151254177,51.499151980617086],[-0.16183661296963692,51.499151876258],[-0.1618425641208887,51.49915057176935],[-0.16184281557798386,51.49915057176935],[-0.16184709034860134,51.49915051958982],[-0.16185262240469456,51.49915036305117],[-0.16185270622372627,51.49915036305117],[-0.16185790300369263,51.49915057176935],[-0.16185815446078777,51.49915062394891],[-0.1618632674217224,51.499152032796644],[-0.16186343505978584,51.499152084976174],[-0.1618713978677988,51.499156728955455],[-0.16187164932489395,51.499156885494074],[-0.16187382861971855,51.49916012062539],[-0.16187391243875027,51.49916027716398],[-0.16187424771487713,51.49916351229507],[-0.16187424771487713,51.4991635644746],[-0.1618740800768137,51.49916695614402],[-0.1618740800768137,51.49916711268261],[-0.16187231987714767,51.49917039999275],[-0.16187223605811596,51.49917050435178],[-0.16186737455427647,51.49917540922675],[-0.16186729073524475,51.49917546140628],[-0.16186309978365898,51.49917822692066],[-0.16186133958399296,51.499179374869954],[-0.1618610043078661,51.499179479228985],[-0.16185513697564602,51.49918073153731],[-0.16185488551855087,51.49918078371681],[-0.16185136511921883,51.49918094025534],[-0.1618511974811554,51.49918094025534]],[[-0.1618512813001871,51.49917994884461],[-0.16185471788048744,51.49917979230608],[-0.16186033375561237,51.49917859217726],[-0.16186192631721497,51.49917754858697],[-0.16186603344976902,51.49917483525206],[-0.1618708111345768,51.49917003473607],[-0.1618724875152111,51.49916690396452],[-0.16187265515327454,51.4991635644746],[-0.16187231987714767,51.4991604337026],[-0.1618702244013548,51.49915740728943],[-0.16186242923140526,51.49915291984888],[-0.16185765154659748,51.49915161536029],[-0.16185270622372627,51.49915135446258],[-0.16184717416763306,51.4991515110012],[-0.16184709034860134,51.4991515110012],[-0.1618429832160473,51.49915156318073],[-0.16183728352189064,51.49915276331029],[-0.16183367930352688,51.499154746132916],[-0.16183066181838512,51.49915646805775],[-0.16182865016162395,51.49915808562346],[-0.16182655468583107,51.49916220780676],[-0.1618256326764822,51.49916523421959],[-0.16182814724743366,51.499169617299884],[-0.16183007508516312,51.49917201755795],[-0.16183284111320972,51.499174209097816],[-0.1618375349789858,51.49917681807372],[-0.1618403848260641,51.49917807038213],[-0.1618458330631256,51.49917963576752],[-0.1618512813001871,51.49917994884461]]]}},{"type":"Feature","properties":{"level_id":0,"building_id":"harrods","source_layer":"wall","geometry_tolerance_m":0.04},"geometry":{"type":"Polygon","coordinates":[[[-0.16169261187314987,51.49895860281322],[-0.1615326851606369,51.498914145630636],[-0.1616208627820015,51.498790688015816],[-0.16162186861038208,51.49879037493605],[-0.16177944839000702,51.49883399736086],[-0.16177953220903873,51.49883467569967],[-0.16175941564142704,51.49886394861878],[-0.16174793243408203,51.49886102654574],[-0.16176553443074226,51.49883738905481],[-0.16162765212357044,51.49879924552823],[-0.16154877841472626,51.498910962661654],[-0.16168389469385147,51.49894780160031],[-0.16173586249351501,51.49887918513966],[-0.161745585501194,51.49888210721156],[-0.16169261187314987,51.49895860281322]]]}},{"type":"Feature","properties":{"level_id":0,"building_id":"harrods-car-park","source_layer":"void","geometry_tolerance_m":0.06},"geometry":{"type":"Polygon","coordinates":[[[-0.163864865899086,51.49817141206012],[-0.16383804380893707,51.49816087156404],[-0.16384215094149113,51.49815674929016],[-0.16386897303164005,51.498167289787176],[-0.163864865899086,51.49817141206012]]]}},{"type":"Feature","properties":{"level_id":0,"building_id":"harrods-car-park","source_layer":"wall","geometry_tolerance_m":0.04},"geometry":{"type":"Polygon","coordinates":[[[-0.16324996948242188,51.49810931702339],[-0.1633845828473568,51.497974899242365],[-0.16387785784900188,51.498166663619116],[-0.16381432302296162,51.49822870639713],[-0.16380728222429752,51.49822614954755],[-0.1638659555464983,51.49816875084599],[-0.16359329223632812,51.49806161583399],[-0.16359329223632812,51.498061623803295],[-0.16338600777089596,51.49798016951223],[-0.16321862116456032,51.49814641751351],[-0.16324996948242188,51.498158532871344],[-0.16324996948242188,51.4981585234334],[-0.16369915567338467,51.4983321282329],[-0.16378456726670265,51.49824848284098],[-0.16379160806536674,51.49825088314756],[-0.16370167024433613,51.49833875515384],[-0.16359329223632812,51.49829657577048],[-0.16359329223632812,51.49829659330973],[-0.16321132890880108,51.498147930753646],[-0.16324996948242188,51.49810933978765],[-0.16324996948242188,51.49810931702339]]]}},{"type":"Feature","properties":{"level_id":0,"building_id":"harrods-car-park","source_layer":"wall","geometry_tolerance_m":0.04},"geometry":{"type":"Polygon","coordinates":[[[-0.16341710463166237,51.498223279614194],[-0.1634177751839161,51.498223383975414],[-0.16342037357389927,51.49822067058372],[-0.1634243968874216,51.49822228818263],[-0.16342372633516788,51.498222966530534],[-0.16342079266905785,51.49822207946016],[-0.1634188648313284,51.49822390578149],[-0.16341710463166237,51.498223279614194]]]}},{"type":"Feature","properties":{"level_id":0,"building_id":"harrods-car-park","source_layer":"wall","geometry_tolerance_m":0.04},"geometry":{"type":"Polygon","coordinates":[[[-0.16350410878658295,51.49804289089465],[-0.1635055337101221,51.49804137765102],[-0.1635435875505209,51.498056092638876],[-0.1635538972914219,51.49804596956264],[-0.16355657950043678,51.49804701317885],[-0.16354434192180634,51.49805786678604],[-0.16350410878658295,51.49804289089465]]]}},{"type":"Feature","properties":{"level_id":0,"building_id":"harrods-car-park","source_layer":"wall","geometry_tolerance_m":0.04},"geometry":{"type":"Polygon","coordinates":[[[-0.16380996443331242,51.498162019538995],[-0.1637744251638651,51.49814787857298],[-0.1637755148112774,51.49814699150116],[-0.1638087909668684,51.49816003667317],[-0.1638191007077694,51.49815017452346],[-0.16382144764065742,51.49815132249867],[-0.16380996443331242,51.498162019538995]]]}},{"type":"Feature","properties":{"level_id":0,"building_id":"harrods-car-park","source_layer":"wall","geometry_tolerance_m":0.04},"geometry":{"type":"Polygon","coordinates":[[[-0.16342716291546822,51.498218896442864],[-0.16342783346772194,51.498218322456125],[-0.16343839466571808,51.49822234036321],[-0.16343764029443264,51.498223018711144],[-0.16342716291546822,51.498218896442864]]]}},{"type":"Feature","properties":{"level_id":0,"building_id":"harrods-car-park","source_layer":"wall","geometry_tolerance_m":0.04},"geometry":{"type":"Polygon","coordinates":[[[-0.1637652888894081,51.498145060815375],[-0.16376327723264694,51.49814422592419],[-0.16376478597521782,51.498142712683915],[-0.1637652050703764,51.49814224305763],[-0.16377165913581848,51.49813551174668],[-0.16375682316720486,51.49812982404907],[-0.16375036910176277,51.49813629445731],[-0.16374877654016018,51.498135668288825],[-0.16375523060560226,51.49812914569981],[-0.16374031081795692,51.49812319709778],[-0.1637391373515129,51.498124710338715],[-0.16373788006603718,51.49812413635078],[-0.16373343765735626,51.49812883261549],[-0.16373427584767342,51.49812919788047],[-0.16373335383832455,51.4981302936755],[-0.16373209655284882,51.49813149383195],[-0.16372882761061192,51.49813018931408],[-0.16373880207538605,51.49811881391685],[-0.16377693973481655,51.49813373760256],[-0.1637652888894081,51.498145060815375]]]}},{"type":"Feature","properties":{"level_id":0,"building_id":"harrods-car-park","source_layer":"wall","geometry_tolerance_m":0.04},"geometry":{"type":"Polygon","coordinates":[[[-0.16327008605003357,51.498120379338644],[-0.16329246573150158,51.49809804598246],[-0.16330495476722717,51.498103264057306],[-0.16330210492014885,51.498106029636745],[-0.1633121632039547,51.49811004755372],[-0.16331509687006474,51.49810749069752],[-0.16331844963133335,51.49810858649306],[-0.1633122470229864,51.498114430735484],[-0.16329112462699413,51.498105664371565],[-0.16327167861163616,51.49812382326644],[-0.1632495503872633,51.49811547435013],[-0.16325198113918304,51.49811328275936],[-0.16327008605003357,51.498120379338644]]]}},{"type":"Feature","properties":{"level_id":0,"building_id":"harrods-car-park","source_layer":"wall","geometry_tolerance_m":0.04},"geometry":{"type":"Polygon","coordinates":[[[-0.1634118240326643,51.49820705144214],[-0.16341484151780605,51.49820412932695],[-0.1634046994149685,51.49820021577952],[-0.1634015142917633,51.498203398798125],[-0.16340671107172966,51.498205433842685],[-0.16339799389243126,51.49821420018745],[-0.16340117901563644,51.49821529598043],[-0.16340000554919243,51.49821670485707],[-0.16338818706572056,51.498212165143286],[-0.16340218484401703,51.49819682403816],[-0.16344577074050903,51.498214774174244],[-0.16344166360795498,51.498218896442864],[-0.16344157978892326,51.4982189486235],[-0.1634118240326643,51.49820705144214]]]}},{"type":"Feature","properties":{"level_id":0,"building_id":"harrods-car-park","source_layer":"wall","geometry_tolerance_m":0.04},"geometry":{"type":"Polygon","coordinates":[[[-0.16337033361196518,51.49805108328184],[-0.1633725967258215,51.49804910041121],[-0.16335365362465382,51.49804189945917],[-0.16335164196789265,51.49804377796855],[-0.16334929503500462,51.49804289089465],[-0.163366561755538,51.49802577558421],[-0.16336530447006226,51.498025253775864],[-0.16336622647941113,51.49802426234001],[-0.16335214488208294,51.49801899207526],[-0.16335147432982922,51.49801977478788],[-0.16334770247340202,51.49801836590515],[-0.16335122287273407,51.49801497415024],[-0.16337301582098007,51.498023323084965],[-0.16335717402398586,51.49803939477994],[-0.16337829641997814,51.498047743710174],[-0.1633736863732338,51.49805233562117],[-0.16337033361196518,51.49805108328184]]]}},{"type":"Feature","properties":{"level_id":0,"building_id":"harrods-car-park","source_layer":"wall","geometry_tolerance_m":0.04},"geometry":{"type":"Polygon","coordinates":[[[-0.16357728280127048,51.498285009231864],[-0.16358968801796436,51.49827326860941],[-0.1635914482176304,51.498273999137126],[-0.16358591616153717,51.49827895628914],[-0.16357870772480965,51.49828558321778],[-0.16357728280127048,51.498285009231864]]]}},{"type":"Feature","properties":{"level_id":0,"building_id":"harrods-car-park","source_layer":"wall","geometry_tolerance_m":0.04},"geometry":{"type":"Polygon","coordinates":[[[-0.16347846016287804,51.49824676088181],[-0.16349002718925476,51.49823642912554],[-0.16345616430044174,51.49822202727955],[-0.1634580921381712,51.49822009659698],[-0.16349639743566513,51.498235646416674],[-0.1634821482002735,51.49824822193807],[-0.16347846016287804,51.49824676088181]]]}},{"type":"Feature","properties":{"level_id":0,"building_id":"harrods-car-park","source_layer":"wall","geometry_tolerance_m":0.04},"geometry":{"type":"Polygon","coordinates":[[[-0.1635408215224743,51.498257562260875],[-0.16353696584701538,51.49826142362281],[-0.1635382231324911,51.49826194542845],[-0.16353235580027103,51.49826768529013],[-0.1635283324867487,51.49826611987339],[-0.16353897750377655,51.4982548488712],[-0.16358080320060253,51.49827165101232],[-0.16358206048607826,51.4982701899568],[-0.163583904504776,51.498270972665125],[-0.16358264721930027,51.49827248590117],[-0.16358155757188797,51.498273529512204],[-0.1635408215224743,51.498257562260875]]]}},{"type":"Feature","properties":{"level_id":0,"building_id":"harrods-car-park","source_layer":"wall","geometry_tolerance_m":0.04},"geometry":{"type":"Polygon","coordinates":[[[-0.16359731554985046,51.498292731950784],[-0.16359329223632812,51.49829121871542],[-0.16359983012080193,51.49828521795405],[-0.16360385343432426,51.49828678337013],[-0.16359731554985046,51.498292731950784]]]}}]}
