{
  "type": "FeatureCollection",
  "features": [
    {
      "type": "Feature",
      "id": 1,
      "properties": {
        "building_id": "harrods",
        "floor": 0,
        "id": 1,
        "metadata": {
          "category": "bakery",
          "description": "Harrods Roast & Bake is your go-to place for coffee and nibbles on the go. Flat white, cortado, cappuccino \u2013 every coffee is made with our signature Knightsbridge Roast, developed by our master roaster Bartosz Ciepaj, and made from 100-per-cent arabica beans for notes of caramel, roasted nuts and chocolate. The menu also includes daily soups and stews, freshly baked viennoiseries (think double-baked almond croissants), and a selection of sandwiches, wraps and salads, all made daily by our in-hou",
          "tags": ["Bakery", "Coffee", "Food", "Drinks"],
          "rating": 4.7,
          "numberOfRatings": 347,
          "logo": "https://images.eu.ctfassets.net/hylzcwvhuztx/0M8S9oLv2Y4jfCY0uPiER/68e94ab250400311db6fdb9d28d066ba/D_Double_Portrait_Square_Departments_Roastery___Bake_Hall-1.jpg?q=85&w=3072&fm=jpg",
          "priceLevel": "$$",
          "images": [
            "https://www.thefoodaholic.co.uk/wp-content/uploads/2017/11/DSC_0041-1.jpg",
            "https://images.eu.ctfassets.net/hylzcwvhuztx/4QumcgbBFExoAQijSxLB9v/851ad328bc87992f613a37fcdcf3c8f0/d-food-halls-in-store-experience-2.jpg",
            "https://www.hot-dinners.com/images/stories/blog/2017/harrodsbread.jpg"
          ],
          "buttons": [
            {
              "name": "Call",
              "action": "tel",
              "intent": "+44 20 7225 6800"
            }
          ]
        },
        "name": "Roast and Bake Hall",
        "type": "store"
      },
      "geometry": {
        "type": "Point",
        "coordinates": [-0.16295263363636364, 51.49896452454545]
      }
    },
    {
      "type": "Feature",
      "id": 2,
      "properties": {
        "building_id": "harrods",
        "floor": -1,
        "id": 2,
        "metadata": {
          "category": "accessories-gifts"
        },
        "name": "Travel Goods & Luggage",
        "type": "store"
      },
      "geometry": {
        "type": "Point",
        "coordinates": [-0.16363690692307695, 51.49947420153846]
      }
    },
    {
      "type": "Feature",
      "id": 3,
      "properties": {
        "building_id": "harrods",
        "floor": 0,
        "id": 3,
        "metadata": {
          "category": "accessories-gifts",
          "description": "Exclusive timepieces and extraordinary novelties meet unparalleled expertise at the Harrods Fine Watches department.",
          "openHours": {
            "Monday": [["08:00", "22:00"]],
            "Tuesday": [["08:00", "22:00"]],
            "Wednesday": [["08:00", "22:00"]],
            "Thursday": [["08:00", "22:00"]],
            "Friday": [["08:00", "22:00"]]
          },
          "tags": [
            "Rolex",
            "Jaeger-LeCoultre",
            "Jean Rousseau",
            "Vacheron Constantin",
            "Cartier",
            "IWC Schaffhausen",
            "Tudor",
            "Audemars Piguet",
            "TAG Heuer"
          ],
          "logo": "https://blogger.googleusercontent.com/img/b/R29vZ2xl/AVvXsEjZ3mRnsAbWFgSsOrubBjJ0Co-xEV5qgz15RqMwpJz-Zlfy_aOjfAHXeURdTES4G06hBmgs3GmlzytAXhpL81m87hrIEuhZQBjLWRf3dLLSFQAUceSn1_0Kan_NZA__yKXH-ukEXQf_mZlF/s1600/harrods_fine_watch_room.jpg__760x0_q75_crop-scale_subsampling-2_upscale-false.jpg",
          "images": [
            "https://moodiedavittreport.com/wp-content/uploads/2023/06/Harrods_Watches1.jpg",
            "https://www.billamberg.com/wp-content/uploads/2018/07/Harrods-7.jpg",
            "https://oracleoftime.com/wp-content/uploads/2024/06/Harrods-Fine-Watch-Room.jpg"
          ]
        },
        "name": "Fine Watch Room",
        "type": "store"
      },
      "geometry": {
        "type": "Point",
        "coordinates": [-0.16295971368421053, 51.49870589122807]
      }
    },
    {
      "type": "Feature",
      "id": 4,
      "properties": {
        "building_id": "harrods",
        "floor": 0,
        "id": 4,
        "metadata": {
          "category": "accessories-gifts",
          "description": "Established in 1854 with a selection of trunks in the now-iconic monogram, Louis Vuitton\u2019s spirit of adventure is woven into its very foundation. The Maison might have begun with luggage but, over 150 years on, its empire now extends to Louis Vuitton shoes, Louis Vuitton dresses and the ever-popular Louis Vuitton bags, from cross-body bags to holdalls and everything in between. Nicolas Ghesqui\u00e8re has been the artistic director of womenswear since 2013, while Louis Vuitton chose Pharrell Williams",
          "openHours": {
            "Monday": [["08:00", "22:00"]],
            "Tuesday": [["08:00", "22:00"]],
            "Wednesday": [["08:00", "22:00"]],
            "Thursday": [["08:00", "22:00"]],
            "Friday": [["08:00", "22:00"]]
          },
          "tags": ["Fashion", "Shoes", "Accessories"],
          "logo": "https://cdn.freebiesupply.com/logos/large/2x/louis-vuitton-1-logo-png-transparent.png",
          "images": [
            "https://uk.louisvuitton.com/images/is/image/lv/1/PP_VP_L/louis-vuitton--StFi_Louis_Vuitton_Harrods_1_DI3.jpg",
            "https://uk.louisvuitton.com/images/is/image/lv/1/PP_VP_L/louis-vuitton--StFi_Louis_Vuitton_Harrods_3_DI3.jpg",
            "https://cdn.luxuo.com/2012/06/Harrods-Louis-Vuitton-Store.jpg"
          ]
        },
        "name": "Louis Vuitton",
        "type": "store"
      },
      "geometry": {
        "type": "Point",
        "coordinates": [-0.16263403666666668, 51.499535346]
      }
    },
    {
      "type": "Feature",
      "id": 5,
      "properties": {
        "building_id": "harrods",
        "floor": 0,
        "id": 5,
        "metadata": {
          "category": "accessories-gifts",
          "description": "Discover CHANEL at Harrods. From legendary fragrances and make-up to beautifully crafted fine jewellery and watches, CHANEL sets the standard for luxury.",
          "openHours": {
            "Monday": [["08:00", "22:00"]],
            "Tuesday": [["08:00", "22:00"]],
            "Wednesday": [["08:00", "22:00"]],
            "Thursday": [["08:00", "22:00"]],
            "Friday": [["08:00", "22:00"]]
          },
          "tags": ["Chanel", "Accessories", "Luxury", "Fashion"],
          "logo": "https://images.seeklogo.com/logo-png/28/2/chanel-logo-png_seeklogo-284915.png",
          "images": [
            "https://pbs.twimg.com/media/EhpvN0cXYAQVFPK.jpg",
            "https://pavlisshopfitting.co.uk/wp-content/uploads/2023/04/Luxury-Retail-Store-Harrods-Image-4-600x400.jpeg",
            "https://cdn.rt.emap.com/wp-content/uploads/sites/2/2020/09/17153748/H-Beauty-Chanel-1024x683.jpg"
          ]
        },
        "name": "Chanel 2025",
        "type": "store"
      },
      "geometry": {
        "type": "Point",
        "coordinates": [-0.1624275, 51.49964543]
      }
    },
    {
      "type": "Feature",
      "id": 6,
      "properties": {
        "building_id": "harrods",
        "floor": 0,
        "id": 6,
        "metadata": {
          "category": "accessories-gifts",
          "description": "From functional belts and sumptuous scarves to oversized sunglasses and branded phone cases, our curated collection of women\u2019s accessories will instantly enhance any number of outfits. Whether you prefer a minimal style that has versatile appeal or an ornamental creation with eye-catching intentions, our selection covers all bases.",
          "openHours": {
            "Monday": [["08:00", "22:00"]],
            "Tuesday": [["08:00", "22:00"]],
            "Wednesday": [["08:00", "22:00"]],
            "Thursday": [["08:00", "22:00"]],
            "Friday": [["08:00", "22:00"]]
          },
          "tags": ["Accessories", "Fashion"],
          "logo": "https://cms.showstudio.com/images/nRgaT8ekANcbc4yR3mxqWAIUQ9o=/376033/width-640/Blog_Harrods_1.jpg",
          "images": [
            "https://pavlisshopfitting.co.uk/wp-content/uploads/2023/03/Luxury-Brand-Department-Store-London-Image-1.jpg",
            "https://pavlisshopfitting.co.uk/wp-content/uploads/2023/03/Luxury-Brand-Department-Store-London-Image-3.jpg",
            "https://pavlisshopfitting.co.uk/wp-content/uploads/2023/04/Luxury-Retail-Store-Harrods-Image-2.jpeg"
          ]
        },
        "name": "Luxury Accessories Room 1",
        "type": "store"
      },
      "geometry": {
        "type": "Point",
        "coordinates": [-0.16275486322580643, 51.499849719032255]
      }
    },
    {
      "type": "Feature",
      "id": 7,
      "properties": {
        "building_id": "harrods",
        "floor": 0,
        "id": 7,
        "metadata": {
          "category": "accessories-gifts",
          "description": "From functional belts and sumptuous scarves to oversized sunglasses and branded phone cases, our curated collection of women\u2019s accessories will instantly enhance any number of outfits. Whether you prefer a minimal style that has versatile appeal or an ornamental creation with eye-catching intentions, our selection covers all bases.",
          "openHours": {
            "Monday": [["08:00", "22:00"]],
            "Tuesday": [["08:00", "22:00"]],
            "Wednesday": [["08:00", "22:00"]],
            "Thursday": [["08:00", "22:00"]],
            "Friday": [["08:00", "22:00"]]
          },
          "tags": ["Accessories", "Fashion"],
          "logo": "https://cms.showstudio.com/images/nRgaT8ekANcbc4yR3mxqWAIUQ9o=/376033/width-640/Blog_Harrods_1.jpg",
          "images": [
            "https://pavlisshopfitting.co.uk/wp-content/uploads/2023/04/Luxury-Retail-Store-Harrods-Image-2.jpeg",
            "https://pavlisshopfitting.co.uk/wp-content/uploads/2023/03/Luxury-Brand-Department-Store-London-Image-3.jpg",
            "https://pavlisshopfitting.co.uk/wp-content/uploads/2023/03/Luxury-Brand-Department-Store-London-Image-1.jpg"
          ]
        },
        "name": "Luxury Accessories Room 4",
        "type": "store"
      },
      "geometry": {
        "type": "Point",
        "coordinates": [-0.16332266695652176, 51.49949166521739]
      }
    },
    {
      "type": "Feature",
      "id": 8,
      "properties": {
        "building_id": "harrods",
        "floor": 0,
        "id": 8,
        "metadata": {
          "category": "accessories-gifts",
          "description": "From functional belts and sumptuous scarves to oversized sunglasses and branded phone cases, our curated collection of women\u2019s accessories will instantly enhance any number of outfits. Whether you prefer a minimal style that has versatile appeal or an ornamental creation with eye-catching intentions, our selection covers all bases.",
          "openHours": {
            "Monday": [["08:00", "22:00"]],
            "Tuesday": [["08:00", "22:00"]],
            "Wednesday": [["08:00", "22:00"]],
            "Thursday": [["08:00", "22:00"]],
            "Friday": [["08:00", "22:00"]]
          },
          "tags": ["Accessories", "Fashion"],
          "logo": "https://cms.showstudio.com/images/nRgaT8ekANcbc4yR3mxqWAIUQ9o=/376033/width-640/Blog_Harrods_1.jpg",
          "images": [
            "https://pavlisshopfitting.co.uk/wp-content/uploads/2023/04/Luxury-Retail-Store-Harrods-Image-2.jpeg",
            "https://pavlisshopfitting.co.uk/wp-content/uploads/2023/03/Luxury-Brand-Department-Store-London-Image-3.jpg",
            "https://pavlisshopfitting.co.uk/wp-content/uploads/2023/03/Luxury-Brand-Department-Store-London-Image-1.jpg"
          ]
        },
        "name": "Luxury Accessories Room 2",
        "type": "store"
      },
      "geometry": {
        "type": "Point",
        "coordinates": [-0.16289848, 51.49970345875]
      }
    },
    {
      "type": "Feature",
      "id": 9,
      "properties": {
        "building_id": "harrods",
        "floor": 0,
        "id": 9,
        "metadata": {
          "category": "accessories-gifts",
          "description": "From functional belts and sumptuous scarves to oversized sunglasses and branded phone cases, our curated collection of women\u2019s accessories will instantly enhance any number of outfits. Whether you prefer a minimal style that has versatile appeal or an ornamental creation with eye-catching intentions, our selection covers all bases.",
          "openHours": {
            "Monday": [["08:00", "22:00"]],
            "Tuesday": [["08:00", "22:00"]],
            "Wednesday": [["08:00", "22:00"]],
            "Thursday": [["08:00", "22:00"]],
            "Friday": [["08:00", "22:00"]]
          },
          "tags": ["Accessories", "Fashion"],
          "logo": "https://cms.showstudio.com/images/nRgaT8ekANcbc4yR3mxqWAIUQ9o=/376033/width-640/Blog_Harrods_1.jpg",
          "images": [
            "https://pavlisshopfitting.co.uk/wp-content/uploads/2023/03/Luxury-Brand-Department-Store-London-Image-1.jpg",
            "https://pavlisshopfitting.co.uk/wp-content/uploads/2023/03/Luxury-Brand-Department-Store-London-Image-3.jpg",
            "https://pavlisshopfitting.co.uk/wp-content/uploads/2023/04/Luxury-Retail-Store-Harrods-Image-2.jpeg"
          ]
        },
        "name": "Luxury Accessories Room 5",
        "type": "store"
      },
      "geometry": {
        "type": "Point",
        "coordinates": [-0.16358548, 51.49940179153846]
      }
    },
    {
      "type": "Feature",
      "id": 10,
      "properties": {
        "building_id": "harrods",
        "floor": -1,
        "id": 10,
        "metadata": {
          "category": "accessories-gifts",
          "description": "What's your next adventure? Plan your dream holiday with Abercrombie & Kent, a specially tailored travel service. And remember: you can use or earn Rewards points when you book via Harrods.",
          "phone": "+442071736440",
          "link": "https://www.harrods.com/en-gb/services/abercrombie-kent"
        },
        "name": "Abercrombie & Kent",
        "type": "store"
      },
      "geometry": {
        "type": "Point",
        "coordinates": [-0.164061005, 51.4992207175]
      }
    },
    {
      "type": "Feature",
      "id": 11,
      "properties": {
        "building_id": "harrods",
        "floor": 0,
        "id": 11,
        "metadata": {
          "category": "accessories-gifts",
          "description": "From functional belts and sumptuous scarves to oversized sunglasses and branded phone cases, our curated collection of women\u2019s accessories will instantly enhance any number of outfits. Whether you prefer a minimal style that has versatile appeal or an ornamental creation with eye-catching intentions, our selection covers all bases.",
          "openHours": {
            "Monday": [["08:00", "22:00"]],
            "Tuesday": [["08:00", "22:00"]],
            "Wednesday": [["08:00", "22:00"]],
            "Thursday": [["08:00", "22:00"]],
            "Friday": [["08:00", "22:00"]]
          },
          "tags": ["Accessories", "Fashion"],
          "logo": "https://cms.showstudio.com/images/nRgaT8ekANcbc4yR3mxqWAIUQ9o=/376033/width-640/Blog_Harrods_1.jpg",
          "images": [
            "https://pavlisshopfitting.co.uk/wp-content/uploads/2023/03/Luxury-Brand-Department-Store-London-Image-1.jpg",
            "https://pavlisshopfitting.co.uk/wp-content/uploads/2023/03/Luxury-Brand-Department-Store-London-Image-3.jpg",
            "https://pavlisshopfitting.co.uk/wp-content/uploads/2023/04/Luxury-Retail-Store-Harrods-Image-2.jpeg"
          ]
        },
        "name": "Luxury Accessories Room 3",
        "type": "store"
      },
      "geometry": {
        "type": "Point",
        "coordinates": [-0.1631744915151515, 51.4996469660606]
      }
    },
    {
      "type": "Feature",
      "id": 12,
      "properties": {
        "building_id": "harrods",
        "floor": 0,
        "id": 12,
        "metadata": {
          "category": "accessories-gifts",
          "description": "Heirloom diamonds, extraordinary jewels and prestigious brands: look no further than Fine Jewellery at Harrods.",
          "openHours": {
            "Monday": [["08:00", "22:00"]],
            "Tuesday": [["08:00", "22:00"]],
            "Wednesday": [["08:00", "22:00"]],
            "Thursday": [["08:00", "22:00"]],
            "Friday": [["08:00", "22:00"]]
          },
          "tags": ["Cartier", "Boucheron", "De Beers", "Chopard", "Jewellery"],
          "logo": "https://www.professionaljeweller.com/2016/02/Floating-like-drapery-on-the-skin-this-unusually-designed-bracelet-is-adorned-with-natural-Burma-rubies-and-briolette-diamonds..jpg",
          "images": [
            "https://cdn.rt.emap.com/wp-content/uploads/sites/3/2016/06/13021302/Harrods.jpg",
            "https://www.thejewelleryeditor.com/media/images_thumbnails/filer_public_thumbnails/old/40262/graff6.jpg__760x0_q75_crop-scale_subsampling-2_upscale-false.jpg",
            "https://www.professionaljeweller.com/cloud/2024/07/12/Harrods-marks-high-summer-season-with-high-jewellery-celebration.jpg"
          ]
        },
        "name": "Fine Jewellery",
        "type": "store"
      },
      "geometry": {
        "type": "Point",
        "coordinates": [-0.16377580701492536, 51.4990690058209]
      }
    },
    {
      "type": "Feature",
      "id": 13,
      "properties": {
        "building_id": "harrods",
        "floor": -1,
        "id": 13,
        "metadata": {
          "category": "accessories-gifts"
        },
        "name": "Travel Goods & Luggage 4343",
        "type": "store"
      },
      "geometry": {
        "type": "Point",
        "coordinates": [-0.16358301333333333, 51.49936024833334]
      }
    },
    {
      "type": "Feature",
      "id": 14,
      "properties": {
        "building_id": "harrods",
        "floor": 0,
        "id": 14,
        "metadata": {
          "category": "parking-service"
        },
        "name": "ParkBee Pavilion Road - Knightsbridge",
        "type": "store"
      },
      "geometry": {
        "type": "Point",
        "coordinates": [-0.16095758461538462, 51.49967798769231]
      }
    },
    {
      "type": "Feature",
      "id": 15,
      "properties": {
        "building_id": "harrods",
        "floor": 0,
        "id": 15,
        "metadata": {
          "category": "section"
        },
        "name": "Luxury Accessories",
        "type": "store"
      },
      "geometry": {
        "type": "Point",
        "coordinates": [-0.16279418333333334, 51.499518655833334]
      }
    },
    {
      "type": "Feature",
      "id": 16,
      "properties": {
        "building_id": "harrods",
        "floor": 0,
        "id": 16,
        "metadata": {
          "category": "section",
          "description": "Ground Floor \u2014 From heirloom diamonds to more contemporary pieces, find the jewellery of your dreams at Harrods.",
          "link": "https://www.harrods.com/en-gb/departments/fine-jewellery"
        },
        "name": "Fine Jewellery",
        "type": "store"
      },
      "geometry": {
        "type": "Point",
        "coordinates": [-0.16347071, 51.4989117]
      }
    },
    {
      "type": "Feature",
      "id": 17,
      "properties": {
        "building_id": "harrods",
        "floor": 0,
        "id": 17,
        "metadata": {
          "category": "section"
        },
        "name": "Perfume",
        "type": "store"
      },
      "geometry": {
        "type": "Point",
        "coordinates": [-0.1628807175, 51.4994436775]
      }
    },
    {
      "type": "Feature",
      "id": 18,
      "properties": {
        "building_id": "harrods",
        "floor": 3,
        "id": 18,
        "metadata": {
          "category": "section",
          "keywords": ["furniture", "home", "home accessories"]
        },
        "name": "Furniture",
        "type": "store"
      },
      "geometry": {
        "type": "Point",
        "coordinates": [-0.16308327, 51.49949593]
      }
    },
    {
      "type": "Feature",
      "id": 19,
      "properties": {
        "building_id": "harrods",
        "floor": 1,
        "id": 19,
        "metadata": {
          "category": "section",
          "keywords": [
            "womenswear",
            "womens",
            "designer",
            "collections",
            "designer collections"
          ]
        },
        "name": "Women's Designer Collections",
        "type": "store"
      },
      "geometry": {
        "type": "Point",
        "coordinates": [-0.16299888, 51.49870513]
      }
    },
    {
      "type": "Feature",
      "id": 20,
      "properties": {
        "building_id": "harrods",
        "floor": -1,
        "id": 20,
        "metadata": {
          "category": "section",
          "keywords": ["travel", "luggage", "holiday", "vacation", "suitcase"]
        },
        "name": "Travel Goods & Luggage",
        "type": "store"
      },
      "geometry": {
        "type": "Point",
        "coordinates": [-0.16369679, 51.49930394]
      }
    },
    {
      "type": "Feature",
      "id": 21,
      "properties": {
        "building_id": "harrods",
        "floor": 1,
        "id": 21,
        "metadata": {
          "category": "section",
          "keywords": [
            "women",
            "womenswear",
            "eveningwear",
            "gowns",
            "black tie",
            "dresses",
            "event",
            "party",
            "dinner party"
          ]
        },
        "name": "Women's Eveningwear",
        "type": "store"
      },
      "geometry": {
        "type": "Point",
        "coordinates": [-0.16263951, 51.49953428]
      }
    },
    {
      "type": "Feature",
      "id": 22,
      "properties": {
        "building_id": "harrods",
        "floor": 1,
        "id": 22,
        "metadata": {
          "category": "section",
          "keywords": [
            "women",
            "womenswear",
            "brands",
            "superbrands",
            "designer"
          ]
        },
        "name": "Women's Superbrands - Hall 1",
        "type": "store"
      },
      "geometry": {
        "type": "Point",
        "coordinates": [-0.16234541, 51.49877224]
      }
    },
    {
      "type": "Feature",
      "id": 23,
      "properties": {
        "building_id": "harrods",
        "floor": 5,
        "id": 23,
        "metadata": {
          "category": "section"
        },
        "name": "Shoe Heaven",
        "type": "store"
      },
      "geometry": {
        "type": "Point",
        "coordinates": [-0.16197143, 51.4991849]
      }
    },
    {
      "type": "Feature",
      "id": 24,
      "properties": {
        "building_id": "harrods",
        "floor": 0,
        "id": 24,
        "metadata": {
          "category": "section"
        },
        "name": "The White Hall",
        "type": "store"
      },
      "geometry": {
        "type": "Point",
        "coordinates": [-0.16246598, 51.49922983]
      }
    },
    {
      "type": "Feature",
      "id": 25,
      "properties": {
        "building_id": "harrods",
        "floor": 5,
        "id": 25,
        "metadata": {
          "category": "section",
          "description": "The Harrods Hair & Beauty Salon houses an array of luxury treatments and services, as well as premium retail products from the world\u2019s top beauty brands \u2013 all in one unique space. Located on the Fifth Floor of Harrods, the salon, formerly Urban Retreat, is a tranquil getaway situated right at the heart of Knightsbridge, and is the ultimate destination for hair and beauty on the go.",
          "phone": "+442078938333",
          "link": "https://www.harrods.com/en-gb/services/harrods-hair-and-beauty-salon/services"
        },
        "name": "Harrods Hair & Beauty Salon",
        "type": "store"
      },
      "geometry": {
        "type": "Point",
        "coordinates": [-0.162645171, 51.499714948]
      }
    },
    {
      "type": "Feature",
      "id": 26,
      "properties": {
        "building_id": "harrods",
        "floor": 0,
        "id": 26,
        "metadata": {
          "category": "section",
          "description": "Ground Floor \u2014 Welcome to the world\u2019s ultimate beauty destination, showcasing over 100 brands, an array of exclusive products and cult must-haves.",
          "link": "https://www.harrods.com/en-gb/departments/beauty-halls"
        },
        "name": "The Beauty Halls",
        "type": "store"
      },
      "geometry": {
        "type": "Point",
        "coordinates": [-0.16202873, 51.49914051]
      }
    },
    {
      "type": "Feature",
      "id": 27,
      "properties": {
        "building_id": "harrods",
        "floor": 2,
        "id": 27,
        "metadata": {
          "category": "section",
          "keywords": ["men", "mens", "menswear"]
        },
        "name": "Men's Grooming & Sunglasses",
        "type": "store"
      },
      "geometry": {
        "type": "Point",
        "coordinates": [-0.1630502, 51.49924541]
      }
    },
    {
      "type": "Feature",
      "id": 28,
      "properties": {
        "building_id": "harrods",
        "floor": -1,
        "id": 28,
        "metadata": {
          "category": "section",
          "keywords": [
            "card",
            "cards",
            "occasion",
            "gift",
            "gifts",
            "gifting",
            "gift wrapping",
            "wrapping"
          ]
        },
        "name": "Cards & Gift Wrap",
        "type": "store"
      },
      "geometry": {
        "type": "Point",
        "coordinates": [-0.16245498, 51.49962685]
      }
    },
    {
      "type": "Feature",
      "id": 29,
      "properties": {
        "building_id": "harrods",
        "floor": 4,
        "id": 29,
        "metadata": {
          "category": "section",
          "keywords": ["toys", "toy", "kids", "children", "toy kingdom"]
        },
        "name": "Toys",
        "type": "store"
      },
      "geometry": {
        "type": "Point",
        "coordinates": [-0.16247135, 51.49968644]
      }
    },
    {
      "type": "Feature",
      "id": 30,
      "properties": {
        "building_id": "harrods",
        "floor": -1,
        "id": 30,
        "metadata": {
          "category": "section",
          "keywords": [
            "beauty",
            "events",
            "services",
            "beauty concierge",
            "beauty events",
            "skincare",
            "make-up"
          ]
        },
        "name": "Beauty Treatment Rooms",
        "type": "store"
      },
      "geometry": {
        "type": "Point",
        "coordinates": [-0.1618866, 51.49927177]
      }
    },
    {
      "type": "Feature",
      "id": 31,
      "properties": {
        "building_id": "harrods",
        "floor": 3,
        "id": 31,
        "metadata": {
          "category": "section",
          "keywords": [
            "bed",
            "beds",
            "bedroom",
            "home",
            "furniture",
            "home accessories"
          ]
        },
        "name": "Beds",
        "type": "store"
      },
      "geometry": {
        "type": "Point",
        "coordinates": [-0.16401715, 51.4992113]
      }
    },
    {
      "type": "Feature",
      "id": 32,
      "properties": {
        "building_id": "harrods",
        "floor": -1,
        "id": 32,
        "metadata": {
          "category": "section",
          "description": "Enter a whole new world of haute horlogerie in our Fine Watches department, filled with sought-after brands and models.",
          "keywords": [
            "fine watches",
            "watches",
            "designer watches",
            "fine watch room"
          ],
          "link": "https://www.harrods.com/en-gb/departments/fine-watches"
        },
        "name": "Fine Watches",
        "type": "store"
      },
      "geometry": {
        "type": "Point",
        "coordinates": [-0.16286101, 51.49868138]
      }
    },
    {
      "type": "Feature",
      "id": 33,
      "properties": {
        "building_id": "harrods",
        "floor": 2,
        "id": 33,
        "metadata": {
          "category": "section",
          "keywords": [
            "men",
            "mens",
            "menswear",
            "outdoor",
            "ski",
            "skiing",
            "coats",
            "outerwear"
          ]
        },
        "name": "Men's Outdoor",
        "type": "store"
      },
      "geometry": {
        "type": "Point",
        "coordinates": [-0.1627207, 51.49976223]
      }
    },
    {
      "type": "Feature",
      "id": 34,
      "properties": {
        "building_id": "harrods",
        "floor": 6,
        "id": 34,
        "metadata": {
          "category": "section",
          "description": "Shop the world's most coveted fragrances in Harrods' luxurious Salon de Parfums on the Sixth Floor.",
          "keywords": ["perfume", "fragrance", "Salon de Parfums"],
          "link": "https://www.harrods.com/en-gb/departments/salon-de-parfums"
        },
        "name": "Salon de Parfums",
        "type": "store"
      },
      "geometry": {
        "type": "Point",
        "coordinates": [-0.16216331, 51.49892726]
      }
    },
    {
      "type": "Feature",
      "id": 35,
      "properties": {
        "building_id": "harrods",
        "floor": 0,
        "id": 35,
        "metadata": {
          "category": "section",
          "description": "Enter a whole new world of haute horlogerie in our Fine Watches department, filled with sought-after brands and models.",
          "link": "https://www.harrods.com/en-gb/departments/fine-watches"
        },
        "name": "Fine Watches",
        "type": "store"
      },
      "geometry": {
        "type": "Point",
        "coordinates": [-0.16302244, 51.49869424]
      }
    },
    {
      "type": "Feature",
      "id": 36,
      "properties": {
        "building_id": "harrods",
        "floor": 0,
        "id": 36,
        "metadata": {
          "category": "section"
        },
        "name": "Food Court",
        "type": "store"
      },
      "geometry": {
        "type": "Point",
        "coordinates": [-0.163013045, 51.49914171625]
      }
    },
    {
      "type": "Feature",
      "id": 37,
      "properties": {
        "building_id": "harrods",
        "floor": 5,
        "id": 37,
        "metadata": {
          "category": "section",
          "description": "Fifth Floor \u2014 Enter a nexus of cutting-edge technology and contemporary design in this experience-led destination, complete with the very best products, brands and masterclasses.",
          "link": "https://www.harrods.com/en-gb/departments/technology"
        },
        "name": "Harrods Technology",
        "type": "store"
      },
      "geometry": {
        "type": "Point",
        "coordinates": [-0.1635716692857143, 51.49933179214286]
      }
    },
    {
      "type": "Feature",
      "id": 38,
      "properties": {
        "building_id": "harrods",
        "floor": 1,
        "id": 38,
        "metadata": {
          "category": "section",
          "keywords": [
            "swim",
            "swimwear",
            "swimming costume",
            "bikini",
            "beach",
            "holiday",
            "vacation"
          ]
        },
        "name": "Women's Swimwear",
        "type": "store"
      },
      "geometry": {
        "type": "Point",
        "coordinates": [-0.16277775, 51.49981523]
      }
    },
    {
      "type": "Feature",
      "id": 39,
      "properties": {
        "building_id": "harrods",
        "floor": 2,
        "id": 39,
        "metadata": {
          "category": "section",
          "keywords": [
            "men",
            "mens",
            "menswear",
            "designer",
            "brand",
            "brands",
            "collection"
          ]
        },
        "name": "Men's Designer Collections",
        "type": "store"
      },
      "geometry": {
        "type": "Point",
        "coordinates": [-0.16288957, 51.49893528]
      }
    },
    {
      "type": "Feature",
      "id": 40,
      "properties": {
        "building_id": "harrods",
        "floor": 4,
        "id": 40,
        "metadata": {
          "category": "section",
          "description": "Explore womenswear collections from the world's best contemporary brands in Fashion Lab on the Fourth Floor.",
          "keywords": [
            "women",
            "womenswear",
            "contemporary",
            "fashion",
            "brand",
            "brands",
            "designer",
            "denim",
            "jeans"
          ]
        },
        "name": "Contemporary & Denim",
        "type": "store"
      },
      "geometry": {
        "type": "Point",
        "coordinates": [-0.16198495, 51.49925395]
      }
    },
    {
      "type": "Feature",
      "id": 41,
      "properties": {
        "building_id": "harrods",
        "floor": 4,
        "id": 41,
        "metadata": {
          "category": "section",
          "description": "Discover Childrenswear on the Third Floor, including Mini Superbrands, an edit of childrenswear pieces from the world's leading fashion houses.",
          "keywords": [
            "kid",
            "kids",
            "children",
            "child",
            "childrenswear",
            "clothing"
          ]
        },
        "name": "Childrenswear",
        "type": "store"
      },
      "geometry": {
        "type": "Point",
        "coordinates": [-0.16329129, 51.49946035]
      }
    },
    {
      "type": "Feature",
      "id": 42,
      "properties": {
        "building_id": "harrods",
        "floor": -1,
        "id": 42,
        "metadata": {
          "category": "section",
          "keywords": ["flowers", "gift", "gifts", "gifting", "florist"]
        },
        "name": "Flowers & Gifts",
        "type": "store"
      },
      "geometry": {
        "type": "Point",
        "coordinates": [-0.16259885, 51.49953703]
      }
    },
    {
      "type": "Feature",
      "id": 43,
      "properties": {
        "building_id": "harrods",
        "floor": 0,
        "id": 43,
        "metadata": {
          "category": "section"
        },
        "name": "Beauty",
        "type": "store"
      },
      "geometry": {
        "type": "Point",
        "coordinates": [-0.16210243615384617, 51.499080156153845]
      }
    },
    {
      "type": "Feature",
      "id": 44,
      "properties": {
        "building_id": "harrods",
        "floor": 1,
        "id": 44,
        "metadata": {
          "category": "section",
          "keywords": [
            "women",
            "jewellery",
            "luxury",
            "luxury jewellery",
            "womens jewellery"
          ]
        },
        "name": "Jewellery",
        "type": "store"
      },
      "geometry": {
        "type": "Point",
        "coordinates": [-0.16329297, 51.49916154]
      }
    },
    {
      "type": "Feature",
      "id": 45,
      "properties": {
        "building_id": "harrods",
        "floor": 0,
        "id": 45,
        "metadata": {
          "category": "section",
          "description": "Car park in London, England Address: Brompton Pl, London SW3 1QE",
          "images": [
            "https://media.istockphoto.com/id/979454352/photo/harrods-car-park.jpg?s=170667a&w=0&k=20&c=C8vphy51DJEzYt0Ue5qauKoI0KS88NfQUG_KJxAw-vg="
          ]
        },
        "name": "Harrods Car Park, LG",
        "type": "store"
      },
      "geometry": {
        "type": "Point",
        "coordinates": [-0.1637895325, 51.4982352675]
      }
    },
    {
      "type": "Feature",
      "id": 46,
      "properties": {
        "building_id": "harrods",
        "floor": 2,
        "id": 46,
        "metadata": {
          "category": "section",
          "keywords": [
            "men",
            "mens",
            "menswear",
            "shoes",
            "accessories",
            "sneakers"
          ]
        },
        "name": "Men's Shoes & Accessories",
        "type": "store"
      },
      "geometry": {
        "type": "Point",
        "coordinates": [-0.16253518, 51.49953165]
      }
    },
    {
      "type": "Feature",
      "id": 47,
      "properties": {
        "building_id": "harrods",
        "floor": 2,
        "id": 47,
        "metadata": {
          "category": "section",
          "keywords": [
            "men",
            "mens",
            "menswear",
            "sports",
            "sportswear",
            "active"
          ]
        },
        "name": "Men's Sports",
        "type": "store"
      },
      "geometry": {
        "type": "Point",
        "coordinates": [-0.16291153, 51.49964728]
      }
    },
    {
      "type": "Feature",
      "id": 48,
      "properties": {
        "building_id": "harrods",
        "floor": 3,
        "id": 48,
        "metadata": {
          "category": "section",
          "keywords": [
            "bed",
            "bedroom",
            "bath",
            "bathroom",
            "home",
            "furniture",
            "home accessories"
          ]
        },
        "name": "Bed & Bath",
        "type": "store"
      },
      "geometry": {
        "type": "Point",
        "coordinates": [-0.16334602, 51.49885166]
      }
    },
    {
      "type": "Feature",
      "id": 49,
      "properties": {
        "building_id": "harrods",
        "floor": 0,
        "id": 49,
        "metadata": {
          "category": "section",
          "description": "Witness the spectacle of the Harrods Chocolaterie where chocolates are chef-made live on site, or peruse collections from other leading world-class chocolatiers."
        },
        "name": "The Chocolate Hall",
        "type": "store"
      },
      "geometry": {
        "type": "Point",
        "coordinates": [-0.16295732, 51.49922166]
      }
    },
    {
      "type": "Feature",
      "id": 50,
      "properties": {
        "building_id": "harrods",
        "floor": 0,
        "id": 50,
        "metadata": {
          "category": "section"
        },
        "name": "Jewellery",
        "type": "store"
      },
      "geometry": {
        "type": "Point",
        "coordinates": [-0.1634745055, 51.498956342999996]
      }
    },
    {
      "type": "Feature",
      "id": 51,
      "properties": {
        "building_id": "harrods",
        "floor": -1,
        "id": 51,
        "metadata": {
          "category": "section",
          "description": "Home to more than 1,400 bottles of wine and 400 varieties of spirits, and an expert team to guide you, this is the ultimate destination for novices and aficionados alike.",
          "keywords": [
            "fine wine",
            "spirits",
            "wine",
            "drink",
            "drinks",
            "champagne",
            "whisky",
            "vodka",
            "red wine",
            "white wine",
            "rose wine"
          ],
          "link": "https://www.harrods.com/en-gb/departments/harrods-food-halls/fine-wine-and-spirits"
        },
        "name": "Fine Wines & Spirits",
        "type": "store"
      },
      "geometry": {
        "type": "Point",
        "coordinates": [-0.16303258, 51.49980235]
      }
    },
    {
      "type": "Feature",
      "id": 52,
      "properties": {
        "building_id": "harrods",
        "floor": 3,
        "id": 52,
        "metadata": {
          "category": "section",
          "keywords": [
            "home",
            "cookware",
            "appliances",
            "kitchen",
            "kitchnwear",
            "home accessories",
            "cooking",
            "cook"
          ]
        },
        "name": "Cookware & Appliances",
        "type": "store"
      },
      "geometry": {
        "type": "Point",
        "coordinates": [-0.16255681, 51.49865474]
      }
    },
    {
      "type": "Feature",
      "id": 53,
      "properties": {
        "building_id": "harrods",
        "floor": 5,
        "id": 53,
        "metadata": {
          "category": "section",
          "description": "Fifth Floor \u2014 Our shoe utopia plays host to individual brand boutiques as well as the latest collections from must-have newcomers."
        },
        "name": "Shoe Heaven",
        "type": "store"
      },
      "geometry": {
        "type": "Point",
        "coordinates": [-0.16219095, 51.49886621]
      }
    },
    {
      "type": "Feature",
      "id": 54,
      "properties": {
        "building_id": "harrods",
        "floor": 2,
        "id": 54,
        "metadata": {
          "category": "section",
          "keywords": [
            "men",
            "mens",
            "menswear",
            "brand",
            "designer",
            "collection",
            "superbrands"
          ]
        },
        "name": "Men's Superbrands",
        "type": "store"
      },
      "geometry": {
        "type": "Point",
        "coordinates": [-0.16206546, 51.49903058]
      }
    },
    {
      "type": "Feature",
      "id": 55,
      "properties": {
        "building_id": "harrods",
        "floor": 2,
        "id": 55,
        "metadata": {
          "category": "section",
          "keywords": [
            "men",
            "mens",
            "menswear",
            "contemporary",
            "designer",
            "brand",
            "brands"
          ]
        },
        "name": "Men's Contemporary Designer",
        "type": "store"
      },
      "geometry": {
        "type": "Point",
        "coordinates": [-0.16343921, 51.49931305]
      }
    },
    {
      "type": "Feature",
      "id": 56,
      "properties": {
        "building_id": "harrods",
        "floor": 0,
        "id": 56,
        "metadata": {
          "category": "section"
        },
        "name": "Luxury Accessories",
        "type": "store"
      },
      "geometry": {
        "type": "Point",
        "coordinates": [-0.16295504, 51.49961217]
      }
    },
    {
      "type": "Feature",
      "id": 57,
      "properties": {
        "building_id": "harrods",
        "floor": 1,
        "id": 57,
        "metadata": {
          "category": "section",
          "keywords": [
            "women",
            "womenswear",
            "designer",
            "international",
            "international designer",
            "designers",
            "international designers"
          ]
        },
        "name": "Women's International Designer",
        "type": "store"
      },
      "geometry": {
        "type": "Point",
        "coordinates": [-0.16339834, 51.49897153]
      }
    },
    {
      "type": "Feature",
      "id": 58,
      "properties": {
        "building_id": "harrods",
        "floor": 1,
        "id": 58,
        "metadata": {
          "category": "section",
          "keywords": [
            "women",
            "womenswear",
            "brands",
            "designer",
            "superbrands"
          ]
        },
        "name": "Women's Superbrands - Hall 2",
        "type": "store"
      },
      "geometry": {
        "type": "Point",
        "coordinates": [-0.16245043, 51.49921092]
      }
    },
    {
      "type": "Feature",
      "id": 59,
      "properties": {
        "building_id": "harrods",
        "floor": 2,
        "id": 59,
        "metadata": {
          "category": "section",
          "keywords": [
            "men",
            "mens",
            "menswear",
            "designer",
            "brand",
            "brands",
            "international",
            "collection"
          ]
        },
        "name": "Men's International Designer",
        "type": "store"
      },
      "geometry": {
        "type": "Point",
        "coordinates": [-0.16355372, 51.49896354]
      }
    },
    {
      "type": "Feature",
      "id": 60,
      "properties": {
        "building_id": "harrods",
        "floor": 3,
        "id": 60,
        "metadata": {
          "category": "section",
          "keywords": ["home", "homeware", "home accessories"]
        },
        "name": "Home",
        "type": "store"
      },
      "geometry": {
        "type": "Point",
        "coordinates": [-0.16246427, 51.4992299]
      }
    },
    {
      "type": "Feature",
      "id": 61,
      "properties": {
        "building_id": "harrods",
        "floor": 0,
        "id": 61,
        "metadata": {
          "category": "section",
          "description": "The Dining Hall is home to six restaurants, each offering a diverse selection of dishes prepared with premium ingredients from the Food Halls.",
          "link": "https://www.harrods.com/en-gb/departments/harrods-food-halls/dining-hall"
        },
        "name": "Dining Hall",
        "type": "store"
      },
      "geometry": {
        "type": "Point",
        "coordinates": [-0.16323396, 51.49918596]
      }
    },
    {
      "type": "Feature",
      "id": 62,
      "properties": {
        "building_id": "harrods",
        "floor": 2,
        "id": 62,
        "metadata": {
          "category": "section",
          "keywords": [
            "men",
            "mens",
            "menswear",
            "essentials",
            "loungewear",
            "sleepwear"
          ]
        },
        "name": "Men's Essentials",
        "type": "store"
      },
      "geometry": {
        "type": "Point",
        "coordinates": [-0.16311642, 51.49952058]
      }
    },
    {
      "type": "Feature",
      "id": 63,
      "properties": {
        "building_id": "harrods",
        "floor": 0,
        "id": 63,
        "metadata": {
          "category": "section",
          "description": "Ground Floor \u2014 The world\u2019s greatest food emporium boasts a rainbow of fine foods, from truffles and patisserie to ready-to-eat dishes, sourced and prepared by our experts.",
          "link": "https://www.harrods.com/en-gb/departments/harrods-food-halls"
        },
        "name": "The Food Halls",
        "type": "store"
      },
      "geometry": {
        "type": "Point",
        "coordinates": [-0.16274045, 51.49906246]
      }
    },
    {
      "type": "Feature",
      "id": 64,
      "properties": {
        "building_id": "harrods",
        "floor": -1,
        "id": 64,
        "metadata": {
          "category": "section",
          "description": "Step into our traditional British arcade and discover gorgeous gifts galore. Enter each themed room and find special surprises from bespoke board games and celebrity-signed sports memorabilia to luxury stationery.",
          "keywords": [
            "gift",
            "gifts",
            "gifting",
            "pens",
            "pet",
            "pet accessories"
          ],
          "link": "https://www.harrods.com/en-gb/departments/arcade"
        },
        "name": "The Arcade",
        "type": "store"
      },
      "geometry": {
        "type": "Point",
        "coordinates": [-0.16301332, 51.49948844]
      }
    },
    {
      "type": "Feature",
      "id": 65,
      "properties": {
        "building_id": "harrods",
        "floor": 0,
        "id": 65,
        "metadata": {
          "category": "bus-station"
        },
        "name": "Knightsbridge Station (Stop KH)",
        "type": "amenity"
      },
      "geometry": {
        "type": "Point",
        "coordinates": [-0.16314238, 51.501746250000004]
      }
    },
    {
      "type": "Feature",
      "id": 66,
      "properties": {
        "building_id": "harrods",
        "floor": 0,
        "id": 66,
        "metadata": {
          "category": "bus-station"
        },
        "name": "Knightsbridge Station (Stop KD)",
        "type": "amenity"
      },
      "geometry": {
        "type": "Point",
        "coordinates": [-0.1623003175, 51.500653805]
      }
    },
    {
      "type": "Feature",
      "id": 67,
      "properties": {
        "building_id": "harrods",
        "floor": 0,
        "id": 67,
        "metadata": {
          "category": "bus-station"
        },
        "name": "Pont Street (Stop KL)",
        "type": "amenity"
      },
      "geometry": {
        "type": "Point",
        "coordinates": [-0.15898749, 51.497641855]
      }
    },
    {
      "type": "Feature",
      "id": 68,
      "properties": {
        "building_id": "harrods",
        "floor": 0,
        "id": 68,
        "metadata": {
          "category": "bus-station"
        },
        "name": "Knightsbridge Barracks (Stop KF)",
        "type": "amenity"
      },
      "geometry": {
        "type": "Point",
        "coordinates": [-0.1658897575, 51.50169889]
      }
    },
    {
      "type": "Feature",
      "id": 69,
      "properties": {
        "building_id": "harrods",
        "floor": 0,
        "id": 69,
        "metadata": {
          "category": "bus-station"
        },
        "name": "Knightsbridge Barracks",
        "type": "amenity"
      },
      "geometry": {
        "type": "Point",
        "coordinates": [-0.16617741, 51.5018203425]
      }
    },
    {
      "type": "Feature",
      "id": 70,
      "properties": {
        "building_id": "harrods",
        "floor": 0,
        "id": 70,
        "metadata": {
          "category": "bus-station"
        },
        "name": "Harrods (Stop KB)",
        "type": "amenity"
      },
      "geometry": {
        "type": "Point",
        "coordinates": [-0.16409384999999999, 51.499473255]
      }
    },
    {
      "type": "Feature",
      "id": 71,
      "properties": {
        "building_id": "harrods",
        "floor": 0,
        "id": 71,
        "metadata": {
          "category": "bus-station"
        },
        "name": "Sloane Street / Knightsbridge Station (Stop KK)",
        "type": "amenity"
      },
      "geometry": {
        "type": "Point",
        "coordinates": [-0.159845345, 51.50047481]
      }
    },
    {
      "type": "Feature",
      "id": 72,
      "properties": {
        "building_id": "harrods",
        "floor": 0,
        "id": 72,
        "metadata": {
          "category": "bus-station"
        },
        "name": "Knightsbridge Station / Harrods (Stop KC)",
        "type": "amenity"
      },
      "geometry": {
        "type": "Point",
        "coordinates": [-0.162344305, 51.5004200425]
      }
    },
    {
      "type": "Feature",
      "id": 73,
      "properties": {
        "building_id": "harrods",
        "floor": 0,
        "id": 73,
        "metadata": {
          "category": "bus-station"
        },
        "name": "Knightsbridge Station / Harrods (Stop KE)",
        "type": "amenity"
      },
      "geometry": {
        "type": "Point",
        "coordinates": [-0.16184786, 51.501636805]
      }
    },
    {
      "type": "Feature",
      "id": 74,
      "properties": {
        "building_id": "harrods",
        "floor": 4,
        "id": 74,
        "metadata": {
          "category": "toys",
          "description": "From classic teddy bears to friendly lions, floppy-eared bunnies to adorable puppies, every child cherishes those hours of snuggles and cuddles with their favourite soft toys. While our very own Harrods bears make delightful gifts, Jellycat can be relied upon for super-soft companions and Steiff purveys the ultimate in luxury with collectibles that can be passed down from generation to generation.",
          "openHours": {
            "Monday": [["08:00", "22:00"]],
            "Tuesday": [["08:00", "22:00"]],
            "Wednesday": [["08:00", "22:00"]],
            "Thursday": [["08:00", "22:00"]],
            "Friday": [["08:00", "22:00"]],
            "Saturday": [["08:00", "22:00"]],
            "Sunday": [["08:00", "22:00"]]
          },
          "tags": ["Bears", "Soft Toys", "Jellycat"],
          "rating": 4.7,
          "numberOfRatings": 234,
          "logo": "https://hrd-live.cdn.scayle.cloud/images//2bd7fdf42e51c78fdca6612d53499c40.jpg?brightness=1&width=960&height=1280&quality=75&bg=ffffff",
          "images": [
            "https://www.farshidmoussavi.com/wp-content/uploads/2018/06/16.jpg",
            "https://toyworldmag.co.uk/wp-content/uploads/2020/02/Pokemon-Harrods-ed-.png",
            "https://www.mybaba.com/wp-content/uploads/2018/07/harrods-featured.jpg"
          ]
        },
        "name": "Soft Toys",
        "type": "store"
      },
      "geometry": {
        "type": "Point",
        "coordinates": [-0.16232775916666667, 51.499582157499994]
      }
    },
    {
      "type": "Feature",
      "id": 75,
      "properties": {
        "building_id": "harrods",
        "floor": 4,
        "id": 75,
        "metadata": {
          "category": "toys",
          "description": "Labubu, the mischievous elf from Kasing Lung's 'The Monsters' series, has taken over Harrods with a fun six-week pop-up!",
          "tags": [
            "Labubu",
            "The Monsters",
            "Toys",
            "Accessories",
            "Kassing Lung"
          ],
          "rating": 4.7,
          "numberOfRatings": 234,
          "logo": "https://s1.coincarp.com/logo/1/labubu-fans.png?style=200&v=1747490775"
        },
        "name": "The Monsters | POP MART",
        "type": "store"
      },
      "geometry": {
        "type": "Point",
        "coordinates": [-0.16263215749999999, 51.49973908]
      }
    },
    {
      "type": "Feature",
      "id": 76,
      "properties": {
        "building_id": "harrods",
        "floor": 4,
        "id": 76,
        "metadata": {
          "category": "toys",
          "description": "Outdoor Toys at Harrods. Shop with free returns and earn Rewards points for access to exclusive benefits.",
          "openHours": {
            "Monday": [["08:00", "22:00"]],
            "Tuesday": [["08:00", "22:00"]],
            "Wednesday": [["08:00", "22:00"]],
            "Thursday": [["08:00", "22:00"]],
            "Friday": [["08:00", "22:00"]],
            "Saturday": [["08:00", "22:00"]],
            "Sunday": [["08:00", "22:00"]]
          },
          "tags": ["Outdoor Toys", "Toys"],
          "rating": 4.7,
          "numberOfRatings": 987,
          "logo": "https://hrd-live.cdn.scayle.cloud/images//311432945db45f4224ed7c10fd2b6e3d.jpg?brightness=1&width=960&height=1280&quality=75&bg=ffffff",
          "images": [
            "https://www.farshidmoussavi.com/wp-content/uploads/2018/06/13.jpg",
            "https://cdn.mos.cms.futurecdn.net/BY5HtPetn5YWT7KBK8Uy3A.jpeg",
            "https://d53bpfpeyyyn7.cloudfront.net/Pictures/1024x536/3/8/7/1274387_JM2_0270.jpg"
          ]
        },
        "name": "Outdoor & Games",
        "type": "store"
      },
      "geometry": {
        "type": "Point",
        "coordinates": [-0.1626667425, 51.49980610875]
      }
    },
    {
      "type": "Feature",
      "id": 77,
      "properties": {
        "building_id": "harrods",
        "floor": 4,
        "id": 77,
        "metadata": {
          "category": "toys",
          "description": "Labubu dolls \u2013 fuzzy, elvish creatures with impish ears and mischievous grins \u2013 first appeared in artist Kasing Lung\u2019s Monsters picture books in 2015, inspired by Nordic folklore. But what started on the page became a pop-culture phenomenon in 2024, when the likes of Rihanna, Dua Lipa and BlackPink\u2019s Lisa were spotted styling the characters as playful luxury bag charms.",
          "openHours": {
            "Monday": [["08:00", "22:00"]],
            "Tuesday": [["08:00", "22:00"]],
            "Wednesday": [["08:00", "22:00"]],
            "Thursday": [["08:00", "22:00"]],
            "Friday": [["08:00", "22:00"]],
            "Saturday": [["08:00", "22:00"]],
            "Sunday": [["08:00", "22:00"]]
          },
          "tags": ["Labubu", "Rihanna", "Dua Lipa", "BlackPink", "Bag Charms"],
          "rating": 4.3,
          "numberOfRatings": 234,
          "priceLevel": "$$$"
        },
        "name": "POP MART",
        "type": "store"
      },
      "geometry": {
        "type": "Point",
        "coordinates": [-0.16285021357142856, 51.499943481428566]
      }
    },
    {
      "type": "Feature",
      "id": 78,
      "properties": {
        "building_id": "harrods",
        "floor": 4,
        "id": 78,
        "metadata": {
          "category": "toys",
          "description": "From Barbie fashionistas and Disney princesses to delightful Our Generation dolls and the sweetest Le Toy Van",
          "tags": ["Doll house", "Doll", "Toys"],
          "rating": 4.7,
          "numberOfRatings": 243,
          "logo": "https://hrd-live.cdn.scayle.cloud/images//eee60a2962306bb9d1474879ae78710f.jpg?brightness=1&width=960&height=1280&quality=75&bg=ffffff",
          "images": [
            "https://www.theglampad.com/wp-content/uploads/2024/09/25a.jpg",
            "https://static.dezeen.com/uploads/2012/07/dezeen_Shed-create-gender-neutral-toy-department-at-Harrods-4.jpg",
            "https://mybaba.com/wp-content/uploads/2018/07/harrods-toy-kingdomsaf.jpg"
          ]
        },
        "name": "Dolls",
        "type": "store"
      },
      "geometry": {
        "type": "Point",
        "coordinates": [-0.16246486222222223, 51.49968156222222]
      }
    },
    {
      "type": "Feature",
      "id": 79,
      "properties": {
        "building_id": "harrods",
        "floor": 4,
        "id": 79,
        "metadata": {
          "category": "toys",
          "description": "The memories you make with your first treasured toys last a lifetime, so surprise imaginative kids and encourage endless playtime with our luxury toys line-up. You\u2019ll find plush friends from Moulin Roty and designer dolls from Danish OYOY, which stimulate daytime creativity and offer nighttime comfort, while The Den Kit Company and Toylander are destination brands for your mini-me who can\u2019t wait to be all grown up. When in search of eco-friendly offerings, turn to sustainable label Wigiwama, wit",
          "tags": ["Pre school toy", "Toys", "Danish OYOY"],
          "rating": 4.7,
          "numberOfRatings": 567,
          "logo": "https://hrd-live.cdn.scayle.cloud/images//e5fa75dcb72cf921e23ca51d6f38c702.jpg?brightness=1&width=960&height=1280&quality=75&bg=ffffff",
          "images": [
            "https://media.cnn.com/api/v1/images/stellar/prod/120823054213-harrods-candy-store.jpg?q=w_3734,h_2585,x_0,y_0,c_fill",
            "https://mybaba.com/wp-content/uploads/2019/04/harrods-toy-concierge-2.jpg"
          ]
        },
        "name": "Pre- School",
        "type": "store"
      },
      "geometry": {
        "type": "Point",
        "coordinates": [-0.16240543000000002, 51.499644206666666]
      }
    },
    {
      "type": "Feature",
      "id": 80,
      "properties": {
        "building_id": "harrods",
        "floor": 4,
        "id": 80,
        "metadata": {
          "category": "toys",
          "description": "Shop Harrods Toys at Harrods. Shop with free returns and earn Rewards points for access to exclusive benefits.",
          "tags": ["Art", "Crafts", "Toys"],
          "rating": 4.7,
          "numberOfRatings": 234,
          "logo": "https://hrd-live.cdn.scayle.cloud/images//81b66505c8aa8b3c800a703b2cf24ea8.jpg?brightness=1&width=960&height=1280&quality=75&bg=ffffff",
          "images": [
            "https://www.farshidmoussavi.com/wp-content/uploads/2018/06/12.jpg",
            "https://media.cnn.com/api/v1/images/stellar/prod/120823054016-harrods-enchanted-forest.jpg?q=w_4256,h_2571,x_0,y_0,c_fill/h_447",
            "https://cdn.mos.cms.futurecdn.net/nUg3hea2zgSkgpKYjbxjCo.jpg"
          ]
        },
        "name": "Arts & Crafts",
        "type": "store"
      },
      "geometry": {
        "type": "Point",
        "coordinates": [-0.16280913, 51.499882648888885]
      }
    },
    {
      "type": "Feature",
      "id": 81,
      "properties": {
        "building_id": "harrods",
        "floor": 4,
        "id": 81,
        "metadata": {
          "category": "toys",
          "description": "For hours of endless fun, turn to our array of exciting action figures and accessories. Whether children want to be transported to the realms of Harry Potter, Star Wars, DC Comics and beyond, our selection \u2013 suitable for all ages \u2013 makes for endless gifting options or the start of a much-loved haul of collectibles.",
          "tags": ["Action Toys", "Star Wars", "DC Comics", "Harry Portter"],
          "rating": 4.2,
          "numberOfRatings": 23,
          "logo": "https://hrd-live.cdn.scayle.cloud/images//cddfdda2b42b3ac6ca10c153be99aef5.jpg?brightness=1&width=960&height=1280&quality=75&bg=ffffff",
          "images": [
            "https://static.standard.co.uk/s3fs-public/thumbnails/image/2018/05/29/14/harrods2.jpg?quality=75&auto=webp&width=960",
            "https://toyworldmag.co.uk/wp-content/uploads/2022/09/Harrods-pokemon-nf.png",
            "https://d53bpfpeyyyn7.cloudfront.net/Pictures/480x320fitpad[0]/4/0/0/1275400_HarrodsToyKingdom__12_.jpg"
          ]
        },
        "name": "Action Toys",
        "type": "store"
      },
      "geometry": {
        "type": "Point",
        "coordinates": [-0.16273238875, 51.49984731]
      }
    },
    {
      "type": "Feature",
      "id": 82,
      "properties": {
        "building_id": "harrods",
        "floor": 4,
        "id": 82,
        "metadata": {
          "category": "wellness"
        },
        "name": "Wellness",
        "type": "store"
      },
      "geometry": {
        "type": "Point",
        "coordinates": [-0.16308460624999999, 51.4987284325]
      }
    },
    {
      "type": "Feature",
      "id": 83,
      "properties": {
        "building_id": "harrods",
        "floor": 4,
        "id": 83,
        "metadata": {
          "category": "wellness",
          "description": "The Wellness Clinic presents a holistic collection of treatments and services with an integrated approach to wellbeing and beauty. World-renowned experts, whose fields include aesthetics, wellness and dermatology, and provide personalised fitness, nutrition, and remedial services, are all available in one space.",
          "openingHours": "Monday:\\n10AM to 9PM\\nTuesday:\\n10AM to 9PM\\nWednesday:\\n10AM - 9PM\\nThursday:\\n10AM to 9PM\\nFriday:\\n10AM - 9PM\\nSaturday:\\n10AM - 9PM\\nSunday\t:\\n11:30AM - 6PM",
          "phone": "+442072255678",
          "link": "https://www.harrods.com/en-gb/services/the-wellness-clinic/treatments"
        },
        "name": "The Wellness Clinic",
        "type": "store"
      },
      "geometry": {
        "type": "Point",
        "coordinates": [-0.16282743352941176, 51.49897216588235]
      }
    },
    {
      "type": "Feature",
      "id": 84,
      "properties": {
        "building_id": "harrods",
        "floor": 4,
        "id": 84,
        "metadata": {
          "category": "baby-care-hygiene"
        },
        "name": "Baby Gifts & Layette",
        "type": "store"
      },
      "geometry": {
        "type": "Point",
        "coordinates": [-0.1639657547826087, 51.49912646739131]
      }
    },
    {
      "type": "Feature",
      "id": 85,
      "properties": {
        "building_id": "harrods",
        "floor": 4,
        "id": 85,
        "metadata": {
          "category": "baby-care-hygiene"
        },
        "name": "Nursery Furniture & Prams",
        "type": "store"
      },
      "geometry": {
        "type": "Point",
        "coordinates": [-0.16330130538461538, 51.499158814615384]
      }
    },
    {
      "type": "Feature",
      "id": 86,
      "properties": {
        "building_id": "harrods",
        "floor": -1,
        "id": 86,
        "metadata": {
          "category": "medical-room",
          "description": "The in-store pharmacy can fulfill prescriptions and stocks a range of medical and complementary therapy supplies.",
          "link": "https://www.harrods.com/en-gb/services/harrods-pharmacy"
        },
        "name": "Harrods Pharmacy 2025",
        "type": "store"
      },
      "geometry": {
        "type": "Point",
        "coordinates": [-0.16420722269230767, 51.49915275115385]
      }
    },
    {
      "type": "Feature",
      "id": 87,
      "properties": {
        "building_id": "harrods",
        "floor": 3,
        "id": 87,
        "metadata": {
          "category": "creative-marketing-services"
        },
        "name": "Modern & Contemporary 3",
        "type": "store"
      },
      "geometry": {
        "type": "Point",
        "coordinates": [-0.16294016166666667, 51.49945637]
      }
    },
    {
      "type": "Feature",
      "id": 88,
      "properties": {
        "building_id": "harrods",
        "floor": 3,
        "id": 88,
        "metadata": {
          "category": "creative-marketing-services"
        },
        "name": "Modern & Contemporary 2",
        "type": "store"
      },
      "geometry": {
        "type": "Point",
        "coordinates": [-0.162946595, 51.49976703833334]
      }
    },
    {
      "type": "Feature",
      "id": 89,
      "properties": {
        "building_id": "harrods",
        "floor": 3,
        "id": 89,
        "metadata": {
          "category": "creative-marketing-services",
          "description": "Interior-design and home-styling solutions, from a single room to a full revamp. The team works with home brands in-store, and has relationships with international brands and bespoke suppliers.",
          "phone": "+442072255926",
          "keywords": [
            "interior",
            "interiors",
            "interior design studio",
            "design",
            "home improvement",
            "home design"
          ],
          "link": "https://www.harrods.com/en-gb/interior-design"
        },
        "name": "Interior Design Studio",
        "type": "store"
      },
      "geometry": {
        "type": "Point",
        "coordinates": [-0.162773735, 51.49884701]
      }
    },
    {
      "type": "Feature",
      "id": 90,
      "properties": {
        "building_id": "harrods",
        "floor": 3,
        "id": 90,
        "metadata": {
          "category": "creative-marketing-services"
        },
        "name": "Luxury Home 2",
        "type": "store"
      },
      "geometry": {
        "type": "Point",
        "coordinates": [-0.16196066538461537, 51.49912924307692]
      }
    },
    {
      "type": "Feature",
      "id": 91,
      "properties": {
        "building_id": "harrods",
        "floor": 3,
        "id": 91,
        "metadata": {
          "category": "creative-marketing-services"
        },
        "name": "Modern Room 1",
        "type": "store"
      },
      "geometry": {
        "type": "Point",
        "coordinates": [-0.16245281090909092, 51.499628156363634]
      }
    },
    {
      "type": "Feature",
      "id": 92,
      "properties": {
        "building_id": "harrods",
        "floor": 3,
        "id": 92,
        "metadata": {
          "category": "creative-marketing-services"
        },
        "name": "Luxury Home 2#1",
        "type": "store"
      },
      "geometry": {
        "type": "Point",
        "coordinates": [-0.16226169833333334, 51.498973541666665]
      }
    },
    {
      "type": "Feature",
      "id": 93,
      "properties": {
        "building_id": "harrods",
        "floor": 3,
        "id": 93,
        "metadata": {
          "category": "creative-marketing-services"
        },
        "name": "Luxury Home 2#1#1",
        "type": "store"
      },
      "geometry": {
        "type": "Point",
        "coordinates": [-0.1622701942857143, 51.49942941571429]
      }
    },
    {
      "type": "Feature",
      "id": 94,
      "properties": {
        "building_id": "harrods",
        "floor": 3,
        "id": 94,
        "metadata": {
          "category": "creative-marketing-services"
        },
        "name": "Modern & Contemporary 1",
        "type": "store"
      },
      "geometry": {
        "type": "Point",
        "coordinates": [-0.16279443416666667, 51.499883446666665]
      }
    },
    {
      "type": "Feature",
      "id": 95,
      "properties": {
        "building_id": "harrods",
        "floor": 3,
        "id": 95,
        "metadata": {
          "category": "creative-marketing-services"
        },
        "name": "Luxury Home 2#1#2",
        "type": "store"
      },
      "geometry": {
        "type": "Point",
        "coordinates": [-0.16213433375, 51.499199555]
      }
    },
    {
      "type": "Feature",
      "id": 96,
      "properties": {
        "building_id": "harrods",
        "floor": 3,
        "id": 96,
        "metadata": {
          "category": "creative-marketing-services"
        },
        "name": "Modern & Contemporary 4",
        "type": "store"
      },
      "geometry": {
        "type": "Point",
        "coordinates": [-0.16312305333333332, 51.49964926]
      }
    },
    {
      "type": "Feature",
      "id": 97,
      "properties": {
        "building_id": "harrods",
        "floor": 3,
        "id": 97,
        "metadata": {
          "category": "help-desk",
          "keywords": [
            "customer service",
            "customer help",
            "customer information",
            "help",
            "information"
          ]
        },
        "name": "Customer Service",
        "type": "store"
      },
      "geometry": {
        "type": "Point",
        "coordinates": [-0.1633363175, 51.49926769625]
      }
    },
    {
      "type": "Feature",
      "id": 98,
      "properties": {
        "building_id": "harrods",
        "floor": -1,
        "id": 98,
        "metadata": {
          "category": "storage",
          "description": "Shopping online has never been easier \u2013 simply select Click & Collect at the checkout. This service is available at our Knightsbridge store and all of our H beauty stores."
        },
        "name": "Safe Deposit",
        "type": "store"
      },
      "geometry": {
        "type": "Point",
        "coordinates": [-0.162245759, 51.49895182499999]
      }
    },
    {
      "type": "Feature",
      "id": 99,
      "properties": {
        "building_id": "harrods",
        "floor": 5,
        "id": 99,
        "metadata": {
          "category": "cosmetics-beauty-supplies"
        },
        "name": "Helena Rubenstein",
        "type": "store"
      },
      "geometry": {
        "type": "Point",
        "coordinates": [-0.16272802, 51.49974111]
      }
    },
    {
      "type": "Feature",
      "id": 100,
      "properties": {
        "building_id": "harrods",
        "floor": -1,
        "id": 100,
        "metadata": {
          "category": "cosmetics-beauty-supplies"
        },
        "name": "Maria Tash",
        "type": "store"
      },
      "geometry": {
        "type": "Point",
        "coordinates": [-0.16335094833333333, 51.49950525083333]
      }
    },
    {
      "type": "Feature",
      "id": 101,
      "properties": {
        "building_id": "harrods",
        "floor": 0,
        "id": 101,
        "metadata": {
          "category": "cosmetics-beauty-supplies",
          "description": "Exceptional perfume houses, rare fragrances, and bespoke services; look to Salon de Pafums at Harrods.",
          "openHours": {
            "Monday": [["08:00", "22:00"]],
            "Tuesday": [["08:00", "22:00"]],
            "Wednesday": [["08:00", "22:00"]],
            "Thursday": [["08:00", "22:00"]],
            "Friday": [["08:00", "22:00"]]
          },
          "tags": [
            "Le Parfum Sur Mesure",
            "Ex Nihilo",
            "Flora\u00efku Tea Ceremony",
            "Chanel Les Exclusifs",
            "Flacon Personalisation",
            "Alberto Morillas",
            "Roja Dove",
            "Henry Jacques"
          ],
          "logo": "https://images.eu.ctfassets.net/hylzcwvhuztx/3DVQly40uJ13fSjL4heful/c26fc1e7e0d71702bb8ee1299f3ccf15/t-sdp-services-editorial-fragrance-haven-secondary-img-double.jpg?q=85&w=3072&fm=jpg",
          "images": [
            "https://images.eu.ctfassets.net/hylzcwvhuztx/2ArI5eNw2acOZbLBfcTrAf/66d36106737232ac85830c6c3b4be5a1/D_Image_Slider_Image_Departments_Salon_de_Parfums-2.jpg?q=85&w=3072&fm=jpg",
            "https://d53bpfpeyyyn7.cloudfront.net/Pictures/1024x536/0/0/9/3064009_1.harrods2_461864.jpg",
            "https://i0.wp.com/box5880.temp.domains/~persolai/wp-content/uploads/2014/07/Persolaise-Roja-Dove-Haute-Parfumerie-July-2014-1024x623.jpg"
          ]
        },
        "name": "The Perfumery Hall",
        "type": "store"
      },
      "geometry": {
        "type": "Point",
        "coordinates": [-0.1628428009090909, 51.49942208272728]
      }
    },
    {
      "type": "Feature",
      "id": 102,
      "properties": {
        "building_id": "harrods",
        "floor": 0,
        "id": 102,
        "metadata": {
          "category": "cosmetics-beauty-supplies",
          "description": "The Beauty Halls are world-class, immersive spaces on the Ground Floor where you\u2019ll find prestigious brands and cult products. Head down the spectacular golden staircase to Beauty Events & Services, home to exclusive events, must-book treatments and the Beauty Concierge.",
          "openHours": {
            "Monday": [["08:00", "22:00"]],
            "Tuesday": [["08:00", "22:00"]],
            "Wednesday": [["08:00", "22:00"]],
            "Thursday": [["08:00", "22:00"]],
            "Friday": [["08:00", "22:00"]]
          },
          "tags": ["Beauty", "Drybar", "Beauty Concierge", "Beauty Suites"],
          "logo": "https://metro-centre.transforms.svdcdn.com/production/assets/images/business-directory/H-Beauty-Logo-250-%C3%97-250px.jpg?w=250&h=250&auto=compress%2Cformat&fit=crop&dm=1649760197&s=f550efb9108e8a7763c88ae237435107",
          "images": [
            "https://b3111158.smushcdn.com/3111158/wp-content/uploads/2022/08/harrods-beauty-hall-london-knightsbridge.jpg?lossy=2&strip=1&webp=1",
            "https://hips.hearstapps.com/hmg-prod/images/the-beauty-hall-at-harrods-photographer-james-cochrane-1560249311.jpg",
            "https://www.telegraph.co.uk/content/dam/luxury/2019/06/11/HARRODS_Powder-Room_trans_NvBQzQNjv4BqLSGv7pEG7GdnqMy1yPX7OFKgqRD8QjI0RaZmbYcesHw.jpg?imwidth=680"
          ]
        },
        "name": "The Beauty Halls",
        "type": "store"
      },
      "geometry": {
        "type": "Point",
        "coordinates": [-0.16215817714285713, 51.499019768035716]
      }
    },
    {
      "type": "Feature",
      "id": 103,
      "properties": {
        "building_id": "harrods",
        "floor": -1,
        "id": 103,
        "metadata": {
          "category": "cosmetics-beauty-supplies",
          "description": "Exclusive to Harrods, Drybar offers an elevated blow-dry experience for every occasion \u2013 we\u2019re talking a spontaneous date night, hen do, work party and beyond. Because sometimes all your hair needs is a really good blow-dry.",
          "link": "https://www.harrods.com/en-gb/services/drybar-blow-dry-salon"
        },
        "name": "Drybar",
        "type": "store"
      },
      "geometry": {
        "type": "Point",
        "coordinates": [-0.16225238166666667, 51.4986174725]
      }
    },
    {
      "type": "Feature",
      "id": 104,
      "properties": {
        "building_id": "harrods",
        "floor": -1,
        "id": 104,
        "metadata": {
          "category": "cosmetics-beauty-supplies"
        },
        "name": "Beauty Treatment Rooms",
        "type": "store"
      },
      "geometry": {
        "type": "Point",
        "coordinates": [-0.1619335456741573, 51.49928167651685]
      }
    },
    {
      "type": "Feature",
      "id": 105,
      "properties": {
        "building_id": "harrods",
        "floor": 6,
        "id": 105,
        "metadata": {
          "category": "cosmetics-beauty-supplies"
        },
        "name": "Salon de Parfums",
        "type": "store"
      },
      "geometry": {
        "type": "Point",
        "coordinates": [-0.16212104692307694, 51.498945729999996]
      }
    },
    {
      "type": "Feature",
      "id": 106,
      "properties": {
        "building_id": "harrods",
        "floor": 5,
        "id": 106,
        "metadata": {
          "category": "cosmetics-beauty-supplies"
        },
        "name": "Townhouse",
        "type": "store"
      },
      "geometry": {
        "type": "Point",
        "coordinates": [-0.16238372, 51.49967508]
      }
    },
    {
      "type": "Feature",
      "id": 107,
      "properties": {
        "building_id": "harrods",
        "floor": 5,
        "id": 107,
        "metadata": {
          "category": "cosmetics-beauty-supplies"
        },
        "name": "Murad",
        "type": "store"
      },
      "geometry": {
        "type": "Point",
        "coordinates": [-0.16257296, 51.49964073]
      }
    },
    {
      "type": "Feature",
      "id": 108,
      "properties": {
        "building_id": "harrods",
        "floor": 5,
        "id": 108,
        "metadata": {
          "category": "cosmetics-beauty-supplies"
        },
        "name": "Harrods Hair & Beauty Salon",
        "type": "store"
      },
      "geometry": {
        "type": "Point",
        "coordinates": [-0.16270753666666668, 51.49975471214285]
      }
    },
    {
      "type": "Feature",
      "id": 109,
      "properties": {
        "building_id": "harrods",
        "floor": 4,
        "id": 109,
        "metadata": {
          "category": "breakroom"
        },
        "name": "Staff Breakroom",
        "type": "store"
      },
      "geometry": {
        "type": "Point",
        "coordinates": [-0.16320966999999997, 51.49921147777778]
      }
    },
    {
      "type": "Feature",
      "id": 110,
      "properties": {
        "building_id": "harrods",
        "floor": 4,
        "id": 110,
        "metadata": {
          "category": "childrens-clothing"
        },
        "name": "Mini Super Brands 2",
        "type": "store"
      },
      "geometry": {
        "type": "Point",
        "coordinates": [-0.16283842499999998, 51.499429385]
      }
    },
    {
      "type": "Feature",
      "id": 111,
      "properties": {
        "building_id": "harrods",
        "floor": 4,
        "id": 111,
        "metadata": {
          "category": "childrens-clothing"
        },
        "name": "Children's Shoes",
        "type": "store"
      },
      "geometry": {
        "type": "Point",
        "coordinates": [-0.16371175000000002, 51.49928561833334]
      }
    },
    {
      "type": "Feature",
      "id": 112,
      "properties": {
        "building_id": "harrods",
        "floor": 4,
        "id": 112,
        "metadata": {
          "category": "childrens-clothing"
        },
        "name": "Mini Super Brands 4",
        "type": "store"
      },
      "geometry": {
        "type": "Point",
        "coordinates": [-0.16305812153846155, 51.49933771538462]
      }
    },
    {
      "type": "Feature",
      "id": 113,
      "properties": {
        "building_id": "harrods",
        "floor": 4,
        "id": 113,
        "metadata": {
          "category": "childrens-clothing"
        },
        "name": "Mini Super Brands 3",
        "type": "store"
      },
      "geometry": {
        "type": "Point",
        "coordinates": [-0.16291034928571427, 51.49972569357143]
      }
    },
    {
      "type": "Feature",
      "id": 114,
      "properties": {
        "building_id": "harrods",
        "floor": 4,
        "id": 114,
        "metadata": {
          "category": "childrens-clothing"
        },
        "name": "Mini Superbrands",
        "type": "store"
      },
      "geometry": {
        "type": "Point",
        "coordinates": [-0.16257079666666666, 51.49950565133334]
      }
    },
    {
      "type": "Feature",
      "id": 115,
      "properties": {
        "building_id": "harrods",
        "floor": 4,
        "id": 115,
        "metadata": {
          "category": "childrens-clothing"
        },
        "name": "Mini Designer",
        "type": "store"
      },
      "geometry": {
        "type": "Point",
        "coordinates": [-0.16311809047619047, 51.49958991428572]
      }
    },
    {
      "type": "Feature",
      "id": 116,
      "properties": {
        "building_id": "harrods",
        "floor": 4,
        "id": 116,
        "metadata": {
          "category": "childrens-clothing"
        },
        "name": "Mini Designer",
        "type": "store"
      },
      "geometry": {
        "type": "Point",
        "coordinates": [-0.1634495609090909, 51.49935462636363]
      }
    },
    {
      "type": "Feature",
      "id": 117,
      "properties": {
        "building_id": "harrods",
        "floor": 4,
        "id": 117,
        "metadata": {
          "category": "childrens-clothing"
        },
        "name": "Mini Designer",
        "type": "store"
      },
      "geometry": {
        "type": "Point",
        "coordinates": [-0.1632725172, 51.4994760648]
      }
    },
    {
      "type": "Feature",
      "id": 118,
      "properties": {
        "building_id": "harrods",
        "floor": 4,
        "id": 118,
        "metadata": {
          "category": "childrens-clothing"
        },
        "name": "Children's Essentials",
        "type": "store"
      },
      "geometry": {
        "type": "Point",
        "coordinates": [-0.16367005375, 51.499461142499996]
      }
    },
    {
      "type": "Feature",
      "id": 119,
      "properties": {
        "building_id": "harrods",
        "floor": 3,
        "id": 119,
        "metadata": {
          "category": "restrooms"
        },
        "name": "Men's Toilets",
        "type": "amenity"
      },
      "geometry": {
        "type": "Point",
        "coordinates": [-0.16270841, 51.49913118]
      }
    },
    {
      "type": "Feature",
      "id": 120,
      "properties": {
        "building_id": "harrods",
        "floor": 0,
        "id": 120,
        "metadata": {
          "category": "restrooms"
        },
        "name": "Toilets",
        "type": "amenity"
      },
      "geometry": {
        "type": "Point",
        "coordinates": [-0.1634180275, 51.4982169515]
      }
    },
    {
      "type": "Feature",
      "id": 121,
      "properties": {
        "building_id": "harrods",
        "floor": 0,
        "id": 121,
        "metadata": {
          "category": "restrooms"
        },
        "name": "Toilets",
        "type": "amenity"
      },
      "geometry": {
        "type": "Point",
        "coordinates": [-0.16355374454545454, 51.498267090000006]
      }
    },
    {
      "type": "Feature",
      "id": 122,
      "properties": {
        "building_id": "harrods",
        "floor": 6,
        "id": 122,
        "metadata": {
          "category": "restrooms",
          "keywords": [
            " wc",
            " bathroom",
            "Lavatory",
            " Loo",
            " washroom",
            " restroom",
            " toilets",
            " toilet",
            " gents"
          ]
        },
        "name": "Women's and Men's Toilets",
        "type": "amenity"
      },
      "geometry": {
        "type": "Point",
        "coordinates": [-0.1623369, 51.49874996]
      }
    },
    {
      "type": "Feature",
      "id": 123,
      "properties": {
        "building_id": "harrods",
        "floor": 4,
        "id": 123,
        "metadata": {
          "category": "restrooms"
        },
        "name": "Baby Changing Facilities",
        "type": "amenity"
      },
      "geometry": {
        "type": "Point",
        "coordinates": [-0.1624719, 51.49904152]
      }
    },
    {
      "type": "Feature",
      "id": 124,
      "properties": {
        "building_id": "harrods",
        "floor": 4,
        "id": 124,
        "metadata": {
          "category": "restrooms",
          "keywords": [
            " wc",
            " bathroom",
            "Lavatory",
            " Loo",
            " washroom",
            " restroom",
            " toilets",
            " toilet",
            " ladies"
          ]
        },
        "name": "Women's Toilets",
        "type": "amenity"
      },
      "geometry": {
        "type": "Point",
        "coordinates": [-0.16240348, 51.49908501]
      }
    },
    {
      "type": "Feature",
      "id": 125,
      "properties": {
        "building_id": "harrods",
        "floor": 4,
        "id": 125,
        "metadata": {
          "category": "restrooms",
          "keywords": [
            " wc",
            " bathroom",
            "Lavatory",
            " Loo",
            " washroom",
            " restroom",
            " toilets",
            " toilet",
            " gents",
            " ladies"
          ]
        },
        "name": "Wheelchair Access Toilets",
        "type": "amenity"
      },
      "geometry": {
        "type": "Point",
        "coordinates": [-0.16244171, 51.49906331]
      }
    },
    {
      "type": "Feature",
      "id": 126,
      "properties": {
        "building_id": "harrods",
        "floor": -1,
        "id": 126,
        "metadata": {
          "category": "restrooms",
          "keywords": [
            " wc",
            " bathroom",
            "Lavatory",
            " Loo",
            " washroom",
            " restroom",
            " toilets",
            " toilet",
            " gents",
            " ladies"
          ]
        },
        "name": "Women's Toilets",
        "type": "amenity"
      },
      "geometry": {
        "type": "Point",
        "coordinates": [-0.16242027, 51.49860196]
      }
    },
    {
      "type": "Feature",
      "id": 127,
      "properties": {
        "building_id": "harrods",
        "floor": 3,
        "id": 127,
        "metadata": {
          "category": "restrooms"
        },
        "name": "Women's Toilets",
        "type": "amenity"
      },
      "geometry": {
        "type": "Point",
        "coordinates": [-0.16277285, 51.49917273]
      }
    },
    {
      "type": "Feature",
      "id": 128,
      "properties": {
        "building_id": "harrods",
        "floor": 2,
        "id": 128,
        "metadata": {
          "category": "restrooms",
          "keywords": [
            " wc",
            " bathroom",
            "Lavatory",
            " Loo",
            " washroom",
            " restroom",
            " toilets",
            " toilet",
            " ladies"
          ]
        },
        "name": "Women's Toilets",
        "type": "amenity"
      },
      "geometry": {
        "type": "Point",
        "coordinates": [-0.16273435, 51.49914751]
      }
    },
    {
      "type": "Feature",
      "id": 129,
      "properties": {
        "building_id": "harrods",
        "floor": -1,
        "id": 129,
        "metadata": {
          "category": "restrooms"
        },
        "name": "Toilets",
        "type": "amenity"
      },
      "geometry": {
        "type": "Point",
        "coordinates": [-0.162464905, 51.4997262275]
      }
    },
    {
      "type": "Feature",
      "id": 130,
      "properties": {
        "building_id": "harrods",
        "floor": 4,
        "id": 130,
        "metadata": {
          "category": "restrooms",
          "keywords": [
            " wc",
            " bathroom",
            "Lavatory",
            " Loo",
            " washroom",
            " restroom",
            " toilets",
            " toilet",
            " ladies"
          ]
        },
        "name": "Women's Toilets",
        "type": "amenity"
      },
      "geometry": {
        "type": "Point",
        "coordinates": [-0.16261099, 51.49873041]
      }
    },
    {
      "type": "Feature",
      "id": 131,
      "properties": {
        "building_id": "harrods",
        "floor": 4,
        "id": 131,
        "metadata": {
          "category": "restrooms",
          "keywords": [
            " wc",
            " bathroom",
            "Lavatory",
            " Loo",
            " washroom",
            " restroom",
            " toilets",
            " toilet",
            " gents"
          ]
        },
        "name": "Men's Toilets",
        "type": "amenity"
      },
      "geometry": {
        "type": "Point",
        "coordinates": [-0.16268928, 51.49857831]
      }
    },
    {
      "type": "Feature",
      "id": 132,
      "properties": {
        "building_id": "harrods",
        "floor": 2,
        "id": 132,
        "metadata": {
          "category": "restrooms",
          "keywords": [
            " wc",
            " bathroom",
            "Lavatory",
            " Loo",
            " washroom",
            " restroom",
            " toilets",
            " toilet",
            " gents"
          ]
        },
        "name": "Men's Toilets",
        "type": "amenity"
      },
      "geometry": {
        "type": "Point",
        "coordinates": [-0.16260681, 51.49906575]
      }
    },
    {
      "type": "Feature",
      "id": 133,
      "properties": {
        "building_id": "harrods",
        "floor": -1,
        "id": 133,
        "metadata": {
          "category": "restrooms",
          "keywords": [
            " wc",
            " bathroom",
            "Lavatory",
            " Loo",
            " washroom",
            " restroom",
            " toilets",
            " toilet",
            " gents",
            " ladies"
          ]
        },
        "name": "Men's Toilets",
        "type": "amenity"
      },
      "geometry": {
        "type": "Point",
        "coordinates": [-0.16277736, 51.49855982]
      }
    },
    {
      "type": "Feature",
      "id": 134,
      "properties": {
        "building_id": "harrods",
        "floor": -1,
        "id": 134,
        "metadata": {
          "category": "restrooms",
          "keywords": [
            " wc",
            " bathroom",
            "Lavatory",
            " Loo",
            " washroom",
            " restroom",
            " toilets",
            " toilet",
            " gents",
            " ladies"
          ]
        },
        "name": "Women's Toilets",
        "type": "amenity"
      },
      "geometry": {
        "type": "Point",
        "coordinates": [-0.16270106, 51.49858782]
      }
    },
    {
      "type": "Feature",
      "id": 135,
      "properties": {
        "building_id": "harrods",
        "floor": -1,
        "id": 135,
        "metadata": {
          "category": "eyewear",
          "description": "Featuring state-of-the-art technology and with dedicated optometrists with more than 30 years\u2019 experience, the Harrods Opticians offer a one-hour glazing service and a range of styles from leading brands.",
          "phone": "+442072255841",
          "keywords": ["optometrists", "opticians", "eye", "eye sight", "eyes"]
        },
        "name": "Harrods Opticians",
        "type": "store"
      },
      "geometry": {
        "type": "Point",
        "coordinates": [-0.163929335, 51.499176739999996]
      }
    },
    {
      "type": "Feature",
      "id": 136,
      "properties": {
        "building_id": "harrods",
        "floor": 0,
        "id": 136,
        "metadata": {
          "category": "eyewear",
          "description": "Shield your eyes in style this season with our selection of women\u2019s designer sunglasses. Suited for home or holiday, women\u2019s sunglasses add a hit of interest to any outfit \u2013 whether you favour sculpted frames, classic aviators or futuristic wrap-around silhouettes. Cat eye sunglasses are calling to be worn on the shores of Capri, while square sunglasses are all that\u2019s needed to complete the look of a maximalist metropolitan. For UV protection with a serving of personality, why not opt for a pair",
          "openHours": {
            "Monday": [["08:00", "22:00"]],
            "Tuesday": [["08:00", "22:00"]],
            "Wednesday": [["08:00", "22:00"]],
            "Thursday": [["08:00", "22:00"]],
            "Friday": [["08:00", "22:00"]]
          },
          "tags": [
            "Gucci",
            "Ray-Ban",
            "Miu Miu",
            "Prada",
            "Luxury",
            "Accessories"
          ],
          "logo": "https://hrd-live.cdn.scayle.cloud/images/7f2ef41a42d386ebccd884c7446799b2.jpg?brightness=1&width=960&height=1280&quality=75&bg=ffffff",
          "images": [
            "https://www.sbidawards.com/wp-content/uploads/2023/07/sub_EnlqQZzr_2w7zAcp0lKDT.jpg",
            "https://thega-group.com/hs-fs/hubfs/GA%20Website/Image-1.jpg?width=1920&height=1024&name=Image-1.jpg",
            "https://r.fashionunited.com/-knxioz8H-Tm_67kC4zBytimbWHlMPzh23zn9mK7TQM/resize:fit:1200:630:0/gravity:ce/quality:70/aHR0cHM6Ly9mYXNoaW9udW5pdGVkLmNvbS9pbWcvdXBsb2FkLzIwMjIvMDgvMTYvMTAtaGFycm9kcy1tZW5zLXN1bmdsYXNzZXMtZGF2aWQtY2x1bG93LWhxenZsaGdkLTIwMjItMDgtMTYuanBlZw.jpeg"
          ]
        },
        "name": "Sunglasses",
        "type": "store"
      },
      "geometry": {
        "type": "Point",
        "coordinates": [-0.16253590869565218, 51.499266059565215]
      }
    },
    {
      "type": "Feature",
      "id": 137,
      "properties": {
        "building_id": "harrods",
        "floor": 3,
        "id": 137,
        "metadata": {
          "category": "pim"
        },
        "name": "Ginori",
        "type": "store"
      },
      "geometry": {
        "type": "Point",
        "coordinates": [-0.1626415352173913, 51.49950476217391]
      }
    },
    {
      "type": "Feature",
      "id": 138,
      "properties": {
        "building_id": "harrods",
        "floor": 5,
        "id": 138,
        "metadata": {
          "category": "pim"
        },
        "name": "Lowepro",
        "type": "store"
      },
      "geometry": {
        "type": "Point",
        "coordinates": [-0.1638970366666667, 51.499114160370375]
      }
    },
    {
      "type": "Feature",
      "id": 139,
      "properties": {
        "building_id": "harrods",
        "floor": -1,
        "id": 139,
        "metadata": {
          "category": "pim"
        },
        "name": "Savant Health",
        "type": "store"
      },
      "geometry": {
        "type": "Point",
        "coordinates": [-0.1641944876923077, 51.49915551205128]
      }
    },
    {
      "type": "Feature",
      "id": 140,
      "properties": {
        "building_id": "harrods",
        "floor": 1,
        "id": 140,
        "metadata": {
          "category": "pim"
        },
        "name": "Balmain",
        "type": "store"
      },
      "geometry": {
        "type": "Point",
        "coordinates": [-0.16253994583333334, 51.499252004999995]
      }
    },
    {
      "type": "Feature",
      "id": 141,
      "properties": {
        "building_id": "harrods",
        "floor": 3,
        "id": 141,
        "metadata": {
          "category": "pim"
        },
        "name": "Bialetti",
        "type": "store"
      },
      "geometry": {
        "type": "Point",
        "coordinates": [-0.16239125222222223, 51.498679914444445]
      }
    },
    {
      "type": "Feature",
      "id": 142,
      "properties": {
        "building_id": "harrods",
        "floor": 2,
        "id": 142,
        "metadata": {
          "category": "pim"
        },
        "name": "Jason Markk",
        "type": "store"
      },
      "geometry": {
        "type": "Point",
        "coordinates": [-0.16290940874999998, 51.49929450625]
      }
    },
    {
      "type": "Feature",
      "id": 143,
      "properties": {
        "building_id": "harrods",
        "floor": 0,
        "id": 143,
        "metadata": {
          "category": "pim"
        },
        "name": "Westman Atelier",
        "type": "store"
      },
      "geometry": {
        "type": "Point",
        "coordinates": [-0.16202873, 51.49914051]
      }
    },
    {
      "type": "Feature",
      "id": 144,
      "properties": {
        "building_id": "harrods",
        "floor": 0,
        "id": 144,
        "metadata": {
          "category": "pim"
        },
        "name": "Boghossian",
        "type": "store"
      },
      "geometry": {
        "type": "Point",
        "coordinates": [-0.16347071, 51.4989117]
      }
    },
    {
      "type": "Feature",
      "id": 145,
      "properties": {
        "building_id": "harrods",
        "floor": 3,
        "id": 145,
        "metadata": {
          "category": "pim"
        },
        "name": "Gingerlily",
        "type": "store"
      },
      "geometry": {
        "type": "Point",
        "coordinates": [-0.16344305781250001, 51.4989455309375]
      }
    },
    {
      "type": "Feature",
      "id": 146,
      "properties": {
        "building_id": "harrods",
        "floor": 0,
        "id": 146,
        "metadata": {
          "category": "pim"
        },
        "name": "Tiffany & Co.",
        "type": "store"
      },
      "geometry": {
        "type": "Point",
        "coordinates": [-0.16347071, 51.4989117]
      }
    },
    {
      "type": "Feature",
      "id": 147,
      "properties": {
        "building_id": "harrods",
        "floor": 3,
        "id": 147,
        "metadata": {
          "category": "pim",
          "concession": true
        },
        "name": "Aerolatte",
        "type": "store"
      },
      "geometry": {
        "type": "Point",
        "coordinates": [-0.16239125222222223, 51.498679914444445]
      }
    },
    {
      "type": "Feature",
      "id": 148,
      "properties": {
        "building_id": "harrods",
        "floor": 0,
        "id": 148,
        "metadata": {
          "category": "pim"
        },
        "name": "Gucci",
        "type": "store"
      },
      "geometry": {
        "type": "Point",
        "coordinates": [-0.16318366478260868, 51.499635751304346]
      }
    },
    {
      "type": "Feature",
      "id": 149,
      "properties": {
        "building_id": "harrods",
        "floor": 3,
        "id": 149,
        "metadata": {
          "category": "pim",
          "concession": true
        },
        "name": "Yuyu",
        "type": "store"
      },
      "geometry": {
        "type": "Point",
        "coordinates": [-0.16344305781250001, 51.4989455309375]
      }
    },
    {
      "type": "Feature",
      "id": 150,
      "properties": {
        "building_id": "harrods",
        "floor": 5,
        "id": 150,
        "metadata": {
          "category": "pim"
        },
        "name": "Audioquest",
        "type": "store"
      },
      "geometry": {
        "type": "Point",
        "coordinates": [-0.16338165333333332, 51.499512807777776]
      }
    },
    {
      "type": "Feature",
      "id": 151,
      "properties": {
        "building_id": "harrods",
        "floor": 5,
        "id": 151,
        "metadata": {
          "category": "pim",
          "concession": true
        },
        "name": "Billingham",
        "type": "store"
      },
      "geometry": {
        "type": "Point",
        "coordinates": [-0.1638970366666667, 51.499114160370375]
      }
    },
    {
      "type": "Feature",
      "id": 152,
      "properties": {
        "building_id": "harrods",
        "floor": 3,
        "id": 152,
        "metadata": {
          "category": "pim",
          "concession": true
        },
        "name": "Onno",
        "type": "store"
      },
      "geometry": {
        "type": "Point",
        "coordinates": [-0.1626415352173913, 51.49950476217391]
      }
    },
    {
      "type": "Feature",
      "id": 153,
      "properties": {
        "building_id": "harrods",
        "floor": 0,
        "id": 153,
        "metadata": {
          "category": "pim"
        },
        "name": "Dior",
        "type": "store"
      },
      "geometry": {
        "type": "Point",
        "coordinates": [-0.16333082944444444, 51.49949205555556]
      }
    },
    {
      "type": "Feature",
      "id": 154,
      "properties": {
        "building_id": "harrods",
        "floor": 0,
        "id": 154,
        "metadata": {
          "category": "pim"
        },
        "name": "Bobbi Brown",
        "type": "store"
      },
      "geometry": {
        "type": "Point",
        "coordinates": [-0.16202873, 51.49914051]
      }
    },
    {
      "type": "Feature",
      "id": 155,
      "properties": {
        "building_id": "harrods",
        "floor": 2,
        "id": 155,
        "metadata": {
          "category": "pim",
          "concession": true
        },
        "name": "Merrell",
        "type": "store"
      },
      "geometry": {
        "type": "Point",
        "coordinates": [-0.16290940874999998, 51.49929450625]
      }
    },
    {
      "type": "Feature",
      "id": 156,
      "properties": {
        "building_id": "harrods",
        "floor": 0,
        "id": 156,
        "metadata": {
          "category": "pim"
        },
        "name": "Dolce & Gabbana",
        "type": "store"
      },
      "geometry": {
        "type": "Point",
        "coordinates": [-0.162549281, 51.499271938666666]
      }
    },
    {
      "type": "Feature",
      "id": 157,
      "properties": {
        "building_id": "harrods",
        "floor": 3,
        "id": 157,
        "metadata": {
          "category": "pim",
          "concession": true
        },
        "name": "Sub Zero & Wolf",
        "type": "store"
      },
      "geometry": {
        "type": "Point",
        "coordinates": [-0.16239125222222223, 51.498679914444445]
      }
    },
    {
      "type": "Feature",
      "id": 158,
      "properties": {
        "building_id": "harrods",
        "floor": -1,
        "id": 158,
        "metadata": {
          "category": "pim"
        },
        "name": "Graf Von Faber-Castell",
        "type": "store"
      },
      "geometry": {
        "type": "Point",
        "coordinates": [-0.16305864949999999, 51.49959715800001]
      }
    },
    {
      "type": "Feature",
      "id": 159,
      "properties": {
        "building_id": "harrods",
        "floor": -1,
        "id": 159,
        "metadata": {
          "category": "pim",
          "concession": true
        },
        "name": "Teddy",
        "type": "store"
      },
      "geometry": {
        "type": "Point",
        "coordinates": [-0.16305864949999999, 51.49959715800001]
      }
    },
    {
      "type": "Feature",
      "id": 160,
      "properties": {
        "building_id": "harrods",
        "floor": 0,
        "id": 160,
        "metadata": {
          "category": "pim"
        },
        "name": "Harry Winston",
        "type": "store"
      },
      "geometry": {
        "type": "Point",
        "coordinates": [-0.16347071, 51.4989117]
      }
    },
    {
      "type": "Feature",
      "id": 161,
      "properties": {
        "building_id": "harrods",
        "floor": -1,
        "id": 161,
        "metadata": {
          "category": "pim",
          "concession": true
        },
        "name": "Biobees",
        "type": "store"
      },
      "geometry": {
        "type": "Point",
        "coordinates": [-0.1641944876923077, 51.49915551205128]
      }
    },
    {
      "type": "Feature",
      "id": 162,
      "properties": {
        "building_id": "harrods",
        "floor": 2,
        "id": 162,
        "metadata": {
          "category": "pim",
          "concession": true
        },
        "name": "Crep Protect",
        "type": "store"
      },
      "geometry": {
        "type": "Point",
        "coordinates": [-0.16290940874999998, 51.49929450625]
      }
    },
    {
      "type": "Feature",
      "id": 163,
      "properties": {
        "building_id": "harrods",
        "floor": 3,
        "id": 163,
        "metadata": {
          "category": "pim"
        },
        "name": "Carpe Diem",
        "type": "store"
      },
      "geometry": {
        "type": "Point",
        "coordinates": [-0.163964895, 51.499106366666666]
      }
    },
    {
      "type": "Feature",
      "id": 164,
      "properties": {
        "building_id": "harrods",
        "floor": 0,
        "id": 164,
        "metadata": {
          "category": "pim"
        },
        "name": "Bvlgari",
        "type": "store"
      },
      "geometry": {
        "type": "Point",
        "coordinates": [-0.16353723894736844, 51.49936209736842]
      }
    },
    {
      "type": "Feature",
      "id": 165,
      "properties": {
        "building_id": "harrods",
        "floor": 2,
        "id": 165,
        "metadata": {
          "category": "pim"
        },
        "name": "Giorgio Armani",
        "type": "store"
      },
      "geometry": {
        "type": "Point",
        "coordinates": [-0.1626324017647059, 51.49894793294118]
      }
    },
    {
      "type": "Feature",
      "id": 166,
      "properties": {
        "building_id": "harrods",
        "floor": 3,
        "id": 166,
        "metadata": {
          "category": "pim",
          "concession": true
        },
        "name": "Big Green Egg",
        "type": "store"
      },
      "geometry": {
        "type": "Point",
        "coordinates": [-0.16239125222222223, 51.498679914444445]
      }
    },
    {
      "type": "Feature",
      "id": 167,
      "properties": {
        "building_id": "harrods",
        "floor": 0,
        "id": 167,
        "metadata": {
          "category": "pim",
          "concession": true
        },
        "name": "Balenciaga",
        "type": "store"
      },
      "geometry": {
        "type": "Point",
        "coordinates": [-0.16333082944444444, 51.49949205555556]
      }
    },
    {
      "type": "Feature",
      "id": 168,
      "properties": {
        "building_id": "harrods",
        "floor": 4,
        "id": 168,
        "metadata": {
          "category": "pim"
        },
        "name": "Lego",
        "type": "store"
      },
      "geometry": {
        "type": "Point",
        "coordinates": [-0.1628570075, 51.499949109166664]
      }
    },
    {
      "type": "Feature",
      "id": 169,
      "properties": {
        "building_id": "harrods",
        "floor": -1,
        "id": 169,
        "metadata": {
          "category": "pim",
          "concession": true
        },
        "name": "Montegrappa",
        "type": "store"
      },
      "geometry": {
        "type": "Point",
        "coordinates": [-0.16305864949999999, 51.49959715800001]
      }
    },
    {
      "type": "Feature",
      "id": 170,
      "properties": {
        "building_id": "harrods",
        "floor": 5,
        "id": 170,
        "metadata": {
          "category": "pim"
        },
        "name": "Leica",
        "type": "store"
      },
      "geometry": {
        "type": "Point",
        "coordinates": [-0.16400630333333333, 51.499064935]
      }
    },
    {
      "type": "Feature",
      "id": 171,
      "properties": {
        "building_id": "harrods",
        "floor": -1,
        "id": 171,
        "metadata": {
          "category": "pim",
          "concession": true
        },
        "name": "Comvita",
        "type": "store"
      },
      "geometry": {
        "type": "Point",
        "coordinates": [-0.1641944876923077, 51.49915551205128]
      }
    },
    {
      "type": "Feature",
      "id": 172,
      "properties": {
        "building_id": "harrods",
        "floor": -1,
        "id": 172,
        "metadata": {
          "category": "pim"
        },
        "name": "Bookshop",
        "type": "store"
      },
      "geometry": {
        "type": "Point",
        "coordinates": [-0.16254087142857143, 51.49967399547619]
      }
    },
    {
      "type": "Feature",
      "id": 173,
      "properties": {
        "building_id": "harrods",
        "floor": 5,
        "id": 173,
        "metadata": {
          "category": "pim",
          "concession": true
        },
        "name": "Bose",
        "type": "store"
      },
      "geometry": {
        "type": "Point",
        "coordinates": [-0.16338165333333332, 51.499512807777776]
      }
    },
    {
      "type": "Feature",
      "id": 174,
      "properties": {
        "building_id": "harrods",
        "floor": 0,
        "id": 174,
        "metadata": {
          "category": "pim"
        },
        "name": "Commune",
        "type": "store"
      },
      "geometry": {
        "type": "Point",
        "coordinates": [-0.16202873, 51.49914051]
      }
    },
    {
      "type": "Feature",
      "id": 175,
      "properties": {
        "building_id": "harrods",
        "floor": -1,
        "id": 175,
        "metadata": {
          "category": "pim",
          "concession": true
        },
        "name": "Holistic Silk",
        "type": "store"
      },
      "geometry": {
        "type": "Point",
        "coordinates": [-0.1641944876923077, 51.49915551205128]
      }
    },
    {
      "type": "Feature",
      "id": 176,
      "properties": {
        "building_id": "harrods",
        "floor": 3,
        "id": 176,
        "metadata": {
          "category": "pim",
          "concession": true
        },
        "name": "Bugatti",
        "type": "store"
      },
      "geometry": {
        "type": "Point",
        "coordinates": [-0.16239125222222223, 51.498679914444445]
      }
    },
    {
      "type": "Feature",
      "id": 177,
      "properties": {
        "building_id": "harrods",
        "floor": 5,
        "id": 177,
        "metadata": {
          "category": "pim",
          "concession": true
        },
        "name": "Shure",
        "type": "store"
      },
      "geometry": {
        "type": "Point",
        "coordinates": [-0.16338165333333332, 51.499512807777776]
      }
    },
    {
      "type": "Feature",
      "id": 178,
      "properties": {
        "building_id": "harrods",
        "floor": 0,
        "id": 178,
        "metadata": {
          "category": "pim",
          "keywords": ["noUpdate"]
        },
        "name": "Alexander Mcqueen",
        "type": "store"
      },
      "geometry": {
        "type": "Point",
        "coordinates": [-0.16318665, 51.4996913]
      }
    },
    {
      "type": "Feature",
      "id": 179,
      "properties": {
        "building_id": "harrods",
        "floor": 0,
        "id": 179,
        "metadata": {
          "category": "pim"
        },
        "name": "Nars",
        "type": "store"
      },
      "geometry": {
        "type": "Point",
        "coordinates": [-0.16202873, 51.49914051]
      }
    },
    {
      "type": "Feature",
      "id": 180,
      "properties": {
        "building_id": "harrods",
        "floor": 3,
        "id": 180,
        "metadata": {
          "category": "pim"
        },
        "name": "Herm\u00e8s",
        "type": "store"
      },
      "geometry": {
        "type": "Point",
        "coordinates": [-0.162368830625, 51.499241381875]
      }
    },
    {
      "type": "Feature",
      "id": 181,
      "properties": {
        "building_id": "harrods",
        "floor": 0,
        "id": 181,
        "metadata": {
          "category": "pim",
          "concession": true
        },
        "name": "Fendi",
        "type": "store"
      },
      "geometry": {
        "type": "Point",
        "coordinates": [-0.162549281, 51.499271938666666]
      }
    },
    {
      "type": "Feature",
      "id": 182,
      "properties": {
        "building_id": "harrods",
        "floor": 3,
        "id": 182,
        "metadata": {
          "category": "pim",
          "concession": true
        },
        "name": "Compoz",
        "type": "store"
      },
      "geometry": {
        "type": "Point",
        "coordinates": [-0.1626415352173913, 51.49950476217391]
      }
    },
    {
      "type": "Feature",
      "id": 183,
      "properties": {
        "building_id": "harrods",
        "floor": 0,
        "id": 183,
        "metadata": {
          "category": "pim"
        },
        "name": "Givenchy",
        "type": "store"
      },
      "geometry": {
        "type": "Point",
        "coordinates": [-0.16202873, 51.49914051]
      }
    },
    {
      "type": "Feature",
      "id": 184,
      "properties": {
        "building_id": "harrods",
        "floor": -1,
        "id": 184,
        "metadata": {
          "category": "pim",
          "concession": true
        },
        "name": "Viviscal",
        "type": "store"
      },
      "geometry": {
        "type": "Point",
        "coordinates": [-0.1641944876923077, 51.49915551205128]
      }
    },
    {
      "type": "Feature",
      "id": 185,
      "properties": {
        "building_id": "harrods",
        "floor": 3,
        "id": 185,
        "metadata": {
          "category": "pim",
          "concession": true
        },
        "name": "Kenwood",
        "type": "store"
      },
      "geometry": {
        "type": "Point",
        "coordinates": [-0.16239125222222223, 51.498679914444445]
      }
    },
    {
      "type": "Feature",
      "id": 186,
      "properties": {
        "building_id": "harrods",
        "floor": 0,
        "id": 186,
        "metadata": {
          "category": "pim"
        },
        "name": "Charcuterie",
        "type": "store"
      },
      "geometry": {
        "type": "Point",
        "coordinates": [-0.16274045, 51.49906246]
      }
    },
    {
      "type": "Feature",
      "id": 187,
      "properties": {
        "building_id": "harrods",
        "floor": 0,
        "id": 187,
        "metadata": {
          "category": "pim"
        },
        "name": "Diptyque",
        "type": "store"
      },
      "geometry": {
        "type": "Point",
        "coordinates": [-0.16202873, 51.49914051]
      }
    },
    {
      "type": "Feature",
      "id": 188,
      "properties": {
        "building_id": "harrods",
        "floor": 5,
        "id": 188,
        "metadata": {
          "category": "pim",
          "concession": true
        },
        "name": "Klipsch",
        "type": "store"
      },
      "geometry": {
        "type": "Point",
        "coordinates": [-0.16338165333333332, 51.499512807777776]
      }
    },
    {
      "type": "Feature",
      "id": 189,
      "properties": {
        "building_id": "harrods",
        "floor": 5,
        "id": 189,
        "metadata": {
          "category": "pim"
        },
        "name": "Fitbit",
        "type": "store"
      },
      "geometry": {
        "type": "Point",
        "coordinates": [-0.16352568, 51.49944144714285]
      }
    },
    {
      "type": "Feature",
      "id": 190,
      "properties": {
        "building_id": "harrods",
        "floor": -1,
        "id": 190,
        "metadata": {
          "category": "pim",
          "concession": true
        },
        "name": "Geoffrey Parker",
        "type": "store"
      },
      "geometry": {
        "type": "Point",
        "coordinates": [-0.16305864949999999, 51.49959715800001]
      }
    },
    {
      "type": "Feature",
      "id": 191,
      "properties": {
        "building_id": "harrods",
        "floor": 3,
        "id": 191,
        "metadata": {
          "category": "pim",
          "concession": true
        },
        "name": "Tefal",
        "type": "store"
      },
      "geometry": {
        "type": "Point",
        "coordinates": [-0.16239125222222223, 51.498679914444445]
      }
    },
    {
      "type": "Feature",
      "id": 192,
      "properties": {
        "building_id": "harrods",
        "floor": -1,
        "id": 192,
        "metadata": {
          "category": "pim",
          "concession": true
        },
        "name": "Minerva",
        "type": "store"
      },
      "geometry": {
        "type": "Point",
        "coordinates": [-0.1641944876923077, 51.49915551205128]
      }
    },
    {
      "type": "Feature",
      "id": 193,
      "properties": {
        "building_id": "harrods",
        "floor": 0,
        "id": 193,
        "metadata": {
          "category": "pim"
        },
        "name": "Christian Louboutin",
        "type": "store"
      },
      "geometry": {
        "type": "Point",
        "coordinates": [-0.16202873, 51.49914051]
      }
    },
    {
      "type": "Feature",
      "id": 194,
      "properties": {
        "building_id": "harrods",
        "floor": 3,
        "id": 194,
        "metadata": {
          "category": "pim",
          "concession": true
        },
        "name": "Soho Home",
        "type": "store"
      },
      "geometry": {
        "type": "Point",
        "coordinates": [-0.16344305781250001, 51.4989455309375]
      }
    },
    {
      "type": "Feature",
      "id": 195,
      "properties": {
        "building_id": "harrods",
        "floor": 0,
        "id": 195,
        "metadata": {
          "category": "pim"
        },
        "name": "Loewe",
        "type": "store"
      },
      "geometry": {
        "type": "Point",
        "coordinates": [-0.16202873, 51.49914051]
      }
    },
    {
      "type": "Feature",
      "id": 196,
      "properties": {
        "building_id": "harrods",
        "floor": -1,
        "id": 196,
        "metadata": {
          "category": "pim"
        },
        "name": "Harrods Cosmetics",
        "type": "store"
      },
      "geometry": {
        "type": "Point",
        "coordinates": [-0.16233340764705884, 51.49928196941177]
      }
    },
    {
      "type": "Feature",
      "id": 197,
      "properties": {
        "building_id": "harrods",
        "floor": 0,
        "id": 197,
        "metadata": {
          "category": "pim"
        },
        "name": "Jaeger Lecoultre",
        "type": "store"
      },
      "geometry": {
        "type": "Point",
        "coordinates": [-0.16302244, 51.49869424]
      }
    },
    {
      "type": "Feature",
      "id": 198,
      "properties": {
        "building_id": "harrods",
        "floor": -1,
        "id": 198,
        "metadata": {
          "category": "pim",
          "concession": true
        },
        "name": "Harrods Accessories",
        "type": "store"
      },
      "geometry": {
        "type": "Point",
        "coordinates": [-0.16233340764705884, 51.49928196941177]
      }
    },
    {
      "type": "Feature",
      "id": 199,
      "properties": {
        "building_id": "harrods",
        "floor": 0,
        "id": 199,
        "metadata": {
          "category": "pim"
        },
        "name": "The Butcher",
        "type": "store"
      },
      "geometry": {
        "type": "Point",
        "coordinates": [-0.16274045, 51.49906246]
      }
    },
    {
      "type": "Feature",
      "id": 200,
      "properties": {
        "building_id": "harrods",
        "floor": 0,
        "id": 200,
        "metadata": {
          "category": "pim"
        },
        "name": "Acqua Di Parma",
        "type": "store"
      },
      "geometry": {
        "type": "Point",
        "coordinates": [-0.16202873, 51.49914051]
      }
    },
    {
      "type": "Feature",
      "id": 201,
      "properties": {
        "building_id": "harrods",
        "floor": 5,
        "id": 201,
        "metadata": {
          "category": "pim",
          "concession": true
        },
        "name": "Sony",
        "type": "store"
      },
      "geometry": {
        "type": "Point",
        "coordinates": [-0.16338165333333332, 51.499512807777776]
      }
    },
    {
      "type": "Feature",
      "id": 202,
      "properties": {
        "building_id": "harrods",
        "floor": 5,
        "id": 202,
        "metadata": {
          "category": "pim",
          "concession": true
        },
        "name": "Empire",
        "type": "store"
      },
      "geometry": {
        "type": "Point",
        "coordinates": [-0.16338165333333332, 51.499512807777776]
      }
    },
    {
      "type": "Feature",
      "id": 203,
      "properties": {
        "building_id": "harrods",
        "floor": 4,
        "id": 203,
        "metadata": {
          "category": "pim",
          "concession": true
        },
        "name": "Gojitsu",
        "type": "store"
      },
      "geometry": {
        "type": "Point",
        "coordinates": [-0.16273238875, 51.49984731]
      }
    },
    {
      "type": "Feature",
      "id": 204,
      "properties": {
        "building_id": "harrods",
        "floor": 0,
        "id": 204,
        "metadata": {
          "category": "pim"
        },
        "name": "Pierre Marcolini",
        "type": "store"
      },
      "geometry": {
        "type": "Point",
        "coordinates": [-0.16302708941176472, 51.49929956352941]
      }
    },
    {
      "type": "Feature",
      "id": 205,
      "properties": {
        "building_id": "harrods",
        "floor": 0,
        "id": 205,
        "metadata": {
          "category": "pim"
        },
        "name": "Penhaligons",
        "type": "store"
      },
      "geometry": {
        "type": "Point",
        "coordinates": [-0.16202873, 51.49914051]
      }
    },
    {
      "type": "Feature",
      "id": 206,
      "properties": {
        "building_id": "harrods",
        "floor": -1,
        "id": 206,
        "metadata": {
          "category": "pim",
          "concession": true
        },
        "name": "Leonor Greyl",
        "type": "store"
      },
      "geometry": {
        "type": "Point",
        "coordinates": [-0.1641944876923077, 51.49915551205128]
      }
    },
    {
      "type": "Feature",
      "id": 207,
      "properties": {
        "building_id": "harrods",
        "floor": 3,
        "id": 207,
        "metadata": {
          "category": "pim",
          "concession": true
        },
        "name": "Uchino",
        "type": "store"
      },
      "geometry": {
        "type": "Point",
        "coordinates": [-0.16344305781250001, 51.4989455309375]
      }
    },
    {
      "type": "Feature",
      "id": 208,
      "properties": {
        "building_id": "harrods",
        "floor": -1,
        "id": 208,
        "metadata": {
          "category": "pim",
          "concession": true
        },
        "name": "Bicycle",
        "type": "store"
      },
      "geometry": {
        "type": "Point",
        "coordinates": [-0.16305864949999999, 51.49959715800001]
      }
    },
    {
      "type": "Feature",
      "id": 209,
      "properties": {
        "building_id": "harrods",
        "floor": 0,
        "id": 209,
        "metadata": {
          "category": "pim"
        },
        "name": "Herm\u00e8s",
        "type": "store"
      },
      "geometry": {
        "type": "Point",
        "coordinates": [-0.1628925883333333, 51.499712495555556]
      }
    },
    {
      "type": "Feature",
      "id": 210,
      "properties": {
        "building_id": "harrods",
        "floor": 2,
        "id": 210,
        "metadata": {
          "category": "pim"
        },
        "name": "Edit Ldn",
        "type": "store"
      },
      "geometry": {
        "type": "Point",
        "coordinates": [-0.162840908, 51.499498202]
      }
    },
    {
      "type": "Feature",
      "id": 211,
      "properties": {
        "building_id": "harrods",
        "floor": -1,
        "id": 211,
        "metadata": {
          "category": "pim",
          "concession": true
        },
        "name": "Lord Lou",
        "type": "store"
      },
      "geometry": {
        "type": "Point",
        "coordinates": [-0.16305864949999999, 51.49959715800001]
      }
    },
    {
      "type": "Feature",
      "id": 212,
      "properties": {
        "building_id": "harrods",
        "floor": 0,
        "id": 212,
        "metadata": {
          "category": "pim",
          "concession": true
        },
        "name": "Givenchy",
        "type": "store"
      },
      "geometry": {
        "type": "Point",
        "coordinates": [-0.16353723894736844, 51.49936209736842]
      }
    },
    {
      "type": "Feature",
      "id": 213,
      "properties": {
        "building_id": "harrods",
        "floor": 4,
        "id": 213,
        "metadata": {
          "category": "pim",
          "concession": true
        },
        "name": "Pokemon",
        "type": "store"
      },
      "geometry": {
        "type": "Point",
        "coordinates": [-0.16273238875, 51.49984731]
      }
    },
    {
      "type": "Feature",
      "id": 214,
      "properties": {
        "building_id": "harrods",
        "floor": 0,
        "id": 214,
        "metadata": {
          "category": "pim",
          "concession": true
        },
        "name": "Loewe",
        "type": "store"
      },
      "geometry": {
        "type": "Point",
        "coordinates": [-0.16353723894736844, 51.49936209736842]
      }
    },
    {
      "type": "Feature",
      "id": 215,
      "properties": {
        "building_id": "harrods",
        "floor": 0,
        "id": 215,
        "metadata": {
          "category": "pim",
          "concession": true
        },
        "name": "Oliver Peoples",
        "type": "store"
      },
      "geometry": {
        "type": "Point",
        "coordinates": [-0.162549281, 51.499271938666666]
      }
    },
    {
      "type": "Feature",
      "id": 216,
      "properties": {
        "building_id": "harrods",
        "floor": 3,
        "id": 216,
        "metadata": {
          "category": "pim",
          "concession": true
        },
        "name": "Magimix",
        "type": "store"
      },
      "geometry": {
        "type": "Point",
        "coordinates": [-0.16239125222222223, 51.498679914444445]
      }
    },
    {
      "type": "Feature",
      "id": 217,
      "properties": {
        "building_id": "harrods",
        "floor": 3,
        "id": 217,
        "metadata": {
          "category": "pim",
          "concession": true
        },
        "name": "Simplehuman",
        "type": "store"
      },
      "geometry": {
        "type": "Point",
        "coordinates": [-0.16239125222222223, 51.498679914444445]
      }
    },
    {
      "type": "Feature",
      "id": 218,
      "properties": {
        "building_id": "harrods",
        "floor": 3,
        "id": 218,
        "metadata": {
          "category": "pim",
          "concession": true
        },
        "name": "The Natural Sea Sponge Company",
        "type": "store"
      },
      "geometry": {
        "type": "Point",
        "coordinates": [-0.16344305781250001, 51.4989455309375]
      }
    },
    {
      "type": "Feature",
      "id": 219,
      "properties": {
        "building_id": "harrods",
        "floor": 0,
        "id": 219,
        "metadata": {
          "category": "pim",
          "concession": true
        },
        "name": "Chopard",
        "type": "store"
      },
      "geometry": {
        "type": "Point",
        "coordinates": [-0.162549281, 51.499271938666666]
      }
    },
    {
      "type": "Feature",
      "id": 220,
      "properties": {
        "building_id": "harrods",
        "floor": 0,
        "id": 220,
        "metadata": {
          "category": "pim"
        },
        "name": "Fendi",
        "type": "store"
      },
      "geometry": {
        "type": "Point",
        "coordinates": [-0.16272387875, 51.49985549125]
      }
    },
    {
      "type": "Feature",
      "id": 221,
      "properties": {
        "building_id": "harrods",
        "floor": 4,
        "id": 221,
        "metadata": {
          "category": "pim",
          "concession": true
        },
        "name": "Transformers",
        "type": "store"
      },
      "geometry": {
        "type": "Point",
        "coordinates": [-0.16273238875, 51.49984731]
      }
    },
    {
      "type": "Feature",
      "id": 222,
      "properties": {
        "building_id": "harrods",
        "floor": 3,
        "id": 222,
        "metadata": {
          "category": "pim",
          "concession": true
        },
        "name": "Carrs Silver",
        "type": "store"
      },
      "geometry": {
        "type": "Point",
        "coordinates": [-0.162368830625, 51.499241381875]
      }
    },
    {
      "type": "Feature",
      "id": 223,
      "properties": {
        "building_id": "harrods",
        "floor": 3,
        "id": 223,
        "metadata": {
          "category": "pim",
          "concession": true
        },
        "name": "Melitta",
        "type": "store"
      },
      "geometry": {
        "type": "Point",
        "coordinates": [-0.16239125222222223, 51.498679914444445]
      }
    },
    {
      "type": "Feature",
      "id": 224,
      "properties": {
        "building_id": "harrods",
        "floor": -1,
        "id": 224,
        "metadata": {
          "category": "pim",
          "concession": true
        },
        "name": "Meri Meri",
        "type": "store"
      },
      "geometry": {
        "type": "Point",
        "coordinates": [-0.16254087142857143, 51.49967399547619]
      }
    },
    {
      "type": "Feature",
      "id": 225,
      "properties": {
        "building_id": "harrods",
        "floor": 0,
        "id": 225,
        "metadata": {
          "category": "pim"
        },
        "name": "Dior Backstage",
        "type": "store"
      },
      "geometry": {
        "type": "Point",
        "coordinates": [-0.16202873, 51.49914051]
      }
    },
    {
      "type": "Feature",
      "id": 226,
      "properties": {
        "building_id": "harrods",
        "floor": 0,
        "id": 226,
        "metadata": {
          "category": "pim"
        },
        "name": "Dolce & Gabbana",
        "type": "store"
      },
      "geometry": {
        "type": "Point",
        "coordinates": [-0.16202873, 51.49914051]
      }
    },
    {
      "type": "Feature",
      "id": 227,
      "properties": {
        "building_id": "harrods",
        "floor": 5,
        "id": 227,
        "metadata": {
          "category": "pim",
          "concession": true
        },
        "name": "Audeze",
        "type": "store"
      },
      "geometry": {
        "type": "Point",
        "coordinates": [-0.16338165333333332, 51.499512807777776]
      }
    },
    {
      "type": "Feature",
      "id": 228,
      "properties": {
        "building_id": "harrods",
        "floor": 0,
        "id": 228,
        "metadata": {
          "category": "pim"
        },
        "name": "Dior",
        "type": "store"
      },
      "geometry": {
        "type": "Point",
        "coordinates": [-0.16202873, 51.49914051]
      }
    },
    {
      "type": "Feature",
      "id": 229,
      "properties": {
        "building_id": "harrods",
        "floor": 5,
        "id": 229,
        "metadata": {
          "category": "pim",
          "concession": true
        },
        "name": "Naim",
        "type": "store"
      },
      "geometry": {
        "type": "Point",
        "coordinates": [-0.16338165333333332, 51.499512807777776]
      }
    },
    {
      "type": "Feature",
      "id": 230,
      "properties": {
        "building_id": "harrods",
        "floor": 5,
        "id": 230,
        "metadata": {
          "category": "pim",
          "concession": true
        },
        "name": "Urbanista",
        "type": "store"
      },
      "geometry": {
        "type": "Point",
        "coordinates": [-0.16338165333333332, 51.499512807777776]
      }
    },
    {
      "type": "Feature",
      "id": 231,
      "properties": {
        "building_id": "harrods",
        "floor": 5,
        "id": 231,
        "metadata": {
          "category": "pim",
          "concession": true
        },
        "name": "Saracen",
        "type": "store"
      },
      "geometry": {
        "type": "Point",
        "coordinates": [-0.16352568, 51.49944144714285]
      }
    },
    {
      "type": "Feature",
      "id": 232,
      "properties": {
        "building_id": "harrods",
        "floor": -1,
        "id": 232,
        "metadata": {
          "category": "pim",
          "concession": true
        },
        "name": "Cor",
        "type": "store"
      },
      "geometry": {
        "type": "Point",
        "coordinates": [-0.1641944876923077, 51.49915551205128]
      }
    },
    {
      "type": "Feature",
      "id": 233,
      "properties": {
        "building_id": "harrods",
        "floor": -1,
        "id": 233,
        "metadata": {
          "category": "pim",
          "concession": true
        },
        "name": "Harrods Apparel",
        "type": "store"
      },
      "geometry": {
        "type": "Point",
        "coordinates": [-0.16233340764705884, 51.49928196941177]
      }
    },
    {
      "type": "Feature",
      "id": 234,
      "properties": {
        "building_id": "harrods",
        "floor": -1,
        "id": 234,
        "metadata": {
          "category": "pim",
          "concession": true
        },
        "name": "Royal Salangor",
        "type": "store"
      },
      "geometry": {
        "type": "Point",
        "coordinates": [-0.16305864949999999, 51.49959715800001]
      }
    },
    {
      "type": "Feature",
      "id": 235,
      "properties": {
        "building_id": "harrods",
        "floor": 5,
        "id": 235,
        "metadata": {
          "category": "pim",
          "concession": true
        },
        "name": "Focal",
        "type": "store"
      },
      "geometry": {
        "type": "Point",
        "coordinates": [-0.16338165333333332, 51.499512807777776]
      }
    },
    {
      "type": "Feature",
      "id": 236,
      "properties": {
        "building_id": "harrods",
        "floor": 0,
        "id": 236,
        "metadata": {
          "category": "pim",
          "concession": true
        },
        "name": "Chanel",
        "type": "store"
      },
      "geometry": {
        "type": "Point",
        "coordinates": [-0.162549281, 51.499271938666666]
      }
    },
    {
      "type": "Feature",
      "id": 237,
      "properties": {
        "building_id": "harrods",
        "floor": 3,
        "id": 237,
        "metadata": {
          "category": "pim",
          "concession": true
        },
        "name": "Noble Isle",
        "type": "store"
      },
      "geometry": {
        "type": "Point",
        "coordinates": [-0.16344305781250001, 51.4989455309375]
      }
    },
    {
      "type": "Feature",
      "id": 238,
      "properties": {
        "building_id": "harrods",
        "floor": -1,
        "id": 238,
        "metadata": {
          "category": "pim",
          "concession": true
        },
        "name": "Hello Puppy",
        "type": "store"
      },
      "geometry": {
        "type": "Point",
        "coordinates": [-0.16305864949999999, 51.49959715800001]
      }
    },
    {
      "type": "Feature",
      "id": 239,
      "properties": {
        "building_id": "harrods",
        "floor": 0,
        "id": 239,
        "metadata": {
          "category": "pim"
        },
        "name": "Caviar House",
        "type": "store"
      },
      "geometry": {
        "type": "Point",
        "coordinates": [-0.16274045, 51.49906246]
      }
    },
    {
      "type": "Feature",
      "id": 240,
      "properties": {
        "building_id": "harrods",
        "floor": 3,
        "id": 240,
        "metadata": {
          "category": "pim",
          "concession": true
        },
        "name": "August & Piers",
        "type": "store"
      },
      "geometry": {
        "type": "Point",
        "coordinates": [-0.1626415352173913, 51.49950476217391]
      }
    },
    {
      "type": "Feature",
      "id": 241,
      "properties": {
        "building_id": "harrods",
        "floor": 0,
        "id": 241,
        "metadata": {
          "category": "pim"
        },
        "name": "Audemars Piguet",
        "type": "store"
      },
      "geometry": {
        "type": "Point",
        "coordinates": [-0.16302244, 51.49869424]
      }
    },
    {
      "type": "Feature",
      "id": 242,
      "properties": {
        "building_id": "harrods",
        "floor": 3,
        "id": 242,
        "metadata": {
          "category": "pim",
          "concession": true
        },
        "name": "Rotante",
        "type": "store"
      },
      "geometry": {
        "type": "Point",
        "coordinates": [-0.16239125222222223, 51.498679914444445]
      }
    },
    {
      "type": "Feature",
      "id": 243,
      "properties": {
        "building_id": "harrods",
        "floor": 0,
        "id": 243,
        "metadata": {
          "category": "pim"
        },
        "name": "Huda Beauty",
        "type": "store"
      },
      "geometry": {
        "type": "Point",
        "coordinates": [-0.16202873, 51.49914051]
      }
    },
    {
      "type": "Feature",
      "id": 244,
      "properties": {
        "building_id": "harrods",
        "floor": -1,
        "id": 244,
        "metadata": {
          "category": "pim",
          "concession": true
        },
        "name": "Swiss Smile",
        "type": "store"
      },
      "geometry": {
        "type": "Point",
        "coordinates": [-0.1641944876923077, 51.49915551205128]
      }
    },
    {
      "type": "Feature",
      "id": 245,
      "properties": {
        "building_id": "harrods",
        "floor": 1,
        "id": 245,
        "metadata": {
          "category": "pim"
        },
        "name": "Chanel",
        "type": "store"
      },
      "geometry": {
        "type": "Point",
        "coordinates": [-0.161901088, 51.499345190999996]
      }
    },
    {
      "type": "Feature",
      "id": 246,
      "properties": {
        "building_id": "harrods",
        "floor": -1,
        "id": 246,
        "metadata": {
          "category": "pim",
          "concession": true
        },
        "name": "Korean Red Ginseng",
        "type": "store"
      },
      "geometry": {
        "type": "Point",
        "coordinates": [-0.1641944876923077, 51.49915551205128]
      }
    },
    {
      "type": "Feature",
      "id": 247,
      "properties": {
        "building_id": "harrods",
        "floor": -1,
        "id": 247,
        "metadata": {
          "category": "pim",
          "concession": true
        },
        "name": "Green Gate",
        "type": "store"
      },
      "geometry": {
        "type": "Point",
        "coordinates": [-0.1641944876923077, 51.49915551205128]
      }
    },
    {
      "type": "Feature",
      "id": 248,
      "properties": {
        "building_id": "harrods",
        "floor": 0,
        "id": 248,
        "metadata": {
          "category": "pim"
        },
        "name": "Chaumet",
        "type": "store"
      },
      "geometry": {
        "type": "Point",
        "coordinates": [-0.16347071, 51.4989117]
      }
    },
    {
      "type": "Feature",
      "id": 249,
      "properties": {
        "building_id": "harrods",
        "floor": 0,
        "id": 249,
        "metadata": {
          "category": "pim"
        },
        "name": "The Fishmonger",
        "type": "store"
      },
      "geometry": {
        "type": "Point",
        "coordinates": [-0.16274045, 51.49906246]
      }
    },
    {
      "type": "Feature",
      "id": 250,
      "properties": {
        "building_id": "harrods",
        "floor": 5,
        "id": 250,
        "metadata": {
          "category": "pim",
          "concession": true
        },
        "name": "Meze Audio",
        "type": "store"
      },
      "geometry": {
        "type": "Point",
        "coordinates": [-0.16338165333333332, 51.499512807777776]
      }
    },
    {
      "type": "Feature",
      "id": 251,
      "properties": {
        "building_id": "harrods",
        "floor": 0,
        "id": 251,
        "metadata": {
          "category": "pim",
          "concession": true
        },
        "name": "Venchi",
        "type": "store"
      },
      "geometry": {
        "type": "Point",
        "coordinates": [-0.16302708941176472, 51.49929956352941]
      }
    },
    {
      "type": "Feature",
      "id": 252,
      "properties": {
        "building_id": "harrods",
        "floor": 3,
        "id": 252,
        "metadata": {
          "category": "pim"
        },
        "name": "Brinkhaus",
        "type": "store"
      },
      "geometry": {
        "type": "Point",
        "coordinates": [-0.16282545692307693, 51.49899169282051]
      }
    },
    {
      "type": "Feature",
      "id": 253,
      "properties": {
        "building_id": "harrods",
        "floor": 3,
        "id": 253,
        "metadata": {
          "category": "pim",
          "concession": true
        },
        "name": "Jura",
        "type": "store"
      },
      "geometry": {
        "type": "Point",
        "coordinates": [-0.16239125222222223, 51.498679914444445]
      }
    },
    {
      "type": "Feature",
      "id": 254,
      "properties": {
        "building_id": "harrods",
        "floor": 3,
        "id": 254,
        "metadata": {
          "category": "pim",
          "concession": true
        },
        "name": "Fellow",
        "type": "store"
      },
      "geometry": {
        "type": "Point",
        "coordinates": [-0.16239125222222223, 51.498679914444445]
      }
    },
    {
      "type": "Feature",
      "id": 255,
      "properties": {
        "building_id": "harrods",
        "floor": 0,
        "id": 255,
        "metadata": {
          "category": "pim"
        },
        "name": "Carolina Herrera",
        "type": "store"
      },
      "geometry": {
        "type": "Point",
        "coordinates": [-0.16202873, 51.49914051]
      }
    },
    {
      "type": "Feature",
      "id": 256,
      "properties": {
        "building_id": "harrods",
        "floor": -1,
        "id": 256,
        "metadata": {
          "category": "pim",
          "concession": true
        },
        "name": "Wolf",
        "type": "store"
      },
      "geometry": {
        "type": "Point",
        "coordinates": [-0.16305864949999999, 51.49959715800001]
      }
    },
    {
      "type": "Feature",
      "id": 257,
      "properties": {
        "building_id": "harrods",
        "floor": 3,
        "id": 257,
        "metadata": {
          "category": "pim",
          "concession": true
        },
        "name": "Ralph Lauren",
        "type": "store"
      },
      "geometry": {
        "type": "Point",
        "coordinates": [-0.16344305781250001, 51.4989455309375]
      }
    },
    {
      "type": "Feature",
      "id": 258,
      "properties": {
        "building_id": "harrods",
        "floor": -1,
        "id": 258,
        "metadata": {
          "category": "pim",
          "concession": true
        },
        "name": "Vita Juwel",
        "type": "store"
      },
      "geometry": {
        "type": "Point",
        "coordinates": [-0.16305864949999999, 51.49959715800001]
      }
    },
    {
      "type": "Feature",
      "id": 259,
      "properties": {
        "building_id": "harrods",
        "floor": -1,
        "id": 259,
        "metadata": {
          "category": "pim",
          "concession": true
        },
        "name": "Marvis",
        "type": "store"
      },
      "geometry": {
        "type": "Point",
        "coordinates": [-0.1641944876923077, 51.49915551205128]
      }
    },
    {
      "type": "Feature",
      "id": 260,
      "properties": {
        "building_id": "harrods",
        "floor": 0,
        "id": 260,
        "metadata": {
          "category": "pim"
        },
        "name": "Laura Mercier",
        "type": "store"
      },
      "geometry": {
        "type": "Point",
        "coordinates": [-0.16202873, 51.49914051]
      }
    },
    {
      "type": "Feature",
      "id": 261,
      "properties": {
        "building_id": "harrods",
        "floor": 5,
        "id": 261,
        "metadata": {
          "category": "pim",
          "concession": true
        },
        "name": "Cleer",
        "type": "store"
      },
      "geometry": {
        "type": "Point",
        "coordinates": [-0.16338165333333332, 51.499512807777776]
      }
    },
    {
      "type": "Feature",
      "id": 262,
      "properties": {
        "building_id": "harrods",
        "floor": 3,
        "id": 262,
        "metadata": {
          "category": "pim",
          "concession": true
        },
        "name": "Harrods Of London",
        "type": "store"
      },
      "geometry": {
        "type": "Point",
        "coordinates": [-0.16344305781250001, 51.4989455309375]
      }
    },
    {
      "type": "Feature",
      "id": 263,
      "properties": {
        "building_id": "harrods",
        "floor": 5,
        "id": 263,
        "metadata": {
          "category": "pim",
          "concession": true
        },
        "name": "Cabasse",
        "type": "store"
      },
      "geometry": {
        "type": "Point",
        "coordinates": [-0.16338165333333332, 51.499512807777776]
      }
    },
    {
      "type": "Feature",
      "id": 264,
      "properties": {
        "building_id": "harrods",
        "floor": 0,
        "id": 264,
        "metadata": {
          "category": "pim"
        },
        "name": "Promo Site",
        "type": "store"
      },
      "geometry": {
        "type": "Point",
        "coordinates": [-0.16202873, 51.49914051]
      }
    },
    {
      "type": "Feature",
      "id": 265,
      "properties": {
        "building_id": "harrods",
        "floor": 2,
        "id": 265,
        "metadata": {
          "category": "pim"
        },
        "name": "Brunello Cucinelli",
        "type": "store"
      },
      "geometry": {
        "type": "Point",
        "coordinates": [-0.16280808, 51.498838846]
      }
    },
    {
      "type": "Feature",
      "id": 266,
      "properties": {
        "building_id": "harrods",
        "floor": 3,
        "id": 266,
        "metadata": {
          "category": "pim",
          "concession": true
        },
        "name": "Our Place",
        "type": "store"
      },
      "geometry": {
        "type": "Point",
        "coordinates": [-0.16239125222222223, 51.498679914444445]
      }
    },
    {
      "type": "Feature",
      "id": 267,
      "properties": {
        "building_id": "harrods",
        "floor": 3,
        "id": 267,
        "metadata": {
          "category": "pim",
          "concession": true
        },
        "name": "Ooni",
        "type": "store"
      },
      "geometry": {
        "type": "Point",
        "coordinates": [-0.16239125222222223, 51.498679914444445]
      }
    },
    {
      "type": "Feature",
      "id": 268,
      "properties": {
        "building_id": "harrods",
        "floor": 5,
        "id": 268,
        "metadata": {
          "category": "pim",
          "concession": true
        },
        "name": "Roberts",
        "type": "store"
      },
      "geometry": {
        "type": "Point",
        "coordinates": [-0.16338165333333332, 51.499512807777776]
      }
    },
    {
      "type": "Feature",
      "id": 269,
      "properties": {
        "building_id": "harrods",
        "floor": -1,
        "id": 269,
        "metadata": {
          "category": "pim",
          "concession": true
        },
        "name": "Curaprox",
        "type": "store"
      },
      "geometry": {
        "type": "Point",
        "coordinates": [-0.1641944876923077, 51.49915551205128]
      }
    },
    {
      "type": "Feature",
      "id": 270,
      "properties": {
        "building_id": "harrods",
        "floor": -1,
        "id": 270,
        "metadata": {
          "category": "pim",
          "concession": true
        },
        "name": "Chess & Bridge",
        "type": "store"
      },
      "geometry": {
        "type": "Point",
        "coordinates": [-0.16305864949999999, 51.49959715800001]
      }
    },
    {
      "type": "Feature",
      "id": 271,
      "properties": {
        "building_id": "harrods",
        "floor": 2,
        "id": 271,
        "metadata": {
          "category": "pim",
          "concession": true
        },
        "name": "New Balance",
        "type": "store"
      },
      "geometry": {
        "type": "Point",
        "coordinates": [-0.16290940874999998, 51.49929450625]
      }
    },
    {
      "type": "Feature",
      "id": 272,
      "properties": {
        "building_id": "harrods",
        "floor": 3,
        "id": 272,
        "metadata": {
          "category": "pim",
          "concession": true
        },
        "name": "Buccellati",
        "type": "store"
      },
      "geometry": {
        "type": "Point",
        "coordinates": [-0.162368830625, 51.499241381875]
      }
    },
    {
      "type": "Feature",
      "id": 273,
      "properties": {
        "building_id": "harrods",
        "floor": 3,
        "id": 273,
        "metadata": {
          "category": "pim",
          "concession": true
        },
        "name": "Lalique",
        "type": "store"
      },
      "geometry": {
        "type": "Point",
        "coordinates": [-0.1626415352173913, 51.49950476217391]
      }
    },
    {
      "type": "Feature",
      "id": 274,
      "properties": {
        "building_id": "harrods",
        "floor": -1,
        "id": 274,
        "metadata": {
          "category": "pim",
          "concession": true
        },
        "name": "Biocare",
        "type": "store"
      },
      "geometry": {
        "type": "Point",
        "coordinates": [-0.1641944876923077, 51.49915551205128]
      }
    },
    {
      "type": "Feature",
      "id": 275,
      "properties": {
        "building_id": "harrods",
        "floor": 3,
        "id": 275,
        "metadata": {
          "category": "pim",
          "concession": true
        },
        "name": "Saint Louis",
        "type": "store"
      },
      "geometry": {
        "type": "Point",
        "coordinates": [-0.162368830625, 51.499241381875]
      }
    },
    {
      "type": "Feature",
      "id": 276,
      "properties": {
        "building_id": "harrods",
        "floor": 0,
        "id": 276,
        "metadata": {
          "category": "pim"
        },
        "name": "Chopard",
        "type": "store"
      },
      "geometry": {
        "type": "Point",
        "coordinates": [-0.16347071, 51.4989117]
      }
    },
    {
      "type": "Feature",
      "id": 277,
      "properties": {
        "building_id": "harrods",
        "floor": 3,
        "id": 277,
        "metadata": {
          "category": "pim",
          "concession": true
        },
        "name": "Miele",
        "type": "store"
      },
      "geometry": {
        "type": "Point",
        "coordinates": [-0.16239125222222223, 51.498679914444445]
      }
    },
    {
      "type": "Feature",
      "id": 278,
      "properties": {
        "building_id": "harrods",
        "floor": 3,
        "id": 278,
        "metadata": {
          "category": "pim",
          "concession": true
        },
        "name": "Ruffoni",
        "type": "store"
      },
      "geometry": {
        "type": "Point",
        "coordinates": [-0.16239125222222223, 51.498679914444445]
      }
    },
    {
      "type": "Feature",
      "id": 279,
      "properties": {
        "building_id": "harrods",
        "floor": 0,
        "id": 279,
        "metadata": {
          "category": "pim"
        },
        "name": "Buccellati",
        "type": "store"
      },
      "geometry": {
        "type": "Point",
        "coordinates": [-0.16347071, 51.4989117]
      }
    },
    {
      "type": "Feature",
      "id": 280,
      "properties": {
        "building_id": "harrods",
        "floor": 0,
        "id": 280,
        "metadata": {
          "category": "pim"
        },
        "name": "Herm\u00e9s",
        "type": "store"
      },
      "geometry": {
        "type": "Point",
        "coordinates": [-0.16202873, 51.49914051]
      }
    },
    {
      "type": "Feature",
      "id": 281,
      "properties": {
        "building_id": "harrods",
        "floor": -1,
        "id": 281,
        "metadata": {
          "category": "pim",
          "concession": true
        },
        "name": "Wild Nutrition",
        "type": "store"
      },
      "geometry": {
        "type": "Point",
        "coordinates": [-0.1641944876923077, 51.49915551205128]
      }
    },
    {
      "type": "Feature",
      "id": 282,
      "properties": {
        "building_id": "harrods",
        "floor": 2,
        "id": 282,
        "metadata": {
          "category": "pim",
          "concession": true
        },
        "name": "Be@rbrick",
        "type": "store"
      },
      "geometry": {
        "type": "Point",
        "coordinates": [-0.16290940874999998, 51.49929450625]
      }
    },
    {
      "type": "Feature",
      "id": 283,
      "properties": {
        "building_id": "harrods",
        "floor": 0,
        "id": 283,
        "metadata": {
          "category": "pim"
        },
        "name": "Suqqu",
        "type": "store"
      },
      "geometry": {
        "type": "Point",
        "coordinates": [-0.16202873, 51.49914051]
      }
    },
    {
      "type": "Feature",
      "id": 284,
      "properties": {
        "building_id": "harrods",
        "floor": -1,
        "id": 284,
        "metadata": {
          "category": "pim",
          "concession": true
        },
        "name": "Bag & Bones",
        "type": "store"
      },
      "geometry": {
        "type": "Point",
        "coordinates": [-0.16254087142857143, 51.49967399547619]
      }
    },
    {
      "type": "Feature",
      "id": 285,
      "properties": {
        "building_id": "harrods",
        "floor": 3,
        "id": 285,
        "metadata": {
          "category": "pim",
          "concession": true
        },
        "name": "Steamery Stockholm",
        "type": "store"
      },
      "geometry": {
        "type": "Point",
        "coordinates": [-0.16239125222222223, 51.498679914444445]
      }
    },
    {
      "type": "Feature",
      "id": 286,
      "properties": {
        "building_id": "harrods",
        "floor": 0,
        "id": 286,
        "metadata": {
          "category": "pim",
          "concession": true
        },
        "name": "Miu Miu",
        "type": "store"
      },
      "geometry": {
        "type": "Point",
        "coordinates": [-0.16353723894736844, 51.49936209736842]
      }
    },
    {
      "type": "Feature",
      "id": 287,
      "properties": {
        "building_id": "harrods",
        "floor": 0,
        "id": 287,
        "metadata": {
          "category": "pim"
        },
        "name": "Kylie",
        "type": "store"
      },
      "geometry": {
        "type": "Point",
        "coordinates": [-0.16202873, 51.49914051]
      }
    },
    {
      "type": "Feature",
      "id": 288,
      "properties": {
        "building_id": "harrods",
        "floor": -1,
        "id": 288,
        "metadata": {
          "category": "pim",
          "concession": true
        },
        "name": "Darphin",
        "type": "store"
      },
      "geometry": {
        "type": "Point",
        "coordinates": [-0.1641944876923077, 51.49915551205128]
      }
    },
    {
      "type": "Feature",
      "id": 289,
      "properties": {
        "building_id": "harrods",
        "floor": 3,
        "id": 289,
        "metadata": {
          "category": "pim",
          "concession": true
        },
        "name": "La Pavoni",
        "type": "store"
      },
      "geometry": {
        "type": "Point",
        "coordinates": [-0.16239125222222223, 51.498679914444445]
      }
    },
    {
      "type": "Feature",
      "id": 290,
      "properties": {
        "building_id": "harrods",
        "floor": 0,
        "id": 290,
        "metadata": {
          "category": "pim",
          "concession": true
        },
        "name": "William Curley",
        "type": "store"
      },
      "geometry": {
        "type": "Point",
        "coordinates": [-0.16302708941176472, 51.49929956352941]
      }
    },
    {
      "type": "Feature",
      "id": 291,
      "properties": {
        "building_id": "harrods",
        "floor": 0,
        "id": 291,
        "metadata": {
          "category": "pim",
          "concession": true
        },
        "name": "Maybach",
        "type": "store"
      },
      "geometry": {
        "type": "Point",
        "coordinates": [-0.162549281, 51.499271938666666]
      }
    },
    {
      "type": "Feature",
      "id": 292,
      "properties": {
        "building_id": "harrods",
        "floor": 3,
        "id": 292,
        "metadata": {
          "category": "pim",
          "concession": true
        },
        "name": "Baobab",
        "type": "store"
      },
      "geometry": {
        "type": "Point",
        "coordinates": [-0.1626415352173913, 51.49950476217391]
      }
    },
    {
      "type": "Feature",
      "id": 293,
      "properties": {
        "building_id": "harrods",
        "floor": 5,
        "id": 293,
        "metadata": {
          "category": "pim",
          "concession": true
        },
        "name": "Pro-Ject",
        "type": "store"
      },
      "geometry": {
        "type": "Point",
        "coordinates": [-0.16338165333333332, 51.499512807777776]
      }
    },
    {
      "type": "Feature",
      "id": 294,
      "properties": {
        "building_id": "harrods",
        "floor": -1,
        "id": 294,
        "metadata": {
          "category": "pim",
          "concession": true
        },
        "name": "Halcyon Days",
        "type": "store"
      },
      "geometry": {
        "type": "Point",
        "coordinates": [-0.16305864949999999, 51.49959715800001]
      }
    },
    {
      "type": "Feature",
      "id": 295,
      "properties": {
        "building_id": "harrods",
        "floor": 0,
        "id": 295,
        "metadata": {
          "category": "pim"
        },
        "name": "De Beers",
        "type": "store"
      },
      "geometry": {
        "type": "Point",
        "coordinates": [-0.16347071, 51.4989117]
      }
    },
    {
      "type": "Feature",
      "id": 296,
      "properties": {
        "building_id": "harrods",
        "floor": 5,
        "id": 296,
        "metadata": {
          "category": "pim",
          "concession": true
        },
        "name": "Nikon",
        "type": "store"
      },
      "geometry": {
        "type": "Point",
        "coordinates": [-0.1638970366666667, 51.499114160370375]
      }
    },
    {
      "type": "Feature",
      "id": 297,
      "properties": {
        "building_id": "harrods",
        "floor": 0,
        "id": 297,
        "metadata": {
          "category": "pim",
          "concession": true
        },
        "name": "Brunello Cucinelli",
        "type": "store"
      },
      "geometry": {
        "type": "Point",
        "coordinates": [-0.162549281, 51.499271938666666]
      }
    },
    {
      "type": "Feature",
      "id": 298,
      "properties": {
        "building_id": "harrods",
        "floor": 0,
        "id": 298,
        "metadata": {
          "category": "pim",
          "concession": true
        },
        "name": "Dolce & Gabbana",
        "type": "store"
      },
      "geometry": {
        "type": "Point",
        "coordinates": [-0.16353723894736844, 51.49936209736842]
      }
    },
    {
      "type": "Feature",
      "id": 299,
      "properties": {
        "building_id": "harrods",
        "floor": -1,
        "id": 299,
        "metadata": {
          "category": "pim",
          "concession": true
        },
        "name": "Verrier",
        "type": "store"
      },
      "geometry": {
        "type": "Point",
        "coordinates": [-0.16254087142857143, 51.49967399547619]
      }
    },
    {
      "type": "Feature",
      "id": 300,
      "properties": {
        "building_id": "harrods",
        "floor": 0,
        "id": 300,
        "metadata": {
          "category": "pim",
          "concession": true
        },
        "name": "Prada",
        "type": "store"
      },
      "geometry": {
        "type": "Point",
        "coordinates": [-0.16272387875, 51.49985549125]
      }
    },
    {
      "type": "Feature",
      "id": 301,
      "properties": {
        "building_id": "harrods",
        "floor": 5,
        "id": 301,
        "metadata": {
          "category": "pim",
          "concession": true
        },
        "name": "Polaroid",
        "type": "store"
      },
      "geometry": {
        "type": "Point",
        "coordinates": [-0.1638970366666667, 51.499114160370375]
      }
    },
    {
      "type": "Feature",
      "id": 302,
      "properties": {
        "building_id": "harrods",
        "floor": 5,
        "id": 302,
        "metadata": {
          "category": "pim",
          "concession": true
        },
        "name": "Sandisk",
        "type": "store"
      },
      "geometry": {
        "type": "Point",
        "coordinates": [-0.1638970366666667, 51.499114160370375]
      }
    },
    {
      "type": "Feature",
      "id": 303,
      "properties": {
        "building_id": "harrods",
        "floor": -1,
        "id": 303,
        "metadata": {
          "category": "pim",
          "concession": true
        },
        "name": "Wakaya Perfection",
        "type": "store"
      },
      "geometry": {
        "type": "Point",
        "coordinates": [-0.1641944876923077, 51.49915551205128]
      }
    },
    {
      "type": "Feature",
      "id": 304,
      "properties": {
        "building_id": "harrods",
        "floor": 1,
        "id": 304,
        "metadata": {
          "category": "pim"
        },
        "name": "Miu Miu",
        "type": "store"
      },
      "geometry": {
        "type": "Point",
        "coordinates": [-0.1626658575, 51.49919475125]
      }
    },
    {
      "type": "Feature",
      "id": 305,
      "properties": {
        "building_id": "harrods",
        "floor": 0,
        "id": 305,
        "metadata": {
          "category": "pim",
          "concession": true
        },
        "name": "Anna Karin Karlson",
        "type": "store"
      },
      "geometry": {
        "type": "Point",
        "coordinates": [-0.162549281, 51.499271938666666]
      }
    },
    {
      "type": "Feature",
      "id": 306,
      "properties": {
        "building_id": "harrods",
        "floor": 0,
        "id": 306,
        "metadata": {
          "category": "pim"
        },
        "name": "Boodles",
        "type": "store"
      },
      "geometry": {
        "type": "Point",
        "coordinates": [-0.16347071, 51.4989117]
      }
    },
    {
      "type": "Feature",
      "id": 307,
      "properties": {
        "building_id": "harrods",
        "floor": -1,
        "id": 307,
        "metadata": {
          "category": "pim",
          "concession": true
        },
        "name": "Philip B",
        "type": "store"
      },
      "geometry": {
        "type": "Point",
        "coordinates": [-0.1641944876923077, 51.49915551205128]
      }
    },
    {
      "type": "Feature",
      "id": 308,
      "properties": {
        "building_id": "harrods",
        "floor": 3,
        "id": 308,
        "metadata": {
          "category": "pim",
          "concession": true
        },
        "name": "Smeg",
        "type": "store"
      },
      "geometry": {
        "type": "Point",
        "coordinates": [-0.16239125222222223, 51.498679914444445]
      }
    },
    {
      "type": "Feature",
      "id": 309,
      "properties": {
        "building_id": "harrods",
        "floor": 3,
        "id": 309,
        "metadata": {
          "category": "pim",
          "concession": true
        },
        "name": "Hyoumankind",
        "type": "store"
      },
      "geometry": {
        "type": "Point",
        "coordinates": [-0.16344305781250001, 51.4989455309375]
      }
    },
    {
      "type": "Feature",
      "id": 310,
      "properties": {
        "building_id": "harrods",
        "floor": -1,
        "id": 310,
        "metadata": {
          "category": "pim",
          "concession": true
        },
        "name": "Globetrotter",
        "type": "store"
      },
      "geometry": {
        "type": "Point",
        "coordinates": [-0.16305864949999999, 51.49959715800001]
      }
    },
    {
      "type": "Feature",
      "id": 311,
      "properties": {
        "building_id": "harrods",
        "floor": 3,
        "id": 311,
        "metadata": {
          "category": "pim",
          "concession": true
        },
        "name": "Simplehuman",
        "type": "store"
      },
      "geometry": {
        "type": "Point",
        "coordinates": [-0.16344305781250001, 51.4989455309375]
      }
    },
    {
      "type": "Feature",
      "id": 312,
      "properties": {
        "building_id": "harrods",
        "floor": 3,
        "id": 312,
        "metadata": {
          "category": "pim",
          "concession": true
        },
        "name": "Delivita",
        "type": "store"
      },
      "geometry": {
        "type": "Point",
        "coordinates": [-0.16239125222222223, 51.498679914444445]
      }
    },
    {
      "type": "Feature",
      "id": 313,
      "properties": {
        "building_id": "harrods",
        "floor": 3,
        "id": 313,
        "metadata": {
          "category": "pim",
          "concession": true
        },
        "name": "Martha Freud",
        "type": "store"
      },
      "geometry": {
        "type": "Point",
        "coordinates": [-0.1626415352173913, 51.49950476217391]
      }
    },
    {
      "type": "Feature",
      "id": 314,
      "properties": {
        "building_id": "harrods",
        "floor": 0,
        "id": 314,
        "metadata": {
          "category": "pim",
          "concession": true
        },
        "name": "Swarovski",
        "type": "store"
      },
      "geometry": {
        "type": "Point",
        "coordinates": [-0.162549281, 51.499271938666666]
      }
    },
    {
      "type": "Feature",
      "id": 315,
      "properties": {
        "building_id": "harrods",
        "floor": -1,
        "id": 315,
        "metadata": {
          "category": "pim",
          "concession": true
        },
        "name": "Moleskine Bespoke Boutique",
        "type": "store"
      },
      "geometry": {
        "type": "Point",
        "coordinates": [-0.16305864949999999, 51.49959715800001]
      }
    },
    {
      "type": "Feature",
      "id": 316,
      "properties": {
        "building_id": "harrods",
        "floor": 3,
        "id": 316,
        "metadata": {
          "category": "pim",
          "concession": true
        },
        "name": "Shark",
        "type": "store"
      },
      "geometry": {
        "type": "Point",
        "coordinates": [-0.16239125222222223, 51.498679914444445]
      }
    },
    {
      "type": "Feature",
      "id": 317,
      "properties": {
        "building_id": "harrods",
        "floor": 5,
        "id": 317,
        "metadata": {
          "category": "pim",
          "concession": true
        },
        "name": "Sennheiser",
        "type": "store"
      },
      "geometry": {
        "type": "Point",
        "coordinates": [-0.16338165333333332, 51.499512807777776]
      }
    },
    {
      "type": "Feature",
      "id": 318,
      "properties": {
        "building_id": "harrods",
        "floor": 4,
        "id": 318,
        "metadata": {
          "category": "pim",
          "concession": true
        },
        "name": "Batman",
        "type": "store"
      },
      "geometry": {
        "type": "Point",
        "coordinates": [-0.16273238875, 51.49984731]
      }
    },
    {
      "type": "Feature",
      "id": 319,
      "properties": {
        "building_id": "harrods",
        "floor": 3,
        "id": 319,
        "metadata": {
          "category": "pim",
          "concession": true
        },
        "name": "Shleep",
        "type": "store"
      },
      "geometry": {
        "type": "Point",
        "coordinates": [-0.16344305781250001, 51.4989455309375]
      }
    },
    {
      "type": "Feature",
      "id": 320,
      "properties": {
        "building_id": "harrods",
        "floor": 3,
        "id": 320,
        "metadata": {
          "category": "pim",
          "concession": true
        },
        "name": "Roja Parfums",
        "type": "store"
      },
      "geometry": {
        "type": "Point",
        "coordinates": [-0.1626415352173913, 51.49950476217391]
      }
    },
    {
      "type": "Feature",
      "id": 321,
      "properties": {
        "building_id": "harrods",
        "floor": 3,
        "id": 321,
        "metadata": {
          "category": "pim",
          "concession": true
        },
        "name": "Lladro",
        "type": "store"
      },
      "geometry": {
        "type": "Point",
        "coordinates": [-0.162368830625, 51.499241381875]
      }
    },
    {
      "type": "Feature",
      "id": 322,
      "properties": {
        "building_id": "harrods",
        "floor": 0,
        "id": 322,
        "metadata": {
          "category": "pim"
        },
        "name": "Cheese",
        "type": "store"
      },
      "geometry": {
        "type": "Point",
        "coordinates": [-0.16274045, 51.49906246]
      }
    },
    {
      "type": "Feature",
      "id": 323,
      "properties": {
        "building_id": "harrods",
        "floor": 0,
        "id": 323,
        "metadata": {
          "category": "pim"
        },
        "name": "Chanel",
        "type": "store"
      },
      "geometry": {
        "type": "Point",
        "coordinates": [-0.16202873, 51.49914051]
      }
    },
    {
      "type": "Feature",
      "id": 324,
      "properties": {
        "building_id": "harrods",
        "floor": -1,
        "id": 324,
        "metadata": {
          "category": "pim",
          "concession": true
        },
        "name": "Chopard",
        "type": "store"
      },
      "geometry": {
        "type": "Point",
        "coordinates": [-0.16305864949999999, 51.49959715800001]
      }
    },
    {
      "type": "Feature",
      "id": 325,
      "properties": {
        "building_id": "harrods",
        "floor": 3,
        "id": 325,
        "metadata": {
          "category": "pim",
          "concession": true
        },
        "name": "Senti",
        "type": "store"
      },
      "geometry": {
        "type": "Point",
        "coordinates": [-0.1626415352173913, 51.49950476217391]
      }
    },
    {
      "type": "Feature",
      "id": 326,
      "properties": {
        "building_id": "harrods",
        "floor": 1,
        "id": 326,
        "metadata": {
          "category": "pim"
        },
        "name": "Gucci",
        "type": "store"
      },
      "geometry": {
        "type": "Point",
        "coordinates": [-0.1623554375, 51.498876845357145]
      }
    },
    {
      "type": "Feature",
      "id": 327,
      "properties": {
        "building_id": "harrods",
        "floor": -1,
        "id": 327,
        "metadata": {
          "category": "pim",
          "concession": true
        },
        "name": "Natures Plus",
        "type": "store"
      },
      "geometry": {
        "type": "Point",
        "coordinates": [-0.1641944876923077, 51.49915551205128]
      }
    },
    {
      "type": "Feature",
      "id": 328,
      "properties": {
        "building_id": "harrods",
        "floor": -1,
        "id": 328,
        "metadata": {
          "category": "pim",
          "concession": true
        },
        "name": "By Dr Lisa",
        "type": "store"
      },
      "geometry": {
        "type": "Point",
        "coordinates": [-0.16305864949999999, 51.49959715800001]
      }
    },
    {
      "type": "Feature",
      "id": 329,
      "properties": {
        "building_id": "harrods",
        "floor": 3,
        "id": 329,
        "metadata": {
          "category": "pim",
          "concession": true
        },
        "name": "Delonghi",
        "type": "store"
      },
      "geometry": {
        "type": "Point",
        "coordinates": [-0.16239125222222223, 51.498679914444445]
      }
    },
    {
      "type": "Feature",
      "id": 330,
      "properties": {
        "building_id": "harrods",
        "floor": -1,
        "id": 330,
        "metadata": {
          "category": "pim",
          "concession": true
        },
        "name": "Anya Hindmarch",
        "type": "store"
      },
      "geometry": {
        "type": "Point",
        "coordinates": [-0.16305864949999999, 51.49959715800001]
      }
    },
    {
      "type": "Feature",
      "id": 331,
      "properties": {
        "building_id": "harrods",
        "floor": 3,
        "id": 331,
        "metadata": {
          "category": "pim",
          "concession": true
        },
        "name": "Hamam",
        "type": "store"
      },
      "geometry": {
        "type": "Point",
        "coordinates": [-0.16344305781250001, 51.4989455309375]
      }
    },
    {
      "type": "Feature",
      "id": 332,
      "properties": {
        "building_id": "harrods",
        "floor": 5,
        "id": 332,
        "metadata": {
          "category": "pim",
          "concession": true
        },
        "name": "Joby",
        "type": "store"
      },
      "geometry": {
        "type": "Point",
        "coordinates": [-0.1638970366666667, 51.499114160370375]
      }
    },
    {
      "type": "Feature",
      "id": 333,
      "properties": {
        "building_id": "harrods",
        "floor": -1,
        "id": 333,
        "metadata": {
          "category": "pim",
          "concession": true
        },
        "name": "Frida",
        "type": "store"
      },
      "geometry": {
        "type": "Point",
        "coordinates": [-0.16305864949999999, 51.49959715800001]
      }
    },
    {
      "type": "Feature",
      "id": 334,
      "properties": {
        "building_id": "harrods",
        "floor": 5,
        "id": 334,
        "metadata": {
          "category": "pim",
          "concession": true
        },
        "name": "Fujifilm",
        "type": "store"
      },
      "geometry": {
        "type": "Point",
        "coordinates": [-0.1638970366666667, 51.499114160370375]
      }
    },
    {
      "type": "Feature",
      "id": 335,
      "properties": {
        "building_id": "harrods",
        "floor": 3,
        "id": 335,
        "metadata": {
          "category": "pim",
          "concession": true
        },
        "name": "Dualit",
        "type": "store"
      },
      "geometry": {
        "type": "Point",
        "coordinates": [-0.16239125222222223, 51.498679914444445]
      }
    },
    {
      "type": "Feature",
      "id": 336,
      "properties": {
        "building_id": "harrods",
        "floor": 0,
        "id": 336,
        "metadata": {
          "category": "pim"
        },
        "name": "Mac",
        "type": "store"
      },
      "geometry": {
        "type": "Point",
        "coordinates": [-0.16202873, 51.49914051]
      }
    },
    {
      "type": "Feature",
      "id": 337,
      "properties": {
        "building_id": "harrods",
        "floor": 0,
        "id": 337,
        "metadata": {
          "category": "pim"
        },
        "name": "Maison Margiela",
        "type": "store"
      },
      "geometry": {
        "type": "Point",
        "coordinates": [-0.16202873, 51.49914051]
      }
    },
    {
      "type": "Feature",
      "id": 338,
      "properties": {
        "building_id": "harrods",
        "floor": 3,
        "id": 338,
        "metadata": {
          "category": "pim",
          "concession": true
        },
        "name": "Oyuna",
        "type": "store"
      },
      "geometry": {
        "type": "Point",
        "coordinates": [-0.16282545692307693, 51.49899169282051]
      }
    },
    {
      "type": "Feature",
      "id": 339,
      "properties": {
        "building_id": "harrods",
        "floor": 0,
        "id": 339,
        "metadata": {
          "category": "pim",
          "concession": true
        },
        "name": "Tiffany & Co.",
        "type": "store"
      },
      "geometry": {
        "type": "Point",
        "coordinates": [-0.162549281, 51.499271938666666]
      }
    },
    {
      "type": "Feature",
      "id": 340,
      "properties": {
        "building_id": "harrods",
        "floor": 0,
        "id": 340,
        "metadata": {
          "category": "pim",
          "concession": true
        },
        "name": "Dita Von Teese",
        "type": "store"
      },
      "geometry": {
        "type": "Point",
        "coordinates": [-0.162549281, 51.499271938666666]
      }
    },
    {
      "type": "Feature",
      "id": 341,
      "properties": {
        "building_id": "harrods",
        "floor": 0,
        "id": 341,
        "metadata": {
          "category": "pim"
        },
        "name": "Piaget",
        "type": "store"
      },
      "geometry": {
        "type": "Point",
        "coordinates": [-0.16347071, 51.4989117]
      }
    },
    {
      "type": "Feature",
      "id": 342,
      "properties": {
        "building_id": "harrods",
        "floor": 0,
        "id": 342,
        "metadata": {
          "category": "pim"
        },
        "name": "By Terry",
        "type": "store"
      },
      "geometry": {
        "type": "Point",
        "coordinates": [-0.16202873, 51.49914051]
      }
    },
    {
      "type": "Feature",
      "id": 343,
      "properties": {
        "building_id": "harrods",
        "floor": 0,
        "id": 343,
        "metadata": {
          "category": "pim",
          "concession": true
        },
        "name": "To'Ak",
        "type": "store"
      },
      "geometry": {
        "type": "Point",
        "coordinates": [-0.16302708941176472, 51.49929956352941]
      }
    },
    {
      "type": "Feature",
      "id": 344,
      "properties": {
        "building_id": "harrods",
        "floor": 0,
        "id": 344,
        "metadata": {
          "category": "pim",
          "concession": true
        },
        "name": "Ferrari",
        "type": "store"
      },
      "geometry": {
        "type": "Point",
        "coordinates": [-0.162549281, 51.499271938666666]
      }
    },
    {
      "type": "Feature",
      "id": 345,
      "properties": {
        "building_id": "harrods",
        "floor": -1,
        "id": 345,
        "metadata": {
          "category": "pim",
          "concession": true
        },
        "name": "Aspinal Of London",
        "type": "store"
      },
      "geometry": {
        "type": "Point",
        "coordinates": [-0.16305864949999999, 51.49959715800001]
      }
    },
    {
      "type": "Feature",
      "id": 346,
      "properties": {
        "building_id": "harrods",
        "floor": -1,
        "id": 346,
        "metadata": {
          "category": "pim",
          "concession": true
        },
        "name": "Harrods Signature",
        "type": "store"
      },
      "geometry": {
        "type": "Point",
        "coordinates": [-0.16233340764705884, 51.49928196941177]
      }
    },
    {
      "type": "Feature",
      "id": 347,
      "properties": {
        "building_id": "harrods",
        "floor": 3,
        "id": 347,
        "metadata": {
          "category": "pim",
          "concession": true
        },
        "name": "Vispring",
        "type": "store"
      },
      "geometry": {
        "type": "Point",
        "coordinates": [-0.163964895, 51.499106366666666]
      }
    },
    {
      "type": "Feature",
      "id": 348,
      "properties": {
        "building_id": "harrods",
        "floor": 5,
        "id": 348,
        "metadata": {
          "category": "pim",
          "concession": true
        },
        "name": "Teac",
        "type": "store"
      },
      "geometry": {
        "type": "Point",
        "coordinates": [-0.16338165333333332, 51.499512807777776]
      }
    },
    {
      "type": "Feature",
      "id": 349,
      "properties": {
        "building_id": "harrods",
        "floor": -1,
        "id": 349,
        "metadata": {
          "category": "pim",
          "concession": true
        },
        "name": "Cocobaci",
        "type": "store"
      },
      "geometry": {
        "type": "Point",
        "coordinates": [-0.1641944876923077, 51.49915551205128]
      }
    },
    {
      "type": "Feature",
      "id": 350,
      "properties": {
        "building_id": "harrods",
        "floor": 0,
        "id": 350,
        "metadata": {
          "category": "pim"
        },
        "name": "David Morris",
        "type": "store"
      },
      "geometry": {
        "type": "Point",
        "coordinates": [-0.16347071, 51.4989117]
      }
    },
    {
      "type": "Feature",
      "id": 351,
      "properties": {
        "building_id": "harrods",
        "floor": 3,
        "id": 351,
        "metadata": {
          "category": "pim",
          "concession": true
        },
        "name": "Pratesi",
        "type": "store"
      },
      "geometry": {
        "type": "Point",
        "coordinates": [-0.16282545692307693, 51.49899169282051]
      }
    },
    {
      "type": "Feature",
      "id": 352,
      "properties": {
        "building_id": "harrods",
        "floor": 0,
        "id": 352,
        "metadata": {
          "category": "pim",
          "concession": true
        },
        "name": "Miu Miu",
        "type": "store"
      },
      "geometry": {
        "type": "Point",
        "coordinates": [-0.162549281, 51.499271938666666]
      }
    },
    {
      "type": "Feature",
      "id": 353,
      "properties": {
        "building_id": "harrods",
        "floor": 0,
        "id": 353,
        "metadata": {
          "category": "pim",
          "concession": true
        },
        "name": "Loro Piana",
        "type": "store"
      },
      "geometry": {
        "type": "Point",
        "coordinates": [-0.16353723894736844, 51.49936209736842]
      }
    },
    {
      "type": "Feature",
      "id": 354,
      "properties": {
        "building_id": "harrods",
        "floor": 0,
        "id": 354,
        "metadata": {
          "category": "pim"
        },
        "name": "Hourglass",
        "type": "store"
      },
      "geometry": {
        "type": "Point",
        "coordinates": [-0.16202873, 51.49914051]
      }
    },
    {
      "type": "Feature",
      "id": 355,
      "properties": {
        "building_id": "harrods",
        "floor": 3,
        "id": 355,
        "metadata": {
          "category": "pim",
          "concession": true
        },
        "name": "Fieldbar",
        "type": "store"
      },
      "geometry": {
        "type": "Point",
        "coordinates": [-0.16239125222222223, 51.498679914444445]
      }
    },
    {
      "type": "Feature",
      "id": 356,
      "properties": {
        "building_id": "harrods",
        "floor": -1,
        "id": 356,
        "metadata": {
          "category": "pim",
          "concession": true
        },
        "name": "Maxbone",
        "type": "store"
      },
      "geometry": {
        "type": "Point",
        "coordinates": [-0.16305864949999999, 51.49959715800001]
      }
    },
    {
      "type": "Feature",
      "id": 357,
      "properties": {
        "building_id": "harrods",
        "floor": 3,
        "id": 357,
        "metadata": {
          "category": "pim",
          "concession": true
        },
        "name": "Morris & Co",
        "type": "store"
      },
      "geometry": {
        "type": "Point",
        "coordinates": [-0.16344305781250001, 51.4989455309375]
      }
    },
    {
      "type": "Feature",
      "id": 358,
      "properties": {
        "building_id": "harrods",
        "floor": 0,
        "id": 358,
        "metadata": {
          "category": "pim"
        },
        "name": "Faberge",
        "type": "store"
      },
      "geometry": {
        "type": "Point",
        "coordinates": [-0.16347071, 51.4989117]
      }
    },
    {
      "type": "Feature",
      "id": 359,
      "properties": {
        "building_id": "harrods",
        "floor": 0,
        "id": 359,
        "metadata": {
          "category": "pim"
        },
        "name": "Rolex",
        "type": "store"
      },
      "geometry": {
        "type": "Point",
        "coordinates": [-0.16302244, 51.49869424]
      }
    },
    {
      "type": "Feature",
      "id": 360,
      "properties": {
        "building_id": "harrods",
        "floor": 0,
        "id": 360,
        "metadata": {
          "category": "pim",
          "concession": true
        },
        "name": "Prada",
        "type": "store"
      },
      "geometry": {
        "type": "Point",
        "coordinates": [-0.162549281, 51.499271938666666]
      }
    },
    {
      "type": "Feature",
      "id": 361,
      "properties": {
        "building_id": "harrods",
        "floor": 5,
        "id": 361,
        "metadata": {
          "category": "pim",
          "concession": true
        },
        "name": "Peak",
        "type": "store"
      },
      "geometry": {
        "type": "Point",
        "coordinates": [-0.1638970366666667, 51.499114160370375]
      }
    },
    {
      "type": "Feature",
      "id": 362,
      "properties": {
        "building_id": "harrods",
        "floor": 0,
        "id": 362,
        "metadata": {
          "category": "pim"
        },
        "name": "Le Labo",
        "type": "store"
      },
      "geometry": {
        "type": "Point",
        "coordinates": [-0.16202873, 51.49914051]
      }
    },
    {
      "type": "Feature",
      "id": 363,
      "properties": {
        "building_id": "harrods",
        "floor": 5,
        "id": 363,
        "metadata": {
          "category": "pim",
          "concession": true
        },
        "name": "Lg",
        "type": "store"
      },
      "geometry": {
        "type": "Point",
        "coordinates": [-0.16338165333333332, 51.499512807777776]
      }
    },
    {
      "type": "Feature",
      "id": 364,
      "properties": {
        "building_id": "harrods",
        "floor": -1,
        "id": 364,
        "metadata": {
          "category": "pim",
          "concession": true
        },
        "name": "Games",
        "type": "store"
      },
      "geometry": {
        "type": "Point",
        "coordinates": [-0.16305864949999999, 51.49959715800001]
      }
    },
    {
      "type": "Feature",
      "id": 365,
      "properties": {
        "building_id": "harrods",
        "floor": 2,
        "id": 365,
        "metadata": {
          "category": "pim",
          "concession": true
        },
        "name": "Vans",
        "type": "store"
      },
      "geometry": {
        "type": "Point",
        "coordinates": [-0.16290940874999998, 51.49929450625]
      }
    },
    {
      "type": "Feature",
      "id": 366,
      "properties": {
        "building_id": "harrods",
        "floor": 5,
        "id": 366,
        "metadata": {
          "category": "pim",
          "concession": true
        },
        "name": "Ifi",
        "type": "store"
      },
      "geometry": {
        "type": "Point",
        "coordinates": [-0.16338165333333332, 51.499512807777776]
      }
    },
    {
      "type": "Feature",
      "id": 367,
      "properties": {
        "building_id": "harrods",
        "floor": -1,
        "id": 367,
        "metadata": {
          "category": "pim",
          "concession": true
        },
        "name": "Vitalmel",
        "type": "store"
      },
      "geometry": {
        "type": "Point",
        "coordinates": [-0.1641944876923077, 51.49915551205128]
      }
    },
    {
      "type": "Feature",
      "id": 368,
      "properties": {
        "building_id": "harrods",
        "floor": 4,
        "id": 368,
        "metadata": {
          "category": "pim",
          "concession": true
        },
        "name": "Minions",
        "type": "store"
      },
      "geometry": {
        "type": "Point",
        "coordinates": [-0.16273238875, 51.49984731]
      }
    },
    {
      "type": "Feature",
      "id": 369,
      "properties": {
        "building_id": "harrods",
        "floor": 0,
        "id": 369,
        "metadata": {
          "category": "pim",
          "concession": true
        },
        "name": "Mulberry",
        "type": "store"
      },
      "geometry": {
        "type": "Point",
        "coordinates": [-0.16353723894736844, 51.49936209736842]
      }
    },
    {
      "type": "Feature",
      "id": 370,
      "properties": {
        "building_id": "harrods",
        "floor": 2,
        "id": 370,
        "metadata": {
          "category": "pim",
          "concession": true
        },
        "name": "New Era",
        "type": "store"
      },
      "geometry": {
        "type": "Point",
        "coordinates": [-0.16290940874999998, 51.49929450625]
      }
    },
    {
      "type": "Feature",
      "id": 371,
      "properties": {
        "building_id": "harrods",
        "floor": -1,
        "id": 371,
        "metadata": {
          "category": "pim",
          "concession": true
        },
        "name": "Solgar",
        "type": "store"
      },
      "geometry": {
        "type": "Point",
        "coordinates": [-0.1641944876923077, 51.49915551205128]
      }
    },
    {
      "type": "Feature",
      "id": 372,
      "properties": {
        "building_id": "harrods",
        "floor": 0,
        "id": 372,
        "metadata": {
          "category": "pim",
          "concession": true
        },
        "name": "Harrods Tea & Coffee",
        "type": "store"
      },
      "geometry": {
        "type": "Point",
        "coordinates": [-0.16302708941176472, 51.49929956352941]
      }
    },
    {
      "type": "Feature",
      "id": 373,
      "properties": {
        "building_id": "harrods",
        "floor": 3,
        "id": 373,
        "metadata": {
          "category": "pim",
          "concession": true
        },
        "name": "Samuel Groves",
        "type": "store"
      },
      "geometry": {
        "type": "Point",
        "coordinates": [-0.16239125222222223, 51.498679914444445]
      }
    },
    {
      "type": "Feature",
      "id": 374,
      "properties": {
        "building_id": "harrods",
        "floor": 4,
        "id": 374,
        "metadata": {
          "category": "pim",
          "concession": true
        },
        "name": "Disney Cars",
        "type": "store"
      },
      "geometry": {
        "type": "Point",
        "coordinates": [-0.16273238875, 51.49984731]
      }
    },
    {
      "type": "Feature",
      "id": 375,
      "properties": {
        "building_id": "harrods",
        "floor": 3,
        "id": 375,
        "metadata": {
          "category": "pim",
          "concession": true
        },
        "name": "Chicago Metallic",
        "type": "store"
      },
      "geometry": {
        "type": "Point",
        "coordinates": [-0.16239125222222223, 51.498679914444445]
      }
    },
    {
      "type": "Feature",
      "id": 376,
      "properties": {
        "building_id": "harrods",
        "floor": 0,
        "id": 376,
        "metadata": {
          "category": "pim"
        },
        "name": "Ysl",
        "type": "store"
      },
      "geometry": {
        "type": "Point",
        "coordinates": [-0.16202873, 51.49914051]
      }
    },
    {
      "type": "Feature",
      "id": 377,
      "properties": {
        "building_id": "harrods",
        "floor": 3,
        "id": 377,
        "metadata": {
          "category": "pim",
          "concession": true
        },
        "name": "Decor Walther",
        "type": "store"
      },
      "geometry": {
        "type": "Point",
        "coordinates": [-0.16344305781250001, 51.4989455309375]
      }
    },
    {
      "type": "Feature",
      "id": 378,
      "properties": {
        "building_id": "harrods",
        "floor": -1,
        "id": 378,
        "metadata": {
          "category": "pim",
          "concession": true
        },
        "name": "Natura Siberica",
        "type": "store"
      },
      "geometry": {
        "type": "Point",
        "coordinates": [-0.1641944876923077, 51.49915551205128]
      }
    },
    {
      "type": "Feature",
      "id": 379,
      "properties": {
        "building_id": "harrods",
        "floor": 3,
        "id": 379,
        "metadata": {
          "category": "pim",
          "concession": true
        },
        "name": "Emile Henry",
        "type": "store"
      },
      "geometry": {
        "type": "Point",
        "coordinates": [-0.16239125222222223, 51.498679914444445]
      }
    },
    {
      "type": "Feature",
      "id": 380,
      "properties": {
        "building_id": "harrods",
        "floor": 3,
        "id": 380,
        "metadata": {
          "category": "pim",
          "concession": true
        },
        "name": "Yves Delorme",
        "type": "store"
      },
      "geometry": {
        "type": "Point",
        "coordinates": [-0.16344305781250001, 51.4989455309375]
      }
    },
    {
      "type": "Feature",
      "id": 381,
      "properties": {
        "building_id": "harrods",
        "floor": 3,
        "id": 381,
        "metadata": {
          "category": "pim",
          "concession": true
        },
        "name": "Yves Delorme Couture",
        "type": "store"
      },
      "geometry": {
        "type": "Point",
        "coordinates": [-0.16282545692307693, 51.49899169282051]
      }
    },
    {
      "type": "Feature",
      "id": 382,
      "properties": {
        "building_id": "harrods",
        "floor": 3,
        "id": 382,
        "metadata": {
          "category": "pim",
          "concession": true
        },
        "name": "Beggxco",
        "type": "store"
      },
      "geometry": {
        "type": "Point",
        "coordinates": [-0.16282545692307693, 51.49899169282051]
      }
    },
    {
      "type": "Feature",
      "id": 383,
      "properties": {
        "building_id": "harrods",
        "floor": 3,
        "id": 383,
        "metadata": {
          "category": "pim",
          "concession": true
        },
        "name": "Peter Reed",
        "type": "store"
      },
      "geometry": {
        "type": "Point",
        "coordinates": [-0.16282545692307693, 51.49899169282051]
      }
    },
    {
      "type": "Feature",
      "id": 384,
      "properties": {
        "building_id": "harrods",
        "floor": 3,
        "id": 384,
        "metadata": {
          "category": "pim",
          "concession": true
        },
        "name": "Reflections",
        "type": "store"
      },
      "geometry": {
        "type": "Point",
        "coordinates": [-0.16344305781250001, 51.4989455309375]
      }
    },
    {
      "type": "Feature",
      "id": 385,
      "properties": {
        "building_id": "harrods",
        "floor": 0,
        "id": 385,
        "metadata": {
          "category": "pim"
        },
        "name": "Fruit & Vegetables",
        "type": "store"
      },
      "geometry": {
        "type": "Point",
        "coordinates": [-0.16274045, 51.49906246]
      }
    },
    {
      "type": "Feature",
      "id": 386,
      "properties": {
        "building_id": "harrods",
        "floor": -1,
        "id": 386,
        "metadata": {
          "category": "pim",
          "concession": true
        },
        "name": "Faber-Castell",
        "type": "store"
      },
      "geometry": {
        "type": "Point",
        "coordinates": [-0.16305864949999999, 51.49959715800001]
      }
    },
    {
      "type": "Feature",
      "id": 387,
      "properties": {
        "building_id": "harrods",
        "floor": -1,
        "id": 387,
        "metadata": {
          "category": "pim",
          "concession": true
        },
        "name": "Ware Of The Dog",
        "type": "store"
      },
      "geometry": {
        "type": "Point",
        "coordinates": [-0.16305864949999999, 51.49959715800001]
      }
    },
    {
      "type": "Feature",
      "id": 388,
      "properties": {
        "building_id": "harrods",
        "floor": 0,
        "id": 388,
        "metadata": {
          "category": "pim"
        },
        "name": "Em Sherif",
        "type": "store"
      },
      "geometry": {
        "type": "Point",
        "coordinates": [-0.16274045, 51.49906246]
      }
    },
    {
      "type": "Feature",
      "id": 389,
      "properties": {
        "building_id": "harrods",
        "floor": 1,
        "id": 389,
        "metadata": {
          "category": "pim"
        },
        "name": "Louis Vuitton",
        "type": "store"
      },
      "geometry": {
        "type": "Point",
        "coordinates": [-0.16215185666666668, 51.499353821666666]
      }
    },
    {
      "type": "Feature",
      "id": 390,
      "properties": {
        "building_id": "harrods",
        "floor": 0,
        "id": 390,
        "metadata": {
          "category": "pim"
        },
        "name": "Jo Malone London",
        "type": "store"
      },
      "geometry": {
        "type": "Point",
        "coordinates": [-0.16251739, 51.4986944]
      }
    },
    {
      "type": "Feature",
      "id": 391,
      "properties": {
        "building_id": "harrods",
        "floor": 5,
        "id": 391,
        "metadata": {
          "category": "pim",
          "concession": true
        },
        "name": "Ducati",
        "type": "store"
      },
      "geometry": {
        "type": "Point",
        "coordinates": [-0.16352568, 51.49944144714285]
      }
    },
    {
      "type": "Feature",
      "id": 392,
      "properties": {
        "building_id": "harrods",
        "floor": -1,
        "id": 392,
        "metadata": {
          "category": "pim",
          "concession": true
        },
        "name": "Metaburn",
        "type": "store"
      },
      "geometry": {
        "type": "Point",
        "coordinates": [-0.1641944876923077, 51.49915551205128]
      }
    },
    {
      "type": "Feature",
      "id": 393,
      "properties": {
        "building_id": "harrods",
        "floor": 0,
        "id": 393,
        "metadata": {
          "category": "pim"
        },
        "name": "Rotisserie",
        "type": "store"
      },
      "geometry": {
        "type": "Point",
        "coordinates": [-0.16274045, 51.49906246]
      }
    },
    {
      "type": "Feature",
      "id": 394,
      "properties": {
        "building_id": "harrods",
        "floor": 5,
        "id": 394,
        "metadata": {
          "category": "pim",
          "concession": true
        },
        "name": "Dji",
        "type": "store"
      },
      "geometry": {
        "type": "Point",
        "coordinates": [-0.1638970366666667, 51.499114160370375]
      }
    },
    {
      "type": "Feature",
      "id": 395,
      "properties": {
        "building_id": "harrods",
        "floor": 0,
        "id": 395,
        "metadata": {
          "category": "pim"
        },
        "name": "Charlotte Tilbury",
        "type": "store"
      },
      "geometry": {
        "type": "Point",
        "coordinates": [-0.16202873, 51.49914051]
      }
    },
    {
      "type": "Feature",
      "id": 396,
      "properties": {
        "building_id": "harrods",
        "floor": 3,
        "id": 396,
        "metadata": {
          "category": "pim",
          "concession": true
        },
        "name": "Clothes Doctor",
        "type": "store"
      },
      "geometry": {
        "type": "Point",
        "coordinates": [-0.16239125222222223, 51.498679914444445]
      }
    },
    {
      "type": "Feature",
      "id": 397,
      "properties": {
        "building_id": "harrods",
        "floor": 3,
        "id": 397,
        "metadata": {
          "category": "pim",
          "concession": true
        },
        "name": "Staub",
        "type": "store"
      },
      "geometry": {
        "type": "Point",
        "coordinates": [-0.16239125222222223, 51.498679914444445]
      }
    },
    {
      "type": "Feature",
      "id": 398,
      "properties": {
        "building_id": "harrods",
        "floor": 3,
        "id": 398,
        "metadata": {
          "category": "pim",
          "concession": true
        },
        "name": "Puiforcat",
        "type": "store"
      },
      "geometry": {
        "type": "Point",
        "coordinates": [-0.162368830625, 51.499241381875]
      }
    },
    {
      "type": "Feature",
      "id": 399,
      "properties": {
        "building_id": "harrods",
        "floor": -1,
        "id": 399,
        "metadata": {
          "category": "pim",
          "concession": true
        },
        "name": "Hector Saxe",
        "type": "store"
      },
      "geometry": {
        "type": "Point",
        "coordinates": [-0.16305864949999999, 51.49959715800001]
      }
    },
    {
      "type": "Feature",
      "id": 400,
      "properties": {
        "building_id": "harrods",
        "floor": -1,
        "id": 400,
        "metadata": {
          "category": "pim",
          "concession": true
        },
        "name": "Alessi",
        "type": "store"
      },
      "geometry": {
        "type": "Point",
        "coordinates": [-0.16305864949999999, 51.49959715800001]
      }
    },
    {
      "type": "Feature",
      "id": 401,
      "properties": {
        "building_id": "harrods",
        "floor": 3,
        "id": 401,
        "metadata": {
          "category": "pim",
          "concession": true
        },
        "name": "Hastens",
        "type": "store"
      },
      "geometry": {
        "type": "Point",
        "coordinates": [-0.163964895, 51.499106366666666]
      }
    },
    {
      "type": "Feature",
      "id": 402,
      "properties": {
        "building_id": "harrods",
        "floor": 0,
        "id": 402,
        "metadata": {
          "category": "pim",
          "concession": true
        },
        "name": "Burberry",
        "type": "store"
      },
      "geometry": {
        "type": "Point",
        "coordinates": [-0.162549281, 51.499271938666666]
      }
    },
    {
      "type": "Feature",
      "id": 403,
      "properties": {
        "building_id": "harrods",
        "floor": 3,
        "id": 403,
        "metadata": {
          "category": "pim",
          "concession": true
        },
        "name": "Baccarat",
        "type": "store"
      },
      "geometry": {
        "type": "Point",
        "coordinates": [-0.162368830625, 51.499241381875]
      }
    },
    {
      "type": "Feature",
      "id": 404,
      "properties": {
        "building_id": "harrods",
        "floor": 3,
        "id": 404,
        "metadata": {
          "category": "pim"
        },
        "name": "Ilapothecary",
        "type": "store"
      },
      "geometry": {
        "type": "Point",
        "coordinates": [-0.16351335741935483, 51.498996870645165]
      }
    },
    {
      "type": "Feature",
      "id": 405,
      "properties": {
        "building_id": "harrods",
        "floor": 3,
        "id": 405,
        "metadata": {
          "category": "pim",
          "concession": true
        },
        "name": "Fissler",
        "type": "store"
      },
      "geometry": {
        "type": "Point",
        "coordinates": [-0.16239125222222223, 51.498679914444445]
      }
    },
    {
      "type": "Feature",
      "id": 406,
      "properties": {
        "building_id": "harrods",
        "floor": 0,
        "id": 406,
        "metadata": {
          "category": "pim"
        },
        "name": "Messika",
        "type": "store"
      },
      "geometry": {
        "type": "Point",
        "coordinates": [-0.16347071, 51.4989117]
      }
    },
    {
      "type": "Feature",
      "id": 407,
      "properties": {
        "building_id": "harrods",
        "floor": 0,
        "id": 407,
        "metadata": {
          "category": "pim"
        },
        "name": "Cartier",
        "type": "store"
      },
      "geometry": {
        "type": "Point",
        "coordinates": [-0.16347071, 51.4989117]
      }
    },
    {
      "type": "Feature",
      "id": 408,
      "properties": {
        "building_id": "harrods",
        "floor": 3,
        "id": 408,
        "metadata": {
          "category": "pim",
          "concession": true
        },
        "name": "Haremlique",
        "type": "store"
      },
      "geometry": {
        "type": "Point",
        "coordinates": [-0.16344305781250001, 51.4989455309375]
      }
    },
    {
      "type": "Feature",
      "id": 409,
      "properties": {
        "building_id": "harrods",
        "floor": 2,
        "id": 409,
        "metadata": {
          "category": "pim",
          "concession": true
        },
        "name": "Reebok",
        "type": "store"
      },
      "geometry": {
        "type": "Point",
        "coordinates": [-0.16290940874999998, 51.49929450625]
      }
    },
    {
      "type": "Feature",
      "id": 410,
      "properties": {
        "building_id": "harrods",
        "floor": 5,
        "id": 410,
        "metadata": {
          "category": "pim",
          "concession": true
        },
        "name": "Loewe",
        "type": "store"
      },
      "geometry": {
        "type": "Point",
        "coordinates": [-0.16338165333333332, 51.499512807777776]
      }
    },
    {
      "type": "Feature",
      "id": 411,
      "properties": {
        "building_id": "harrods",
        "floor": 2,
        "id": 411,
        "metadata": {
          "category": "pim",
          "concession": true
        },
        "name": "Crocs",
        "type": "store"
      },
      "geometry": {
        "type": "Point",
        "coordinates": [-0.16290940874999998, 51.49929450625]
      }
    },
    {
      "type": "Feature",
      "id": 412,
      "properties": {
        "building_id": "harrods",
        "floor": 3,
        "id": 412,
        "metadata": {
          "category": "pim",
          "concession": true
        },
        "name": "Dior",
        "type": "store"
      },
      "geometry": {
        "type": "Point",
        "coordinates": [-0.162368830625, 51.499241381875]
      }
    },
    {
      "type": "Feature",
      "id": 413,
      "properties": {
        "building_id": "harrods",
        "floor": 5,
        "id": 413,
        "metadata": {
          "category": "pim",
          "concession": true
        },
        "name": "Cyrus",
        "type": "store"
      },
      "geometry": {
        "type": "Point",
        "coordinates": [-0.16338165333333332, 51.499512807777776]
      }
    },
    {
      "type": "Feature",
      "id": 414,
      "properties": {
        "building_id": "harrods",
        "floor": 0,
        "id": 414,
        "metadata": {
          "category": "pim"
        },
        "name": "Byredo",
        "type": "store"
      },
      "geometry": {
        "type": "Point",
        "coordinates": [-0.16202873, 51.49914051]
      }
    },
    {
      "type": "Feature",
      "id": 415,
      "properties": {
        "building_id": "harrods",
        "floor": 0,
        "id": 415,
        "metadata": {
          "category": "pim"
        },
        "name": "L'Artisan Parfumeur",
        "type": "store"
      },
      "geometry": {
        "type": "Point",
        "coordinates": [-0.16202873, 51.49914051]
      }
    },
    {
      "type": "Feature",
      "id": 416,
      "properties": {
        "building_id": "harrods",
        "floor": 3,
        "id": 416,
        "metadata": {
          "category": "pim",
          "concession": true
        },
        "name": "Greggio",
        "type": "store"
      },
      "geometry": {
        "type": "Point",
        "coordinates": [-0.162368830625, 51.499241381875]
      }
    },
    {
      "type": "Feature",
      "id": 417,
      "properties": {
        "building_id": "harrods",
        "floor": 0,
        "id": 417,
        "metadata": {
          "category": "pim",
          "concession": true
        },
        "name": "Harrods",
        "type": "store"
      },
      "geometry": {
        "type": "Point",
        "coordinates": [-0.16302708941176472, 51.49929956352941]
      }
    },
    {
      "type": "Feature",
      "id": 418,
      "properties": {
        "building_id": "harrods",
        "floor": 0,
        "id": 418,
        "metadata": {
          "category": "pim",
          "concession": true
        },
        "name": "Cartier",
        "type": "store"
      },
      "geometry": {
        "type": "Point",
        "coordinates": [-0.162549281, 51.499271938666666]
      }
    },
    {
      "type": "Feature",
      "id": 419,
      "properties": {
        "building_id": "harrods",
        "floor": -1,
        "id": 419,
        "metadata": {
          "category": "pim",
          "concession": true
        },
        "name": "Harrods Jewellery",
        "type": "store"
      },
      "geometry": {
        "type": "Point",
        "coordinates": [-0.16233340764705884, 51.49928196941177]
      }
    },
    {
      "type": "Feature",
      "id": 420,
      "properties": {
        "building_id": "harrods",
        "floor": 3,
        "id": 420,
        "metadata": {
          "category": "pim",
          "concession": true
        },
        "name": "Amalia",
        "type": "store"
      },
      "geometry": {
        "type": "Point",
        "coordinates": [-0.16344305781250001, 51.4989455309375]
      }
    },
    {
      "type": "Feature",
      "id": 421,
      "properties": {
        "building_id": "harrods",
        "floor": 0,
        "id": 421,
        "metadata": {
          "category": "pim"
        },
        "name": "Tom Ford",
        "type": "store"
      },
      "geometry": {
        "type": "Point",
        "coordinates": [-0.16202873, 51.49914051]
      }
    },
    {
      "type": "Feature",
      "id": 422,
      "properties": {
        "building_id": "harrods",
        "floor": 1,
        "id": 422,
        "metadata": {
          "category": "pim"
        },
        "name": "Burberry",
        "type": "store"
      },
      "geometry": {
        "type": "Point",
        "coordinates": [-0.16257324666666667, 51.498599175555555]
      }
    },
    {
      "type": "Feature",
      "id": 423,
      "properties": {
        "building_id": "harrods",
        "floor": 0,
        "id": 423,
        "metadata": {
          "category": "pim"
        },
        "name": "Guerlain",
        "type": "store"
      },
      "geometry": {
        "type": "Point",
        "coordinates": [-0.16202873, 51.49914051]
      }
    },
    {
      "type": "Feature",
      "id": 424,
      "properties": {
        "building_id": "harrods",
        "floor": 5,
        "id": 424,
        "metadata": {
          "category": "pim",
          "concession": true
        },
        "name": "Warwick Acoustics",
        "type": "store"
      },
      "geometry": {
        "type": "Point",
        "coordinates": [-0.16338165333333332, 51.499512807777776]
      }
    },
    {
      "type": "Feature",
      "id": 425,
      "properties": {
        "building_id": "harrods",
        "floor": 0,
        "id": 425,
        "metadata": {
          "category": "pim",
          "concession": true
        },
        "name": "Neuhaus",
        "type": "store"
      },
      "geometry": {
        "type": "Point",
        "coordinates": [-0.16302708941176472, 51.49929956352941]
      }
    },
    {
      "type": "Feature",
      "id": 426,
      "properties": {
        "building_id": "harrods",
        "floor": 3,
        "id": 426,
        "metadata": {
          "category": "pim"
        },
        "name": "Halcyon Gallery",
        "type": "store"
      },
      "geometry": {
        "type": "Point",
        "coordinates": [-0.16303304043478262, 51.499329341304346]
      }
    },
    {
      "type": "Feature",
      "id": 427,
      "properties": {
        "building_id": "harrods",
        "floor": -1,
        "id": 427,
        "metadata": {
          "category": "pim",
          "concession": true
        },
        "name": "Puressentiel",
        "type": "store"
      },
      "geometry": {
        "type": "Point",
        "coordinates": [-0.1641944876923077, 51.49915551205128]
      }
    },
    {
      "type": "Feature",
      "id": 428,
      "properties": {
        "building_id": "harrods",
        "floor": 0,
        "id": 428,
        "metadata": {
          "category": "pim"
        },
        "name": "Giorgio Armani",
        "type": "store"
      },
      "geometry": {
        "type": "Point",
        "coordinates": [-0.16202873, 51.49914051]
      }
    },
    {
      "type": "Feature",
      "id": 429,
      "properties": {
        "building_id": "harrods",
        "floor": -1,
        "id": 429,
        "metadata": {
          "category": "pim",
          "concession": true
        },
        "name": "Caudalie",
        "type": "store"
      },
      "geometry": {
        "type": "Point",
        "coordinates": [-0.1641944876923077, 51.49915551205128]
      }
    },
    {
      "type": "Feature",
      "id": 430,
      "properties": {
        "building_id": "harrods",
        "floor": 5,
        "id": 430,
        "metadata": {
          "category": "pim",
          "concession": true
        },
        "name": "Marshall",
        "type": "store"
      },
      "geometry": {
        "type": "Point",
        "coordinates": [-0.16338165333333332, 51.499512807777776]
      }
    },
    {
      "type": "Feature",
      "id": 431,
      "properties": {
        "building_id": "harrods",
        "floor": 0,
        "id": 431,
        "metadata": {
          "category": "pim"
        },
        "name": "Vacheron Constantin",
        "type": "store"
      },
      "geometry": {
        "type": "Point",
        "coordinates": [-0.16302244, 51.49869424]
      }
    },
    {
      "type": "Feature",
      "id": 432,
      "properties": {
        "building_id": "harrods",
        "floor": 0,
        "id": 432,
        "metadata": {
          "category": "pim"
        },
        "name": "Kama By Vineet",
        "type": "store"
      },
      "geometry": {
        "type": "Point",
        "coordinates": [-0.16274045, 51.49906246]
      }
    },
    {
      "type": "Feature",
      "id": 433,
      "properties": {
        "building_id": "harrods",
        "floor": 3,
        "id": 433,
        "metadata": {
          "category": "pim",
          "concession": true
        },
        "name": "Aarke",
        "type": "store"
      },
      "geometry": {
        "type": "Point",
        "coordinates": [-0.16239125222222223, 51.498679914444445]
      }
    },
    {
      "type": "Feature",
      "id": 434,
      "properties": {
        "building_id": "harrods",
        "floor": 0,
        "id": 434,
        "metadata": {
          "category": "pim"
        },
        "name": "Chanel",
        "type": "store"
      },
      "geometry": {
        "type": "Point",
        "coordinates": [-0.16347071, 51.4989117]
      }
    },
    {
      "type": "Feature",
      "id": 435,
      "properties": {
        "building_id": "harrods",
        "floor": 5,
        "id": 435,
        "metadata": {
          "category": "pim",
          "concession": true
        },
        "name": "Noble",
        "type": "store"
      },
      "geometry": {
        "type": "Point",
        "coordinates": [-0.16338165333333332, 51.499512807777776]
      }
    },
    {
      "type": "Feature",
      "id": 436,
      "properties": {
        "building_id": "harrods",
        "floor": -1,
        "id": 436,
        "metadata": {
          "category": "pim",
          "concession": true
        },
        "name": "L'Floof",
        "type": "store"
      },
      "geometry": {
        "type": "Point",
        "coordinates": [-0.16305864949999999, 51.49959715800001]
      }
    },
    {
      "type": "Feature",
      "id": 437,
      "properties": {
        "building_id": "harrods",
        "floor": 0,
        "id": 437,
        "metadata": {
          "category": "pim"
        },
        "name": "Lancome",
        "type": "store"
      },
      "geometry": {
        "type": "Point",
        "coordinates": [-0.16202873, 51.49914051]
      }
    },
    {
      "type": "Feature",
      "id": 438,
      "properties": {
        "building_id": "harrods",
        "floor": 5,
        "id": 438,
        "metadata": {
          "category": "pim",
          "concession": true
        },
        "name": "Pioneer",
        "type": "store"
      },
      "geometry": {
        "type": "Point",
        "coordinates": [-0.16338165333333332, 51.499512807777776]
      }
    },
    {
      "type": "Feature",
      "id": 439,
      "properties": {
        "building_id": "harrods",
        "floor": 3,
        "id": 439,
        "metadata": {
          "category": "pim",
          "concession": true
        },
        "name": "Ormonde Jayne",
        "type": "store"
      },
      "geometry": {
        "type": "Point",
        "coordinates": [-0.1626415352173913, 51.49950476217391]
      }
    },
    {
      "type": "Feature",
      "id": 440,
      "properties": {
        "building_id": "harrods",
        "floor": 5,
        "id": 440,
        "metadata": {
          "category": "pim",
          "concession": true
        },
        "name": "Manfrotto",
        "type": "store"
      },
      "geometry": {
        "type": "Point",
        "coordinates": [-0.1638970366666667, 51.499114160370375]
      }
    },
    {
      "type": "Feature",
      "id": 441,
      "properties": {
        "building_id": "harrods",
        "floor": 0,
        "id": 441,
        "metadata": {
          "category": "pim"
        },
        "name": "Veronique Gabai",
        "type": "store"
      },
      "geometry": {
        "type": "Point",
        "coordinates": [-0.16202873, 51.49914051]
      }
    },
    {
      "type": "Feature",
      "id": 442,
      "properties": {
        "building_id": "harrods",
        "floor": 0,
        "id": 442,
        "metadata": {
          "category": "pim",
          "concession": true
        },
        "name": "Jimmy Choo",
        "type": "store"
      },
      "geometry": {
        "type": "Point",
        "coordinates": [-0.162549281, 51.499271938666666]
      }
    },
    {
      "type": "Feature",
      "id": 443,
      "properties": {
        "building_id": "harrods",
        "floor": 5,
        "id": 443,
        "metadata": {
          "category": "pim",
          "concession": true
        },
        "name": "Edifier",
        "type": "store"
      },
      "geometry": {
        "type": "Point",
        "coordinates": [-0.16338165333333332, 51.499512807777776]
      }
    },
    {
      "type": "Feature",
      "id": 444,
      "properties": {
        "building_id": "harrods",
        "floor": 3,
        "id": 444,
        "metadata": {
          "category": "pim",
          "concession": true
        },
        "name": "Culti",
        "type": "store"
      },
      "geometry": {
        "type": "Point",
        "coordinates": [-0.1626415352173913, 51.49950476217391]
      }
    },
    {
      "type": "Feature",
      "id": 445,
      "properties": {
        "building_id": "harrods",
        "floor": 0,
        "id": 445,
        "metadata": {
          "category": "pim"
        },
        "name": "Gucci",
        "type": "store"
      },
      "geometry": {
        "type": "Point",
        "coordinates": [-0.16202873, 51.49914051]
      }
    },
    {
      "type": "Feature",
      "id": 446,
      "properties": {
        "building_id": "harrods",
        "floor": 5,
        "id": 446,
        "metadata": {
          "category": "pim",
          "concession": true
        },
        "name": "Optara",
        "type": "store"
      },
      "geometry": {
        "type": "Point",
        "coordinates": [-0.16352568, 51.49944144714285]
      }
    },
    {
      "type": "Feature",
      "id": 447,
      "properties": {
        "building_id": "harrods",
        "floor": 2,
        "id": 447,
        "metadata": {
          "category": "pim",
          "concession": true
        },
        "name": "Carhartt",
        "type": "store"
      },
      "geometry": {
        "type": "Point",
        "coordinates": [-0.16290940874999998, 51.49929450625]
      }
    },
    {
      "type": "Feature",
      "id": 448,
      "properties": {
        "building_id": "harrods",
        "floor": 3,
        "id": 448,
        "metadata": {
          "category": "pim",
          "concession": true
        },
        "name": "Saved New York",
        "type": "store"
      },
      "geometry": {
        "type": "Point",
        "coordinates": [-0.16282545692307693, 51.49899169282051]
      }
    },
    {
      "type": "Feature",
      "id": 449,
      "properties": {
        "building_id": "harrods",
        "floor": -1,
        "id": 449,
        "metadata": {
          "category": "pim",
          "concession": true
        },
        "name": "Rapport",
        "type": "store"
      },
      "geometry": {
        "type": "Point",
        "coordinates": [-0.16305864949999999, 51.49959715800001]
      }
    },
    {
      "type": "Feature",
      "id": 450,
      "properties": {
        "building_id": "harrods",
        "floor": 5,
        "id": 450,
        "metadata": {
          "category": "pim"
        },
        "name": "Louis Vuitton",
        "type": "store"
      },
      "geometry": {
        "type": "Point",
        "coordinates": [-0.1626437057142857, 51.499164044761905]
      }
    },
    {
      "type": "Feature",
      "id": 451,
      "properties": {
        "building_id": "harrods",
        "floor": 5,
        "id": 451,
        "metadata": {
          "category": "pim",
          "concession": true
        },
        "name": "Grado",
        "type": "store"
      },
      "geometry": {
        "type": "Point",
        "coordinates": [-0.16338165333333332, 51.499512807777776]
      }
    },
    {
      "type": "Feature",
      "id": 452,
      "properties": {
        "building_id": "harrods",
        "floor": 0,
        "id": 452,
        "metadata": {
          "category": "pim"
        },
        "name": "Aesop",
        "type": "store"
      },
      "geometry": {
        "type": "Point",
        "coordinates": [-0.16202873, 51.49914051]
      }
    },
    {
      "type": "Feature",
      "id": 453,
      "properties": {
        "building_id": "harrods",
        "floor": 3,
        "id": 453,
        "metadata": {
          "category": "pim",
          "concession": true
        },
        "name": "Alexandre Turpault",
        "type": "store"
      },
      "geometry": {
        "type": "Point",
        "coordinates": [-0.16344305781250001, 51.4989455309375]
      }
    },
    {
      "type": "Feature",
      "id": 454,
      "properties": {
        "building_id": "harrods",
        "floor": -1,
        "id": 454,
        "metadata": {
          "category": "pim",
          "concession": true
        },
        "name": "Chris James",
        "type": "store"
      },
      "geometry": {
        "type": "Point",
        "coordinates": [-0.1641944876923077, 51.49915551205128]
      }
    },
    {
      "type": "Feature",
      "id": 455,
      "properties": {
        "building_id": "harrods",
        "floor": 3,
        "id": 455,
        "metadata": {
          "category": "pim",
          "concession": true
        },
        "name": "Trudon",
        "type": "store"
      },
      "geometry": {
        "type": "Point",
        "coordinates": [-0.1626415352173913, 51.49950476217391]
      }
    },
    {
      "type": "Feature",
      "id": 456,
      "properties": {
        "building_id": "harrods",
        "floor": 0,
        "id": 456,
        "metadata": {
          "category": "pim"
        },
        "name": "Rodial",
        "type": "store"
      },
      "geometry": {
        "type": "Point",
        "coordinates": [-0.16202873, 51.49914051]
      }
    },
    {
      "type": "Feature",
      "id": 457,
      "properties": {
        "building_id": "harrods",
        "floor": 0,
        "id": 457,
        "metadata": {
          "category": "pim",
          "concession": true
        },
        "name": "Celine",
        "type": "store"
      },
      "geometry": {
        "type": "Point",
        "coordinates": [-0.162549281, 51.499271938666666]
      }
    },
    {
      "type": "Feature",
      "id": 458,
      "properties": {
        "building_id": "harrods",
        "floor": 3,
        "id": 458,
        "metadata": {
          "category": "pim",
          "concession": true
        },
        "name": "Villari",
        "type": "store"
      },
      "geometry": {
        "type": "Point",
        "coordinates": [-0.162368830625, 51.499241381875]
      }
    },
    {
      "type": "Feature",
      "id": 459,
      "properties": {
        "building_id": "harrods",
        "floor": 0,
        "id": 459,
        "metadata": {
          "category": "pim",
          "concession": true
        },
        "name": "Saint Laurent",
        "type": "store"
      },
      "geometry": {
        "type": "Point",
        "coordinates": [-0.162549281, 51.499271938666666]
      }
    },
    {
      "type": "Feature",
      "id": 460,
      "properties": {
        "building_id": "harrods",
        "floor": 0,
        "id": 460,
        "metadata": {
          "category": "pim",
          "concession": true
        },
        "name": "Godiva",
        "type": "store"
      },
      "geometry": {
        "type": "Point",
        "coordinates": [-0.16302708941176472, 51.49929956352941]
      }
    },
    {
      "type": "Feature",
      "id": 461,
      "properties": {
        "building_id": "harrods",
        "floor": -1,
        "id": 461,
        "metadata": {
          "category": "pim",
          "concession": true
        },
        "name": "Barbour",
        "type": "store"
      },
      "geometry": {
        "type": "Point",
        "coordinates": [-0.16305864949999999, 51.49959715800001]
      }
    },
    {
      "type": "Feature",
      "id": 462,
      "properties": {
        "building_id": "harrods",
        "floor": 5,
        "id": 462,
        "metadata": {
          "category": "pim",
          "concession": true
        },
        "name": "Airpulse",
        "type": "store"
      },
      "geometry": {
        "type": "Point",
        "coordinates": [-0.16338165333333332, 51.499512807777776]
      }
    },
    {
      "type": "Feature",
      "id": 463,
      "properties": {
        "building_id": "harrods",
        "floor": 3,
        "id": 463,
        "metadata": {
          "category": "pim",
          "concession": true
        },
        "name": "Le Creuset",
        "type": "store"
      },
      "geometry": {
        "type": "Point",
        "coordinates": [-0.16239125222222223, 51.498679914444445]
      }
    },
    {
      "type": "Feature",
      "id": 464,
      "properties": {
        "building_id": "harrods",
        "floor": 3,
        "id": 464,
        "metadata": {
          "category": "pim",
          "concession": true
        },
        "name": "Laurastar",
        "type": "store"
      },
      "geometry": {
        "type": "Point",
        "coordinates": [-0.16239125222222223, 51.498679914444445]
      }
    },
    {
      "type": "Feature",
      "id": 465,
      "properties": {
        "building_id": "harrods",
        "floor": 3,
        "id": 465,
        "metadata": {
          "category": "pim",
          "concession": true
        },
        "name": "Ember",
        "type": "store"
      },
      "geometry": {
        "type": "Point",
        "coordinates": [-0.16239125222222223, 51.498679914444445]
      }
    },
    {
      "type": "Feature",
      "id": 466,
      "properties": {
        "building_id": "harrods",
        "floor": 0,
        "id": 466,
        "metadata": {
          "category": "pim",
          "concession": true
        },
        "name": "Balmain",
        "type": "store"
      },
      "geometry": {
        "type": "Point",
        "coordinates": [-0.162549281, 51.499271938666666]
      }
    },
    {
      "type": "Feature",
      "id": 467,
      "properties": {
        "building_id": "harrods",
        "floor": 3,
        "id": 467,
        "metadata": {
          "category": "pim",
          "concession": true
        },
        "name": "Hestan",
        "type": "store"
      },
      "geometry": {
        "type": "Point",
        "coordinates": [-0.16239125222222223, 51.498679914444445]
      }
    },
    {
      "type": "Feature",
      "id": 468,
      "properties": {
        "building_id": "harrods",
        "floor": 3,
        "id": 468,
        "metadata": {
          "category": "pim",
          "concession": true
        },
        "name": "Blueair",
        "type": "store"
      },
      "geometry": {
        "type": "Point",
        "coordinates": [-0.16239125222222223, 51.498679914444445]
      }
    },
    {
      "type": "Feature",
      "id": 469,
      "properties": {
        "building_id": "harrods",
        "floor": -1,
        "id": 469,
        "metadata": {
          "category": "pim",
          "concession": true
        },
        "name": "Montblanc",
        "type": "store"
      },
      "geometry": {
        "type": "Point",
        "coordinates": [-0.16305864949999999, 51.49959715800001]
      }
    },
    {
      "type": "Feature",
      "id": 470,
      "properties": {
        "building_id": "harrods",
        "floor": 5,
        "id": 470,
        "metadata": {
          "category": "pim"
        },
        "name": "Gianvito Rossi",
        "type": "store"
      },
      "geometry": {
        "type": "Point",
        "coordinates": [-0.1622265762962963, 51.49862356444444]
      }
    },
    {
      "type": "Feature",
      "id": 471,
      "properties": {
        "building_id": "harrods",
        "floor": 3,
        "id": 471,
        "metadata": {
          "category": "pim",
          "concession": true
        },
        "name": "D' Orsay",
        "type": "store"
      },
      "geometry": {
        "type": "Point",
        "coordinates": [-0.1626415352173913, 51.49950476217391]
      }
    },
    {
      "type": "Feature",
      "id": 472,
      "properties": {
        "building_id": "harrods",
        "floor": 5,
        "id": 472,
        "metadata": {
          "category": "pim",
          "concession": true
        },
        "name": "Sonos",
        "type": "store"
      },
      "geometry": {
        "type": "Point",
        "coordinates": [-0.16338165333333332, 51.499512807777776]
      }
    },
    {
      "type": "Feature",
      "id": 473,
      "properties": {
        "building_id": "harrods",
        "floor": 0,
        "id": 473,
        "metadata": {
          "category": "pim",
          "concession": true
        },
        "name": "Celine",
        "type": "store"
      },
      "geometry": {
        "type": "Point",
        "coordinates": [-0.1628925883333333, 51.499712495555556]
      }
    },
    {
      "type": "Feature",
      "id": 474,
      "properties": {
        "building_id": "harrods",
        "floor": -1,
        "id": 474,
        "metadata": {
          "category": "pim",
          "concession": true
        },
        "name": "Ilhwa",
        "type": "store"
      },
      "geometry": {
        "type": "Point",
        "coordinates": [-0.1641944876923077, 51.49915551205128]
      }
    },
    {
      "type": "Feature",
      "id": 475,
      "properties": {
        "building_id": "harrods",
        "floor": 2,
        "id": 475,
        "metadata": {
          "category": "pim"
        },
        "name": "Isaia",
        "type": "store"
      },
      "geometry": {
        "type": "Point",
        "coordinates": [-0.162669592, 51.499030438]
      }
    },
    {
      "type": "Feature",
      "id": 476,
      "properties": {
        "building_id": "harrods",
        "floor": 0,
        "id": 476,
        "metadata": {
          "category": "pim",
          "concession": true
        },
        "name": "Persol",
        "type": "store"
      },
      "geometry": {
        "type": "Point",
        "coordinates": [-0.162549281, 51.499271938666666]
      }
    },
    {
      "type": "Feature",
      "id": 477,
      "properties": {
        "building_id": "harrods",
        "floor": 4,
        "id": 477,
        "metadata": {
          "category": "pim",
          "concession": true
        },
        "name": "Godzilla",
        "type": "store"
      },
      "geometry": {
        "type": "Point",
        "coordinates": [-0.16273238875, 51.49984731]
      }
    },
    {
      "type": "Feature",
      "id": 478,
      "properties": {
        "building_id": "harrods",
        "floor": 5,
        "id": 478,
        "metadata": {
          "category": "pim",
          "concession": true
        },
        "name": "Fuoripista",
        "type": "store"
      },
      "geometry": {
        "type": "Point",
        "coordinates": [-0.16352568, 51.49944144714285]
      }
    },
    {
      "type": "Feature",
      "id": 479,
      "properties": {
        "building_id": "harrods",
        "floor": 3,
        "id": 479,
        "metadata": {
          "category": "pim",
          "concession": true
        },
        "name": "Scanpan",
        "type": "store"
      },
      "geometry": {
        "type": "Point",
        "coordinates": [-0.16239125222222223, 51.498679914444445]
      }
    },
    {
      "type": "Feature",
      "id": 480,
      "properties": {
        "building_id": "harrods",
        "floor": 3,
        "id": 480,
        "metadata": {
          "category": "pim",
          "concession": true
        },
        "name": "Nordicware",
        "type": "store"
      },
      "geometry": {
        "type": "Point",
        "coordinates": [-0.16239125222222223, 51.498679914444445]
      }
    },
    {
      "type": "Feature",
      "id": 481,
      "properties": {
        "building_id": "harrods",
        "floor": 2,
        "id": 481,
        "metadata": {
          "category": "pim"
        },
        "name": "Brioni",
        "type": "store"
      },
      "geometry": {
        "type": "Point",
        "coordinates": [-0.16291883, 51.4988704125]
      }
    },
    {
      "type": "Feature",
      "id": 482,
      "properties": {
        "building_id": "harrods",
        "floor": 5,
        "id": 482,
        "metadata": {
          "category": "pim",
          "concession": true
        },
        "name": "Zeiss",
        "type": "store"
      },
      "geometry": {
        "type": "Point",
        "coordinates": [-0.1638970366666667, 51.499114160370375]
      }
    },
    {
      "type": "Feature",
      "id": 483,
      "properties": {
        "building_id": "harrods",
        "floor": 5,
        "id": 483,
        "metadata": {
          "category": "pim",
          "concession": true
        },
        "name": "Jbl",
        "type": "store"
      },
      "geometry": {
        "type": "Point",
        "coordinates": [-0.16338165333333332, 51.499512807777776]
      }
    },
    {
      "type": "Feature",
      "id": 484,
      "properties": {
        "building_id": "harrods",
        "floor": 4,
        "id": 484,
        "metadata": {
          "category": "pim",
          "concession": true
        },
        "name": "Playmobil",
        "type": "store"
      },
      "geometry": {
        "type": "Point",
        "coordinates": [-0.1628570075, 51.499949109166664]
      }
    },
    {
      "type": "Feature",
      "id": 485,
      "properties": {
        "building_id": "harrods",
        "floor": 3,
        "id": 485,
        "metadata": {
          "category": "pim",
          "concession": true
        },
        "name": "Welton",
        "type": "store"
      },
      "geometry": {
        "type": "Point",
        "coordinates": [-0.1626415352173913, 51.49950476217391]
      }
    },
    {
      "type": "Feature",
      "id": 486,
      "properties": {
        "building_id": "harrods",
        "floor": 5,
        "id": 486,
        "metadata": {
          "category": "pim",
          "concession": true
        },
        "name": "Skross",
        "type": "store"
      },
      "geometry": {
        "type": "Point",
        "coordinates": [-0.16352568, 51.49944144714285]
      }
    },
    {
      "type": "Feature",
      "id": 487,
      "properties": {
        "building_id": "harrods",
        "floor": 4,
        "id": 487,
        "metadata": {
          "category": "pim",
          "concession": true
        },
        "name": "Marvel",
        "type": "store"
      },
      "geometry": {
        "type": "Point",
        "coordinates": [-0.16273238875, 51.49984731]
      }
    },
    {
      "type": "Feature",
      "id": 488,
      "properties": {
        "building_id": "harrods",
        "floor": 3,
        "id": 488,
        "metadata": {
          "category": "pim",
          "concession": true
        },
        "name": "Dr Vranjes",
        "type": "store"
      },
      "geometry": {
        "type": "Point",
        "coordinates": [-0.1626415352173913, 51.49950476217391]
      }
    },
    {
      "type": "Feature",
      "id": 489,
      "properties": {
        "building_id": "harrods",
        "floor": 3,
        "id": 489,
        "metadata": {
          "category": "pim",
          "concession": true
        },
        "name": "Riviere",
        "type": "store"
      },
      "geometry": {
        "type": "Point",
        "coordinates": [-0.16344305781250001, 51.4989455309375]
      }
    },
    {
      "type": "Feature",
      "id": 490,
      "properties": {
        "building_id": "harrods",
        "floor": 3,
        "id": 490,
        "metadata": {
          "category": "pim",
          "concession": true
        },
        "name": "Zodiac",
        "type": "store"
      },
      "geometry": {
        "type": "Point",
        "coordinates": [-0.16344305781250001, 51.4989455309375]
      }
    },
    {
      "type": "Feature",
      "id": 491,
      "properties": {
        "building_id": "harrods",
        "floor": -1,
        "id": 491,
        "metadata": {
          "category": "pim",
          "concession": true
        },
        "name": "Jivesse",
        "type": "store"
      },
      "geometry": {
        "type": "Point",
        "coordinates": [-0.1641944876923077, 51.49915551205128]
      }
    },
    {
      "type": "Feature",
      "id": 492,
      "properties": {
        "building_id": "harrods",
        "floor": 0,
        "id": 492,
        "metadata": {
          "category": "pim"
        },
        "name": "Dior",
        "type": "store"
      },
      "geometry": {
        "type": "Point",
        "coordinates": [-0.16347071, 51.4989117]
      }
    },
    {
      "type": "Feature",
      "id": 493,
      "properties": {
        "building_id": "harrods",
        "floor": 0,
        "id": 493,
        "metadata": {
          "category": "pim",
          "concession": true
        },
        "name": "Laderach",
        "type": "store"
      },
      "geometry": {
        "type": "Point",
        "coordinates": [-0.16302708941176472, 51.49929956352941]
      }
    },
    {
      "type": "Feature",
      "id": 494,
      "properties": {
        "building_id": "harrods",
        "floor": -1,
        "id": 494,
        "metadata": {
          "category": "pim",
          "concession": true
        },
        "name": "Walkers",
        "type": "store"
      },
      "geometry": {
        "type": "Point",
        "coordinates": [-0.16233340764705884, 51.49928196941177]
      }
    },
    {
      "type": "Feature",
      "id": 495,
      "properties": {
        "building_id": "harrods",
        "floor": 5,
        "id": 495,
        "metadata": {
          "category": "pim",
          "concession": true
        },
        "name": "Kask",
        "type": "store"
      },
      "geometry": {
        "type": "Point",
        "coordinates": [-0.16352568, 51.49944144714285]
      }
    },
    {
      "type": "Feature",
      "id": 496,
      "properties": {
        "building_id": "harrods",
        "floor": -1,
        "id": 496,
        "metadata": {
          "category": "pim",
          "concession": true
        },
        "name": "Avene",
        "type": "store"
      },
      "geometry": {
        "type": "Point",
        "coordinates": [-0.1641944876923077, 51.49915551205128]
      }
    },
    {
      "type": "Feature",
      "id": 497,
      "properties": {
        "building_id": "harrods",
        "floor": -1,
        "id": 497,
        "metadata": {
          "category": "pim",
          "concession": true
        },
        "name": "Hifas Da Terra",
        "type": "store"
      },
      "geometry": {
        "type": "Point",
        "coordinates": [-0.1641944876923077, 51.49915551205128]
      }
    },
    {
      "type": "Feature",
      "id": 498,
      "properties": {
        "building_id": "harrods",
        "floor": -1,
        "id": 498,
        "metadata": {
          "category": "pim",
          "concession": true
        },
        "name": "Boch\u00e9ry",
        "type": "store"
      },
      "geometry": {
        "type": "Point",
        "coordinates": [-0.1641944876923077, 51.49915551205128]
      }
    },
    {
      "type": "Feature",
      "id": 499,
      "properties": {
        "building_id": "harrods",
        "floor": 3,
        "id": 499,
        "metadata": {
          "category": "pim",
          "concession": true
        },
        "name": "Agraria",
        "type": "store"
      },
      "geometry": {
        "type": "Point",
        "coordinates": [-0.1626415352173913, 51.49950476217391]
      }
    },
    {
      "type": "Feature",
      "id": 500,
      "properties": {
        "building_id": "harrods",
        "floor": 2,
        "id": 500,
        "metadata": {
          "category": "pim"
        },
        "name": "Dior",
        "type": "store"
      },
      "geometry": {
        "type": "Point",
        "coordinates": [-0.16200951133333333, 51.499403992666664]
      }
    },
    {
      "type": "Feature",
      "id": 501,
      "properties": {
        "building_id": "harrods",
        "floor": 2,
        "id": 501,
        "metadata": {
          "category": "pim",
          "concession": true
        },
        "name": "Nike",
        "type": "store"
      },
      "geometry": {
        "type": "Point",
        "coordinates": [-0.16290940874999998, 51.49929450625]
      }
    },
    {
      "type": "Feature",
      "id": 502,
      "properties": {
        "building_id": "harrods",
        "floor": 3,
        "id": 502,
        "metadata": {
          "category": "pim",
          "concession": true
        },
        "name": "Christofle",
        "type": "store"
      },
      "geometry": {
        "type": "Point",
        "coordinates": [-0.162368830625, 51.499241381875]
      }
    },
    {
      "type": "Feature",
      "id": 503,
      "properties": {
        "building_id": "harrods",
        "floor": 3,
        "id": 503,
        "metadata": {
          "category": "pim",
          "concession": true
        },
        "name": "Labrazel",
        "type": "store"
      },
      "geometry": {
        "type": "Point",
        "coordinates": [-0.16344305781250001, 51.4989455309375]
      }
    },
    {
      "type": "Feature",
      "id": 504,
      "properties": {
        "building_id": "harrods",
        "floor": 3,
        "id": 504,
        "metadata": {
          "category": "pim",
          "concession": true
        },
        "name": "Bond No 9",
        "type": "store"
      },
      "geometry": {
        "type": "Point",
        "coordinates": [-0.1626415352173913, 51.49950476217391]
      }
    },
    {
      "type": "Feature",
      "id": 505,
      "properties": {
        "building_id": "harrods",
        "floor": 0,
        "id": 505,
        "metadata": {
          "category": "pim"
        },
        "name": "Vieve",
        "type": "store"
      },
      "geometry": {
        "type": "Point",
        "coordinates": [-0.16202873, 51.49914051]
      }
    },
    {
      "type": "Feature",
      "id": 506,
      "properties": {
        "building_id": "harrods",
        "floor": 0,
        "id": 506,
        "metadata": {
          "category": "pim",
          "concession": true
        },
        "name": "Burberry",
        "type": "store"
      },
      "geometry": {
        "type": "Point",
        "coordinates": [-0.16353723894736844, 51.49936209736842]
      }
    },
    {
      "type": "Feature",
      "id": 507,
      "properties": {
        "building_id": "harrods",
        "floor": 5,
        "id": 507,
        "metadata": {
          "category": "pim",
          "concession": true
        },
        "name": "Victrola",
        "type": "store"
      },
      "geometry": {
        "type": "Point",
        "coordinates": [-0.16338165333333332, 51.499512807777776]
      }
    },
    {
      "type": "Feature",
      "id": 508,
      "properties": {
        "building_id": "harrods",
        "floor": 0,
        "id": 508,
        "metadata": {
          "category": "pim",
          "concession": true
        },
        "name": "Valentino",
        "type": "store"
      },
      "geometry": {
        "type": "Point",
        "coordinates": [-0.16353723894736844, 51.49936209736842]
      }
    },
    {
      "type": "Feature",
      "id": 509,
      "properties": {
        "building_id": "harrods",
        "floor": 2,
        "id": 509,
        "metadata": {
          "category": "pim",
          "concession": true
        },
        "name": "Clarks",
        "type": "store"
      },
      "geometry": {
        "type": "Point",
        "coordinates": [-0.16290940874999998, 51.49929450625]
      }
    },
    {
      "type": "Feature",
      "id": 510,
      "properties": {
        "building_id": "harrods",
        "floor": 3,
        "id": 510,
        "metadata": {
          "category": "pim",
          "concession": true
        },
        "name": "Giobagnara",
        "type": "store"
      },
      "geometry": {
        "type": "Point",
        "coordinates": [-0.16344305781250001, 51.4989455309375]
      }
    },
    {
      "type": "Feature",
      "id": 511,
      "properties": {
        "building_id": "harrods",
        "floor": 5,
        "id": 511,
        "metadata": {
          "category": "pim",
          "concession": true
        },
        "name": "Hasselblad",
        "type": "store"
      },
      "geometry": {
        "type": "Point",
        "coordinates": [-0.1638970366666667, 51.499114160370375]
      }
    },
    {
      "type": "Feature",
      "id": 512,
      "properties": {
        "building_id": "harrods",
        "floor": 3,
        "id": 512,
        "metadata": {
          "category": "pim",
          "concession": true
        },
        "name": "Anova",
        "type": "store"
      },
      "geometry": {
        "type": "Point",
        "coordinates": [-0.16239125222222223, 51.498679914444445]
      }
    },
    {
      "type": "Feature",
      "id": 513,
      "properties": {
        "building_id": "harrods",
        "floor": 5,
        "id": 513,
        "metadata": {
          "category": "pim",
          "concession": true
        },
        "name": "Eovolt",
        "type": "store"
      },
      "geometry": {
        "type": "Point",
        "coordinates": [-0.16352568, 51.49944144714285]
      }
    },
    {
      "type": "Feature",
      "id": 514,
      "properties": {
        "building_id": "harrods",
        "floor": 3,
        "id": 514,
        "metadata": {
          "category": "pim",
          "concession": true
        },
        "name": "Sferra",
        "type": "store"
      },
      "geometry": {
        "type": "Point",
        "coordinates": [-0.16282545692307693, 51.49899169282051]
      }
    },
    {
      "type": "Feature",
      "id": 515,
      "properties": {
        "building_id": "harrods",
        "floor": -1,
        "id": 515,
        "metadata": {
          "category": "pim",
          "concession": true
        },
        "name": "Caran D'Ache",
        "type": "store"
      },
      "geometry": {
        "type": "Point",
        "coordinates": [-0.16305864949999999, 51.49959715800001]
      }
    },
    {
      "type": "Feature",
      "id": 516,
      "properties": {
        "building_id": "harrods",
        "floor": -1,
        "id": 516,
        "metadata": {
          "category": "pim",
          "concession": true
        },
        "name": "Vapelux",
        "type": "store"
      },
      "geometry": {
        "type": "Point",
        "coordinates": [-0.1641944876923077, 51.49915551205128]
      }
    },
    {
      "type": "Feature",
      "id": 517,
      "properties": {
        "building_id": "harrods",
        "floor": 3,
        "id": 517,
        "metadata": {
          "category": "pim",
          "concession": true
        },
        "name": "Vita Mix",
        "type": "store"
      },
      "geometry": {
        "type": "Point",
        "coordinates": [-0.16239125222222223, 51.498679914444445]
      }
    },
    {
      "type": "Feature",
      "id": 518,
      "properties": {
        "building_id": "harrods",
        "floor": 4,
        "id": 518,
        "metadata": {
          "category": "pim",
          "concession": true
        },
        "name": "Wwe",
        "type": "store"
      },
      "geometry": {
        "type": "Point",
        "coordinates": [-0.16273238875, 51.49984731]
      }
    },
    {
      "type": "Feature",
      "id": 519,
      "properties": {
        "building_id": "harrods",
        "floor": 2,
        "id": 519,
        "metadata": {
          "category": "pim",
          "concession": true
        },
        "name": "Converse",
        "type": "store"
      },
      "geometry": {
        "type": "Point",
        "coordinates": [-0.16290940874999998, 51.49929450625]
      }
    },
    {
      "type": "Feature",
      "id": 520,
      "properties": {
        "building_id": "harrods",
        "floor": 3,
        "id": 520,
        "metadata": {
          "category": "pim",
          "concession": true
        },
        "name": "Sage",
        "type": "store"
      },
      "geometry": {
        "type": "Point",
        "coordinates": [-0.16239125222222223, 51.498679914444445]
      }
    },
    {
      "type": "Feature",
      "id": 521,
      "properties": {
        "building_id": "harrods",
        "floor": 3,
        "id": 521,
        "metadata": {
          "category": "pim",
          "concession": true
        },
        "name": "Abyss & Habidecor",
        "type": "store"
      },
      "geometry": {
        "type": "Point",
        "coordinates": [-0.16344305781250001, 51.4989455309375]
      }
    },
    {
      "type": "Feature",
      "id": 522,
      "properties": {
        "building_id": "harrods",
        "floor": -1,
        "id": 522,
        "metadata": {
          "category": "pim",
          "concession": true
        },
        "name": "Bellerby & Co Globemakers",
        "type": "store"
      },
      "geometry": {
        "type": "Point",
        "coordinates": [-0.16305864949999999, 51.49959715800001]
      }
    },
    {
      "type": "Feature",
      "id": 523,
      "properties": {
        "building_id": "harrods",
        "floor": -1,
        "id": 523,
        "metadata": {
          "category": "pim",
          "concession": true
        },
        "name": "Shinso",
        "type": "store"
      },
      "geometry": {
        "type": "Point",
        "coordinates": [-0.1641944876923077, 51.49915551205128]
      }
    },
    {
      "type": "Feature",
      "id": 524,
      "properties": {
        "building_id": "harrods",
        "floor": 0,
        "id": 524,
        "metadata": {
          "category": "pim",
          "concession": true
        },
        "name": "Laduree",
        "type": "store"
      },
      "geometry": {
        "type": "Point",
        "coordinates": [-0.16302708941176472, 51.49929956352941]
      }
    },
    {
      "type": "Feature",
      "id": 525,
      "properties": {
        "building_id": "harrods",
        "floor": 5,
        "id": 525,
        "metadata": {
          "category": "pim",
          "concession": true
        },
        "name": "Kef",
        "type": "store"
      },
      "geometry": {
        "type": "Point",
        "coordinates": [-0.16338165333333332, 51.499512807777776]
      }
    },
    {
      "type": "Feature",
      "id": 526,
      "properties": {
        "building_id": "harrods",
        "floor": 4,
        "id": 526,
        "metadata": {
          "category": "pim",
          "concession": true
        },
        "name": "Jurassic World",
        "type": "store"
      },
      "geometry": {
        "type": "Point",
        "coordinates": [-0.16273238875, 51.49984731]
      }
    },
    {
      "type": "Feature",
      "id": 527,
      "properties": {
        "building_id": "harrods",
        "floor": 5,
        "id": 527,
        "metadata": {
          "category": "pim",
          "concession": true
        },
        "name": "Bowers & Wilkins",
        "type": "store"
      },
      "geometry": {
        "type": "Point",
        "coordinates": [-0.16338165333333332, 51.499512807777776]
      }
    },
    {
      "type": "Feature",
      "id": 528,
      "properties": {
        "building_id": "harrods",
        "floor": 4,
        "id": 528,
        "metadata": {
          "category": "pim",
          "concession": true
        },
        "name": "Tech Deck",
        "type": "store"
      },
      "geometry": {
        "type": "Point",
        "coordinates": [-0.16273238875, 51.49984731]
      }
    },
    {
      "type": "Feature",
      "id": 529,
      "properties": {
        "building_id": "harrods",
        "floor": 3,
        "id": 529,
        "metadata": {
          "category": "pim",
          "concession": true
        },
        "name": "Nespresso",
        "type": "store"
      },
      "geometry": {
        "type": "Point",
        "coordinates": [-0.16239125222222223, 51.498679914444445]
      }
    },
    {
      "type": "Feature",
      "id": 530,
      "properties": {
        "building_id": "harrods",
        "floor": 0,
        "id": 530,
        "metadata": {
          "category": "pim"
        },
        "name": "Slip",
        "type": "store"
      },
      "geometry": {
        "type": "Point",
        "coordinates": [-0.16202873, 51.49914051]
      }
    },
    {
      "type": "Feature",
      "id": 531,
      "properties": {
        "building_id": "harrods",
        "floor": -1,
        "id": 531,
        "metadata": {
          "category": "pim",
          "concession": true
        },
        "name": "Tibaldi",
        "type": "store"
      },
      "geometry": {
        "type": "Point",
        "coordinates": [-0.16305864949999999, 51.49959715800001]
      }
    },
    {
      "type": "Feature",
      "id": 532,
      "properties": {
        "building_id": "harrods",
        "floor": 3,
        "id": 532,
        "metadata": {
          "category": "pim",
          "concession": true
        },
        "name": "Brunello Cucinelli",
        "type": "store"
      },
      "geometry": {
        "type": "Point",
        "coordinates": [-0.162368830625, 51.499241381875]
      }
    },
    {
      "type": "Feature",
      "id": 533,
      "properties": {
        "building_id": "harrods",
        "floor": 2,
        "id": 533,
        "metadata": {
          "category": "pim"
        },
        "name": "Balenciaga",
        "type": "store"
      },
      "geometry": {
        "type": "Point",
        "coordinates": [-0.16212491666666667, 51.498809308333335]
      }
    },
    {
      "type": "Feature",
      "id": 534,
      "properties": {
        "building_id": "harrods",
        "floor": 0,
        "id": 534,
        "metadata": {
          "category": "pim",
          "concession": true
        },
        "name": "Tom Ford",
        "type": "store"
      },
      "geometry": {
        "type": "Point",
        "coordinates": [-0.162549281, 51.499271938666666]
      }
    },
    {
      "type": "Feature",
      "id": 535,
      "properties": {
        "building_id": "harrods",
        "floor": 0,
        "id": 535,
        "metadata": {
          "category": "pim"
        },
        "name": "Anastasia",
        "type": "store"
      },
      "geometry": {
        "type": "Point",
        "coordinates": [-0.16202873, 51.49914051]
      }
    },
    {
      "type": "Feature",
      "id": 536,
      "properties": {
        "building_id": "harrods",
        "floor": 3,
        "id": 536,
        "metadata": {
          "category": "pim",
          "concession": true
        },
        "name": "Baobab",
        "type": "store"
      },
      "geometry": {
        "type": "Point",
        "coordinates": [-0.16344305781250001, 51.4989455309375]
      }
    },
    {
      "type": "Feature",
      "id": 537,
      "properties": {
        "building_id": "harrods",
        "floor": -1,
        "id": 537,
        "metadata": {
          "category": "pim",
          "concession": true
        },
        "name": "El Casco",
        "type": "store"
      },
      "geometry": {
        "type": "Point",
        "coordinates": [-0.16305864949999999, 51.49959715800001]
      }
    },
    {
      "type": "Feature",
      "id": 538,
      "properties": {
        "building_id": "harrods",
        "floor": 0,
        "id": 538,
        "metadata": {
          "category": "pim"
        },
        "name": "Boucheron",
        "type": "store"
      },
      "geometry": {
        "type": "Point",
        "coordinates": [-0.16347071, 51.4989117]
      }
    },
    {
      "type": "Feature",
      "id": 539,
      "properties": {
        "building_id": "harrods",
        "floor": 3,
        "id": 539,
        "metadata": {
          "category": "pim",
          "concession": true
        },
        "name": "Napoleon",
        "type": "store"
      },
      "geometry": {
        "type": "Point",
        "coordinates": [-0.16239125222222223, 51.498679914444445]
      }
    },
    {
      "type": "Feature",
      "id": 540,
      "properties": {
        "building_id": "harrods",
        "floor": -1,
        "id": 540,
        "metadata": {
          "category": "pim",
          "concession": true
        },
        "name": "William Morris",
        "type": "store"
      },
      "geometry": {
        "type": "Point",
        "coordinates": [-0.16305864949999999, 51.49959715800001]
      }
    },
    {
      "type": "Feature",
      "id": 541,
      "properties": {
        "building_id": "harrods",
        "floor": 0,
        "id": 541,
        "metadata": {
          "category": "pim"
        },
        "name": "Bulgari",
        "type": "store"
      },
      "geometry": {
        "type": "Point",
        "coordinates": [-0.16347071, 51.4989117]
      }
    },
    {
      "type": "Feature",
      "id": 542,
      "properties": {
        "building_id": "harrods",
        "floor": 3,
        "id": 542,
        "metadata": {
          "category": "pim",
          "concession": true
        },
        "name": "Big Green Egg",
        "type": "store"
      },
      "geometry": {
        "type": "Point",
        "coordinates": [-0.16239125222222223, 51.498679914444445]
      }
    },
    {
      "type": "Feature",
      "id": 543,
      "properties": {
        "building_id": "harrods",
        "floor": 3,
        "id": 543,
        "metadata": {
          "category": "pim",
          "concession": true
        },
        "name": "Hurom",
        "type": "store"
      },
      "geometry": {
        "type": "Point",
        "coordinates": [-0.16239125222222223, 51.498679914444445]
      }
    },
    {
      "type": "Feature",
      "id": 544,
      "properties": {
        "building_id": "harrods",
        "floor": 3,
        "id": 544,
        "metadata": {
          "category": "pim",
          "concession": true
        },
        "name": "Waterford",
        "type": "store"
      },
      "geometry": {
        "type": "Point",
        "coordinates": [-0.162368830625, 51.499241381875]
      }
    },
    {
      "type": "Feature",
      "id": 545,
      "properties": {
        "building_id": "harrods",
        "floor": 3,
        "id": 545,
        "metadata": {
          "category": "pim",
          "concession": true
        },
        "name": "Boos Blocks",
        "type": "store"
      },
      "geometry": {
        "type": "Point",
        "coordinates": [-0.16239125222222223, 51.498679914444445]
      }
    },
    {
      "type": "Feature",
      "id": 546,
      "properties": {
        "building_id": "harrods",
        "floor": 5,
        "id": 546,
        "metadata": {
          "category": "pim",
          "concession": true
        },
        "name": "Burson",
        "type": "store"
      },
      "geometry": {
        "type": "Point",
        "coordinates": [-0.16338165333333332, 51.499512807777776]
      }
    },
    {
      "type": "Feature",
      "id": 547,
      "properties": {
        "building_id": "harrods",
        "floor": 3,
        "id": 547,
        "metadata": {
          "category": "pim",
          "concession": true
        },
        "name": "Barista & Co",
        "type": "store"
      },
      "geometry": {
        "type": "Point",
        "coordinates": [-0.16239125222222223, 51.498679914444445]
      }
    },
    {
      "type": "Feature",
      "id": 548,
      "properties": {
        "building_id": "harrods",
        "floor": 0,
        "id": 548,
        "metadata": {
          "category": "pim",
          "concession": true
        },
        "name": "Charbonnel Et Walker",
        "type": "store"
      },
      "geometry": {
        "type": "Point",
        "coordinates": [-0.16302708941176472, 51.49929956352941]
      }
    },
    {
      "type": "Feature",
      "id": 549,
      "properties": {
        "building_id": "harrods",
        "floor": 4,
        "id": 549,
        "metadata": {
          "category": "pim",
          "concession": true
        },
        "name": "Harry Potter",
        "type": "store"
      },
      "geometry": {
        "type": "Point",
        "coordinates": [-0.16273238875, 51.49984731]
      }
    },
    {
      "type": "Feature",
      "id": 550,
      "properties": {
        "building_id": "harrods",
        "floor": 0,
        "id": 550,
        "metadata": {
          "category": "pim",
          "concession": true
        },
        "name": "Chrome Hearts",
        "type": "store"
      },
      "geometry": {
        "type": "Point",
        "coordinates": [-0.162549281, 51.499271938666666]
      }
    },
    {
      "type": "Feature",
      "id": 551,
      "properties": {
        "building_id": "harrods",
        "floor": 3,
        "id": 551,
        "metadata": {
          "category": "pim",
          "concession": true
        },
        "name": "Ginori",
        "type": "store"
      },
      "geometry": {
        "type": "Point",
        "coordinates": [-0.162368830625, 51.499241381875]
      }
    },
    {
      "type": "Feature",
      "id": 552,
      "properties": {
        "building_id": "harrods",
        "floor": -1,
        "id": 552,
        "metadata": {
          "category": "pim",
          "concession": true
        },
        "name": "Steens",
        "type": "store"
      },
      "geometry": {
        "type": "Point",
        "coordinates": [-0.1641944876923077, 51.49915551205128]
      }
    },
    {
      "type": "Feature",
      "id": 553,
      "properties": {
        "building_id": "harrods",
        "floor": -1,
        "id": 553,
        "metadata": {
          "category": "pim",
          "concession": true
        },
        "name": "Cheshire & Wain",
        "type": "store"
      },
      "geometry": {
        "type": "Point",
        "coordinates": [-0.16305864949999999, 51.49959715800001]
      }
    },
    {
      "type": "Feature",
      "id": 554,
      "properties": {
        "building_id": "harrods",
        "floor": -1,
        "id": 554,
        "metadata": {
          "category": "pim",
          "concession": true
        },
        "name": "Bonne Et Filou",
        "type": "store"
      },
      "geometry": {
        "type": "Point",
        "coordinates": [-0.16305864949999999, 51.49959715800001]
      }
    },
    {
      "type": "Feature",
      "id": 555,
      "properties": {
        "building_id": "harrods",
        "floor": 3,
        "id": 555,
        "metadata": {
          "category": "pim",
          "concession": true
        },
        "name": "Missoni",
        "type": "store"
      },
      "geometry": {
        "type": "Point",
        "coordinates": [-0.16344305781250001, 51.4989455309375]
      }
    },
    {
      "type": "Feature",
      "id": 556,
      "properties": {
        "building_id": "harrods",
        "floor": 0,
        "id": 556,
        "metadata": {
          "category": "pim"
        },
        "name": "Aman",
        "type": "store"
      },
      "geometry": {
        "type": "Point",
        "coordinates": [-0.16202873, 51.49914051]
      }
    },
    {
      "type": "Feature",
      "id": 557,
      "properties": {
        "building_id": "harrods",
        "floor": -1,
        "id": 557,
        "metadata": {
          "category": "pim",
          "concession": true
        },
        "name": "Pampeano",
        "type": "store"
      },
      "geometry": {
        "type": "Point",
        "coordinates": [-0.16305864949999999, 51.49959715800001]
      }
    },
    {
      "type": "Feature",
      "id": 558,
      "properties": {
        "building_id": "harrods",
        "floor": 0,
        "id": 558,
        "metadata": {
          "category": "pim",
          "concession": true
        },
        "name": "Prada Linea Rossa",
        "type": "store"
      },
      "geometry": {
        "type": "Point",
        "coordinates": [-0.162549281, 51.499271938666666]
      }
    },
    {
      "type": "Feature",
      "id": 559,
      "properties": {
        "building_id": "harrods",
        "floor": 0,
        "id": 559,
        "metadata": {
          "category": "pim",
          "concession": true
        },
        "name": "Rita Farhi",
        "type": "store"
      },
      "geometry": {
        "type": "Point",
        "coordinates": [-0.16302708941176472, 51.49929956352941]
      }
    },
    {
      "type": "Feature",
      "id": 560,
      "properties": {
        "building_id": "harrods",
        "floor": -1,
        "id": 560,
        "metadata": {
          "category": "pim",
          "concession": true
        },
        "name": "Wild One",
        "type": "store"
      },
      "geometry": {
        "type": "Point",
        "coordinates": [-0.16305864949999999, 51.49959715800001]
      }
    },
    {
      "type": "Feature",
      "id": 561,
      "properties": {
        "building_id": "harrods",
        "floor": 4,
        "id": 561,
        "metadata": {
          "category": "pim",
          "concession": true
        },
        "name": "Backugan",
        "type": "store"
      },
      "geometry": {
        "type": "Point",
        "coordinates": [-0.16273238875, 51.49984731]
      }
    },
    {
      "type": "Feature",
      "id": 562,
      "properties": {
        "building_id": "harrods",
        "floor": 0,
        "id": 562,
        "metadata": {
          "category": "pim",
          "concession": true
        },
        "name": "Bottega Veneta",
        "type": "store"
      },
      "geometry": {
        "type": "Point",
        "coordinates": [-0.1628925883333333, 51.499712495555556]
      }
    },
    {
      "type": "Feature",
      "id": 563,
      "properties": {
        "building_id": "harrods",
        "floor": -1,
        "id": 563,
        "metadata": {
          "category": "pim",
          "concession": true
        },
        "name": "Harrods Golf",
        "type": "store"
      },
      "geometry": {
        "type": "Point",
        "coordinates": [-0.16233340764705884, 51.49928196941177]
      }
    },
    {
      "type": "Feature",
      "id": 564,
      "properties": {
        "building_id": "harrods",
        "floor": 0,
        "id": 564,
        "metadata": {
          "category": "pim",
          "concession": true
        },
        "name": "Rayban",
        "type": "store"
      },
      "geometry": {
        "type": "Point",
        "coordinates": [-0.162549281, 51.499271938666666]
      }
    },
    {
      "type": "Feature",
      "id": 565,
      "properties": {
        "building_id": "harrods",
        "floor": 5,
        "id": 565,
        "metadata": {
          "category": "pim",
          "concession": true
        },
        "name": "Canon",
        "type": "store"
      },
      "geometry": {
        "type": "Point",
        "coordinates": [-0.1638970366666667, 51.499114160370375]
      }
    },
    {
      "type": "Feature",
      "id": 566,
      "properties": {
        "building_id": "harrods",
        "floor": 5,
        "id": 566,
        "metadata": {
          "category": "pim",
          "concession": true
        },
        "name": "Barber Shop Products",
        "type": "store"
      },
      "geometry": {
        "type": "Point",
        "coordinates": [-0.1638970366666667, 51.499114160370375]
      }
    },
    {
      "type": "Feature",
      "id": 567,
      "properties": {
        "building_id": "harrods",
        "floor": 0,
        "id": 567,
        "metadata": {
          "category": "pim"
        },
        "name": "Caia",
        "type": "store"
      },
      "geometry": {
        "type": "Point",
        "coordinates": [-0.16202873, 51.49914051]
      }
    },
    {
      "type": "Feature",
      "id": 568,
      "properties": {
        "building_id": "harrods",
        "floor": 0,
        "id": 568,
        "metadata": {
          "category": "pim"
        },
        "name": "Chaisan",
        "type": "store"
      },
      "geometry": {
        "type": "Point",
        "coordinates": [-0.16274045, 51.49906246]
      }
    },
    {
      "type": "Feature",
      "id": 569,
      "properties": {
        "building_id": "harrods",
        "floor": 0,
        "id": 569,
        "metadata": {
          "category": "pim"
        },
        "name": "A. Lange & Sohne",
        "type": "store"
      },
      "geometry": {
        "type": "Point",
        "coordinates": [-0.16302244, 51.49869424]
      }
    },
    {
      "type": "Feature",
      "id": 570,
      "properties": {
        "building_id": "harrods",
        "floor": -1,
        "id": 570,
        "metadata": {
          "category": "pim",
          "concession": true
        },
        "name": "Pagerie",
        "type": "store"
      },
      "geometry": {
        "type": "Point",
        "coordinates": [-0.16305864949999999, 51.49959715800001]
      }
    },
    {
      "type": "Feature",
      "id": 571,
      "properties": {
        "building_id": "harrods",
        "floor": 5,
        "id": 571,
        "metadata": {
          "category": "pim",
          "concession": true
        },
        "name": "Linn",
        "type": "store"
      },
      "geometry": {
        "type": "Point",
        "coordinates": [-0.16338165333333332, 51.499512807777776]
      }
    },
    {
      "type": "Feature",
      "id": 572,
      "properties": {
        "building_id": "harrods",
        "floor": -1,
        "id": 572,
        "metadata": {
          "category": "pim",
          "concession": true
        },
        "name": "Baurdelle",
        "type": "store"
      },
      "geometry": {
        "type": "Point",
        "coordinates": [-0.16305864949999999, 51.49959715800001]
      }
    },
    {
      "type": "Feature",
      "id": 573,
      "properties": {
        "building_id": "harrods",
        "floor": 0,
        "id": 573,
        "metadata": {
          "category": "pim",
          "concession": true
        },
        "name": "Patchi",
        "type": "store"
      },
      "geometry": {
        "type": "Point",
        "coordinates": [-0.16302708941176472, 51.49929956352941]
      }
    },
    {
      "type": "Feature",
      "id": 574,
      "properties": {
        "building_id": "harrods",
        "floor": 3,
        "id": 574,
        "metadata": {
          "category": "pim",
          "concession": true
        },
        "name": "Braun",
        "type": "store"
      },
      "geometry": {
        "type": "Point",
        "coordinates": [-0.16239125222222223, 51.498679914444445]
      }
    },
    {
      "type": "Feature",
      "id": 575,
      "properties": {
        "building_id": "harrods",
        "floor": 5,
        "id": 575,
        "metadata": {
          "category": "pim",
          "concession": true
        },
        "name": "Epson",
        "type": "store"
      },
      "geometry": {
        "type": "Point",
        "coordinates": [-0.1638970366666667, 51.499114160370375]
      }
    },
    {
      "type": "Feature",
      "id": 576,
      "properties": {
        "building_id": "harrods",
        "floor": -1,
        "id": 576,
        "metadata": {
          "category": "pim",
          "concession": true
        },
        "name": "Gruff Pawtraits",
        "type": "store"
      },
      "geometry": {
        "type": "Point",
        "coordinates": [-0.16305864949999999, 51.49959715800001]
      }
    },
    {
      "type": "Feature",
      "id": 577,
      "properties": {
        "building_id": "harrods",
        "floor": -1,
        "id": 577,
        "metadata": {
          "category": "pim",
          "concession": true
        },
        "name": "Alexandra Llewellyn",
        "type": "store"
      },
      "geometry": {
        "type": "Point",
        "coordinates": [-0.16305864949999999, 51.49959715800001]
      }
    },
    {
      "type": "Feature",
      "id": 578,
      "properties": {
        "building_id": "harrods",
        "floor": -1,
        "id": 578,
        "metadata": {
          "category": "pim",
          "concession": true
        },
        "name": "Jonathan Adler",
        "type": "store"
      },
      "geometry": {
        "type": "Point",
        "coordinates": [-0.16305864949999999, 51.49959715800001]
      }
    },
    {
      "type": "Feature",
      "id": 579,
      "properties": {
        "building_id": "harrods",
        "floor": 3,
        "id": 579,
        "metadata": {
          "category": "pim",
          "concession": true
        },
        "name": "Baina",
        "type": "store"
      },
      "geometry": {
        "type": "Point",
        "coordinates": [-0.16344305781250001, 51.4989455309375]
      }
    },
    {
      "type": "Feature",
      "id": 580,
      "properties": {
        "building_id": "harrods",
        "floor": -1,
        "id": 580,
        "metadata": {
          "category": "pim",
          "concession": true
        },
        "name": "Nourkrin",
        "type": "store"
      },
      "geometry": {
        "type": "Point",
        "coordinates": [-0.1641944876923077, 51.49915551205128]
      }
    },
    {
      "type": "Feature",
      "id": 581,
      "properties": {
        "building_id": "harrods",
        "floor": 3,
        "id": 581,
        "metadata": {
          "category": "pim",
          "concession": true
        },
        "name": "D. Porthault",
        "type": "store"
      },
      "geometry": {
        "type": "Point",
        "coordinates": [-0.16282545692307693, 51.49899169282051]
      }
    },
    {
      "type": "Feature",
      "id": 582,
      "properties": {
        "building_id": "harrods",
        "floor": 3,
        "id": 582,
        "metadata": {
          "category": "pim",
          "concession": true
        },
        "name": "Wedgwood",
        "type": "store"
      },
      "geometry": {
        "type": "Point",
        "coordinates": [-0.162368830625, 51.499241381875]
      }
    },
    {
      "type": "Feature",
      "id": 583,
      "properties": {
        "building_id": "harrods",
        "floor": 5,
        "id": 583,
        "metadata": {
          "category": "pim",
          "concession": true
        },
        "name": "Satechi",
        "type": "store"
      },
      "geometry": {
        "type": "Point",
        "coordinates": [-0.16352568, 51.49944144714285]
      }
    },
    {
      "type": "Feature",
      "id": 584,
      "properties": {
        "building_id": "harrods",
        "floor": -1,
        "id": 584,
        "metadata": {
          "category": "pim",
          "concession": true
        },
        "name": "Ralph Lauren",
        "type": "store"
      },
      "geometry": {
        "type": "Point",
        "coordinates": [-0.16305864949999999, 51.49959715800001]
      }
    },
    {
      "type": "Feature",
      "id": 585,
      "properties": {
        "building_id": "harrods",
        "floor": 5,
        "id": 585,
        "metadata": {
          "category": "pim",
          "concession": true
        },
        "name": "Campfire Audio",
        "type": "store"
      },
      "geometry": {
        "type": "Point",
        "coordinates": [-0.16338165333333332, 51.499512807777776]
      }
    },
    {
      "type": "Feature",
      "id": 586,
      "properties": {
        "building_id": "harrods",
        "floor": 3,
        "id": 586,
        "metadata": {
          "category": "pim",
          "concession": true
        },
        "name": "Simple Things",
        "type": "store"
      },
      "geometry": {
        "type": "Point",
        "coordinates": [-0.16344305781250001, 51.4989455309375]
      }
    },
    {
      "type": "Feature",
      "id": 587,
      "properties": {
        "building_id": "harrods",
        "floor": 3,
        "id": 587,
        "metadata": {
          "category": "pim",
          "concession": true
        },
        "name": "Fornasetti",
        "type": "store"
      },
      "geometry": {
        "type": "Point",
        "coordinates": [-0.162368830625, 51.499241381875]
      }
    },
    {
      "type": "Feature",
      "id": 588,
      "properties": {
        "building_id": "harrods",
        "floor": 5,
        "id": 588,
        "metadata": {
          "category": "pim",
          "concession": true
        },
        "name": "Weld",
        "type": "store"
      },
      "geometry": {
        "type": "Point",
        "coordinates": [-0.16352568, 51.49944144714285]
      }
    },
    {
      "type": "Feature",
      "id": 589,
      "properties": {
        "building_id": "harrods",
        "floor": -1,
        "id": 589,
        "metadata": {
          "category": "pim",
          "concession": true
        },
        "name": "Haddrell's Of Cambridge",
        "type": "store"
      },
      "geometry": {
        "type": "Point",
        "coordinates": [-0.1641944876923077, 51.49915551205128]
      }
    },
    {
      "type": "Feature",
      "id": 590,
      "properties": {
        "building_id": "harrods",
        "floor": 5,
        "id": 590,
        "metadata": {
          "category": "pim",
          "concession": true
        },
        "name": "Denon",
        "type": "store"
      },
      "geometry": {
        "type": "Point",
        "coordinates": [-0.16338165333333332, 51.499512807777776]
      }
    },
    {
      "type": "Feature",
      "id": 591,
      "properties": {
        "building_id": "harrods",
        "floor": 3,
        "id": 591,
        "metadata": {
          "category": "pim",
          "concession": true
        },
        "name": "Cow Shed",
        "type": "store"
      },
      "geometry": {
        "type": "Point",
        "coordinates": [-0.16344305781250001, 51.4989455309375]
      }
    },
    {
      "type": "Feature",
      "id": 592,
      "properties": {
        "building_id": "harrods",
        "floor": 0,
        "id": 592,
        "metadata": {
          "category": "pim",
          "concession": true
        },
        "name": "Versace",
        "type": "store"
      },
      "geometry": {
        "type": "Point",
        "coordinates": [-0.162549281, 51.499271938666666]
      }
    },
    {
      "type": "Feature",
      "id": 593,
      "properties": {
        "building_id": "harrods",
        "floor": 3,
        "id": 593,
        "metadata": {
          "category": "pim",
          "concession": true
        },
        "name": "Versace",
        "type": "store"
      },
      "geometry": {
        "type": "Point",
        "coordinates": [-0.16282545692307693, 51.49899169282051]
      }
    },
    {
      "type": "Feature",
      "id": 594,
      "properties": {
        "building_id": "harrods",
        "floor": 3,
        "id": 594,
        "metadata": {
          "category": "pim",
          "concession": true
        },
        "name": "Schlossberg",
        "type": "store"
      },
      "geometry": {
        "type": "Point",
        "coordinates": [-0.16282545692307693, 51.49899169282051]
      }
    },
    {
      "type": "Feature",
      "id": 595,
      "properties": {
        "building_id": "harrods",
        "floor": 2,
        "id": 595,
        "metadata": {
          "category": "pim",
          "concession": true
        },
        "name": "Solomons",
        "type": "store"
      },
      "geometry": {
        "type": "Point",
        "coordinates": [-0.16290940874999998, 51.49929450625]
      }
    },
    {
      "type": "Feature",
      "id": 596,
      "properties": {
        "building_id": "harrods",
        "floor": 5,
        "id": 596,
        "metadata": {
          "category": "pim",
          "concession": true
        },
        "name": "Victorinox",
        "type": "store"
      },
      "geometry": {
        "type": "Point",
        "coordinates": [-0.1638970366666667, 51.499114160370375]
      }
    },
    {
      "type": "Feature",
      "id": 597,
      "properties": {
        "building_id": "harrods",
        "floor": 0,
        "id": 597,
        "metadata": {
          "category": "pim",
          "concession": true
        },
        "name": "Qinwan",
        "type": "store"
      },
      "geometry": {
        "type": "Point",
        "coordinates": [-0.16302708941176472, 51.49929956352941]
      }
    },
    {
      "type": "Feature",
      "id": 598,
      "properties": {
        "building_id": "harrods",
        "floor": 3,
        "id": 598,
        "metadata": {
          "category": "pim",
          "concession": true
        },
        "name": "Frette",
        "type": "store"
      },
      "geometry": {
        "type": "Point",
        "coordinates": [-0.16282545692307693, 51.49899169282051]
      }
    },
    {
      "type": "Feature",
      "id": 599,
      "properties": {
        "building_id": "harrods",
        "floor": 0,
        "id": 599,
        "metadata": {
          "category": "pim"
        },
        "name": "Mikimoto",
        "type": "store"
      },
      "geometry": {
        "type": "Point",
        "coordinates": [-0.16347071, 51.4989117]
      }
    },
    {
      "type": "Feature",
      "id": 600,
      "properties": {
        "building_id": "harrods",
        "floor": 3,
        "id": 600,
        "metadata": {
          "category": "pim",
          "concession": true
        },
        "name": "Celso De Lemos",
        "type": "store"
      },
      "geometry": {
        "type": "Point",
        "coordinates": [-0.16282545692307693, 51.49899169282051]
      }
    },
    {
      "type": "Feature",
      "id": 601,
      "properties": {
        "building_id": "harrods",
        "floor": 5,
        "id": 601,
        "metadata": {
          "category": "pim",
          "concession": true
        },
        "name": "Joby",
        "type": "store"
      },
      "geometry": {
        "type": "Point",
        "coordinates": [-0.16352568, 51.49944144714285]
      }
    },
    {
      "type": "Feature",
      "id": 602,
      "properties": {
        "building_id": "harrods",
        "floor": 5,
        "id": 602,
        "metadata": {
          "category": "pim",
          "concession": true
        },
        "name": "Tiger",
        "type": "store"
      },
      "geometry": {
        "type": "Point",
        "coordinates": [-0.16352568, 51.49944144714285]
      }
    },
    {
      "type": "Feature",
      "id": 603,
      "properties": {
        "building_id": "harrods",
        "floor": -1,
        "id": 603,
        "metadata": {
          "category": "pim",
          "concession": true
        },
        "name": "Purling Of London",
        "type": "store"
      },
      "geometry": {
        "type": "Point",
        "coordinates": [-0.16305864949999999, 51.49959715800001]
      }
    },
    {
      "type": "Feature",
      "id": 604,
      "properties": {
        "building_id": "harrods",
        "floor": 5,
        "id": 604,
        "metadata": {
          "category": "pim",
          "concession": true
        },
        "name": "Hama",
        "type": "store"
      },
      "geometry": {
        "type": "Point",
        "coordinates": [-0.16352568, 51.49944144714285]
      }
    },
    {
      "type": "Feature",
      "id": 605,
      "properties": {
        "building_id": "harrods",
        "floor": 3,
        "id": 605,
        "metadata": {
          "category": "pim",
          "concession": true
        },
        "name": "Versace",
        "type": "store"
      },
      "geometry": {
        "type": "Point",
        "coordinates": [-0.162368830625, 51.499241381875]
      }
    },
    {
      "type": "Feature",
      "id": 606,
      "properties": {
        "building_id": "harrods",
        "floor": 0,
        "id": 606,
        "metadata": {
          "category": "pim"
        },
        "name": "Graff",
        "type": "store"
      },
      "geometry": {
        "type": "Point",
        "coordinates": [-0.16347071, 51.4989117]
      }
    },
    {
      "type": "Feature",
      "id": 607,
      "properties": {
        "building_id": "harrods",
        "floor": 3,
        "id": 607,
        "metadata": {
          "category": "pim",
          "concession": true
        },
        "name": "Xerjoff",
        "type": "store"
      },
      "geometry": {
        "type": "Point",
        "coordinates": [-0.1626415352173913, 51.49950476217391]
      }
    },
    {
      "type": "Feature",
      "id": 608,
      "properties": {
        "building_id": "harrods",
        "floor": 0,
        "id": 608,
        "metadata": {
          "category": "pim",
          "concession": true
        },
        "name": "Moynat",
        "type": "store"
      },
      "geometry": {
        "type": "Point",
        "coordinates": [-0.16333082944444444, 51.49949205555556]
      }
    },
    {
      "type": "Feature",
      "id": 609,
      "properties": {
        "building_id": "harrods",
        "floor": 0,
        "id": 609,
        "metadata": {
          "category": "pim"
        },
        "name": "Louis Vuitton",
        "type": "store"
      },
      "geometry": {
        "type": "Point",
        "coordinates": [-0.16260699666666667, 51.499525528571425]
      }
    },
    {
      "type": "Feature",
      "id": 610,
      "properties": {
        "building_id": "harrods",
        "floor": 5,
        "id": 610,
        "metadata": {
          "category": "pim",
          "concession": true
        },
        "name": "Swarovski",
        "type": "store"
      },
      "geometry": {
        "type": "Point",
        "coordinates": [-0.1638970366666667, 51.499114160370375]
      }
    },
    {
      "type": "Feature",
      "id": 611,
      "properties": {
        "building_id": "harrods",
        "floor": 0,
        "id": 611,
        "metadata": {
          "category": "pim"
        },
        "name": "Van Cleef & Arpels",
        "type": "store"
      },
      "geometry": {
        "type": "Point",
        "coordinates": [-0.16347071, 51.4989117]
      }
    },
    {
      "type": "Feature",
      "id": 612,
      "properties": {
        "building_id": "harrods",
        "floor": -1,
        "id": 612,
        "metadata": {
          "category": "pim",
          "concession": true
        },
        "name": "Mutts And Hounds",
        "type": "store"
      },
      "geometry": {
        "type": "Point",
        "coordinates": [-0.16305864949999999, 51.49959715800001]
      }
    },
    {
      "type": "Feature",
      "id": 613,
      "properties": {
        "building_id": "harrods",
        "floor": 3,
        "id": 613,
        "metadata": {
          "category": "pim",
          "concession": true
        },
        "name": "Joseph Joseph",
        "type": "store"
      },
      "geometry": {
        "type": "Point",
        "coordinates": [-0.16239125222222223, 51.498679914444445]
      }
    },
    {
      "type": "Feature",
      "id": 614,
      "properties": {
        "building_id": "harrods",
        "floor": 0,
        "id": 614,
        "metadata": {
          "category": "pim",
          "concession": true
        },
        "name": "Giorgio Armani",
        "type": "store"
      },
      "geometry": {
        "type": "Point",
        "coordinates": [-0.162549281, 51.499271938666666]
      }
    },
    {
      "type": "Feature",
      "id": 615,
      "properties": {
        "building_id": "harrods",
        "floor": 3,
        "id": 615,
        "metadata": {
          "category": "pim",
          "concession": true
        },
        "name": "Savoir Beds",
        "type": "store"
      },
      "geometry": {
        "type": "Point",
        "coordinates": [-0.163964895, 51.499106366666666]
      }
    },
    {
      "type": "Feature",
      "id": 616,
      "properties": {
        "building_id": "harrods",
        "floor": 3,
        "id": 616,
        "metadata": {
          "category": "pim",
          "concession": true
        },
        "name": "Colunex",
        "type": "store"
      },
      "geometry": {
        "type": "Point",
        "coordinates": [-0.163964895, 51.499106366666666]
      }
    },
    {
      "type": "Feature",
      "id": 617,
      "properties": {
        "building_id": "harrods",
        "floor": 0,
        "id": 617,
        "metadata": {
          "category": "pim",
          "concession": true
        },
        "name": "Gucci",
        "type": "store"
      },
      "geometry": {
        "type": "Point",
        "coordinates": [-0.162549281, 51.499271938666666]
      }
    },
    {
      "type": "Feature",
      "id": 618,
      "properties": {
        "building_id": "harrods",
        "floor": -1,
        "id": 618,
        "metadata": {
          "category": "pim",
          "concession": true
        },
        "name": "Theodent",
        "type": "store"
      },
      "geometry": {
        "type": "Point",
        "coordinates": [-0.1641944876923077, 51.49915551205128]
      }
    },
    {
      "type": "Feature",
      "id": 619,
      "properties": {
        "building_id": "harrods",
        "floor": 3,
        "id": 619,
        "metadata": {
          "category": "pim",
          "concession": true
        },
        "name": "Mauli Rituals",
        "type": "store"
      },
      "geometry": {
        "type": "Point",
        "coordinates": [-0.16344305781250001, 51.4989455309375]
      }
    },
    {
      "type": "Feature",
      "id": 620,
      "properties": {
        "building_id": "harrods",
        "floor": 3,
        "id": 620,
        "metadata": {
          "category": "pim",
          "concession": true
        },
        "name": "Olfactif",
        "type": "store"
      },
      "geometry": {
        "type": "Point",
        "coordinates": [-0.1626415352173913, 51.49950476217391]
      }
    },
    {
      "type": "Feature",
      "id": 621,
      "properties": {
        "building_id": "harrods",
        "floor": -1,
        "id": 621,
        "metadata": {
          "category": "pim",
          "concession": true
        },
        "name": "Harrods Bears & Soft Toys",
        "type": "store"
      },
      "geometry": {
        "type": "Point",
        "coordinates": [-0.16233340764705884, 51.49928196941177]
      }
    },
    {
      "type": "Feature",
      "id": 622,
      "properties": {
        "building_id": "harrods",
        "floor": 3,
        "id": 622,
        "metadata": {
          "category": "pim",
          "concession": true
        },
        "name": "Ninja",
        "type": "store"
      },
      "geometry": {
        "type": "Point",
        "coordinates": [-0.16239125222222223, 51.498679914444445]
      }
    },
    {
      "type": "Feature",
      "id": 623,
      "properties": {
        "building_id": "harrods",
        "floor": -1,
        "id": 623,
        "metadata": {
          "category": "pim",
          "concession": true
        },
        "name": "Pharmaclinix",
        "type": "store"
      },
      "geometry": {
        "type": "Point",
        "coordinates": [-0.1641944876923077, 51.49915551205128]
      }
    },
    {
      "type": "Feature",
      "id": 624,
      "properties": {
        "building_id": "harrods",
        "floor": 5,
        "id": 624,
        "metadata": {
          "category": "pim",
          "concession": true
        },
        "name": "Jlab",
        "type": "store"
      },
      "geometry": {
        "type": "Point",
        "coordinates": [-0.16338165333333332, 51.499512807777776]
      }
    },
    {
      "type": "Feature",
      "id": 625,
      "properties": {
        "building_id": "harrods",
        "floor": 4,
        "id": 625,
        "metadata": {
          "category": "pim",
          "concession": true
        },
        "name": "Monster Jam",
        "type": "store"
      },
      "geometry": {
        "type": "Point",
        "coordinates": [-0.16273238875, 51.49984731]
      }
    },
    {
      "type": "Feature",
      "id": 626,
      "properties": {
        "building_id": "harrods",
        "floor": 3,
        "id": 626,
        "metadata": {
          "category": "pim",
          "concession": true
        },
        "name": "Graccioza",
        "type": "store"
      },
      "geometry": {
        "type": "Point",
        "coordinates": [-0.16344305781250001, 51.4989455309375]
      }
    },
    {
      "type": "Feature",
      "id": 627,
      "properties": {
        "building_id": "harrods",
        "floor": -1,
        "id": 627,
        "metadata": {
          "category": "pim",
          "concession": true
        },
        "name": "Leipzig Galleries",
        "type": "store"
      },
      "geometry": {
        "type": "Point",
        "coordinates": [-0.16305864949999999, 51.49959715800001]
      }
    },
    {
      "type": "Feature",
      "id": 628,
      "properties": {
        "building_id": "harrods",
        "floor": -1,
        "id": 628,
        "metadata": {
          "category": "pim",
          "concession": true
        },
        "name": "Nooe",
        "type": "store"
      },
      "geometry": {
        "type": "Point",
        "coordinates": [-0.16305864949999999, 51.49959715800001]
      }
    },
    {
      "type": "Feature",
      "id": 629,
      "properties": {
        "building_id": "harrods",
        "floor": 5,
        "id": 629,
        "metadata": {
          "category": "pim",
          "concession": true
        },
        "name": "Bliss Protection",
        "type": "store"
      },
      "geometry": {
        "type": "Point",
        "coordinates": [-0.16352568, 51.49944144714285]
      }
    },
    {
      "type": "Feature",
      "id": 630,
      "properties": {
        "building_id": "harrods",
        "floor": 3,
        "id": 630,
        "metadata": {
          "category": "pim",
          "concession": true
        },
        "name": "Royal Copenhagen",
        "type": "store"
      },
      "geometry": {
        "type": "Point",
        "coordinates": [-0.162368830625, 51.499241381875]
      }
    },
    {
      "type": "Feature",
      "id": 631,
      "properties": {
        "building_id": "harrods",
        "floor": 3,
        "id": 631,
        "metadata": {
          "category": "pim",
          "concession": true
        },
        "name": "Etro",
        "type": "store"
      },
      "geometry": {
        "type": "Point",
        "coordinates": [-0.16282545692307693, 51.49899169282051]
      }
    },
    {
      "type": "Feature",
      "id": 632,
      "properties": {
        "building_id": "harrods",
        "floor": 3,
        "id": 632,
        "metadata": {
          "category": "pim",
          "concession": true
        },
        "name": "Loretta Caponi",
        "type": "store"
      },
      "geometry": {
        "type": "Point",
        "coordinates": [-0.16282545692307693, 51.49899169282051]
      }
    },
    {
      "type": "Feature",
      "id": 633,
      "properties": {
        "building_id": "harrods",
        "floor": 5,
        "id": 633,
        "metadata": {
          "category": "pim",
          "concession": true
        },
        "name": "Ring",
        "type": "store"
      },
      "geometry": {
        "type": "Point",
        "coordinates": [-0.16352568, 51.49944144714285]
      }
    },
    {
      "type": "Feature",
      "id": 634,
      "properties": {
        "building_id": "harrods",
        "floor": 0,
        "id": 634,
        "metadata": {
          "category": "pim",
          "concession": true
        },
        "name": "Saint Laurent Paris",
        "type": "store"
      },
      "geometry": {
        "type": "Point",
        "coordinates": [-0.16318366478260868, 51.499635751304346]
      }
    },
    {
      "type": "Feature",
      "id": 635,
      "properties": {
        "building_id": "harrods",
        "floor": -1,
        "id": 635,
        "metadata": {
          "category": "pim",
          "concession": true
        },
        "name": "Herra",
        "type": "store"
      },
      "geometry": {
        "type": "Point",
        "coordinates": [-0.1641944876923077, 51.49915551205128]
      }
    },
    {
      "type": "Feature",
      "id": 636,
      "properties": {
        "building_id": "harrods",
        "floor": 5,
        "id": 636,
        "metadata": {
          "category": "pim",
          "concession": true
        },
        "name": "Astell & Kern",
        "type": "store"
      },
      "geometry": {
        "type": "Point",
        "coordinates": [-0.16338165333333332, 51.499512807777776]
      }
    },
    {
      "type": "Feature",
      "id": 637,
      "properties": {
        "building_id": "harrods",
        "floor": 5,
        "id": 637,
        "metadata": {
          "category": "pim",
          "concession": true
        },
        "name": "Ruark Audio",
        "type": "store"
      },
      "geometry": {
        "type": "Point",
        "coordinates": [-0.16338165333333332, 51.499512807777776]
      }
    },
    {
      "type": "Feature",
      "id": 638,
      "properties": {
        "building_id": "harrods",
        "floor": 3,
        "id": 638,
        "metadata": {
          "category": "pim",
          "concession": true
        },
        "name": "The Longing",
        "type": "store"
      },
      "geometry": {
        "type": "Point",
        "coordinates": [-0.16344305781250001, 51.4989455309375]
      }
    },
    {
      "type": "Feature",
      "id": 639,
      "properties": {
        "building_id": "harrods",
        "floor": 5,
        "id": 639,
        "metadata": {
          "category": "pim",
          "concession": true
        },
        "name": "Specialized",
        "type": "store"
      },
      "geometry": {
        "type": "Point",
        "coordinates": [-0.16352568, 51.49944144714285]
      }
    },
    {
      "type": "Feature",
      "id": 640,
      "properties": {
        "building_id": "harrods",
        "floor": -1,
        "id": 640,
        "metadata": {
          "category": "pim",
          "concession": true
        },
        "name": "S.T. Dupont",
        "type": "store"
      },
      "geometry": {
        "type": "Point",
        "coordinates": [-0.16305864949999999, 51.49959715800001]
      }
    },
    {
      "type": "Feature",
      "id": 641,
      "properties": {
        "building_id": "harrods",
        "floor": 3,
        "id": 641,
        "metadata": {
          "category": "pim",
          "concession": true
        },
        "name": "Fueguia 1833",
        "type": "store"
      },
      "geometry": {
        "type": "Point",
        "coordinates": [-0.1626415352173913, 51.49950476217391]
      }
    },
    {
      "type": "Feature",
      "id": 642,
      "properties": {
        "building_id": "harrods",
        "floor": -1,
        "id": 642,
        "metadata": {
          "category": "pim",
          "concession": true
        },
        "name": "Wedderspoon",
        "type": "store"
      },
      "geometry": {
        "type": "Point",
        "coordinates": [-0.1641944876923077, 51.49915551205128]
      }
    },
    {
      "type": "Feature",
      "id": 643,
      "properties": {
        "building_id": "harrods",
        "floor": -1,
        "id": 643,
        "metadata": {
          "category": "pim",
          "concession": true
        },
        "name": "Rocs",
        "type": "store"
      },
      "geometry": {
        "type": "Point",
        "coordinates": [-0.1641944876923077, 51.49915551205128]
      }
    },
    {
      "type": "Feature",
      "id": 644,
      "properties": {
        "building_id": "harrods",
        "floor": -1,
        "id": 644,
        "metadata": {
          "category": "pim",
          "concession": true
        },
        "name": "Smythson",
        "type": "store"
      },
      "geometry": {
        "type": "Point",
        "coordinates": [-0.16305864949999999, 51.49959715800001]
      }
    },
    {
      "type": "Feature",
      "id": 645,
      "properties": {
        "building_id": "harrods",
        "floor": 3,
        "id": 645,
        "metadata": {
          "category": "pim",
          "concession": true
        },
        "name": "Bernardaud",
        "type": "store"
      },
      "geometry": {
        "type": "Point",
        "coordinates": [-0.162368830625, 51.499241381875]
      }
    },
    {
      "type": "Feature",
      "id": 646,
      "properties": {
        "building_id": "harrods",
        "floor": 0,
        "id": 646,
        "metadata": {
          "category": "pim"
        },
        "name": "Santa Maria Novella",
        "type": "store"
      },
      "geometry": {
        "type": "Point",
        "coordinates": [-0.16202873, 51.49914051]
      }
    },
    {
      "type": "Feature",
      "id": 647,
      "properties": {
        "building_id": "harrods",
        "floor": 3,
        "id": 647,
        "metadata": {
          "category": "pim",
          "concession": true
        },
        "name": "Kitchenaid",
        "type": "store"
      },
      "geometry": {
        "type": "Point",
        "coordinates": [-0.16239125222222223, 51.498679914444445]
      }
    },
    {
      "type": "Feature",
      "id": 648,
      "properties": {
        "building_id": "harrods",
        "floor": 5,
        "id": 648,
        "metadata": {
          "category": "pim",
          "concession": true
        },
        "name": "Shokz",
        "type": "store"
      },
      "geometry": {
        "type": "Point",
        "coordinates": [-0.16338165333333332, 51.499512807777776]
      }
    },
    {
      "type": "Feature",
      "id": 649,
      "properties": {
        "building_id": "harrods",
        "floor": 0,
        "id": 649,
        "metadata": {
          "category": "pim"
        },
        "name": "Lorraine Schwartz",
        "type": "store"
      },
      "geometry": {
        "type": "Point",
        "coordinates": [-0.16347071, 51.4989117]
      }
    },
    {
      "type": "Feature",
      "id": 650,
      "properties": {
        "building_id": "harrods",
        "floor": 3,
        "id": 650,
        "metadata": {
          "category": "pim",
          "concession": true
        },
        "name": "Meissen",
        "type": "store"
      },
      "geometry": {
        "type": "Point",
        "coordinates": [-0.162368830625, 51.499241381875]
      }
    },
    {
      "type": "Feature",
      "id": 651,
      "properties": {
        "building_id": "harrods",
        "floor": 4,
        "id": 651,
        "metadata": {
          "category": "pim",
          "concession": true
        },
        "name": "Star Wars",
        "type": "store"
      },
      "geometry": {
        "type": "Point",
        "coordinates": [-0.16273238875, 51.49984731]
      }
    },
    {
      "type": "Feature",
      "id": 652,
      "properties": {
        "building_id": "harrods",
        "floor": 3,
        "id": 652,
        "metadata": {
          "category": "pim",
          "concession": true
        },
        "name": "Duux",
        "type": "store"
      },
      "geometry": {
        "type": "Point",
        "coordinates": [-0.16239125222222223, 51.498679914444445]
      }
    },
    {
      "type": "Feature",
      "id": 653,
      "properties": {
        "building_id": "harrods",
        "floor": 4,
        "id": 653,
        "metadata": {
          "category": "telecommunication-services",
          "keywords": ["phone", " charger", "charging"]
        },
        "name": "Mobile Charging Zone",
        "type": "store"
      },
      "geometry": {
        "type": "Point",
        "coordinates": [-0.16225618, 51.49875681]
      }
    },
    {
      "type": "Feature",
      "id": 654,
      "properties": {
        "building_id": "harrods",
        "floor": 4,
        "id": 654,
        "metadata": {
          "category": "telecommunication-services",
          "keywords": ["phone", " charger"]
        },
        "name": "Mobile Charging Zone",
        "type": "store"
      },
      "geometry": {
        "type": "Point",
        "coordinates": [-0.16203125, 51.4990983]
      }
    },
    {
      "type": "Feature",
      "id": 655,
      "properties": {
        "building_id": "harrods",
        "floor": 1,
        "id": 655,
        "metadata": {
          "category": "changing-room"
        },
        "name": "Women's Changing Room",
        "type": "store"
      },
      "geometry": {
        "type": "Point",
        "coordinates": [-0.16274502625, 51.4998649075]
      }
    },
    {
      "type": "Feature",
      "id": 656,
      "properties": {
        "building_id": "harrods",
        "floor": 0,
        "id": 656,
        "metadata": {
          "category": "entrance-exit"
        },
        "name": "Entrance - Exit",
        "type": "entrance"
      },
      "geometry": {
        "type": "Point",
        "coordinates": [-0.16256215, 51.499833495000004]
      }
    },
    {
      "type": "Feature",
      "id": 657,
      "properties": {
        "building_id": "harrods",
        "floor": 0,
        "id": 657,
        "metadata": {
          "category": "entrance-exit"
        },
        "name": "Door 2",
        "type": "amenity"
      },
      "geometry": {
        "type": "Point",
        "coordinates": [-0.1623714, 51.49857735]
      }
    },
    {
      "type": "Feature",
      "id": 658,
      "properties": {
        "building_id": "harrods",
        "floor": 0,
        "id": 658,
        "metadata": {
          "category": "entrance-exit"
        },
        "name": "Door 9",
        "type": "entrance"
      },
      "geometry": {
        "type": "Point",
        "coordinates": [-0.1642023175, 51.499112355]
      }
    },
    {
      "type": "Feature",
      "id": 659,
      "properties": {
        "building_id": "harrods",
        "floor": 0,
        "id": 659,
        "metadata": {
          "category": "entrance-exit"
        },
        "name": "Door 7",
        "type": "entrance"
      },
      "geometry": {
        "type": "Point",
        "coordinates": [-0.16331294666666665, 51.499726535]
      }
    },
    {
      "type": "Feature",
      "id": 660,
      "properties": {
        "building_id": "harrods",
        "floor": 0,
        "id": 660,
        "metadata": {
          "category": "entrance-exit"
        },
        "name": "Door 5",
        "type": "entrance"
      },
      "geometry": {
        "type": "Point",
        "coordinates": [-0.1621212075, 51.499583285]
      }
    },
    {
      "type": "Feature",
      "id": 661,
      "properties": {
        "building_id": "harrods",
        "floor": 0,
        "id": 661,
        "metadata": {
          "category": "entrance-exit"
        },
        "name": "Door 3",
        "type": "entrance"
      },
      "geometry": {
        "type": "Point",
        "coordinates": [-0.1619129175, 51.498943765]
      }
    },
    {
      "type": "Feature",
      "id": 662,
      "properties": {
        "building_id": "harrods",
        "floor": 0,
        "id": 662,
        "metadata": {
          "category": "entrance-exit"
        },
        "name": "Door 6",
        "type": "entrance"
      },
      "geometry": {
        "type": "Point",
        "coordinates": [-0.16277551375, 51.49996463125]
      }
    },
    {
      "type": "Feature",
      "id": 663,
      "properties": {
        "building_id": "harrods",
        "floor": 0,
        "id": 663,
        "metadata": {
          "category": "entrance-exit"
        },
        "name": "Door 10",
        "type": "entrance"
      },
      "geometry": {
        "type": "Point",
        "coordinates": [-0.16394903166666666, 51.49898864]
      }
    },
    {
      "type": "Feature",
      "id": 664,
      "properties": {
        "building_id": "harrods",
        "floor": 0,
        "id": 664,
        "metadata": {
          "category": "entrance-exit"
        },
        "name": "Door 8",
        "type": "entrance"
      },
      "geometry": {
        "type": "Point",
        "coordinates": [-0.163708455, 51.49949371666667]
      }
    },
    {
      "type": "Feature",
      "id": 665,
      "properties": {
        "building_id": "harrods",
        "floor": 0,
        "id": 665,
        "metadata": {
          "category": "entrance-exit"
        },
        "name": "Door 4",
        "type": "entrance"
      },
      "geometry": {
        "type": "Point",
        "coordinates": [-0.16178972200000002, 51.499386742]
      }
    },
    {
      "type": "Feature",
      "id": 666,
      "properties": {
        "building_id": "harrods",
        "floor": -1,
        "id": 666,
        "metadata": {
          "category": "gift-wrap-station"
        },
        "name": "Harrods Gift Shop",
        "type": "store"
      },
      "geometry": {
        "type": "Point",
        "coordinates": [-0.16234984589285714, 51.4992588725]
      }
    },
    {
      "type": "Feature",
      "id": 667,
      "properties": {
        "building_id": "harrods",
        "floor": -1,
        "id": 667,
        "metadata": {
          "category": "gift-wrap-station",
          "description": "The Food Orders Desk in the Food Halls can help you arrange for bespoke orders, luxury hampers and catering food to be delivered to an address of your choice.",
          "phone": "+442078938041",
          "keywords": [
            "food",
            "food to order",
            "ordering service",
            "hamper",
            "hamper pick-up point",
            "pick-up point",
            "pick up point",
            "pick up",
            "ordering point"
          ],
          "link": "https://www.harrods.com/en-gb/services/food-to-order"
        },
        "name": "Hampers",
        "type": "store"
      },
      "geometry": {
        "type": "Point",
        "coordinates": [-0.162227635, 51.4995027925]
      }
    },
    {
      "type": "Feature",
      "id": 668,
      "properties": {
        "building_id": "harrods",
        "floor": -1,
        "id": 668,
        "metadata": {
          "category": "gift-wrap-station",
          "description": "A special gift deserves special wrapping. Our in-store team is prepped and ready to transform your present, large or small, using luxury paper, ribbons and decorations. Items must be collected after 72 hours.",
          "phone": "+442077301234"
        },
        "name": "Gift Wrapping",
        "type": "store"
      },
      "geometry": {
        "type": "Point",
        "coordinates": [-0.16230173666666667, 51.499589431666664]
      }
    },
    {
      "type": "Feature",
      "id": 669,
      "properties": {
        "building_id": "harrods",
        "floor": 0,
        "id": 669,
        "metadata": {
          "category": "couriers-delivery-services",
          "description": "The Food Orders Desk in the Food Halls can help you arrange for bespoke orders, luxury hampers and catering food to be delivered to an address of your choice.",
          "phone": "+442078938041",
          "tags": ["Delivery", "Food order", "Catering", "Hamper"],
          "logo": "https://vader-prod.s3.amazonaws.com/1702900611-harrods-the-classic-gift-hamper-17503417-46866991-2048-65803354bfd9a.jpg",
          "link": "https://www.harrods.com/en-gb/services/food-to-order",
          "images": [
            "https://www.chocolatier.co.uk/wp-content/uploads/2023/09/harrods-chocolate-hall-gift-box-512x384.jpg",
            "https://hungrybecky.com/wp-content/uploads/2014/11/The-Sloane.jpg",
            "https://palife.co.uk/wp-content/uploads/2022/11/Harrods-Dec-2nd-web.jpg"
          ]
        },
        "name": "Hampers and Food to Order",
        "type": "store"
      },
      "geometry": {
        "type": "Point",
        "coordinates": [-0.16312485, 51.49904012]
      }
    },
    {
      "type": "Feature",
      "id": 670,
      "properties": {
        "building_id": "harrods",
        "floor": 0,
        "id": 670,
        "metadata": {
          "category": "couriers-delivery-services",
          "description": "Want the delicious taste of the Food Halls food in your own home? Be it fresh, seasonal produce, gourmet pantry staples or delicious comfort classics prepared by Harrods chefs, our delivery vans are poised and ready to deliver the best of the Food Halls, straight to your door.",
          "phone": "+442077301234",
          "tags": ["Fresh Food", "Delivery"],
          "logo": "https://www.forrist.com/cdn/shop/files/Forrist_at_Harrods_1200x.jpg?v=1696582588",
          "link": "https://www.harrods.com/en-gb/services/fresh-food-delivery-service",
          "images": [
            "https://dmrqkbkq8el9i.cloudfront.net/Pictures/480xany/0/0/4/222004_Harrods-food-hall.jpg",
            "https://cdn.mos.cms.futurecdn.net/3MsV8CE9Bs3vtgEu7Qc7m4-1200-80.jpg",
            "https://www.hot-dinners.com/images/stories/blog/2018/harrodsmarket/vegwall2.jpg"
          ]
        },
        "name": "Fresh Food Delivery",
        "type": "store"
      },
      "geometry": {
        "type": "Point",
        "coordinates": [-0.16305386, 51.49917144]
      }
    },
    {
      "type": "Feature",
      "id": 671,
      "properties": {
        "building_id": "harrods",
        "floor": 0,
        "id": 671,
        "metadata": {
          "category": "restaurant",
          "description": "There are some hunger pangs that only fresh, homemade pasta can temper \u2013 and don\u2019t the Pasta Evangelists know it. With a view to bringing authentic regional Italian dishes to London, they opened their first fresh pasta counter in Harrods in 2018, followed by their first restaurant venture in our very own Dining Hall not long after. Taking the menu to new heights this season is chef Giancarlo Perbellini. The Italian is best known for his two-Michelin-star restaurant in Verona: Casa Perbellini. Fo",
          "openHours": {
            "Monday": [["08:00", "22:00"]],
            "Tuesday": [["08:00", "22:00"]],
            "Wednesday": [["08:00", "22:00"]],
            "Thursday": [["08:00", "22:00"]],
            "Friday": [["08:00", "22:00"]]
          },
          "openingHours": "Monday:11:30am to 9pmTuesday to Saturday:11:30am to 10:30pmSunday:11:30am to 6pm * Late Night Dining, last sitting 9:30pm",
          "phone": "+442072256800",
          "tags": [
            "Italian",
            "Pasta",
            "Restaurant",
            "chef Giancarlo Perbellini",
            "Vegan freindly",
            "2 Michelin-star restaurant"
          ],
          "rating": 4.9,
          "numberOfRatings": 987,
          "logo": "https://res.cloudinary.com/tf-lab/image/upload/w_450,h_450,c_fill,g_auto:subject,q_auto,f_auto/restaurant/b6e16ed2-57a5-47db-9c4a-b6bd8e1d914b/1f16c919-d4f5-4241-b9da-dea5d1b6290d.jpg",
          "link": "https://harrods.canto.global/direct/document/0q7ri4ni4h21t5eten310ts11o/_OpFAUazylWnMSB8vyAp6UkZHYw/original?content-type=application%2Fpdf&name=Pasta+Evangelists+sample+menu.pdf",
          "priceLevel": "$$$",
          "images": [
            "https://images.virginexperiencedays.co.uk/images/product/main/pasta-evangelists-at-harrods-06094440.jpg?auto=compress%2Cformat&w=1440&q=80&fit=max",
            "https://cdn.squaremeal.co.uk/restaurants/19671/images/pasta-evangelists-review_08072021124411.jpg?w=480&h=320&fit=crop",
            "https://cdn.mos.cms.futurecdn.net/m4MDGhM6U4abpsXkjv2Hdf-1280-80.jpg"
          ]
        },
        "name": "Pasta Evangelists by Perbellini",
        "type": "store"
      },
      "geometry": {
        "type": "Point",
        "coordinates": [-0.16331098, 51.49915365]
      }
    },
    {
      "type": "Feature",
      "id": 672,
      "properties": {
        "building_id": "harrods",
        "floor": 0,
        "id": 672,
        "metadata": {
          "category": "restaurant",
          "description": "What began as a supper club is today the celebrated Kinoya ramen bar in Dubai. Awarded a Michelin Bib Gourmand in 2023 and currently rated number seven in Middle East & Africa 50 Best Restaurants 2023, it is now available in the Dining Hall for the first time ever \u2013 with a menu created under the watchful eye of Chef Neha Mishra. For maximum flavour (and keeping in line with the restaurant\u2019s commitment to sustainability) each hearty bowl is created according to \u2018nose to tail\u2019 principles for the u",
          "openHours": {
            "Monday": [["08:00", "22:00"]],
            "Tuesday": [["08:00", "22:00"]],
            "Wednesday": [["08:00", "22:00"]],
            "Thursday": [["08:00", "22:00"]],
            "Friday": [["08:00", "22:00"]]
          },
          "openingHours": "Monday:11:30am to 9pmTuesday to Saturday:11:30am to 10:30pm*Sunday:11:30am to 6pm * Late Night Dining, last sitting 9:30pm",
          "phone": "+442072256800",
          "tags": [
            "Japanese",
            "Michelin",
            "50 Best Restaurants",
            "Chef Neha Mishra"
          ],
          "rating": 4.7,
          "numberOfRatings": 987,
          "logo": "https://res.cloudinary.com/tf-lab/image/upload/w_450,h_450,c_fill,g_auto:subject,q_auto,f_auto/restaurant/63314a92-f748-452e-a9fd-558314758c23/57fdc843-a6de-4f6e-af33-4b7519728ca4.jpg",
          "link": "https://harrods.canto.global/direct/document/tfa78pbq354kdb9dr04v5lsa1f/pH2xKNqZeIOodunz3gxAbK-yfpY/original?content-type=application%2Fpdf&name=KY_HR_Menu.pdf",
          "priceLevel": "$$$",
          "images": [
            "https://cloudfront-eu-central-1.images.arcpublishing.com/williamreed/C6IYZ3VR2VOAVKIIQJKHM5TTLM.jpg",
            "https://cdn.squaremeal.co.uk/restaurants/24637/images/kinoya-london-harrods-review_17102023095332.jpg?w=471&h=265&fit=crop&auto=format%2Ccompress",
            "https://www.caterermiddleeast.com/2021/06/UzsMlq30-Kinoya-CME12-2.jpg"
          ],
          "buttons": [
            {
              "name": "Call",
              "action": "tel",
              "intent": "+44 20 7225 6800"
            }
          ]
        },
        "name": "Kinoya Ramen Bar",
        "type": "store"
      },
      "geometry": {
        "type": "Point",
        "coordinates": [-0.16309167, 51.49914987]
      }
    },
    {
      "type": "Feature",
      "id": 673,
      "properties": {
        "building_id": "harrods",
        "floor": 0,
        "id": 673,
        "metadata": {
          "category": "restaurant",
          "description": "Harrods Roast & Bake is your go-to place for coffee and nibbles on the go. Flat white, cortado, cappuccino \u2013 every coffee is made with our signature Knightsbridge Roast, developed by our master roaster Bartosz Ciepaj, and made from 100-per-cent arabica beans for notes of caramel, roasted nuts and chocolate. The menu also includes daily soups and stews, freshly baked viennoiseries (think double-baked almond croissants), and a selection of sandwiches, wraps and salads, all made daily by our in-hou",
          "openHours": {
            "Monday": [["08:00", "22:00"]],
            "Tuesday": [["08:00", "22:00"]],
            "Wednesday": [["08:00", "22:00"]],
            "Thursday": [["08:00", "22:00"]],
            "Friday": [["08:00", "22:00"]],
            "Saturday": [["08:00", "22:00"]],
            "Sunday": [["08:00", "22:00"]]
          },
          "openingHours": "Monday to Saturday:8am to 4pmSunday:9am to 5pm",
          "phone": "+442072256800",
          "tags": ["Coffee", "Bakery", "Food"],
          "logo": "https://d2wd7685k000to.cloudfront.net/rendition/306683987547/image_kpkupd73h151bc4jf3fghra561/-S3072x6144-FJPG",
          "priceLevel": "$$",
          "images": [
            "https://www.thefoodaholic.co.uk/wp-content/uploads/2017/11/DSC_0066-1.jpg",
            "https://www.hot-dinners.com/images/stories/blog/2017/harrodtea.jpg",
            "https://dmrqkbkq8el9i.cloudfront.net/Pictures/380x253/8/4/8/129848_harrods-wine-web.jpg"
          ]
        },
        "name": "Harrods Roast & Bake",
        "type": "restaurant"
      },
      "geometry": {
        "type": "Point",
        "coordinates": [-0.161656015, 51.498874565]
      }
    },
    {
      "type": "Feature",
      "id": 674,
      "properties": {
        "building_id": "harrods",
        "floor": 2,
        "id": 674,
        "metadata": {
          "category": "restaurant",
          "description": "The convivial buzz. The tantalising menu. The opulent surroundings. It\u2019s not hard to imagine how Em Sherif captured the hearts (and stomachs) of Beirut in 2011 with its first restaurant. Founded by the brilliant chef patron Mireille Hayek, the franchise is credited for putting Lebanese fine dining on the map. Just last year, The World\u2019s 50 Best Restaurants listed it as one of the top nine female-led restaurants to watch \u2013 and watch we shall, as Hayek opens her 11th outpost (her first in Europe) ",
          "openingHours": "Monday to Saturday:12pm to 11pmSunday:12pm to 8pm",
          "phone": "+442072256800",
          "tags": ["Beirut", "Lebanese cuisine", "Female-led", "Fine Dining"],
          "keywords": [
            "deli",
            "meze",
            "Arabic",
            "traditional",
            "restaurant",
            "fine dining",
            "Lebanese"
          ],
          "logo": "https://images.deliveryhero.io/image/talabat/restaurants/logo638208834667978162.jpg?width=300",
          "link": "https://harrods.canto.global/direct/document/dg286f3d750l9eet5mgpgks93e/Nh0ihQvUEExZ_0CH5VNxgWBMwUA/original?content-type=application%2Fpdf&name=EmSherif_FoodMenu_.pdf",
          "images": [
            "https://foundry-bcmh.imgix.net/wp-content/uploads/2022/12/image_processing20220601-28806-gtt4r9.jpg",
            "https://www.verdictfoodservice.com/wp-content/uploads/sites/17/2023/09/FS-1-Img-1.jpg",
            "https://www.caterermiddleeast.com/cloud/2022/04/29/image-1-1024x683.png"
          ]
        },
        "name": "Em Sherif",
        "type": "restaurant"
      },
      "geometry": {
        "type": "Point",
        "coordinates": [-0.164129226, 51.499134846000004]
      }
    },
    {
      "type": "Feature",
      "id": 675,
      "properties": {
        "building_id": "harrods",
        "floor": 4,
        "id": 675,
        "metadata": {
          "category": "restaurant",
          "description": "A taste of America, without the trans-Atlantic trip; the first Gordon Ramsay Burger restaurant outside of Las Vegas has touched down in Knightsbridge, and as you\u2019d expect from Michelin-starred chef Gordon Ramsay, these are not your average quarter-pounders. A bespoke blend of chuck, brisket and rib cap, the 100% UK heritage beef patties are cooked to perfection on an open flame and \u2013 just before they\u2019re taken off the grill \u2013 brushed with Ivy House Farm butter for an extra hit of nutty sweetness.",
          "openHours": {
            "Monday": [["08:00", "22:00"]],
            "Tuesday": [["08:00", "22:00"]],
            "Wednesday": [["08:00", "22:00"]],
            "Thursday": [["08:00", "22:00"]],
            "Friday": [["08:00", "22:00"]],
            "Saturday": [["08:00", "22:00"]],
            "Sunday": [["08:00", "22:00"]]
          },
          "openingHours": "Monday to Saturday:\\n12pm to 9pm\\nSunday:\\n12pm to 6pm",
          "phone": "+442072256800",
          "tags": ["Burger", "Gordon Ramsay", "American Cuisine"],
          "rating": 4.7,
          "numberOfRatings": 234,
          "logo": "https://mir-s3-cdn-cf.behance.net/projects/404/a1ca63209941527.Y3JvcCwxMDA3LDc4OCwxOTcsMA.png",
          "link": "https://harrods.canto.global/direct/document/56eojq7m291fldrfjs21p11q2c/_lceiTb17xPBOYRwk3eHbLrK5bc/original?content-type=application%2Fpdf&name=Gordon+Ramsay+Burger+A4_v42.pdf",
          "images": [
            "https://www.gordonramsayrestaurants.com/assets/Uploads/_resampled/CroppedFocusedImage53029849-63-AMERICAN-BURGER-GR-Burger-Harrods.jpg",
            "https://www.gordonramsayrestaurants.com/assets/Uploads/_resampled/CroppedFocusedImage53029850-50-GR-Burger-Harrods-2.jpg",
            "https://d2wd7685k000to.cloudfront.net/rendition/306683987547/image_k626g2p1mt3l98ijo48oakml0p/-S2560x5120-FJPG"
          ]
        },
        "name": "Gordon Ramsay",
        "type": "restaurant"
      },
      "geometry": {
        "type": "Point",
        "coordinates": [-0.16216009, 51.49881752875]
      }
    },
    {
      "type": "Feature",
      "id": 676,
      "properties": {
        "building_id": "harrods",
        "floor": 5,
        "id": 676,
        "metadata": {
          "category": "restaurant",
          "description": "Adding a luxury spin to the best of pan-Asian cuisine, Chai Wu boasts a menu that is bursting with flavours, textures and colours. You\u2019ll find picture-perfect dim sum (topped with beluga caviar, gold leaf or black truffle), tempura soft-shell crab and lobster wonton soup, alongside sizzling Szechuan chicken and Japanese Miyazaki beef. For the ultimate feast, it doesn\u2019t get much better than Chai Wu\u2019s perfectly crispy Beijing duck, carved at your table by a chef and served with a choice of fresh p",
          "openingHours": "Monday to Wednesday:\\n11.30am to 9pm\\nThursday to Saturday:\\n11.30am to 11pm\\Sunday:\\n11.30am to 6pm",
          "phone": "+442038198888",
          "tags": [
            "Pan-Asian cuisine",
            "Beijing duck",
            "Vegetarians",
            "Szechuan",
            "Janpanese"
          ],
          "logo": "https://pbs.twimg.com/profile_images/532914147617280000/1olBAXB4_400x400.png",
          "link": "https://harrods.canto.global/direct/document/ras94mrkm16ad27ieilhiin87m/5uU2H8AlKSmXYjOlZTEB_6-dI_0/original?content-type=application%2Fpdf&name=Chai+Wu+Menu+Online.pdf",
          "images": [
            "https://luxury-restaurant-guide-prod.ams3.digitaloceanspaces.com/images/11058/conversions/Chai-Wu-zHKv5nqw-1920x960.jpg",
            "https://www.kellyprincewrites.com/wp-content/uploads/2017/10/unnamed-5.jpg",
            "https://dynamic-media-cdn.tripadvisor.com/media/photo-o/26/55/9d/96/stir-fried-lobster-noodles.jpg?w=900&h=500&s=1"
          ]
        },
        "name": "Chai Wu",
        "type": "restaurant"
      },
      "geometry": {
        "type": "Point",
        "coordinates": [-0.16365975545454547, 51.49908920181818]
      }
    },
    {
      "type": "Feature",
      "id": 677,
      "properties": {
        "building_id": "harrods",
        "floor": 0,
        "id": 677,
        "metadata": {
          "category": "restaurant",
          "description": "Hear that magical sound? It\u2019s the pop of a Mo\u00ebt & Chandon bottle, opened every second somewhere across the globe. Synonymous with joie de vivre, the iconic Champagne has toasted kings and queens, walked the red carpets of Hollywood, lit up Studio 54 and marked countless celebrations \u2013 and now, Harrods is home to the French maison\u2019s largest stand-alone bar in Europe. Pull up a seat at the glowing bar \u2013 hand-sculpted to mimic the undulating terroir of the \u00c9pernay Champagne region \u2013 to sample the f",
          "openHours": {
            "Monday": [["08:00", "22:00"]],
            "Tuesday": [["08:00", "22:00"]],
            "Wednesday": [["08:00", "22:00"]],
            "Thursday": [["08:00", "22:00"]],
            "Friday": [["08:00", "22:00"]],
            "Saturday": [["08:00", "22:00"]],
            "Sunday": [["08:00", "22:00"]]
          },
          "openingHours": "Monday to Saturday:12pm to 9pmSunday:12pm to 6pm",
          "phone": "+442072256800",
          "tags": [
            "Champagne",
            "Bar",
            "\u00c9pernay",
            "Champagne cocktail menu"
          ],
          "rating": 4.9,
          "numberOfRatings": 987,
          "logo": "https://brandlogos.net/wp-content/uploads/2014/10/moet__chandon-logo_brandlogos.net_xgzj1.png",
          "link": "https://harrods.canto.global/direct/document/20lsl91fg11t50gql2eak7g42f/P0aDvyp83LzDpRZMgIUbrB6c9IA/original?content-type=application%2Fpdf&name=NEW+-+Moet+Menu+Winter+2023%5B99%5D.pdf",
          "priceLevel": "$$$$",
          "images": [
            "https://walpole.imgix.net/news_images/inside-the-new-sybarite-designed-moet-chandon-champagne-bar-at-harrods-VjeP.jpg",
            "https://www.hot-dinners.com/images/stories/blog/2022/moetbar/scene.jpg",
            "https://static.standard.co.uk/2022/09/29/09/Laura%20Carmichael%2C%20Gemma%20Chan%20%20Douglas%20Booth%20celebrate%20official%20opening.%20Credit_Moe%CC%88t%20%20Chandon%20Champagne%20Bar.jpg?quality=75&auto=webp&width=960"
          ]
        },
        "name": "Mo\u00ebt & Chandon Champagne Bar",
        "type": "restaurant"
      },
      "geometry": {
        "type": "Point",
        "coordinates": [-0.16217554, 51.498697075]
      }
    },
    {
      "type": "Feature",
      "id": 678,
      "properties": {
        "building_id": "harrods",
        "floor": 0,
        "id": 678,
        "metadata": {
          "category": "restaurant",
          "description": "Sushi like you\u2019ve never experienced before arrives in London for the first time with Sushi by MASA, in the Harrods Dining Hall. At the helm is critically acclaimed Japanese chef Masayoshi (\u2018Masa\u2019) Takayama, the mastermind behind three Michelin-star restaurants in New York \u2013 MASA, Bar MASA, and Kappo Masa. The restaurant promises a wide range of exceptional sushi, from Masa Toro caviar rolls to Ohmi beef tataki and salmon tartare temaki, as well as a sophisticated selection of signature bites. Do",
          "openHours": {
            "Monday": [["08:00", "22:00"]],
            "Tuesday": [["08:00", "22:00"]],
            "Wednesday": [["08:00", "22:00"]],
            "Thursday": [["08:00", "22:00"]],
            "Friday": [["08:00", "22:00"]]
          },
          "openingHours": "Monday:11:30am to 9pmTuesday to Saturday:11:30am to 10:30pmSunday:11:30am to 6pm * Late Night Dining, last sitting 9:30pm",
          "phone": "+442072256800",
          "tags": ["Japanese", "3 Michelin-star restaurants", "Fine Dining"],
          "rating": 4.9,
          "numberOfRatings": 9854,
          "logo": "https://vrconcierge.com/wp-content/uploads/2020/11/masa-sushi-princeton-nj-logo-1.jpg",
          "link": "https://harrods.canto.global/direct/document/u2pl8jmc7l2n74v9trvhgiup1k/EP4XPgchRQRz4bQpf4X8PtLhsVw/original?content-type=application%2Fpdf&name=Sushi_by_Masa_food_menu_online.pdf",
          "priceLevel": "$$$$",
          "images": [
            "https://p4.skchase.com/media/qf5n1wh4/sushi-1.jpg?mode=crop&width=1000&height=563&umbid=81923",
            "https://p4.skchase.com/media/xw0dcgto/sushi-lifestyle-2.jpg?mode=crop&width=1000&height=563&umbid=81926",
            "https://p4.skchase.com/media/2jrnsfib/sushi-lifestyle.jpg?mode=crop&width=1000&height=563&umbid=81925"
          ]
        },
        "name": "Sushi by Masa",
        "type": "store"
      },
      "geometry": {
        "type": "Point",
        "coordinates": [-0.16318704, 51.49914888]
      }
    },
    {
      "type": "Feature",
      "id": 679,
      "properties": {
        "building_id": "harrods",
        "floor": 0,
        "id": 679,
        "metadata": {
          "category": "restaurant",
          "description": "British meals don\u2019t get more classic than fish and chips. For young and old alike, the crunch of batter encasing tender fish together with a chunky chip dipped in ketchup is the ultimate heartwarming nod to comfort and nostalgia. Trust in Tom Kerridge to take the UK\u2019s favourite dish to new heights at his eponymous restaurant. On the menu created by one of the UK\u2019s best-loved chefs, you\u2019ll find Britain\u2019s finest, freshest seafood, all ethically caught and hand-selected by local fishmongers. From t",
          "openHours": {
            "Monday": [["08:00", "22:00"]],
            "Tuesday": [["08:00", "22:00"]],
            "Wednesday": [["08:00", "22:00"]],
            "Thursday": [["08:00", "22:00"]],
            "Friday": [["08:00", "22:00"]]
          },
          "openingHours": "Monday:11:30am to 9pmTuesday to Saturday:11:30am to 10:30pmSunday:11:30am to 6pm * Late Night Dining, last sitting 9:30pm",
          "phone": "+442072256800",
          "tags": ["Seafood", "Fish & Chips", "Fine Dining"],
          "rating": 4.2,
          "numberOfRatings": 555,
          "logo": "https://tomkerridge.com/wp-content/uploads/2021/05/Thumb-2.jpg",
          "link": "https://harrods.canto.global/direct/document/73c9u2e71l6e1d4cn7303jd12d/YnETsBZYg2bPdCAA_Ep2xQ61dHc/original?content-type=application%2Fpdf&name=Kerridges+Fish+and+chips_food_Final_220923%5B2%5D.pdf",
          "priceLevel": "$$$",
          "images": [
            "https://resizer.otstatic.com/v2/photos/wide-mlarge/2/42791064.jpg",
            "https://cdn.squaremeal.co.uk/restaurants/18626/images/kerridges-fish-and-chips-menu-27052021105011_03092021101938.jpg?w=960&h=540&fit=crop&auto=format%2Ccompress",
            "https://i2-prod.mylondon.news/incoming/article28119947.ece/ALTERNATES/s1200b/0_GettyImages-1081353192.jpg"
          ]
        },
        "name": "Kerridge's Fish & Chips",
        "type": "store"
      },
      "geometry": {
        "type": "Point",
        "coordinates": [-0.16339122, 51.49920084]
      }
    },
    {
      "type": "Feature",
      "id": 680,
      "properties": {
        "building_id": "harrods",
        "floor": 0,
        "id": 680,
        "metadata": {
          "category": "restaurant",
          "description": "Experience the thrill of the grill at this must-try destination for meat-lovers. Every cut on the menu \u2013 all straight from our in-house butcher \u2013 is hand-picked from the very finest producers and cooked to order on a charcoal grill in the Harrods Dining Hall. Hankering for a steak? Savour the flavours of our native-bred beef \u2013 dry-aged for no fewer than 32 days in a Himalayan salt chamber to draw out the very best of its flavour. Or indulge in one of our worldwide picks: Japanese Kobe fillet, US",
          "openHours": {
            "Monday": [["08:00", "22:00"]],
            "Tuesday": [["08:00", "22:00"]],
            "Wednesday": [["08:00", "22:00"]],
            "Thursday": [["08:00", "22:00"]],
            "Friday": [["08:00", "22:00"]]
          },
          "openingHours": "Monday:11:30pm to 9pmTuesday to Saturday:11:30am to 10:30pmSunday:11:30am to 6pm * Late Night Dining, last sitting 9:30pm",
          "phone": "+442072256800",
          "tags": [
            "Grill",
            "Food",
            "Steak",
            "Rotisserie",
            "Fine Dining",
            "Seafood"
          ],
          "rating": 4.6,
          "numberOfRatings": 984,
          "logo": "https://images.otstatic.com/prod/26466392/3/huge.jpg",
          "link": "https://harrods.canto.global/direct/document/6tfjro9lr57bb3l7400i8nkr3h/MeLDXB7jvTV5MRqBpFjE_BZcVSM/original?content-type=application%2Fpdf&name=The_Grill_A3_interim_menu_online.pdf",
          "priceLevel": "$$$",
          "images": [
            "https://www.hot-dinners.com/images/stories/blog/2025/harrodsfrant.jpg",
            "https://images-cdn.redletterdays.co.uk/common/client/Images/Product/Large/en-GB/RLD/107107855_RLD1.jpg",
            "https://cdn.squaremeal.co.uk/restaurants/15982/images/the-grill-restaurant-2-june19_21082019091252.jpg?w=800"
          ]
        },
        "name": "The Grill",
        "type": "store"
      },
      "geometry": {
        "type": "Point",
        "coordinates": [-0.16325484, 51.4992744]
      }
    },
    {
      "type": "Feature",
      "id": 681,
      "properties": {
        "building_id": "harrods",
        "floor": 5,
        "id": 681,
        "metadata": {
          "category": "restaurant",
          "description": "We\u2019re raising the steaks. Spread luxuriously across two floors, including a (heated) rooftop terrace overlooking the city, The Grill on Fifth \u2013 sister restaurant to The Grill in the Dining Hall \u2013 is where exceptional ingredients meets masterful open-flame cooking. The chefs have curated a wide-ranging menu to make your heart sing. Kobe striploin, US Prime ribeye, flat iron, fillet, T-bone; whichever cut of beef you prefer, you can be sure to find the best steak in London, sourced from the finest",
          "openingHours": "Monday to Saturday:\\n12pm to 11:30pm*\\nThursday to Saturday:\\n11.30am to 11pm\\Sunday:\\n12pm to 10:30pm * The rooftop terrace will operate the same hours as the restaurant on Monday to Saturday and will close at 11pm.",
          "phone": "+442072256800",
          "tags": ["Steack", "Grill", "Fine Dining"],
          "logo": "https://res.cloudinary.com/tf-lab/image/upload/w_500,h_500,c_fill,g_auto:subject,q_auto,f_auto/restaurant/e1649620-7ea3-48d5-9795-0df9743a1690/ecda4cbb-ee3b-4edf-bd3b-977b82171330.png",
          "link": "https://harrods.canto.global/direct/document/vndgvt5na90td24e3clu05qt7q/Yn6rYWLlUzC7wpMriXuRVMKRlMU/original?content-type=application%2Fpdf&name=SF_Food_Opening+Menu_APRIL23_v1.pdf",
          "images": [
            "https://dynamic-media-cdn.tripadvisor.com/media/photo-o/18/7e/c9/b7/whole-rotisserie-chicken.jpg?w=900&h=500&s=1",
            "https://res.cloudinary.com/tf-lab/image/upload/restaurant/e1649620-7ea3-48d5-9795-0df9743a1690/dff5b634-852b-4002-8435-e99e186d5cc5.png",
            "https://dynamic-media-cdn.tripadvisor.com/media/photo-o/2e/0a/ae/6f/interior.jpg?w=400&h=-1&s=1"
          ]
        },
        "name": "The Grill on Fifth",
        "type": "restaurant"
      },
      "geometry": {
        "type": "Point",
        "coordinates": [-0.1620957226666667, 51.499389797000006]
      }
    },
    {
      "type": "Feature",
      "id": 682,
      "properties": {
        "building_id": "harrods",
        "floor": 4,
        "id": 682,
        "metadata": {
          "category": "restaurant",
          "description": "Let us take you somewhere vibrant. Somewhere fresh and unexpected. A place where the atmosphere is warm, the food is delectable and the sun always shines. Let us take you to the newly opened Somewhere Caf\u00e9. This is the first Somewhere outpost in the UK, joining seven acclaimed locations in the United Arab Emirates and Saudi Arabia, each celebrated for showcasing Middle Eastern flavours inspired by the team\u2019s travels. True to its theme, the d\u00e9cor immerses you in a scenic escape, featuring warm an",
          "openHours": {
            "Monday": [["12:00", "21:00"]],
            "Tuesday": [["12:00", "21:00"]],
            "Wednesday": [["12:00", "21:00"]],
            "Thursday": [["12:00", "21:00"]],
            "Friday": [["12:00", "21:00"]],
            "Saturday": [["12:00", "21:00"]],
            "Sunday": [["12:00", "19:00"]]
          },
          "openingHours": "Monday to Saturday:\\n12:00-21:00\\n Sunday:\\n12:00-19:00",
          "phone": "+44 (0)20 7225 6800",
          "tags": [
            "Middle Eastern flavours",
            "UAE",
            "Saudi Arabia",
            "Food",
            "Drinks"
          ],
          "keywords": ["somewhere cafe", "restaurant"],
          "rating": 4.7,
          "numberOfRatings": 234,
          "logo": "https://letustakeyousomewhere.com/uk/wp-content/uploads/sites/4/2025/01/somewhere-vertical.png",
          "link": "https://harrods.canto.global/direct/document/n1muq7cg8l2u73seofprqi732r/4KqlrJK4BX1HBIsjAaBQAIT3vn8/original?content-type=application%2Fpdf&name=Somewhere_Cafe_Harrods_Menu_-_Final_Dec_2024_2.pdf",
          "images": [
            "https://static.designmynight.com/uploads/2025/02/Somewhere-Cafe-London-optimised.png",
            "https://letustakeyousomewhere.com/uk/wp-content/uploads/sites/4/2025/01/SW-LD-banner-2048x1152-1.jpg",
            "https://whatson.ae/wp-content/uploads/2023/06/somewhere_fb-1.png"
          ]
        },
        "name": "Somewhere Caf\u00e9",
        "type": "restaurant"
      },
      "geometry": {
        "type": "Point",
        "coordinates": [-0.1632712875, 51.4989354975]
      }
    },
    {
      "type": "Feature",
      "id": 683,
      "properties": {
        "building_id": "harrods",
        "floor": 2,
        "id": 683,
        "metadata": {
          "category": "restaurant",
          "description": "Pizza aficiona-doughs, get in on a slice of the action as Pizzeria & Pasqua bring together the finest Italian pizza alongside the highest quality Veneto and Italian wines. Cooked in traditional wood-fired ovens, and our Food Halls as our larder, provenance is at the forefront of every one of our pizza pies. An osteria like no other, enjoy every day classics including the Diavola, the Calzone or Quattro Formaggi, as well as our Harrods signature pizzas like the Bianca topped with the likes of c\u00e8p",
          "openingHours": "Monday to Saturday:12pm to 9pmSunday:12pm to 6pm",
          "phone": "+442072256800",
          "tags": ["Pizza", "Italian cuisine", "Salad"],
          "keywords": [" pizzeria", "pizza", " piza", " pizz"],
          "logo": "https://s3-media0.fl.yelpcdn.com/bphoto/4m-ipkTKqmR_Hqo15myjww/348s.jpg",
          "link": "https://harrods.canto.global/direct/document/qjr2g1pmit7rt4scbu670nll4t/xS5_pP307x9vmGyTrQlnmivHreI/original?content-type=application%2Fpdf&name=Pizzeria_and_pasqua_menu_v5.pdf",
          "images": [
            "https://d2wd7685k000to.cloudfront.net/rendition/306683987547/image_kns1fuec1d1jvac35t66cfkl2t/-S3072x6144-FJPG",
            "https://d2wd7685k000to.cloudfront.net/rendition/306683987547/image_nlkm8aej1t3hr6getf7kpjr61p/-S2560x5120-FJPG",
            "https://www.allergycompanions.com/wp-content/uploads/2022/10/ChIJx_oUNz8FdkgRl2cBgwGVDV8.jpg"
          ]
        },
        "name": "Pizzeria & Pasqua",
        "type": "restaurant"
      },
      "geometry": {
        "type": "Point",
        "coordinates": [-0.16257723, 51.498612535999996]
      }
    },
    {
      "type": "Feature",
      "id": 684,
      "properties": {
        "building_id": "harrods",
        "floor": 0,
        "id": 684,
        "metadata": {
          "category": "restaurant",
          "description": "Welcome to Prada Caff\u00e8, where the fashion house is serving breakfast, lunch, dinner, small bites and aperitivo, all in signature Prada interiors. Inspired by Prada\u2019s most famous stores \u2013 including its first-ever boutique, opened at Galleria Vittorio Emanuele II in 1913 \u2013 Prada Caff\u00e8 promises a taste of Milan in Knightsbridge. The black-and-white chequered flooring, echoing the brand\u2019s iconic monochrome designs, paves the way to elegant velvet sofas in the season\u2019s pale green, from which guests c",
          "openHours": {
            "Monday": [["08:00", "22:00"]],
            "Tuesday": [["08:00", "22:00"]],
            "Wednesday": [["08:00", "22:00"]],
            "Thursday": [["08:00", "22:00"]],
            "Friday": [["08:00", "22:00"]]
          },
          "openingHours": "Monday to Saturday:9am to 9pmSunday:12pm to 6pm",
          "phone": "+442072256800",
          "tags": ["Caff\u00e8", "Coffee", "Food", "Italian"],
          "rating": 4.1,
          "numberOfRatings": 988,
          "logo": "https://d2wd7685k000to.cloudfront.net/rendition/306683987547/image_rm6hktphlp3c12uob7e12ceo33/-S3072x6144-FJPG",
          "link": "https://harrods.canto.global/direct/document/vmnigaefk91hh1jkonsodulu07/Zj6qzuVrrxUHCTG-bgXAYeJkefs/original?content-type=application%2Fpdf&name=Menu+Prada+Caff%C3%A8_AW_DIGITAL_30_03.pdf",
          "priceLevel": "$$$$",
          "images": [
            "https://wwd.com/wp-content/uploads/2023/03/0Q9A2751-HDR.jpg?w=1000&h=563&crop=1",
            "https://images.eu.ctfassets.net/hylzcwvhuztx/1MyUct3BPb0W3OjFXdvJsa/aa79ecc386041e4f050cd7bc072632ff/d-image-carousel-prada-caffe-restaurant-page-image-9.jpg",
            "https://urban-adventurer.net/wp-content/uploads/2023/03/Pop-Up-Prada-Caffe-Opened-in-Harrods.jpg"
          ]
        },
        "name": "Prada Caff\u00e8",
        "type": "restaurant"
      },
      "geometry": {
        "type": "Point",
        "coordinates": [-0.1626393504347826, 51.49866157130435]
      }
    },
    {
      "type": "Feature",
      "id": 685,
      "properties": {
        "building_id": "harrods",
        "floor": -1,
        "id": 685,
        "metadata": {
          "category": "restaurant",
          "description": "Looking for a quick, delicious bite? Now open on both the Lower Ground and Third Floors, Harrods Caf\u00e9 is an all-day destination serving up many of the most popular dishes from the Food Halls. Menu highlights include the croque monsieur and superfood salad, as well as the signature \u2018Braffle\u2019 \u2013 a mouthwatering brioche-waffle hybrid \u2013 and the new sauerkraut, pickle and salt beef sandwich, served only on the Lower Ground Floor. Other treats include freshly baked viennoiseries and cakes, speciality t",
          "openHours": {
            "Monday": [["08:00", "22:00"]],
            "Tuesday": [["08:00", "22:00"]],
            "Wednesday": [["08:00", "22:00"]],
            "Thursday": [["08:00", "22:00"]],
            "Friday": [["08:00", "22:00"]],
            "Saturday": [["08:00", "22:00"]],
            "Sunday": [["08:00", "22:00"]]
          },
          "openingHours": "Monday to Saturday:10am to 8pmSunday:11.30am to 6pm",
          "phone": "+442072256800",
          "tags": ["Coffee", "Food", "Pastry", "Drinks"],
          "keywords": ["food"],
          "logo": "https://hrd-live.cdn.scayle.cloud/images/fd16bac49d6fb7993a92dd59475391a1.jpg?brightness=1&width=922&height=1230&quality=75&bg=ffffff",
          "link": "https://harrods.canto.global/direct/document/t096vh8hft75d2qb728egv071j/b34Zl7LcniSJz4fM2hYD_NdHLYI/original?content-type=application%2Fpdf&name=Harrods_cafe_2.0_June24_V3-LGF.pdf",
          "images": [
            "https://static.designmynight.com/uploads/2025/02/Somewhere-Harrods.png",
            "https://cloudfront-eu-central-1.images.arcpublishing.com/williamreed/GYFOMSKOWBKP3NNL5V3QAAFVZI.png",
            "https://www.restaurantonline.co.uk/resizer/v2/IVFDX4C4IFLFTIDHICIBLRGCMA.png?auth=93e02f127061f2fb9f4c5e163109c98d6dbcbf142012cc72f0cf3d5719fe2229"
          ]
        },
        "name": "Harrods Cafe\u0301",
        "type": "restaurant"
      },
      "geometry": {
        "type": "Point",
        "coordinates": [-0.16288054166666666, 51.499742915000006]
      }
    },
    {
      "type": "Feature",
      "id": 686,
      "properties": {
        "building_id": "harrods",
        "floor": 0,
        "id": 686,
        "metadata": {
          "category": "restaurant",
          "description": "Located in the Roastery & Bake Hall, The Coffee Bar is the perfect place to soak up the hustle and bustle of the Food Halls while sipping on a delicious cup of coffee. Savour the nuanced flavours of our signature Knightsbridge Roast blend, roasted daily in-house (look out for our bespoke jet-black and mirror-polished-brass roaster). Or indulge in one of our exclusive single-estate pour-over coffees. Also on the menu are freshly baked viennoiseries and a wide selection of decadent sandwiches, sal",
          "openHours": {
            "Monday": [["08:00", "22:00"]],
            "Tuesday": [["08:00", "22:00"]],
            "Wednesday": [["08:00", "22:00"]],
            "Thursday": [["08:00", "22:00"]],
            "Friday": [["08:00", "22:00"]]
          },
          "openingHours": "Monday to Saturday:10am to 9pmSunday:11.30am to 6pm",
          "phone": "+442038198888",
          "tags": [
            "Coffee",
            "Bakery",
            "Food",
            "Coffee Beans",
            "Patisserie",
            "Espresso"
          ],
          "rating": 4.3,
          "numberOfRatings": 980,
          "logo": "https://d2wd7685k000to.cloudfront.net/rendition/306683987547/image_ptokq5aea52op8lbuaaafvs66k/-S3072x6144-FJPG",
          "link": "https://harrods.canto.global/direct/document/2ffpdgf6cp6j14sh7jog92rr2e/UcIBnWUVF3fm5i9aG3TARrSlkSc/original?content-type=application%2Fpdf&name=Coffee_bar_v13.pdf",
          "priceLevel": "$$",
          "images": [
            "https://media.cntraveller.com/photos/66c5c83de19d6b3a8b420466/master/w_1600%2Cc_limit/Harrods-Coffee-Bar-aug24-pr-global.jpg",
            "https://sprudge.com/wp-content/uploads/2018/03/Coffee-Bar-Roastery-Harrods-Knightsbridge-London-2-1170x780.jpg",
            "https://sprudge.com/wp-content/uploads/2018/03/Coffee-Bar-Roastery-Harrods-Knightsbridge-London-16-1170x780.jpg"
          ]
        },
        "name": "The Coffee Bar",
        "type": "store"
      },
      "geometry": {
        "type": "Point",
        "coordinates": [-0.16284598, 51.49887771]
      }
    },
    {
      "type": "Feature",
      "id": 687,
      "properties": {
        "building_id": "harrods",
        "floor": 4,
        "id": 687,
        "metadata": {
          "category": "restaurant",
          "description": "Reservation lines are now open for the grand reopening of The Georgian on Monday 4th November. Welcome to The Georgian, where refined gastronomy, world-class hospitality and captivating tableside theatre combine for an extraordinary dining experience. Since opening in 1911 as London\u2019s largest restaurant, The Georgian has epitomised luxury, dedicating itself to creating unforgettable memories. Now, this storied venue unveils its latest chapter, presenting afternoon tea as never before, alongside ",
          "openingHours": "Monday to Friday:\\nClosed\\nSaturday:\\nClosed\\nSunday:\\nClosed",
          "phone": "+44 (0)20 3819 8888",
          "tags": ["Georgian Cuisine", "Afternoon Tea", "Fine Dining"],
          "keywords": ["Tea", " Afternoon Tea", "Dinner"],
          "rating": 4.7,
          "numberOfRatings": 987,
          "logo": "https://cdn.mos.cms.futurecdn.net/CC7hbyUXGW8t23C5mL7CnL.jpg",
          "link": "https://harrods.canto.global/direct/document/ju19t7iotd3117h8jvmocv4g0v/AlYkP0juiJ_Q1kZM7Mp3E_5fVTw/original?content-type=application%2Fpdf&name=034_Georgian_DinnerMenu_WIP10.2.pdf",
          "images": [
            "https://p4.skchase.com/media/5b3nsur1/the-georgian-pie.jpg?mode=crop&width=1000&height=563&umbid=80677",
            "https://cdn.squaremeal.co.uk/restaurants/7341/images/the-georgian-at-harrods-bookings_04102024112453.jpeg?w=960&h=540&fit=crop&auto=format%2Ccompress",
            "https://d32dbz94xv1iru.cloudfront.net/resize/1/images/events/by_uuid/97/97827c9c-6318-443c-95ca-055df226bd04-1500x900.png"
          ]
        },
        "name": "The Georgian",
        "type": "restaurant"
      },
      "geometry": {
        "type": "Point",
        "coordinates": [-0.16334912222222223, 51.49894313555555]
      }
    },
    {
      "type": "Feature",
      "id": 688,
      "properties": {
        "building_id": "harrods",
        "floor": 0,
        "id": 688,
        "metadata": {
          "category": "food-beverage",
          "description": "From expertly curated menus to live music entertainment, the Harrods Dining Hall is a gastronomic paradise made up of seven restaurants in an historic setting guaranteed to impress.",
          "openHours": {
            "Monday": [["08:00", "22:00"]],
            "Tuesday": [["08:00", "22:00"]],
            "Wednesday": [["08:00", "22:00"]],
            "Thursday": [["08:00", "22:00"]],
            "Friday": [["08:00", "22:00"]]
          },
          "tags": [
            "Fine Dining",
            "Restaurants",
            "Kinoya Ramen Bar",
            "Sushi by MASA",
            "The Grill",
            "Kerridge's Fish & Chips",
            "Pasta Evangelists by Perbellini",
            "Dim Sum by China Tang"
          ],
          "logo": "https://www.hardens.com/wp-content/uploads/2021/05/HarrodsSocialSquare-sq-1024x1024.jpg",
          "images": [
            "https://static.standard.co.uk/s3fs-public/thumbnails/image/2019/06/26/10/harrods-dining-hall-2606b.jpg?width=1200&auto=webp&quality=75",
            "https://luxuriate.life/wp-content/uploads/2022/04/Dining-Halls-600x314-1-1024x536.jpg",
            "https://www.thegoodfoodguide.co.uk/images/restaurant/Harrods%20Dining%20hall[xya:1360x680].jpg"
          ]
        },
        "name": "Dining Hall Restaurants",
        "type": "store"
      },
      "geometry": {
        "type": "Point",
        "coordinates": [-0.16326611642857142, 51.499238977857146]
      }
    },
    {
      "type": "Feature",
      "id": 689,
      "properties": {
        "building_id": "harrods",
        "floor": -1,
        "id": 689,
        "metadata": {
          "category": "food-beverage",
          "description": "Add to your cellar and discover some of the finest wines and spirits from around the world in the Harrods food halls. From Champagne to rare whiskies.",
          "openHours": {
            "Monday": [["08:00", "22:00"]],
            "Tuesday": [["08:00", "22:00"]],
            "Wednesday": [["08:00", "22:00"]],
            "Thursday": [["08:00", "22:00"]],
            "Friday": [["08:00", "22:00"]],
            "Sunday": [["08:00", "22:00"]],
            "Saturday": [["08:00", "22:00"]]
          },
          "tags": ["Wine", "Spirit", "Champagne", "Whisky"],
          "logo": "https://hrd-live.cdn.scayle.cloud/images//65aea41e0bb19ef5057989ab2050b4f0.jpg?brightness=1&width=960&height=1280&quality=75&bg=ffffff",
          "images": [
            "https://www.spherelife.com/sites/default/files/styles/facebook/public/2018-05/Screen%20Shot%202018-05-21%20at%2015.37.01.png?h=fa4b4219",
            "https://static.wixstatic.com/media/da733d_4c251eaabfb24bcd91bdcaa162dfcf3d~mv2.png/v1/fill/w_684,h_400,al_c,lg_1,q_85/da733d_4c251eaabfb24bcd91bdcaa162dfcf3d~mv2.png",
            "https://cdn.prod.website-files.com/60603b4fb7296d3ccc17448b/607448553729df50faa8ba5c_CM0478_N46_cmwebsite.jpg"
          ]
        },
        "name": "Fine Wines & Spirits",
        "type": "store"
      },
      "geometry": {
        "type": "Point",
        "coordinates": [-0.16301973184210528, 51.499829319999996]
      }
    },
    {
      "type": "Feature",
      "id": 690,
      "properties": {
        "building_id": "harrods",
        "floor": 0,
        "id": 690,
        "metadata": {
          "category": "food-beverage",
          "description": "Witness the spectacle of the Harrods Chocolaterie where chocolates are chef-made live on site, or peruse collections from other leading world-class chocolatiers.",
          "openHours": {
            "Monday": [["08:00", "22:00"]],
            "Tuesday": [["08:00", "22:00"]],
            "Wednesday": [["08:00", "22:00"]],
            "Thursday": [["08:00", "22:00"]],
            "Friday": [["08:00", "22:00"]]
          },
          "tags": [
            "Booja Booja",
            "Charbonnel et Walker",
            "Godiva",
            "L\u00e4derach",
            "Le Bonheur",
            "Love Cocoa",
            "Neuhaus",
            "Patchi",
            "Pump Street",
            "Rococo",
            "To\u2019ak",
            "Venchi"
          ],
          "logo": "https://www.chocolatier.co.uk/wp-content/uploads/2023/09/harrods-chocolate-hall-gift-box.jpg",
          "images": [
            "https://robbreport.com/wp-content/uploads/2021/05/Harrods_Chocolate_Hall_Wide.jpg",
            "https://darcawards.com/wp-content/uploads/2021/12/LDIHarrodsChocolateHall_02.jpg",
            "https://robbreport.com/wp-content/uploads/2021/05/Harrods_chocolate_hall_case.jpg"
          ]
        },
        "name": "Chocolate Hall",
        "type": "store"
      },
      "geometry": {
        "type": "Point",
        "coordinates": [-0.16304950533333334, 51.499291704]
      }
    },
    {
      "type": "Feature",
      "id": 691,
      "properties": {
        "building_id": "harrods",
        "floor": 0,
        "id": 691,
        "metadata": {
          "category": "train-station"
        },
        "name": "Knightsbridge",
        "type": "store"
      },
      "geometry": {
        "type": "Point",
        "coordinates": [-0.16047322666666666, 51.50158106]
      }
    },
    {
      "type": "Feature",
      "id": 692,
      "properties": {
        "building_id": "harrods",
        "floor": 0,
        "id": 692,
        "metadata": {
          "category": "train-station"
        },
        "name": "Tube Exit",
        "type": "store"
      },
      "geometry": {
        "type": "Point",
        "coordinates": [-0.162566395, 51.4999205275]
      }
    },
    {
      "type": "Feature",
      "id": 693,
      "properties": {
        "building_id": "harrods",
        "floor": 3,
        "id": 693,
        "metadata": {
          "category": "cafes-coffee-tea-houses",
          "description": "Looking for a quick, delicious bite? Now open on both the Lower Ground and Third Floors, Harrods Cafe is an all-day destination serving up many of the most popular dishes from the Food Halls.Menu highlights include the croque monsieur and superfood salad, as well as the signature Braffleu a mouthwatering brioche-waffle hybrid and the new sauerkraut, pickle and salt beef sandwich, served only on the Lower Ground Floor.Other treats include freshly baked viennoiseries and cakes, speciality teas and",
          "openingHours": "Monday to Saturday:10am to 8pmSunday:11.30am to 6pm",
          "phone": "+442072256800",
          "tags": ["Coffee", "Food", "Pastry", "Lunch", "Drinks"],
          "logo": "https://hrd-live.cdn.scayle.cloud/images/fd16bac49d6fb7993a92dd59475391a1.jpg?brightness=1&width=922&height=1230&quality=75&bg=ffffff",
          "link": "https://harrods.canto.global/direct/document/6prh1v742h49p6shgok92isa7k/tI9b1pjF_yOzePuWmn83LYErdy4/original?content-type=application%2Fpdf&name=Harrods+Cafe+Menu+A4.pdf",
          "images": [
            "https://prestigiousvenues.com/wp-content/uploads/2024/04/Harrods-Social-Harrods-Prestigious-Venues.jpg",
            "https://d2wd7685k000to.cloudfront.net/rendition/306683987547/image_fiajtus23t6qhbtk06h36pfq1b/-S2560x5120-FJPG",
            "https://d2wd7685k000to.cloudfront.net/rendition/306683987547/image_bkpca3uvg93c3cqfmmcq67n15u/-S2560x5120-FJPG"
          ]
        },
        "name": "Harrods Cafe\u0301",
        "type": "store"
      },
      "geometry": {
        "type": "Point",
        "coordinates": [-0.1621627957142857, 51.4988326]
      }
    },
    {
      "type": "Feature",
      "id": 694,
      "properties": {
        "building_id": "harrods",
        "floor": -1,
        "id": 694,
        "metadata": {
          "category": "cafes-coffee-tea-houses",
          "description": "Looking for a quick, delicious bite? Now open on both the Lower Ground and Third Floors, Harrods Caf\u00e9 is an all-day destination serving up many of the most popular dishes from the Food Halls. Menu highlights include the croque monsieur and superfood salad, as well as the signature \u2018Braffle\u2019 \u2013 a mouthwatering brioche-waffle hybrid \u2013 and the new sauerkraut, pickle and salt beef sandwich, served only on the Lower Ground Floor. Other treats include freshly baked viennoiseries and cakes, speciality t",
          "tags": ["Coffee", "Food", "Pastry", "Drinks"],
          "logo": "https://hrd-live.cdn.scayle.cloud/images/fd16bac49d6fb7993a92dd59475391a1.jpg?brightness=1&width=922&height=1230&quality=75&bg=ffffff",
          "images": [
            "https://s3-ap-southeast-1.amazonaws.com/atap-main/gallery-full/fb000538-c503-4683-a8a1-80d4b67c138f/harrods-cafe-at-klcc.jpg",
            "https://hautedolci.co.uk/wp-content/uploads/2024/04/watford-store.png",
            "https://static.wixstatic.com/media/f82302_7bde2dd890d2473ab43a8822a879c379~mv2.jpg/v1/fill/w_980,h_622,al_c,q_85,usm_0.66_1.00_0.01,enc_avif,quality_auto/f82302_7bde2dd890d2473ab43a8822a879c379~mv2.jpg"
          ]
        },
        "name": "Harrods Cafe\u0301",
        "type": "store"
      },
      "geometry": {
        "type": "Point",
        "coordinates": [-0.1631528775, 51.49880005625]
      }
    },
    {
      "type": "Feature",
      "id": 695,
      "properties": {
        "building_id": "harrods",
        "floor": 2,
        "id": 695,
        "metadata": {
          "category": "event-space",
          "description": "Exclusive to Harrods, Adam Grooming Atelier offers an elevated grooming experience for men. The treatment menu is performed by senior barbers and built on traditional Turkish rituals learned, passed on and modernised over generations. To ensure customers leave feeling invigorated and ready to take on the day, Adam Grooming Atelier only uses the finest ingredients and industry-leading tools.",
          "phone": "+442039189900",
          "link": "https://harrods.canto.global/direct/document/2p8agn0mp93id4m0vl3h4m0o79/g1czDji3uf_bmGjGCbtvFovcHuE/original?content-type=application%2Fpdf&name=Adam_Grooming_Atelier-Treatment_Menu-Dec2020.pdf"
        },
        "name": "Adam Grooming Atelier",
        "type": "store"
      },
      "geometry": {
        "type": "Point",
        "coordinates": [-0.16270390666666668, 51.498742504999996]
      }
    },
    {
      "type": "Feature",
      "id": 696,
      "properties": {
        "building_id": "harrods",
        "floor": 3,
        "id": 696,
        "metadata": {
          "category": "event-space",
          "description": "Harrods Interiors offers straightforward interior design and home styling solutions, ranging from a single room furniture layout to full interior design. The experienced and highly-skilled Harrods Interiors team has the support and resources of all the luxury home brands in Harrods, as well as relationships with many international brands and bespoke suppliers. Harrods Interiors also offers bespoke garden design and landscaping solutions by renowned Garden Designer Diarmuid Gavin. With its multid",
          "phone": "+442072255926",
          "link": "https://harrodsinteriors.com"
        },
        "name": "Harrods Interiors",
        "type": "store"
      },
      "geometry": {
        "type": "Point",
        "coordinates": [-0.16278961, 51.49886254]
      }
    },
    {
      "type": "Feature",
      "id": 697,
      "properties": {
        "building_id": "harrods",
        "floor": 2,
        "id": 697,
        "metadata": {
          "category": "booth"
        },
        "name": "Contemporary Designer 3",
        "type": "store"
      },
      "geometry": {
        "type": "Point",
        "coordinates": [-0.16356186, 51.49939114]
      }
    },
    {
      "type": "Feature",
      "id": 698,
      "properties": {
        "building_id": "harrods",
        "floor": 5,
        "id": 698,
        "metadata": {
          "category": "booth"
        },
        "name": "Roger Vivier",
        "type": "store"
      },
      "geometry": {
        "type": "Point",
        "coordinates": [-0.162561301, 51.49898849]
      }
    },
    {
      "type": "Feature",
      "id": 699,
      "properties": {
        "building_id": "harrods",
        "floor": 2,
        "id": 699,
        "metadata": {
          "category": "booth"
        },
        "name": "Valentino",
        "type": "store"
      },
      "geometry": {
        "type": "Point",
        "coordinates": [-0.1621974833333333, 51.498705685000004]
      }
    },
    {
      "type": "Feature",
      "id": 700,
      "properties": {
        "building_id": "harrods",
        "floor": 2,
        "id": 700,
        "metadata": {
          "category": "booth"
        },
        "name": "Prada",
        "type": "store"
      },
      "geometry": {
        "type": "Point",
        "coordinates": [-0.16233747833333334, 51.49923944083333]
      }
    },
    {
      "type": "Feature",
      "id": 701,
      "properties": {
        "building_id": "harrods",
        "floor": 5,
        "id": 701,
        "metadata": {
          "category": "booth"
        },
        "name": "Gadgets",
        "type": "store"
      },
      "geometry": {
        "type": "Point",
        "coordinates": [-0.16308042, 51.499482374]
      }
    },
    {
      "type": "Feature",
      "id": 702,
      "properties": {
        "building_id": "harrods",
        "floor": 2,
        "id": 702,
        "metadata": {
          "category": "booth"
        },
        "name": "Men's Contemporary Designers",
        "type": "store"
      },
      "geometry": {
        "type": "Point",
        "coordinates": [-0.16361799368421054, 51.49933524947368]
      }
    },
    {
      "type": "Feature",
      "id": 703,
      "properties": {
        "building_id": "harrods",
        "floor": 2,
        "id": 703,
        "metadata": {
          "category": "booth"
        },
        "name": "size?",
        "type": "store"
      },
      "geometry": {
        "type": "Point",
        "coordinates": [-0.16290849, 51.49928729333333]
      }
    },
    {
      "type": "Feature",
      "id": 704,
      "properties": {
        "building_id": "harrods",
        "floor": 5,
        "id": 704,
        "metadata": {
          "category": "booth"
        },
        "name": "Valentino Garavani",
        "type": "store"
      },
      "geometry": {
        "type": "Point",
        "coordinates": [-0.16266054125, 51.4989218375]
      }
    },
    {
      "type": "Feature",
      "id": 705,
      "properties": {
        "building_id": "harrods",
        "floor": 2,
        "id": 705,
        "metadata": {
          "category": "booth",
          "concession": true
        },
        "name": "Brunello Cucinelli",
        "type": "store"
      },
      "geometry": {
        "type": "Point",
        "coordinates": [-0.16280808, 51.498838846]
      }
    },
    {
      "type": "Feature",
      "id": 706,
      "properties": {
        "building_id": "harrods",
        "floor": 5,
        "id": 706,
        "metadata": {
          "category": "booth"
        },
        "name": "KG - Designer Shoes Room 2",
        "type": "store"
      },
      "geometry": {
        "type": "Point",
        "coordinates": [-0.1624232372, 51.4986972592]
      }
    },
    {
      "type": "Feature",
      "id": 707,
      "properties": {
        "building_id": "harrods",
        "floor": 2,
        "id": 707,
        "metadata": {
          "category": "booth"
        },
        "name": "Salvatore Ferragamo",
        "type": "store"
      },
      "geometry": {
        "type": "Point",
        "coordinates": [-0.16282947375, 51.49908155625]
      }
    },
    {
      "type": "Feature",
      "id": 708,
      "properties": {
        "building_id": "harrods",
        "floor": 3,
        "id": 708,
        "metadata": {
          "category": "booth"
        },
        "name": "Bed Studio",
        "type": "store"
      },
      "geometry": {
        "type": "Point",
        "coordinates": [-0.1639688813043478, 51.499129986956525]
      }
    },
    {
      "type": "Feature",
      "id": 709,
      "properties": {
        "building_id": "harrods",
        "floor": 2,
        "id": 709,
        "metadata": {
          "category": "booth"
        },
        "name": "Men's Sports & Swim",
        "type": "store"
      },
      "geometry": {
        "type": "Point",
        "coordinates": [-0.16293765300000002, 51.499724972]
      }
    },
    {
      "type": "Feature",
      "id": 710,
      "properties": {
        "building_id": "harrods",
        "floor": 2,
        "id": 710,
        "metadata": {
          "category": "booth"
        },
        "name": "Isaia",
        "type": "store"
      },
      "geometry": {
        "type": "Point",
        "coordinates": [-0.16268297375000002, 51.499029075]
      }
    },
    {
      "type": "Feature",
      "id": 711,
      "properties": {
        "building_id": "harrods",
        "floor": 2,
        "id": 711,
        "metadata": {
          "category": "booth",
          "concession": true
        },
        "name": "Balenciaga (Shoes)",
        "type": "store"
      },
      "geometry": {
        "type": "Point",
        "coordinates": [-0.16212491666666667, 51.498809308333335]
      }
    },
    {
      "type": "Feature",
      "id": 712,
      "properties": {
        "building_id": "harrods",
        "floor": 2,
        "id": 712,
        "metadata": {
          "category": "booth"
        },
        "name": "Santoni",
        "type": "store"
      },
      "geometry": {
        "type": "Point",
        "coordinates": [-0.16263903, 51.49960371]
      }
    },
    {
      "type": "Feature",
      "id": 713,
      "properties": {
        "building_id": "harrods",
        "floor": 2,
        "id": 713,
        "metadata": {
          "category": "booth"
        },
        "name": "Polo Ralph Lauren",
        "type": "store"
      },
      "geometry": {
        "type": "Point",
        "coordinates": [-0.16272225833333334, 51.498895690000005]
      }
    },
    {
      "type": "Feature",
      "id": 714,
      "properties": {
        "building_id": "harrods",
        "floor": 2,
        "id": 714,
        "metadata": {
          "category": "booth"
        },
        "name": "Contemporary Designer 1",
        "type": "store"
      },
      "geometry": {
        "type": "Point",
        "coordinates": [-0.16392344, 51.49917241]
      }
    },
    {
      "type": "Feature",
      "id": 715,
      "properties": {
        "building_id": "harrods",
        "floor": 5,
        "id": 715,
        "metadata": {
          "category": "booth"
        },
        "name": "Chanel",
        "type": "store"
      },
      "geometry": {
        "type": "Point",
        "coordinates": [-0.16253693909090908, 51.49923150272728]
      }
    },
    {
      "type": "Feature",
      "id": 716,
      "properties": {
        "building_id": "harrods",
        "floor": -1,
        "id": 716,
        "metadata": {
          "category": "booth"
        },
        "name": "The Arcade",
        "type": "store"
      },
      "geometry": {
        "type": "Point",
        "coordinates": [-0.16300007916666667, 51.49954939083333]
      }
    },
    {
      "type": "Feature",
      "id": 717,
      "properties": {
        "building_id": "harrods",
        "floor": 3,
        "id": 717,
        "metadata": {
          "category": "booth",
          "concession": true
        },
        "name": "Bed & Bath",
        "type": "store"
      },
      "geometry": {
        "type": "Point",
        "coordinates": [-0.16351335741935483, 51.498996870645165]
      }
    },
    {
      "type": "Feature",
      "id": 718,
      "properties": {
        "building_id": "harrods",
        "floor": 5,
        "id": 718,
        "metadata": {
          "category": "booth"
        },
        "name": "Gucci",
        "type": "store"
      },
      "geometry": {
        "type": "Point",
        "coordinates": [-0.1628330607692308, 51.49905554461539]
      }
    },
    {
      "type": "Feature",
      "id": 719,
      "properties": {
        "building_id": "harrods",
        "floor": 2,
        "id": 719,
        "metadata": {
          "category": "booth"
        },
        "name": "Brioni",
        "type": "store"
      },
      "geometry": {
        "type": "Point",
        "coordinates": [-0.16291345666666665, 51.49887979]
      }
    },
    {
      "type": "Feature",
      "id": 720,
      "properties": {
        "building_id": "harrods",
        "floor": 4,
        "id": 720,
        "metadata": {
          "category": "booth"
        },
        "name": "Off White",
        "type": "store"
      },
      "geometry": {
        "type": "Point",
        "coordinates": [-0.16273805, 51.4994333]
      }
    },
    {
      "type": "Feature",
      "id": 721,
      "properties": {
        "building_id": "harrods",
        "floor": 3,
        "id": 721,
        "metadata": {
          "category": "booth"
        },
        "name": "Halcyon Gallery",
        "type": "store"
      },
      "geometry": {
        "type": "Point",
        "coordinates": [-0.1630541, 51.49933872300001]
      }
    },
    {
      "type": "Feature",
      "id": 722,
      "properties": {
        "building_id": "harrods",
        "floor": 4,
        "id": 722,
        "metadata": {
          "category": "booth"
        },
        "name": "D&G",
        "type": "store"
      },
      "geometry": {
        "type": "Point",
        "coordinates": [-0.16288797, 51.4993479]
      }
    },
    {
      "type": "Feature",
      "id": 723,
      "properties": {
        "building_id": "harrods",
        "floor": 3,
        "id": 723,
        "metadata": {
          "category": "booth"
        },
        "name": "Cookware & Appliances",
        "type": "store"
      },
      "geometry": {
        "type": "Point",
        "coordinates": [-0.16237187666666666, 51.498677368]
      }
    },
    {
      "type": "Feature",
      "id": 724,
      "properties": {
        "building_id": "harrods",
        "floor": 2,
        "id": 724,
        "metadata": {
          "category": "booth"
        },
        "name": "Barbour",
        "type": "store"
      },
      "geometry": {
        "type": "Point",
        "coordinates": [-0.16287272, 51.49987717]
      }
    },
    {
      "type": "Feature",
      "id": 725,
      "properties": {
        "building_id": "harrods",
        "floor": 5,
        "id": 725,
        "metadata": {
          "category": "booth"
        },
        "name": "Jimmy Choo",
        "type": "store"
      },
      "geometry": {
        "type": "Point",
        "coordinates": [-0.16187056545454545, 51.4992947]
      }
    },
    {
      "type": "Feature",
      "id": 726,
      "properties": {
        "building_id": "harrods",
        "floor": 2,
        "id": 726,
        "metadata": {
          "category": "booth",
          "concession": true
        },
        "name": "Edit Ldn",
        "type": "store"
      },
      "geometry": {
        "type": "Point",
        "coordinates": [-0.162840908, 51.499498202]
      }
    },
    {
      "type": "Feature",
      "id": 727,
      "properties": {
        "building_id": "harrods",
        "floor": 5,
        "id": 727,
        "metadata": {
          "category": "booth"
        },
        "name": "Malone Souliers",
        "type": "store"
      },
      "geometry": {
        "type": "Point",
        "coordinates": [-0.16221761692307693, 51.498637235384614]
      }
    },
    {
      "type": "Feature",
      "id": 728,
      "properties": {
        "building_id": "harrods",
        "floor": 5,
        "id": 728,
        "metadata": {
          "category": "booth"
        },
        "name": "Amina Muaddi",
        "type": "store"
      },
      "geometry": {
        "type": "Point",
        "coordinates": [-0.1626579905882353, 51.49904508823529]
      }
    },
    {
      "type": "Feature",
      "id": 729,
      "properties": {
        "building_id": "harrods",
        "floor": 5,
        "id": 729,
        "metadata": {
          "category": "booth"
        },
        "name": "Samsung",
        "type": "store"
      },
      "geometry": {
        "type": "Point",
        "coordinates": [-0.1634290575, 51.49931124]
      }
    },
    {
      "type": "Feature",
      "id": 730,
      "properties": {
        "building_id": "harrods",
        "floor": 5,
        "id": 730,
        "metadata": {
          "category": "booth"
        },
        "name": "Dyson",
        "type": "store"
      },
      "geometry": {
        "type": "Point",
        "coordinates": [-0.1636793075, 51.49943559875]
      }
    },
    {
      "type": "Feature",
      "id": 731,
      "properties": {
        "building_id": "harrods",
        "floor": 5,
        "id": 731,
        "metadata": {
          "category": "booth"
        },
        "name": "Balenciaga",
        "type": "store"
      },
      "geometry": {
        "type": "Point",
        "coordinates": [-0.1623177375, 51.49861677]
      }
    },
    {
      "type": "Feature",
      "id": 732,
      "properties": {
        "building_id": "harrods",
        "floor": 2,
        "id": 732,
        "metadata": {
          "category": "booth"
        },
        "name": "Contemporary Designer 4",
        "type": "store"
      },
      "geometry": {
        "type": "Point",
        "coordinates": [-0.16335839, 51.49951224]
      }
    },
    {
      "type": "Feature",
      "id": 733,
      "properties": {
        "building_id": "harrods",
        "floor": 2,
        "id": 733,
        "metadata": {
          "category": "booth"
        },
        "name": "Men's Outdoor",
        "type": "store"
      },
      "geometry": {
        "type": "Point",
        "coordinates": [-0.162757688, 51.4998621604]
      }
    },
    {
      "type": "Feature",
      "id": 734,
      "properties": {
        "building_id": "harrods",
        "floor": 2,
        "id": 734,
        "metadata": {
          "category": "booth"
        },
        "name": "Kiton",
        "type": "store"
      },
      "geometry": {
        "type": "Point",
        "coordinates": [-0.163051836, 51.498979562]
      }
    },
    {
      "type": "Feature",
      "id": 735,
      "properties": {
        "building_id": "harrods",
        "floor": 5,
        "id": 735,
        "metadata": {
          "category": "booth"
        },
        "name": "Gaming",
        "type": "store"
      },
      "geometry": {
        "type": "Point",
        "coordinates": [-0.1632324, 51.499429415]
      }
    },
    {
      "type": "Feature",
      "id": 736,
      "properties": {
        "building_id": "harrods",
        "floor": 5,
        "id": 736,
        "metadata": {
          "category": "booth"
        },
        "name": "Therabody",
        "type": "store"
      },
      "geometry": {
        "type": "Point",
        "coordinates": [-0.163715220625, 51.499209093125]
      }
    },
    {
      "type": "Feature",
      "id": 737,
      "properties": {
        "building_id": "harrods",
        "floor": 5,
        "id": 737,
        "metadata": {
          "category": "booth"
        },
        "name": "Vision",
        "type": "store"
      },
      "geometry": {
        "type": "Point",
        "coordinates": [-0.16323283444444445, 51.49968221444445]
      }
    },
    {
      "type": "Feature",
      "id": 738,
      "properties": {
        "building_id": "harrods",
        "floor": 4,
        "id": 738,
        "metadata": {
          "category": "booth"
        },
        "name": "Fendi",
        "type": "store"
      },
      "geometry": {
        "type": "Point",
        "coordinates": [-0.16287133, 51.49946682]
      }
    },
    {
      "type": "Feature",
      "id": 739,
      "properties": {
        "building_id": "harrods",
        "floor": 5,
        "id": 739,
        "metadata": {
          "category": "booth"
        },
        "name": "Imaging",
        "type": "store"
      },
      "geometry": {
        "type": "Point",
        "coordinates": [-0.1638772933333333, 51.49910550095238]
      }
    },
    {
      "type": "Feature",
      "id": 740,
      "properties": {
        "building_id": "harrods",
        "floor": 3,
        "id": 740,
        "metadata": {
          "category": "booth"
        },
        "name": "Demonstration Kitchen",
        "type": "store"
      },
      "geometry": {
        "type": "Point",
        "coordinates": [-0.16267161800000002, 51.498653411]
      }
    },
    {
      "type": "Feature",
      "id": 741,
      "properties": {
        "building_id": "harrods",
        "floor": 5,
        "id": 741,
        "metadata": {
          "category": "booth"
        },
        "name": "Saint Laurent",
        "type": "store"
      },
      "geometry": {
        "type": "Point",
        "coordinates": [-0.16275562125, 51.498996614999996]
      }
    },
    {
      "type": "Feature",
      "id": 742,
      "properties": {
        "building_id": "harrods",
        "floor": 2,
        "id": 742,
        "metadata": {
          "category": "booth"
        },
        "name": "Dolce & Gabbana",
        "type": "store"
      },
      "geometry": {
        "type": "Point",
        "coordinates": [-0.16229329666666667, 51.499425744444444]
      }
    },
    {
      "type": "Feature",
      "id": 743,
      "properties": {
        "building_id": "harrods",
        "floor": 5,
        "id": 743,
        "metadata": {
          "category": "booth"
        },
        "name": "Leica",
        "type": "store"
      },
      "geometry": {
        "type": "Point",
        "coordinates": [-0.163995485, 51.4990548275]
      }
    },
    {
      "type": "Feature",
      "id": 744,
      "properties": {
        "building_id": "harrods",
        "floor": 5,
        "id": 744,
        "metadata": {
          "category": "booth"
        },
        "name": "Shoe Heaven-Hermes",
        "type": "store"
      },
      "geometry": {
        "type": "Point",
        "coordinates": [-0.1625056558974359, 51.4994365025641]
      }
    },
    {
      "type": "Feature",
      "id": 745,
      "properties": {
        "building_id": "harrods",
        "floor": 2,
        "id": 745,
        "metadata": {
          "category": "booth"
        },
        "name": "Men's Shoes & Accessories",
        "type": "store"
      },
      "geometry": {
        "type": "Point",
        "coordinates": [-0.1626697297297297, 51.49949438972973]
      }
    },
    {
      "type": "Feature",
      "id": 746,
      "properties": {
        "building_id": "harrods",
        "floor": 5,
        "id": 746,
        "metadata": {
          "category": "booth"
        },
        "name": "Bottega Veneta",
        "type": "store"
      },
      "geometry": {
        "type": "Point",
        "coordinates": [-0.1621383625, 51.49874167]
      }
    },
    {
      "type": "Feature",
      "id": 747,
      "properties": {
        "building_id": "harrods",
        "floor": 2,
        "id": 747,
        "metadata": {
          "category": "booth"
        },
        "name": "Ralph Lauren",
        "type": "store"
      },
      "geometry": {
        "type": "Point",
        "coordinates": [-0.16345422, 51.49958096]
      }
    },
    {
      "type": "Feature",
      "id": 748,
      "properties": {
        "building_id": "harrods",
        "floor": 5,
        "id": 748,
        "metadata": {
          "category": "booth"
        },
        "name": "Technology",
        "type": "store"
      },
      "geometry": {
        "type": "Point",
        "coordinates": [-0.1629959425, 51.4995518425]
      }
    },
    {
      "type": "Feature",
      "id": 749,
      "properties": {
        "building_id": "harrods",
        "floor": 2,
        "id": 749,
        "metadata": {
          "category": "booth"
        },
        "name": "Burberry",
        "type": "store"
      },
      "geometry": {
        "type": "Point",
        "coordinates": [-0.1622527857142857, 51.498926770000004]
      }
    },
    {
      "type": "Feature",
      "id": 750,
      "properties": {
        "building_id": "harrods",
        "floor": 2,
        "id": 750,
        "metadata": {
          "category": "booth"
        },
        "name": "Giorgio Armani",
        "type": "store"
      },
      "geometry": {
        "type": "Point",
        "coordinates": [-0.16264223608695652, 51.498950515652176]
      }
    },
    {
      "type": "Feature",
      "id": 751,
      "properties": {
        "building_id": "harrods",
        "floor": 3,
        "id": 751,
        "metadata": {
          "category": "booth"
        },
        "name": "Luxury Home",
        "type": "store"
      },
      "geometry": {
        "type": "Point",
        "coordinates": [-0.162374087, 51.49925296599999]
      }
    },
    {
      "type": "Feature",
      "id": 752,
      "properties": {
        "building_id": "harrods",
        "floor": 5,
        "id": 752,
        "metadata": {
          "category": "booth"
        },
        "name": "Christian Louboutin",
        "type": "store"
      },
      "geometry": {
        "type": "Point",
        "coordinates": [-0.16241748272727274, 51.49917332363636]
      }
    },
    {
      "type": "Feature",
      "id": 753,
      "properties": {
        "building_id": "harrods",
        "floor": 5,
        "id": 753,
        "metadata": {
          "category": "booth"
        },
        "name": "Audio",
        "type": "store"
      },
      "geometry": {
        "type": "Point",
        "coordinates": [-0.16339117666666667, 51.49953180833333]
      }
    },
    {
      "type": "Feature",
      "id": 754,
      "properties": {
        "building_id": "harrods",
        "floor": 4,
        "id": 754,
        "metadata": {
          "category": "booth"
        },
        "name": "Brunello Cucinello",
        "type": "store"
      },
      "geometry": {
        "type": "Point",
        "coordinates": [-0.16303212, 51.49935322]
      }
    },
    {
      "type": "Feature",
      "id": 755,
      "properties": {
        "building_id": "harrods",
        "floor": 5,
        "id": 755,
        "metadata": {
          "category": "booth"
        },
        "name": "Rene Caovilla",
        "type": "store"
      },
      "geometry": {
        "type": "Point",
        "coordinates": [-0.162015245, 51.4992928375]
      }
    },
    {
      "type": "Feature",
      "id": 756,
      "properties": {
        "building_id": "harrods",
        "floor": 4,
        "id": 756,
        "metadata": {
          "category": "booth"
        },
        "name": "Thom Browne",
        "type": "store"
      },
      "geometry": {
        "type": "Point",
        "coordinates": [-0.16297233, 51.49940259]
      }
    },
    {
      "type": "Feature",
      "id": 757,
      "properties": {
        "building_id": "harrods",
        "floor": 5,
        "id": 757,
        "metadata": {
          "category": "booth"
        },
        "name": "Prada",
        "type": "store"
      },
      "geometry": {
        "type": "Point",
        "coordinates": [-0.16250829733333333, 51.49910565066667]
      }
    },
    {
      "type": "Feature",
      "id": 758,
      "properties": {
        "building_id": "harrods",
        "floor": 3,
        "id": 758,
        "metadata": {
          "category": "booth"
        },
        "name": "Luxury Linens",
        "type": "store"
      },
      "geometry": {
        "type": "Point",
        "coordinates": [-0.16281330363636365, 51.49899898727272]
      }
    },
    {
      "type": "Feature",
      "id": 759,
      "properties": {
        "building_id": "harrods",
        "floor": 2,
        "id": 759,
        "metadata": {
          "category": "booth"
        },
        "name": "Fendi",
        "type": "store"
      },
      "geometry": {
        "type": "Point",
        "coordinates": [-0.1619092157142857, 51.49913086428571]
      }
    },
    {
      "type": "Feature",
      "id": 760,
      "properties": {
        "building_id": "harrods",
        "floor": 2,
        "id": 760,
        "metadata": {
          "category": "booth"
        },
        "name": "Men's International Designer",
        "type": "store"
      },
      "geometry": {
        "type": "Point",
        "coordinates": [-0.16326157779141104, 51.498836984110426]
      }
    },
    {
      "type": "Feature",
      "id": 761,
      "properties": {
        "building_id": "harrods",
        "floor": 3,
        "id": 761,
        "metadata": {
          "category": "booth"
        },
        "name": "Ralph Lauren Home & Furniture",
        "type": "store"
      },
      "geometry": {
        "type": "Point",
        "coordinates": [-0.16315397599999998, 51.499133691]
      }
    },
    {
      "type": "Feature",
      "id": 762,
      "properties": {
        "building_id": "harrods",
        "floor": 2,
        "id": 762,
        "metadata": {
          "category": "booth"
        },
        "name": "Men's Sunglasses",
        "type": "store"
      },
      "geometry": {
        "type": "Point",
        "coordinates": [-0.16304409250000002, 51.499370920000004]
      }
    },
    {
      "type": "Feature",
      "id": 763,
      "properties": {
        "building_id": "harrods",
        "floor": 5,
        "id": 763,
        "metadata": {
          "category": "booth"
        },
        "name": "Smart Home",
        "type": "store"
      },
      "geometry": {
        "type": "Point",
        "coordinates": [-0.163543898, 51.499456456]
      }
    },
    {
      "type": "Feature",
      "id": 764,
      "properties": {
        "building_id": "harrods",
        "floor": 5,
        "id": 764,
        "metadata": {
          "category": "booth"
        },
        "name": "McQueen",
        "type": "store"
      },
      "geometry": {
        "type": "Point",
        "coordinates": [-0.1624756, 51.4986179425]
      }
    },
    {
      "type": "Feature",
      "id": 765,
      "properties": {
        "building_id": "harrods",
        "floor": 3,
        "id": 765,
        "metadata": {
          "category": "booth"
        },
        "name": "Fragrance & Lalique",
        "type": "store"
      },
      "geometry": {
        "type": "Point",
        "coordinates": [-0.1626212325, 51.4994906425]
      }
    },
    {
      "type": "Feature",
      "id": 766,
      "properties": {
        "building_id": "harrods",
        "floor": 4,
        "id": 766,
        "metadata": {
          "category": "booth"
        },
        "name": "Burberry",
        "type": "store"
      },
      "geometry": {
        "type": "Point",
        "coordinates": [-0.16308127, 51.49925294]
      }
    },
    {
      "type": "Feature",
      "id": 767,
      "properties": {
        "building_id": "harrods",
        "floor": 3,
        "id": 767,
        "metadata": {
          "category": "booth"
        },
        "name": "Dining Accessories",
        "type": "store"
      },
      "geometry": {
        "type": "Point",
        "coordinates": [-0.16285442222222224, 51.49867419444445]
      }
    },
    {
      "type": "Feature",
      "id": 768,
      "properties": {
        "building_id": "harrods",
        "floor": 5,
        "id": 768,
        "metadata": {
          "category": "booth"
        },
        "name": "Dior",
        "type": "store"
      },
      "geometry": {
        "type": "Point",
        "coordinates": [-0.16211266937500002, 51.499064508125]
      }
    },
    {
      "type": "Feature",
      "id": 769,
      "properties": {
        "building_id": "harrods",
        "floor": 3,
        "id": 769,
        "metadata": {
          "category": "booth"
        },
        "name": "Classics Room 1",
        "type": "store"
      },
      "geometry": {
        "type": "Point",
        "coordinates": [-0.16372431833333334, 51.499255188333336]
      }
    },
    {
      "type": "Feature",
      "id": 770,
      "properties": {
        "building_id": "harrods",
        "floor": -1,
        "id": 770,
        "metadata": {
          "category": "booth"
        },
        "name": "Books, Cards & Gifts",
        "type": "store"
      },
      "geometry": {
        "type": "Point",
        "coordinates": [-0.16255325696969697, 51.49953178030303]
      }
    },
    {
      "type": "Feature",
      "id": 771,
      "properties": {
        "building_id": "harrods",
        "floor": 2,
        "id": 771,
        "metadata": {
          "category": "booth"
        },
        "name": "Zegna",
        "type": "store"
      },
      "geometry": {
        "type": "Point",
        "coordinates": [-0.16243015857142856, 51.49871514642857]
      }
    },
    {
      "type": "Feature",
      "id": 772,
      "properties": {
        "building_id": "harrods",
        "floor": 5,
        "id": 772,
        "metadata": {
          "category": "booth"
        },
        "name": "Louis Vuitton",
        "type": "store"
      },
      "geometry": {
        "type": "Point",
        "coordinates": [-0.1626467210526316, 51.499160961578944]
      }
    },
    {
      "type": "Feature",
      "id": 773,
      "properties": {
        "building_id": "harrods",
        "floor": 3,
        "id": 773,
        "metadata": {
          "category": "booth"
        },
        "name": "The White Company",
        "type": "store"
      },
      "geometry": {
        "type": "Point",
        "coordinates": [-0.1631706042857143, 51.498788919999996]
      }
    },
    {
      "type": "Feature",
      "id": 774,
      "properties": {
        "building_id": "harrods",
        "floor": 3,
        "id": 774,
        "metadata": {
          "category": "booth"
        },
        "name": "Classics Room 2",
        "type": "store"
      },
      "geometry": {
        "type": "Point",
        "coordinates": [-0.16337720666666666, 51.499490701666666]
      }
    },
    {
      "type": "Feature",
      "id": 775,
      "properties": {
        "building_id": "harrods",
        "floor": 2,
        "id": 775,
        "metadata": {
          "category": "booth"
        },
        "name": "Designer Collections 2",
        "type": "store"
      },
      "geometry": {
        "type": "Point",
        "coordinates": [-0.1632277042857143, 51.499129704285714]
      }
    },
    {
      "type": "Feature",
      "id": 776,
      "properties": {
        "building_id": "harrods",
        "floor": 2,
        "id": 776,
        "metadata": {
          "category": "booth"
        },
        "name": "Dior",
        "type": "store"
      },
      "geometry": {
        "type": "Point",
        "coordinates": [-0.16200739428571428, 51.499406619285715]
      }
    },
    {
      "type": "Feature",
      "id": 777,
      "properties": {
        "building_id": "harrods",
        "floor": 2,
        "id": 777,
        "metadata": {
          "category": "booth"
        },
        "name": "Christian Louboutin",
        "type": "store"
      },
      "geometry": {
        "type": "Point",
        "coordinates": [-0.16275239000000002, 51.4995462075]
      }
    },
    {
      "type": "Feature",
      "id": 778,
      "properties": {
        "building_id": "harrods",
        "floor": 5,
        "id": 778,
        "metadata": {
          "category": "booth"
        },
        "name": "Kurt Geiger",
        "type": "store"
      },
      "geometry": {
        "type": "Point",
        "coordinates": [-0.16185003166666667, 51.499188010000005]
      }
    },
    {
      "type": "Feature",
      "id": 779,
      "properties": {
        "building_id": "harrods",
        "floor": 5,
        "id": 779,
        "metadata": {
          "category": "booth"
        },
        "name": "Chanel",
        "type": "store"
      },
      "geometry": {
        "type": "Point",
        "coordinates": [-0.1629438, 51.499387274444445]
      }
    },
    {
      "type": "Feature",
      "id": 780,
      "properties": {
        "building_id": "harrods",
        "floor": 2,
        "id": 780,
        "metadata": {
          "category": "booth"
        },
        "name": "Contemporary Designer 2",
        "type": "store"
      },
      "geometry": {
        "type": "Point",
        "coordinates": [-0.16375862, 51.49927183]
      }
    },
    {
      "type": "Feature",
      "id": 781,
      "properties": {
        "building_id": "harrods",
        "floor": 2,
        "id": 781,
        "metadata": {
          "category": "booth"
        },
        "name": "Louis Vuitton",
        "type": "store"
      },
      "geometry": {
        "type": "Point",
        "coordinates": [-0.16208930166666666, 51.49918083666667]
      }
    },
    {
      "type": "Feature",
      "id": 782,
      "properties": {
        "building_id": "harrods",
        "floor": 2,
        "id": 782,
        "metadata": {
          "category": "booth"
        },
        "name": "Gucci",
        "type": "store"
      },
      "geometry": {
        "type": "Point",
        "coordinates": [-0.1624600015, 51.4993080955]
      }
    },
    {
      "type": "Feature",
      "id": 783,
      "properties": {
        "building_id": "harrods",
        "floor": 2,
        "id": 783,
        "metadata": {
          "category": "booth"
        },
        "name": "Men's Designer Collections 1",
        "type": "store"
      },
      "geometry": {
        "type": "Point",
        "coordinates": [-0.16280724419354836, 51.49898122935483]
      }
    },
    {
      "type": "Feature",
      "id": 784,
      "properties": {
        "building_id": "harrods",
        "floor": 5,
        "id": 784,
        "metadata": {
          "category": "booth"
        },
        "name": "KG - Designer Shoes Room 1",
        "type": "store"
      },
      "geometry": {
        "type": "Point",
        "coordinates": [-0.16230632928571428, 51.49885196142857]
      }
    },
    {
      "type": "Feature",
      "id": 785,
      "properties": {
        "building_id": "harrods",
        "floor": 2,
        "id": 785,
        "metadata": {
          "category": "booth"
        },
        "name": "Men's Essentials",
        "type": "store"
      },
      "geometry": {
        "type": "Point",
        "coordinates": [-0.16316345285714284, 51.49966408142858]
      }
    },
    {
      "type": "Feature",
      "id": 786,
      "properties": {
        "building_id": "harrods",
        "floor": 3,
        "id": 786,
        "metadata": {
          "category": "booth",
          "keywords": [
            "customer service",
            "customer help",
            "customer information",
            "help",
            "information"
          ]
        },
        "name": "Customer Service",
        "type": "store"
      },
      "geometry": {
        "type": "Point",
        "coordinates": [-0.16334635666666666, 51.499259253333335]
      }
    },
    {
      "type": "Feature",
      "id": 787,
      "properties": {
        "building_id": "harrods",
        "floor": 5,
        "id": 787,
        "metadata": {
          "category": "booth"
        },
        "name": "Manolo Blahnik",
        "type": "store"
      },
      "geometry": {
        "type": "Point",
        "coordinates": [-0.1626141725, 51.4986128275]
      }
    },
    {
      "type": "Feature",
      "id": 788,
      "properties": {
        "building_id": "harrods",
        "floor": 5,
        "id": 788,
        "metadata": {
          "category": "booth"
        },
        "name": "Gianvito Rossi",
        "type": "store"
      },
      "geometry": {
        "type": "Point",
        "coordinates": [-0.16216805142857144, 51.498676475714284]
      }
    },
    {
      "type": "Feature",
      "id": 789,
      "properties": {
        "building_id": "harrods",
        "floor": 3,
        "id": 789,
        "metadata": {
          "category": "booth"
        },
        "name": "Classic Room 2",
        "type": "store"
      },
      "geometry": {
        "type": "Point",
        "coordinates": [-0.16355073090909092, 51.499395172727276]
      }
    },
    {
      "type": "Feature",
      "id": 790,
      "properties": {
        "building_id": "harrods",
        "floor": 2,
        "id": 790,
        "metadata": {
          "category": "booth"
        },
        "name": "Stefano Ricci",
        "type": "store"
      },
      "geometry": {
        "type": "Point",
        "coordinates": [-0.162939375, 51.499017684]
      }
    },
    {
      "type": "Feature",
      "id": 791,
      "properties": {
        "building_id": "harrods",
        "floor": 2,
        "id": 791,
        "metadata": {
          "category": "booth"
        },
        "name": "Loro Piana",
        "type": "store"
      },
      "geometry": {
        "type": "Point",
        "coordinates": [-0.16220579555555556, 51.499017782222225]
      }
    },
    {
      "type": "Feature",
      "id": 792,
      "properties": {
        "building_id": "harrods",
        "floor": -1,
        "id": 792,
        "metadata": {
          "category": "atm"
        },
        "name": "Post Box",
        "type": "amenity"
      },
      "geometry": {
        "type": "Point",
        "coordinates": [-0.16286056, 51.49959695]
      }
    },
    {
      "type": "Feature",
      "id": 793,
      "properties": {
        "building_id": "harrods",
        "floor": -1,
        "id": 793,
        "metadata": {
          "category": "atm"
        },
        "name": "Brand Spirits",
        "type": "amenity"
      },
      "geometry": {
        "type": "Point",
        "coordinates": [-0.16275663, 51.49990382]
      }
    },
    {
      "type": "Feature",
      "id": 794,
      "properties": {
        "building_id": "harrods",
        "floor": 4,
        "id": 794,
        "metadata": {
          "category": "atm",
          "description": "Fourth Floor \u2014 Whether you\u2019re short on time or stuck for ideas, our team of present-picking experts is dedicated to sourcing the world\u2019s most exclusive toys.",
          "keywords": ["toy", "toys", "children", "kid", "child", "concierge"],
          "link": "https://www.harrods.com/en-gb/services/toy-concierge"
        },
        "name": "Toy Concierge",
        "type": "amenity"
      },
      "geometry": {
        "type": "Point",
        "coordinates": [-0.16254377, 51.49963195]
      }
    },
    {
      "type": "Feature",
      "id": 795,
      "properties": {
        "building_id": "harrods",
        "floor": 4,
        "id": 795,
        "metadata": {
          "category": "atm"
        },
        "name": "Alice & Olivia",
        "type": "amenity"
      },
      "geometry": {
        "type": "Point",
        "coordinates": [-0.16239747, 51.49871451]
      }
    },
    {
      "type": "Feature",
      "id": 796,
      "properties": {
        "building_id": "harrods",
        "floor": -1,
        "id": 796,
        "metadata": {
          "category": "atm"
        },
        "name": "La Mer",
        "type": "amenity"
      },
      "geometry": {
        "type": "Point",
        "coordinates": [-0.16184803, 51.49908644]
      }
    },
    {
      "type": "Feature",
      "id": 797,
      "properties": {
        "building_id": "harrods",
        "floor": -1,
        "id": 797,
        "metadata": {
          "category": "atm"
        },
        "name": "Colour Masterclass",
        "type": "amenity"
      },
      "geometry": {
        "type": "Point",
        "coordinates": [-0.16188313, 51.49932853]
      }
    },
    {
      "type": "Feature",
      "id": 798,
      "properties": {
        "building_id": "harrods",
        "floor": 3,
        "id": 798,
        "metadata": {
          "category": "atm",
          "description": "Stop by the Linley Demonstration Kitchen to catch a masterclass with a Harrods chef and learn how to get the most out of your culinary gadgets and equipment.",
          "keywords": ["demonstration", "kitchen", "cooking", "food"]
        },
        "name": "Demonstration Kitchen",
        "type": "amenity"
      },
      "geometry": {
        "type": "Point",
        "coordinates": [-0.16265538, 51.49864229]
      }
    },
    {
      "type": "Feature",
      "id": 799,
      "properties": {
        "building_id": "harrods",
        "floor": 4,
        "id": 799,
        "metadata": {
          "category": "atm"
        },
        "name": "Me & Em",
        "type": "amenity"
      },
      "geometry": {
        "type": "Point",
        "coordinates": [-0.16191872, 51.49937054]
      }
    },
    {
      "type": "Feature",
      "id": 800,
      "properties": {
        "building_id": "harrods",
        "floor": 4,
        "id": 800,
        "metadata": {
          "category": "atm"
        },
        "name": "All Saints",
        "type": "amenity"
      },
      "geometry": {
        "type": "Point",
        "coordinates": [-0.16184658, 51.49922647]
      }
    },
    {
      "type": "Feature",
      "id": 801,
      "properties": {
        "building_id": "harrods",
        "floor": -1,
        "id": 801,
        "metadata": {
          "category": "atm"
        },
        "name": "Champagne Room",
        "type": "amenity"
      },
      "geometry": {
        "type": "Point",
        "coordinates": [-0.16324916, 51.49969633]
      }
    },
    {
      "type": "Feature",
      "id": 802,
      "properties": {
        "building_id": "harrods",
        "floor": 4,
        "id": 802,
        "metadata": {
          "category": "atm"
        },
        "name": "Maje",
        "type": "amenity"
      },
      "geometry": {
        "type": "Point",
        "coordinates": [-0.1620581, 51.49928611]
      }
    },
    {
      "type": "Feature",
      "id": 803,
      "properties": {
        "building_id": "harrods",
        "floor": -1,
        "id": 803,
        "metadata": {
          "category": "atm"
        },
        "name": "La Praire",
        "type": "amenity"
      },
      "geometry": {
        "type": "Point",
        "coordinates": [-0.16211352, 51.49942184]
      }
    },
    {
      "type": "Feature",
      "id": 804,
      "properties": {
        "building_id": "harrods",
        "floor": 4,
        "id": 804,
        "metadata": {
          "category": "atm"
        },
        "name": "Paige",
        "type": "amenity"
      },
      "geometry": {
        "type": "Point",
        "coordinates": [-0.16225866, 51.49925336]
      }
    },
    {
      "type": "Feature",
      "id": 805,
      "properties": {
        "building_id": "harrods",
        "floor": 4,
        "id": 805,
        "metadata": {
          "category": "atm"
        },
        "name": "Vince",
        "type": "amenity"
      },
      "geometry": {
        "type": "Point",
        "coordinates": [-0.16231519, 51.49883426]
      }
    },
    {
      "type": "Feature",
      "id": 806,
      "properties": {
        "building_id": "harrods",
        "floor": 4,
        "id": 806,
        "metadata": {
          "category": "atm"
        },
        "name": "Nanushka",
        "type": "amenity"
      },
      "geometry": {
        "type": "Point",
        "coordinates": [-0.16219924, 51.49899292]
      }
    },
    {
      "type": "Feature",
      "id": 807,
      "properties": {
        "building_id": "harrods",
        "floor": 4,
        "id": 807,
        "metadata": {
          "category": "atm"
        },
        "name": "Lululemon",
        "type": "amenity"
      },
      "geometry": {
        "type": "Point",
        "coordinates": [-0.16269152, 51.49911809]
      }
    },
    {
      "type": "Feature",
      "id": 808,
      "properties": {
        "building_id": "harrods",
        "floor": 4,
        "id": 808,
        "metadata": {
          "category": "atm"
        },
        "name": "Mother",
        "type": "amenity"
      },
      "geometry": {
        "type": "Point",
        "coordinates": [-0.16241492, 51.49936129]
      }
    },
    {
      "type": "Feature",
      "id": 809,
      "properties": {
        "building_id": "harrods",
        "floor": 4,
        "id": 809,
        "metadata": {
          "category": "atm"
        },
        "name": "Teak Stairs",
        "type": "amenity"
      },
      "geometry": {
        "type": "Point",
        "coordinates": [-0.16327703, 51.4987738]
      }
    },
    {
      "type": "Feature",
      "id": 810,
      "properties": {
        "building_id": "harrods",
        "floor": 4,
        "id": 810,
        "metadata": {
          "category": "atm",
          "keywords": ["family", "baby changing"]
        },
        "name": "Parents' Room / Baby Change",
        "type": "amenity"
      },
      "geometry": {
        "type": "Point",
        "coordinates": [-0.16390367, 51.49929437]
      }
    },
    {
      "type": "Feature",
      "id": 811,
      "properties": {
        "building_id": "harrods",
        "floor": -1,
        "id": 811,
        "metadata": {
          "category": "atm"
        },
        "name": "Treatment 1",
        "type": "amenity"
      },
      "geometry": {
        "type": "Point",
        "coordinates": [-0.16192125, 51.49937791]
      }
    },
    {
      "type": "Feature",
      "id": 812,
      "properties": {
        "building_id": "harrods",
        "floor": 4,
        "id": 812,
        "metadata": {
          "category": "atm"
        },
        "name": "Trotters Hairdressing",
        "type": "amenity"
      },
      "geometry": {
        "type": "Point",
        "coordinates": [-0.16421659, 51.49915583]
      }
    },
    {
      "type": "Feature",
      "id": 813,
      "properties": {
        "building_id": "harrods",
        "floor": 4,
        "id": 813,
        "metadata": {
          "category": "atm"
        },
        "name": "L' Agence",
        "type": "amenity"
      },
      "geometry": {
        "type": "Point",
        "coordinates": [-0.16251872, 51.49908721]
      }
    },
    {
      "type": "Feature",
      "id": 814,
      "properties": {
        "building_id": "harrods",
        "floor": 4,
        "id": 814,
        "metadata": {
          "category": "atm"
        },
        "name": "Theory",
        "type": "amenity"
      },
      "geometry": {
        "type": "Point",
        "coordinates": [-0.16213775, 51.49908684]
      }
    },
    {
      "type": "Feature",
      "id": 815,
      "properties": {
        "building_id": "harrods",
        "floor": -1,
        "id": 815,
        "metadata": {
          "category": "atm"
        },
        "name": "Wine Room",
        "type": "amenity"
      },
      "geometry": {
        "type": "Point",
        "coordinates": [-0.16304677, 51.49981057]
      }
    },
    {
      "type": "Feature",
      "id": 816,
      "properties": {
        "building_id": "harrods",
        "floor": 4,
        "id": 816,
        "metadata": {
          "category": "atm"
        },
        "name": "Simkhai",
        "type": "amenity"
      },
      "geometry": {
        "type": "Point",
        "coordinates": [-0.16203706, 51.49907141]
      }
    },
    {
      "type": "Feature",
      "id": 817,
      "properties": {
        "building_id": "harrods",
        "floor": 4,
        "id": 817,
        "metadata": {
          "category": "atm"
        },
        "name": "Ralph Lauren",
        "type": "amenity"
      },
      "geometry": {
        "type": "Point",
        "coordinates": [-0.16229088, 51.49941224]
      }
    },
    {
      "type": "Feature",
      "id": 818,
      "properties": {
        "building_id": "harrods",
        "floor": 4,
        "id": 818,
        "metadata": {
          "category": "atm"
        },
        "name": "Self Portrait",
        "type": "amenity"
      },
      "geometry": {
        "type": "Point",
        "coordinates": [-0.16235205, 51.49877206]
      }
    },
    {
      "type": "Feature",
      "id": 819,
      "properties": {
        "building_id": "harrods",
        "floor": 4,
        "id": 819,
        "metadata": {
          "category": "atm"
        },
        "name": "Yves Salomon",
        "type": "amenity"
      },
      "geometry": {
        "type": "Point",
        "coordinates": [-0.16204683, 51.49920706]
      }
    },
    {
      "type": "Feature",
      "id": 820,
      "properties": {
        "building_id": "harrods",
        "floor": 4,
        "id": 820,
        "metadata": {
          "category": "atm"
        },
        "name": "Weekend Max Mara",
        "type": "amenity"
      },
      "geometry": {
        "type": "Point",
        "coordinates": [-0.16183682, 51.49927933]
      }
    },
    {
      "type": "Feature",
      "id": 821,
      "properties": {
        "building_id": "harrods",
        "floor": -1,
        "id": 821,
        "metadata": {
          "category": "atm"
        },
        "name": "Chanel2",
        "type": "amenity"
      },
      "geometry": {
        "type": "Point",
        "coordinates": [-0.16199868, 51.49943054]
      }
    },
    {
      "type": "Feature",
      "id": 822,
      "properties": {
        "building_id": "harrods",
        "floor": 4,
        "id": 822,
        "metadata": {
          "category": "atm"
        },
        "name": "Sweaty Betty",
        "type": "amenity"
      },
      "geometry": {
        "type": "Point",
        "coordinates": [-0.16265331, 51.49909431]
      }
    },
    {
      "type": "Feature",
      "id": 823,
      "properties": {
        "building_id": "harrods",
        "floor": 4,
        "id": 823,
        "metadata": {
          "category": "atm",
          "description": "The cult New York brand offers ear styling, luxury jewellery and bespoke piercing services.",
          "keywords": [
            "Maria Tash",
            "piercing",
            "ear piercing",
            "jewellery",
            "luxury jewellery"
          ],
          "link": "https://www.harrods.com/en-gb/services/maria-tash-piercing-studio"
        },
        "name": "Maria Tash Luxury Piercing",
        "type": "amenity"
      },
      "geometry": {
        "type": "Point",
        "coordinates": [-0.16240579, 51.49874587]
      }
    },
    {
      "type": "Feature",
      "id": 824,
      "properties": {
        "building_id": "harrods",
        "floor": 4,
        "id": 824,
        "metadata": {
          "category": "atm"
        },
        "name": "Max & Co",
        "type": "amenity"
      },
      "geometry": {
        "type": "Point",
        "coordinates": [-0.16185936, 51.49933172]
      }
    },
    {
      "type": "Feature",
      "id": 825,
      "properties": {
        "building_id": "harrods",
        "floor": 4,
        "id": 825,
        "metadata": {
          "category": "atm"
        },
        "name": "Good America",
        "type": "amenity"
      },
      "geometry": {
        "type": "Point",
        "coordinates": [-0.16248051, 51.4991117]
      }
    },
    {
      "type": "Feature",
      "id": 826,
      "properties": {
        "building_id": "harrods",
        "floor": 4,
        "id": 826,
        "metadata": {
          "category": "atm"
        },
        "name": "Claude Pierlot",
        "type": "amenity"
      },
      "geometry": {
        "type": "Point",
        "coordinates": [-0.16197432, 51.49940703]
      }
    },
    {
      "type": "Feature",
      "id": 827,
      "properties": {
        "building_id": "harrods",
        "floor": 4,
        "id": 827,
        "metadata": {
          "category": "atm"
        },
        "name": "Citizens Of Humanity",
        "type": "amenity"
      },
      "geometry": {
        "type": "Point",
        "coordinates": [-0.16236017, 51.49932508]
      }
    },
    {
      "type": "Feature",
      "id": 828,
      "properties": {
        "building_id": "harrods",
        "floor": 4,
        "id": 828,
        "metadata": {
          "category": "atm"
        },
        "name": "Frame",
        "type": "amenity"
      },
      "geometry": {
        "type": "Point",
        "coordinates": [-0.16233052, 51.49920792]
      }
    },
    {
      "type": "Feature",
      "id": 829,
      "properties": {
        "building_id": "harrods",
        "floor": -1,
        "id": 829,
        "metadata": {
          "category": "atm",
          "description": "The Hearing Clinic is part of Harrods Pharmacy and is run by Owen Hearin, a company owned by James Owen, who has been a Hearing Aid Consultant since 1995. A range of treatments, tests and services are offered, in discreet and calming surroundings.",
          "keywords": ["hearing", "hearing clinic", "hearing aid"]
        },
        "name": "Hearing Clinic",
        "type": "amenity"
      },
      "geometry": {
        "type": "Point",
        "coordinates": [-0.16413925, 51.49914802]
      }
    },
    {
      "type": "Feature",
      "id": 830,
      "properties": {
        "building_id": "harrods",
        "floor": -1,
        "id": 830,
        "metadata": {
          "category": "atm"
        },
        "name": "Chantecaille",
        "type": "amenity"
      },
      "geometry": {
        "type": "Point",
        "coordinates": [-0.16189668, 51.49910163]
      }
    },
    {
      "type": "Feature",
      "id": 831,
      "properties": {
        "building_id": "harrods",
        "floor": 4,
        "id": 831,
        "metadata": {
          "category": "atm"
        },
        "name": "Sandro",
        "type": "amenity"
      },
      "geometry": {
        "type": "Point",
        "coordinates": [-0.1621385, 51.49934084]
      }
    },
    {
      "type": "Feature",
      "id": 832,
      "properties": {
        "building_id": "harrods",
        "floor": -1,
        "id": 832,
        "metadata": {
          "category": "atm",
          "description": "Got an old watch that\u2019s just gathering dust? Our new Fine Watches Part Exchange service allows you to trade in a fine watch you longer have use for. Simply bring it in-store to any boutique within the Fine Watch Rooms to get an initial quote by a Harrods sales representative. Then, the watch will be tested and evaluated to confirm the final value, which can be loaded onto a Harrods Gift Card for you to spend anywhere in-store.",
          "phone": "+442072255910",
          "keywords": [" exchange", " Watch", "Fine", " Part"]
        },
        "name": "Fine Watches Part Exchange Service",
        "type": "amenity"
      },
      "geometry": {
        "type": "Point",
        "coordinates": [-0.16270887, 51.49863379]
      }
    },
    {
      "type": "Feature",
      "id": 833,
      "properties": {
        "building_id": "harrods",
        "floor": 4,
        "id": 833,
        "metadata": {
          "category": "atm"
        },
        "name": "Rag & Bone",
        "type": "amenity"
      },
      "geometry": {
        "type": "Point",
        "coordinates": [-0.16242405, 51.49914472]
      }
    },
    {
      "type": "Feature",
      "id": 834,
      "properties": {
        "building_id": "harrods",
        "floor": 4,
        "id": 834,
        "metadata": {
          "category": "atm"
        },
        "name": "The Kooples",
        "type": "amenity"
      },
      "geometry": {
        "type": "Point",
        "coordinates": [-0.16188641, 51.49917549]
      }
    },
    {
      "type": "Feature",
      "id": 835,
      "properties": {
        "building_id": "harrods",
        "floor": -1,
        "id": 835,
        "metadata": {
          "category": "atm"
        },
        "name": "Spirit Room",
        "type": "amenity"
      },
      "geometry": {
        "type": "Point",
        "coordinates": [-0.16285106, 51.49991208]
      }
    },
    {
      "type": "Feature",
      "id": 836,
      "properties": {
        "building_id": "harrods",
        "floor": 4,
        "id": 836,
        "metadata": {
          "category": "atm"
        },
        "name": "Canada Goose",
        "type": "amenity"
      },
      "geometry": {
        "type": "Point",
        "coordinates": [-0.16209267, 51.49914859]
      }
    },
    {
      "type": "Feature",
      "id": 837,
      "properties": {
        "building_id": "harrods",
        "floor": 4,
        "id": 837,
        "metadata": {
          "category": "atm"
        },
        "name": "Ganni",
        "type": "amenity"
      },
      "geometry": {
        "type": "Point",
        "coordinates": [-0.16216932, 51.49903416]
      }
    },
    {
      "type": "Feature",
      "id": 838,
      "properties": {
        "building_id": "harrods",
        "floor": 4,
        "id": 838,
        "metadata": {
          "category": "atm"
        },
        "name": "Generic",
        "type": "amenity"
      },
      "geometry": {
        "type": "Point",
        "coordinates": [-0.16259913, 51.49914863]
      }
    },
    {
      "type": "Feature",
      "id": 839,
      "properties": {
        "building_id": "harrods",
        "floor": 4,
        "id": 839,
        "metadata": {
          "category": "atm"
        },
        "name": "Seven For All Mankind",
        "type": "amenity"
      },
      "geometry": {
        "type": "Point",
        "coordinates": [-0.16247766, 51.49932934]
      }
    },
    {
      "type": "Feature",
      "id": 840,
      "properties": {
        "building_id": "harrods",
        "floor": -1,
        "id": 840,
        "metadata": {
          "category": "atm"
        },
        "name": "Treatment 8",
        "type": "amenity"
      },
      "geometry": {
        "type": "Point",
        "coordinates": [-0.16199584, 51.49934357]
      }
    },
    {
      "type": "Feature",
      "id": 841,
      "properties": {
        "building_id": "harrods",
        "floor": -1,
        "id": 841,
        "metadata": {
          "category": "atm",
          "description": "Get instant travel money in all major foreign currencies and use a free ATM at our two in-store Bureau de Change desks."
        },
        "name": "Bureau de Change",
        "type": "amenity"
      },
      "geometry": {
        "type": "Point",
        "coordinates": [-0.16238217, 51.49911069]
      }
    },
    {
      "type": "Feature",
      "id": 842,
      "properties": {
        "building_id": "harrods",
        "floor": 4,
        "id": 842,
        "metadata": {
          "category": "atm"
        },
        "name": "Veronica Beard",
        "type": "amenity"
      },
      "geometry": {
        "type": "Point",
        "coordinates": [-0.16222916, 51.49895167]
      }
    },
    {
      "type": "Feature",
      "id": 843,
      "properties": {
        "building_id": "harrods",
        "floor": 4,
        "id": 843,
        "metadata": {
          "category": "atm"
        },
        "name": "On Running",
        "type": "amenity"
      },
      "geometry": {
        "type": "Point",
        "coordinates": [-0.16271604, 51.49922922]
      }
    },
    {
      "type": "Feature",
      "id": 844,
      "properties": {
        "building_id": "harrods",
        "floor": 4,
        "id": 844,
        "metadata": {
          "category": "atm"
        },
        "name": "Aeron",
        "type": "amenity"
      },
      "geometry": {
        "type": "Point",
        "coordinates": [-0.16229008, 51.49886719]
      }
    },
    {
      "type": "Feature",
      "id": 845,
      "properties": {
        "building_id": "harrods",
        "floor": -1,
        "id": 845,
        "metadata": {
          "category": "atm",
          "description": "Specialising in rare flowers and renowned for truly artistic arrangements, Neill Strain Floral Couture is your go-to for ready-to-buy and made-to-order bouquets, as well as bespoke commissions.",
          "phone": "+442077301234",
          "keywords": [
            "flowers",
            "gift",
            "gifts",
            "gifting",
            "florist",
            "occasion",
            "rare",
            "specialist",
            "neil strain",
            "bouquets",
            "made-to-order"
          ]
        },
        "name": "Neill Strain Floral Couture",
        "type": "amenity"
      },
      "geometry": {
        "type": "Point",
        "coordinates": [-0.16260706, 51.49948435]
      }
    },
    {
      "type": "Feature",
      "id": 846,
      "properties": {
        "building_id": "harrods",
        "floor": 4,
        "id": 846,
        "metadata": {
          "category": "atm"
        },
        "name": "Generic Area",
        "type": "amenity"
      },
      "geometry": {
        "type": "Point",
        "coordinates": [-0.16255122, 51.49926153]
      }
    },
    {
      "type": "Feature",
      "id": 847,
      "properties": {
        "building_id": "harrods",
        "floor": -1,
        "id": 847,
        "metadata": {
          "category": "atm"
        },
        "name": "Dior",
        "type": "amenity"
      },
      "geometry": {
        "type": "Point",
        "coordinates": [-0.16202105, 51.49913573]
      }
    },
    {
      "type": "Feature",
      "id": 848,
      "properties": {
        "building_id": "harrods",
        "floor": -1,
        "id": 848,
        "metadata": {
          "category": "atm"
        },
        "name": "Skincare Masterclass",
        "type": "amenity"
      },
      "geometry": {
        "type": "Point",
        "coordinates": [-0.16196946, 51.49920817]
      }
    },
    {
      "type": "Feature",
      "id": 849,
      "properties": {
        "building_id": "harrods",
        "floor": 4,
        "id": 849,
        "metadata": {
          "category": "atm"
        },
        "name": "Anine Bing",
        "type": "amenity"
      },
      "geometry": {
        "type": "Point",
        "coordinates": [-0.16226122, 51.49890777]
      }
    },
    {
      "type": "Feature",
      "id": 850,
      "properties": {
        "building_id": "harrods",
        "floor": 4,
        "id": 850,
        "metadata": {
          "category": "atm"
        },
        "name": "Zadig & Voltaire",
        "type": "amenity"
      },
      "geometry": {
        "type": "Point",
        "coordinates": [-0.16192473, 51.49913198]
      }
    },
    {
      "type": "Feature",
      "id": 851,
      "properties": {
        "building_id": "harrods",
        "floor": -1,
        "id": 851,
        "metadata": {
          "category": "atm"
        },
        "name": "Natura Bisse",
        "type": "amenity"
      },
      "geometry": {
        "type": "Point",
        "coordinates": [-0.16203206, 51.49945162]
      }
    },
    {
      "type": "Feature",
      "id": 852,
      "properties": {
        "building_id": "harrods",
        "floor": -1,
        "id": 852,
        "metadata": {
          "category": "atm"
        },
        "name": "Chanel 1",
        "type": "amenity"
      },
      "geometry": {
        "type": "Point",
        "coordinates": [-0.16195274, 51.49940341]
      }
    },
    {
      "type": "Feature",
      "id": 853,
      "properties": {
        "building_id": "harrods",
        "floor": -1,
        "id": 853,
        "metadata": {
          "category": "atm"
        },
        "name": "Treatment 6",
        "type": "amenity"
      },
      "geometry": {
        "type": "Point",
        "coordinates": [-0.16207279, 51.49939472]
      }
    },
    {
      "type": "Feature",
      "id": 854,
      "properties": {
        "building_id": "harrods",
        "floor": 4,
        "id": 854,
        "metadata": {
          "category": "atm"
        },
        "name": "Joseph",
        "type": "amenity"
      },
      "geometry": {
        "type": "Point",
        "coordinates": [-0.16202692, 51.49944071]
      }
    },
    {
      "type": "Feature",
      "id": 855,
      "properties": {
        "building_id": "harrods",
        "floor": -1,
        "id": 855,
        "metadata": {
          "category": "atm"
        },
        "name": "Decorte",
        "type": "amenity"
      },
      "geometry": {
        "type": "Point",
        "coordinates": [-0.16182772, 51.49923626]
      }
    },
    {
      "type": "Feature",
      "id": 856,
      "properties": {
        "building_id": "harrods",
        "floor": -1,
        "id": 856,
        "metadata": {
          "category": "atm"
        },
        "name": "Cleo de Peau",
        "type": "amenity"
      },
      "geometry": {
        "type": "Point",
        "coordinates": [-0.16177491, 51.49921813]
      }
    },
    {
      "type": "Feature",
      "id": 857,
      "properties": {
        "building_id": "harrods",
        "floor": 4,
        "id": 857,
        "metadata": {
          "category": "atm"
        },
        "name": "Generic Area",
        "type": "amenity"
      },
      "geometry": {
        "type": "Point",
        "coordinates": [-0.16241948, 51.49928957]
      }
    },
    {
      "type": "Feature",
      "id": 858,
      "properties": {
        "building_id": "harrods",
        "floor": -1,
        "id": 858,
        "metadata": {
          "category": "atm"
        },
        "name": "Clarins",
        "type": "amenity"
      },
      "geometry": {
        "type": "Point",
        "coordinates": [-0.16202946, 51.49935801]
      }
    },
    {
      "type": "Feature",
      "id": 859,
      "properties": {
        "building_id": "harrods",
        "floor": 0,
        "id": 859,
        "metadata": {
          "category": "atm",
          "description": "Customers can withdraw cash in a number of different currencies from the in-store ATM.",
          "keywords": ["erol"]
        },
        "name": "ATM Cash Machine",
        "type": "amenity"
      },
      "geometry": {
        "type": "Point",
        "coordinates": [-0.16199651, 51.49950157]
      }
    },
    {
      "type": "Feature",
      "id": 860,
      "properties": {
        "building_id": "harrods",
        "floor": 4,
        "id": 860,
        "metadata": {
          "category": "atm"
        },
        "name": "Generic",
        "type": "amenity"
      },
      "geometry": {
        "type": "Point",
        "coordinates": [-0.16243541, 51.49866429]
      }
    },
    {
      "type": "Feature",
      "id": 861,
      "properties": {
        "building_id": "harrods",
        "floor": 0,
        "id": 861,
        "metadata": {
          "category": "food-drink-stall",
          "description": "Full-to-bursting with flavours from around the world, our Fresh Market Hall is a showcase of all things seasonal and delicious.",
          "openHours": {
            "Monday": [["08:00", "22:00"]],
            "Tuesday": [["08:00", "22:00"]],
            "Wednesday": [["08:00", "22:00"]],
            "Thursday": [["08:00", "22:00"]],
            "Friday": [["08:00", "22:00"]]
          },
          "tags": [
            "The Deli",
            "Food Halls",
            "Fruit & Juice",
            "Vegetables",
            "Meat",
            "Fish & Seafood",
            "Food To Go",
            "The Rotisserie",
            "Eggs & Dairy",
            "Cheese & Charcuterie"
          ],
          "logo": "https://images.eu.ctfassets.net/hylzcwvhuztx/1Au5NWvSHEnr5rBQuEBHV5/b08c23cafd9e0d0c97e345089f510dd6/Mobile.jpg",
          "images": [
            "https://cdn.mos.cms.futurecdn.net/3MsV8CE9Bs3vtgEu7Qc7m4.jpg",
            "https://d53bpfpeyyyn7.cloudfront.net/Pictures/1024x536/6/8/9/3069689_harrodsfreshmarkethall_charcuterie_kensingtonlaverne_78033.jpg",
            "https://www.hot-dinners.com/images/stories/blog/2018/harrodsmarket/pano.jpg"
          ]
        },
        "name": "Fresh Market Hall",
        "type": "store"
      },
      "geometry": {
        "type": "Point",
        "coordinates": [-0.1627585811111111, 51.49908842055556]
      }
    },
    {
      "type": "Feature",
      "id": 862,
      "properties": {
        "building_id": "harrods",
        "floor": -1,
        "id": 862,
        "metadata": {
          "category": "jewelry-watches"
        },
        "name": "Fine Watches",
        "type": "store"
      },
      "geometry": {
        "type": "Point",
        "coordinates": [-0.16289989680555556, 51.49869985916666]
      }
    },
    {
      "type": "Feature",
      "id": 863,
      "properties": {
        "building_id": "harrods",
        "floor": 0,
        "id": 863,
        "metadata": {
          "category": "jewelry-watches",
          "description": "Heirloom diamonds, extraordinary jewels and prestigious brands: look no further than Fine Jewellery at Harrods.",
          "openHours": {
            "Monday": [["08:00", "22:00"]],
            "Tuesday": [["08:00", "22:00"]],
            "Wednesday": [["08:00", "22:00"]],
            "Thursday": [["08:00", "22:00"]],
            "Friday": [["08:00", "22:00"]]
          },
          "tags": [
            "Van Cleef & Arpels",
            "Tiffany & Co.",
            "Graff",
            "Piaget",
            "Chaumet",
            "Harry Winston",
            "Lorraine Schwartz",
            "Dior Fine Jewellery"
          ],
          "logo": "https://www.katerinaperez.com/_ipx/f_webp&q_80&s_731x640/https://api.katerinaperez.com/wp-content/uploads/State-Property-Arcane-Borsh-Jet-Black-Hoop-Earrings-1-scaled-e1740575959382.jpg",
          "images": [
            "https://cdn.rt.emap.com/wp-content/uploads/sites/3/2016/06/13021302/Harrods.jpg",
            "https://images.eu.ctfassets.net/hylzcwvhuztx/4Qmijpj9PprYzowhdl1UfO/358e2393638d0d2915bf3340ce10ffeb/D_Editorial_Feature_Landscape-Departments-Fine_Jewellery-Luxury_Through_the_Ages.jpg?q=85&w=3072&fm=jpg",
            "https://uk.tortoisepath.com/wp-content/uploads/2024/09/Tiffany-Co-Harrods-London-London-United-Kingdom-TortoisePathcom-7.jpeg"
          ]
        },
        "name": "Luxury Jewellery",
        "type": "store"
      },
      "geometry": {
        "type": "Point",
        "coordinates": [-0.16390193, 51.4991487]
      }
    },
    {
      "type": "Feature",
      "id": 864,
      "properties": {
        "building_id": "harrods",
        "floor": -1,
        "id": 864,
        "metadata": {
          "category": "jewelry-watches",
          "description": "Located within Fine Watches on the Lower Ground Floor, our Fine Watch & Jewellery Aftercare service boasts an in-house workshop and a dedicated team on hand to assist clients every day of the week. From facilitating certification and repairs to discussing bespoke commissions, we strive to make your experience with Harrods as treasured as the pieces with which we work.",
          "phone": "+442072255910",
          "keywords": [" jewellery", "Watch", " Watches", " Aftercare"],
          "link": "https://www.harrods.com/en-gb/services/fine-watch-jewellery-aftercare"
        },
        "name": "Fine Watch & Jewellery Aftercare",
        "type": "store"
      },
      "geometry": {
        "type": "Point",
        "coordinates": [-0.16265862, 51.49863752]
      }
    },
    {
      "type": "Feature",
      "id": 865,
      "properties": {
        "building_id": "harrods",
        "floor": -1,
        "id": 865,
        "metadata": {
          "category": "bar",
          "description": "Exquisite cocktails, sparkling chandeliers, plush velvet and leather banquettes \u2013 expect nothing less than pure escapism from this Lower Ground Floor hideaway. Accessible through a private entrance on Hans Crescent, the dazzling and seductive space fuses Harrods glamour with Baccarat\u2019s legendary craftsmanship. Sure to become your favourite spot for date night drinks in London, the bar has curated a tantalising new cocktail menu for the winter season, with photography filters and effects serving ",
          "openingHours": "Monday to Wednesday:3pm to 11:30pmThursday to Saturday:1pm to 12amSunday:1pm to 10pm",
          "phone": "+442072256800",
          "keywords": [" Bar", "Baccarat", " Cocktail", "Baccarat crystal"],
          "link": "https://harrods.canto.global/direct/document/2b48dpfcil2vpcfelks91ghh6q/CJVBJYjGQ2P19yxj6QzKmhYOshY/original?content-type=application%2Fpdf&name=Baccarat+Cocktail+Menu+A5+AW_26_04_23_VF+Final+for+launch55.pdf"
        },
        "name": "Baccarat Bar",
        "type": "store"
      },
      "geometry": {
        "type": "Point",
        "coordinates": [-0.1626846125, 51.49984917]
      }
    },
    {
      "type": "Feature",
      "id": 866,
      "properties": {
        "building_id": "harrods",
        "floor": 4,
        "id": 866,
        "metadata": {
          "category": "bar"
        },
        "name": "Champagne Bar",
        "type": "store"
      },
      "geometry": {
        "type": "Point",
        "coordinates": [-0.16348931666666666, 51.4989670925]
      }
    },
    {
      "type": "Feature",
      "id": 867,
      "properties": {
        "building_id": "harrods",
        "floor": 0,
        "id": 867,
        "metadata": {
          "category": "security-check",
          "logo": "https://pointrmapstorage.blob.core.windows.net/pointr-assets/products/icons/pointr-maps/access-control-gate.png",
          "images": [
            "https://media.istockphoto.com/id/979454352/photo/harrods-car-park.jpg?s=170667a&w=0&k=20&c=C8vphy51DJEzYt0Ue5qauKoI0KS88NfQUG_KJxAw-vg="
          ]
        },
        "name": "Security Room",
        "type": "store"
      },
      "geometry": {
        "type": "Point",
        "coordinates": [-0.16380326, 51.49821972666667]
      }
    },
    {
      "type": "Feature",
      "id": 868,
      "properties": {
        "building_id": "harrods",
        "floor": 0,
        "id": 868,
        "metadata": {
          "category": "parking-spot"
        },
        "name": "Row B -#10",
        "type": "amenity"
      },
      "geometry": {
        "type": "Point",
        "coordinates": [-0.16346109749999999, 51.498142435]
      }
    },
    {
      "type": "Feature",
      "id": 869,
      "properties": {
        "building_id": "harrods",
        "floor": 0,
        "id": 869,
        "metadata": {
          "category": "parking-spot"
        },
        "name": "Row C -#13",
        "type": "amenity"
      },
      "geometry": {
        "type": "Point",
        "coordinates": [-0.1633648225, 51.4981398025]
      }
    },
    {
      "type": "Feature",
      "id": 870,
      "properties": {
        "building_id": "harrods",
        "floor": 0,
        "id": 870,
        "metadata": {
          "category": "parking-spot"
        },
        "name": "Row A1 -#3",
        "type": "amenity"
      },
      "geometry": {
        "type": "Point",
        "coordinates": [-0.16366696, 51.498102515]
      }
    },
    {
      "type": "Feature",
      "id": 871,
      "properties": {
        "building_id": "harrods",
        "floor": 0,
        "id": 871,
        "metadata": {
          "category": "parking-spot"
        },
        "name": "Row A -#6",
        "type": "amenity"
      },
      "geometry": {
        "type": "Point",
        "coordinates": [-0.16360544, 51.4981281625]
      }
    },
    {
      "type": "Feature",
      "id": 872,
      "properties": {
        "building_id": "harrods",
        "floor": 0,
        "id": 872,
        "metadata": {
          "category": "parking-spot"
        },
        "name": "Row A1 - #14",
        "type": "amenity"
      },
      "geometry": {
        "type": "Point",
        "coordinates": [-0.16344454749999998, 51.498013257500006]
      }
    },
    {
      "type": "Feature",
      "id": 873,
      "properties": {
        "building_id": "harrods",
        "floor": 0,
        "id": 873,
        "metadata": {
          "category": "parking-spot"
        },
        "name": "Row A1 - #12",
        "type": "amenity"
      },
      "geometry": {
        "type": "Point",
        "coordinates": [-0.16347796250000002, 51.498026339999996]
      }
    },
    {
      "type": "Feature",
      "id": 874,
      "properties": {
        "building_id": "harrods",
        "floor": 0,
        "id": 874,
        "metadata": {
          "category": "parking-spot"
        },
        "name": "Row B -#13",
        "type": "amenity"
      },
      "geometry": {
        "type": "Point",
        "coordinates": [-0.16338678750000002, 51.49811282]
      }
    },
    {
      "type": "Feature",
      "id": 875,
      "properties": {
        "building_id": "harrods",
        "floor": 0,
        "id": 875,
        "metadata": {
          "category": "parking-spot"
        },
        "name": "Row A1 -#6",
        "type": "amenity"
      },
      "geometry": {
        "type": "Point",
        "coordinates": [-0.163619675, 51.4980840275]
      }
    },
    {
      "type": "Feature",
      "id": 876,
      "properties": {
        "building_id": "harrods",
        "floor": 0,
        "id": 876,
        "metadata": {
          "category": "parking-spot"
        },
        "name": "Row D -#4",
        "type": "amenity"
      },
      "geometry": {
        "type": "Point",
        "coordinates": [-0.16333486, 51.4981816425]
      }
    },
    {
      "type": "Feature",
      "id": 877,
      "properties": {
        "building_id": "harrods",
        "floor": 0,
        "id": 877,
        "metadata": {
          "category": "parking-spot"
        },
        "name": "Row C -#9",
        "type": "amenity"
      },
      "geometry": {
        "type": "Point",
        "coordinates": [-0.163465795, 51.498179115]
      }
    },
    {
      "type": "Feature",
      "id": 878,
      "properties": {
        "building_id": "harrods",
        "floor": 0,
        "id": 878,
        "metadata": {
          "category": "parking-spot"
        },
        "name": "Row A1 -#5",
        "type": "amenity"
      },
      "geometry": {
        "type": "Point",
        "coordinates": [-0.163635375, 51.498090165]
      }
    },
    {
      "type": "Feature",
      "id": 879,
      "properties": {
        "building_id": "harrods",
        "floor": 0,
        "id": 879,
        "metadata": {
          "category": "parking-spot"
        },
        "name": "Row C -#3",
        "type": "amenity"
      },
      "geometry": {
        "type": "Point",
        "coordinates": [-0.16361965, 51.498239045]
      }
    },
    {
      "type": "Feature",
      "id": 880,
      "properties": {
        "building_id": "harrods",
        "floor": 0,
        "id": 880,
        "metadata": {
          "category": "parking-spot"
        },
        "name": "Row A -#1",
        "type": "amenity"
      },
      "geometry": {
        "type": "Point",
        "coordinates": [-0.163740005, 51.4981812]
      }
    },
    {
      "type": "Feature",
      "id": 881,
      "properties": {
        "building_id": "harrods",
        "floor": 0,
        "id": 881,
        "metadata": {
          "category": "parking-spot"
        },
        "name": "Row A -#3",
        "type": "amenity"
      },
      "geometry": {
        "type": "Point",
        "coordinates": [-0.1636868675, 51.4981603325]
      }
    },
    {
      "type": "Feature",
      "id": 882,
      "properties": {
        "building_id": "harrods",
        "floor": 0,
        "id": 882,
        "metadata": {
          "category": "parking-spot"
        },
        "name": "Row A -#8",
        "type": "amenity"
      },
      "geometry": {
        "type": "Point",
        "coordinates": [-0.163551795, 51.498106809999996]
      }
    },
    {
      "type": "Feature",
      "id": 883,
      "properties": {
        "building_id": "harrods",
        "floor": 0,
        "id": 883,
        "metadata": {
          "category": "parking-spot"
        },
        "name": "Row D -#2",
        "type": "amenity"
      },
      "geometry": {
        "type": "Point",
        "coordinates": [-0.16336096, 51.4981917625]
      }
    },
    {
      "type": "Feature",
      "id": 884,
      "properties": {
        "building_id": "harrods",
        "floor": 0,
        "id": 884,
        "metadata": {
          "category": "parking-spot"
        },
        "name": "Row A1 - #15",
        "type": "amenity"
      },
      "geometry": {
        "type": "Point",
        "coordinates": [-0.1634286875, 51.49800699]
      }
    },
    {
      "type": "Feature",
      "id": 885,
      "properties": {
        "building_id": "harrods",
        "floor": 0,
        "id": 885,
        "metadata": {
          "category": "parking-spot"
        },
        "name": "Row C -#12",
        "type": "amenity"
      },
      "geometry": {
        "type": "Point",
        "coordinates": [-0.16339241, 51.498150530000004]
      }
    },
    {
      "type": "Feature",
      "id": 886,
      "properties": {
        "building_id": "harrods",
        "floor": 0,
        "id": 886,
        "metadata": {
          "category": "parking-spot"
        },
        "name": "Row D - #0",
        "type": "amenity"
      },
      "geometry": {
        "type": "Point",
        "coordinates": [-0.1633847625, 51.498200874999995]
      }
    },
    {
      "type": "Feature",
      "id": 887,
      "properties": {
        "building_id": "harrods",
        "floor": 0,
        "id": 887,
        "metadata": {
          "category": "parking-spot"
        },
        "name": "Row C -#4",
        "type": "amenity"
      },
      "geometry": {
        "type": "Point",
        "coordinates": [-0.163594865, 51.4982293925]
      }
    },
    {
      "type": "Feature",
      "id": 888,
      "properties": {
        "building_id": "harrods",
        "floor": 0,
        "id": 888,
        "metadata": {
          "category": "parking-spot"
        },
        "name": "Row A1 -#7",
        "type": "amenity"
      },
      "geometry": {
        "type": "Point",
        "coordinates": [-0.16360421, 51.498077985]
      }
    },
    {
      "type": "Feature",
      "id": 889,
      "properties": {
        "building_id": "harrods",
        "floor": 0,
        "id": 889,
        "metadata": {
          "category": "parking-spot"
        },
        "name": "Row C -#7",
        "type": "amenity"
      },
      "geometry": {
        "type": "Point",
        "coordinates": [-0.1635163075, 51.4981987925]
      }
    },
    {
      "type": "Feature",
      "id": 890,
      "properties": {
        "building_id": "harrods",
        "floor": 0,
        "id": 890,
        "metadata": {
          "category": "parking-spot"
        },
        "name": "Row A1 - #16",
        "type": "amenity"
      },
      "geometry": {
        "type": "Point",
        "coordinates": [-0.16341469250000001, 51.4980015575]
      }
    },
    {
      "type": "Feature",
      "id": 891,
      "properties": {
        "building_id": "harrods",
        "floor": 0,
        "id": 891,
        "metadata": {
          "category": "parking-spot"
        },
        "name": "Row A -#34",
        "type": "amenity"
      },
      "geometry": {
        "type": "Point",
        "coordinates": [-0.16347166666666668, 51.49819242]
      }
    },
    {
      "type": "Feature",
      "id": 892,
      "properties": {
        "building_id": "harrods",
        "floor": 0,
        "id": 892,
        "metadata": {
          "category": "parking-spot"
        },
        "name": "Row A1 - #0",
        "type": "amenity"
      },
      "geometry": {
        "type": "Point",
        "coordinates": [-0.1637189725, 51.4981228525]
      }
    },
    {
      "type": "Feature",
      "id": 893,
      "properties": {
        "building_id": "harrods",
        "floor": 0,
        "id": 893,
        "metadata": {
          "category": "parking-spot"
        },
        "name": "Row A -#5",
        "type": "amenity"
      },
      "geometry": {
        "type": "Point",
        "coordinates": [-0.163632515, 51.498138725]
      }
    },
    {
      "type": "Feature",
      "id": 894,
      "properties": {
        "building_id": "harrods",
        "floor": 0,
        "id": 894,
        "metadata": {
          "category": "parking-spot"
        },
        "name": "Row C -#8",
        "type": "amenity"
      },
      "geometry": {
        "type": "Point",
        "coordinates": [-0.1634901525, 51.4981886075]
      }
    },
    {
      "type": "Feature",
      "id": 895,
      "properties": {
        "building_id": "harrods",
        "floor": 0,
        "id": 895,
        "metadata": {
          "category": "parking-spot"
        },
        "name": "Row A1 -#8",
        "type": "amenity"
      },
      "geometry": {
        "type": "Point",
        "coordinates": [-0.163588515, 51.4980718475]
      }
    },
    {
      "type": "Feature",
      "id": 896,
      "properties": {
        "building_id": "harrods",
        "floor": 0,
        "id": 896,
        "metadata": {
          "category": "parking-spot"
        },
        "name": "Row B -#1",
        "type": "amenity"
      },
      "geometry": {
        "type": "Point",
        "coordinates": [-0.1636906425, 51.49823396]
      }
    },
    {
      "type": "Feature",
      "id": 897,
      "properties": {
        "building_id": "harrods",
        "floor": 0,
        "id": 897,
        "metadata": {
          "category": "parking-spot"
        },
        "name": "Row B -#3",
        "type": "amenity"
      },
      "geometry": {
        "type": "Point",
        "coordinates": [-0.1636410825, 51.4982142]
      }
    },
    {
      "type": "Feature",
      "id": 898,
      "properties": {
        "building_id": "harrods",
        "floor": 0,
        "id": 898,
        "metadata": {
          "category": "parking-spot"
        },
        "name": "Row B -#2",
        "type": "amenity"
      },
      "geometry": {
        "type": "Point",
        "coordinates": [-0.1636650875, 51.4982237725]
      }
    },
    {
      "type": "Feature",
      "id": 899,
      "properties": {
        "building_id": "harrods",
        "floor": 0,
        "id": 899,
        "metadata": {
          "category": "parking-spot"
        },
        "name": "Row A -#4",
        "type": "amenity"
      },
      "geometry": {
        "type": "Point",
        "coordinates": [-0.1636598575, 51.4981496075]
      }
    },
    {
      "type": "Feature",
      "id": 900,
      "properties": {
        "building_id": "harrods",
        "floor": 0,
        "id": 900,
        "metadata": {
          "category": "parking-spot"
        },
        "name": "Row B -#5",
        "type": "amenity"
      },
      "geometry": {
        "type": "Point",
        "coordinates": [-0.16358915, 51.49819349]
      }
    },
    {
      "type": "Feature",
      "id": 901,
      "properties": {
        "building_id": "harrods",
        "floor": 0,
        "id": 901,
        "metadata": {
          "category": "parking-spot"
        },
        "name": "Row A1 -#1",
        "type": "amenity"
      },
      "geometry": {
        "type": "Point",
        "coordinates": [-0.16370124749999998, 51.4981159225]
      }
    },
    {
      "type": "Feature",
      "id": 902,
      "properties": {
        "building_id": "harrods",
        "floor": 0,
        "id": 902,
        "metadata": {
          "category": "parking-spot"
        },
        "name": "Row B -#6",
        "type": "amenity"
      },
      "geometry": {
        "type": "Point",
        "coordinates": [-0.1635628175, 51.498182990000004]
      }
    },
    {
      "type": "Feature",
      "id": 903,
      "properties": {
        "building_id": "harrods",
        "floor": 0,
        "id": 903,
        "metadata": {
          "category": "parking-spot"
        },
        "name": "Row A1 -#2",
        "type": "amenity"
      },
      "geometry": {
        "type": "Point",
        "coordinates": [-0.1636841425, 51.4981092325]
      }
    },
    {
      "type": "Feature",
      "id": 904,
      "properties": {
        "building_id": "harrods",
        "floor": 0,
        "id": 904,
        "metadata": {
          "category": "parking-spot"
        },
        "name": "Row B -#0",
        "type": "amenity"
      },
      "geometry": {
        "type": "Point",
        "coordinates": [-0.1637169, 51.49824443]
      }
    },
    {
      "type": "Feature",
      "id": 905,
      "properties": {
        "building_id": "harrods",
        "floor": 0,
        "id": 905,
        "metadata": {
          "category": "parking-spot"
        },
        "name": "Row A1 -#10",
        "type": "amenity"
      },
      "geometry": {
        "type": "Point",
        "coordinates": [-0.1635584375, 51.4980600875]
      }
    },
    {
      "type": "Feature",
      "id": 906,
      "properties": {
        "building_id": "harrods",
        "floor": 0,
        "id": 906,
        "metadata": {
          "category": "parking-spot"
        },
        "name": "Row B -#8",
        "type": "amenity"
      },
      "geometry": {
        "type": "Point",
        "coordinates": [-0.16351016000000002, 51.4981619975]
      }
    },
    {
      "type": "Feature",
      "id": 907,
      "properties": {
        "building_id": "harrods",
        "floor": 0,
        "id": 907,
        "metadata": {
          "category": "parking-spot"
        },
        "name": "Row A1 -#9",
        "type": "amenity"
      },
      "geometry": {
        "type": "Point",
        "coordinates": [-0.1635731725, 51.4980658475]
      }
    },
    {
      "type": "Feature",
      "id": 908,
      "properties": {
        "building_id": "harrods",
        "floor": 0,
        "id": 908,
        "metadata": {
          "category": "parking-spot"
        },
        "name": "Row D -#8",
        "type": "amenity"
      },
      "geometry": {
        "type": "Point",
        "coordinates": [-0.163279445, 51.4981601525]
      }
    },
    {
      "type": "Feature",
      "id": 909,
      "properties": {
        "building_id": "harrods",
        "floor": 0,
        "id": 909,
        "metadata": {
          "category": "parking-spot"
        },
        "name": "Row B -#9",
        "type": "amenity"
      },
      "geometry": {
        "type": "Point",
        "coordinates": [-0.1634858075, 51.498152285]
      }
    },
    {
      "type": "Feature",
      "id": 910,
      "properties": {
        "building_id": "harrods",
        "floor": 0,
        "id": 910,
        "metadata": {
          "category": "parking-spot"
        },
        "name": "Row B -#4",
        "type": "amenity"
      },
      "geometry": {
        "type": "Point",
        "coordinates": [-0.16361571, 51.498204085]
      }
    },
    {
      "type": "Feature",
      "id": 911,
      "properties": {
        "building_id": "harrods",
        "floor": 0,
        "id": 911,
        "metadata": {
          "category": "parking-spot"
        },
        "name": "Row A -#2",
        "type": "amenity"
      },
      "geometry": {
        "type": "Point",
        "coordinates": [-0.1637126325, 51.4981705625]
      }
    },
    {
      "type": "Feature",
      "id": 912,
      "properties": {
        "building_id": "harrods",
        "floor": 0,
        "id": 912,
        "metadata": {
          "category": "parking-spot"
        },
        "name": "Row D -#3",
        "type": "amenity"
      },
      "geometry": {
        "type": "Point",
        "coordinates": [-0.1633481575, 51.4981867975]
      }
    },
    {
      "type": "Feature",
      "id": 913,
      "properties": {
        "building_id": "harrods",
        "floor": 0,
        "id": 913,
        "metadata": {
          "category": "parking-spot"
        },
        "name": "Row A -#9",
        "type": "amenity"
      },
      "geometry": {
        "type": "Point",
        "coordinates": [-0.1635268425, 51.49809704]
      }
    },
    {
      "type": "Feature",
      "id": 914,
      "properties": {
        "building_id": "harrods",
        "floor": 0,
        "id": 914,
        "metadata": {
          "category": "parking-spot"
        },
        "name": "Row D -#1",
        "type": "amenity"
      },
      "geometry": {
        "type": "Point",
        "coordinates": [-0.1633727675, 51.498196337500005]
      }
    },
    {
      "type": "Feature",
      "id": 915,
      "properties": {
        "building_id": "harrods",
        "floor": 0,
        "id": 915,
        "metadata": {
          "category": "parking-spot"
        },
        "name": "Row D -#9",
        "type": "amenity"
      },
      "geometry": {
        "type": "Point",
        "coordinates": [-0.1632668075, 51.4981552575]
      }
    },
    {
      "type": "Feature",
      "id": 916,
      "properties": {
        "building_id": "harrods",
        "floor": 0,
        "id": 916,
        "metadata": {
          "category": "parking-spot"
        },
        "name": "Row A -#13",
        "type": "amenity"
      },
      "geometry": {
        "type": "Point",
        "coordinates": [-0.16342963500000002, 51.4980586975]
      }
    },
    {
      "type": "Feature",
      "id": 917,
      "properties": {
        "building_id": "harrods",
        "floor": 0,
        "id": 917,
        "metadata": {
          "category": "parking-spot"
        },
        "name": "Row C -#0",
        "type": "amenity"
      },
      "geometry": {
        "type": "Point",
        "coordinates": [-0.16369297500000002, 51.4982676125]
      }
    },
    {
      "type": "Feature",
      "id": 918,
      "properties": {
        "building_id": "harrods",
        "floor": 0,
        "id": 918,
        "metadata": {
          "category": "parking-spot"
        },
        "name": "Row B -#11",
        "type": "amenity"
      },
      "geometry": {
        "type": "Point",
        "coordinates": [-0.1634371625, 51.49813289]
      }
    },
    {
      "type": "Feature",
      "id": 919,
      "properties": {
        "building_id": "harrods",
        "floor": 0,
        "id": 919,
        "metadata": {
          "category": "parking-spot"
        },
        "name": "Row A - #0",
        "type": "amenity"
      },
      "geometry": {
        "type": "Point",
        "coordinates": [-0.163766315, 51.498191635]
      }
    },
    {
      "type": "Feature",
      "id": 920,
      "properties": {
        "building_id": "harrods",
        "floor": 0,
        "id": 920,
        "metadata": {
          "category": "parking-spot"
        },
        "name": "Row A1 - #11",
        "type": "amenity"
      },
      "geometry": {
        "type": "Point",
        "coordinates": [-0.163497718, 51.498032074]
      }
    },
    {
      "type": "Feature",
      "id": 921,
      "properties": {
        "building_id": "harrods",
        "floor": 0,
        "id": 921,
        "metadata": {
          "category": "parking-spot"
        },
        "name": "Row D -#7",
        "type": "amenity"
      },
      "geometry": {
        "type": "Point",
        "coordinates": [-0.16329276, 51.4981653125]
      }
    },
    {
      "type": "Feature",
      "id": 922,
      "properties": {
        "building_id": "harrods",
        "floor": 0,
        "id": 922,
        "metadata": {
          "category": "parking-spot"
        },
        "name": "Row A1 - #13",
        "type": "amenity"
      },
      "geometry": {
        "type": "Point",
        "coordinates": [-0.16346134750000002, 51.498019865]
      }
    },
    {
      "type": "Feature",
      "id": 923,
      "properties": {
        "building_id": "harrods",
        "floor": 0,
        "id": 923,
        "metadata": {
          "category": "parking-spot"
        },
        "name": "Row A -#10",
        "type": "amenity"
      },
      "geometry": {
        "type": "Point",
        "coordinates": [-0.16350187500000002, 51.498087312500004]
      }
    },
    {
      "type": "Feature",
      "id": 924,
      "properties": {
        "building_id": "harrods",
        "floor": 0,
        "id": 924,
        "metadata": {
          "category": "parking-spot"
        },
        "name": "Row C -#2",
        "type": "amenity"
      },
      "geometry": {
        "type": "Point",
        "coordinates": [-0.163643115, 51.498248185]
      }
    },
    {
      "type": "Feature",
      "id": 925,
      "properties": {
        "building_id": "harrods",
        "floor": 0,
        "id": 925,
        "metadata": {
          "category": "parking-spot"
        },
        "name": "Row A -#11",
        "type": "amenity"
      },
      "geometry": {
        "type": "Point",
        "coordinates": [-0.1634776775, 51.498077782500005]
      }
    },
    {
      "type": "Feature",
      "id": 926,
      "properties": {
        "building_id": "harrods",
        "floor": 0,
        "id": 926,
        "metadata": {
          "category": "parking-spot"
        },
        "name": "Row C -#10",
        "type": "amenity"
      },
      "geometry": {
        "type": "Point",
        "coordinates": [-0.1634412025, 51.498169535]
      }
    },
    {
      "type": "Feature",
      "id": 927,
      "properties": {
        "building_id": "harrods",
        "floor": 0,
        "id": 927,
        "metadata": {
          "category": "parking-spot"
        },
        "name": "Row B -#12",
        "type": "amenity"
      },
      "geometry": {
        "type": "Point",
        "coordinates": [-0.1634128925, 51.4981232125]
      }
    },
    {
      "type": "Feature",
      "id": 928,
      "properties": {
        "building_id": "harrods",
        "floor": 0,
        "id": 928,
        "metadata": {
          "category": "parking-spot"
        },
        "name": "Row A -#7",
        "type": "amenity"
      },
      "geometry": {
        "type": "Point",
        "coordinates": [-0.16357864249999998, 51.498117565]
      }
    },
    {
      "type": "Feature",
      "id": 929,
      "properties": {
        "building_id": "harrods",
        "floor": 0,
        "id": 929,
        "metadata": {
          "category": "parking-spot"
        },
        "name": "Row A -#12",
        "type": "amenity"
      },
      "geometry": {
        "type": "Point",
        "coordinates": [-0.1634544675, 51.4980683925]
      }
    },
    {
      "type": "Feature",
      "id": 930,
      "properties": {
        "building_id": "harrods",
        "floor": 0,
        "id": 930,
        "metadata": {
          "category": "parking-spot"
        },
        "name": "Row C -#6",
        "type": "amenity"
      },
      "geometry": {
        "type": "Point",
        "coordinates": [-0.1635425675, 51.498209020000004]
      }
    },
    {
      "type": "Feature",
      "id": 931,
      "properties": {
        "building_id": "harrods",
        "floor": 0,
        "id": 931,
        "metadata": {
          "category": "parking-spot"
        },
        "name": "Row D -#10",
        "type": "amenity"
      },
      "geometry": {
        "type": "Point",
        "coordinates": [-0.16325464750000002, 51.4981505375]
      }
    },
    {
      "type": "Feature",
      "id": 932,
      "properties": {
        "building_id": "harrods",
        "floor": 0,
        "id": 932,
        "metadata": {
          "category": "parking-spot"
        },
        "name": "Row A1 -#4",
        "type": "amenity"
      },
      "geometry": {
        "type": "Point",
        "coordinates": [-0.1636509825, 51.498096265]
      }
    },
    {
      "type": "Feature",
      "id": 933,
      "properties": {
        "building_id": "harrods",
        "floor": 0,
        "id": 933,
        "metadata": {
          "category": "parking-spot"
        },
        "name": "Row D -#11",
        "type": "amenity"
      },
      "geometry": {
        "type": "Point",
        "coordinates": [-0.16324214250000002, 51.4981456875]
      }
    },
    {
      "type": "Feature",
      "id": 934,
      "properties": {
        "building_id": "harrods",
        "floor": 0,
        "id": 934,
        "metadata": {
          "category": "parking-spot"
        },
        "name": "Row B -#7",
        "type": "amenity"
      },
      "geometry": {
        "type": "Point",
        "coordinates": [-0.1635365025, 51.498172495]
      }
    },
    {
      "type": "Feature",
      "id": 935,
      "properties": {
        "building_id": "harrods",
        "floor": 0,
        "id": 935,
        "metadata": {
          "category": "parking-spot"
        },
        "name": "Row C -#1",
        "type": "amenity"
      },
      "geometry": {
        "type": "Point",
        "coordinates": [-0.163668205, 51.498257960000004]
      }
    },
    {
      "type": "Feature",
      "id": 936,
      "properties": {
        "building_id": "harrods",
        "floor": 0,
        "id": 936,
        "metadata": {
          "category": "parking-spot"
        },
        "name": "Row C -#11",
        "type": "amenity"
      },
      "geometry": {
        "type": "Point",
        "coordinates": [-0.163417165, 51.4981601725]
      }
    },
    {
      "type": "Feature",
      "id": 937,
      "properties": {
        "building_id": "harrods",
        "floor": 0,
        "id": 937,
        "metadata": {
          "category": "parking-spot"
        },
        "name": "Row D -#5",
        "type": "amenity"
      },
      "geometry": {
        "type": "Point",
        "coordinates": [-0.163320395, 51.498176029999996]
      }
    },
    {
      "type": "Feature",
      "id": 938,
      "properties": {
        "building_id": "harrods",
        "floor": 0,
        "id": 938,
        "metadata": {
          "category": "parking-spot"
        },
        "name": "Row D -#6",
        "type": "amenity"
      },
      "geometry": {
        "type": "Point",
        "coordinates": [-0.163309492, 51.498170132]
      }
    },
    {
      "type": "Feature",
      "id": 939,
      "properties": {
        "building_id": "harrods",
        "floor": 0,
        "id": 939,
        "metadata": {
          "category": "parking-spot"
        },
        "name": "Row C -#5",
        "type": "amenity"
      },
      "geometry": {
        "type": "Point",
        "coordinates": [-0.16356888749999998, 51.4982192725]
      }
    },
    {
      "type": "Feature",
      "id": 940,
      "properties": {
        "building_id": "harrods",
        "floor": 0,
        "id": 940,
        "metadata": {
          "category": "parking-spot"
        },
        "name": "Row A1 - #17",
        "type": "amenity"
      },
      "geometry": {
        "type": "Point",
        "coordinates": [-0.163400265, 51.497995875]
      }
    },
    {
      "type": "Feature",
      "id": 941,
      "properties": {
        "building_id": "harrods",
        "floor": 1,
        "id": 941,
        "metadata": {
          "category": "jewelry-store"
        },
        "name": "Luxury Jewellery",
        "type": "store"
      },
      "geometry": {
        "type": "Point",
        "coordinates": [-0.1632810411111111, 51.49917494777778]
      }
    },
    {
      "type": "Feature",
      "id": 942,
      "properties": {
        "building_id": "harrods",
        "floor": 1,
        "id": 942,
        "metadata": {
          "category": "womens-clothing"
        },
        "name": "Givenchy",
        "type": "store"
      },
      "geometry": {
        "type": "Point",
        "coordinates": [-0.16276042, 51.49940961]
      }
    },
    {
      "type": "Feature",
      "id": 943,
      "properties": {
        "building_id": "harrods",
        "floor": 1,
        "id": 943,
        "metadata": {
          "category": "womens-clothing"
        },
        "name": "Gucci",
        "type": "store"
      },
      "geometry": {
        "type": "Point",
        "coordinates": [-0.16229739166666665, 51.498857944166666]
      }
    },
    {
      "type": "Feature",
      "id": 944,
      "properties": {
        "building_id": "harrods",
        "floor": 1,
        "id": 944,
        "metadata": {
          "category": "womens-clothing"
        },
        "name": "Lingerie, Hosiery & Nightwear",
        "type": "store"
      },
      "geometry": {
        "type": "Point",
        "coordinates": [-0.16383880903225806, 51.49915629806451]
      }
    },
    {
      "type": "Feature",
      "id": 945,
      "properties": {
        "building_id": "harrods",
        "floor": 4,
        "id": 945,
        "metadata": {
          "category": "womens-clothing",
          "description": "Whether you\u2019re looking to invest in the latest trends, curate your very own capsule wardrobe or treat yourself to a sartorial icon, our vast selection of women's clothing is second to none. Encompassing brands both big and small, emerging and established, there\u2019s styles to suit every taste and each occasion, from knockout party pieces to off-duty casuals and functional underpinnings.",
          "tags": ["Contemporary", "Fashion", "Women's Clothing"],
          "rating": 4.2,
          "numberOfRatings": 234,
          "logo": "https://hips.hearstapps.com/hmg-prod/images/segolene-hyppolite-wears-sunglasses-red-lipstick-make-up-a-news-photo-1716236984.jpg?crop=0.66699xw:1xh;center,top&resize=1120:*",
          "images": [
            "https://images.ctfassets.net/d77gr6488zre/6l0h0xBWvSxtPm3KNW1Nfo/8505033005dd980b840c2c27091c65af/8_Harrods_Wms_B.jpg?w=1200",
            "https://images.ctfassets.net/d77gr6488zre/48WfYAn7kEsKuf6w2FdMB0/831051f6ef844ea5b33519027011bb37/2_Harrods_Wms_B.jpg?w=1200",
            "https://d2wd7685k000to.cloudfront.net/rendition/306683987547/image_u3d2da9d2p7f7dgbdt659dhs40/-S3072x6144-FJPG"
          ]
        },
        "name": "Women's Contemporary",
        "type": "store"
      },
      "geometry": {
        "type": "Point",
        "coordinates": [-0.1621707022, 51.49910019120001]
      }
    },
    {
      "type": "Feature",
      "id": 946,
      "properties": {
        "building_id": "harrods",
        "floor": 1,
        "id": 946,
        "metadata": {
          "category": "womens-clothing"
        },
        "name": "Valentino",
        "type": "store"
      },
      "geometry": {
        "type": "Point",
        "coordinates": [-0.16188737166666667, 51.499151465000004]
      }
    },
    {
      "type": "Feature",
      "id": 947,
      "properties": {
        "building_id": "harrods",
        "floor": 1,
        "id": 947,
        "metadata": {
          "category": "womens-clothing"
        },
        "name": "Alexander Mcqueen",
        "type": "store"
      },
      "geometry": {
        "type": "Point",
        "coordinates": [-0.1623166375, 51.4992335725]
      }
    },
    {
      "type": "Feature",
      "id": 948,
      "properties": {
        "building_id": "harrods",
        "floor": 1,
        "id": 948,
        "metadata": {
          "category": "womens-clothing"
        },
        "name": "Celine",
        "type": "store"
      },
      "geometry": {
        "type": "Point",
        "coordinates": [-0.16245320633333332, 51.499148979333334]
      }
    },
    {
      "type": "Feature",
      "id": 949,
      "properties": {
        "building_id": "harrods",
        "floor": 1,
        "id": 949,
        "metadata": {
          "category": "womens-clothing",
          "concession": true
        },
        "name": "Balmain",
        "type": "store"
      },
      "geometry": {
        "type": "Point",
        "coordinates": [-0.16253994583333334, 51.499252004999995]
      }
    },
    {
      "type": "Feature",
      "id": 950,
      "properties": {
        "building_id": "harrods",
        "floor": 1,
        "id": 950,
        "metadata": {
          "category": "womens-clothing"
        },
        "name": "Prada",
        "type": "store"
      },
      "geometry": {
        "type": "Point",
        "coordinates": [-0.1622019153846154, 51.49898785692308]
      }
    },
    {
      "type": "Feature",
      "id": 951,
      "properties": {
        "building_id": "harrods",
        "floor": 1,
        "id": 951,
        "metadata": {
          "category": "womens-clothing"
        },
        "name": "Bottega Venetta",
        "type": "store"
      },
      "geometry": {
        "type": "Point",
        "coordinates": [-0.16293447, 51.49931972]
      }
    },
    {
      "type": "Feature",
      "id": 952,
      "properties": {
        "building_id": "harrods",
        "floor": 1,
        "id": 952,
        "metadata": {
          "category": "womens-clothing"
        },
        "name": "Balmain",
        "type": "store"
      },
      "geometry": {
        "type": "Point",
        "coordinates": [-0.16257138, 51.49964423]
      }
    },
    {
      "type": "Feature",
      "id": 953,
      "properties": {
        "building_id": "harrods",
        "floor": 1,
        "id": 953,
        "metadata": {
          "category": "womens-clothing"
        },
        "name": "Falke",
        "type": "store"
      },
      "geometry": {
        "type": "Point",
        "coordinates": [-0.16363701, 51.49913652]
      }
    },
    {
      "type": "Feature",
      "id": 954,
      "properties": {
        "building_id": "harrods",
        "floor": 1,
        "id": 954,
        "metadata": {
          "category": "womens-clothing"
        },
        "name": "Valentino",
        "type": "store"
      },
      "geometry": {
        "type": "Point",
        "coordinates": [-0.16253243833333333, 51.499506055000005]
      }
    },
    {
      "type": "Feature",
      "id": 955,
      "properties": {
        "building_id": "harrods",
        "floor": 1,
        "id": 955,
        "metadata": {
          "category": "womens-clothing"
        },
        "name": "Fendi",
        "type": "store"
      },
      "geometry": {
        "type": "Point",
        "coordinates": [-0.16214288333333335, 51.498792826666666]
      }
    },
    {
      "type": "Feature",
      "id": 956,
      "properties": {
        "building_id": "harrods",
        "floor": 1,
        "id": 956,
        "metadata": {
          "category": "womens-clothing"
        },
        "name": "Herm\u00e8s",
        "type": "store"
      },
      "geometry": {
        "type": "Point",
        "coordinates": [-0.16247702666666666, 51.49962017666667]
      }
    },
    {
      "type": "Feature",
      "id": 957,
      "properties": {
        "building_id": "harrods",
        "floor": 1,
        "id": 957,
        "metadata": {
          "category": "womens-clothing"
        },
        "name": "Generic",
        "type": "store"
      },
      "geometry": {
        "type": "Point",
        "coordinates": [-0.16352118, 51.49918563]
      }
    },
    {
      "type": "Feature",
      "id": 958,
      "properties": {
        "building_id": "harrods",
        "floor": 1,
        "id": 958,
        "metadata": {
          "category": "womens-clothing"
        },
        "name": "Women's Eveningwear",
        "type": "store"
      },
      "geometry": {
        "type": "Point",
        "coordinates": [-0.16271868166666667, 51.499586120000004]
      }
    },
    {
      "type": "Feature",
      "id": 959,
      "properties": {
        "building_id": "harrods",
        "floor": 1,
        "id": 959,
        "metadata": {
          "category": "womens-clothing"
        },
        "name": "International Designer 1",
        "type": "store"
      },
      "geometry": {
        "type": "Point",
        "coordinates": [-0.16292650076923076, 51.49942854692308]
      }
    },
    {
      "type": "Feature",
      "id": 960,
      "properties": {
        "building_id": "harrods",
        "floor": 1,
        "id": 960,
        "metadata": {
          "category": "womens-clothing"
        },
        "name": "Saint Laurent",
        "type": "store"
      },
      "geometry": {
        "type": "Point",
        "coordinates": [-0.16242697714285712, 51.49933814142857]
      }
    },
    {
      "type": "Feature",
      "id": 961,
      "properties": {
        "building_id": "harrods",
        "floor": 1,
        "id": 961,
        "metadata": {
          "category": "womens-clothing"
        },
        "name": "Louis Vuitton",
        "type": "store"
      },
      "geometry": {
        "type": "Point",
        "coordinates": [-0.162164989375, 51.4993594184375]
      }
    },
    {
      "type": "Feature",
      "id": 962,
      "properties": {
        "building_id": "harrods",
        "floor": 1,
        "id": 962,
        "metadata": {
          "category": "womens-clothing"
        },
        "name": "Holiday",
        "type": "store"
      },
      "geometry": {
        "type": "Point",
        "coordinates": [-0.16353700117647058, 51.49939640294117]
      }
    },
    {
      "type": "Feature",
      "id": 963,
      "properties": {
        "building_id": "harrods",
        "floor": 1,
        "id": 963,
        "metadata": {
          "category": "womens-clothing"
        },
        "name": "Chanel",
        "type": "store"
      },
      "geometry": {
        "type": "Point",
        "coordinates": [-0.16189988724137933, 51.499336667586206]
      }
    },
    {
      "type": "Feature",
      "id": 964,
      "properties": {
        "building_id": "harrods",
        "floor": 1,
        "id": 964,
        "metadata": {
          "category": "womens-clothing"
        },
        "name": "Burberry",
        "type": "store"
      },
      "geometry": {
        "type": "Point",
        "coordinates": [-0.16254939999999998, 51.4986142025]
      }
    },
    {
      "type": "Feature",
      "id": 965,
      "properties": {
        "building_id": "harrods",
        "floor": 1,
        "id": 965,
        "metadata": {
          "category": "womens-clothing"
        },
        "name": "Schiaparelli",
        "type": "store"
      },
      "geometry": {
        "type": "Point",
        "coordinates": [-0.1626346557142857, 51.49870092285715]
      }
    },
    {
      "type": "Feature",
      "id": 966,
      "properties": {
        "building_id": "harrods",
        "floor": 1,
        "id": 966,
        "metadata": {
          "category": "womens-clothing"
        },
        "name": "Dolce & Gabbana",
        "type": "store"
      },
      "geometry": {
        "type": "Point",
        "coordinates": [-0.16244226222222224, 51.49872664666667]
      }
    },
    {
      "type": "Feature",
      "id": 967,
      "properties": {
        "building_id": "harrods",
        "floor": 1,
        "id": 967,
        "metadata": {
          "category": "womens-clothing"
        },
        "name": "Dior",
        "type": "store"
      },
      "geometry": {
        "type": "Point",
        "coordinates": [-0.16204779538461536, 51.49915162076923]
      }
    },
    {
      "type": "Feature",
      "id": 968,
      "properties": {
        "building_id": "harrods",
        "floor": 1,
        "id": 968,
        "metadata": {
          "category": "womens-clothing"
        },
        "name": "Balenciaga",
        "type": "store"
      },
      "geometry": {
        "type": "Point",
        "coordinates": [-0.16286365, 51.4994975]
      }
    },
    {
      "type": "Feature",
      "id": 969,
      "properties": {
        "building_id": "harrods",
        "floor": 1,
        "id": 969,
        "metadata": {
          "category": "womens-clothing"
        },
        "name": "Miu Miu",
        "type": "store"
      },
      "geometry": {
        "type": "Point",
        "coordinates": [-0.162652737, 51.499186692]
      }
    },
    {
      "type": "Feature",
      "id": 970,
      "properties": {
        "building_id": "harrods",
        "floor": 1,
        "id": 970,
        "metadata": {
          "category": "womens-clothing"
        },
        "name": "International Designer 2",
        "type": "store"
      },
      "geometry": {
        "type": "Point",
        "coordinates": [-0.1630707840909091, 51.499339946818175]
      }
    },
    {
      "type": "Feature",
      "id": 971,
      "properties": {
        "building_id": "harrods",
        "floor": 1,
        "id": 971,
        "metadata": {
          "category": "womens-clothing"
        },
        "name": "Occassions",
        "type": "store"
      },
      "geometry": {
        "type": "Point",
        "coordinates": [-0.16331320142857142, 51.49947966571428]
      }
    },
    {
      "type": "Feature",
      "id": 972,
      "properties": {
        "building_id": "harrods",
        "floor": 1,
        "id": 972,
        "metadata": {
          "category": "womens-clothing"
        },
        "name": "Loewe",
        "type": "store"
      },
      "geometry": {
        "type": "Point",
        "coordinates": [-0.16313328, 51.49930376]
      }
    },
    {
      "type": "Feature",
      "id": 973,
      "properties": {
        "building_id": "harrods",
        "floor": 1,
        "id": 973,
        "metadata": {
          "category": "womens-clothing"
        },
        "name": "Generic",
        "type": "store"
      },
      "geometry": {
        "type": "Point",
        "coordinates": [-0.16382501, 51.4991407]
      }
    },
    {
      "type": "Feature",
      "id": 974,
      "properties": {
        "building_id": "harrods",
        "floor": 4,
        "id": 974,
        "metadata": {
          "category": "womens-clothing"
        },
        "name": "Contemporary (Multi Brand)",
        "type": "store"
      },
      "geometry": {
        "type": "Point",
        "coordinates": [-0.1623670925, 51.498657985]
      }
    },
    {
      "type": "Feature",
      "id": 975,
      "properties": {
        "building_id": "harrods",
        "floor": 1,
        "id": 975,
        "metadata": {
          "category": "womens-clothing"
        },
        "name": "Loewe",
        "type": "store"
      },
      "geometry": {
        "type": "Point",
        "coordinates": [-0.16372765, 51.49918772]
      }
    },
    {
      "type": "Feature",
      "id": 976,
      "properties": {
        "building_id": "harrods",
        "floor": 1,
        "id": 976,
        "metadata": {
          "category": "womens-clothing"
        },
        "name": "Loro Piana",
        "type": "store"
      },
      "geometry": {
        "type": "Point",
        "coordinates": [-0.1622354682352941, 51.498635330000006]
      }
    },
    {
      "type": "Feature",
      "id": 977,
      "properties": {
        "building_id": "harrods",
        "floor": 1,
        "id": 977,
        "metadata": {
          "category": "womens-clothing"
        },
        "name": "Livy",
        "type": "store"
      },
      "geometry": {
        "type": "Point",
        "coordinates": [-0.16379564, 51.49929588]
      }
    },
    {
      "type": "Feature",
      "id": 978,
      "properties": {
        "building_id": "harrods",
        "floor": 1,
        "id": 978,
        "metadata": {
          "category": "womens-clothing"
        },
        "name": "Jill Sander",
        "type": "store"
      },
      "geometry": {
        "type": "Point",
        "coordinates": [-0.16299817, 51.49954093]
      }
    },
    {
      "type": "Feature",
      "id": 979,
      "properties": {
        "building_id": "harrods",
        "floor": 1,
        "id": 979,
        "metadata": {
          "category": "womens-clothing"
        },
        "name": "Agent Provocateur",
        "type": "store"
      },
      "geometry": {
        "type": "Point",
        "coordinates": [-0.16372429, 51.49933925]
      }
    },
    {
      "type": "Feature",
      "id": 980,
      "properties": {
        "building_id": "harrods",
        "floor": 4,
        "id": 980,
        "metadata": {
          "category": "womens-clothing",
          "description": "Say hello to your new workout wardrobe, comprising everything from high-performance running gear and super-stylish yoga pants to the perfect all-terrain trainers and weatherproof jackets. Courtesy of the most covetable sports labels, including Nike and Adidas by Stella McCartney, our edit of women\u2019s sportswear essentials offers an instant sports kit refresh - perfect for the gym and outdoor endeavours alike.",
          "tags": [
            "Sport",
            "workout",
            "Adidas",
            "Nike",
            "Stella McCartney",
            "Sweaty Betty"
          ],
          "logo": "https://www.next.co.uk/cms/resource/blob/1146900/113edebde778b569dbfc451c6c677d4d/09-07-25-hero-sports-mb-data.jpg",
          "images": [
            "https://cdn.rt.emap.com/wp-content/uploads/sites/2/2014/06/09090015/009_Adidas_Harrods-0845-HighRes-1.jpg",
            "https://fitnessontoast.com/wp-content/uploads/2017/01/Faya-Fitness-On-Toast-Faya-Harrods-Its-All-Good-January-Campaign-Fit-In-3-Book-Luxury-Athleisure-Activewear-5th-Floor-Sports-Clothes_-9.jpg",
            "https://foundassociates.com/wp-content/uploads/2017/08/1.Found_.Harrods.Fashion.Lab_2.jpg"
          ]
        },
        "name": "Women's Denim, Sport & Ski",
        "type": "store"
      },
      "geometry": {
        "type": "Point",
        "coordinates": [-0.16253441411764705, 51.49920067529412]
      }
    },
    {
      "type": "Feature",
      "id": 981,
      "properties": {
        "building_id": "harrods",
        "floor": 1,
        "id": 981,
        "metadata": {
          "category": "womens-clothing"
        },
        "name": "Wolford",
        "type": "store"
      },
      "geometry": {
        "type": "Point",
        "coordinates": [-0.16385774, 51.4992593]
      }
    },
    {
      "type": "Feature",
      "id": 982,
      "properties": {
        "building_id": "harrods",
        "floor": 1,
        "id": 982,
        "metadata": {
          "category": "womens-clothing"
        },
        "name": "Women's Designer Collections Room 2",
        "type": "store"
      },
      "geometry": {
        "type": "Point",
        "coordinates": [-0.16294069, 51.49970364307693]
      }
    },
    {
      "type": "Feature",
      "id": 983,
      "properties": {
        "building_id": "harrods",
        "floor": 1,
        "id": 983,
        "metadata": {
          "category": "womens-clothing"
        },
        "name": "Hanro",
        "type": "store"
      },
      "geometry": {
        "type": "Point",
        "coordinates": [-0.16372681, 51.49908113]
      }
    },
    {
      "type": "Feature",
      "id": 984,
      "properties": {
        "building_id": "harrods",
        "floor": 1,
        "id": 984,
        "metadata": {
          "category": "womens-clothing"
        },
        "name": "Generic",
        "type": "store"
      },
      "geometry": {
        "type": "Point",
        "coordinates": [-0.16397357, 51.49911614]
      }
    },
    {
      "type": "Feature",
      "id": 985,
      "properties": {
        "building_id": "harrods",
        "floor": 4,
        "id": 985,
        "metadata": {
          "category": "womens-clothing"
        },
        "name": "My Wardrobe HQ",
        "type": "store"
      },
      "geometry": {
        "type": "Point",
        "coordinates": [-0.162533775, 51.4986003625]
      }
    },
    {
      "type": "Feature",
      "id": 986,
      "properties": {
        "building_id": "harrods",
        "floor": 1,
        "id": 986,
        "metadata": {
          "category": "womens-clothing"
        },
        "name": "International Designer",
        "type": "store"
      },
      "geometry": {
        "type": "Point",
        "coordinates": [-0.1635797029032258, 51.49898740709678]
      }
    },
    {
      "type": "Feature",
      "id": 987,
      "properties": {
        "building_id": "harrods",
        "floor": 1,
        "id": 987,
        "metadata": {
          "category": "womens-clothing"
        },
        "name": "Balmain",
        "type": "store"
      },
      "geometry": {
        "type": "Point",
        "coordinates": [-0.16243713, 51.49955881]
      }
    },
    {
      "type": "Feature",
      "id": 988,
      "properties": {
        "building_id": "harrods",
        "floor": 1,
        "id": 988,
        "metadata": {
          "category": "womens-clothing"
        },
        "name": "Skims",
        "type": "store"
      },
      "geometry": {
        "type": "Point",
        "coordinates": [-0.16400739, 51.49918789]
      }
    },
    {
      "type": "Feature",
      "id": 989,
      "properties": {
        "building_id": "harrods",
        "floor": 1,
        "id": 989,
        "metadata": {
          "category": "womens-clothing"
        },
        "name": "Gabriela Hearst",
        "type": "store"
      },
      "geometry": {
        "type": "Point",
        "coordinates": [-0.16301897, 51.49926593]
      }
    },
    {
      "type": "Feature",
      "id": 990,
      "properties": {
        "building_id": "harrods",
        "floor": 1,
        "id": 990,
        "metadata": {
          "category": "womens-clothing"
        },
        "name": "Women's Designer Collections Room 1",
        "type": "store"
      },
      "geometry": {
        "type": "Point",
        "coordinates": [-0.16297102379310346, 51.49870874034483]
      }
    },
    {
      "type": "Feature",
      "id": 991,
      "properties": {
        "building_id": "harrods",
        "floor": 1,
        "id": 991,
        "metadata": {
          "category": "womens-clothing"
        },
        "name": "Olivia Halle",
        "type": "store"
      },
      "geometry": {
        "type": "Point",
        "coordinates": [-0.16362274, 51.49925199]
      }
    },
    {
      "type": "Feature",
      "id": 992,
      "properties": {
        "building_id": "harrods",
        "floor": 1,
        "id": 992,
        "metadata": {
          "category": "womens-clothing"
        },
        "name": "Ala\u00efa Corner",
        "type": "store"
      },
      "geometry": {
        "type": "Point",
        "coordinates": [-0.16298689, 51.49943632]
      }
    }
  ]
}
