{"type":"FeatureCollection","features":[{"type":"Feature","id":112884,"geometry":{"type":"Polygon","coordinates":[[[-122.812646998597,53.9167538747102],[-122.812525081185,53.91685432373],[-122.812400333025,53.9168015308119],[-122.812460375767,53.9167518846798],[-122.81240846468,53.9167298997072],[-122.812495555198,53.9166581222654],[-122.812571401364,53.9166900853501],[-122.81254604816,53.9167111767025],[-122.812646998597,53.9167538747102]]]},"properties":{"OBJECTID":112884,"Name":null,"Description":null,"BuildingType":1,"FloorCount":null,"Shape__Area":185.5048828125}},{"type":"Feature","id":110915,"geometry":{"type":"Polygon","coordinates":[[[-122.804016020517,53.9111477987289],[-122.804016050156,53.911024410587],[-122.804243423781,53.9110244938348],[-122.804243435855,53.9110609764205],[-122.804156967498,53.9110610601356],[-122.804157064294,53.9111477502037],[-122.804016020517,53.9111477987289]]]},"properties":{"OBJECTID":110915,"Name":null,"Description":null,"BuildingType":1,"FloorCount":null,"Shape__Area":150.16015625}},{"type":"Feature","id":113571,"geometry":{"type":"Polygon","coordinates":[[[-122.809773158991,53.9183757907856],[-122.809913298484,53.9183790596299],[-122.809905254202,53.9185008350487],[-122.809750513838,53.9184973003889],[-122.809755530167,53.9184187257665],[-122.809770389239,53.9184190369217],[-122.809773158991,53.9183757907856]]]},"properties":{"OBJECTID":113571,"Name":null,"Description":null,"BuildingType":1,"FloorCount":null,"Shape__Area":133.359619140625}},{"type":"Feature","id":114235,"geometry":{"type":"Polygon","coordinates":[[[-122.805951600715,53.9202433806204],[-122.805375832638,53.9202413254387],[-122.805375662922,53.9202516254729],[-122.805318761887,53.9202514793207],[-122.805318916014,53.9202412601537],[-122.805175484459,53.9202406680414],[-122.80517748152,53.9200373794832],[-122.805371601345,53.9200379818443],[-122.8053714985,53.9200699162327],[-122.805436088242,53.9200701557089],[-122.805436095232,53.9200621024241],[-122.80550551152,53.9200623946224],[-122.805505437769,53.9200749867662],[-122.805576544501,53.9200752187446],[-122.805576618424,53.9200658623004],[-122.805643994592,53.9200661061757],[-122.805643985931,53.920074527968],[-122.805683117605,53.920074627241],[-122.805683187797,53.9200627900879],[-122.805750564127,53.9200629979514],[-122.805750533502,53.9200728757728],[-122.805820772328,53.9200731062029],[-122.805820876233,53.9200638396876],[-122.805892820692,53.9200640099168],[-122.805892779011,53.9200762785427],[-122.805956912225,53.9200764630727],[-122.805957325734,53.9200332581668],[-122.806003598335,53.9200334138131],[-122.806003545692,53.9200414850003],[-122.806142835294,53.9200420065221],[-122.806142258336,53.9201008144256],[-122.806159479111,53.9201009051379],[-122.80615908244,53.9201470941047],[-122.806134720287,53.9201470278171],[-122.806133570295,53.9202440699735],[-122.806010420318,53.9202435205838],[-122.806010380944,53.9202520142307],[-122.805951683433,53.9202518115482],[-122.805951600715,53.9202433806204]]]},"properties":{"OBJECTID":114235,"Name":null,"Description":null,"BuildingType":1,"FloorCount":null,"Shape__Area":1315.529052734375}},{"type":"Feature","id":111579,"geometry":{"type":"Polygon","coordinates":[[[-122.815940855108,53.9128071698234],[-122.816073162895,53.9128078129537],[-122.816072527219,53.9128381466925],[-122.816097813237,53.9128383382151],[-122.816095590679,53.9129769127639],[-122.815962171374,53.9129761870628],[-122.815963309569,53.912907753697],[-122.815939088821,53.9129076446715],[-122.815940855108,53.9128071698234]]]},"properties":{"OBJECTID":111579,"Name":null,"Description":null,"BuildingType":1,"FloorCount":null,"Shape__Area":176.83203125}},{"type":"Feature","id":113454,"geometry":{"type":"Polygon","coordinates":[[[-122.815127478242,53.9182419614229],[-122.815131523553,53.9180707002608],[-122.815255015762,53.9180716273152],[-122.815254788537,53.9180817115635],[-122.81534827152,53.9180824665217],[-122.815346928521,53.9181418395487],[-122.815276709525,53.9181412911481],[-122.815276300143,53.9181547006966],[-122.815292697714,53.9181548427619],[-122.815292105599,53.9181820576819],[-122.815284020942,53.9181820003071],[-122.815282791919,53.9182431261785],[-122.815127478242,53.9182419614229]]]},"properties":{"OBJECTID":113454,"Name":null,"Description":null,"BuildingType":1,"FloorCount":null,"Shape__Area":219.510009765625}},{"type":"Feature","id":111934,"geometry":{"type":"Polygon","coordinates":[[[-122.808757989354,53.9138072737357],[-122.808756897297,53.913729740968],[-122.808877993131,53.9137291877435],[-122.808879919129,53.9138908680785],[-122.80867568181,53.9138917113138],[-122.808674680791,53.9138076174057],[-122.808757989354,53.9138072737357]]]},"properties":{"OBJECTID":111934,"Name":null,"Description":null,"BuildingType":1,"FloorCount":null,"Shape__Area":194.116943359375}},{"type":"Feature","id":112005,"geometry":{"type":"Polygon","coordinates":[[[-122.800871800975,53.9140709019572],[-122.800841887993,53.9139135252872],[-122.801001153706,53.9139029497048],[-122.801017994456,53.9139920493211],[-122.801027345093,53.9139914356497],[-122.801040158736,53.9140597931267],[-122.800871800975,53.9140709019572]]]},"properties":{"OBJECTID":112005,"Name":null,"Description":null,"BuildingType":1,"FloorCount":null,"Shape__Area":190.13037109375}},{"type":"Feature","id":112669,"geometry":{"type":"Polygon","coordinates":[[[-122.803832037316,53.91616553425],[-122.80370840491,53.9160139553301],[-122.803837135782,53.915977539327],[-122.803960539794,53.9161291986348],[-122.803832037316,53.91616553425]]]},"properties":{"OBJECTID":112669,"Name":null,"Description":null,"BuildingType":1,"FloorCount":null,"Shape__Area":175.338623046875}},{"type":"Feature","id":97447,"geometry":{"type":"Polygon","coordinates":[[[-122.806843048285,53.9204626970592],[-122.806845280952,53.9203517611119],[-122.806990280085,53.9203526054145],[-122.80698816862,53.9204637572722],[-122.806843048285,53.9204626970592]]]},"properties":{"OBJECTID":97447,"Name":null,"Description":null,"BuildingType":6,"FloorCount":null,"Shape__Area":117.714599609375}},{"type":"Feature","id":112080,"geometry":{"type":"Polygon","coordinates":[[[-122.808324207955,53.9141990009615],[-122.808325238116,53.9143064998274],[-122.808191778968,53.9143069248929],[-122.808190764991,53.9141992912306],[-122.808324207955,53.9141990009615]]]},"properties":{"OBJECTID":112080,"Name":null,"Description":null,"BuildingType":1,"FloorCount":null,"Shape__Area":104.907470703125}},{"type":"Feature","id":111318,"geometry":{"type":"Polygon","coordinates":[[[-122.806529572688,53.9121242215988],[-122.806528429723,53.9122463495902],[-122.806371780388,53.9122458813985],[-122.806372938701,53.9121238253375],[-122.806529572688,53.9121242215988]]]},"properties":{"OBJECTID":111318,"Name":null,"Description":null,"BuildingType":1,"FloorCount":null,"Shape__Area":139.7734375}},{"type":"Feature","id":113285,"geometry":{"type":"Polygon","coordinates":[[[-122.813060733323,53.9177963880179],[-122.812936888926,53.917894884032],[-122.812819241628,53.9178434148774],[-122.812883357471,53.9177922379324],[-122.812845595597,53.9177757039842],[-122.81290608951,53.9177275054169],[-122.812951571565,53.9177472690948],[-122.812980618693,53.9177241880641],[-122.813074483206,53.9177654635434],[-122.813044793615,53.9177892177007],[-122.813060733323,53.9177963880179]]]},"properties":{"OBJECTID":113285,"Name":null,"Description":null,"BuildingType":1,"FloorCount":null,"Shape__Area":177.582763671875}},{"type":"Feature","id":113408,"geometry":{"type":"Polygon","coordinates":[[[-122.811627555163,53.9180737759973],[-122.811755188968,53.9179697146788],[-122.811766632042,53.9179745861651],[-122.811799595001,53.917947673658],[-122.811900895017,53.9179910019941],[-122.811871141476,53.9180152501038],[-122.811879301613,53.9180188311445],[-122.811748383163,53.9181253951126],[-122.811627555163,53.9180737759973]]]},"properties":{"OBJECTID":113408,"Name":null,"Description":null,"BuildingType":1,"FloorCount":null,"Shape__Area":170.685791015625}},{"type":"Feature","id":113740,"geometry":{"type":"Polygon","coordinates":[[[-122.811680092052,53.9188400900929],[-122.811877724922,53.9187320128822],[-122.811904142227,53.9187489158507],[-122.811920336918,53.9187400430398],[-122.812020587491,53.9188039073289],[-122.811961609474,53.9188360821156],[-122.811941537916,53.9188233325902],[-122.811878423071,53.9188578377523],[-122.811887699145,53.9188638563026],[-122.81179573681,53.9189139464593],[-122.811680092052,53.9188400900929]]]},"properties":{"OBJECTID":113740,"Name":null,"Description":null,"BuildingType":1,"FloorCount":null,"Shape__Area":211.127197265625}},{"type":"Feature","id":113076,"geometry":{"type":"Polygon","coordinates":[[[-122.806354576027,53.9172579832793],[-122.806190689612,53.9173071442395],[-122.806106459618,53.9172090923766],[-122.806191917231,53.9171834256043],[-122.806214678572,53.9172098872247],[-122.806292969848,53.917186446843],[-122.806354576027,53.9172579832793]]]},"properties":{"OBJECTID":113076,"Name":null,"Description":null,"BuildingType":1,"FloorCount":null,"Shape__Area":128.590576171875}},{"type":"Feature","id":112715,"geometry":{"type":"Polygon","coordinates":[[[-122.80857901203,53.9163275553969],[-122.808306562727,53.9163232020265],[-122.808309828556,53.9162483996247],[-122.808582308028,53.9162527080959],[-122.80857901203,53.9163275553969]]]},"properties":{"OBJECTID":112715,"Name":null,"Description":null,"BuildingType":1,"FloorCount":null,"Shape__Area":149.08544921875}},{"type":"Feature","id":114043,"geometry":{"type":"Polygon","coordinates":[[[-122.805027450614,53.9197147434981],[-122.804773533336,53.9197119401851],[-122.804771695356,53.9196065522588],[-122.804741789232,53.9195938394714],[-122.80480361891,53.9195327762686],[-122.804849749543,53.9195534608459],[-122.804804036465,53.9195966820154],[-122.804800864975,53.9196008922583],[-122.804975346175,53.9196068741493],[-122.804974863563,53.9195960787121],[-122.804944826165,53.9195592508117],[-122.805002114604,53.9195381410218],[-122.805056860889,53.9195920593576],[-122.805025056496,53.9196076649192],[-122.805027450614,53.9197147434981]]]},"properties":{"OBJECTID":114043,"Name":null,"Description":null,"BuildingType":1,"FloorCount":null,"Shape__Area":263.013916015625}},{"type":"Feature","id":113972,"geometry":{"type":"Polygon","coordinates":[[[-122.815949856304,53.9194848792602],[-122.815951537953,53.9193587075488],[-122.816107664563,53.9193594680179],[-122.816106104167,53.9194858736062],[-122.816079641677,53.9194856892749],[-122.816079346005,53.9195148550537],[-122.815940347978,53.9195141927049],[-122.815940690808,53.9194847124168],[-122.815949856304,53.9194848792602]]]},"properties":{"OBJECTID":113972,"Name":null,"Description":null,"BuildingType":1,"FloorCount":null,"Shape__Area":173.858154296875}},{"type":"Feature","id":112366,"geometry":{"type":"Polygon","coordinates":[[[-122.80949849352,53.9150086715058],[-122.809735683542,53.9150310323241],[-122.80970851019,53.9151309005504],[-122.809471457334,53.9151083870999],[-122.80949849352,53.9150086715058]]]},"properties":{"OBJECTID":112366,"Name":null,"Description":null,"BuildingType":1,"FloorCount":null,"Shape__Area":177.368408203125}},{"type":"Feature","id":112151,"geometry":{"type":"Polygon","coordinates":[[[-122.804824020544,53.914312688823],[-122.804871196438,53.9143757178754],[-122.804882430591,53.9143727700681],[-122.804927066208,53.9144320918887],[-122.804795259672,53.9144665356802],[-122.804750504591,53.9144067462373],[-122.804735810554,53.9144105332845],[-122.804688907228,53.9143478551569],[-122.804824020544,53.914312688823]]]},"properties":{"OBJECTID":112151,"Name":null,"Description":null,"BuildingType":1,"FloorCount":null,"Shape__Area":142.688720703125}},{"type":"Feature","id":112815,"geometry":{"type":"Polygon","coordinates":[[[-122.804935802016,53.9166018598736],[-122.804794604938,53.9166406296363],[-122.804756538057,53.9165924726507],[-122.80473048493,53.9165995847867],[-122.804684063937,53.9165406914393],[-122.804721139465,53.9165304514162],[-122.804713556393,53.9165208578144],[-122.804927866259,53.9164621276043],[-122.804990361043,53.9165415487229],[-122.80490653002,53.9165646107479],[-122.804935802016,53.9166018598736]]]},"properties":{"OBJECTID":112815,"Name":null,"Description":null,"BuildingType":1,"FloorCount":null,"Shape__Area":218.578369140625}},{"type":"Feature","id":112097,"geometry":{"type":"Polygon","coordinates":[[[-122.808531109343,53.9143283276838],[-122.808358391653,53.9143275937917],[-122.808359788004,53.9141955254371],[-122.808416391354,53.9141957146203],[-122.808415779657,53.9142362228401],[-122.808532168671,53.9142365342962],[-122.808531109343,53.9143283276838]]]},"properties":{"OBJECTID":112097,"Name":null,"Description":null,"BuildingType":1,"FloorCount":null,"Shape__Area":132.46484375}},{"type":"Feature","id":111015,"geometry":{"type":"Polygon","coordinates":[[[-122.808405206591,53.9114273460489],[-122.808402048643,53.9113124016181],[-122.808561763094,53.9113109665804],[-122.808564906174,53.9114259289591],[-122.808405206591,53.9114273460489]]]},"properties":{"OBJECTID":111015,"Name":null,"Description":null,"BuildingType":1,"FloorCount":null,"Shape__Area":134.2080078125}},{"type":"Feature","id":111510,"geometry":{"type":"Polygon","coordinates":[[[-122.803743853524,53.912554939357],[-122.803749141608,53.9127096415891],[-122.803599984992,53.9127115009483],[-122.803594941248,53.9125567541686],[-122.803743853524,53.912554939357]]]},"properties":{"OBJECTID":111510,"Name":null,"Description":null,"BuildingType":1,"FloorCount":null,"Shape__Area":168.592529296875}},{"type":"Feature","id":112838,"geometry":{"type":"Polygon","coordinates":[[[-122.804633310812,53.9166466589944],[-122.804430295888,53.9167023151799],[-122.804369873992,53.9166258452314],[-122.804455534506,53.916602346145],[-122.804451069548,53.9165966763975],[-122.804623609369,53.9165494463409],[-122.80467287617,53.9166118676595],[-122.804617995187,53.9166268783244],[-122.804633310812,53.9166466589944]]]},"properties":{"OBJECTID":112838,"Name":null,"Description":null,"BuildingType":1,"FloorCount":null,"Shape__Area":174.54296875}},{"type":"Feature","id":110846,"geometry":{"type":"Polygon","coordinates":[[[-122.814047047336,53.9108445485402],[-122.81424400128,53.9108143928062],[-122.814275890504,53.91088718255],[-122.814215474751,53.9108963468041],[-122.81422203049,53.9109112951122],[-122.814284167827,53.9109018279231],[-122.814312319456,53.9109661361294],[-122.814113354998,53.9109963787436],[-122.814047047336,53.9108445485402]]]},"properties":{"OBJECTID":110846,"Name":null,"Description":null,"BuildingType":1,"FloorCount":null,"Shape__Area":227.278564453125}},{"type":"Feature","id":112343,"geometry":{"type":"Polygon","coordinates":[[[-122.814877550296,53.9149709751247],[-122.814727513893,53.9150701427013],[-122.81462570605,53.9150152213442],[-122.814667897263,53.9149834507555],[-122.814655828609,53.9149755585893],[-122.81467705027,53.9149621452025],[-122.814604448718,53.9149370013958],[-122.814648339065,53.9149100150847],[-122.814742066694,53.9149330073583],[-122.814773716919,53.9149162125547],[-122.814877550296,53.9149709751247]]]},"properties":{"OBJECTID":112343,"Name":null,"Description":null,"BuildingType":1,"FloorCount":null,"Shape__Area":169.303466796875}},{"type":"Feature","id":112074,"geometry":{"type":"Polygon","coordinates":[[[-122.809456204203,53.9143019720292],[-122.809216562627,53.9143006837633],[-122.809216711558,53.914291390344],[-122.809168740538,53.9142911523394],[-122.809169917769,53.9142266199259],[-122.809218452259,53.9142268048969],[-122.809218565882,53.9142152374417],[-122.809457506815,53.91421648864],[-122.809456204203,53.9143019720292]]]},"properties":{"OBJECTID":112074,"Name":null,"Description":null,"BuildingType":1,"FloorCount":null,"Shape__Area":172.213134765625}},{"type":"Feature","id":110992,"geometry":{"type":"Polygon","coordinates":[[[-122.801265847499,53.9112790166687],[-122.801461767471,53.9112670360782],[-122.8014769559,53.9113546409185],[-122.801281324636,53.9113666489759],[-122.801265847499,53.9112790166687]]]},"properties":{"OBJECTID":110992,"Name":null,"Description":null,"BuildingType":1,"FloorCount":null,"Shape__Area":126.7109375}},{"type":"Feature","id":113648,"geometry":{"type":"Polygon","coordinates":[[[-122.803035158118,53.9186302834397],[-122.80302115521,53.9185030614994],[-122.803187254332,53.9184967275953],[-122.803204863745,53.9186536339876],[-122.803062200947,53.9186590895686],[-122.803058899732,53.9186293696411],[-122.803035158118,53.9186302834397]]]},"properties":{"OBJECTID":113648,"Name":null,"Description":null,"BuildingType":1,"FloorCount":null,"Shape__Area":186.280517578125}},{"type":"Feature","id":114189,"geometry":{"type":"Polygon","coordinates":[[[-122.801829915996,53.9200415555937],[-122.802048008311,53.9200408906249],[-122.802048968794,53.9201307637625],[-122.801842950515,53.9201314576438],[-122.801842759529,53.920123556829],[-122.801786984715,53.9201235636584],[-122.801786412037,53.9200548040979],[-122.801829868995,53.9200546960516],[-122.801829915996,53.9200415555937]]]},"properties":{"OBJECTID":114189,"Name":null,"Description":null,"BuildingType":1,"FloorCount":null,"Shape__Area":164.580078125}},{"type":"Feature","id":96754,"geometry":{"type":"Polygon","coordinates":[[[-122.809726470609,53.910868537549],[-122.809728291104,53.9107024589315],[-122.809675468221,53.9107021774861],[-122.809676285835,53.9106060514031],[-122.809985110575,53.9106072864735],[-122.809984105639,53.9106978846004],[-122.809933840468,53.9106975533874],[-122.809931934188,53.910869294354],[-122.809726470609,53.910868537549]]]},"properties":{"OBJECTID":96754,"Name":"Seventh Day Adventist Church","Description":null,"BuildingType":7,"FloorCount":null,"Shape__Area":464.31494140625}},{"type":"Feature","id":112214,"geometry":{"type":"Polygon","coordinates":[[[-122.805914655566,53.9146960625678],[-122.805914915308,53.9145743826066],[-122.806054935291,53.9145743481652],[-122.80605482791,53.9146960912889],[-122.805914655566,53.9146960625678]]]},"properties":{"OBJECTID":112214,"Name":null,"Description":null,"BuildingType":1,"FloorCount":null,"Shape__Area":124.60986328125}},{"type":"Feature","id":112546,"geometry":{"type":"Polygon","coordinates":[[[-122.804282003222,53.9157708117452],[-122.80409664099,53.915620867292],[-122.804201630275,53.9155756398183],[-122.804407135252,53.9157418763198],[-122.804282003222,53.9157708117452]]]},"properties":{"OBJECTID":112546,"Name":null,"Description":null,"BuildingType":1,"FloorCount":null,"Shape__Area":185.88623046875}},{"type":"Feature","id":113139,"geometry":{"type":"Polygon","coordinates":[[[-122.805189292084,53.9174119965335],[-122.804982088918,53.9174574723715],[-122.80493154679,53.9173776302621],[-122.805138902706,53.9173319749976],[-122.805189292084,53.9174119965335]]]},"properties":{"OBJECTID":113139,"Name":null,"Description":null,"BuildingType":1,"FloorCount":null,"Shape__Area":137.874755859375}},{"type":"Feature","id":113293,"geometry":{"type":"Polygon","coordinates":[[[-122.80375854808,53.9178665211189],[-122.803547221166,53.9178912073538],[-122.803507266209,53.9177717895741],[-122.803642056837,53.9177560472453],[-122.803655541231,53.9177961740042],[-122.803732153178,53.9177872212954],[-122.80375854808,53.9178665211189]]]},"properties":{"OBJECTID":113293,"Name":null,"Description":null,"BuildingType":1,"FloorCount":null,"Shape__Area":168.34033203125}},{"type":"Feature","id":114135,"geometry":{"type":"Polygon","coordinates":[[[-122.813877000338,53.9199867593463],[-122.813871774958,53.9198538539023],[-122.814015277066,53.9198519999767],[-122.814020199133,53.9199847341715],[-122.813877000338,53.9199867593463]]]},"properties":{"OBJECTID":114135,"Name":null,"Description":null,"BuildingType":1,"FloorCount":null,"Shape__Area":139.1953125}},{"type":"Feature","id":114218,"geometry":{"type":"Polygon","coordinates":[[[-122.801404735531,53.9201850216554],[-122.80115304886,53.9201576500261],[-122.801179211583,53.9200735831283],[-122.80128358045,53.9200850718247],[-122.801285557812,53.9200790980403],[-122.80143261549,53.9200951422716],[-122.801404735531,53.9201850216554]]]},"properties":{"OBJECTID":114218,"Name":null,"Description":null,"BuildingType":1,"FloorCount":null,"Shape__Area":166.23583984375}},{"type":"Feature","id":112120,"geometry":{"type":"Polygon","coordinates":[[[-122.807577874054,53.9142397547052],[-122.807568053354,53.9143691131342],[-122.807430182537,53.914365440716],[-122.807433545606,53.9143194452073],[-122.807417546764,53.914319006101],[-122.807427699156,53.9141838329386],[-122.807561490224,53.9141872920972],[-122.807557749626,53.9142392730548],[-122.807577874054,53.9142397547052]]]},"properties":{"OBJECTID":112120,"Name":null,"Description":null,"BuildingType":1,"FloorCount":null,"Shape__Area":191.328125}},{"type":"Feature","id":113577,"geometry":{"type":"Polygon","coordinates":[[[-122.812745717451,53.9185136204437],[-122.812486306879,53.9185150043122],[-122.812484979809,53.9184135990034],[-122.812588062292,53.9184129060447],[-122.812588367354,53.9184195846457],[-122.812744162901,53.9184186771952],[-122.812745717451,53.9185136204437]]]},"properties":{"OBJECTID":113577,"Name":null,"Description":null,"BuildingType":1,"FloorCount":null,"Shape__Area":184.76220703125}},{"type":"Feature","id":113448,"geometry":{"type":"Polygon","coordinates":[[[-122.802334850541,53.9182087344748],[-122.802284664297,53.9180512170536],[-122.802433376177,53.9180347260261],[-122.802483396115,53.9181921082909],[-122.802334850541,53.9182087344748]]]},"properties":{"OBJECTID":113448,"Name":null,"Description":null,"BuildingType":1,"FloorCount":null,"Shape__Area":177.064697265625}},{"type":"Feature","id":111278,"geometry":{"type":"Polygon","coordinates":[[[-122.813893936642,53.9121311865863],[-122.814062740594,53.9120273662872],[-122.814135691918,53.9120685277096],[-122.814198767774,53.9120297878921],[-122.814266282426,53.9120679657739],[-122.814116698043,53.9121599249006],[-122.814078385337,53.9121381953673],[-122.813995572021,53.9121888676647],[-122.813893936642,53.9121311865863]]]},"properties":{"OBJECTID":111278,"Name":null,"Description":null,"BuildingType":1,"FloorCount":null,"Shape__Area":214.00146484375}},{"type":"Feature","id":112901,"geometry":{"type":"Polygon","coordinates":[[[-122.815341422167,53.9169087057536],[-122.815102949096,53.9169083208599],[-122.815103284125,53.9168118076194],[-122.8153419855,53.9168120850072],[-122.815341422167,53.9169087057536]]]},"properties":{"OBJECTID":112901,"Name":null,"Description":null,"BuildingType":1,"FloorCount":null,"Shape__Area":168.364013671875}},{"type":"Feature","id":113245,"geometry":{"type":"Polygon","coordinates":[[[-122.815080134444,53.9176301075543],[-122.815289250325,53.9176319213825],[-122.815287275961,53.9177066899818],[-122.815285037885,53.9177066685634],[-122.815284492037,53.9177372001491],[-122.815159402686,53.9177361448332],[-122.815159886157,53.9177094150997],[-122.815078173358,53.9177086781185],[-122.815080134444,53.9176301075543]]]},"properties":{"OBJECTID":113245,"Name":null,"Description":null,"BuildingType":1,"FloorCount":null,"Shape__Area":144.451416015625}},{"type":"Feature","id":111516,"geometry":{"type":"Polygon","coordinates":[[[-122.806648766177,53.9127289688001],[-122.806644677785,53.9126088457212],[-122.806679085465,53.9126084337372],[-122.806635245706,53.9125678539467],[-122.806687447348,53.912548227164],[-122.806747185431,53.9126108802439],[-122.806780953635,53.9126104851778],[-122.806784920423,53.9127273543767],[-122.806648766177,53.9127289688001]]]},"properties":{"OBJECTID":111516,"Name":null,"Description":null,"BuildingType":1,"FloorCount":null,"Shape__Area":143.914306640625}},{"type":"Feature","id":114181,"geometry":{"type":"Polygon","coordinates":[[[-122.81451103615,53.9200027413351],[-122.814702277361,53.9200035129178],[-122.814700681108,53.9201336125113],[-122.81454490129,53.9201329765836],[-122.814545482591,53.9200636526343],[-122.814510218924,53.9200634453784],[-122.81451103615,53.9200027413351]]]},"properties":{"OBJECTID":114181,"Name":null,"Description":null,"BuildingType":1,"FloorCount":null,"Shape__Area":163.915771484375}},{"type":"Feature","id":111871,"geometry":{"type":"Polygon","coordinates":[[[-122.812288535045,53.9136780502449],[-122.812410716925,53.9136015729937],[-122.812505478658,53.9136544809075],[-122.81238341887,53.9137308955287],[-122.812288535045,53.9136780502449]]]},"properties":{"OBJECTID":111871,"Name":null,"Description":null,"BuildingType":1,"FloorCount":null,"Shape__Area":100.165771484375}},{"type":"Feature","id":113531,"geometry":{"type":"Polygon","coordinates":[[[-122.808499244122,53.9183280889003],[-122.80871332497,53.9183303175676],[-122.808711946033,53.918382167465],[-122.808736610736,53.9183824404377],[-122.808734967263,53.918438873822],[-122.80856749003,53.9184371599036],[-122.808568799625,53.91839052297],[-122.808497500184,53.9183897711465],[-122.808499244122,53.9183280889003]]]},"properties":{"OBJECTID":113531,"Name":null,"Description":null,"BuildingType":1,"FloorCount":null,"Shape__Area":155.409423828125}},{"type":"Feature","id":110777,"geometry":{"type":"Polygon","coordinates":[[[-122.815000121523,53.9105624650817],[-122.815196985388,53.9106488109632],[-122.815113329977,53.9107153376939],[-122.815002674714,53.910666775526],[-122.814946012735,53.9107119161719],[-122.814859803872,53.9106741502576],[-122.815000121523,53.9105624650817]]]},"properties":{"OBJECTID":110777,"Name":null,"Description":null,"BuildingType":1,"FloorCount":null,"Shape__Area":192.55078125}},{"type":"Feature","id":113634,"geometry":{"type":"Polygon","coordinates":[[[-122.806769141163,53.9186186968054],[-122.806731830176,53.9184818115939],[-122.806923989178,53.9184636322472],[-122.806961438308,53.9186004097643],[-122.806769141163,53.9186186968054]]]},"properties":{"OBJECTID":113634,"Name":null,"Description":null,"BuildingType":1,"FloorCount":null,"Shape__Area":197.18115234375}},{"type":"Feature","id":111719,"geometry":{"type":"Polygon","coordinates":[[[-122.815864842646,53.9131254913707],[-122.816005751096,53.9132373930103],[-122.815892417772,53.9132871479992],[-122.815809614877,53.9132212643619],[-122.815800096605,53.9132254651638],[-122.815742129234,53.9131792135471],[-122.815864842646,53.9131254913707]]]},"properties":{"OBJECTID":111719,"Name":null,"Description":null,"BuildingType":1,"FloorCount":null,"Shape__Area":148.835205078125}},{"type":"Feature","id":111026,"geometry":{"type":"Polygon","coordinates":[[[-122.806172275796,53.9113282734822],[-122.806285261675,53.9113286355577],[-122.806284898276,53.9113808466509],[-122.806343462104,53.9113809321198],[-122.80634315048,53.9114351296589],[-122.806171569297,53.9114348258723],[-122.806172275796,53.9113282734822]]]},"properties":{"OBJECTID":111026,"Name":null,"Description":null,"BuildingType":1,"FloorCount":null,"Shape__Area":111.114013671875}},{"type":"Feature","id":111032,"geometry":{"type":"Polygon","coordinates":[[[-122.80090952584,53.911369646351],[-122.801042930752,53.9113018098005],[-122.801137130286,53.9113664012885],[-122.801003633639,53.9114343096954],[-122.80090952584,53.911369646351]]]},"properties":{"OBJECTID":111032,"Name":null,"Description":null,"BuildingType":1,"FloorCount":null,"Shape__Area":109.737060546875}},{"type":"Feature","id":111370,"geometry":{"type":"Polygon","coordinates":[[[-122.800898839905,53.9121920367596],[-122.801040471187,53.912197241897],[-122.801027932136,53.9123146412188],[-122.80088648327,53.9123094094052],[-122.800898839905,53.9121920367596]]]},"properties":{"OBJECTID":111370,"Name":null,"Description":null,"BuildingType":1,"FloorCount":null,"Shape__Area":121.901611328125}},{"type":"Feature","id":111819,"geometry":{"type":"Polygon","coordinates":[[[-122.803651333926,53.9135425674286],[-122.803592529449,53.9133822320631],[-122.803735416681,53.913364022165],[-122.803783154837,53.9134948944823],[-122.803776924259,53.9134957291799],[-122.803787991689,53.9135250663276],[-122.803651333926,53.9135425674286]]]},"properties":{"OBJECTID":111819,"Name":null,"Description":null,"BuildingType":1,"FloorCount":null,"Shape__Area":173.65576171875}},{"type":"Feature","id":114026,"geometry":{"type":"Polygon","coordinates":[[[-122.807124581272,53.9193543742322],[-122.807202157788,53.9196223428133],[-122.807011282883,53.9196415942474],[-122.806979662485,53.9195316285166],[-122.806954450933,53.9195342304819],[-122.806952352558,53.9195270097013],[-122.806915563829,53.9195307345314],[-122.806906408302,53.91949871335],[-122.806945451268,53.9194948213733],[-122.806942737704,53.9194856312198],[-122.806965816111,53.9194833404102],[-122.806934149236,53.9193735992909],[-122.807124581272,53.9193543742322]]]},"properties":{"OBJECTID":114026,"Name":null,"Description":null,"BuildingType":1,"FloorCount":null,"Shape__Area":402.01025390625}},{"type":"Feature","id":111424,"geometry":{"type":"Polygon","coordinates":[[[-122.813653639567,53.9124303771336],[-122.813425560733,53.9125663090072],[-122.813323431583,53.9125066672847],[-122.813551312916,53.9123706454163],[-122.813653639567,53.9124303771336]]]},"properties":{"OBJECTID":111424,"Name":null,"Description":null,"BuildingType":1,"FloorCount":null,"Shape__Area":201.036376953125}},{"type":"Feature","id":111765,"geometry":{"type":"Polygon","coordinates":[[[-122.809321238939,53.9134633333701],[-122.809326869783,53.9133768951198],[-122.809609019878,53.9133830771607],[-122.809603678953,53.9134694979073],[-122.809321238939,53.9134633333701]]]},"properties":{"OBJECTID":111765,"Name":null,"Description":null,"BuildingType":1,"FloorCount":null,"Shape__Area":178.5556640625}},{"type":"Feature","id":113339,"geometry":{"type":"Polygon","coordinates":[[[-122.810392354848,53.9179614409003],[-122.81053726636,53.9178385691834],[-122.810647356499,53.9178838358899],[-122.810527695464,53.9179852032082],[-122.810521692526,53.9179827220219],[-122.810496213462,53.9180043070828],[-122.810392354848,53.9179614409003]]]},"properties":{"OBJECTID":113339,"Name":null,"Description":null,"BuildingType":1,"FloorCount":null,"Shape__Area":145.379638671875}},{"type":"Feature","id":112111,"geometry":{"type":"Polygon","coordinates":[[[-122.801166198612,53.9142525711347],[-122.800965363303,53.9143411843159],[-122.800872432166,53.9142678404599],[-122.800924121893,53.9142448268357],[-122.800886901813,53.9142152752938],[-122.801034598668,53.9141501409165],[-122.801082967355,53.914188393349],[-122.801075765789,53.9141916890274],[-122.801110801716,53.9142195471375],[-122.801119710665,53.9142157779172],[-122.801166198612,53.9142525711347]]]},"properties":{"OBJECTID":112111,"Name":null,"Description":null,"BuildingType":1,"FloorCount":null,"Shape__Area":214.864990234375}},{"type":"Feature","id":112652,"geometry":{"type":"Polygon","coordinates":[[[-122.805239191548,53.9160563276695],[-122.805349129219,53.9159553632736],[-122.80543252233,53.9159868847168],[-122.805451466585,53.9159695774402],[-122.805568142992,53.9160139337241],[-122.805488144523,53.9160873265075],[-122.805412943453,53.9160588203895],[-122.805363998941,53.9161037892298],[-122.805239191548,53.9160563276695]]]},"properties":{"OBJECTID":112652,"Name":null,"Description":null,"BuildingType":1,"FloorCount":null,"Shape__Area":194.7978515625}},{"type":"Feature","id":114078,"geometry":{"type":"Polygon","coordinates":[[[-122.815208094484,53.9196912384026],[-122.815432844962,53.9196925906735],[-122.815431646916,53.919753635686],[-122.815474737116,53.9197537468404],[-122.815474192389,53.9197944079533],[-122.815434238845,53.9197942836431],[-122.815434050486,53.9198162771182],[-122.815305436132,53.9198155580881],[-122.815306146191,53.9197650732887],[-122.815279150529,53.9197649059373],[-122.815279519409,53.9197330798102],[-122.815207181132,53.9197325640636],[-122.815208094484,53.9196912384026]]]},"properties":{"OBJECTID":114078,"Name":null,"Description":null,"BuildingType":1,"FloorCount":null,"Shape__Area":162.98486328125}},{"type":"Feature","id":112137,"geometry":{"type":"Polygon","coordinates":[[[-122.811490330635,53.9144252268397],[-122.811353959334,53.914338700343],[-122.811450965018,53.914285589435],[-122.811587229979,53.9143720707151],[-122.811490330635,53.9144252268397]]]},"properties":{"OBJECTID":112137,"Name":null,"Description":null,"BuildingType":1,"FloorCount":null,"Shape__Area":114.22216796875}},{"type":"Feature","id":110975,"geometry":{"type":"Polygon","coordinates":[[[-122.806601670324,53.9112414579701],[-122.806736924133,53.9112425835146],[-122.806734660495,53.9113503917318],[-122.806599238052,53.9113494456748],[-122.806601670324,53.9112414579701]]]},"properties":{"OBJECTID":110975,"Name":null,"Description":null,"BuildingType":1,"FloorCount":null,"Shape__Area":106.741455078125}},{"type":"Feature","id":111141,"geometry":{"type":"Polygon","coordinates":[[[-122.806571370052,53.911733622651],[-122.806763079332,53.9117303180894],[-122.806767187105,53.9118133205007],[-122.806575629098,53.9118167511457],[-122.806571370052,53.911733622651]]]},"properties":{"OBJECTID":111141,"Name":null,"Description":null,"BuildingType":1,"FloorCount":null,"Shape__Area":116.439208984375}},{"type":"Feature","id":112635,"geometry":{"type":"Polygon","coordinates":[[[-122.803610391862,53.9160678942212],[-122.803367242057,53.916046419347],[-122.803388375426,53.9159619392179],[-122.803500127046,53.915971667442],[-122.80349908879,53.9159755395971],[-122.803630776498,53.9159871338826],[-122.803610391862,53.9160678942212]]]},"properties":{"OBJECTID":112635,"Name":null,"Description":null,"BuildingType":1,"FloorCount":null,"Shape__Area":149.8828125}},{"type":"Feature","id":110643,"geometry":{"type":"Polygon","coordinates":[[[-122.812328473843,53.9096156329851],[-122.812431871288,53.9095567968531],[-122.812493172706,53.9095942559892],[-122.812475911547,53.9096041428746],[-122.812515867567,53.9096287337021],[-122.812527222406,53.909622226092],[-122.812558115969,53.9096411312858],[-122.812577544246,53.9096300164057],[-122.812627217399,53.9096603028208],[-122.812616442272,53.9096665327148],[-122.81267985401,53.9097053252817],[-122.812662623938,53.9097150684332],[-122.812736920438,53.9097605830487],[-122.812757355549,53.9097489933421],[-122.812898404214,53.9098353458469],[-122.81288247092,53.9098444528974],[-122.812920454122,53.9098677731972],[-122.812927932278,53.9098635245031],[-122.812977756743,53.9098941345778],[-122.812992560785,53.9098856459329],[-122.813072626926,53.9099346746702],[-122.813000210255,53.909975951974],[-122.813015968493,53.9099855937447],[-122.812948206544,53.9100242088086],[-122.812878281159,53.9099814604746],[-122.812790205683,53.9100316563776],[-122.812725775919,53.9099923050236],[-122.81274309799,53.909982436174],[-122.812706876437,53.9099600533251],[-122.812697948181,53.9099651715863],[-122.81266096722,53.9099424100401],[-122.812637555753,53.9099557387713],[-122.812593863374,53.9099291737681],[-122.812602639569,53.9099240193251],[-122.812538528938,53.9098848661053],[-122.81255594323,53.9098747996889],[-122.81247707734,53.9098264555735],[-122.812463479269,53.9098341730646],[-122.812396804251,53.909793236126],[-122.812380123543,53.9098026565247],[-122.812337373277,53.9097765423026],[-122.812355503883,53.9097662882851],[-122.81232309289,53.9097463020998],[-122.812333989419,53.9097401712907],[-122.812252558309,53.9096902860578],[-122.812268826941,53.9096810987222],[-122.812216437804,53.909648884465],[-122.812302695909,53.9095999714328],[-122.812328473843,53.9096156329851]]]},"properties":{"OBJECTID":110643,"Name":null,"Description":null,"BuildingType":1,"FloorCount":null,"Shape__Area":1150.860595703125}},{"type":"Feature","id":111069,"geometry":{"type":"Polygon","coordinates":[[[-122.804815195709,53.9113829878295],[-122.805003906841,53.9113791868604],[-122.805008496913,53.9114592060844],[-122.804925826681,53.9114607705639],[-122.804926676328,53.9114744517817],[-122.805007199897,53.9114729287563],[-122.805011178047,53.9115437881454],[-122.804819878339,53.911547557955],[-122.804815860292,53.9114755300458],[-122.804866681176,53.9114744082365],[-122.804865937567,53.9114608440354],[-122.804819684516,53.9114617935074],[-122.804815195709,53.9113829878295]]]},"properties":{"OBJECTID":111069,"Name":null,"Description":null,"BuildingType":1,"FloorCount":null,"Shape__Area":215.674072265625}},{"type":"Feature","id":113442,"geometry":{"type":"Polygon","coordinates":[[[-122.805998740672,53.9181646275271],[-122.805961873332,53.9180312031823],[-122.806111533175,53.9180168123382],[-122.806149168497,53.9181521792969],[-122.806145802036,53.918152515409],[-122.806155521569,53.9181874946373],[-122.806021520124,53.9182004098232],[-122.806011292483,53.9181633894746],[-122.805998740672,53.9181646275271]]]},"properties":{"OBJECTID":113442,"Name":null,"Description":null,"BuildingType":1,"FloorCount":null,"Shape__Area":187.11279296875}},{"type":"Feature","id":113774,"geometry":{"type":"Polygon","coordinates":[[[-122.80408583778,53.9189467907019],[-122.803867119319,53.9189523298707],[-122.803860912104,53.918866789395],[-122.804079721895,53.9188611605063],[-122.80408583778,53.9189467907019]]]},"properties":{"OBJECTID":113774,"Name":null,"Description":null,"BuildingType":1,"FloorCount":null,"Shape__Area":137.0634765625}},{"type":"Feature","id":111616,"geometry":{"type":"Polygon","coordinates":[[[-122.814498251752,53.9129285539252],[-122.81463751607,53.9130085290381],[-122.814544704437,53.9130649745866],[-122.814460031876,53.9130161914109],[-122.81444040051,53.9130282320468],[-122.814385778453,53.9129970039948],[-122.814498251752,53.9129285539252]]]},"properties":{"OBJECTID":111616,"Name":null,"Description":null,"BuildingType":1,"FloorCount":null,"Shape__Area":120.876953125}},{"type":"Feature","id":112778,"geometry":{"type":"Polygon","coordinates":[[[-122.814519864912,53.9164442311754],[-122.81481211495,53.9164402151262],[-122.814813510541,53.9164757830224],[-122.814846597021,53.9164753037426],[-122.814847909443,53.9165090289581],[-122.81481381808,53.9165095066888],[-122.81481456765,53.9165293534758],[-122.814523306225,53.9165334609389],[-122.814519864912,53.9164442311754]]]},"properties":{"OBJECTID":112778,"Name":null,"Description":null,"BuildingType":1,"FloorCount":null,"Shape__Area":198.5771484375}},{"type":"Feature","id":110786,"geometry":{"type":"Polygon","coordinates":[[[-122.81410985227,53.9106778722063],[-122.814265401106,53.9105751006622],[-122.814465162088,53.9106806597231],[-122.814384288477,53.9107340856437],[-122.814317402473,53.9106987849716],[-122.814242590681,53.9107480497068],[-122.81410985227,53.9106778722063]]]},"properties":{"OBJECTID":110786,"Name":null,"Description":null,"BuildingType":1,"FloorCount":null,"Shape__Area":226.63623046875}},{"type":"Feature","id":112423,"geometry":{"type":"Polygon","coordinates":[[[-122.809938698581,53.9152569900641],[-122.809796227147,53.9151761775502],[-122.80979126583,53.9151790997999],[-122.80973602097,53.9151477068723],[-122.809853671117,53.9150754045032],[-122.809995049494,53.9151554782002],[-122.809983507697,53.9151625065779],[-122.810040424004,53.9151946660204],[-122.809938698581,53.9152569900641]]]},"properties":{"OBJECTID":112423,"Name":null,"Description":null,"BuildingType":1,"FloorCount":null,"Shape__Area":189.733642578125}},{"type":"Feature","id":112068,"geometry":{"type":"Polygon","coordinates":[[[-122.803567038262,53.9142853738974],[-122.803352749468,53.9142864972339],[-122.803351640213,53.9142017919133],[-122.803565532702,53.914200676919],[-122.803567038262,53.9142853738974]]]},"properties":{"OBJECTID":112068,"Name":null,"Description":null,"BuildingType":1,"FloorCount":null,"Shape__Area":132.53173828125}},{"type":"Feature","id":111945,"geometry":{"type":"Polygon","coordinates":[[[-122.80331750672,53.913790415278],[-122.80357234823,53.9137897358429],[-122.803572956828,53.9138806510997],[-122.803494840616,53.9138807659797],[-122.803494844725,53.9138896192288],[-122.803363442848,53.9138898894969],[-122.803363259516,53.9138770632302],[-122.80331820989,53.9138772860629],[-122.80331750672,53.913790415278]]]},"properties":{"OBJECTID":111945,"Name":null,"Description":null,"BuildingType":1,"FloorCount":null,"Shape__Area":176.28271484375}},{"type":"Feature","id":111994,"geometry":{"type":"Polygon","coordinates":[[[-122.805105409587,53.9140323227897],[-122.805044855389,53.9139227139417],[-122.805182850287,53.9138960995287],[-122.805243617444,53.9140058165096],[-122.805105409587,53.9140323227897]]]},"properties":{"OBJECTID":111994,"Name":null,"Description":null,"BuildingType":1,"FloorCount":null,"Shape__Area":122.451416015625}},{"type":"Feature","id":112990,"geometry":{"type":"Polygon","coordinates":[[[-122.80966819912,53.9169613537725],[-122.80977326796,53.9170588249577],[-122.809657569897,53.9171023775264],[-122.809590936649,53.9170402812648],[-122.809513123005,53.917069638695],[-122.80947503849,53.9170341114059],[-122.80966819912,53.9169613537725]]]},"properties":{"OBJECTID":112990,"Name":null,"Description":null,"BuildingType":1,"FloorCount":null,"Shape__Area":144.01953125}},{"type":"Feature","id":112609,"geometry":{"type":"Polygon","coordinates":[[[-122.804381469409,53.91598220221],[-122.80424102948,53.9158203680433],[-122.804380123255,53.9157783418239],[-122.804492442733,53.9159076382154],[-122.804464952718,53.9159160602118],[-122.804492998393,53.9159483909845],[-122.804381469409,53.91598220221]]]},"properties":{"OBJECTID":112609,"Name":null,"Description":null,"BuildingType":1,"FloorCount":null,"Shape__Area":199.40771484375}},{"type":"Feature","id":112658,"geometry":{"type":"Polygon","coordinates":[[[-122.80261180455,53.916036973962],[-122.802638866482,53.9159160211705],[-122.802789431986,53.9159277822223],[-122.802743845076,53.9161319879861],[-122.802599183887,53.9161207129505],[-122.802617785064,53.9160375949797],[-122.80261180455,53.916036973962]]]},"properties":{"OBJECTID":112658,"Name":null,"Description":null,"BuildingType":1,"FloorCount":null,"Shape__Area":224.9736328125}},{"type":"Feature","id":112300,"geometry":{"type":"Polygon","coordinates":[[[-122.812342841443,53.9149069199452],[-122.812195462791,53.9148230376786],[-122.812296069109,53.9147614469938],[-122.812341596296,53.9147873408429],[-122.812360144809,53.9147760448697],[-122.812461798743,53.91483394296],[-122.812342841443,53.9149069199452]]]},"properties":{"OBJECTID":112300,"Name":null,"Description":null,"BuildingType":1,"FloorCount":null,"Shape__Area":144.206298828125}},{"type":"Feature","id":112964,"geometry":{"type":"Polygon","coordinates":[[[-122.805095075945,53.916908620264],[-122.805140754696,53.9169832593223],[-122.805095505825,53.9169928570457],[-122.805102305298,53.917004013273],[-122.80497225794,53.917031710073],[-122.804965412779,53.9170205627523],[-122.804921200363,53.9170299014396],[-122.804876837122,53.9169572867487],[-122.804917636039,53.9169485806849],[-122.804891164269,53.9169050175014],[-122.805004629608,53.9168808621251],[-122.80503007479,53.9169225720771],[-122.805095075945,53.916908620264]]]},"properties":{"OBJECTID":112964,"Name":null,"Description":null,"BuildingType":1,"FloorCount":null,"Shape__Area":185.538330078125}},{"type":"Feature","id":113966,"geometry":{"type":"Polygon","coordinates":[[[-122.815257701939,53.9194912047129],[-122.81525885535,53.9193609965614],[-122.815399756719,53.9193615278041],[-122.815398512548,53.9194916998649],[-122.815257701939,53.9194912047129]]]},"properties":{"OBJECTID":113966,"Name":null,"Description":null,"BuildingType":1,"FloorCount":null,"Shape__Area":134.002197265625}},{"type":"Feature","id":113325,"geometry":{"type":"Polygon","coordinates":[[[-122.808455068747,53.9178534940236],[-122.808529723055,53.9178728744751],[-122.8085848586,53.9177989277442],[-122.808660303656,53.9178185161002],[-122.808682930754,53.917788163529],[-122.808727321772,53.9177997029981],[-122.808707344789,53.9178265454687],[-122.808690798871,53.9178222497857],[-122.808660741571,53.9178626032154],[-122.80869041166,53.9178703172952],[-122.80866813841,53.9178998615061],[-122.808617506795,53.9179677844657],[-122.808519234802,53.9179422635251],[-122.808512248819,53.9179516718695],[-122.808403073122,53.9179233022098],[-122.808455068747,53.9178534940236]]]},"properties":{"OBJECTID":113325,"Name":null,"Description":null,"BuildingType":1,"FloorCount":null,"Shape__Area":205.734619140625}},{"type":"Feature","id":114364,"geometry":{"type":"Polygon","coordinates":[[[-122.803073389878,53.9209827626786],[-122.803078608455,53.9208477616936],[-122.80321451416,53.9208496023049],[-122.803209432723,53.9209846754245],[-122.803073389878,53.9209827626786]]]},"properties":{"OBJECTID":114364,"Name":null,"Description":null,"BuildingType":1,"FloorCount":null,"Shape__Area":134.235107421875}},{"type":"Feature","id":111925,"geometry":{"type":"Polygon","coordinates":[[[-122.805727834667,53.913735071432],[-122.805855293302,53.913734729286],[-122.805856166533,53.9138746928161],[-122.805728859923,53.913874990269],[-122.805727834667,53.913735071432]]]},"properties":{"OBJECTID":111925,"Name":null,"Description":null,"BuildingType":1,"FloorCount":null,"Shape__Area":130.2763671875}},{"type":"Feature","id":113674,"geometry":{"type":"Polygon","coordinates":[[[-122.805562068355,53.9185701095753],[-122.805621954117,53.918772914139],[-122.805465508093,53.9187889651594],[-122.80545531453,53.918754515406],[-122.805365849833,53.9187635921935],[-122.805324074422,53.9186218098068],[-122.805419419603,53.9186119696054],[-122.805411686133,53.9185854872506],[-122.805562068355,53.9185701095753]]]},"properties":{"OBJECTID":113674,"Name":null,"Description":null,"BuildingType":1,"FloorCount":null,"Shape__Area":333.180908203125}},{"type":"Feature","id":111261,"geometry":{"type":"Polygon","coordinates":[[[-122.814328254969,53.9120102324018],[-122.814412925794,53.9119799386869],[-122.814407984266,53.9119751224355],[-122.814493935962,53.9119443273113],[-122.814563177729,53.9120119166414],[-122.81448831162,53.912038621395],[-122.814497270102,53.9120473446682],[-122.814401635933,53.912081585235],[-122.814328254969,53.9120102324018]]]},"properties":{"OBJECTID":111261,"Name":null,"Description":null,"BuildingType":1,"FloorCount":null,"Shape__Area":119.2890625}},{"type":"Feature","id":111092,"geometry":{"type":"Polygon","coordinates":[[[-122.814835524652,53.9116236660072],[-122.814619693777,53.9116633388954],[-122.814553012184,53.9115368457688],[-122.814671074785,53.9115150612011],[-122.814694473063,53.9115597859689],[-122.81479237809,53.9115418440313],[-122.814835524652,53.9116236660072]]]},"properties":{"OBJECTID":111092,"Name":null,"Description":null,"BuildingType":1,"FloorCount":null,"Shape__Area":183.889404296875}},{"type":"Feature","id":111753,"geometry":{"type":"Polygon","coordinates":[[[-122.815225289805,53.913320574619],[-122.815060562466,53.9134246454872],[-122.81489687756,53.9133341172001],[-122.815001240241,53.9132682696875],[-122.815077387508,53.913310379197],[-122.815137919114,53.9132722821161],[-122.815225289805,53.913320574619]]]},"properties":{"OBJECTID":111753,"Name":null,"Description":null,"BuildingType":1,"FloorCount":null,"Shape__Area":193.5166015625}},{"type":"Feature","id":112615,"geometry":{"type":"Polygon","coordinates":[[[-122.809476739213,53.9158912644894],[-122.809477661637,53.9160130541559],[-122.809325561627,53.9160134778751],[-122.80932456303,53.9158917959428],[-122.809476739213,53.9158912644894]]]},"properties":{"OBJECTID":112615,"Name":null,"Description":null,"BuildingType":1,"FloorCount":null,"Shape__Area":135.346435546875}},{"type":"Feature","id":112492,"geometry":{"type":"Polygon","coordinates":[[[-122.80596371421,53.9155389613207],[-122.805962196087,53.9154197951611],[-122.806128789672,53.9154190126154],[-122.806130414093,53.9155383407292],[-122.80596371421,53.9155389613207]]]},"properties":{"OBJECTID":112492,"Name":null,"Description":null,"BuildingType":1,"FloorCount":null,"Shape__Area":145.22900390625}},{"type":"Feature","id":113107,"geometry":{"type":"Polygon","coordinates":[[[-122.806199036542,53.9173228598464],[-122.806369966318,53.9172684342414],[-122.806437848328,53.9173426861577],[-122.806421166335,53.9173481509725],[-122.806441510633,53.9173705460509],[-122.806340081453,53.9174027395402],[-122.806320115292,53.917380893326],[-122.806267128788,53.9173976964217],[-122.806199036542,53.9173228598464]]]},"properties":{"OBJECTID":113107,"Name":null,"Description":null,"BuildingType":1,"FloorCount":null,"Shape__Area":141.574462890625}},{"type":"Feature","id":113156,"geometry":{"type":"Polygon","coordinates":[[[-122.80251401992,53.9173360731235],[-122.802722782769,53.917457584249],[-122.802623092911,53.9175174157365],[-122.802414268983,53.9173959402906],[-122.80251401992,53.9173360731235]]]},"properties":{"OBJECTID":113156,"Name":null,"Description":null,"BuildingType":1,"FloorCount":null,"Shape__Area":179.846923828125}},{"type":"Feature","id":112392,"geometry":{"type":"Polygon","coordinates":[[[-122.80469174867,53.9151647128144],[-122.804502689905,53.9151219366041],[-122.80455653214,53.9150387858057],[-122.804745712842,53.9150814632616],[-122.80469174867,53.9151647128144]]]},"properties":{"OBJECTID":112392,"Name":null,"Description":null,"BuildingType":1,"FloorCount":null,"Shape__Area":131.817626953125}},{"type":"Feature","id":112380,"geometry":{"type":"Polygon","coordinates":[[[-122.80664279418,53.9151488962124],[-122.806642224757,53.9150249858862],[-122.806774528186,53.9150247674069],[-122.806775082277,53.9151487855642],[-122.80664279418,53.9151488962124]]]},"properties":{"OBJECTID":112380,"Name":null,"Description":null,"BuildingType":1,"FloorCount":null,"Shape__Area":119.8486328125}},{"type":"Feature","id":113803,"geometry":{"type":"Polygon","coordinates":[[[-122.806587798424,53.919027496236],[-122.806395018249,53.9190477053443],[-122.806354532703,53.9189126304943],[-122.806547357205,53.9188925833074],[-122.806587798424,53.919027496236]]]},"properties":{"OBJECTID":113803,"Name":null,"Description":null,"BuildingType":1,"FloorCount":null,"Shape__Area":196.135986328125}},{"type":"Feature","id":114052,"geometry":{"type":"Polygon","coordinates":[[[-122.804034677031,53.9197371437575],[-122.803715560372,53.9197343216836],[-122.803717752238,53.9196435818669],[-122.803768591469,53.9196439166111],[-122.803770178306,53.9195782704525],[-122.803985409262,53.919580077995],[-122.803983882363,53.9196460028838],[-122.804036852726,53.9196464578375],[-122.804034677031,53.9197371437575]]]},"properties":{"OBJECTID":114052,"Name":null,"Description":null,"BuildingType":1,"FloorCount":null,"Shape__Area":315.159423828125}},{"type":"Feature","id":112629,"geometry":{"type":"Polygon","coordinates":[[[-122.803074362924,53.9160550443513],[-122.802831951593,53.9160320146695],[-122.802855703209,53.9159446268002],[-122.802976383547,53.9159560958765],[-122.80298117084,53.9159385140964],[-122.803102703197,53.9159501102764],[-122.803074362924,53.9160550443513]]]},"properties":{"OBJECTID":112629,"Name":null,"Description":null,"BuildingType":1,"FloorCount":null,"Shape__Area":174.74853515625}},{"type":"Feature","id":112143,"geometry":{"type":"Polygon","coordinates":[[[-122.813646130057,53.9144556815307],[-122.813436153856,53.9143430496885],[-122.813524528169,53.9142857352615],[-122.813734473513,53.914398447795],[-122.813646130057,53.9144556815307]]]},"properties":{"OBJECTID":112143,"Name":null,"Description":null,"BuildingType":1,"FloorCount":null,"Shape__Area":160.63525390625}},{"type":"Feature","id":96740,"geometry":{"type":"Polygon","coordinates":[[[-122.812431896843,53.9106213166583],[-122.81240808813,53.910539748713],[-122.812514316971,53.9105290030989],[-122.812537882277,53.9106105796313],[-122.812431896843,53.9106213166583]]]},"properties":{"OBJECTID":96740,"Name":null,"Description":null,"BuildingType":6,"FloorCount":null,"Shape__Area":65.1181640625}},{"type":"Feature","id":111788,"geometry":{"type":"Polygon","coordinates":[[[-122.802640012011,53.9134872059526],[-122.802341172686,53.9134882963538],[-122.80233986431,53.9133849404499],[-122.802416366028,53.9133847877133],[-122.802416188326,53.9133740556722],[-122.802577323307,53.9133733409824],[-122.802577686795,53.9133866529031],[-122.802638720801,53.9133865105477],[-122.802640012011,53.9134872059526]]]},"properties":{"OBJECTID":111788,"Name":null,"Description":null,"BuildingType":1,"FloorCount":null,"Shape__Area":237.09326171875}},{"type":"Feature","id":112286,"geometry":{"type":"Polygon","coordinates":[[[-122.801725003898,53.9147584444137],[-122.801987785057,53.9147702748517],[-122.801976494274,53.9148559214552],[-122.801765420045,53.9148463155157],[-122.801767173177,53.9148329711373],[-122.801715710258,53.9148305492808],[-122.801725003898,53.9147584444137]]]},"properties":{"OBJECTID":112286,"Name":null,"Description":null,"BuildingType":1,"FloorCount":null,"Shape__Area":160.1845703125}},{"type":"Feature","id":112237,"geometry":{"type":"Polygon","coordinates":[[[-122.8052113494,53.9146159637326],[-122.8054134061,53.9146133791691],[-122.805409873088,53.914711819686],[-122.805334430941,53.9147127759865],[-122.805281162247,53.9147221540559],[-122.805156012669,53.9147229397562],[-122.805154629245,53.9146538283039],[-122.805211886927,53.9146509461415],[-122.8052113494,53.9146159637326]]]},"properties":{"OBJECTID":112237,"Name":null,"Description":null,"BuildingType":1,"FloorCount":null,"Shape__Area":178.77587890625}},{"type":"Feature","id":111739,"geometry":{"type":"Polygon","coordinates":[[[-122.804839957805,53.9132455439937],[-122.804990912318,53.9132437669053],[-122.804994825244,53.9133580654809],[-122.804843672282,53.9133598692162],[-122.804839957805,53.9132455439937]]]},"properties":{"OBJECTID":111739,"Name":null,"Description":null,"BuildingType":1,"FloorCount":null,"Shape__Area":126.2412109375}},{"type":"Feature","id":112784,"geometry":{"type":"Polygon","coordinates":[[[-122.815363066993,53.91656141354],[-122.815072267798,53.9165573529009],[-122.815075438554,53.9164737688483],[-122.815131494458,53.9164745112806],[-122.81513232902,53.9164544691969],[-122.815243938431,53.9164559352333],[-122.815243350352,53.9164718881308],[-122.81536642328,53.9164736053783],[-122.815363066993,53.91656141354]]]},"properties":{"OBJECTID":112784,"Name":null,"Description":null,"BuildingType":1,"FloorCount":null,"Shape__Area":197.962646484375}},{"type":"Feature","id":112180,"geometry":{"type":"Polygon","coordinates":[[[-122.812707759505,53.9145431136435],[-122.812908574084,53.9144197239815],[-122.813013494006,53.9144792265712],[-122.812902720045,53.9145474981236],[-122.812958239728,53.9145790697857],[-122.812879861899,53.9146272045845],[-122.812816627505,53.9145913065927],[-122.812805025037,53.9145984250278],[-122.812707759505,53.9145431136435]]]},"properties":{"OBJECTID":112180,"Name":null,"Description":null,"BuildingType":1,"FloorCount":null,"Shape__Area":219.059326171875}},{"type":"Feature","id":113176,"geometry":{"type":"Polygon","coordinates":[[[-122.803425083718,53.9175566337798],[-122.80341160648,53.9173983589826],[-122.803568497032,53.9173937082221],[-122.803572250117,53.9174375041794],[-122.803550276522,53.9174381693057],[-122.80355995608,53.9175525312118],[-122.803425083718,53.9175566337798]]]},"properties":{"OBJECTID":113176,"Name":null,"Description":null,"BuildingType":1,"FloorCount":null,"Shape__Area":163.434326171875}},{"type":"Feature","id":97438,"geometry":{"type":"Polygon","coordinates":[[[-122.807022464017,53.9201258885502],[-122.80702622989,53.9203163334734],[-122.806788535559,53.9203178747551],[-122.806787586054,53.9202662907904],[-122.806891297344,53.9202656306938],[-122.806888801468,53.9201267702452],[-122.807022464017,53.9201258885502]]]},"properties":{"OBJECTID":97438,"Name":null,"Description":null,"BuildingType":6,"FloorCount":null,"Shape__Area":225.343017578125}},{"type":"Feature","id":111453,"geometry":{"type":"Polygon","coordinates":[[[-122.802601904808,53.9126545878725],[-122.802603019614,53.9125602329942],[-122.802866963981,53.9125614035896],[-122.802865905741,53.9126503387594],[-122.802824193243,53.912650180397],[-122.802824076879,53.9126554921526],[-122.802601904808,53.9126545878725]]]},"properties":{"OBJECTID":111453,"Name":null,"Description":null,"BuildingType":1,"FloorCount":null,"Shape__Area":180.2998046875}},{"type":"Feature","id":112486,"geometry":{"type":"Polygon","coordinates":[[[-122.808507371612,53.9154204381205],[-122.808722536574,53.9154187227537],[-122.808725385248,53.915531635302],[-122.808550917964,53.9155328672892],[-122.808550625748,53.9155268538112],[-122.808509958233,53.9155272743278],[-122.808507371612,53.9154204381205]]]},"properties":{"OBJECTID":112486,"Name":null,"Description":null,"BuildingType":1,"FloorCount":null,"Shape__Area":175.698486328125}},{"type":"Feature","id":112572,"geometry":{"type":"Polygon","coordinates":[[[-122.809394555493,53.9158710367783],[-122.809389992387,53.9157229782195],[-122.809532991358,53.915721560287],[-122.809537403458,53.9158694568155],[-122.809394555493,53.9158710367783]]]},"properties":{"OBJECTID":112572,"Name":null,"Description":null,"BuildingType":1,"FloorCount":null,"Shape__Area":154.60302734375}},{"type":"Feature","id":112523,"geometry":{"type":"Polygon","coordinates":[[[-122.803426589196,53.915667166427],[-122.803456664496,53.9155264536323],[-122.803558559585,53.9155339815731],[-122.803566592005,53.9154963976533],[-122.803713445559,53.9155072706468],[-122.803680316166,53.915663096431],[-122.803565210265,53.915654558299],[-122.803571764459,53.9156237669355],[-122.803552481375,53.915622306292],[-122.803541055578,53.9156757216218],[-122.803426589196,53.915667166427]]]},"properties":{"OBJECTID":112523,"Name":null,"Description":null,"BuildingType":1,"FloorCount":null,"Shape__Area":274.111083984375}},{"type":"Feature","id":114195,"geometry":{"type":"Polygon","coordinates":[[[-122.811947067003,53.9201680619154],[-122.811754377029,53.9201642457133],[-122.811759419939,53.9200755864784],[-122.811986382043,53.9200799237094],[-122.811982594913,53.9201501414356],[-122.811947911892,53.9201494669576],[-122.811947067003,53.9201680619154]]]},"properties":{"OBJECTID":114195,"Name":null,"Description":null,"BuildingType":1,"FloorCount":null,"Shape__Area":142.701171875}},{"type":"Feature","id":113219,"geometry":{"type":"Polygon","coordinates":[[[-122.812264903909,53.917592358073],[-122.812388000973,53.9174909045082],[-122.812511353849,53.9175429312684],[-122.812387065271,53.9176452908909],[-122.812367856602,53.9176371446666],[-122.81233003319,53.9176683640024],[-122.812242499637,53.9176313402005],[-122.812281377551,53.9175992506989],[-122.812264903909,53.917592358073]]]},"properties":{"OBJECTID":113219,"Name":null,"Description":null,"BuildingType":1,"FloorCount":null,"Shape__Area":169.447509765625}},{"type":"Feature","id":113960,"geometry":{"type":"Polygon","coordinates":[[[-122.811277416787,53.9194628604431],[-122.811112779069,53.9194619454883],[-122.811114610578,53.9193327900354],[-122.811279232481,53.9193337229393],[-122.811277416787,53.9194628604431]]]},"properties":{"OBJECTID":113960,"Name":null,"Description":null,"BuildingType":1,"FloorCount":null,"Shape__Area":155.37109375}},{"type":"Feature","id":113462,"geometry":{"type":"Polygon","coordinates":[[[-122.801715017417,53.9181679405397],[-122.801978185133,53.918137995124],[-122.802004580887,53.9182196771672],[-122.801741443852,53.9182494698944],[-122.801715017417,53.9181679405397]]]},"properties":{"OBJECTID":113462,"Name":null,"Description":null,"BuildingType":1,"FloorCount":null,"Shape__Area":162.6865234375}},{"type":"Feature","id":110806,"geometry":{"type":"Polygon","coordinates":[[[-122.803291226232,53.9107168042516],[-122.803295568393,53.9108359122541],[-122.803152340787,53.9108376549316],[-122.803148104495,53.910718780787],[-122.803291226232,53.9107168042516]]]},"properties":{"OBJECTID":110806,"Name":null,"Description":null,"BuildingType":1,"FloorCount":null,"Shape__Area":124.57080078125}},{"type":"Feature","id":111796,"geometry":{"type":"Polygon","coordinates":[[[-122.815251834162,53.9135151800404],[-122.815095269445,53.9134220923936],[-122.815257323394,53.9133269784632],[-122.81532609343,53.9133677102796],[-122.815264490792,53.9134035767676],[-122.815352787472,53.9134560230855],[-122.815251834162,53.9135151800404]]]},"properties":{"OBJECTID":111796,"Name":null,"Description":null,"BuildingType":1,"FloorCount":null,"Shape__Area":172.61669921875}},{"type":"Feature","id":111204,"geometry":{"type":"Polygon","coordinates":[[[-122.801659215811,53.9117324858485],[-122.80180487372,53.9117325555622],[-122.801804556098,53.9119025283681],[-122.801671517899,53.911902461521],[-122.801671496209,53.9118652688653],[-122.801659119451,53.9118652753881],[-122.801659215811,53.9117324858485]]]},"properties":{"OBJECTID":111204,"Name":null,"Description":null,"BuildingType":1,"FloorCount":null,"Shape__Area":177.44873046875}},{"type":"Feature","id":111155,"geometry":{"type":"Polygon","coordinates":[[[-122.801898215752,53.9118243878619],[-122.801901794682,53.9117340187543],[-122.802103628762,53.911736985039],[-122.802103015199,53.9117508436269],[-122.802156659453,53.9117515432065],[-122.80215375303,53.9118156952385],[-122.802107188208,53.9118148725031],[-122.802106443456,53.9118274995095],[-122.801898215752,53.9118243878619]]]},"properties":{"OBJECTID":111155,"Name":null,"Description":null,"BuildingType":1,"FloorCount":null,"Shape__Area":159.017822265625}},{"type":"Feature","id":113362,"geometry":{"type":"Polygon","coordinates":[[[-122.812677788736,53.9179944633041],[-122.812786835214,53.9178992431075],[-122.81285188532,53.9179251761671],[-122.812878557793,53.9179020105686],[-122.812966800847,53.9179372463864],[-122.812927685036,53.9179715108468],[-122.812900980723,53.9179609262572],[-122.812804819676,53.9180449675246],[-122.812677788736,53.9179944633041]]]},"properties":{"OBJECTID":113362,"Name":null,"Description":null,"BuildingType":1,"FloorCount":null,"Shape__Area":153.48583984375}},{"type":"Feature","id":111347,"geometry":{"type":"Polygon","coordinates":[[[-122.803739172132,53.9120370663249],[-122.803874722641,53.9120371349842],[-122.803874351785,53.9121390320826],[-122.803893122751,53.9121389818451],[-122.803892776522,53.9121738909276],[-122.803906081837,53.9121739216431],[-122.80390579643,53.9122380959669],[-122.803887284558,53.9122380747249],[-122.803886968621,53.9122697661288],[-122.803738720281,53.9122698115533],[-122.803739172132,53.9120370663249]]]},"properties":{"OBJECTID":111347,"Name":null,"Description":null,"BuildingType":1,"FloorCount":null,"Shape__Area":252.923583984375}},{"type":"Feature","id":114003,"geometry":{"type":"Polygon","coordinates":[[[-122.811255817925,53.9194882626924],[-122.811257587182,53.919595627773],[-122.811119663912,53.9195963187302],[-122.811118122916,53.9194890618629],[-122.811255817925,53.9194882626924]]]},"properties":{"OBJECTID":114003,"Name":null,"Description":null,"BuildingType":1,"FloorCount":null,"Shape__Area":108.069091796875}},{"type":"Feature","id":113170,"geometry":{"type":"Polygon","coordinates":[[[-122.804957298744,53.9175038464429],[-122.804729561325,53.9175513467593],[-122.80467509648,53.9174606226148],[-122.804733757426,53.917448242584],[-122.804726519545,53.9174364205075],[-122.804895977312,53.9174010582768],[-122.804957298744,53.9175038464429]]]},"properties":{"OBJECTID":113170,"Name":null,"Description":null,"BuildingType":1,"FloorCount":null,"Shape__Area":186.721435546875}},{"type":"Feature","id":111988,"geometry":{"type":"Polygon","coordinates":[[[-122.812687759995,53.9139499423075],[-122.81278519219,53.9138927953456],[-122.8128679605,53.9139418104175],[-122.812914928531,53.9139143082236],[-122.812977425485,53.9139514903128],[-122.812938150728,53.9139744655437],[-122.812944497768,53.9139782054758],[-122.812856040773,53.9140301444893],[-122.812826097861,53.9140123823541],[-122.812809428901,53.9140222252641],[-122.812687759995,53.9139499423075]]]},"properties":{"OBJECTID":111988,"Name":null,"Description":null,"BuildingType":1,"FloorCount":null,"Shape__Area":148.906982421875}},{"type":"Feature","id":111447,"geometry":{"type":"Polygon","coordinates":[[[-122.802002318798,53.9125539950469],[-122.80222237612,53.9125577192064],[-122.802222298344,53.9125645140559],[-122.802268392834,53.9125651741862],[-122.802265034214,53.912638061867],[-122.80221668709,53.9126372811806],[-122.802216029366,53.9126508251119],[-122.801998026243,53.912647212185],[-122.802002318798,53.9125539950469]]]},"properties":{"OBJECTID":111447,"Name":null,"Description":null,"BuildingType":1,"FloorCount":null,"Shape__Area":174.453857421875}},{"type":"Feature","id":112386,"geometry":{"type":"Polygon","coordinates":[[[-122.806535792238,53.9151560491523],[-122.806323665145,53.9151529838511],[-122.806327107085,53.9150704790016],[-122.806479557152,53.9150726392202],[-122.806482202994,53.9150107786591],[-122.806552459999,53.9150118266107],[-122.806550123405,53.9150726810086],[-122.806538994778,53.9150725462367],[-122.806535792238,53.9151560491523]]]},"properties":{"OBJECTID":112386,"Name":null,"Description":null,"BuildingType":1,"FloorCount":null,"Shape__Area":159.689453125}},{"type":"Feature","id":111081,"geometry":{"type":"Polygon","coordinates":[[[-122.810342933338,53.9111774888416],[-122.810496697597,53.9112696165907],[-122.810512770304,53.911260213472],[-122.810596242013,53.9113101660058],[-122.810583298118,53.9113177944338],[-122.810615195849,53.9113369084312],[-122.810600405709,53.9113454687082],[-122.810630709095,53.9113636813802],[-122.810643759233,53.9113561250191],[-122.810711395589,53.9113967318767],[-122.810726643925,53.9113878397498],[-122.810810996575,53.9114383507815],[-122.810798923005,53.9114454053675],[-122.810863295828,53.911483975694],[-122.810798746375,53.9115215340064],[-122.810816494267,53.9115322128255],[-122.810771741132,53.9115583425249],[-122.810757499989,53.9115498443374],[-122.810653631004,53.9116103500501],[-122.810614505902,53.9115869912871],[-122.810629799917,53.911578117221],[-122.810565579194,53.9115395919502],[-122.810548346451,53.9115496493743],[-122.810471979529,53.9115039683662],[-122.81048893752,53.9114940723045],[-122.810424125098,53.9114551595367],[-122.810406922599,53.9114652619288],[-122.810324877924,53.911416165385],[-122.810340294538,53.9114071117878],[-122.810281297408,53.9113716235916],[-122.810265010911,53.9113811521744],[-122.810223958228,53.9113566128007],[-122.81023456665,53.9113503918472],[-122.810146525498,53.9112976994659],[-122.810224476197,53.9112524329446],[-122.81020677449,53.9112417001819],[-122.810272499851,53.9112033441058],[-122.810285283058,53.9112110221341],[-122.810342933338,53.9111774888416]]]},"properties":{"OBJECTID":111081,"Name":null,"Description":null,"BuildingType":1,"FloorCount":null,"Shape__Area":943.550048828125}},{"type":"Feature","id":112077,"geometry":{"type":"Polygon","coordinates":[[[-122.80188831752,53.9142052919546],[-122.801888902183,53.9142940590299],[-122.801694972016,53.9142944040663],[-122.801694917288,53.9142738213115],[-122.801657784324,53.9142739577255],[-122.801657505825,53.9141913659534],[-122.801873420784,53.9141907516567],[-122.801873306444,53.9142052582019],[-122.80188831752,53.9142052919546]]]},"properties":{"OBJECTID":112077,"Name":null,"Description":null,"BuildingType":1,"FloorCount":null,"Shape__Area":167.015380859375}},{"type":"Feature","id":114284,"geometry":{"type":"Polygon","coordinates":[[[-122.815419936193,53.9204375185728],[-122.815223307312,53.9204357152074],[-122.815226146044,53.9203273236713],[-122.815327764556,53.9203281900266],[-122.815326779114,53.9203582715205],[-122.815421987423,53.9203591099627],[-122.815419936193,53.9204375185728]]]},"properties":{"OBJECTID":114284,"Name":null,"Description":null,"BuildingType":1,"FloorCount":null,"Shape__Area":134.938720703125}},{"type":"Feature","id":113336,"geometry":{"type":"Polygon","coordinates":[[[-122.804785981247,53.917990055679],[-122.804716056681,53.917880809008],[-122.804895388413,53.9178409148779],[-122.804933812797,53.9179008467439],[-122.80489345324,53.917909823168],[-122.804924878492,53.9179589579967],[-122.804785981247,53.917990055679]]]},"properties":{"OBJECTID":113336,"Name":null,"Description":null,"BuildingType":1,"FloorCount":null,"Shape__Area":146.867431640625}},{"type":"Feature","id":113027,"geometry":{"type":"Polygon","coordinates":[[[-122.809778102752,53.9172244825143],[-122.809703311115,53.9171115369411],[-122.809844781701,53.9170789366409],[-122.809919771142,53.9171919813082],[-122.809778102752,53.9172244825143]]]},"properties":{"OBJECTID":113027,"Name":null,"Description":null,"BuildingType":1,"FloorCount":null,"Shape__Area":134.708984375}},{"type":"Feature","id":114023,"geometry":{"type":"Polygon","coordinates":[[[-122.806446209472,53.9196400736951],[-122.806365163095,53.9193793523885],[-122.806566342349,53.9193574401379],[-122.806647495773,53.919618323266],[-122.806446209472,53.9196400736951]]]},"properties":{"OBJECTID":114023,"Name":null,"Description":null,"BuildingType":1,"FloorCount":null,"Shape__Area":396.42626953125}},{"type":"Feature","id":111630,"geometry":{"type":"Polygon","coordinates":[[[-122.802993492658,53.9130554874275],[-122.802995216502,53.9129447572976],[-122.803218212166,53.9129456711864],[-122.803216823076,53.9130565636528],[-122.802993492658,53.9130554874275]]]},"properties":{"OBJECTID":111630,"Name":null,"Description":null,"BuildingType":1,"FloorCount":null,"Shape__Area":180.7353515625}},{"type":"Feature","id":112881,"geometry":{"type":"Polygon","coordinates":[[[-122.809343700132,53.9167976968103],[-122.809346527115,53.9166784567313],[-122.809505884295,53.9166797252624],[-122.809502988246,53.9168075488305],[-122.809422692402,53.9168069989967],[-122.809421955986,53.9168416647677],[-122.809296275855,53.9168405664529],[-122.80929711296,53.9167971914143],[-122.809343700132,53.9167976968103]]]},"properties":{"OBJECTID":112881,"Name":null,"Description":null,"BuildingType":1,"FloorCount":null,"Shape__Area":183.800537109375}},{"type":"Feature","id":114215,"geometry":{"type":"Polygon","coordinates":[[[-122.803017910976,53.9200462873003],[-122.803304026322,53.9200442935125],[-122.803306596027,53.9201746334924],[-122.803020511005,53.9201764655517],[-122.803017910976,53.9200462873003]]]},"properties":{"OBJECTID":114215,"Name":null,"Description":null,"BuildingType":1,"FloorCount":null,"Shape__Area":272.34619140625}},{"type":"Feature","id":113528,"geometry":{"type":"Polygon","coordinates":[[[-122.808803321101,53.9183478617543],[-122.809025716897,53.9183497615559],[-122.809023796871,53.9184335181935],[-122.80880143104,53.9184316274245],[-122.808803321101,53.9183478617543]]]},"properties":{"OBJECTID":113528,"Name":null,"Description":null,"BuildingType":1,"FloorCount":null,"Shape__Area":136.1376953125}},{"type":"Feature","id":112858,"geometry":{"type":"Polygon","coordinates":[[[-122.808145341599,53.9167786750981],[-122.808147313348,53.9166574293412],[-122.808313980089,53.9166583605967],[-122.808312100626,53.9167795076346],[-122.808145341599,53.9167786750981]]]},"properties":{"OBJECTID":112858,"Name":null,"Description":null,"BuildingType":1,"FloorCount":null,"Shape__Area":147.661376953125}},{"type":"Feature","id":112864,"geometry":{"type":"Polygon","coordinates":[[[-122.804065827974,53.9167196522764],[-122.804273047658,53.9166603094675],[-122.804333574644,53.9167338135761],[-122.804125974051,53.9167931558677],[-122.804065827974,53.9167196522764]]]},"properties":{"OBJECTID":112864,"Name":null,"Description":null,"BuildingType":1,"FloorCount":null,"Shape__Area":137.572021484375}},{"type":"Feature","id":114161,"geometry":{"type":"Polygon","coordinates":[[[-122.811335920301,53.9199347802221],[-122.811338861859,53.920052357563],[-122.811331370068,53.9200524356745],[-122.811331809648,53.920066385823],[-122.811241696047,53.920067080114],[-122.811241560341,53.9200600332674],[-122.811144457674,53.9200607524528],[-122.811142320861,53.9199707876712],[-122.811230333261,53.9199700362238],[-122.811229681588,53.9199356019686],[-122.81123794974,53.9199355610359],[-122.811237717952,53.9199261861323],[-122.811319456758,53.9199254786874],[-122.811319673177,53.9199348895189],[-122.811335920301,53.9199347802221]]]},"properties":{"OBJECTID":114161,"Name":null,"Description":null,"BuildingType":1,"FloorCount":null,"Shape__Area":164.638427734375}},{"type":"Feature","id":114192,"geometry":{"type":"Polygon","coordinates":[[[-122.801704998222,53.920137863133],[-122.801494994633,53.920137695972],[-122.801495107198,53.9200465572871],[-122.80170419713,53.9200466420472],[-122.801704411217,53.9200560888458],[-122.801751842051,53.9200560323293],[-122.801751907414,53.9201290154381],[-122.801704978842,53.9201290997481],[-122.801704998222,53.920137863133]]]},"properties":{"OBJECTID":114192,"Name":null,"Description":null,"BuildingType":1,"FloorCount":null,"Shape__Area":164.831298828125}},{"type":"Feature","id":112100,"geometry":{"type":"Polygon","coordinates":[[[-122.809666456197,53.91422433401],[-122.809806597619,53.9142274681735],[-122.809801048301,53.9143129088877],[-122.809756292685,53.9143119931176],[-122.809755013721,53.9143321153616],[-122.809709086222,53.9143311078368],[-122.809710188973,53.9143095652003],[-122.809579378881,53.9143066434585],[-122.809580656375,53.9142868627602],[-122.809521591754,53.9142855287382],[-122.809526448966,53.914211789395],[-122.809666833964,53.9142149151199],[-122.809666456197,53.91422433401]]]},"properties":{"OBJECTID":112100,"Name":null,"Description":null,"BuildingType":1,"FloorCount":null,"Shape__Area":181.71826171875}},{"type":"Feature","id":112246,"geometry":{"type":"Polygon","coordinates":[[[-122.813099978722,53.9147600403605],[-122.812945234613,53.9146683998411],[-122.812953921136,53.914663083451],[-122.812917159679,53.9146413469856],[-122.813010519221,53.9145862158156],[-122.813202465615,53.9146997461242],[-122.813099978722,53.9147600403605]]]},"properties":{"OBJECTID":112246,"Name":null,"Description":null,"BuildingType":1,"FloorCount":null,"Shape__Area":166.612548828125}},{"type":"Feature","id":112025,"geometry":{"type":"Polygon","coordinates":[[[-122.811002758324,53.9141743766689],[-122.810903528004,53.914032379856],[-122.811041337699,53.9139988286267],[-122.81108989484,53.9140681490494],[-122.811072108218,53.9140725431949],[-122.811122857436,53.9141453184675],[-122.811002758324,53.9141743766689]]]},"properties":{"OBJECTID":112025,"Name":null,"Description":null,"BuildingType":1,"FloorCount":null,"Shape__Area":156.408447265625}},{"type":"Feature","id":112910,"geometry":{"type":"Polygon","coordinates":[[[-122.813719587352,53.9169153868319],[-122.813486541146,53.9169135061405],[-122.813486422361,53.9169230782369],[-122.813411196126,53.9169225659076],[-122.813413041909,53.9168364002705],[-122.813472052962,53.9168369233669],[-122.81347263054,53.9168166472066],[-122.813571789788,53.9168173854018],[-122.813571456869,53.9168271818675],[-122.813721589232,53.9168282147701],[-122.813719587352,53.9169153868319]]]},"properties":{"OBJECTID":112910,"Name":null,"Description":null,"BuildingType":1,"FloorCount":null,"Shape__Area":203.913330078125}},{"type":"Feature","id":112463,"geometry":{"type":"Polygon","coordinates":[[[-122.813055096189,53.915356660843],[-122.813176459025,53.9152836868999],[-122.813256668197,53.9153303158732],[-122.813231067387,53.9153457445116],[-122.813291915204,53.9153811442258],[-122.813196443216,53.9154385193372],[-122.813055096189,53.915356660843]]]},"properties":{"OBJECTID":112463,"Name":null,"Description":null,"BuildingType":1,"FloorCount":null,"Shape__Area":134.340087890625}},{"type":"Feature","id":111467,"geometry":{"type":"Polygon","coordinates":[[[-122.801700142208,53.9126632227503],[-122.801703266507,53.9125725203519],[-122.801856987373,53.912574400927],[-122.801857346177,53.9125629237593],[-122.801952763281,53.9125640968091],[-122.801949295755,53.9126663213476],[-122.801700142208,53.9126632227503]]]},"properties":{"OBJECTID":111467,"Name":null,"Description":null,"BuildingType":1,"FloorCount":null,"Shape__Area":173.2626953125}},{"type":"Feature","id":113969,"geometry":{"type":"Polygon","coordinates":[[[-122.808206894591,53.9194803853716],[-122.808208146841,53.919379909913],[-122.808191382977,53.9193798561763],[-122.808191761923,53.919350331023],[-122.808173673274,53.9193503021321],[-122.808174549674,53.9192820122944],[-122.808194952539,53.9192820718454],[-122.808195293779,53.919254128529],[-122.80817403843,53.9192540316642],[-122.808174334153,53.919229377903],[-122.808203735531,53.9192294698012],[-122.808204497428,53.9191628964976],[-122.808305764977,53.9191632828812],[-122.808305982534,53.9191490281738],[-122.808363505941,53.9191492637856],[-122.808363285646,53.9191641206884],[-122.80841491638,53.9191643918128],[-122.808415086905,53.9191504246479],[-122.808477878286,53.9191507225368],[-122.808476661634,53.9192535439406],[-122.808490836969,53.9192536024979],[-122.808490424706,53.9192871272835],[-122.808509898699,53.919287203276],[-122.808509102761,53.9193546663428],[-122.808490968595,53.9193546014749],[-122.808490582093,53.9193891509393],[-122.808507056665,53.919389204173],[-122.808506667156,53.9194177586002],[-122.808475621385,53.9194176282017],[-122.808474794847,53.9194817836142],[-122.808382859807,53.9194814931567],[-122.808382757252,53.9194939144839],[-122.808316935263,53.9194936296847],[-122.808317205838,53.919471124029],[-122.80826759952,53.9194709190112],[-122.808267448051,53.9194807157484],[-122.808206894591,53.9194803853716]]]},"properties":{"OBJECTID":113969,"Name":null,"Description":null,"BuildingType":1,"FloorCount":null,"Shape__Area":698.593994140625}},{"type":"Feature","id":113637,"geometry":{"type":"Polygon","coordinates":[[[-122.810455916936,53.9186148110931],[-122.810492055746,53.9185122694746],[-122.810632223785,53.9185295319266],[-122.810595856915,53.9186320732271],[-122.810455916936,53.9186148110931]]]},"properties":{"OBJECTID":113637,"Name":null,"Description":null,"BuildingType":1,"FloorCount":null,"Shape__Area":109.51416015625}},{"type":"Feature","id":112108,"geometry":{"type":"Polygon","coordinates":[[[-122.812323046913,53.914357430879],[-122.812161862327,53.9142666241541],[-122.812174732824,53.9142585280653],[-122.812111589969,53.9142228455558],[-122.812240471482,53.9141431971914],[-122.812309628665,53.9141821157477],[-122.812282148853,53.9141990512441],[-122.812437608298,53.914286631141],[-122.812323046913,53.914357430879]]]},"properties":{"OBJECTID":112108,"Name":null,"Description":null,"BuildingType":1,"FloorCount":null,"Shape__Area":231.31787109375}},{"type":"Feature","id":111954,"geometry":{"type":"Polygon","coordinates":[[[-122.808229471514,53.9137659666524],[-122.808395342701,53.913765233742],[-122.808396874952,53.9139060971042],[-122.808323386059,53.9139063932811],[-122.808322774036,53.9138571916497],[-122.80823026921,53.913857691106],[-122.808229471514,53.9137659666524]]]},"properties":{"OBJECTID":111954,"Name":null,"Description":null,"BuildingType":1,"FloorCount":null,"Shape__Area":137.627197265625}},{"type":"Feature","id":111622,"geometry":{"type":"Polygon","coordinates":[[[-122.805478699983,53.9130549188552],[-122.805479022126,53.9129757704825],[-122.805673324384,53.9129759322618],[-122.805673200727,53.9130550360156],[-122.805478699983,53.9130549188552]]]},"properties":{"OBJECTID":111622,"Name":null,"Description":null,"BuildingType":1,"FloorCount":null,"Shape__Area":112.41650390625}},{"type":"Feature","id":112071,"geometry":{"type":"Polygon","coordinates":[[[-122.802319419215,53.9141874330275],[-122.802582083624,53.9141845575055],[-122.802585219612,53.9142846717061],[-122.802469859412,53.9142857043881],[-122.802322540454,53.9142873135215],[-122.802319419215,53.9141874330275]]]},"properties":{"OBJECTID":112071,"Name":null,"Description":null,"BuildingType":1,"FloorCount":null,"Shape__Area":191.895263671875}},{"type":"Feature","id":114075,"geometry":{"type":"Polygon","coordinates":[[[-122.81588824501,53.9196869081559],[-122.816089849967,53.9196851228345],[-122.816092797695,53.9198077962893],[-122.815898516399,53.9198095029624],[-122.815897663419,53.9197749605692],[-122.815857981909,53.9197753041957],[-122.815856876565,53.9197289151616],[-122.815889446924,53.9197286595029],[-122.81588824501,53.9196869081559]]]},"properties":{"OBJECTID":114075,"Name":null,"Description":null,"BuildingType":1,"FloorCount":null,"Shape__Area":189.839111328125}},{"type":"Feature","id":114278,"geometry":{"type":"Polygon","coordinates":[[[-122.815883604486,53.9203436580127],[-122.816113761196,53.9203421680822],[-122.816115230922,53.9204200517993],[-122.815801036139,53.9204219611417],[-122.815799897272,53.9203451475059],[-122.815827656139,53.9203449743644],[-122.815827472453,53.9203209759847],[-122.815883401311,53.9203206213248],[-122.815883604486,53.9203436580127]]]},"properties":{"OBJECTID":114278,"Name":null,"Description":null,"BuildingType":1,"FloorCount":null,"Shape__Area":187.818603515625}},{"type":"Feature","id":111762,"geometry":{"type":"Polygon","coordinates":[[[-122.811308453735,53.9134673530789],[-122.811072131807,53.9133657489708],[-122.81115621757,53.9132975449853],[-122.811392691841,53.9133990862519],[-122.811308453735,53.9134673530789]]]},"properties":{"OBJECTID":111762,"Name":null,"Description":null,"BuildingType":1,"FloorCount":null,"Shape__Area":180.359619140625}},{"type":"Feature","id":113591,"geometry":{"type":"Polygon","coordinates":[[[-122.806440863781,53.9185046040834],[-122.806245771952,53.918524737322],[-122.806204831498,53.9183861832973],[-122.806400028782,53.9183661581519],[-122.806440863781,53.9185046040834]]]},"properties":{"OBJECTID":113591,"Name":null,"Description":null,"BuildingType":1,"FloorCount":null,"Shape__Area":203.496337890625}},{"type":"Feature","id":111908,"geometry":{"type":"Polygon","coordinates":[[[-122.810017905184,53.9137292078752],[-122.810248577885,53.9137637631686],[-122.810213170944,53.9138466939974],[-122.809922721909,53.9138033076413],[-122.809951897562,53.9137349187092],[-122.810011596644,53.9137438843891],[-122.810017905184,53.9137292078752]]]},"properties":{"OBJECTID":111908,"Name":null,"Description":null,"BuildingType":1,"FloorCount":null,"Shape__Area":180.58203125}},{"type":"Feature","id":113150,"geometry":{"type":"Polygon","coordinates":[[[-122.812719777725,53.9173998520325],[-122.812569457279,53.9175185564744],[-122.812456280565,53.9174687027991],[-122.81252792762,53.9174119112782],[-122.812507869427,53.9174030896455],[-122.812586391119,53.9173410867608],[-122.812719777725,53.9173998520325]]]},"properties":{"OBJECTID":113150,"Name":null,"Description":null,"BuildingType":1,"FloorCount":null,"Shape__Area":167.263427734375}},{"type":"Feature","id":97498,"geometry":{"type":"Polygon","coordinates":[[[-122.807102049177,53.9212696472173],[-122.806870180478,53.9212680791672],[-122.806870061075,53.9212741548981],[-122.806829710917,53.9212738832799],[-122.806829772696,53.9212703960152],[-122.806691424761,53.9212695082988],[-122.806692050835,53.9212361636345],[-122.806677387738,53.9212360681281],[-122.806681556323,53.9210193099896],[-122.806864653582,53.9210205393307],[-122.806865588145,53.9209731108826],[-122.806968625115,53.9209737708773],[-122.806967798002,53.9210210377138],[-122.80712240687,53.9210220411089],[-122.807119956246,53.9211572893785],[-122.807111627398,53.9211572310618],[-122.80711029867,53.9212307691673],[-122.807102746375,53.9212307120972],[-122.807102049177,53.9212696472173]]]},"properties":{"OBJECTID":97498,"Name":null,"Description":null,"BuildingType":6,"FloorCount":null,"Shape__Area":825.634521484375}},{"type":"Feature","id":112211,"geometry":{"type":"Polygon","coordinates":[[[-122.812030124605,53.9145922981587],[-122.811874348258,53.9146903296889],[-122.811864841592,53.9146850118402],[-122.81183661111,53.9147028718278],[-122.811758263058,53.914659417602],[-122.811793425318,53.9146371463703],[-122.811736004558,53.9146053105354],[-122.811885001415,53.9145116906899],[-122.812030124605,53.9145922981587]]]},"properties":{"OBJECTID":112211,"Name":null,"Description":null,"BuildingType":1,"FloorCount":null,"Shape__Area":211.564208984375}},{"type":"Feature","id":112804,"geometry":{"type":"Polygon","coordinates":[[[-122.802973137554,53.9165841761731],[-122.802735924121,53.9165656758233],[-122.802756237558,53.916474588241],[-122.80299329874,53.9164929804448],[-122.802973137554,53.9165841761731]]]},"properties":{"OBJECTID":112804,"Name":null,"Description":null,"BuildingType":1,"FloorCount":null,"Shape__Area":160.667236328125}},{"type":"Feature","id":111968,"geometry":{"type":"Polygon","coordinates":[[[-122.813760173362,53.9138062912538],[-122.813935941229,53.913884130686],[-122.813850278294,53.9139517049997],[-122.813763822249,53.9139134705608],[-122.813728500908,53.9139410720447],[-122.813639142744,53.9139015836738],[-122.813760173362,53.9138062912538]]]},"properties":{"OBJECTID":111968,"Name":null,"Description":null,"BuildingType":1,"FloorCount":null,"Shape__Area":163.8935546875}},{"type":"Feature","id":114132,"geometry":{"type":"Polygon","coordinates":[[[-122.813151484298,53.9199810219086],[-122.813153806479,53.9198462856229],[-122.813288922044,53.9198471249212],[-122.813288421108,53.9198774947728],[-122.813363637466,53.9198779981715],[-122.813362961379,53.9199203398372],[-122.813287881421,53.9199199624829],[-122.813286829495,53.9199816818051],[-122.813151484298,53.9199810219086]]]},"properties":{"OBJECTID":114132,"Name":null,"Description":null,"BuildingType":1,"FloorCount":null,"Shape__Area":156.374267578125}},{"type":"Feature","id":112555,"geometry":{"type":"Polygon","coordinates":[[[-122.815851213281,53.9157390007448],[-122.816129329301,53.9157385011144],[-122.816129879626,53.9158246345214],[-122.815851763587,53.9158250083206],[-122.815851213281,53.9157390007448]]]},"properties":{"OBJECTID":112555,"Name":null,"Description":null,"BuildingType":1,"FloorCount":null,"Shape__Area":174.930419921875}},{"type":"Feature","id":110640,"geometry":{"type":"Polygon","coordinates":[[[-122.813240843519,53.9099405090061],[-122.813537454782,53.9097503420092],[-122.813558381196,53.9097616904788],[-122.813633017736,53.9097139628499],[-122.813620990779,53.9097073469419],[-122.81368483432,53.9096664424484],[-122.813677879402,53.9096626027403],[-122.813718243146,53.9096367887139],[-122.813734066792,53.9096454238287],[-122.813767026332,53.9096243619768],[-122.813782121097,53.9096325914919],[-122.813827873593,53.9096033523429],[-122.813813493132,53.909595384595],[-122.813867092552,53.9095610793386],[-122.813973196828,53.9096188303085],[-122.813998660807,53.9096025114692],[-122.814082183665,53.9096479946025],[-122.814033041933,53.9096794666284],[-122.814044370383,53.9096857039146],[-122.81395942952,53.9097400670056],[-122.813967341307,53.9097444025234],[-122.813933878267,53.9097657243037],[-122.813954288104,53.9097768741662],[-122.813912489005,53.9098036837227],[-122.81389996043,53.9097968873041],[-122.813838147272,53.909836500777],[-122.813815672069,53.9098242421602],[-122.813734012986,53.9098764800071],[-122.813742547186,53.909881202992],[-122.81367755899,53.9099227079395],[-122.81369441504,53.9099319828137],[-122.81365267671,53.9099587474332],[-122.813632312292,53.9099476515186],[-122.81360240534,53.9099668395648],[-122.813585806722,53.9099578706716],[-122.813542633637,53.9099854689158],[-122.813559839085,53.9099949061366],[-122.813504803834,53.910030125807],[-122.813398213279,53.9099720950417],[-122.813331590557,53.9100147657105],[-122.8132794874,53.9099864172334],[-122.813300417616,53.9099730305912],[-122.813240843519,53.9099405090061]]]},"properties":{"OBJECTID":110640,"Name":null,"Description":null,"BuildingType":1,"FloorCount":null,"Shape__Area":1108.8291015625}},{"type":"Feature","id":111327,"geometry":{"type":"Polygon","coordinates":[[[-122.808623780692,53.9122571312483],[-122.808620359575,53.9121762961274],[-122.80866699273,53.9121756064507],[-122.808666579983,53.9121659885634],[-122.808877228121,53.9121629355008],[-122.808881032534,53.9122532895849],[-122.808623780692,53.9122571312483]]]},"properties":{"OBJECTID":111327,"Name":null,"Description":null,"BuildingType":1,"FloorCount":null,"Shape__Area":166.810791015625}},{"type":"Feature","id":111862,"geometry":{"type":"Polygon","coordinates":[[[-122.804985986253,53.9135756701266],[-122.80512608733,53.9135607706453],[-122.80516236137,53.913679606762],[-122.805022092066,53.9136945869051],[-122.804985986253,53.9135756701266]]]},"properties":{"OBJECTID":111862,"Name":null,"Description":null,"BuildingType":1,"FloorCount":null,"Shape__Area":125.73828125}},{"type":"Feature","id":113196,"geometry":{"type":"Polygon","coordinates":[[[-122.815290231949,53.9176061451481],[-122.815076762615,53.9176041178928],[-122.815078838656,53.9175236510244],[-122.815155709313,53.9175243985288],[-122.815156059811,53.9175105394859],[-122.815073342876,53.9175097200631],[-122.815074333908,53.9174783982138],[-122.815165288391,53.9174790865055],[-122.815164953048,53.9174998573869],[-122.81529296407,53.9175011239164],[-122.815290231949,53.9176061451481]]]},"properties":{"OBJECTID":113196,"Name":null,"Description":null,"BuildingType":1,"FloorCount":null,"Shape__Area":170.366455078125}},{"type":"Feature","id":113683,"geometry":{"type":"Polygon","coordinates":[[[-122.810506787491,53.918823171567],[-122.81036149146,53.9188218007419],[-122.810362849111,53.9187708406148],[-122.810371710275,53.918770926511],[-122.810373537499,53.9187036987452],[-122.810591914366,53.9187058679289],[-122.810590192841,53.9187700039735],[-122.810508219299,53.9187692454972],[-122.810506787491,53.918823171567]]]},"properties":{"OBJECTID":113683,"Name":null,"Description":null,"BuildingType":1,"FloorCount":null,"Shape__Area":159.55712890625}},{"type":"Feature","id":113342,"geometry":{"type":"Polygon","coordinates":[[[-122.813729028687,53.9180233861426],[-122.813534802047,53.9179497332135],[-122.813648852107,53.917845064569],[-122.813817541646,53.9179091863412],[-122.813765148877,53.9179573260241],[-122.813790517749,53.9179669646049],[-122.813729028687,53.9180233861426]]]},"properties":{"OBJECTID":113342,"Name":null,"Description":null,"BuildingType":1,"FloorCount":null,"Shape__Area":197.19287109375}},{"type":"Feature","id":112503,"geometry":{"type":"Polygon","coordinates":[[[-122.815356608883,53.9156198595804],[-122.815139493663,53.9156182942021],[-122.815140821003,53.9155452772544],[-122.815192416517,53.9155456263068],[-122.815193237205,53.9155045791042],[-122.81532573521,53.9155054480458],[-122.815324914097,53.9155466210813],[-122.815358133767,53.9155468429344],[-122.815356608883,53.9156198595804]]]},"properties":{"OBJECTID":112503,"Name":null,"Description":null,"BuildingType":1,"FloorCount":null,"Shape__Area":155.735107421875}},{"type":"Feature","id":114175,"geometry":{"type":"Polygon","coordinates":[[[-122.815951615794,53.9201234381437],[-122.815950728099,53.9200033024793],[-122.816095274262,53.9200030385534],[-122.816096147422,53.9201231112778],[-122.815951615794,53.9201234381437]]]},"properties":{"OBJECTID":114175,"Name":null,"Description":null,"BuildingType":1,"FloorCount":null,"Shape__Area":126.8486328125}},{"type":"Feature","id":111029,"geometry":{"type":"Polygon","coordinates":[[[-122.802522693518,53.9114319458056],[-122.802518677878,53.9112698933362],[-122.802553312547,53.9112695458248],[-122.802552595024,53.9112344732058],[-122.802654275509,53.9112336067196],[-122.802655986947,53.9113032850308],[-122.802672033009,53.9113031406258],[-122.802673970083,53.9113863193837],[-122.802660679649,53.9113864143889],[-122.802661992956,53.9114307546827],[-122.802522693518,53.9114319458056]]]},"properties":{"OBJECTID":111029,"Name":null,"Description":null,"BuildingType":1,"FloorCount":null,"Shape__Area":198.37890625}},{"type":"Feature","id":111971,"geometry":{"type":"Polygon","coordinates":[[[-122.811942864093,53.9138996134334],[-122.812080524255,53.913810919017],[-122.812187488365,53.9138688975646],[-122.812155317792,53.913889636635],[-122.812185570905,53.9139060422259],[-122.812116329153,53.9139505326784],[-122.812084527246,53.9139332168523],[-122.812047914109,53.9139566723247],[-122.811942864093,53.9138996134334]]]},"properties":{"OBJECTID":111971,"Name":null,"Description":null,"BuildingType":1,"FloorCount":null,"Shape__Area":145.2578125}},{"type":"Feature","id":111473,"geometry":{"type":"Polygon","coordinates":[[[-122.804255485384,53.9126675140382],[-122.804274469411,53.9125405526083],[-122.804413093623,53.9125478071324],[-122.804393958449,53.9126746245284],[-122.804255485384,53.9126675140382]]]},"properties":{"OBJECTID":111473,"Name":null,"Description":null,"BuildingType":1,"FloorCount":null,"Shape__Area":129.482421875}},{"type":"Feature","id":111805,"geometry":{"type":"Polygon","coordinates":[[[-122.804955281224,53.9133987980832],[-122.805112498516,53.9133991881485],[-122.805112136733,53.9134638117398],[-122.805093974511,53.9134637822637],[-122.805093743446,53.9135134049883],[-122.80495447433,53.9135131519078],[-122.804955281224,53.9133987980832]]]},"properties":{"OBJECTID":111805,"Name":null,"Description":null,"BuildingType":1,"FloorCount":null,"Shape__Area":124.8212890625}},{"type":"Feature","id":112469,"geometry":{"type":"Polygon","coordinates":[[[-122.81611440568,53.9154654659794],[-122.815908209657,53.9154668578046],[-122.815906443749,53.91537682171],[-122.816110569164,53.9153753368369],[-122.816110841022,53.9153862307809],[-122.816166138872,53.9153859199678],[-122.816167465653,53.9154512741759],[-122.816114268294,53.9154516870747],[-122.81611440568,53.9154654659794]]]},"properties":{"OBJECTID":112469,"Name":null,"Description":null,"BuildingType":1,"FloorCount":null,"Shape__Area":161.09814453125}},{"type":"Feature","id":111450,"geometry":{"type":"Polygon","coordinates":[[[-122.808681593912,53.9126615334801],[-122.808683196546,53.912580688394],[-122.808872497639,53.9125821492881],[-122.808870743133,53.9126629941348],[-122.808681593912,53.9126615334801]]]},"properties":{"OBJECTID":111450,"Name":null,"Description":null,"BuildingType":1,"FloorCount":null,"Shape__Area":111.819091796875}},{"type":"Feature","id":112612,"geometry":{"type":"Polygon","coordinates":[[[-122.807388073751,53.9159993307277],[-122.807392955602,53.915878089633],[-122.807403247036,53.9158782319711],[-122.807405465404,53.9158229589613],[-122.807551555068,53.915824936843],[-122.807544638028,53.9160014872017],[-122.807388073751,53.9159993307277]]]},"properties":{"OBJECTID":112612,"Name":null,"Description":null,"BuildingType":1,"FloorCount":null,"Shape__Area":197.802001953125}},{"type":"Feature","id":113608,"geometry":{"type":"Polygon","coordinates":[[[-122.80440170693,53.9184182596024],[-122.804458943476,53.9185318090435],[-122.804321873749,53.9185558265751],[-122.804264851503,53.918442106645],[-122.80440170693,53.9184182596024]]]},"properties":{"OBJECTID":113608,"Name":null,"Description":null,"BuildingType":1,"FloorCount":null,"Shape__Area":123.718505859375}},{"type":"Feature","id":111401,"geometry":{"type":"Polygon","coordinates":[[[-122.814885803393,53.9122890310639],[-122.814994749157,53.9122706475898],[-122.815018508494,53.9123199657451],[-122.815131049943,53.9123009315575],[-122.81517630779,53.912394513037],[-122.815126824343,53.9124028496958],[-122.815146934958,53.9124441987829],[-122.815041553285,53.9124621025288],[-122.8150217154,53.9124210684265],[-122.814955015686,53.9124324344357],[-122.814885803393,53.9122890310639]]]},"properties":{"OBJECTID":111401,"Name":null,"Description":null,"BuildingType":1,"FloorCount":null,"Shape__Area":241.005615234375}},{"type":"Feature","id":111685,"geometry":{"type":"Polygon","coordinates":[[[-122.810247420121,53.9130687593706],[-122.810498043183,53.913003497316],[-122.810557287768,53.9130824071191],[-122.81053498886,53.9130882051931],[-122.810557808908,53.9131186298367],[-122.810359678279,53.9131703040768],[-122.810334408491,53.9131362533372],[-122.810303710984,53.9131442851192],[-122.810247420121,53.9130687593706]]]},"properties":{"OBJECTID":111685,"Name":null,"Description":null,"BuildingType":1,"FloorCount":null,"Shape__Area":224.666015625}},{"type":"Feature","id":112254,"geometry":{"type":"Polygon","coordinates":[[[-122.812165383192,53.9146558666347],[-122.812278312187,53.9147184473201],[-122.812158796973,53.9147936163392],[-122.812046414662,53.9147313419918],[-122.812005833077,53.9147568764678],[-122.811956309004,53.9147294392742],[-122.811996753128,53.9147040034684],[-122.811969751084,53.9146890410125],[-122.812089632572,53.9146136840041],[-122.812165383192,53.9146558666347]]]},"properties":{"OBJECTID":112254,"Name":null,"Description":null,"BuildingType":1,"FloorCount":null,"Shape__Area":212.6396484375}},{"type":"Feature","id":113751,"geometry":{"type":"Polygon","coordinates":[[[-122.81248212189,53.9188033615375],[-122.812708743104,53.9187972887099],[-122.81271394304,53.9188669812051],[-122.812617230627,53.9188695806913],[-122.812621739373,53.9189303829256],[-122.812475993569,53.9189341461364],[-122.812471305827,53.9188725616562],[-122.812487340944,53.9188721013388],[-122.81248212189,53.9188033615375]]]},"properties":{"OBJECTID":113751,"Name":null,"Description":null,"BuildingType":1,"FloorCount":null,"Shape__Area":180.56494140625}},{"type":"Feature","id":112277,"geometry":{"type":"Polygon","coordinates":[[[-122.803346313791,53.9148299768501],[-122.803311900185,53.9147081412388],[-122.803462388416,53.9146933236262],[-122.803476214753,53.9147414413736],[-122.80353753735,53.9147353758993],[-122.803555912678,53.9148004076235],[-122.80349733204,53.9148061270594],[-122.803499909044,53.9148149935051],[-122.803346313791,53.9148299768501]]]},"properties":{"OBJECTID":112277,"Name":null,"Description":null,"BuildingType":1,"FloorCount":null,"Shape__Area":168.08740234375}},{"type":"Feature","id":113322,"geometry":{"type":"Polygon","coordinates":[[[-122.809152578814,53.9179391191818],[-122.809196214259,53.9178192249275],[-122.809347972369,53.9178384756803],[-122.809304413958,53.9179582622546],[-122.809152578814,53.9179391191818]]]},"properties":{"OBJECTID":113322,"Name":null,"Description":null,"BuildingType":1,"FloorCount":null,"Shape__Area":139.046142578125}},{"type":"Feature","id":112326,"geometry":{"type":"Polygon","coordinates":[[[-122.815351281472,53.9150018324309],[-122.815185872164,53.9149417085219],[-122.815259398588,53.914871220442],[-122.815338288144,53.9148998249369],[-122.815364126821,53.9148751025606],[-122.815472291618,53.9149144747289],[-122.81543295177,53.9149523169227],[-122.815411367484,53.9149444461599],[-122.815351281472,53.9150018324309]]]},"properties":{"OBJECTID":112326,"Name":null,"Description":null,"BuildingType":1,"FloorCount":null,"Shape__Area":147.462890625}},{"type":"Feature","id":111636,"geometry":{"type":"Polygon","coordinates":[[[-122.808723479963,53.9129435467873],[-122.808876664279,53.9129432693735],[-122.808876909146,53.9129996698638],[-122.808892894164,53.9129996953032],[-122.808893129366,53.9130715552472],[-122.808724051412,53.9130716905234],[-122.808723479963,53.9129435467873]]]},"properties":{"OBJECTID":111636,"Name":null,"Description":null,"BuildingType":1,"FloorCount":null,"Shape__Area":151.9150390625}},{"type":"Feature","id":111138,"geometry":{"type":"Polygon","coordinates":[[[-122.800925394984,53.9116467927518],[-122.801073156632,53.9116493924876],[-122.801070587782,53.9116966205247],[-122.801085566529,53.9116968610503],[-122.801081912689,53.9117673843596],[-122.801063585117,53.9117670663813],[-122.80106193729,53.9118030788356],[-122.800919944763,53.9118004886507],[-122.800921687648,53.9117669211101],[-122.800851042013,53.9117655366564],[-122.800853463029,53.9117174365367],[-122.800921598098,53.9117185292089],[-122.800925394984,53.9116467927518]]]},"properties":{"OBJECTID":111138,"Name":null,"Description":null,"BuildingType":1,"FloorCount":null,"Shape__Area":196.337158203125}},{"type":"Feature","id":113302,"geometry":{"type":"Polygon","coordinates":[[[-122.802165894834,53.917901612984],[-122.802080055562,53.9177721244118],[-122.802220330459,53.9177397468335],[-122.802306108815,53.917869316098],[-122.802165894834,53.917901612984]]]},"properties":{"OBJECTID":113302,"Name":null,"Description":null,"BuildingType":1,"FloorCount":null,"Shape__Area":153.02001953125}},{"type":"Feature","id":114292,"geometry":{"type":"Polygon","coordinates":[[[-122.81459974111,53.9203646294262],[-122.814760355598,53.9203636908421],[-122.814761699101,53.9204488816687],[-122.814645608207,53.9204495474327],[-122.814645643098,53.9204519832485],[-122.81454554078,53.9204525118057],[-122.814545388085,53.9204423011432],[-122.814440078314,53.920442821571],[-122.814439660009,53.9204169712879],[-122.814369250344,53.9204173568224],[-122.814368381659,53.9203626092561],[-122.814478990652,53.9203619622565],[-122.814478347214,53.9203216318738],[-122.814598960223,53.9203209283126],[-122.81459974111,53.9203646294262]]]},"properties":{"OBJECTID":114292,"Name":null,"Description":null,"BuildingType":1,"FloorCount":null,"Shape__Area":263.52197265625}},{"type":"Feature","id":113153,"geometry":{"type":"Polygon","coordinates":[[[-122.808131715271,53.9175192063655],[-122.807932142084,53.91751839301],[-122.80793292003,53.9174351378801],[-122.808132432083,53.9174359151848],[-122.808131715271,53.9175192063655]]]},"properties":{"OBJECTID":113153,"Name":null,"Description":null,"BuildingType":1,"FloorCount":null,"Shape__Area":121.428466796875}},{"type":"Feature","id":113036,"geometry":{"type":"Polygon","coordinates":[[[-122.81040546359,53.9172490682269],[-122.810273477906,53.9171507821058],[-122.810392870427,53.9170948492344],[-122.810525024142,53.9171930366216],[-122.81040546359,53.9172490682269]]]},"properties":{"OBJECTID":113036,"Name":null,"Description":null,"BuildingType":1,"FloorCount":null,"Shape__Area":139.796142578125}},{"type":"Feature","id":112661,"geometry":{"type":"Polygon","coordinates":[[[-122.806721013651,53.9161522694025],[-122.806444100091,53.9161522099012],[-122.806444406629,53.9160595884419],[-122.806431846264,53.9160595232572],[-122.806432024689,53.9159616885152],[-122.806446808443,53.9159616314506],[-122.806447060158,53.9158380640097],[-122.80670538209,53.915838093583],[-122.806705419869,53.9158727695787],[-122.806722015018,53.9158727873002],[-122.806721998181,53.9159225901124],[-122.806708067451,53.9159225587033],[-122.806707923143,53.9160988592606],[-122.806721168934,53.9160988626032],[-122.806721013651,53.9161522694025]]]},"properties":{"OBJECTID":112661,"Name":null,"Description":null,"BuildingType":1,"FloorCount":null,"Shape__Area":621.435546875}},{"type":"Feature","id":112489,"geometry":{"type":"Polygon","coordinates":[[[-122.806206810426,53.9155354889868],[-122.806203160971,53.9154227188905],[-122.806343831091,53.9154209864158],[-122.806347220939,53.9155340077547],[-122.806206810426,53.9155354889868]]]},"properties":{"OBJECTID":112489,"Name":null,"Description":null,"BuildingType":1,"FloorCount":null,"Shape__Area":115.989013671875}},{"type":"Feature","id":112495,"geometry":{"type":"Polygon","coordinates":[[[-122.804970679902,53.915563534959],[-122.804885742169,53.9154553694888],[-122.805023001829,53.9154177436935],[-122.805073932948,53.9154822438041],[-122.805063642862,53.9154851032808],[-122.805097908944,53.9155286880752],[-122.804970679902,53.915563534959]]]},"properties":{"OBJECTID":112495,"Name":null,"Description":null,"BuildingType":1,"FloorCount":null,"Shape__Area":128.03515625}},{"type":"Feature","id":111928,"geometry":{"type":"Polygon","coordinates":[[[-122.801647672459,53.9137798132485],[-122.801931175211,53.9137803890332],[-122.801930863051,53.913875311459],[-122.801647101101,53.9138746813176],[-122.801647672459,53.9137798132485]]]},"properties":{"OBJECTID":111928,"Name":null,"Description":null,"BuildingType":1,"FloorCount":null,"Shape__Area":196.70068359375}},{"type":"Feature","id":113920,"geometry":{"type":"Polygon","coordinates":[[[-122.804444268112,53.9193686899666],[-122.804445063301,53.9192539137987],[-122.80457838276,53.9192541847382],[-122.804578137581,53.9193001672289],[-122.80462285626,53.9193003298674],[-122.80462221529,53.9193691323854],[-122.804444268112,53.9193686899666]]]},"properties":{"OBJECTID":113920,"Name":null,"Description":null,"BuildingType":1,"FloorCount":null,"Shape__Area":134.3427734375}},{"type":"Feature","id":111828,"geometry":{"type":"Polygon","coordinates":[[[-122.810005400303,53.9134252747257],[-122.810107815175,53.9133978972891],[-122.81014692216,53.913449056259],[-122.81024441236,53.9134232797836],[-122.810306491321,53.9135049804829],[-122.810210782995,53.9135305800634],[-122.810226507231,53.913551232517],[-122.810122630023,53.9135787245871],[-122.810005400303,53.9134252747257]]]},"properties":{"OBJECTID":111828,"Name":null,"Description":null,"BuildingType":1,"FloorCount":null,"Shape__Area":208.572998046875}},{"type":"Feature","id":112369,"geometry":{"type":"Polygon","coordinates":[[[-122.808395032681,53.9151300075011],[-122.808396340077,53.9150206788159],[-122.808535567003,53.9150212693801],[-122.808534350866,53.9151306970806],[-122.808395032681,53.9151300075011]]]},"properties":{"OBJECTID":112369,"Name":null,"Description":null,"BuildingType":1,"FloorCount":null,"Shape__Area":111.328857421875}},{"type":"Feature","id":111287,"geometry":{"type":"Polygon","coordinates":[[[-122.808403472971,53.912205233402],[-122.808404665617,53.9121142940616],[-122.808570492124,53.9121152416109],[-122.808569041367,53.9122061086366],[-122.808403472971,53.912205233402]]]},"properties":{"OBJECTID":111287,"Name":null,"Description":null,"BuildingType":1,"FloorCount":null,"Shape__Area":110.08984375}},{"type":"Feature","id":113820,"geometry":{"type":"Polygon","coordinates":[[[-122.813931800267,53.9190964247973],[-122.813937816124,53.9189727944478],[-122.81401024143,53.9189739851988],[-122.81401372048,53.9189003514597],[-122.814074955368,53.9189013450803],[-122.814076495558,53.9188699701678],[-122.814158329779,53.9188713012282],[-122.814153725927,53.9189719872736],[-122.814177278959,53.9189723832411],[-122.814173945985,53.9190406153895],[-122.814083417649,53.919039207965],[-122.814080716666,53.9190988125569],[-122.813931800267,53.9190964247973]]]},"properties":{"OBJECTID":113820,"Name":null,"Description":null,"BuildingType":1,"FloorCount":null,"Shape__Area":273.465576171875}},{"type":"Feature","id":113279,"geometry":{"type":"Polygon","coordinates":[[[-122.815300674986,53.9178825349329],[-122.815093190383,53.9178834020777],[-122.815093063868,53.9178706837844],[-122.815044858693,53.9178708162799],[-122.815044274428,53.917823870766],[-122.815090074065,53.9178236986148],[-122.815089855712,53.9178007517726],[-122.815174253197,53.9178004053227],[-122.815174117565,53.9177656123507],[-122.815299274492,53.9177651757378],[-122.815300674986,53.9178825349329]]]},"properties":{"OBJECTID":113279,"Name":null,"Description":null,"BuildingType":1,"FloorCount":null,"Shape__Area":174.080078125}},{"type":"Feature","id":114361,"geometry":{"type":"Polygon","coordinates":[[[-122.813320754134,53.9209817541788],[-122.813092468544,53.9209794217495],[-122.813094085642,53.9209241926917],[-122.813116559387,53.9209244254017],[-122.813118300498,53.9208652867337],[-122.813344545131,53.9208676069544],[-122.813342679029,53.920930942851],[-122.813322260805,53.9209307313544],[-122.813320754134,53.9209817541788]]]},"properties":{"OBJECTID":114361,"Name":null,"Description":null,"BuildingType":1,"FloorCount":null,"Shape__Area":190.563232421875}},{"type":"Feature","id":111456,"geometry":{"type":"Polygon","coordinates":[[[-122.805961233812,53.9126651321473],[-122.805961094974,53.9125571493117],[-122.806102143586,53.9125570805302],[-122.806102154683,53.9125875500881],[-122.806149972452,53.9125875823464],[-122.806150253257,53.912665014978],[-122.805961233812,53.9126651321473]]]},"properties":{"OBJECTID":111456,"Name":null,"Description":null,"BuildingType":1,"FloorCount":null,"Shape__Area":138.404052734375}},{"type":"Feature","id":111942,"geometry":{"type":"Polygon","coordinates":[[[-122.806316832328,53.9137671934287],[-122.806316836488,53.913891318585],[-122.806132455454,53.913891317676],[-122.806132565956,53.9138181550219],[-122.806181435179,53.9138182788446],[-122.806181580105,53.9137672538446],[-122.806316832328,53.9137671934287]]]},"properties":{"OBJECTID":111942,"Name":null,"Description":null,"BuildingType":1,"FloorCount":null,"Shape__Area":148.902099609375}},{"type":"Feature","id":114241,"geometry":{"type":"Polygon","coordinates":[[[-122.814522867518,53.9202843552823],[-122.814521911601,53.9201736659451],[-122.814708804482,53.9201731544979],[-122.814709406609,53.9202366200623],[-122.814683079654,53.9202366693222],[-122.81468346496,53.9202837583209],[-122.814522867518,53.9202843552823]]]},"properties":{"OBJECTID":114241,"Name":null,"Description":null,"BuildingType":1,"FloorCount":null,"Shape__Area":142.010986328125}},{"type":"Feature","id":97427,"geometry":{"type":"Polygon","coordinates":[[[-122.807287302002,53.9200359748834],[-122.8072220648,53.9200374700578],[-122.807219835035,53.9200025658668],[-122.807285239672,53.9200010709624],[-122.807287302002,53.9200359748834]]]},"properties":{"OBJECTID":97427,"Name":null,"Description":null,"BuildingType":6,"FloorCount":null,"Shape__Area":16.682861328125}},{"type":"Feature","id":110909,"geometry":{"type":"Polygon","coordinates":[[[-122.815725326327,53.9111517321944],[-122.815723511207,53.9110557099044],[-122.816049145438,53.9110535756583],[-122.816049868833,53.9110933489566],[-122.81601866037,53.9110935348365],[-122.816019361008,53.9111350158323],[-122.81595843577,53.9111354168184],[-122.815958538498,53.9111501394271],[-122.815725326327,53.9111517321944]]]},"properties":{"OBJECTID":110909,"Name":null,"Description":null,"BuildingType":1,"FloorCount":null,"Shape__Area":209.031982421875}},{"type":"Feature","id":111848,"geometry":{"type":"Polygon","coordinates":[[[-122.812642892683,53.913674747739],[-122.812454430593,53.9135698504934],[-122.812540765007,53.9135158412045],[-122.812565336935,53.9135293976046],[-122.812637168892,53.9134841739112],[-122.812801242219,53.9135753979654],[-122.812642892683,53.913674747739]]]},"properties":{"OBJECTID":111848,"Name":null,"Description":null,"BuildingType":1,"FloorCount":null,"Shape__Area":242.808349609375}},{"type":"Feature","id":113259,"geometry":{"type":"Polygon","coordinates":[[[-122.805532052627,53.9176603527976],[-122.805723932376,53.9176196328709],[-122.805795406518,53.9177366561335],[-122.805655938804,53.9177663068224],[-122.805627939116,53.9177203415243],[-122.805575374282,53.9177314375805],[-122.805532052627,53.9176603527976]]]},"properties":{"OBJECTID":113259,"Name":null,"Description":null,"BuildingType":1,"FloorCount":null,"Shape__Area":165.529296875}},{"type":"Feature","id":111587,"geometry":{"type":"Polygon","coordinates":[[[-122.814298347755,53.9130140809667],[-122.814199851449,53.9129551916226],[-122.814254586795,53.9129231080187],[-122.814210159513,53.9128965514711],[-122.814299497045,53.9128442443043],[-122.814442801154,53.91292970861],[-122.814298347755,53.9130140809667]]]},"properties":{"OBJECTID":111587,"Name":null,"Description":null,"BuildingType":1,"FloorCount":null,"Shape__Area":157.3203125}},{"type":"Feature","id":114098,"geometry":{"type":"Polygon","coordinates":[[[-122.811760824372,53.9197870631928],[-122.811982277147,53.9197870775321],[-122.811982254807,53.9199038862341],[-122.81185094232,53.9199037974324],[-122.811850741608,53.9198807068099],[-122.811760905844,53.9198806559171],[-122.811760824372,53.9197870631928]]]},"properties":{"OBJECTID":114098,"Name":null,"Description":null,"BuildingType":1,"FloorCount":null,"Shape__Area":173.682861328125}},{"type":"Feature","id":113900,"geometry":{"type":"Polygon","coordinates":[[[-122.813372755046,53.9193153332475],[-122.813150178749,53.9193151579374],[-122.813150193087,53.9192812550213],[-122.813092729126,53.9192813004246],[-122.8130928835,53.9192194628551],[-122.813282982272,53.9192195338544],[-122.813282765941,53.9192304809675],[-122.813372981006,53.9192305223243],[-122.813372755046,53.9193153332475]]]},"properties":{"OBJECTID":113900,"Name":null,"Description":null,"BuildingType":1,"FloorCount":null,"Shape__Area":174.46337890625}},{"type":"Feature","id":111195,"geometry":{"type":"Polygon","coordinates":[[[-122.815932721511,53.9118283302526],[-122.81617858403,53.9118276822158],[-122.816179377536,53.9119104545152],[-122.815933423151,53.9119111114013],[-122.815932721511,53.9118283302526]]]},"properties":{"OBJECTID":111195,"Name":null,"Description":null,"BuildingType":1,"FloorCount":null,"Shape__Area":148.76953125}},{"type":"Feature","id":112383,"geometry":{"type":"Polygon","coordinates":[[[-122.808559880345,53.9151511856184],[-122.808570343519,53.9150205338708],[-122.808721793867,53.9150248917243],[-122.808717601742,53.9150793616833],[-122.808789559969,53.9150813098417],[-122.808783716837,53.9151572676266],[-122.808559880345,53.9151511856184]]]},"properties":{"OBJECTID":112383,"Name":null,"Description":null,"BuildingType":1,"FloorCount":null,"Shape__Area":185.0205078125}},{"type":"Feature","id":111642,"geometry":{"type":"Polygon","coordinates":[[[-122.807967472,53.9129509418172],[-122.808115947039,53.912951781351],[-122.808115567861,53.9129813604637],[-122.808170768935,53.9129815565114],[-122.808169471846,53.9130586270872],[-122.808119355806,53.9130583582716],[-122.808119166362,53.9130731163697],[-122.807965423976,53.9130721515724],[-122.807967472,53.9129509418172]]]},"properties":{"OBJECTID":111642,"Name":null,"Description":null,"BuildingType":1,"FloorCount":null,"Shape__Area":163.305908203125}},{"type":"Feature","id":113557,"geometry":{"type":"Polygon","coordinates":[[[-122.810386800549,53.9184446749478],[-122.810454833462,53.9183363234771],[-122.810611292666,53.918370392365],[-122.81054289395,53.9184789051314],[-122.810386800549,53.9184446749478]]]},"properties":{"OBJECTID":113557,"Name":null,"Description":null,"BuildingType":1,"FloorCount":null,"Shape__Area":140.8466796875}},{"type":"Feature","id":114049,"geometry":{"type":"Polygon","coordinates":[[[-122.804344412514,53.9197240588203],[-122.804104462593,53.9197234879081],[-122.804106390676,53.9196108527534],[-122.80406537736,53.9195932142018],[-122.804115192404,53.9195358438173],[-122.80416677978,53.9195519806135],[-122.804134758492,53.9195975967005],[-122.804137870611,53.9196028328238],[-122.804304116203,53.9196018904446],[-122.804308439167,53.9195956597788],[-122.804270731324,53.9195549273829],[-122.804324279422,53.9195360049055],[-122.804385038347,53.9195901131057],[-122.804344936253,53.9196055252106],[-122.804344412514,53.9197240588203]]]},"properties":{"OBJECTID":114049,"Name":null,"Description":null,"BuildingType":1,"FloorCount":null,"Shape__Area":272.537353515625}},{"type":"Feature","id":114298,"geometry":{"type":"Polygon","coordinates":[[[-122.813948103423,53.9204604050449],[-122.813946141389,53.9203297696594],[-122.814096537937,53.9203290048824],[-122.814098698825,53.9204595417044],[-122.813948103423,53.9204604050449]]]},"properties":{"OBJECTID":114298,"Name":null,"Description":null,"BuildingType":1,"FloorCount":null,"Shape__Area":143.6123046875}},{"type":"Feature","id":112483,"geometry":{"type":"Polygon","coordinates":[[[-122.808763779493,53.9154156336276],[-122.809021354922,53.9154185332116],[-122.809018725962,53.9155042032195],[-122.808879729978,53.9155026968022],[-122.808879345617,53.9155168523851],[-122.808849598072,53.9155164545052],[-122.808849408667,53.9155312575386],[-122.808760027914,53.9155302973243],[-122.808763779493,53.9154156336276]]]},"properties":{"OBJECTID":112483,"Name":null,"Description":null,"BuildingType":1,"FloorCount":null,"Shape__Area":183.36083984375}},{"type":"Feature","id":111593,"geometry":{"type":"Polygon","coordinates":[[[-122.804432549009,53.9128933310462],[-122.804418241682,53.9130229875414],[-122.804270961406,53.9130172918284],[-122.804276551678,53.9129677946801],[-122.804258362502,53.9129670639644],[-122.804263431904,53.9129215207158],[-122.804194845471,53.9129188473061],[-122.804198676608,53.9128841775991],[-122.804432549009,53.9128933310462]]]},"properties":{"OBJECTID":111593,"Name":null,"Description":null,"BuildingType":1,"FloorCount":null,"Shape__Area":168.231201171875}},{"type":"Feature","id":113757,"geometry":{"type":"Polygon","coordinates":[[[-122.81277373157,53.9188509139065],[-122.812987222928,53.9188494129794],[-122.81298883902,53.9189375253921],[-122.812775483885,53.9189391074273],[-122.81277373157,53.9188509139065]]]},"properties":{"OBJECTID":113757,"Name":null,"Description":null,"BuildingType":1,"FloorCount":null,"Shape__Area":137.49560546875}},{"type":"Feature","id":112675,"geometry":{"type":"Polygon","coordinates":[[[-122.804471576971,53.9160819726089],[-122.80460284601,53.9160464047959],[-122.804698893109,53.9161589926715],[-122.804564167726,53.9161945549643],[-122.804526720613,53.9161800951464],[-122.804526445728,53.9161476747674],[-122.804471576971,53.9160819726089]]]},"properties":{"OBJECTID":112675,"Name":null,"Description":null,"BuildingType":1,"FloorCount":null,"Shape__Area":138.012939453125}},{"type":"Feature","id":110760,"geometry":{"type":"Polygon","coordinates":[[[-122.814478906874,53.910612335701],[-122.814489361931,53.9105374812581],[-122.814549343179,53.9105403602044],[-122.814555285461,53.9104979277303],[-122.814577217033,53.9104990132006],[-122.814581607386,53.9104666988918],[-122.814697749345,53.910472315946],[-122.814693206851,53.9105046300242],[-122.814828494839,53.9105113011347],[-122.814815241726,53.9106062665849],[-122.814722157031,53.9106018446822],[-122.814719105875,53.9106239596062],[-122.814478906874,53.910612335701]]]},"properties":{"OBJECTID":110760,"Name":null,"Description":null,"BuildingType":1,"FloorCount":null,"Shape__Area":281.215576171875}},{"type":"Feature","id":112234,"geometry":{"type":"Polygon","coordinates":[[[-122.808570311447,53.9145881451623],[-122.808781099143,53.9145905392481],[-122.80877687753,53.9147214706035],[-122.808657203368,53.9147201295123],[-122.808658543227,53.9146734836091],[-122.808567596604,53.9146724308745],[-122.808570311447,53.9145881451623]]]},"properties":{"OBJECTID":112234,"Name":null,"Description":null,"BuildingType":1,"FloorCount":null,"Shape__Area":170.73388671875}},{"type":"Feature","id":111201,"geometry":{"type":"Polygon","coordinates":[[[-122.807555673578,53.9117238701237],[-122.807553988696,53.9119049230211],[-122.807395330636,53.9119045608012],[-122.807396209942,53.9117796280971],[-122.807409013344,53.9117795317866],[-122.807409438756,53.9117234649136],[-122.807555673578,53.9117238701237]]]},"properties":{"OBJECTID":111201,"Name":null,"Description":null,"BuildingType":1,"FloorCount":null,"Shape__Area":204.999755859375}},{"type":"Feature","id":113365,"geometry":{"type":"Polygon","coordinates":[[[-122.803800647501,53.9180158455819],[-122.80360094762,53.9180350502148],[-122.803578461977,53.9179533479533],[-122.803778267551,53.9179342513871],[-122.803800647501,53.9180158455819]]]},"properties":{"OBJECTID":113365,"Name":null,"Description":null,"BuildingType":1,"FloorCount":null,"Shape__Area":122.317626953125}},{"type":"Feature","id":111742,"geometry":{"type":"Polygon","coordinates":[[[-122.815962572863,53.9133107683039],[-122.816234521341,53.9132307146384],[-122.816298752696,53.9133067530489],[-122.816026545315,53.913386743546],[-122.815962572863,53.9133107683039]]]},"properties":{"OBJECTID":111742,"Name":null,"Description":null,"BuildingType":1,"FloorCount":null,"Shape__Area":188.6181640625}},{"type":"Feature","id":114398,"geometry":{"type":"Polygon","coordinates":[[[-122.805581956421,53.9209095525197],[-122.805788246444,53.9209462609351],[-122.805742209256,53.9210362197997],[-122.805752585678,53.9210380072291],[-122.805722130604,53.9210973330403],[-122.805578127872,53.921071564953],[-122.805609769827,53.9210091761732],[-122.805537547775,53.9209963052083],[-122.805581956421,53.9209095525197]]]},"properties":{"OBJECTID":114398,"Name":null,"Description":null,"BuildingType":1,"FloorCount":null,"Shape__Area":214.209716796875}},{"type":"Feature","id":111153,"geometry":{"type":"Polygon","coordinates":[[[-122.807672580799,53.91173909445],[-122.807937426748,53.9117384217834],[-122.807938005552,53.9118179850676],[-122.807879896943,53.9118180898544],[-122.807880017748,53.9118348887426],[-122.807673189101,53.911835321657],[-122.807672580799,53.91173909445]]]},"properties":{"OBJECTID":111153,"Name":null,"Description":null,"BuildingType":1,"FloorCount":null,"Shape__Area":179.27685546875}},{"type":"Feature","id":112481,"geometry":{"type":"Polygon","coordinates":[[[-122.808192288883,53.9154248787243],[-122.808406073575,53.9154220382125],[-122.808409608187,53.9155179554416],[-122.808196234238,53.9155207606638],[-122.808192288883,53.9154248787243]]]},"properties":{"OBJECTID":112481,"Name":null,"Description":null,"BuildingType":1,"FloorCount":null,"Shape__Area":149.75634765625}},{"type":"Feature","id":114070,"geometry":{"type":"Polygon","coordinates":[[[-122.80082981197,53.9197625927361],[-122.800829820403,53.9196424494184],[-122.800982327021,53.9196425674184],[-122.800982350034,53.9197625939431],[-122.80082981197,53.9197625927361]]]},"properties":{"OBJECTID":114070,"Name":null,"Description":null,"BuildingType":1,"FloorCount":null,"Shape__Area":133.833251953125}},{"type":"Feature","id":110821,"geometry":{"type":"Polygon","coordinates":[[[-122.81531257624,53.9108415850762],[-122.815088380199,53.9108840052794],[-122.815058647536,53.9108292850866],[-122.815139717734,53.910813923476],[-122.815105425336,53.910750675588],[-122.815250181051,53.9107232870405],[-122.815263227703,53.9107473322129],[-122.815328239136,53.910735001712],[-122.815363906212,53.9108007323561],[-122.81529727938,53.9108134378905],[-122.81531257624,53.9108415850762]]]},"properties":{"OBJECTID":110821,"Name":null,"Description":null,"BuildingType":1,"FloorCount":null,"Shape__Area":207.509765625}},{"type":"Feature","id":113738,"geometry":{"type":"Polygon","coordinates":[[[-122.815098118566,53.9188322156909],[-122.815326001215,53.9188300676465],[-122.81532828262,53.9189168957559],[-122.815100658697,53.9189189633107],[-122.815098118566,53.9188322156909]]]},"properties":{"OBJECTID":113738,"Name":null,"Description":null,"BuildingType":1,"FloorCount":null,"Shape__Area":144.472412109375}},{"type":"Feature","id":111794,"geometry":{"type":"Polygon","coordinates":[[[-122.807592264346,53.9135004916286],[-122.807449980855,53.9135002456005],[-122.807450189751,53.9134449064295],[-122.807394211027,53.9134448436248],[-122.807394549004,53.9133713937126],[-122.80759291758,53.9133716308108],[-122.807592264346,53.9135004916286]]]},"properties":{"OBJECTID":111794,"Name":null,"Description":null,"BuildingType":1,"FloorCount":null,"Shape__Area":164.064208984375}},{"type":"Feature","id":112435,"geometry":{"type":"Polygon","coordinates":[[[-122.813225740555,53.9152293318661],[-122.813052733557,53.9153300165564],[-122.812898750407,53.9152379906853],[-122.813005129072,53.9151759050725],[-122.813116080453,53.9152421310357],[-122.813182678169,53.915203568022],[-122.813225740555,53.9152293318661]]]},"properties":{"OBJECTID":112435,"Name":null,"Description":null,"BuildingType":1,"FloorCount":null,"Shape__Area":166.249267578125}},{"type":"Feature","id":111771,"geometry":{"type":"Polygon","coordinates":[[[-122.80327859942,53.9134717246888],[-122.803278815325,53.91338691367],[-122.803482283921,53.9133871749007],[-122.803482068048,53.9134720668123],[-122.80327859942,53.9134717246888]]]},"properties":{"OBJECTID":111771,"Name":null,"Description":null,"BuildingType":1,"FloorCount":null,"Shape__Area":126.17236328125}},{"type":"Feature","id":111270,"geometry":{"type":"Polygon","coordinates":[[[-122.81369534643,53.9120418249134],[-122.813786858383,53.9119864026364],[-122.813926271045,53.912066243999],[-122.813834606546,53.9121217380495],[-122.81369534643,53.9120418249134]]]},"properties":{"OBJECTID":111270,"Name":null,"Description":null,"BuildingType":1,"FloorCount":null,"Shape__Area":109.941162109375}},{"type":"Feature","id":114024,"geometry":{"type":"Polygon","coordinates":[[[-122.815897217627,53.9195405694478],[-122.816114930261,53.919539024489],[-122.816116666868,53.9196150750625],[-122.816079513423,53.9196153417404],[-122.816080363367,53.9196540725611],[-122.815899499644,53.9196552245472],[-122.815897217627,53.9195405694478]]]},"properties":{"OBJECTID":114024,"Name":null,"Description":null,"BuildingType":1,"FloorCount":null,"Shape__Area":172.16552734375}},{"type":"Feature","id":111293,"geometry":{"type":"Polygon","coordinates":[[[-122.804557138883,53.9122124183007],[-122.804432434869,53.9121943829572],[-122.804482795262,53.9120736653561],[-122.804607482918,53.9120918713946],[-122.804557138883,53.9122124183007]]]},"properties":{"OBJECTID":111293,"Name":null,"Description":null,"BuildingType":1,"FloorCount":null,"Shape__Area":116.602783203125}},{"type":"Feature","id":112387,"geometry":{"type":"Polygon","coordinates":[[[-122.806295621876,53.915156129383],[-122.806124162558,53.9151525181304],[-122.806132528191,53.9150096124758],[-122.806199738526,53.9150110332139],[-122.806197137936,53.9150564546783],[-122.806221068883,53.9150569426987],[-122.806220504558,53.9150670263927],[-122.806300791943,53.9150686749],[-122.806295621876,53.915156129383]]]},"properties":{"OBJECTID":112387,"Name":null,"Description":null,"BuildingType":1,"FloorCount":null,"Shape__Area":138.759521484375}},{"type":"Feature","id":112719,"geometry":{"type":"Polygon","coordinates":[[[-122.808095345786,53.9163394746274],[-122.808094579723,53.9162043828763],[-122.808230510836,53.9162040787066],[-122.808231013352,53.9162671936596],[-122.80827813506,53.9162672059797],[-122.808278597423,53.9163391022012],[-122.808095345786,53.9163394746274]]]},"properties":{"OBJECTID":112719,"Name":null,"Description":null,"BuildingType":1,"FloorCount":null,"Shape__Area":159.1064453125}},{"type":"Feature","id":113383,"geometry":{"type":"Polygon","coordinates":[[[-122.804442672865,53.9179049285139],[-122.80454404327,53.9180554187915],[-122.804418354439,53.9180847489213],[-122.804358553672,53.9179954989808],[-122.804341436832,53.9179994168524],[-122.804300338751,53.9179383569333],[-122.804442672865,53.9179049285139]]]},"properties":{"OBJECTID":113383,"Name":null,"Description":null,"BuildingType":1,"FloorCount":null,"Shape__Area":168.424560546875}},{"type":"Feature","id":112644,"geometry":{"type":"Polygon","coordinates":[[[-122.81453481396,53.9161045595992],[-122.814529882713,53.9159839322406],[-122.814681761766,53.9159817938581],[-122.814686770212,53.9161022775204],[-122.81453481396,53.9161045595992]]]},"properties":{"OBJECTID":112644,"Name":null,"Description":null,"BuildingType":1,"FloorCount":null,"Shape__Area":133.916748046875}},{"type":"Feature","id":114233,"geometry":{"type":"Polygon","coordinates":[[[-122.804411737035,53.9200675301272],[-122.804656252619,53.9200657529802],[-122.804657211676,53.9201767030759],[-122.804689614525,53.9201993787067],[-122.804607869649,53.9202469004013],[-122.80456806097,53.9202221903855],[-122.804622860949,53.920186408225],[-122.804608910693,53.9201804713905],[-122.804412945639,53.9201803321708],[-122.804411737035,53.9200675301272]]]},"properties":{"OBJECTID":114233,"Name":null,"Description":null,"BuildingType":1,"FloorCount":null,"Shape__Area":233.3759765625}},{"type":"Feature","id":112667,"geometry":{"type":"Polygon","coordinates":[[[-122.809542925255,53.9161716441216],[-122.809309574475,53.9161707255486],[-122.809310280353,53.9161060216326],[-122.809402603632,53.9161063569423],[-122.809403231392,53.9160587751538],[-122.809544182943,53.916059205498],[-122.809542925255,53.9161716441216]]]},"properties":{"OBJECTID":112667,"Name":null,"Description":null,"BuildingType":1,"FloorCount":null,"Shape__Area":159.476806640625}},{"type":"Feature","id":111677,"geometry":{"type":"Polygon","coordinates":[[[-122.815526480152,53.9130861975716],[-122.815719031102,53.9130105260979],[-122.81579474758,53.9130779358893],[-122.815602212274,53.9131534726868],[-122.815526480152,53.9130861975716]]]},"properties":{"OBJECTID":111677,"Name":null,"Description":null,"BuildingType":1,"FloorCount":null,"Shape__Area":136.599853515625}},{"type":"Feature","id":112195,"geometry":{"type":"Polygon","coordinates":[[[-122.808149573821,53.9145799597318],[-122.808316859042,53.914580334718],[-122.808316082244,53.9146701691523],[-122.808149223319,53.9146697139538],[-122.808149573821,53.9145799597318]]]},"properties":{"OBJECTID":112195,"Name":null,"Description":null,"BuildingType":1,"FloorCount":null,"Shape__Area":109.6357421875}},{"type":"Feature","id":112272,"geometry":{"type":"Polygon","coordinates":[[[-122.800785304696,53.9147056932507],[-122.801026857365,53.9147153424279],[-122.801015914704,53.9148106157349],[-122.800779308757,53.9148011185516],[-122.800780524127,53.9147888698387],[-122.800719896232,53.9147864233631],[-122.800727562971,53.9147206254915],[-122.800783396696,53.9147227224641],[-122.800785304696,53.9147056932507]]]},"properties":{"OBJECTID":112272,"Name":null,"Description":null,"BuildingType":1,"FloorCount":null,"Shape__Area":195.471923828125}},{"type":"Feature","id":112026,"geometry":{"type":"Polygon","coordinates":[[[-122.804582000886,53.9140022879655],[-122.804692421803,53.9141362639028],[-122.804563389287,53.9141734443234],[-122.804453060366,53.9140393965134],[-122.804582000886,53.9140022879655]]]},"properties":{"OBJECTID":112026,"Name":null,"Description":null,"BuildingType":1,"FloorCount":null,"Shape__Area":156.285400390625}},{"type":"Feature","id":112936,"geometry":{"type":"Polygon","coordinates":[[[-122.805936045795,53.9169387978775],[-122.806073297339,53.9168347670993],[-122.806229511841,53.916906555209],[-122.806140695914,53.9169736785008],[-122.80607781175,53.9169448241762],[-122.806060928238,53.9169576588237],[-122.806031225915,53.9169440029336],[-122.805999643649,53.9169680399159],[-122.805936045795,53.9169387978775]]]},"properties":{"OBJECTID":112936,"Name":null,"Description":null,"BuildingType":1,"FloorCount":null,"Shape__Area":155.122314453125}},{"type":"Feature","id":114187,"geometry":{"type":"Polygon","coordinates":[[[-122.813189220538,53.920147027026],[-122.813186578324,53.9200260347418],[-122.813334920435,53.9200247733808],[-122.813337729326,53.92014604455],[-122.813189220538,53.920147027026]]]},"properties":{"OBJECTID":114187,"Name":null,"Description":null,"BuildingType":1,"FloorCount":null,"Shape__Area":131.39453125}},{"type":"Feature","id":111631,"geometry":{"type":"Polygon","coordinates":[[[-122.808635591637,53.9129470199685],[-122.808638495498,53.9130644266857],[-122.808489736725,53.9130656186481],[-122.808489328458,53.9130417187354],[-122.80844164533,53.9130420920867],[-122.808439804449,53.9129619875249],[-122.80849357734,53.9129615519815],[-122.808493348659,53.9129483121987],[-122.808635591637,53.9129470199685]]]},"properties":{"OBJECTID":111631,"Name":null,"Description":null,"BuildingType":1,"FloorCount":null,"Shape__Area":154.711181640625}},{"type":"Feature","id":110844,"geometry":{"type":"Polygon","coordinates":[[[-122.802404108148,53.9108601186236],[-122.802635519647,53.9108624495896],[-122.802632425901,53.9109761885048],[-122.802518058977,53.9109751286393],[-122.802518853619,53.9109422156414],[-122.802401837977,53.9109411513093],[-122.802404108148,53.9108601186236]]]},"properties":{"OBJECTID":110844,"Name":null,"Description":null,"BuildingType":1,"FloorCount":null,"Shape__Area":164.453369140625}},{"type":"Feature","id":111508,"geometry":{"type":"Polygon","coordinates":[[[-122.801386160938,53.9127060443183],[-122.80137581556,53.9126243975965],[-122.801633747077,53.9126126810588],[-122.801642897851,53.9126830907032],[-122.801594170962,53.912685338117],[-122.801595715986,53.9126966206918],[-122.801386160938,53.9127060443183]]]},"properties":{"OBJECTID":111508,"Name":null,"Description":null,"BuildingType":1,"FloorCount":null,"Shape__Area":150.932373046875}},{"type":"Feature","id":112713,"geometry":{"type":"Polygon","coordinates":[[[-122.809541538504,53.9163224795254],[-122.809299861246,53.9163210084452],[-122.809300679609,53.9162717192303],[-122.809383365326,53.9162721471071],[-122.809383905022,53.916240563925],[-122.809397546381,53.9162406395047],[-122.809398423559,53.9161984689246],[-122.809589675269,53.9161997879621],[-122.809588581713,53.9162661360785],[-122.809542252932,53.9162658558884],[-122.809541538504,53.9163224795254]]]},"properties":{"OBJECTID":112713,"Name":null,"Description":null,"BuildingType":1,"FloorCount":null,"Shape__Area":190.89111328125}},{"type":"Feature","id":112049,"geometry":{"type":"Polygon","coordinates":[[[-122.814030045989,53.914160866068],[-122.814132577145,53.9141002565203],[-122.814310602221,53.9142050810521],[-122.814208207486,53.9142658257826],[-122.814030045989,53.914160866068]]]},"properties":{"OBJECTID":112049,"Name":null,"Description":null,"BuildingType":1,"FloorCount":null,"Shape__Area":157.5146484375}},{"type":"Feature","id":114041,"geometry":{"type":"Polygon","coordinates":[[[-122.814698242194,53.919687190157],[-122.81451626853,53.9196879428733],[-122.814467572253,53.9197090794595],[-122.814404211165,53.9196585136427],[-122.8144446463,53.9196358453375],[-122.814507743191,53.9196395290412],[-122.814511974774,53.9196054798442],[-122.814702774042,53.919605927175],[-122.814698242194,53.919687190157]]]},"properties":{"OBJECTID":114041,"Name":null,"Description":null,"BuildingType":1,"FloorCount":null,"Shape__Area":151.864501953125}},{"type":"Feature","id":111811,"geometry":{"type":"Polygon","coordinates":[[[-122.809675241536,53.9133737087128],[-122.809808978712,53.9133717454823],[-122.809811138012,53.9134225584226],[-122.80990092089,53.9134211456461],[-122.809905429757,53.9135245065192],[-122.809708918237,53.9135275208748],[-122.809705727845,53.9134490320537],[-122.809678185766,53.913449401858],[-122.809675241536,53.9133737087128]]]},"properties":{"OBJECTID":111811,"Name":null,"Description":null,"BuildingType":1,"FloorCount":null,"Shape__Area":203.14794921875}},{"type":"Feature","id":112072,"geometry":{"type":"Polygon","coordinates":[[[-122.802730517661,53.9142660714921],[-122.802728676471,53.9141786505671],[-122.802995217737,53.9141768950299],[-122.802997529159,53.9142874430074],[-122.802865163641,53.9142884032311],[-122.802864649255,53.9142650873517],[-122.802730517661,53.9142660714921]]]},"properties":{"OBJECTID":112072,"Name":null,"Description":null,"BuildingType":1,"FloorCount":null,"Shape__Area":192.675537109375}},{"type":"Feature","id":111124,"geometry":{"type":"Polygon","coordinates":[[[-122.812471035592,53.9117698548765],[-122.812453651696,53.9116846118825],[-122.81250768194,53.9116807235277],[-122.812500322158,53.9116448676324],[-122.812642219073,53.9116348427078],[-122.81266699351,53.9117559865481],[-122.812471035592,53.9117698548765]]]},"properties":{"OBJECTID":111124,"Name":null,"Description":null,"BuildingType":1,"FloorCount":null,"Shape__Area":161.6171875}},{"type":"Feature","id":112464,"geometry":{"type":"Polygon","coordinates":[[[-122.810154443314,53.9153991359401],[-122.809942227823,53.9154353277502],[-122.809901891935,53.9153526995881],[-122.809994317003,53.9153369549658],[-122.809981796325,53.9153114270406],[-122.810101829648,53.9152910342488],[-122.810154443314,53.9153991359401]]]},"properties":{"OBJECTID":112464,"Name":null,"Description":null,"BuildingType":1,"FloorCount":null,"Shape__Area":163.0400390625}},{"type":"Feature","id":111917,"geometry":{"type":"Polygon","coordinates":[[[-122.802279278198,53.9138607227466],[-122.802068933529,53.9138588572592],[-122.80206922413,53.9138521346666],[-122.8019780193,53.9138513641325],[-122.801980212383,53.9137643093636],[-122.802214960167,53.9137663500217],[-122.802214661112,53.9137845323821],[-122.80228097477,53.913785180865],[-122.802279278198,53.9138607227466]]]},"properties":{"OBJECTID":111917,"Name":null,"Description":null,"BuildingType":1,"FloorCount":null,"Shape__Area":193.20751953125}},{"type":"Feature","id":111857,"geometry":{"type":"Polygon","coordinates":[[[-122.804418057476,53.9135478811967],[-122.804463413491,53.9136644942895],[-122.804322226442,53.9136836066301],[-122.804301182749,53.9136290777096],[-122.804289986347,53.9136304975535],[-122.804265902606,53.9135684496506],[-122.804418057476,53.9135478811967]]]},"properties":{"OBJECTID":111857,"Name":null,"Description":null,"BuildingType":1,"FloorCount":null,"Shape__Area":131.88330078125}},{"type":"Feature","id":113778,"geometry":{"type":"Polygon","coordinates":[[[-122.801807690563,53.9188058770285],[-122.801753913525,53.9189405821473],[-122.801687190488,53.9189314210151],[-122.801675971165,53.9189598496857],[-122.801573658743,53.9189455244981],[-122.801618881418,53.9188328620195],[-122.801637003501,53.9188354265849],[-122.801657188292,53.9187850728791],[-122.801807690563,53.9188058770285]]]},"properties":{"OBJECTID":113778,"Name":null,"Description":null,"BuildingType":1,"FloorCount":null,"Shape__Area":190.64404296875}},{"type":"Feature","id":112498,"geometry":{"type":"Polygon","coordinates":[[[-122.810117628234,53.9155974621928],[-122.809905378461,53.915594043504],[-122.809908486224,53.9155265840465],[-122.810006786006,53.9155281507287],[-122.810008699385,53.9154856402327],[-122.81012251263,53.915487330231],[-122.810117628234,53.9155974621928]]]},"properties":{"OBJECTID":112498,"Name":null,"Description":null,"BuildingType":1,"FloorCount":null,"Shape__Area":140.147216796875}},{"type":"Feature","id":111909,"geometry":{"type":"Polygon","coordinates":[[[-122.812893575759,53.9138514663806],[-122.81281722173,53.9137741579163],[-122.813064096101,53.9136892817075],[-122.813127643,53.9137538160271],[-122.813076609091,53.9137713891557],[-122.813089066599,53.9137841086771],[-122.812893575759,53.9138514663806]]]},"properties":{"OBJECTID":111909,"Name":null,"Description":null,"BuildingType":1,"FloorCount":null,"Shape__Area":180.26171875}},{"type":"Feature","id":111322,"geometry":{"type":"Polygon","coordinates":[[[-122.807676687221,53.9121673823513],[-122.807831619076,53.9121671809759],[-122.807831746111,53.9121560899067],[-122.807960614476,53.9121560174275],[-122.807960943903,53.9122401732085],[-122.807877852987,53.9122402110772],[-122.807877901799,53.9122527944465],[-122.807676978734,53.9122530390795],[-122.807676687221,53.9121673823513]]]},"properties":{"OBJECTID":111322,"Name":null,"Description":null,"BuildingType":1,"FloorCount":null,"Shape__Area":180.592041015625}},{"type":"Feature","id":114227,"geometry":{"type":"Polygon","coordinates":[[[-122.803343483246,53.9200561774195],[-122.803661001873,53.9200593573896],[-122.803658702724,53.920146969181],[-122.803606888814,53.9201465429163],[-122.803605230966,53.9202077937924],[-122.803389633053,53.9202056254482],[-122.803391195569,53.9201420465128],[-122.803341102929,53.9201414791425],[-122.803343483246,53.9200561774195]]]},"properties":{"OBJECTID":114227,"Name":null,"Description":null,"BuildingType":1,"FloorCount":null,"Shape__Area":299.244140625}},{"type":"Feature","id":97508,"geometry":{"type":"Polygon","coordinates":[[[-122.802484573793,53.9213234585976],[-122.801931919799,53.9213216046891],[-122.801933536698,53.9211601549679],[-122.80183733457,53.9211598434774],[-122.801836003835,53.9212993718098],[-122.801646369929,53.9212988160877],[-122.801647598288,53.9211585325914],[-122.801631564523,53.9211584971214],[-122.801632680374,53.9210451686068],[-122.801649718934,53.9210452327002],[-122.801649969061,53.9210245875558],[-122.801832795499,53.9210251050767],[-122.801832659115,53.9210442583923],[-122.802038203099,53.921044992844],[-122.802038452014,53.9210245634102],[-122.802094166272,53.9210247361243],[-122.80209488821,53.9209590166712],[-122.802318779634,53.9209598527798],[-122.802318119591,53.921025437515],[-122.802386944202,53.9210256047079],[-122.80238679623,53.9210472656716],[-122.80250324951,53.921047645978],[-122.802502269918,53.9211616398389],[-122.802485992564,53.9211615950944],[-122.802484573793,53.9213234585976]]]},"properties":{"OBJECTID":97508,"Name":"The Church of Jesus Christ of Latter-day Saints","Description":null,"BuildingType":7,"FloorCount":null,"Shape__Area":1764.106201171875}},{"type":"Feature","id":112212,"geometry":{"type":"Polygon","coordinates":[[[-122.805755413089,53.914694690582],[-122.805751668151,53.9145732468209],[-122.805885406291,53.9145719440873],[-122.80588896984,53.9146931898135],[-122.805755413089,53.914694690582]]]},"properties":{"OBJECTID":112212,"Name":null,"Description":null,"BuildingType":1,"FloorCount":null,"Shape__Area":118.552978515625}},{"type":"Feature","id":113878,"geometry":{"type":"Polygon","coordinates":[[[-122.814682384552,53.9192796024192],[-122.814478295927,53.9192787839926],[-122.814479444654,53.9191707853156],[-122.814509591728,53.9191709577144],[-122.814509821402,53.9191569277175],[-122.814683579815,53.9191575375085],[-122.814682384552,53.9192796024192]]]},"properties":{"OBJECTID":113878,"Name":null,"Description":null,"BuildingType":1,"FloorCount":null,"Shape__Area":178.83251953125}},{"type":"Feature","id":112999,"geometry":{"type":"Polygon","coordinates":[[[-122.815906941373,53.917129376901],[-122.815908073779,53.9170000045503],[-122.816050322892,53.9170003932928],[-122.816049449085,53.9171299188375],[-122.815906941373,53.917129376901]]]},"properties":{"OBJECTID":112999,"Name":null,"Description":null,"BuildingType":1,"FloorCount":null,"Shape__Area":134.685791015625}},{"type":"Feature","id":112109,"geometry":{"type":"Polygon","coordinates":[[[-122.813076457688,53.9142996083113],[-122.813234225294,53.914204733125],[-122.813251081082,53.9142144304921],[-122.813318355483,53.914173945005],[-122.813420824864,53.9142333086109],[-122.813258507735,53.9143310890991],[-122.813241485232,53.9143212117128],[-122.813178835767,53.9143589540043],[-122.813076457688,53.9142996083113]]]},"properties":{"OBJECTID":112109,"Name":null,"Description":null,"BuildingType":1,"FloorCount":null,"Shape__Area":212.86962890625}},{"type":"Feature","id":111030,"geometry":{"type":"Polygon","coordinates":[[[-122.804075307676,53.9112957581672],[-122.804093499613,53.9112957429062],[-122.804093475342,53.911265147486],[-122.804169258155,53.9112648935942],[-122.804169480845,53.9112953904691],[-122.804224133067,53.9112952818434],[-122.804225232778,53.9114344728421],[-122.804076362022,53.9114347783204],[-122.804075307676,53.9112957581672]]]},"properties":{"OBJECTID":111030,"Name":null,"Description":null,"BuildingType":1,"FloorCount":null,"Shape__Area":168.287353515625}},{"type":"Feature","id":112945,"geometry":{"type":"Polygon","coordinates":[[[-122.809471434637,53.9169996634515],[-122.809349285981,53.9168950283695],[-122.809432601002,53.9168611767576],[-122.80946276655,53.9168870203473],[-122.809541948064,53.9168547799518],[-122.809614275721,53.9169167684255],[-122.809537702369,53.9169479793781],[-122.809557357666,53.916964854169],[-122.809471434637,53.9169996634515]]]},"properties":{"OBJECTID":112945,"Name":null,"Description":null,"BuildingType":1,"FloorCount":null,"Shape__Area":147.319580078125}},{"type":"Feature","id":112258,"geometry":{"type":"Polygon","coordinates":[[[-122.809955075444,53.9147685418518],[-122.809992235351,53.914635118957],[-122.810223637545,53.9146576224536],[-122.81020560552,53.9147227753755],[-122.810265412202,53.9147284784305],[-122.810270996438,53.914709028101],[-122.810314671422,53.914713330471],[-122.810308143117,53.9147361767984],[-122.810319708574,53.9147373275619],[-122.810301505691,53.9148032532006],[-122.810177769547,53.9147911215354],[-122.810192684875,53.9147384570972],[-122.810101652322,53.9147294599429],[-122.810087121206,53.914781307064],[-122.809955075444,53.9147685418518]]]},"properties":{"OBJECTID":112258,"Name":null,"Description":null,"BuildingType":1,"FloorCount":null,"Shape__Area":262.38525390625}},{"type":"Feature","id":111717,"geometry":{"type":"Polygon","coordinates":[[[-122.815002000371,53.913213398737],[-122.814908976037,53.9132731967848],[-122.814772333983,53.9131989424438],[-122.814865145212,53.9131391441726],[-122.815002000371,53.913213398737]]]},"properties":{"OBJECTID":111717,"Name":null,"Description":null,"BuildingType":1,"FloorCount":null,"Shape__Area":110.18408203125}},{"type":"Feature","id":114176,"geometry":{"type":"Polygon","coordinates":[[[-122.81402307582,53.9200123948636],[-122.814029732598,53.9201179788349],[-122.813883498053,53.9201211767517],[-122.81388062423,53.9200757736457],[-122.813861711116,53.9200761757606],[-122.813859979869,53.9200477618437],[-122.813850553811,53.9200479539591],[-122.813848624837,53.9200160703472],[-122.81402307582,53.9200123948636]]]},"properties":{"OBJECTID":114176,"Name":null,"Description":null,"BuildingType":1,"FloorCount":null,"Shape__Area":123.558349609375}},{"type":"Feature","id":114058,"geometry":{"type":"Polygon","coordinates":[[[-122.811294541095,53.9196328604324],[-122.811292306202,53.9197570448539],[-122.811133347705,53.9197559231384],[-122.811134720158,53.9196947346297],[-122.811116159505,53.9196946694876],[-122.811117478135,53.9196319169724],[-122.811294541095,53.9196328604324]]]},"properties":{"OBJECTID":114058,"Name":null,"Description":null,"BuildingType":1,"FloorCount":null,"Shape__Area":152.38134765625}},{"type":"Feature","id":110904,"geometry":{"type":"Polygon","coordinates":[[[-122.814280503361,53.9110072253062],[-122.814427722301,53.9109842547002],[-122.814453256896,53.9110414492681],[-122.814565727461,53.9110239524582],[-122.814595860102,53.9110913645381],[-122.814336108927,53.9111318768951],[-122.814280503361,53.9110072253062]]]},"properties":{"OBJECTID":110904,"Name":null,"Description":null,"BuildingType":1,"FloorCount":null,"Shape__Area":202.77294921875}},{"type":"Feature","id":96746,"geometry":{"type":"Polygon","coordinates":[[[-122.811123550736,53.9107493592301],[-122.811038794417,53.9106873250745],[-122.811103403084,53.9106565527126],[-122.811188311504,53.9107186230144],[-122.811123550736,53.9107493592301]]]},"properties":{"OBJECTID":96746,"Name":null,"Description":null,"BuildingType":6,"FloorCount":null,"Shape__Area":48.403564453125}},{"type":"Feature","id":111259,"geometry":{"type":"Polygon","coordinates":[[[-122.80542375675,53.9119479406378],[-122.805380553692,53.9120622437666],[-122.805246744708,53.912044500106],[-122.805289886718,53.9119303047826],[-122.80542375675,53.9119479406378]]]},"properties":{"OBJECTID":111259,"Name":null,"Description":null,"BuildingType":1,"FloorCount":null,"Shape__Area":117.333984375}},{"type":"Feature","id":96769,"geometry":{"type":"Polygon","coordinates":[[[-122.800815263715,53.911007945008],[-122.800816694887,53.910876730574],[-122.800777206774,53.9108765662006],[-122.800779669644,53.9106469431126],[-122.801086287718,53.9106480535983],[-122.801084175186,53.9108523578832],[-122.801702483612,53.9108545938782],[-122.801704215957,53.9106784935159],[-122.802039362066,53.9106796666486],[-122.802037296694,53.9108782006837],[-122.801979692677,53.9108781057089],[-122.801978418573,53.9110122864754],[-122.800815263715,53.911007945008]]]},"properties":{"OBJECTID":96769,"Name":null,"Description":null,"BuildingType":6,"FloorCount":null,"Shape__Area":2237.388916015625}},{"type":"Feature","id":113964,"geometry":{"type":"Polygon","coordinates":[[[-122.810411785409,53.919480039413],[-122.810414626205,53.9193537617401],[-122.810566959253,53.9193549908024],[-122.810564301876,53.9194812148396],[-122.810411785409,53.919480039413]]]},"properties":{"OBJECTID":113964,"Name":null,"Description":null,"BuildingType":1,"FloorCount":null,"Shape__Area":140.6396484375}},{"type":"Feature","id":112919,"geometry":{"type":"Polygon","coordinates":[[[-122.814518277314,53.9169467510104],[-122.814286409501,53.9169434625664],[-122.814291294498,53.916817035121],[-122.81452328413,53.9168201619593],[-122.814518277314,53.9169467510104]]]},"properties":{"OBJECTID":112919,"Name":null,"Description":null,"BuildingType":1,"FloorCount":null,"Shape__Area":214.525146484375}},{"type":"Feature","id":114130,"geometry":{"type":"Polygon","coordinates":[[[-122.81249449868,53.9198538686277],[-122.812755766999,53.919854312207],[-122.812755353265,53.9199705989889],[-122.812606622367,53.9199703130823],[-122.812606480818,53.9199373177198],[-122.812494369057,53.9199371696992],[-122.81249449868,53.9198538686277]]]},"properties":{"OBJECTID":114130,"Name":null,"Description":null,"BuildingType":1,"FloorCount":null,"Shape__Area":194.822998046875}},{"type":"Feature","id":112470,"geometry":{"type":"Polygon","coordinates":[[[-122.815109620258,53.9153534060644],[-122.815329894182,53.9153495835196],[-122.815335675335,53.9154678752681],[-122.815200285927,53.915470183661],[-122.81519838978,53.9154306782233],[-122.815113307198,53.9154321021992],[-122.815109620258,53.9153534060644]]]},"properties":{"OBJECTID":112470,"Name":null,"Description":null,"BuildingType":1,"FloorCount":null,"Shape__Area":166.028564453125}},{"type":"Feature","id":112968,"geometry":{"type":"Polygon","coordinates":[[[-122.815342441543,53.9170572529357],[-122.815126697364,53.9170538291204],[-122.815131637242,53.9169419803577],[-122.815240826263,53.9169436404074],[-122.815239344679,53.9169723010413],[-122.815346219462,53.9169739754108],[-122.815342441543,53.9170572529357]]]},"properties":{"OBJECTID":112968,"Name":null,"Description":null,"BuildingType":1,"FloorCount":null,"Shape__Area":154.224853515625}},{"type":"Feature","id":114413,"geometry":{"type":"Polygon","coordinates":[[[-122.805778216842,53.9210337883452],[-122.805866513495,53.920959141521],[-122.805884796674,53.9209666221687],[-122.805905281192,53.9209492544065],[-122.805968245367,53.9209752597143],[-122.805949794937,53.9209907073305],[-122.806045936312,53.9210303291695],[-122.805897317719,53.9211560296527],[-122.805799717471,53.921115749209],[-122.805857670945,53.9210665344515],[-122.805778216842,53.9210337883452]]]},"properties":{"OBJECTID":114413,"Name":null,"Description":null,"BuildingType":1,"FloorCount":null,"Shape__Area":209.839111328125}},{"type":"Feature","id":111688,"geometry":{"type":"Polygon","coordinates":[[[-122.804803018703,53.9131781903209],[-122.804807332058,53.9130204208509],[-122.804954540635,53.9130219183635],[-122.804950426039,53.9131796252447],[-122.804803018703,53.9131781903209]]]},"properties":{"OBJECTID":111688,"Name":null,"Description":null,"BuildingType":1,"FloorCount":null,"Shape__Area":169.8583984375}},{"type":"Feature","id":112278,"geometry":{"type":"Polygon","coordinates":[[[-122.801135942704,53.9147310814531],[-122.801355497846,53.9147403609821],[-122.801345039498,53.9148267728898],[-122.801121282589,53.914817351563],[-122.80112240854,53.9148078800099],[-122.801067428238,53.9148055778834],[-122.801075969259,53.9147350986579],[-122.801135242508,53.914737461818],[-122.801135942704,53.9147310814531]]]},"properties":{"OBJECTID":112278,"Name":null,"Description":null,"BuildingType":1,"FloorCount":null,"Shape__Area":170.34326171875}},{"type":"Feature","id":113938,"geometry":{"type":"Polygon","coordinates":[[[-122.804211806774,53.9194016838699],[-122.80421185339,53.9192713032196],[-122.804357111261,53.9192713601773],[-122.804357182787,53.9193211990592],[-122.804401673767,53.9193212176001],[-122.804401456278,53.9194035837815],[-122.804343292209,53.9194035249897],[-122.804343225197,53.9194015744726],[-122.804211806774,53.9194016838699]]]},"properties":{"OBJECTID":113938,"Name":null,"Description":null,"BuildingType":1,"FloorCount":null,"Shape__Area":165.277587890625}},{"type":"Feature","id":113274,"geometry":{"type":"Polygon","coordinates":[[[-122.814023882314,53.9177546238757],[-122.813924228622,53.9178440444771],[-122.813840418871,53.9178115036637],[-122.813814752437,53.9178345452025],[-122.813712095561,53.9177946767776],[-122.81383729362,53.9176823314681],[-122.814023882314,53.9177546238757]]]},"properties":{"OBJECTID":113274,"Name":null,"Description":null,"BuildingType":1,"FloorCount":null,"Shape__Area":199.21728515625}},{"type":"Feature","id":111353,"geometry":{"type":"Polygon","coordinates":[[[-122.816214559484,53.9122987208245],[-122.815988350919,53.9122986979856],[-122.815988213808,53.9121775117108],[-122.81608699999,53.9121775102447],[-122.816086943305,53.9122215966112],[-122.816214639309,53.9122215943715],[-122.816214559484,53.9122987208245]]]},"properties":{"OBJECTID":111353,"Name":null,"Description":null,"BuildingType":1,"FloorCount":null,"Shape__Area":159.3427734375}},{"type":"Feature","id":112092,"geometry":{"type":"Polygon","coordinates":[[[-122.806336962591,53.9143191558565],[-122.806333549478,53.9142013168553],[-122.806518152829,53.914199628057],[-122.806520348157,53.9142747268547],[-122.806458397038,53.9142753820253],[-122.806459509582,53.914317933305],[-122.806336962591,53.9143191558565]]]},"properties":{"OBJECTID":112092,"Name":null,"Description":null,"BuildingType":1,"FloorCount":null,"Shape__Area":139.62744140625}},{"type":"Feature","id":113039,"geometry":{"type":"Polygon","coordinates":[[[-122.808923196055,53.9172270171806],[-122.808823827325,53.9171252849999],[-122.808944600616,53.9170841411196],[-122.809046608091,53.9171882142915],[-122.809042704086,53.9171895922448],[-122.809069846356,53.9172173276046],[-122.808959610359,53.9172548032694],[-122.80893016488,53.917224655421],[-122.808923196055,53.9172270171806]]]},"properties":{"OBJECTID":113039,"Name":null,"Description":null,"BuildingType":1,"FloorCount":null,"Shape__Area":152.265869140625}},{"type":"Feature","id":113088,"geometry":{"type":"Polygon","coordinates":[[[-122.809867463962,53.9173578989358],[-122.809825288969,53.9172574445467],[-122.810014012718,53.9172297634288],[-122.810027990863,53.9172630503409],[-122.809993314603,53.9172681276637],[-122.810021785676,53.9173353404568],[-122.809867463962,53.9173578989358]]]},"properties":{"OBJECTID":113088,"Name":null,"Description":null,"BuildingType":1,"FloorCount":null,"Shape__Area":129.106689453125}},{"type":"Feature","id":112490,"geometry":{"type":"Polygon","coordinates":[[[-122.807567439579,53.9154231960118],[-122.807564842228,53.9154847870273],[-122.807542263681,53.9154881213679],[-122.80754265488,53.9155387966785],[-122.807427080457,53.9155360318319],[-122.807422963757,53.9154810812181],[-122.807428442261,53.9154816113107],[-122.80742724097,53.9153621670498],[-122.807579594494,53.9153590766889],[-122.80761152828,53.9153740300557],[-122.807615016082,53.9154035524335],[-122.807587705546,53.9154195074269],[-122.807567439579,53.9154231960118]]]},"properties":{"OBJECTID":112490,"Name":null,"Description":null,"BuildingType":1,"FloorCount":null,"Shape__Area":188.621826171875}},{"type":"Feature","id":113231,"geometry":{"type":"Polygon","coordinates":[[[-122.801595783678,53.9176123985011],[-122.801803295765,53.9174865577972],[-122.801915066917,53.9175508450361],[-122.80175708932,53.9176466037871],[-122.801782598576,53.9176613413677],[-122.80173295825,53.9176912705512],[-122.801595783678,53.9176123985011]]]},"properties":{"OBJECTID":113231,"Name":null,"Description":null,"BuildingType":1,"FloorCount":null,"Shape__Area":211.115478515625}},{"type":"Feature","id":111382,"geometry":{"type":"Polygon","coordinates":[[[-122.80434374155,53.912347538931],[-122.804376366827,53.9122333357923],[-122.804504124975,53.9122461181475],[-122.804471256585,53.9123602939604],[-122.80434374155,53.912347538931]]]},"properties":{"OBJECTID":111382,"Name":null,"Description":null,"BuildingType":1,"FloorCount":null,"Shape__Area":109.572509765625}},{"type":"Feature","id":111190,"geometry":{"type":"Polygon","coordinates":[[[-122.813310923346,53.9118261165468],[-122.813414790914,53.9117720170284],[-122.813531207983,53.9118499356283],[-122.813427263774,53.9119041429844],[-122.813310923346,53.9118261165468]]]},"properties":{"OBJECTID":111190,"Name":null,"Description":null,"BuildingType":1,"FloorCount":null,"Shape__Area":105.270751953125}},{"type":"Feature","id":111780,"geometry":{"type":"Polygon","coordinates":[[[-122.806398629493,53.913487967331],[-122.806396346001,53.9133694470435],[-122.80655688813,53.9133685193327],[-122.806559278686,53.9134870308012],[-122.806398629493,53.913487967331]]]},"properties":{"OBJECTID":111780,"Name":null,"Description":null,"BuildingType":1,"FloorCount":null,"Shape__Area":139.1123046875}},{"type":"Feature","id":113280,"geometry":{"type":"Polygon","coordinates":[[[-122.805129378324,53.9177752235781],[-122.805307907107,53.9177342849144],[-122.805377212601,53.9178394226971],[-122.805250612762,53.917868473592],[-122.805223655649,53.9178275791551],[-122.805171589588,53.9178394128641],[-122.805129378324,53.9177752235781]]]},"properties":{"OBJECTID":113280,"Name":null,"Description":null,"BuildingType":1,"FloorCount":null,"Shape__Area":140.0546875}},{"type":"Feature","id":113944,"geometry":{"type":"Polygon","coordinates":[[[-122.801060265416,53.9192817542203],[-122.801057641102,53.9194110070997],[-122.800852138996,53.9194095609765],[-122.800853225837,53.9193571534271],[-122.800899908303,53.9193574105886],[-122.800901416343,53.9192804663447],[-122.801060265416,53.9192817542203]]]},"properties":{"OBJECTID":113944,"Name":null,"Description":null,"BuildingType":1,"FloorCount":null,"Shape__Area":168.009765625}},{"type":"Feature","id":111139,"geometry":{"type":"Polygon","coordinates":[[[-122.809724492741,53.9116754290766],[-122.80972661752,53.9118175247717],[-122.809561925862,53.9118183512666],[-122.809559999137,53.911676345763],[-122.809724492741,53.9116754290766]]]},"properties":{"OBJECTID":111139,"Name":null,"Description":null,"BuildingType":1,"FloorCount":null,"Shape__Area":170.887451171875}},{"type":"Feature","id":113254,"geometry":{"type":"Polygon","coordinates":[[[-122.808539481727,53.9177466258136],[-122.80852777471,53.917629816339],[-122.808536058703,53.9176295419285],[-122.80852987225,53.9175673706636],[-122.808595032964,53.9175651016863],[-122.808591948296,53.9175338003554],[-122.808650119064,53.9175318258014],[-122.808659164596,53.9176214062011],[-122.808671118181,53.9176210836994],[-122.80868312787,53.9177417135662],[-122.808539481727,53.9177466258136]]]},"properties":{"OBJECTID":113254,"Name":null,"Description":null,"BuildingType":1,"FloorCount":null,"Shape__Area":193.056396484375}},{"type":"Feature","id":112590,"geometry":{"type":"Polygon","coordinates":[[[-122.80813139823,53.9159444171502],[-122.808135700594,53.9158328732164],[-122.808278380661,53.9158346919696],[-122.808274139165,53.9159463258859],[-122.80813139823,53.9159444171502]]]},"properties":{"OBJECTID":112590,"Name":null,"Description":null,"BuildingType":1,"FloorCount":null,"Shape__Area":116.4326171875}},{"type":"Feature","id":112541,"geometry":{"type":"Polygon","coordinates":[[[-122.813734203621,53.915755680376],[-122.813651161369,53.9156337992996],[-122.813799441723,53.9155984275951],[-122.813840207567,53.9156580546623],[-122.813834400642,53.9156594567859],[-122.813876950853,53.9157218459402],[-122.813734203621,53.915755680376]]]},"properties":{"OBJECTID":112541,"Name":null,"Description":null,"BuildingType":1,"FloorCount":null,"Shape__Area":150.67724609375}},{"type":"Feature","id":113746,"geometry":{"type":"Polygon","coordinates":[[[-122.813727503214,53.9187629299241],[-122.813951403338,53.9188071566713],[-122.813882484475,53.9189282807601],[-122.813757497082,53.9189035226461],[-122.813786793396,53.9188518957509],[-122.813688124414,53.9188322925717],[-122.813727503214,53.9187629299241]]]},"properties":{"OBJECTID":113746,"Name":null,"Description":null,"BuildingType":1,"FloorCount":null,"Shape__Area":178.828857421875}},{"type":"Feature","id":113082,"geometry":{"type":"Polygon","coordinates":[[[-122.815134283172,53.9172184750305],[-122.815349218919,53.9172189764702],[-122.815348298261,53.9173344715788],[-122.815205774439,53.9173339737263],[-122.815205734342,53.9172982281646],[-122.815133459627,53.9172980630024],[-122.815134283172,53.9172184750305]]]},"properties":{"OBJECTID":113082,"Name":null,"Description":null,"BuildingType":1,"FloorCount":null,"Shape__Area":162.413818359375}},{"type":"Feature","id":111645,"geometry":{"type":"Polygon","coordinates":[[[-122.80571124756,53.9130676898548],[-122.805715141528,53.9129831364459],[-122.805890324885,53.9129860802052],[-122.805886324746,53.9130706244598],[-122.80571124756,53.9130676898548]]]},"properties":{"OBJECTID":111645,"Name":null,"Description":null,"BuildingType":1,"FloorCount":null,"Shape__Area":108.29736328125}},{"type":"Feature","id":110910,"geometry":{"type":"Polygon","coordinates":[[[-122.802486210391,53.911133571847],[-122.802482289204,53.9110128376715],[-122.80263484966,53.9110110122632],[-122.802637329099,53.9110856892051],[-122.802626702383,53.9110858784651],[-122.80262826571,53.9111320707143],[-122.802486210391,53.911133571847]]]},"properties":{"OBJECTID":110910,"Name":null,"Description":null,"BuildingType":1,"FloorCount":null,"Shape__Area":131.239990234375}},{"type":"Feature","id":112321,"geometry":{"type":"Polygon","coordinates":[[[-122.81346567949,53.9148132520214],[-122.813626598811,53.9149031937189],[-122.813516827583,53.9149719078042],[-122.813423898792,53.9149201180703],[-122.813437303467,53.914911717083],[-122.813368962587,53.9148736003885],[-122.81346567949,53.9148132520214]]]},"properties":{"OBJECTID":112321,"Name":null,"Description":null,"BuildingType":1,"FloorCount":null,"Shape__Area":145.260009765625}},{"type":"Feature","id":111253,"geometry":{"type":"Polygon","coordinates":[[[-122.812646617835,53.9119717581995],[-122.8128063662,53.9119156072176],[-122.812906260564,53.9120149461873],[-122.812799054991,53.9120526458313],[-122.812768711888,53.9120225694024],[-122.812716214907,53.9120409400381],[-122.812646617835,53.9119717581995]]]},"properties":{"OBJECTID":111253,"Name":null,"Description":null,"BuildingType":1,"FloorCount":null,"Shape__Area":141.332275390625}},{"type":"Feature","id":111800,"geometry":{"type":"Polygon","coordinates":[[[-122.808220062948,53.9134336899023],[-122.80837161923,53.9134302736973],[-122.808376689834,53.9135131966713],[-122.808225240108,53.9135165501365],[-122.808220062948,53.9134336899023]]]},"properties":{"OBJECTID":111800,"Name":null,"Description":null,"BuildingType":1,"FloorCount":null,"Shape__Area":91.904052734375}},{"type":"Feature","id":112962,"geometry":{"type":"Polygon","coordinates":[[[-122.812184392208,53.9169915513623],[-122.81228810908,53.9169063449525],[-122.812273824799,53.9169002017576],[-122.812315986478,53.9168656546466],[-122.812448180719,53.916921668017],[-122.812302438437,53.9170416286231],[-122.812184392208,53.9169915513623]]]},"properties":{"OBJECTID":112962,"Name":null,"Description":null,"BuildingType":1,"FloorCount":null,"Shape__Area":162.156494140625}},{"type":"Feature","id":112427,"geometry":{"type":"Polygon","coordinates":[[[-122.814395177605,53.9151929636807],[-122.814254089541,53.915278833177],[-122.814157687319,53.9152237490126],[-122.814299064941,53.9151378171601],[-122.814395177605,53.9151929636807]]]},"properties":{"OBJECTID":112427,"Name":null,"Description":null,"BuildingType":1,"FloorCount":null,"Shape__Area":117.309814453125}},{"type":"Feature","id":113958,"geometry":{"type":"Polygon","coordinates":[[[-122.813873629049,53.9194643774751],[-122.813875169234,53.9193200676766],[-122.814029484825,53.9193205853633],[-122.814029808007,53.9193026816612],[-122.814076292325,53.9193029873225],[-122.814076185759,53.9193304007207],[-122.81403644539,53.9193303751438],[-122.814035299617,53.9194648616121],[-122.813873629049,53.9194643774751]]]},"properties":{"OBJECTID":113958,"Name":null,"Description":null,"BuildingType":1,"FloorCount":null,"Shape__Area":179.17822265625}},{"type":"Feature","id":110804,"geometry":{"type":"Polygon","coordinates":[[[-122.804016066616,53.9108355533352],[-122.804010785544,53.9107214591698],[-122.804164383067,53.9107189863708],[-122.804169664137,53.9108331704098],[-122.804016066616,53.9108355533352]]]},"properties":{"OBJECTID":110804,"Name":null,"Description":null,"BuildingType":1,"FloorCount":null,"Shape__Area":128.223876953125}},{"type":"Feature","id":111196,"geometry":{"type":"Polygon","coordinates":[[[-122.803310237798,53.9118901017406],[-122.803313006665,53.9117770903279],[-122.803443512244,53.9117782477556],[-122.803440621604,53.9118913308762],[-122.803310237798,53.9118901017406]]]},"properties":{"OBJECTID":111196,"Name":null,"Description":null,"BuildingType":1,"FloorCount":null,"Shape__Area":107.79736328125}},{"type":"Feature","id":113615,"geometry":{"type":"Polygon","coordinates":[[[-122.803480678221,53.9185605469318],[-122.80326443067,53.9185688214143],[-122.803256001082,53.9184899014579],[-122.80335390641,53.918486116052],[-122.803352763395,53.9184766227928],[-122.803470907292,53.9184721244202],[-122.803480678221,53.9185605469318]]]},"properties":{"OBJECTID":113615,"Name":null,"Description":null,"BuildingType":1,"FloorCount":null,"Shape__Area":133.400634765625}},{"type":"Feature","id":111502,"geometry":{"type":"Polygon","coordinates":[[[-122.801046975746,53.9125423135166],[-122.801284664552,53.9126224761502],[-122.801212682165,53.9126971017691],[-122.80097500817,53.9126169659831],[-122.801046975746,53.9125423135166]]]},"properties":{"OBJECTID":111502,"Name":null,"Description":null,"BuildingType":1,"FloorCount":null,"Shape__Area":171.810302734375}},{"type":"Feature","id":113211,"geometry":{"type":"Polygon","coordinates":[[[-122.811533373537,53.9176365031148],[-122.811359659458,53.9175700423289],[-122.811375880828,53.9175551745981],[-122.811343688635,53.9175428373585],[-122.811399521305,53.9174920616405],[-122.81144846323,53.9175107976961],[-122.81145584738,53.9175040952108],[-122.811612719652,53.9175642737532],[-122.811533373537,53.9176365031148]]]},"properties":{"OBJECTID":113211,"Name":null,"Description":null,"BuildingType":1,"FloorCount":null,"Shape__Area":146.188232421875}},{"type":"Feature","id":113125,"geometry":{"type":"Polygon","coordinates":[[[-122.805611320414,53.9174302160838],[-122.805524733455,53.9172989940655],[-122.805610468645,53.9172792422985],[-122.805616622126,53.9172885638866],[-122.805671462068,53.9172759435236],[-122.805752139099,53.9173979341301],[-122.805611320414,53.9174302160838]]]},"properties":{"OBJECTID":113125,"Name":null,"Description":null,"BuildingType":1,"FloorCount":null,"Shape__Area":151.1396484375}},{"type":"Feature","id":112178,"geometry":{"type":"Polygon","coordinates":[[[-122.813855072939,53.9146160559792],[-122.813680357566,53.9144858086909],[-122.813789728845,53.9144347823354],[-122.813828286116,53.914463576946],[-122.813842046754,53.9144572437188],[-122.813906703805,53.9145054660068],[-122.813896558492,53.9145101959812],[-122.813940502705,53.9145430165665],[-122.813930753382,53.914547711205],[-122.813957945008,53.9145681112902],[-122.813855072939,53.9146160559792]]]},"properties":{"OBJECTID":112178,"Name":null,"Description":null,"BuildingType":1,"FloorCount":null,"Shape__Area":176.864501953125}},{"type":"Feature","id":114007,"geometry":{"type":"Polygon","coordinates":[[[-122.811731411545,53.9194882092538],[-122.811944008569,53.9194831584958],[-122.811948349518,53.9195472141624],[-122.811906822995,53.9195481827581],[-122.811910363091,53.9196040850067],[-122.811773402679,53.919607357794],[-122.811769329272,53.9195448125338],[-122.81173521864,53.9195456309079],[-122.811731411545,53.9194882092538]]]},"properties":{"OBJECTID":114007,"Name":null,"Description":null,"BuildingType":1,"FloorCount":null,"Shape__Area":154.072265625}},{"type":"Feature","id":113509,"geometry":{"type":"Polygon","coordinates":[[[-122.80140437446,53.9183135460925],[-122.801569902168,53.9182028351735],[-122.801681004473,53.918260793924],[-122.801585555887,53.9183245413533],[-122.801596795037,53.9183304470987],[-122.801526533827,53.9183772936012],[-122.80140437446,53.9183135460925]]]},"properties":{"OBJECTID":113509,"Name":null,"Description":null,"BuildingType":1,"FloorCount":null,"Shape__Area":166.757568359375}},{"type":"Feature","id":110855,"geometry":{"type":"Polygon","coordinates":[[[-122.807608557838,53.9108366259626],[-122.807615092665,53.9109980441418],[-122.807422384807,53.9110007552476],[-122.807415850681,53.9108393460467],[-122.807608557838,53.9108366259626]]]},"properties":{"OBJECTID":110855,"Name":null,"Description":null,"BuildingType":1,"FloorCount":null,"Shape__Area":227.467041015625}},{"type":"Feature","id":113268,"geometry":{"type":"Polygon","coordinates":[[[-122.809214119388,53.9177925678335],[-122.809217939635,53.9176292159725],[-122.809354661201,53.9176302060628],[-122.809353740481,53.9176718912084],[-122.809369696218,53.9176720513573],[-122.809368178533,53.9177378325349],[-122.809361997164,53.9177377777825],[-122.809360691408,53.9177937982663],[-122.809214119388,53.9177925678335]]]},"properties":{"OBJECTID":113268,"Name":null,"Description":null,"BuildingType":1,"FloorCount":null,"Shape__Area":175.052978515625}},{"type":"Feature","id":112776,"geometry":{"type":"Polygon","coordinates":[[[-122.803639321,53.9164959259656],[-122.803331885231,53.9165041772635],[-122.803323316249,53.916393421349],[-122.803393939347,53.9163915596147],[-122.803396335636,53.9164227071641],[-122.803632964801,53.9164163532703],[-122.803639321,53.9164959259656]]]},"properties":{"OBJECTID":112776,"Name":null,"Description":null,"BuildingType":1,"FloorCount":null,"Shape__Area":195.204833984375}},{"type":"Feature","id":112086,"geometry":{"type":"Polygon","coordinates":[[[-122.801955125991,53.9142012496643],[-122.802178349379,53.9142037118011],[-122.802178133852,53.9142106592188],[-122.802251481071,53.9142114721006],[-122.802248457414,53.9143068754103],[-122.802173434633,53.9143062125637],[-122.802020650405,53.9143045226926],[-122.802020938335,53.9142951486176],[-122.801952173273,53.9142943880922],[-122.801955125991,53.9142012496643]]]},"properties":{"OBJECTID":112086,"Name":null,"Description":null,"BuildingType":1,"FloorCount":null,"Shape__Area":213.78466796875}},{"type":"Feature","id":113168,"geometry":{"type":"Polygon","coordinates":[[[-122.807880418035,53.9175521592995],[-122.807684307598,53.9175532026114],[-122.807683313898,53.9174712479145],[-122.807879469503,53.9174702316409],[-122.807880418035,53.9175521592995]]]},"properties":{"OBJECTID":113168,"Name":null,"Description":null,"BuildingType":1,"FloorCount":null,"Shape__Area":117.447509765625}},{"type":"Feature","id":113758,"geometry":{"type":"Polygon","coordinates":[[[-122.811304108825,53.9189359956892],[-122.811110506413,53.9189365721741],[-122.811109537078,53.918854473759],[-122.811303215401,53.9188538614429],[-122.811304108825,53.9189359956892]]]},"properties":{"OBJECTID":113758,"Name":null,"Description":null,"BuildingType":1,"FloorCount":null,"Shape__Area":116.195556640625}},{"type":"Feature","id":113217,"geometry":{"type":"Polygon","coordinates":[[[-122.806678914634,53.917487566467],[-122.80674581692,53.9175697530833],[-122.806650972061,53.9175971128665],[-122.806451223946,53.9176538023588],[-122.806376449471,53.917561958702],[-122.806461062632,53.9175379351922],[-122.806472341646,53.9175517859887],[-122.806577139758,53.9175220605421],[-122.806573430829,53.9175174436951],[-122.806678914634,53.917487566467]]]},"properties":{"OBJECTID":113217,"Name":null,"Description":null,"BuildingType":1,"FloorCount":null,"Shape__Area":221.6318359375}},{"type":"Feature","id":114250,"geometry":{"type":"Polygon","coordinates":[[[-122.811951078043,53.9202953839588],[-122.811749969687,53.920294394793],[-122.811751154833,53.9202069518884],[-122.811952141199,53.9202078869332],[-122.811951078043,53.9202953839588]]]},"properties":{"OBJECTID":114250,"Name":null,"Description":null,"BuildingType":1,"FloorCount":null,"Shape__Area":128.5048828125}},{"type":"Feature","id":111628,"geometry":{"type":"Polygon","coordinates":[[[-122.801690978085,53.9129587262151],[-122.801843558966,53.9129605240311],[-122.801843672707,53.912949361042],[-122.801981517643,53.9129509815692],[-122.801978253843,53.9130487663337],[-122.801848339694,53.9130472667464],[-122.801848598439,53.9130376319678],[-122.801759619302,53.9130366042849],[-122.801759198449,53.9130515327659],[-122.801687893523,53.913050669026],[-122.801690978085,53.9129587262151]]]},"properties":{"OBJECTID":111628,"Name":null,"Description":null,"BuildingType":1,"FloorCount":null,"Shape__Area":191.557861328125}},{"type":"Feature","id":112361,"geometry":{"type":"Polygon","coordinates":[[[-122.809091725262,53.9151145161006],[-122.808867195923,53.9151101682592],[-122.808871947414,53.9150231803819],[-122.809096446452,53.9150273933457],[-122.809091725262,53.9151145161006]]]},"properties":{"OBJECTID":112361,"Name":null,"Description":null,"BuildingType":1,"FloorCount":null,"Shape__Area":142.98095703125}},{"type":"Feature","id":111033,"geometry":{"type":"Polygon","coordinates":[[[-122.803423386204,53.9113828746925],[-122.803424469353,53.9112365057907],[-122.803645965701,53.9112370659035],[-122.803645082551,53.9113571899778],[-122.803627606373,53.9113571434248],[-122.803627428603,53.9113820580561],[-122.803597089247,53.9113818915947],[-122.803596847948,53.9114398103041],[-122.80346298962,53.9114396452304],[-122.803463286384,53.9113829220248],[-122.803423386204,53.9113828746925]]]},"properties":{"OBJECTID":111033,"Name":null,"Description":null,"BuildingType":1,"FloorCount":null,"Shape__Area":288.62841796875}},{"type":"Feature","id":111010,"geometry":{"type":"Polygon","coordinates":[[[-122.803738982193,53.9112593375933],[-122.803947407547,53.911258680374],[-122.803948410391,53.9114118566509],[-122.803740152405,53.911412370337],[-122.803738982193,53.9112593375933]]]},"properties":{"OBJECTID":111010,"Name":null,"Description":null,"BuildingType":1,"FloorCount":null,"Shape__Area":233.130859375}},{"type":"Feature","id":112006,"geometry":{"type":"Polygon","coordinates":[[[-122.813991956572,53.9139343259053],[-122.814150386918,53.9140254315087],[-122.81403931556,53.914092795858],[-122.813880747585,53.9140018247168],[-122.813991956572,53.9139343259053]]]},"properties":{"OBJECTID":112006,"Name":null,"Description":null,"BuildingType":1,"FloorCount":null,"Shape__Area":152.049560546875}},{"type":"Feature","id":112816,"geometry":{"type":"Polygon","coordinates":[[[-122.809427176139,53.9165345151516],[-122.809559944685,53.9165335033891],[-122.809562523538,53.9166526891315],[-122.80941451411,53.9166537036753],[-122.809414375365,53.9166473938382],[-122.809320371499,53.9166480715208],[-122.809319630051,53.9166136460803],[-122.809411501911,53.9166130548955],[-122.809410861316,53.9165832135253],[-122.809428294786,53.9165830883941],[-122.809427176139,53.9165345151516]]]},"properties":{"OBJECTID":112816,"Name":null,"Description":null,"BuildingType":1,"FloorCount":null,"Shape__Area":147.5380859375}},{"type":"Feature","id":114067,"geometry":{"type":"Polygon","coordinates":[[[-122.802282419882,53.9196671400062],[-122.802589856824,53.9196603834004],[-122.802595439779,53.9197453926109],[-122.802492757895,53.9197475786591],[-122.802493325247,53.9197564148499],[-122.802385420463,53.9197586461453],[-122.802384635732,53.9197474816901],[-122.802287496749,53.9197495598385],[-122.802282419882,53.9196671400062]]]},"properties":{"OBJECTID":114067,"Name":null,"Description":null,"BuildingType":1,"FloorCount":null,"Shape__Area":196.36669921875}},{"type":"Feature","id":114405,"geometry":{"type":"Polygon","coordinates":[[[-122.813376772857,53.921128750933],[-122.813118708942,53.9211284215535],[-122.813118908437,53.9210735228487],[-122.813066863306,53.9210734508405],[-122.813067117545,53.9210029040235],[-122.81337722577,53.9210032964215],[-122.813376772857,53.921128750933]]]},"properties":{"OBJECTID":114405,"Name":null,"Description":null,"BuildingType":1,"FloorCount":null,"Shape__Area":263.386474609375}},{"type":"Feature","id":112052,"geometry":{"type":"Polygon","coordinates":[[[-122.810242270738,53.9142315009418],[-122.810354068877,53.9140522039259],[-122.810490937829,53.9140819547629],[-122.810454300851,53.9141407058309],[-122.810472719421,53.914144707624],[-122.810397543587,53.9142652536862],[-122.810242270738,53.9142315009418]]]},"properties":{"OBJECTID":112052,"Name":null,"Description":null,"BuildingType":1,"FloorCount":null,"Shape__Area":222.062255859375}},{"type":"Feature","id":112833,"geometry":{"type":"Polygon","coordinates":[[[-122.812619193168,53.9166391527013],[-122.812833799717,53.9165389649202],[-122.812911372414,53.916596825076],[-122.81286917119,53.9166165510281],[-122.812876303138,53.9166219010473],[-122.812704050106,53.9167023273095],[-122.812619193168,53.9166391527013]]]},"properties":{"OBJECTID":112833,"Name":null,"Description":null,"BuildingType":1,"FloorCount":null,"Shape__Area":158.47021484375}},{"type":"Feature","id":113497,"geometry":{"type":"Polygon","coordinates":[[[-122.810447215404,53.9182971145432],[-122.810510751648,53.9181864280346],[-122.810661868692,53.9182165516603],[-122.810598332842,53.9183272292606],[-122.810447215404,53.9182971145432]]]},"properties":{"OBJECTID":113497,"Name":null,"Description":null,"BuildingType":1,"FloorCount":null,"Shape__Area":136.205078125}},{"type":"Feature","id":113380,"geometry":{"type":"Polygon","coordinates":[[[-122.801170123551,53.9180701663684],[-122.801011961389,53.9179830168589],[-122.801144396528,53.9178993776423],[-122.801249681421,53.917957291211],[-122.801215762895,53.9179787974232],[-122.801268579183,53.9180080420929],[-122.801170123551,53.9180701663684]]]},"properties":{"OBJECTID":113380,"Name":null,"Description":null,"BuildingType":1,"FloorCount":null,"Shape__Area":165.528076171875}},{"type":"Feature","id":111388,"geometry":{"type":"Polygon","coordinates":[[[-122.815216656523,53.9123897305635],[-122.815143247579,53.9122518844937],[-122.815256695705,53.9122308742098],[-122.815284459398,53.912283586973],[-122.815385262031,53.9122648131202],[-122.815430435397,53.9123500534511],[-122.815216656523,53.9123897305635]]]},"properties":{"OBJECTID":111388,"Name":null,"Description":null,"BuildingType":1,"FloorCount":null,"Shape__Area":194.19384765625}},{"type":"Feature","id":113031,"geometry":{"type":"Polygon","coordinates":[[[-122.807754302123,53.9172410965291],[-122.80745407491,53.9172402200785],[-122.807454472995,53.9171867867137],[-122.807432700912,53.9171867158526],[-122.807433224397,53.9171192703063],[-122.807451966729,53.9171193093456],[-122.807452769324,53.9170176646855],[-122.807434681891,53.9170175907441],[-122.807435055535,53.9169794010847],[-122.807737427929,53.9169802181022],[-122.807737305247,53.9170102380194],[-122.807755057928,53.917010266439],[-122.807754155567,53.9171371044671],[-122.807735870193,53.9171370212662],[-122.807735389516,53.9172085115077],[-122.807754710452,53.9172085514261],[-122.807754302123,53.9172410965291]]]},"properties":{"OBJECTID":113031,"Name":null,"Description":null,"BuildingType":1,"FloorCount":null,"Shape__Area":575.995849609375}},{"type":"Feature","id":111534,"geometry":{"type":"Polygon","coordinates":[[[-122.813881937251,53.912779018643],[-122.813770704193,53.912715705052],[-122.813954256843,53.912602919721],[-122.814065596207,53.9126662872362],[-122.813881937251,53.912779018643]]]},"properties":{"OBJECTID":111534,"Name":null,"Description":null,"BuildingType":1,"FloorCount":null,"Shape__Area":176.699951171875}},{"type":"Feature","id":112198,"geometry":{"type":"Polygon","coordinates":[[[-122.814680196833,53.9146813001426],[-122.814687193948,53.9145589025447],[-122.814844419054,53.9145619673082],[-122.814837588992,53.9146845629097],[-122.814680196833,53.9146813001426]]]},"properties":{"OBJECTID":112198,"Name":null,"Description":null,"BuildingType":1,"FloorCount":null,"Shape__Area":140.981689453125}},{"type":"Feature","id":114190,"geometry":{"type":"Polygon","coordinates":[[[-122.809185602391,53.920139977735],[-122.809189037975,53.9200076341114],[-122.809257950013,53.9200083008379],[-122.809258200094,53.9200002029991],[-122.809323503471,53.9200008639567],[-122.809323333916,53.9200080002017],[-122.809394682423,53.9200086167898],[-122.809391269225,53.9201395313539],[-122.809326422137,53.9201389340742],[-122.809326130321,53.9201461689935],[-122.809264526534,53.9201455588535],[-122.809264655814,53.9201405796775],[-122.809185602391,53.920139977735]]]},"properties":{"OBJECTID":114190,"Name":null,"Description":null,"BuildingType":1,"FloorCount":null,"Shape__Area":204.2265625}},{"type":"Feature","id":114113,"geometry":{"type":"Polygon","coordinates":[[[-122.800823652376,53.9199082609137],[-122.800825316256,53.9197922099094],[-122.800973130687,53.9197929582906],[-122.800971605024,53.9199088477408],[-122.800823652376,53.9199082609137]]]},"properties":{"OBJECTID":114113,"Name":null,"Description":null,"BuildingType":1,"FloorCount":null,"Shape__Area":125.323486328125}},{"type":"Feature","id":112221,"geometry":{"type":"Polygon","coordinates":[[[-122.809551196584,53.914624928942],[-122.809834428004,53.9146194816094],[-122.809838952632,53.9146992578169],[-122.809726737846,53.9147014169708],[-122.809727259229,53.9147106395476],[-122.809604873575,53.9147129802097],[-122.809604156535,53.9146999194201],[-122.809555510342,53.9147007410911],[-122.809551196584,53.914624928942]]]},"properties":{"OBJECTID":112221,"Name":null,"Description":null,"BuildingType":1,"FloorCount":null,"Shape__Area":172.160888671875}},{"type":"Feature","id":111459,"geometry":{"type":"Polygon","coordinates":[[[-122.807908837394,53.9125842968019],[-122.807912137598,53.912658013198],[-122.807856445049,53.9126588498722],[-122.807856787726,53.9126671104518],[-122.807678550232,53.9126697822092],[-122.807674121211,53.9125668258244],[-122.807785003646,53.9125651608029],[-122.807785526882,53.9125771966589],[-122.807852135521,53.9125761977233],[-122.807852520525,53.9125851864039],[-122.807908837394,53.9125842968019]]]},"properties":{"OBJECTID":111459,"Name":null,"Description":null,"BuildingType":1,"FloorCount":null,"Shape__Area":158.212158203125}},{"type":"Feature","id":111680,"geometry":{"type":"Polygon","coordinates":[[[-122.814555562356,53.9131089160171],[-122.814698424996,53.9130193098453],[-122.814801694142,53.913076642217],[-122.814794732496,53.9130810536075],[-122.814836845724,53.9131042987626],[-122.814751459995,53.9131580864651],[-122.814706963216,53.9131333455842],[-122.814656553357,53.9131650226182],[-122.814555562356,53.9131089160171]]]},"properties":{"OBJECTID":111680,"Name":null,"Description":null,"BuildingType":1,"FloorCount":null,"Shape__Area":157.645263671875}},{"type":"Feature","id":111906,"geometry":{"type":"Polygon","coordinates":[[[-122.812413832916,53.9137861207542],[-122.812312715044,53.913846919797],[-122.81224834631,53.9138097254462],[-122.812208061695,53.9138337684397],[-122.812125913074,53.9137859762573],[-122.812267330954,53.9137010984428],[-122.812413832916,53.9137861207542]]]},"properties":{"OBJECTID":111906,"Name":null,"Description":null,"BuildingType":1,"FloorCount":null,"Shape__Area":156.588134765625}},{"type":"Feature","id":111325,"geometry":{"type":"Polygon","coordinates":[[[-122.806773173805,53.912251111845],[-122.8065800218,53.9122531377953],[-122.806577848626,53.912183126254],[-122.806632550289,53.9121824503628],[-122.806630933849,53.9121270183603],[-122.806769095267,53.9121254880808],[-122.806773173805,53.912251111845]]]},"properties":{"OBJECTID":111325,"Name":null,"Description":null,"BuildingType":1,"FloorCount":null,"Shape__Area":155.02783203125}},{"type":"Feature","id":111313,"geometry":{"type":"Polygon","coordinates":[[[-122.805927208645,53.9121331814429],[-122.805929068575,53.9122409693302],[-122.80581673018,53.9122416146318],[-122.805815083669,53.9121338270876],[-122.805927208645,53.9121331814429]]]},"properties":{"OBJECTID":111313,"Name":null,"Description":null,"BuildingType":1,"FloorCount":null,"Shape__Area":88.418701171875}},{"type":"Feature","id":112653,"geometry":{"type":"Polygon","coordinates":[[[-122.804845541519,53.916116465881],[-122.804695985421,53.9159631650823],[-122.805012757026,53.9158553377478],[-122.805021560757,53.9158643490898],[-122.805052028266,53.9158540443069],[-122.805098925708,53.915902116668],[-122.805076783938,53.915909648678],[-122.805095027552,53.915928391429],[-122.804991180437,53.915963770622],[-122.804975603619,53.9159477825325],[-122.804870353777,53.9159835638057],[-122.80489067334,53.9160044131666],[-122.804907416818,53.9159987509259],[-122.804978164382,53.9160713095983],[-122.804845541519,53.916116465881]]]},"properties":{"OBJECTID":112653,"Name":null,"Description":null,"BuildingType":1,"FloorCount":null,"Shape__Area":332.529052734375}},{"type":"Feature","id":112902,"geometry":{"type":"Polygon","coordinates":[[[-122.805438995855,53.9168214275171],[-122.80563917122,53.916790203564],[-122.805672171327,53.9168641477967],[-122.805472255214,53.9168952104395],[-122.805438995855,53.9168214275171]]]},"properties":{"OBJECTID":112902,"Name":null,"Description":null,"BuildingType":1,"FloorCount":null,"Shape__Area":115.5166015625}},{"type":"Feature","id":113981,"geometry":{"type":"Polygon","coordinates":[[[-122.814043192932,53.9195662860384],[-122.813847784828,53.919564814866],[-122.813848673144,53.9195225723929],[-122.813870567906,53.9195227231726],[-122.813871606866,53.9194774160064],[-122.814045120423,53.9194786015761],[-122.814043192932,53.9195662860384]]]},"properties":{"OBJECTID":113981,"Name":null,"Description":null,"BuildingType":1,"FloorCount":null,"Shape__Area":117.887451171875}},{"type":"Feature","id":112415,"geometry":{"type":"Polygon","coordinates":[[[-122.813003954719,53.9151456943746],[-122.812867437338,53.9152336366152],[-122.812738203513,53.9151635530014],[-122.812791751222,53.9151289875167],[-122.812768939271,53.9151165664068],[-122.812862520975,53.9150562945313],[-122.812971175424,53.9151151378535],[-122.812960441563,53.9151220509305],[-122.813003954719,53.9151456943746]]]},"properties":{"OBJECTID":112415,"Name":null,"Description":null,"BuildingType":1,"FloorCount":null,"Shape__Area":179.568603515625}},{"type":"Feature","id":113626,"geometry":{"type":"Polygon","coordinates":[[[-122.804171542575,53.9184495764035],[-122.804228471751,53.9185636108081],[-122.804091783908,53.9185873141177],[-122.804035098307,53.9184733609384],[-122.804171542575,53.9184495764035]]]},"properties":{"OBJECTID":113626,"Name":null,"Description":null,"BuildingType":1,"FloorCount":null,"Shape__Area":123.613037109375}},{"type":"Feature","id":113921,"geometry":{"type":"Polygon","coordinates":[[[-122.803034600762,53.9193698377271],[-122.803029389989,53.9192573346815],[-122.803235385881,53.9192540052313],[-122.803240277601,53.919360000393],[-122.803160744903,53.9193612722018],[-122.803161002873,53.9193679327735],[-122.803034600762,53.9193698377271]]]},"properties":{"OBJECTID":113921,"Name":null,"Description":null,"BuildingType":1,"FloorCount":null,"Shape__Area":165.73583984375}},{"type":"Feature","id":112593,"geometry":{"type":"Polygon","coordinates":[[[-122.813899519232,53.9158063147402],[-122.813965005127,53.9159288695139],[-122.813812339504,53.9159572688776],[-122.813790415166,53.9159162763017],[-122.813733258878,53.9159269104182],[-122.813689744058,53.9158452223565],[-122.813899519232,53.9158063147402]]]},"properties":{"OBJECTID":112593,"Name":null,"Description":null,"BuildingType":1,"FloorCount":null,"Shape__Area":187.833251953125}},{"type":"Feature","id":113589,"geometry":{"type":"Polygon","coordinates":[[[-122.81597672066,53.9185349550605],[-122.815720154866,53.9185368985445],[-122.81571828032,53.9184508530227],[-122.815835995766,53.9184499730036],[-122.815835074452,53.9184067570245],[-122.815973619534,53.9184057110735],[-122.815974763837,53.9184467253198],[-122.81597672066,53.9185349550605]]]},"properties":{"OBJECTID":113589,"Name":null,"Description":null,"BuildingType":1,"FloorCount":null,"Shape__Area":205.117431640625}},{"type":"Feature","id":113532,"geometry":{"type":"Polygon","coordinates":[[[-122.808470498861,53.9184376164485],[-122.808228221337,53.9184382185049],[-122.80822746521,53.9183507005982],[-122.808469665358,53.9183502602054],[-122.808470498861,53.9184376164485]]]},"properties":{"OBJECTID":113532,"Name":null,"Description":null,"BuildingType":1,"FloorCount":null,"Shape__Area":154.775390625}},{"type":"Feature","id":112939,"geometry":{"type":"Polygon","coordinates":[[[-122.805208872908,53.9168917006203],[-122.805407044942,53.9168493825405],[-122.805453495659,53.916925101298],[-122.805211202829,53.9169766595281],[-122.805175286623,53.9169176845445],[-122.805219042525,53.9169082551426],[-122.805208872908,53.9168917006203]]]},"properties":{"OBJECTID":112939,"Name":null,"Description":null,"BuildingType":1,"FloorCount":null,"Shape__Area":145.3095703125}},{"type":"Feature","id":111528,"geometry":{"type":"Polygon","coordinates":[[[-122.815963726319,53.912771414409],[-122.815898253418,53.9126906911272],[-122.815964727166,53.9126718911199],[-122.815936534947,53.9126367495251],[-122.816066037279,53.9126001328414],[-122.816160007525,53.9127159351321],[-122.815963726319,53.912771414409]]]},"properties":{"OBJECTID":111528,"Name":null,"Description":null,"BuildingType":1,"FloorCount":null,"Shape__Area":183.19677734375}},{"type":"Feature","id":114184,"geometry":{"type":"Polygon","coordinates":[[[-122.815387683413,53.9200032562107],[-122.815391000568,53.9201418211216],[-122.815250119961,53.9201428897757],[-122.81524839699,53.9200710006844],[-122.815235865342,53.9200710533102],[-122.815234088968,53.9200043682179],[-122.815387683413,53.9200032562107]]]},"properties":{"OBJECTID":114184,"Name":null,"Description":null,"BuildingType":1,"FloorCount":null,"Shape__Area":148.845458984375}},{"type":"Feature","id":112461,"geometry":{"type":"Polygon","coordinates":[[[-122.804839330425,53.9153914518783],[-122.804755686297,53.9152802774143],[-122.804903898047,53.9152413752789],[-122.805011194078,53.9153836238195],[-122.804898362119,53.9154132180107],[-122.804874938844,53.9153821711449],[-122.804839330425,53.9153914518783]]]},"properties":{"OBJECTID":112461,"Name":null,"Description":null,"BuildingType":1,"FloorCount":null,"Shape__Area":175.01611328125}},{"type":"Feature","id":113543,"geometry":{"type":"Polygon","coordinates":[[[-122.807868372088,53.918438209598],[-122.807636412861,53.9184464937791],[-122.807627562715,53.918361218905],[-122.807665268097,53.9183598951359],[-122.807658894671,53.9182989099568],[-122.807809898912,53.9182935611342],[-122.807818145759,53.9183710333976],[-122.807861364238,53.9183694217832],[-122.807868372088,53.918438209598]]]},"properties":{"OBJECTID":113543,"Name":null,"Description":null,"BuildingType":1,"FloorCount":null,"Shape__Area":207.39794921875}},{"type":"Feature","id":113248,"geometry":{"type":"Polygon","coordinates":[[[-122.812980038525,53.9176904729623],[-122.813138715264,53.9175653994926],[-122.813275916944,53.9176259676904],[-122.813210749709,53.9176774937447],[-122.813200462283,53.9176729387754],[-122.813106998026,53.917746621254],[-122.812980038525,53.9176904729623]]]},"properties":{"OBJECTID":113248,"Name":null,"Description":null,"BuildingType":1,"FloorCount":null,"Shape__Area":187.1826171875}},{"type":"Feature","id":113580,"geometry":{"type":"Polygon","coordinates":[[[-122.812430359665,53.9185165887233],[-122.812208253657,53.9185177426311],[-122.812208119829,53.9185068488992],[-122.812160187859,53.9185070076287],[-122.812159229708,53.9184389216131],[-122.812211044665,53.9184386610991],[-122.812211047849,53.9184311650661],[-122.812301948244,53.9184307858616],[-122.81230191537,53.9184211416272],[-122.812429130568,53.9184205314597],[-122.812430359665,53.9185165887233]]]},"properties":{"OBJECTID":113580,"Name":null,"Description":null,"BuildingType":1,"FloorCount":null,"Shape__Area":172.98828125}},{"type":"Feature","id":111814,"geometry":{"type":"Polygon","coordinates":[[[-122.808740270226,53.9135303233012],[-122.808742513365,53.9133659262105],[-122.808866434632,53.9133665099942],[-122.808866038904,53.9134031626862],[-122.808888234431,53.9134034227122],[-122.808886433943,53.9135310143907],[-122.808740270226,53.9135303233012]]]},"properties":{"OBJECTID":111814,"Name":null,"Description":null,"BuildingType":1,"FloorCount":null,"Shape__Area":169.689453125}},{"type":"Feature","id":112407,"geometry":{"type":"Polygon","coordinates":[[[-122.803873057395,53.9151835387834],[-122.803667139678,53.9152004504028],[-122.803647170547,53.9151148514097],[-122.803853057528,53.9150979128103],[-122.803873057395,53.9151835387834]]]},"properties":{"OBJECTID":112407,"Name":null,"Description":null,"BuildingType":1,"FloorCount":null,"Shape__Area":131.29248046875}},{"type":"Feature","id":113729,"geometry":{"type":"Polygon","coordinates":[[[-122.814670896843,53.918817059444],[-122.814945551016,53.9187983384127],[-122.814963588809,53.9188890197186],[-122.81468869091,53.9189076325587],[-122.814670896843,53.918817059444]]]},"properties":{"OBJECTID":113729,"Name":null,"Description":null,"BuildingType":1,"FloorCount":null,"Shape__Area":184.408203125}},{"type":"Feature","id":111714,"geometry":{"type":"Polygon","coordinates":[[[-122.811004097321,53.9132506935797],[-122.811023381616,53.9131404224166],[-122.810961604004,53.9131367569237],[-122.810969501019,53.9130904988047],[-122.811171939674,53.9131027714153],[-122.811144652425,53.913259291578],[-122.811004097321,53.9132506935797]]]},"properties":{"OBJECTID":111714,"Name":null,"Description":null,"BuildingType":1,"FloorCount":null,"Shape__Area":183.514404296875}},{"type":"Feature","id":113829,"geometry":{"type":"Polygon","coordinates":[[[-122.811327117136,53.9189964135874],[-122.811330002942,53.919109451892],[-122.811238459909,53.919110197862],[-122.811238751892,53.9191231051668],[-122.811135545222,53.9191239315941],[-122.811133208815,53.9190309734622],[-122.811219072491,53.9190301916812],[-122.811218307082,53.9189973481273],[-122.811327117136,53.9189964135874]]]},"properties":{"OBJECTID":113829,"Name":null,"Description":null,"BuildingType":1,"FloorCount":null,"Shape__Area":149.94091796875}},{"type":"Feature","id":112507,"geometry":{"type":"Polygon","coordinates":[[[-122.814310385967,53.9155510067693],[-122.8144995833,53.9154827652117],[-122.814570894714,53.9155518856599],[-122.814487297729,53.9155821811321],[-122.814515085995,53.9156090174588],[-122.814409637415,53.9156470178432],[-122.814310385967,53.9155510067693]]]},"properties":{"OBJECTID":112507,"Name":null,"Description":null,"BuildingType":1,"FloorCount":null,"Shape__Area":159.625732421875}},{"type":"Feature","id":111027,"geometry":{"type":"Polygon","coordinates":[[[-122.806367076895,53.9113275451314],[-122.80648237903,53.9113274074245],[-122.806483079942,53.9114359394585],[-122.806367503614,53.91143604976],[-122.806367076895,53.9113275451314]]]},"properties":{"OBJECTID":111027,"Name":null,"Description":null,"BuildingType":1,"FloorCount":null,"Shape__Area":91.555419921875}},{"type":"Feature","id":114027,"geometry":{"type":"Polygon","coordinates":[[[-122.812491013235,53.919649663608],[-122.812496818409,53.9195230489763],[-122.812643193867,53.9195253446695],[-122.812637496081,53.919651878583],[-122.812491013235,53.919649663608]]]},"properties":{"OBJECTID":114027,"Name":null,"Description":null,"BuildingType":1,"FloorCount":null,"Shape__Area":135.524658203125}},{"type":"Feature","id":112699,"geometry":{"type":"Polygon","coordinates":[[[-122.815204849099,53.9162573558586],[-122.815204993913,53.916145248034],[-122.815345749294,53.9161453566849],[-122.815345894886,53.9162572941827],[-122.815204849099,53.9162573558586]]]},"properties":{"OBJECTID":112699,"Name":null,"Description":null,"BuildingType":1,"FloorCount":null,"Shape__Area":115.34423828125}},{"type":"Feature","id":96715,"geometry":{"type":"Polygon","coordinates":[[[-122.80348642902,53.9099456689254],[-122.803489769489,53.9100155925824],[-122.803423301282,53.9100167061705],[-122.803420082072,53.9099469175312],[-122.80348642902,53.9099456689254]]]},"properties":{"OBJECTID":96715,"Name":null,"Description":null,"BuildingType":6,"FloorCount":null,"Shape__Area":33.93359375}},{"type":"Feature","id":113094,"geometry":{"type":"Polygon","coordinates":[[[-122.812893526134,53.9173874407093],[-122.812728052302,53.9173097956202],[-122.812721774513,53.9173142888471],[-122.812626039428,53.9172694329228],[-122.812714336521,53.9172037870657],[-122.812793920547,53.917241112717],[-122.812810877514,53.9172284390245],[-122.812992882434,53.9173137136394],[-122.812893526134,53.9173874407093]]]},"properties":{"OBJECTID":113094,"Name":null,"Description":null,"BuildingType":1,"FloorCount":null,"Shape__Area":222.919677734375}},{"type":"Feature","id":113881,"geometry":{"type":"Polygon","coordinates":[[[-122.814036404509,53.9191305616604],[-122.814040385555,53.9192831759878],[-122.813901075818,53.9192843084063],[-122.813897262167,53.9191318291541],[-122.814036404509,53.9191305616604]]]},"properties":{"OBJECTID":113881,"Name":null,"Description":null,"BuildingType":1,"FloorCount":null,"Shape__Area":155.22607421875}},{"type":"Feature","id":112799,"geometry":{"type":"Polygon","coordinates":[[[-122.815865959778,53.9164360562471],[-122.81603302258,53.9164333102704],[-122.816038191953,53.9165423253497],[-122.816057103331,53.9165419498545],[-122.816059485103,53.9165924034683],[-122.816028545368,53.9165928683948],[-122.816028629291,53.9165945582782],[-122.815873564641,53.9165970080632],[-122.815865959778,53.9164360562471]]]},"properties":{"OBJECTID":112799,"Name":null,"Description":null,"BuildingType":1,"FloorCount":null,"Shape__Area":203.55029296875}},{"type":"Feature","id":114127,"geometry":{"type":"Polygon","coordinates":[[[-122.816095155991,53.9198428533049],[-122.816094040892,53.9199683967117],[-122.815916746095,53.9199678914001],[-122.815916952089,53.9199245243637],[-122.815954119337,53.9199246442433],[-122.815954907525,53.91984236882],[-122.816095155991,53.9198428533049]]]},"properties":{"OBJECTID":114127,"Name":null,"Description":null,"BuildingType":1,"FloorCount":null,"Shape__Area":140.486572265625}},{"type":"Feature","id":114422,"geometry":{"type":"Polygon","coordinates":[[[-122.80405509315,53.9210384135227],[-122.803917352595,53.9211647944233],[-122.803752540515,53.9211022559999],[-122.803783064808,53.9210742271981],[-122.80383298172,53.9210930308546],[-122.803939372381,53.9209954415358],[-122.803958843253,53.9210028525113],[-122.803977254931,53.9209860838934],[-122.804035956125,53.9210084790479],[-122.804018521792,53.92102464707],[-122.80405509315,53.9210384135227]]]},"properties":{"OBJECTID":114422,"Name":null,"Description":null,"BuildingType":1,"FloorCount":null,"Shape__Area":174.200439453125}},{"type":"Feature","id":111070,"geometry":{"type":"Polygon","coordinates":[[[-122.809374159816,53.9113702409491],[-122.809517192798,53.9113446991299],[-122.809586634406,53.9114801605464],[-122.809579778372,53.911481372052],[-122.809598896807,53.9115186578998],[-122.809581604228,53.9115217403514],[-122.809592589317,53.9115431853188],[-122.809521575248,53.9115558806929],[-122.809510439513,53.9115340939335],[-122.809462340054,53.9115427000968],[-122.809374159816,53.9113702409491]]]},"properties":{"OBJECTID":111070,"Name":null,"Description":null,"BuildingType":1,"FloorCount":null,"Shape__Area":207.2314453125}},{"type":"Feature","id":112730,"geometry":{"type":"Polygon","coordinates":[[[-122.807526997451,53.9163512831843],[-122.807385188493,53.9163516849876],[-122.807384590267,53.9162798694362],[-122.807390924082,53.9162798346545],[-122.807390209101,53.9161738373258],[-122.807520461531,53.9161734529474],[-122.807521053113,53.9162434529006],[-122.807574844296,53.9162432694607],[-122.807575199281,53.9162985196287],[-122.807526356285,53.9162986840353],[-122.807526997451,53.9163512831843]]]},"properties":{"OBJECTID":112730,"Name":null,"Description":null,"BuildingType":1,"FloorCount":null,"Shape__Area":196.359375}},{"type":"Feature","id":111591,"geometry":{"type":"Polygon","coordinates":[[[-122.803701385194,53.9128912752439],[-122.803700168603,53.9130208451961],[-122.803504132407,53.9130202998886],[-122.8035046901,53.912940414882],[-122.80356687945,53.9129404896593],[-122.803567279445,53.9128909391124],[-122.803701385194,53.9128912752439]]]},"properties":{"OBJECTID":111591,"Name":null,"Description":null,"BuildingType":1,"FloorCount":null,"Shape__Area":163.196044921875}},{"type":"Feature","id":112089,"geometry":{"type":"Polygon","coordinates":[[[-122.806165615723,53.9143150145457],[-122.80616550962,53.9141998503316],[-122.806301144014,53.9141997545969],[-122.806301463464,53.9143149551071],[-122.806165615723,53.9143150145457]]]},"properties":{"OBJECTID":112089,"Name":null,"Description":null,"BuildingType":1,"FloorCount":null,"Shape__Area":114.259765625}},{"type":"Feature","id":113583,"geometry":{"type":"Polygon","coordinates":[[[-122.811787659601,53.9185160955339],[-122.811562292985,53.9185177464681],[-122.811562107415,53.9185082368146],[-122.811513275943,53.9185086545282],[-122.811511990313,53.9184391388919],[-122.811556497008,53.9184388402257],[-122.811556306017,53.918430534963],[-122.811656617621,53.9184298025037],[-122.811656451762,53.9184226747158],[-122.811785753878,53.9184218527894],[-122.811787659601,53.9185160955339]]]},"properties":{"OBJECTID":113583,"Name":null,"Description":null,"BuildingType":1,"FloorCount":null,"Shape__Area":175.3798828125}},{"type":"Feature","id":111021,"geometry":{"type":"Polygon","coordinates":[[[-122.802097407619,53.9114203072085],[-122.801849685561,53.9114218850692],[-122.801848745253,53.9113696808224],[-122.801836353205,53.9113697322785],[-122.801835803585,53.9113282604284],[-122.801913886673,53.9113277061613],[-122.801913207539,53.9112846342216],[-122.802029806124,53.9112839546564],[-122.802030991496,53.9113552050212],[-122.80209631668,53.911354818352],[-122.802097407619,53.9114203072085]]]},"properties":{"OBJECTID":111021,"Name":null,"Description":null,"BuildingType":1,"FloorCount":null,"Shape__Area":196.72265625}},{"type":"Feature","id":111783,"geometry":{"type":"Polygon","coordinates":[[[-122.806172619865,53.9134896160837],[-122.806010803322,53.913489489619],[-122.806010859399,53.9133689867406],[-122.806172584757,53.9133689782375],[-122.806172619865,53.9134896160837]]]},"properties":{"OBJECTID":111783,"Name":null,"Description":null,"BuildingType":1,"FloorCount":null,"Shape__Area":142.54345703125}},{"type":"Feature","id":113606,"geometry":{"type":"Polygon","coordinates":[[[-122.80550472506,53.9183511036264],[-122.805561166961,53.9185412744323],[-122.805414013934,53.918556396685],[-122.80540398415,53.9185227651042],[-122.80529809758,53.9185337296871],[-122.805261656347,53.9184105791732],[-122.80537075626,53.9183994041168],[-122.805360861992,53.9183661142973],[-122.80550472506,53.9183511036264]]]},"properties":{"OBJECTID":113606,"Name":null,"Description":null,"BuildingType":1,"FloorCount":null,"Shape__Area":307.949951171875}},{"type":"Feature","id":112352,"geometry":{"type":"Polygon","coordinates":[[[-122.813571750877,53.9150350622964],[-122.813639088627,53.9149942531627],[-122.813631435462,53.914989747256],[-122.813778079068,53.9149008491375],[-122.813900477086,53.914971127767],[-122.813744109117,53.9150659250957],[-122.813735088194,53.9150608598147],[-122.813677322218,53.915095850602],[-122.813571750877,53.9150350622964]]]},"properties":{"OBJECTID":112352,"Name":null,"Description":null,"BuildingType":1,"FloorCount":null,"Shape__Area":217.143310546875}},{"type":"Feature","id":112375,"geometry":{"type":"Polygon","coordinates":[[[-122.805535660931,53.9151372666049],[-122.80553329391,53.915020849403],[-122.805682134996,53.9150198409923],[-122.805684502014,53.9151363480716],[-122.805535660931,53.9151372666049]]]},"properties":{"OBJECTID":112375,"Name":null,"Description":null,"BuildingType":1,"FloorCount":null,"Shape__Area":126.693115234375}},{"type":"Feature","id":114084,"geometry":{"type":"Polygon","coordinates":[[[-122.810436593588,53.9198252557817],[-122.810437158904,53.9197004575528],[-122.810588370295,53.9197008399395],[-122.810587973368,53.9198255395658],[-122.810436593588,53.9198252557817]]]},"properties":{"OBJECTID":114084,"Name":null,"Description":null,"BuildingType":1,"FloorCount":null,"Shape__Area":137.913818359375}},{"type":"Feature","id":113961,"geometry":{"type":"Polygon","coordinates":[[[-122.802329643556,53.9194497427627],[-122.802328528775,53.9193247170792],[-122.802581470237,53.9193240455822],[-122.802581950695,53.9193609872792],[-122.802485170667,53.9193614033869],[-122.802486156381,53.9194493531282],[-122.802329643556,53.9194497427627]]]},"properties":{"OBJECTID":113961,"Name":null,"Description":null,"BuildingType":1,"FloorCount":null,"Shape__Area":169.046142578125}},{"type":"Feature","id":114010,"geometry":{"type":"Polygon","coordinates":[[[-122.800900670859,53.9195971772177],[-122.800901387809,53.9194528841666],[-122.801051168039,53.9194530425],[-122.801050344295,53.9195974881716],[-122.800900670859,53.9195971772177]]]},"properties":{"OBJECTID":114010,"Name":null,"Description":null,"BuildingType":1,"FloorCount":null,"Shape__Area":157.95068359375}},{"type":"Feature","id":110764,"geometry":{"type":"Polygon","coordinates":[[[-122.803269455312,53.9106653748133],[-122.803262741398,53.9105747910497],[-122.803471794884,53.9105693180829],[-122.803475811437,53.9106216981302],[-122.803512122618,53.9106208138022],[-122.803514836573,53.9106588287834],[-122.803269455312,53.9106653748133]]]},"properties":{"OBJECTID":110764,"Name":null,"Description":null,"BuildingType":1,"FloorCount":null,"Shape__Area":148.7568359375}},{"type":"Feature","id":114416,"geometry":{"type":"Polygon","coordinates":[[[-122.805142044436,53.9210358048079],[-122.805310837012,53.9209533794808],[-122.805421443634,53.9210322041887],[-122.805371385701,53.9210566784359],[-122.80539776265,53.9210754612674],[-122.80537847209,53.9210848764514],[-122.805419266806,53.9211139380088],[-122.805319990289,53.9211624294499],[-122.805142044436,53.9210358048079]]]},"properties":{"OBJECTID":114416,"Name":null,"Description":null,"BuildingType":1,"FloorCount":null,"Shape__Area":226.79638671875}},{"type":"Feature","id":111405,"geometry":{"type":"Polygon","coordinates":[[[-122.801026269317,53.9123473909765],[-122.801080369332,53.9124573686975],[-122.800964360985,53.9124773007587],[-122.800949190391,53.9124469139271],[-122.800846193678,53.9124646204244],[-122.800807035763,53.9123851549035],[-122.801026269317,53.9123473909765]]]},"properties":{"OBJECTID":111405,"Name":null,"Description":null,"BuildingType":1,"FloorCount":null,"Shape__Area":166.1708984375}},{"type":"Feature","id":113059,"geometry":{"type":"Polygon","coordinates":[[[-122.803797216798,53.9171919766318],[-122.803986862194,53.9171536017105],[-122.804035148171,53.9172368470146],[-122.803836099747,53.9172770492052],[-122.803830299713,53.9172671169149],[-122.803781958725,53.9172768708776],[-122.80372887024,53.9171853665856],[-122.803786370582,53.917173704165],[-122.803797216798,53.9171919766318]]]},"properties":{"OBJECTID":113059,"Name":null,"Description":null,"BuildingType":1,"FloorCount":null,"Shape__Area":172.74560546875}},{"type":"Feature","id":111897,"geometry":{"type":"Polygon","coordinates":[[[-122.816057764632,53.9138383066517],[-122.815998494591,53.9137660507071],[-122.815985010843,53.9137026012958],[-122.816089595412,53.9136726964407],[-122.816085400653,53.9137230501259],[-122.8161812203,53.9136956484248],[-122.816252559704,53.9137826092402],[-122.816057764632,53.9138383066517]]]},"properties":{"OBJECTID":111897,"Name":null,"Description":null,"BuildingType":1,"FloorCount":null,"Shape__Area":187.314208984375}},{"type":"Feature","id":113675,"geometry":{"type":"Polygon","coordinates":[[[-122.802311414857,53.9187863582977],[-122.802313363962,53.9186735074717],[-122.802399784725,53.918673937313],[-122.80240001871,53.9186598534137],[-122.80250898855,53.9186604101559],[-122.802507538533,53.9187579551459],[-122.802421863962,53.9187574636936],[-122.802421404228,53.9187871145345],[-122.802311414857,53.9187863582977]]]},"properties":{"OBJECTID":113675,"Name":null,"Description":null,"BuildingType":1,"FloorCount":null,"Shape__Area":154.149658203125}},{"type":"Feature","id":111777,"geometry":{"type":"Polygon","coordinates":[[[-122.805833965723,53.9134816898084],[-122.805833862786,53.9133693208701],[-122.805972142874,53.9133693556196],[-122.805972398005,53.913481814684],[-122.805833965723,53.9134816898084]]]},"properties":{"OBJECTID":111777,"Name":null,"Description":null,"BuildingType":1,"FloorCount":null,"Shape__Area":113.664306640625}},{"type":"Feature","id":112616,"geometry":{"type":"Polygon","coordinates":[[[-122.808855268569,53.9158349913816],[-122.808859072577,53.9160155046332],[-122.808685486284,53.9160167472076],[-122.80868512203,53.9160098348097],[-122.808666409903,53.9160099577957],[-122.808665911435,53.9159857791219],[-122.808694368399,53.9159854739225],[-122.808691274439,53.9158363031591],[-122.808855268569,53.9158349913816]]]},"properties":{"OBJECTID":112616,"Name":null,"Description":null,"BuildingType":1,"FloorCount":null,"Shape__Area":221.852294921875}},{"type":"Feature","id":113108,"geometry":{"type":"Polygon","coordinates":[[[-122.805203355929,53.917318112118],[-122.805402949865,53.9172716798222],[-122.805454918421,53.9173494388154],[-122.805444843397,53.9173517953414],[-122.805461141911,53.9173764490225],[-122.805420735374,53.9173858389986],[-122.805407746296,53.917366556545],[-122.805258907629,53.917401242878],[-122.805203355929,53.917318112118]]]},"properties":{"OBJECTID":113108,"Name":null,"Description":null,"BuildingType":1,"FloorCount":null,"Shape__Area":146.193115234375}},{"type":"Feature","id":113698,"geometry":{"type":"Polygon","coordinates":[[[-122.806834660972,53.9188523837933],[-122.806797920308,53.9187138996515],[-122.806989774462,53.9186960163148],[-122.80702640908,53.9188345182036],[-122.806834660972,53.9188523837933]]]},"properties":{"OBJECTID":113698,"Name":null,"Description":null,"BuildingType":1,"FloorCount":null,"Shape__Area":198.89306640625}},{"type":"Feature","id":113277,"geometry":{"type":"Polygon","coordinates":[[[-122.805413073782,53.9178482441631],[-122.805341330373,53.9177401993072],[-122.805480977275,53.9177080595818],[-122.805552630764,53.9178158615315],[-122.805413073782,53.9178482441631]]]},"properties":{"OBJECTID":113277,"Name":null,"Description":null,"BuildingType":1,"FloorCount":null,"Shape__Area":126.99755859375}},{"type":"Feature","id":113769,"geometry":{"type":"Polygon","coordinates":[[[-122.803803403478,53.9189381864548],[-122.803608849421,53.9189468475303],[-122.80359687185,53.9188516174681],[-122.803791334827,53.9188428034665],[-122.803803403478,53.9189381864548]]]},"properties":{"OBJECTID":113769,"Name":null,"Description":null,"BuildingType":1,"FloorCount":null,"Shape__Area":136.227294921875}},{"type":"Feature","id":111213,"geometry":{"type":"Polygon","coordinates":[[[-122.812600478838,53.9119301433716],[-122.812546630129,53.9118492296593],[-122.812620403831,53.9118321056874],[-122.812603573006,53.9118068768897],[-122.812698651591,53.9117847168455],[-122.812769483242,53.9118909583727],[-122.812600478838,53.9119301433716]]]},"properties":{"OBJECTID":111213,"Name":null,"Description":null,"BuildingType":1,"FloorCount":null,"Shape__Area":135.64697265625}},{"type":"Feature","id":111336,"geometry":{"type":"Polygon","coordinates":[[[-122.801790982905,53.9122548741187],[-122.801649357248,53.9122548470021],[-122.801649523296,53.9122037411323],[-122.801637709793,53.9122037306072],[-122.80163773436,53.9121214449013],[-122.801659580296,53.9121214360444],[-122.801659536429,53.9120889261361],[-122.801779285796,53.9120888272526],[-122.801779187637,53.9121224154944],[-122.801791077234,53.9121224261312],[-122.801790982905,53.9122548741187]]]},"properties":{"OBJECTID":111336,"Name":null,"Description":null,"BuildingType":1,"FloorCount":null,"Shape__Area":173.5068359375}},{"type":"Feature","id":111754,"geometry":{"type":"Polygon","coordinates":[[[-122.801012322534,53.9132412669234],[-122.801161396742,53.9132411543249],[-122.801161902575,53.9133461896857],[-122.801174036188,53.9133461828112],[-122.801174280956,53.9134100344266],[-122.801013026415,53.9134102437042],[-122.801012322534,53.9132412669234]]]},"properties":{"OBJECTID":111754,"Name":null,"Description":null,"BuildingType":1,"FloorCount":null,"Shape__Area":189.764404296875}},{"type":"Feature","id":113918,"geometry":{"type":"Polygon","coordinates":[[[-122.804869350907,53.9193629728989],[-122.804873889517,53.9192418931965],[-122.805005770905,53.91924361739],[-122.805004416778,53.9192826143621],[-122.805059029815,53.9192833501621],[-122.805055998835,53.9193652713627],[-122.804869350907,53.9193629728989]]]},"properties":{"OBJECTID":113918,"Name":null,"Description":null,"BuildingType":1,"FloorCount":null,"Shape__Area":149.502197265625}},{"type":"Feature","id":112467,"geometry":{"type":"Polygon","coordinates":[[[-122.814127366319,53.9152736667101],[-122.814279744934,53.9154088401949],[-122.814158374599,53.9154564239713],[-122.814133080142,53.9154337798564],[-122.814121229861,53.9154384173298],[-122.814058795625,53.9153829632199],[-122.81407545046,53.915376355818],[-122.814011273128,53.9153191912527],[-122.814127366319,53.9152736667101]]]},"properties":{"OBJECTID":112467,"Name":null,"Description":null,"BuildingType":1,"FloorCount":null,"Shape__Area":176.55029296875}},{"type":"Feature","id":112238,"geometry":{"type":"Polygon","coordinates":[[[-122.805466348542,53.9146381281836],[-122.805680714545,53.9146371450083],[-122.80568168783,53.914722641027],[-122.805467611448,53.9147234539003],[-122.805466348542,53.9146381281836]]]},"properties":{"OBJECTID":112238,"Name":null,"Description":null,"BuildingType":1,"FloorCount":null,"Shape__Area":133.718505859375}},{"type":"Feature","id":112487,"geometry":{"type":"Polygon","coordinates":[[[-122.80767672513,53.9154493106211],[-122.807881702543,53.9154481017528],[-122.807883153957,53.9155332389811],[-122.807677963764,53.9155342767383],[-122.80767672513,53.9154493106211]]]},"properties":{"OBJECTID":112487,"Name":null,"Description":null,"BuildingType":1,"FloorCount":null,"Shape__Area":127.478515625}},{"type":"Feature","id":113898,"geometry":{"type":"Polygon","coordinates":[[[-122.81111354981,53.9191933566849],[-122.811320187543,53.9191926658534],[-122.811321273448,53.9193097908913],[-122.811205918103,53.9193101039496],[-122.811205507077,53.9192763351847],[-122.811114347007,53.9192764884508],[-122.81111354981,53.9191933566849]]]},"properties":{"OBJECTID":113898,"Name":null,"Description":null,"BuildingType":1,"FloorCount":null,"Shape__Area":154.20458984375}},{"type":"Feature","id":111242,"geometry":{"type":"Polygon","coordinates":[[[-122.813520273219,53.9119397453674],[-122.813610533673,53.9118884557902],[-122.813736939296,53.9119661020736],[-122.813646389583,53.9120173912963],[-122.813520273219,53.9119397453674]]]},"properties":{"OBJECTID":111242,"Name":null,"Description":null,"BuildingType":1,"FloorCount":null,"Shape__Area":98.630126953125}},{"type":"Feature","id":112736,"geometry":{"type":"Polygon","coordinates":[[[-122.813851422141,53.9163783121363],[-122.813855507544,53.9162436683713],[-122.813914563123,53.9162442632244],[-122.813915413529,53.9162173632841],[-122.814018361114,53.9162183945995],[-122.814017220172,53.9162592974851],[-122.813996484258,53.9162591395376],[-122.813994600545,53.9163232843904],[-122.814020070998,53.916323557527],[-122.814018328322,53.9163799548918],[-122.813851422141,53.9163783121363]]]},"properties":{"OBJECTID":112736,"Name":null,"Description":null,"BuildingType":1,"FloorCount":null,"Shape__Area":172.07080078125}},{"type":"Feature","id":114396,"geometry":{"type":"Polygon","coordinates":[[[-122.812772316931,53.921015090997],[-122.812608985481,53.9211053369485],[-122.812469869857,53.9210176211286],[-122.812622424481,53.9209333266176],[-122.812704281275,53.9209849378592],[-122.812715058061,53.9209789865992],[-122.812772316931,53.921015090997]]]},"properties":{"OBJECTID":114396,"Name":null,"Description":null,"BuildingType":1,"FloorCount":null,"Shape__Area":188.7958984375}},{"type":"Feature","id":112095,"geometry":{"type":"Polygon","coordinates":[[[-122.80879811256,53.9142389263996],[-122.808801491783,53.9143223769464],[-122.808566290323,53.914325579495],[-122.808562863717,53.914242605233],[-122.808577769231,53.9142424222677],[-122.808575633956,53.9141866749034],[-122.80866646796,53.9141854894258],[-122.808668620758,53.9142407604491],[-122.80879811256,53.9142389263996]]]},"properties":{"OBJECTID":112095,"Name":null,"Description":null,"BuildingType":1,"FloorCount":null,"Shape__Area":180.137451171875}},{"type":"Feature","id":111634,"geometry":{"type":"Polygon","coordinates":[[[-122.806620309044,53.9130527269842],[-122.806617102304,53.9129263136856],[-122.80675046962,53.9129250453474],[-122.806752218625,53.9130012669464],[-122.806796263889,53.9130007446042],[-122.806797895924,53.9130660455155],[-122.806726493002,53.9130665957359],[-122.806725861514,53.9130516925093],[-122.806620309044,53.9130527269842]]]},"properties":{"OBJECTID":111634,"Name":null,"Description":null,"BuildingType":1,"FloorCount":null,"Shape__Area":147.0966796875}},{"type":"Feature","id":112083,"geometry":{"type":"Polygon","coordinates":[[[-122.806081156615,53.9141987164749],[-122.806086415645,53.9143090174803],[-122.805921568687,53.9143116543276],[-122.805916325148,53.914201389292],[-122.806081156615,53.9141987164749]]]},"properties":{"OBJECTID":112083,"Name":null,"Description":null,"BuildingType":1,"FloorCount":null,"Shape__Area":132.953369140625}},{"type":"Feature","id":114253,"geometry":{"type":"Polygon","coordinates":[[[-122.812506335901,53.9203010607004],[-122.812504665179,53.9201709829986],[-122.812644021126,53.9201704005412],[-122.81264543339,53.9203004868257],[-122.812506335901,53.9203010607004]]]},"properties":{"OBJECTID":114253,"Name":null,"Description":null,"BuildingType":1,"FloorCount":null,"Shape__Area":132.341552734375}},{"type":"Feature","id":113520,"geometry":{"type":"Polygon","coordinates":[[[-122.804899856854,53.9184174340722],[-122.804851284912,53.9183066942051],[-122.804989756112,53.918285554523],[-122.805038587151,53.9183963127308],[-122.804899856854,53.9184174340722]]]},"properties":{"OBJECTID":113520,"Name":null,"Description":null,"BuildingType":1,"FloorCount":null,"Shape__Area":119.685546875}},{"type":"Feature","id":111442,"geometry":{"type":"Polygon","coordinates":[[[-122.815616958507,53.9126087288349],[-122.815723003665,53.9124954712376],[-122.815931498639,53.9125634171852],[-122.815869749004,53.9126296274637],[-122.815842431008,53.9126207233437],[-122.815811671368,53.9126535814688],[-122.815758692311,53.9126363329982],[-122.815745338877,53.9126506574593],[-122.815616958507,53.9126087288349]]]},"properties":{"OBJECTID":111442,"Name":null,"Description":null,"BuildingType":1,"FloorCount":null,"Shape__Area":205.950439453125}},{"type":"Feature","id":111207,"geometry":{"type":"Polygon","coordinates":[[[-122.806529564942,53.9118459241077],[-122.806652724488,53.9118456460978],[-122.806652963619,53.9119125266808],[-122.806529834988,53.9119126609319],[-122.806529564942,53.9118459241077]]]},"properties":{"OBJECTID":111207,"Name":null,"Description":null,"BuildingType":1,"FloorCount":null,"Shape__Area":60.126953125}},{"type":"Feature","id":97227,"geometry":{"type":"Polygon","coordinates":[[[-122.81118425224,53.9167180673648],[-122.810901182864,53.9162161512435],[-122.811052914022,53.9161862980439],[-122.811001425342,53.9160946916214],[-122.811007780155,53.9160933713896],[-122.810968145865,53.9160233459595],[-122.811341398449,53.9159500151014],[-122.811380652996,53.9160199679078],[-122.811387707889,53.9160187026838],[-122.811463817518,53.9161539666456],[-122.811487223363,53.9161495003713],[-122.811619478681,53.9161235436644],[-122.811878087372,53.9165818007353],[-122.81118425224,53.9167180673648]]]},"properties":{"OBJECTID":97227,"Name":"Foothills Elementary School","Description":null,"BuildingType":4,"FloorCount":null,"Shape__Area":3271.114013671875}},{"type":"Feature","id":113457,"geometry":{"type":"Polygon","coordinates":[[[-122.803176597191,53.9182116179602],[-122.802969238738,53.9182305573256],[-122.802947790333,53.9181486948645],[-122.803300494717,53.9181166284396],[-122.803319730646,53.918189921596],[-122.803174398619,53.9182031925476],[-122.803176597191,53.9182116179602]]]},"properties":{"OBJECTID":113457,"Name":null,"Description":null,"BuildingType":1,"FloorCount":null,"Shape__Area":206.67138671875}},{"type":"Feature","id":110801,"geometry":{"type":"Polygon","coordinates":[[[-122.815796027111,53.9107183911909],[-122.816058730633,53.9107187579232],[-122.816058594552,53.9107982301948],[-122.815934297745,53.9107982105117],[-122.815934085559,53.9108464671126],[-122.815795449604,53.9108461736402],[-122.815796027111,53.9107183911909]]]},"properties":{"OBJECTID":110801,"Name":null,"Description":null,"BuildingType":1,"FloorCount":null,"Shape__Area":201.720947265625}},{"type":"Feature","id":111648,"geometry":{"type":"Polygon","coordinates":[[[-122.807582731975,53.9130737230964],[-122.807390512558,53.9130740800672],[-122.807390077505,53.9129932766741],[-122.807582510057,53.9129928391532],[-122.807582731975,53.9130737230964]]]},"properties":{"OBJECTID":111648,"Name":null,"Description":null,"BuildingType":1,"FloorCount":null,"Shape__Area":113.631103515625}},{"type":"Feature","id":111156,"geometry":{"type":"Polygon","coordinates":[[[-122.802526433329,53.9117396044997],[-122.802796895463,53.9117359953315],[-122.8027998339,53.9118070238595],[-122.80273560177,53.9118079070511],[-122.802736314877,53.9118277988139],[-122.802529916689,53.9118305604743],[-122.802526433329,53.9117396044997]]]},"properties":{"OBJECTID":111156,"Name":null,"Description":null,"BuildingType":1,"FloorCount":null,"Shape__Area":170.606689453125}},{"type":"Feature","id":112573,"geometry":{"type":"Polygon","coordinates":[[[-122.810133559845,53.9158746162202],[-122.809943248809,53.9158743421512],[-122.809943589359,53.9157892886843],[-122.809954825619,53.9157892345616],[-122.809954886089,53.9157557990761],[-122.81007328951,53.9157560043664],[-122.810073048039,53.9157924415775],[-122.810134084395,53.9157925470796],[-122.810133559845,53.9158746162202]]]},"properties":{"OBJECTID":112573,"Name":null,"Description":null,"BuildingType":1,"FloorCount":null,"Shape__Area":145.98291015625}},{"type":"Feature","id":111399,"geometry":{"type":"Polygon","coordinates":[[[-122.814658398914,53.9124422144126],[-122.814614335183,53.9123542521213],[-122.814851719106,53.9123127789116],[-122.814895493488,53.912400866503],[-122.814658398914,53.9124422144126]]]},"properties":{"OBJECTID":111399,"Name":null,"Description":null,"BuildingType":1,"FloorCount":null,"Shape__Area":165.910888671875}},{"type":"Feature","id":113071,"geometry":{"type":"Polygon","coordinates":[[[-122.813960795208,53.9171499894968],[-122.814197717883,53.9172461240264],[-122.814118533579,53.9173139152465],[-122.814020277945,53.9172740269288],[-122.814011948275,53.9172811775101],[-122.813910881561,53.9172400623733],[-122.813927265819,53.9172259944872],[-122.813889985259,53.91721080982],[-122.813960795208,53.9171499894968]]]},"properties":{"OBJECTID":113071,"Name":null,"Description":null,"BuildingType":1,"FloorCount":null,"Shape__Area":177.83251953125}},{"type":"Feature","id":111007,"geometry":{"type":"Polygon","coordinates":[[[-122.801555085115,53.9114053818617],[-122.801554340229,53.9112638635079],[-122.801680969438,53.9112634974631],[-122.801681158274,53.9113039710432],[-122.801747563249,53.9113037930726],[-122.801747799829,53.9113245558991],[-122.801820993835,53.9113245059407],[-122.801821603233,53.9114047973526],[-122.801555085115,53.9114053818617]]]},"properties":{"OBJECTID":111007,"Name":null,"Description":null,"BuildingType":1,"FloorCount":null,"Shape__Area":223.202392578125}},{"type":"Feature","id":110858,"geometry":{"type":"Polygon","coordinates":[[[-122.807694651945,53.9110007511496],[-122.807699421679,53.9108373107871],[-122.807898074503,53.9108393364709],[-122.807893305545,53.9110027768419],[-122.807694651945,53.9110007511496]]]},"properties":{"OBJECTID":110858,"Name":null,"Description":null,"BuildingType":1,"FloorCount":null,"Shape__Area":237.3642578125}},{"type":"Feature","id":111691,"geometry":{"type":"Polygon","coordinates":[[[-122.8041677474,53.9130554127131],[-122.80430924237,53.9130644336972],[-122.804287767014,53.9131836972783],[-122.80414613358,53.9131749007452],[-122.8041677474,53.9130554127131]]]},"properties":{"OBJECTID":111691,"Name":null,"Description":null,"BuildingType":1,"FloorCount":null,"Shape__Area":124.90576171875}},{"type":"Feature","id":111199,"geometry":{"type":"Polygon","coordinates":[[[-122.802828385106,53.9117764214342],[-122.802960462822,53.9117767011376],[-122.802960232529,53.9118126889784],[-122.80298701081,53.9118126610089],[-122.802987247895,53.9117719903966],[-122.803119447132,53.911772324053],[-122.803118482703,53.9118932209542],[-122.802988261452,53.9118930343513],[-122.802988600378,53.9118436634582],[-122.802958960586,53.911843578876],[-122.802958657987,53.9118949272033],[-122.80282755407,53.9118946760612],[-122.802828385106,53.9117764214342]]]},"properties":{"OBJECTID":111199,"Name":null,"Description":null,"BuildingType":1,"FloorCount":null,"Shape__Area":235.962890625}},{"type":"Feature","id":112281,"geometry":{"type":"Polygon","coordinates":[[[-122.803089298581,53.9147153174335],[-122.803226758019,53.914703031362],[-122.803259961783,53.9148328014747],[-122.803110576246,53.9148461106471],[-122.803106390593,53.9148296915834],[-122.803048482691,53.9148347827391],[-122.803033714893,53.9147765338528],[-122.803103381162,53.9147703654399],[-122.803089298581,53.9147153174335]]]},"properties":{"OBJECTID":112281,"Name":null,"Description":null,"BuildingType":1,"FloorCount":null,"Shape__Area":165.1435546875}},{"type":"Feature","id":111940,"geometry":{"type":"Polygon","coordinates":[[[-122.806022859937,53.9137722016619],[-122.806030998688,53.9138852397003],[-122.8058978781,53.913888449062],[-122.80588981562,53.9137754560779],[-122.806022859937,53.9137722016619]]]},"properties":{"OBJECTID":111940,"Name":null,"Description":null,"BuildingType":1,"FloorCount":null,"Shape__Area":110.107421875}},{"type":"Feature","id":111791,"geometry":{"type":"Polygon","coordinates":[[[-122.801666221131,53.9133770168266],[-122.801866143549,53.9133738325103],[-122.80187122335,53.9134874680002],[-122.801732536419,53.9134896748732],[-122.801732000499,53.9134774681972],[-122.801693556806,53.9134780608489],[-122.801692489502,53.913452694769],[-122.801669682568,53.9134529537111],[-122.801666221131,53.9133770168266]]]},"properties":{"OBJECTID":111791,"Name":null,"Description":null,"BuildingType":1,"FloorCount":null,"Shape__Area":156.407470703125}},{"type":"Feature","id":111840,"geometry":{"type":"Polygon","coordinates":[[[-122.80117798474,53.9134475837038],[-122.801178925071,53.913506025655],[-122.801148430154,53.9135062358172],[-122.801149348885,53.9135756251945],[-122.80116595877,53.9135755538283],[-122.801166827175,53.9136363145798],[-122.8009826715,53.9136371779785],[-122.800980439355,53.9134950729835],[-122.801045980894,53.913494714206],[-122.801045394934,53.9134482359544],[-122.80117798474,53.9134475837038]]]},"properties":{"OBJECTID":111840,"Name":null,"Description":null,"BuildingType":1,"FloorCount":null,"Shape__Area":229.316650390625}},{"type":"Feature","id":112873,"geometry":{"type":"Polygon","coordinates":[[[-122.807733750872,53.9168195057362],[-122.807733757828,53.9166986792791],[-122.807895586749,53.9166988124207],[-122.807895702515,53.9168195402051],[-122.807733750872,53.9168195057362]]]},"properties":{"OBJECTID":112873,"Name":null,"Description":null,"BuildingType":1,"FloorCount":null,"Shape__Area":142.88134765625}},{"type":"Feature","id":111746,"geometry":{"type":"Polygon","coordinates":[[[-122.813092183047,53.9133112156168],[-122.812948948351,53.9134013226286],[-122.812842598199,53.9133422581558],[-122.812985543948,53.9132520879036],[-122.813092183047,53.9133112156168]]]},"properties":{"OBJECTID":111746,"Name":null,"Description":null,"BuildingType":1,"FloorCount":null,"Shape__Area":131.95068359375}},{"type":"Feature","id":110988,"geometry":{"type":"Polygon","coordinates":[[[-122.805583800164,53.9113681639742],[-122.805569641873,53.911286349643],[-122.805767934566,53.9112745636071],[-122.80578187974,53.9113564584626],[-122.805583800164,53.9113681639742]]]},"properties":{"OBJECTID":110988,"Name":null,"Description":null,"BuildingType":1,"FloorCount":null,"Shape__Area":119.767578125}},{"type":"Feature","id":111652,"geometry":{"type":"Polygon","coordinates":[[[-122.80203894431,53.9129602081225],[-122.80232107214,53.9129606189394],[-122.802320681063,53.9130563232103],[-122.802215331998,53.9130561677237],[-122.802215363586,53.913068813983],[-122.802144511597,53.9130687422099],[-122.802144400455,53.9130536061256],[-122.802038595065,53.9130533688396],[-122.80203894431,53.9129602081225]]]},"properties":{"OBJECTID":111652,"Name":null,"Description":null,"BuildingType":1,"FloorCount":null,"Shape__Area":201.939697265625}},{"type":"Feature","id":111984,"geometry":{"type":"Polygon","coordinates":[[[-122.804526553879,53.9138425697247],[-122.804573534666,53.9139634817084],[-122.804421545365,53.9139841494973],[-122.804374473355,53.913863300222],[-122.804526553879,53.9138425697247]]]},"properties":{"OBJECTID":111984,"Name":null,"Description":null,"BuildingType":1,"FloorCount":null,"Shape__Area":141.421630859375}},{"type":"Feature","id":112765,"geometry":{"type":"Polygon","coordinates":[[[-122.809301968688,53.916349683699],[-122.809543364688,53.9163494286215],[-122.809543732404,53.9164258726431],[-122.809480289115,53.916425861892],[-122.809480252355,53.9164774173373],[-122.809346955447,53.9164774754385],[-122.809346673756,53.9164223332522],[-122.809302170339,53.9164223794375],[-122.809301968688,53.916349683699]]]},"properties":{"OBJECTID":112765,"Name":null,"Description":null,"BuildingType":1,"FloorCount":null,"Shape__Area":183.815673828125}},{"type":"Feature","id":114308,"geometry":{"type":"Polygon","coordinates":[[[-122.811181873344,53.9203702968981],[-122.811313582208,53.9203706027663],[-122.811313767178,53.920339711121],[-122.811393599265,53.9203399353869],[-122.811392966136,53.9204567610961],[-122.811302109566,53.9204565734372],[-122.81130207694,53.920463808768],[-122.811241262286,53.9204636772489],[-122.811241283548,53.9204555880353],[-122.81118529576,53.9204554550862],[-122.811185381448,53.9204432134938],[-122.81109055123,53.9204429205589],[-122.811090970221,53.9203804632425],[-122.811181978443,53.9203807501682],[-122.811181873344,53.9203702968981]]]},"properties":{"OBJECTID":114308,"Name":null,"Description":null,"BuildingType":1,"FloorCount":null,"Shape__Area":194.91162109375}},{"type":"Feature","id":110773,"geometry":{"type":"Polygon","coordinates":[[[-122.802347502116,53.9105809549348],[-122.802555465046,53.9105808027046],[-122.802555499787,53.9106250779868],[-122.802611900843,53.9106251707083],[-122.802611961581,53.9106639453351],[-122.802553764035,53.9106638766241],[-122.802553814513,53.910678994638],[-122.802390073885,53.9106792106571],[-122.802390016499,53.9106687933914],[-122.802347817824,53.9106688497757],[-122.802347502116,53.9105809549348]]]},"properties":{"OBJECTID":110773,"Name":null,"Description":null,"BuildingType":1,"FloorCount":null,"Shape__Area":161.821044921875}},{"type":"Feature","id":113713,"geometry":{"type":"Polygon","coordinates":[[[-122.809636973907,53.9188287078026],[-122.80980747544,53.9187147667264],[-122.809917117084,53.9187719515451],[-122.809781131789,53.9188627402929],[-122.809768129213,53.9188559337163],[-122.80973333889,53.9188791037373],[-122.809636973907,53.9188287078026]]]},"properties":{"OBJECTID":113713,"Name":null,"Description":null,"BuildingType":1,"FloorCount":null,"Shape__Area":158.587646484375}},{"type":"Feature","id":113381,"geometry":{"type":"Polygon","coordinates":[[[-122.810119308295,53.9180024444398],[-122.810304310874,53.9179499319723],[-122.810390209667,53.9180551739498],[-122.810258397445,53.9180927066158],[-122.810223087365,53.918049382322],[-122.810169819912,53.9180645059267],[-122.810119308295,53.9180024444398]]]},"properties":{"OBJECTID":113381,"Name":null,"Description":null,"BuildingType":1,"FloorCount":null,"Shape__Area":154.658935546875}},{"type":"Feature","id":111368,"geometry":{"type":"Polygon","coordinates":[[[-122.81573679141,53.9123340577839],[-122.81573756578,53.9122480611776],[-122.815965903747,53.9122484562631],[-122.815965266187,53.9123346058772],[-122.81573679141,53.9123340577839]]]},"properties":{"OBJECTID":111368,"Name":null,"Description":null,"BuildingType":1,"FloorCount":null,"Shape__Area":143.681396484375}},{"type":"Feature","id":113690,"geometry":{"type":"Polygon","coordinates":[[[-122.808996982332,53.9187674986516],[-122.809210106527,53.9187663184371],[-122.809211242745,53.9188377123632],[-122.80899799683,53.9188387935178],[-122.808996982332,53.9187674986516]]]},"properties":{"OBJECTID":113690,"Name":null,"Description":null,"BuildingType":1,"FloorCount":null,"Shape__Area":111.147705078125}},{"type":"Feature","id":112834,"geometry":{"type":"Polygon","coordinates":[[[-122.810135563242,53.9165304600612],[-122.810128490016,53.9167035409026],[-122.809981180121,53.9167013485142],[-122.809983513578,53.9166401075783],[-122.809941403502,53.9166394477309],[-122.809944655903,53.9165602590971],[-122.809988928438,53.916560796532],[-122.809990232487,53.9165284325974],[-122.810135563242,53.9165304600612]]]},"properties":{"OBJECTID":112834,"Name":null,"Description":null,"BuildingType":1,"FloorCount":null,"Shape__Area":210.4228515625}},{"type":"Feature","id":112911,"geometry":{"type":"Polygon","coordinates":[[[-122.803675784712,53.9168271326437],[-122.803985703088,53.9167411647709],[-122.804049760319,53.9168215236847],[-122.803740008577,53.9169075728868],[-122.803675784712,53.9168271326437]]]},"properties":{"OBJECTID":112911,"Name":null,"Description":null,"BuildingType":1,"FloorCount":null,"Shape__Area":222.34814453125}},{"type":"Feature","id":112888,"geometry":{"type":"Polygon","coordinates":[[[-122.807437262087,53.9168638271832],[-122.80743965988,53.9167232308314],[-122.807433920112,53.9167231946638],[-122.80743494082,53.9166634976161],[-122.807591239234,53.9166644132489],[-122.807588065024,53.9168647160317],[-122.807437262087,53.9168638271832]]]},"properties":{"OBJECTID":112888,"Name":null,"Description":null,"BuildingType":1,"FloorCount":null,"Shape__Area":223.077880859375}},{"type":"Feature","id":114191,"geometry":{"type":"Polygon","coordinates":[[[-122.809912021398,53.9201384961875],[-122.809914021115,53.9200133586907],[-122.809985644858,53.9200137236978],[-122.809985779721,53.9200041426466],[-122.810043486828,53.9200044226837],[-122.810043426918,53.9200109119632],[-122.810120257794,53.9200113480423],[-122.810118244257,53.920139667291],[-122.81005345688,53.9201393311518],[-122.81005331889,53.920149604278],[-122.809976350274,53.9201492668069],[-122.80997655029,53.9201387511015],[-122.809912021398,53.9201384961875]]]},"properties":{"OBJECTID":114191,"Name":null,"Description":null,"BuildingType":1,"FloorCount":null,"Shape__Area":200.2353515625}},{"type":"Feature","id":114185,"geometry":{"type":"Polygon","coordinates":[[[-122.802096789998,53.9200320818338],[-122.802343288838,53.920029476775],[-122.802346027497,53.9201201887255],[-122.802099635344,53.9201226591453],[-122.802096789998,53.9200320818338]]]},"properties":{"OBJECTID":114185,"Name":null,"Description":null,"BuildingType":1,"FloorCount":null,"Shape__Area":163.2822265625}},{"type":"Feature","id":112957,"geometry":{"type":"Polygon","coordinates":[[[-122.80321463927,53.9170118375026],[-122.802992972625,53.9169924463558],[-122.803012155516,53.916915045696],[-122.803120835614,53.9169244456614],[-122.803121736647,53.9169206272135],[-122.803234844754,53.9169305826063],[-122.80321463927,53.9170118375026]]]},"properties":{"OBJECTID":112957,"Name":null,"Description":null,"BuildingType":1,"FloorCount":null,"Shape__Area":131.439208984375}},{"type":"Feature","id":111483,"geometry":{"type":"Polygon","coordinates":[[[-122.808405510761,53.9125615954468],[-122.808411971243,53.9126834389676],[-122.808251970525,53.9126864013235],[-122.808249622626,53.9126439469463],[-122.808205866222,53.9126446410558],[-122.808202609566,53.9125812430356],[-122.80825437438,53.9125803819534],[-122.80825351931,53.9125643189168],[-122.808405510761,53.9125615954468]]]},"properties":{"OBJECTID":111483,"Name":null,"Description":null,"BuildingType":1,"FloorCount":null,"Shape__Area":162.060302734375}},{"type":"Feature","id":114262,"geometry":{"type":"Polygon","coordinates":[[[-122.811390758585,53.920318179839],[-122.811137064856,53.9203155521194],[-122.811139367281,53.9202372428387],[-122.811215587986,53.9202380188032],[-122.811216317694,53.9202146510136],[-122.811327831618,53.9202158508896],[-122.811326990392,53.9202437035429],[-122.811392735711,53.9202443730572],[-122.811390758585,53.920318179839]]]},"properties":{"OBJECTID":114262,"Name":null,"Description":null,"BuildingType":1,"FloorCount":null,"Shape__Area":162.028076171875}},{"type":"Feature","id":112748,"geometry":{"type":"Polygon","coordinates":[[[-122.814519553438,53.9164148846858],[-122.814518163103,53.9162819941027],[-122.814670051499,53.9162814286589],[-122.814671397317,53.9164141663743],[-122.814519553438,53.9164148846858]]]},"properties":{"OBJECTID":112748,"Name":null,"Description":null,"BuildingType":1,"FloorCount":null,"Shape__Area":147.40087890625}},{"type":"Feature","id":111431,"geometry":{"type":"Polygon","coordinates":[[[-122.805118001676,53.9125311028488],[-122.804996377882,53.9125901637258],[-122.804837790358,53.9124761621356],[-122.804959307101,53.9124171821369],[-122.805118001676,53.9125311028488]]]},"properties":{"OBJECTID":111431,"Name":null,"Description":null,"BuildingType":1,"FloorCount":null,"Shape__Area":169.6787109375}},{"type":"Feature","id":113103,"geometry":{"type":"Polygon","coordinates":[[[-122.810947995474,53.9174002397691],[-122.810771239284,53.9173234370737],[-122.810848560593,53.9172614334312],[-122.810941633611,53.9173019633277],[-122.810989324375,53.9172638840932],[-122.811072581447,53.9173000751835],[-122.810947995474,53.9174002397691]]]},"properties":{"OBJECTID":113103,"Name":null,"Description":null,"BuildingType":1,"FloorCount":null,"Shape__Area":159.17236328125}},{"type":"Feature","id":112118,"geometry":{"type":"Polygon","coordinates":[[[-122.80989637305,53.9142716518249],[-122.810060876957,53.9142539359996],[-122.81006255736,53.9142593854228],[-122.810155532507,53.9142493669407],[-122.810182330958,53.9143358744551],[-122.810087039816,53.914346266794],[-122.810091527699,53.9143604211001],[-122.810014515299,53.9143687211032],[-122.810008226837,53.9143487666459],[-122.809969552911,53.9143529747839],[-122.809967377214,53.9143459606531],[-122.809920996148,53.9143509565168],[-122.80989637305,53.9142716518249]]]},"properties":{"OBJECTID":112118,"Name":null,"Description":null,"BuildingType":1,"FloorCount":null,"Shape__Area":177.220703125}},{"type":"Feature","id":112201,"geometry":{"type":"Polygon","coordinates":[[[-122.808359510807,53.9145985586734],[-122.80852354503,53.9145974092013],[-122.808524977461,53.9146769917809],[-122.808361399741,53.9146781240075],[-122.808359510807,53.9145985586734]]]},"properties":{"OBJECTID":112201,"Name":null,"Description":null,"BuildingType":1,"FloorCount":null,"Shape__Area":95.27001953125}},{"type":"Feature","id":111623,"geometry":{"type":"Polygon","coordinates":[[[-122.80635521507,53.9129373784192],[-122.806354099889,53.9130566751973],[-122.806176012102,53.913056226109],[-122.806176786927,53.9129809523217],[-122.806215622428,53.9129811138648],[-122.806215918618,53.9129368661022],[-122.80635521507,53.9129373784192]]]},"properties":{"OBJECTID":111623,"Name":null,"Description":null,"BuildingType":1,"FloorCount":null,"Shape__Area":142.822998046875}},{"type":"Feature","id":112299,"geometry":{"type":"Polygon","coordinates":[[[-122.802393188271,53.9147922083728],[-122.80260458709,53.9148007531513],[-122.802594192167,53.9148904009716],[-122.802385807053,53.9148819240509],[-122.802387235097,53.9148696756723],[-122.802338952234,53.9148676368144],[-122.802346331537,53.9148041393131],[-122.802391601366,53.914805858628],[-122.802393188271,53.9147922083728]]]},"properties":{"OBJECTID":112299,"Name":null,"Description":null,"BuildingType":1,"FloorCount":null,"Shape__Area":159.96826171875}},{"type":"Feature","id":111955,"geometry":{"type":"Polygon","coordinates":[[[-122.806779059907,53.9137891678352],[-122.806780298686,53.9139033811433],[-122.806594924871,53.9139040624398],[-122.806594267817,53.9138353925813],[-122.806643351321,53.9138352738834],[-122.806643014547,53.9137895330889],[-122.806779059907,53.9137891678352]]]},"properties":{"OBJECTID":111955,"Name":null,"Description":null,"BuildingType":1,"FloorCount":null,"Shape__Area":138.3740234375}},{"type":"Feature","id":112794,"geometry":{"type":"Polygon","coordinates":[[[-122.80250462634,53.9165519214407],[-122.802543967566,53.9163455483776],[-122.802698576469,53.9163557792312],[-122.802659388628,53.9165620717035],[-122.80250462634,53.9165519214407]]]},"properties":{"OBJECTID":112794,"Name":null,"Description":null,"BuildingType":1,"FloorCount":null,"Shape__Area":236.158447265625}},{"type":"Feature","id":111122,"geometry":{"type":"Polygon","coordinates":[[[-122.814146779527,53.9117554186748],[-122.814102367709,53.9116708261698],[-122.814118410985,53.9116679029189],[-122.814103798122,53.9116401071779],[-122.814300385641,53.9116041624717],[-122.814335862223,53.911671457041],[-122.814276259795,53.9116823393032],[-122.814300219373,53.9117274335255],[-122.814146779527,53.9117554186748]]]},"properties":{"OBJECTID":111122,"Name":null,"Description":null,"BuildingType":1,"FloorCount":null,"Shape__Area":166.47265625}},{"type":"Feature","id":112548,"geometry":{"type":"Polygon","coordinates":[[[-122.814403980007,53.9156833747866],[-122.81462660817,53.9156434161841],[-122.814666051341,53.9157200822875],[-122.814584228075,53.9157348491982],[-122.814606931411,53.9157788628203],[-122.814466353982,53.9158041448435],[-122.814403980007,53.9156833747866]]]},"properties":{"OBJECTID":112548,"Name":null,"Description":null,"BuildingType":1,"FloorCount":null,"Shape__Area":185.750732421875}},{"type":"Feature","id":110790,"geometry":{"type":"Polygon","coordinates":[[[-122.807590568944,53.910583852684],[-122.80779820718,53.9105814708015],[-122.807798924607,53.9106042567011],[-122.807945926651,53.9106024875546],[-122.807947587066,53.910658656644],[-122.807975994992,53.9106582976104],[-122.807977305314,53.9106978741667],[-122.807952536151,53.9106981311632],[-122.807954720987,53.9107627678497],[-122.80785874955,53.9107638277192],[-122.807859256283,53.9107761421823],[-122.807742595329,53.9107774744475],[-122.807742935121,53.910786355202],[-122.807623716709,53.9107876742693],[-122.807623265957,53.9107731308542],[-122.807563359548,53.9107738707595],[-122.807562870315,53.9107610799556],[-122.807414376258,53.9107627563602],[-122.807412589147,53.9107078094378],[-122.807390636104,53.9107080977989],[-122.807389447256,53.9106720177891],[-122.80743393157,53.9106714869308],[-122.807432015105,53.9106082528021],[-122.8075273925,53.9106071923217],[-122.807527018658,53.9105957948528],[-122.807591049778,53.9105951604435],[-122.807590568944,53.910583852684]]]},"properties":{"OBJECTID":110790,"Name":null,"Description":null,"BuildingType":1,"FloorCount":null,"Shape__Area":698.97021484375}},{"type":"Feature","id":111514,"geometry":{"type":"Polygon","coordinates":[[[-122.807565673174,53.9125886638616],[-122.807581485414,53.9127189711943],[-122.807423096199,53.9127256830509],[-122.807407543377,53.9125953491491],[-122.807565673174,53.9125886638616]]]},"properties":{"OBJECTID":111514,"Name":null,"Description":null,"BuildingType":1,"FloorCount":null,"Shape__Area":151.496337890625}},{"type":"Feature","id":112264,"geometry":{"type":"Polygon","coordinates":[[[-122.803587219049,53.9147215616218],[-122.803849783055,53.9147018215563],[-122.803867025879,53.914781205318],[-122.803604445357,53.9148011161675],[-122.803587219049,53.9147215616218]]]},"properties":{"OBJECTID":112264,"Name":null,"Description":null,"BuildingType":1,"FloorCount":null,"Shape__Area":154.986083984375}},{"type":"Feature","id":113149,"geometry":{"type":"Polygon","coordinates":[[[-122.808189226044,53.9174220474546],[-122.808386081943,53.91742099552],[-122.808387222073,53.9174978721921],[-122.808315903868,53.9174982257606],[-122.808316009281,53.9175051287568],[-122.808190395778,53.9175056742071],[-122.808189226044,53.9174220474546]]]},"properties":{"OBJECTID":113149,"Name":null,"Description":null,"BuildingType":1,"FloorCount":null,"Shape__Area":116.86083984375}},{"type":"Feature","id":112596,"geometry":{"type":"Polygon","coordinates":[[[-122.80785758894,53.9159549627889],[-122.807659263069,53.9159560204861],[-122.807657132617,53.9158166482208],[-122.807777321505,53.9158159867925],[-122.807778228537,53.9158836952981],[-122.807856242486,53.9158834516326],[-122.80785758894,53.9159549627889]]]},"properties":{"OBJECTID":112596,"Name":null,"Description":null,"BuildingType":1,"FloorCount":null,"Shape__Area":163.21826171875}},{"type":"Feature","id":112805,"geometry":{"type":"Polygon","coordinates":[[[-122.803234538028,53.9164485255261],[-122.803213417532,53.916588435005],[-122.803068859606,53.9165807379542],[-122.803090087031,53.9164408556397],[-122.803234538028,53.9164485255261]]]},"properties":{"OBJECTID":112805,"Name":null,"Description":null,"BuildingType":1,"FloorCount":null,"Shape__Area":148.916259765625}},{"type":"Feature","id":112153,"geometry":{"type":"Polygon","coordinates":[[[-122.814640340964,53.9143301919476],[-122.814759303758,53.9144232581284],[-122.814740753713,53.9144316423382],[-122.814763859893,53.914449869816],[-122.814672775882,53.9144902384764],[-122.814530722455,53.9143788997762],[-122.814640340964,53.9143301919476]]]},"properties":{"OBJECTID":112153,"Name":null,"Description":null,"BuildingType":1,"FloorCount":null,"Shape__Area":136.00390625}},{"type":"Feature","id":113137,"geometry":{"type":"Polygon","coordinates":[[[-122.815339972654,53.9174718771682],[-122.81512645912,53.9174696701716],[-122.815129675303,53.9173551133584],[-122.815246282362,53.917356290478],[-122.815245151111,53.9173849156968],[-122.815342651177,53.9173858745776],[-122.815339972654,53.9174718771682]]]},"properties":{"OBJECTID":113137,"Name":null,"Description":null,"BuildingType":1,"FloorCount":null,"Shape__Area":158.6064453125}},{"type":"Feature","id":111328,"geometry":{"type":"Polygon","coordinates":[[[-122.807427452377,53.9120865487391],[-122.807572822051,53.9120866649219],[-122.80757257434,53.9122564580658],[-122.807427020816,53.9122564674213],[-122.807427452377,53.9120865487391]]]},"properties":{"OBJECTID":111328,"Name":null,"Description":null,"BuildingType":1,"FloorCount":null,"Shape__Area":180.5712890625}},{"type":"Feature","id":111915,"geometry":{"type":"Polygon","coordinates":[[[-122.80096604442,53.9138553716274],[-122.800939296646,53.9136790443951],[-122.801103622855,53.9136702027735],[-122.801109170462,53.9137073865944],[-122.801137920907,53.913705879272],[-122.801151842238,53.9137974637316],[-122.801128604225,53.9137986925681],[-122.801135852727,53.9138463862502],[-122.80096604442,53.9138553716274]]]},"properties":{"OBJECTID":111915,"Name":null,"Description":null,"BuildingType":1,"FloorCount":null,"Shape__Area":234.81689453125}},{"type":"Feature","id":112253,"geometry":{"type":"Polygon","coordinates":[[[-122.803919957018,53.9147757191553],[-122.803889316495,53.914650842917],[-122.804040647795,53.9146379673782],[-122.804052689775,53.914686882085],[-122.804116384445,53.9146814133977],[-122.804133342459,53.9147501907434],[-122.804070744311,53.91475556236],[-122.804072522321,53.9147627646984],[-122.803919957018,53.9147757191553]]]},"properties":{"OBJECTID":112253,"Name":null,"Description":null,"BuildingType":1,"FloorCount":null,"Shape__Area":173.80419921875}},{"type":"Feature","id":113581,"geometry":{"type":"Polygon","coordinates":[[[-122.804518782295,53.9185055534777],[-122.804474995246,53.9183974187961],[-122.804615896724,53.9183776406981],[-122.804659806594,53.9184856317193],[-122.804518782295,53.9185055534777]]]},"properties":{"OBJECTID":113581,"Name":null,"Description":null,"BuildingType":1,"FloorCount":null,"Shape__Area":117.67041015625}},{"type":"Feature","id":113830,"geometry":{"type":"Polygon","coordinates":[[[-122.801583343155,53.9191091770447],[-122.801581951715,53.9189819578026],[-122.801728612469,53.9189813641299],[-122.801730187367,53.9191085207565],[-122.801583343155,53.9191091770447]]]},"properties":{"OBJECTID":113830,"Name":null,"Description":null,"BuildingType":1,"FloorCount":null,"Shape__Area":136.3955078125}},{"type":"Feature","id":113730,"geometry":{"type":"Polygon","coordinates":[[[-122.809247270654,53.9188002983915],[-122.80945079735,53.9188002709525],[-122.809450812668,53.918816970783],[-122.809523014622,53.9188169684747],[-122.809523064013,53.9188997844908],[-122.809316705007,53.9188997626154],[-122.809316753621,53.9188723850774],[-122.809294812804,53.9188723951791],[-122.809294888574,53.9188958631108],[-122.809235156596,53.9188958761022],[-122.809235114291,53.9188650739709],[-122.809247462627,53.9188650756086],[-122.809247270654,53.9188002983915]]]},"properties":{"OBJECTID":113730,"Name":null,"Description":null,"BuildingType":1,"FloorCount":null,"Shape__Area":188.62255859375}},{"type":"Feature","id":113189,"geometry":{"type":"Polygon","coordinates":[[[-122.807445458891,53.9174615911083],[-122.807606034215,53.917463475299],[-122.807602075385,53.9175794328709],[-122.80739774379,53.9175769931539],[-122.807399658455,53.9175215668758],[-122.807443658161,53.9175220508824],[-122.807445458891,53.9174615911083]]]},"properties":{"OBJECTID":113189,"Name":null,"Description":null,"BuildingType":1,"FloorCount":null,"Shape__Area":153.7724609375}},{"type":"Feature","id":112851,"geometry":{"type":"Polygon","coordinates":[[[-122.808603638206,53.916755480161],[-122.808383905435,53.9167524153725],[-122.808387578003,53.9166585859034],[-122.808510362479,53.9166601838838],[-122.808509966293,53.9166735664709],[-122.808606869109,53.9166748893918],[-122.808603638206,53.916755480161]]]},"properties":{"OBJECTID":112851,"Name":null,"Description":null,"BuildingType":1,"FloorCount":null,"Shape__Area":141.43115234375}},{"type":"Feature","id":112402,"geometry":{"type":"Polygon","coordinates":[[[-122.81449479118,53.9152036875532],[-122.814333903387,53.9151162547431],[-122.814468981456,53.9150293781918],[-122.814566640977,53.9150824507242],[-122.814527722259,53.9151074942743],[-122.814591162834,53.9151420344817],[-122.81449479118,53.9152036875532]]]},"properties":{"OBJECTID":112402,"Name":null,"Description":null,"BuildingType":1,"FloorCount":null,"Shape__Area":167.20947265625}},{"type":"Feature","id":114222,"geometry":{"type":"Polygon","coordinates":[[[-122.804328802434,53.9202034022639],[-122.804071641535,53.9202000529014],[-122.804076103051,53.9200796921628],[-122.804131844159,53.9200803673075],[-122.804134205177,53.9200183625737],[-122.804262693876,53.9200200011555],[-122.804260595378,53.9200780066355],[-122.80433326719,53.920078933981],[-122.804328802434,53.9202034022639]]]},"properties":{"OBJECTID":114222,"Name":null,"Description":null,"BuildingType":1,"FloorCount":null,"Shape__Area":286.73095703125}},{"type":"Feature","id":111715,"geometry":{"type":"Polygon","coordinates":[[[-122.812116294197,53.9132053683203],[-122.812297278129,53.9130897412795],[-122.812399712522,53.9131458070967],[-122.812218790251,53.913261272602],[-122.812116294197,53.9132053683203]]]},"properties":{"OBJECTID":111715,"Name":null,"Description":null,"BuildingType":1,"FloorCount":null,"Shape__Area":160.561279296875}},{"type":"Feature","id":113784,"geometry":{"type":"Polygon","coordinates":[[[-122.803020246621,53.9189678234035],[-122.803002805991,53.9188010573714],[-122.803167290025,53.9187952151881],[-122.803176495419,53.9188839783394],[-122.803216074794,53.9188825332052],[-122.803219872745,53.9189199746809],[-122.803171476185,53.9189216839957],[-122.803171808162,53.9189255583919],[-122.803160356537,53.9189258991453],[-122.803164096666,53.9189626754116],[-122.803020246621,53.9189678234035]]]},"properties":{"OBJECTID":113784,"Name":null,"Description":null,"BuildingType":1,"FloorCount":null,"Shape__Area":206.15771484375}},{"type":"Feature","id":111128,"geometry":{"type":"Polygon","coordinates":[[[-122.814067481798,53.9117688139725],[-122.813923972488,53.9117853724058],[-122.813907390145,53.911734896702],[-122.813874459553,53.9117388183912],[-122.813870281728,53.9117266061236],[-122.813825516505,53.9117318756415],[-122.81381816854,53.9117102209891],[-122.813763198956,53.9117165352542],[-122.813738186758,53.9116412753452],[-122.813843251255,53.911629313361],[-122.813858344953,53.9116756073169],[-122.813967492354,53.9116629774479],[-122.813972341232,53.9116783455625],[-122.814035048827,53.9116710005694],[-122.814067481798,53.9117688139725]]]},"properties":{"OBJECTID":111128,"Name":null,"Description":null,"BuildingType":1,"FloorCount":null,"Shape__Area":197.582275390625}},{"type":"Feature","id":96718,"geometry":{"type":"Polygon","coordinates":[[[-122.80331389074,53.9099430135986],[-122.803372394612,53.9099424712549],[-122.803374820375,53.9100547721636],[-122.803316498724,53.9100553777235],[-122.80331389074,53.9099430135986]]]},"properties":{"OBJECTID":96718,"Name":null,"Description":null,"BuildingType":6,"FloorCount":null,"Shape__Area":47.968017578125}},{"type":"Feature","id":111520,"geometry":{"type":"Polygon","coordinates":[[[-122.805129258137,53.9126867584491],[-122.805138352694,53.9126756729467],[-122.805074604412,53.9126573776448],[-122.805141770941,53.9125758210914],[-122.80525369881,53.9126079821921],[-122.805243747046,53.9126200819645],[-122.805318305051,53.9126414776078],[-122.805307373296,53.9126547981735],[-122.805361406726,53.9126702823181],[-122.805306120519,53.9127375762196],[-122.805129258137,53.9126867584491]]]},"properties":{"OBJECTID":111520,"Name":null,"Description":null,"BuildingType":1,"FloorCount":null,"Shape__Area":174.444580078125}},{"type":"Feature","id":112061,"geometry":{"type":"Polygon","coordinates":[[[-122.803858198046,53.9142738687103],[-122.803640910805,53.9142715991639],[-122.803643096749,53.9141918246926],[-122.80386052089,53.9141940315426],[-122.803858198046,53.9142738687103]]]},"properties":{"OBJECTID":112061,"Name":null,"Description":null,"BuildingType":1,"FloorCount":null,"Shape__Area":126.80322265625}},{"type":"Feature","id":111815,"geometry":{"type":"Polygon","coordinates":[[[-122.804212412062,53.9134107028266],[-122.804346221397,53.9133933851958],[-122.804388622393,53.9135069914923],[-122.804254598946,53.9135244436422],[-122.804212412062,53.9134107028266]]]},"properties":{"OBJECTID":111815,"Name":null,"Description":null,"BuildingType":1,"FloorCount":null,"Shape__Area":116.622802734375}},{"type":"Feature","id":112897,"geometry":{"type":"Polygon","coordinates":[[[-122.810109373243,53.9168968078499],[-122.810030993761,53.9167926830745],[-122.810060672849,53.9167848834439],[-122.810043345525,53.916761603932],[-122.810112352198,53.9167435931378],[-122.810130618215,53.9167680425714],[-122.810169915902,53.9167577145001],[-122.810227426043,53.9168340241226],[-122.810216496435,53.9168369010057],[-122.810236548983,53.9168635912724],[-122.810109373243,53.9168968078499]]]},"properties":{"OBJECTID":112897,"Name":null,"Description":null,"BuildingType":1,"FloorCount":null,"Shape__Area":136.87255859375}},{"type":"Feature","id":113684,"geometry":{"type":"Polygon","coordinates":[[[-122.811130338851,53.9188234527458],[-122.811134265666,53.9187090769362],[-122.81126955686,53.918710664794],[-122.811265766799,53.9188251846315],[-122.811130338851,53.9188234527458]]]},"properties":{"OBJECTID":113684,"Name":null,"Description":null,"BuildingType":1,"FloorCount":null,"Shape__Area":113.247314453125}},{"type":"Feature","id":114225,"geometry":{"type":"Polygon","coordinates":[[[-122.804987480282,53.9202083564535],[-122.804732523817,53.9202057221419],[-122.804736121525,53.9200840746842],[-122.8047908278,53.9200846309958],[-122.804792580639,53.9200254924505],[-122.804920903573,53.9200267705365],[-122.804919278366,53.92008143324],[-122.804991068032,53.9200821520293],[-122.804987480282,53.9202083564535]]]},"properties":{"OBJECTID":114225,"Name":null,"Description":null,"BuildingType":1,"FloorCount":null,"Shape__Area":284.515380859375}},{"type":"Feature","id":112588,"geometry":{"type":"Polygon","coordinates":[[[-122.807923290684,53.9159437429357],[-122.807923719564,53.9158370194018],[-122.808071705305,53.9158372290355],[-122.808071566364,53.9159438901166],[-122.807923290684,53.9159437429357]]]},"properties":{"OBJECTID":112588,"Name":null,"Description":null,"BuildingType":1,"FloorCount":null,"Shape__Area":115.494140625}},{"type":"Feature","id":113086,"geometry":{"type":"Polygon","coordinates":[[[-122.81065302108,53.9173452535064],[-122.810485769683,53.9172710808996],[-122.81063464052,53.917154192359],[-122.810679070858,53.9171738383976],[-122.810625071262,53.9172164555183],[-122.810747710159,53.9172708288516],[-122.81065302108,53.9173452535064]]]},"properties":{"OBJECTID":113086,"Name":null,"Description":null,"BuildingType":1,"FloorCount":null,"Shape__Area":163.867431640625}},{"type":"Feature","id":111806,"geometry":{"type":"Polygon","coordinates":[[[-122.806367730979,53.9135161939617],[-122.80628969182,53.913516256855],[-122.806289653551,53.9134850502369],[-122.806251273554,53.9134850512382],[-122.806251414866,53.9133755858398],[-122.806367620607,53.9133755036251],[-122.806367730979,53.9135161939617]]]},"properties":{"OBJECTID":111806,"Name":null,"Description":null,"BuildingType":1,"FloorCount":null,"Shape__Area":110.86962890625}},{"type":"Feature","id":112376,"geometry":{"type":"Polygon","coordinates":[[[-122.805919175401,53.915139711595],[-122.805916820924,53.9150269255986],[-122.806056313518,53.9150260364363],[-122.806058501442,53.9151387053159],[-122.805919175401,53.915139711595]]]},"properties":{"OBJECTID":112376,"Name":null,"Description":null,"BuildingType":1,"FloorCount":null,"Shape__Area":114.85986328125}},{"type":"Feature","id":111071,"geometry":{"type":"Polygon","coordinates":[[[-122.805401261245,53.9115375450332],[-122.805390670973,53.9115364223392],[-122.805383494487,53.9115574158205],[-122.805278372411,53.9115485449614],[-122.805287292049,53.9115226378403],[-122.805272140819,53.9115202134588],[-122.805333902792,53.9113596698773],[-122.805492918569,53.9113808877167],[-122.805455286703,53.911479102279],[-122.805425376136,53.9114750990696],[-122.805401261245,53.9115375450332]]]},"properties":{"OBJECTID":111071,"Name":null,"Description":null,"BuildingType":1,"FloorCount":null,"Shape__Area":200.80078125}},{"type":"Feature","id":113776,"geometry":{"type":"Polygon","coordinates":[[[-122.810374369891,53.9188896269621],[-122.810576335706,53.9188880581935],[-122.810578220608,53.9189694839532],[-122.810376178921,53.9189709087966],[-122.810374369891,53.9188896269621]]]},"properties":{"OBJECTID":113776,"Name":null,"Description":null,"BuildingType":1,"FloorCount":null,"Shape__Area":120.1044921875}},{"type":"Feature","id":112682,"geometry":{"type":"Polygon","coordinates":[[[-122.815906427809,53.9160865727205],[-122.816084134656,53.916083114957],[-122.816091541187,53.9162166169359],[-122.815838417805,53.9162214421133],[-122.815834777991,53.9161559315655],[-122.815932790125,53.9161540505284],[-122.815931702748,53.9161347335252],[-122.815909122058,53.9161351662923],[-122.815906427809,53.9160865727205]]]},"properties":{"OBJECTID":112682,"Name":null,"Description":null,"BuildingType":1,"FloorCount":null,"Shape__Area":206.462890625}},{"type":"Feature","id":113346,"geometry":{"type":"Polygon","coordinates":[[[-122.81512402507,53.918031015442],[-122.815126043172,53.9179016085277],[-122.815271278013,53.917902353321],[-122.815270073692,53.9179751277529],[-122.815350326663,53.9179755657527],[-122.815349737987,53.9180192647723],[-122.815271403207,53.9180188656749],[-122.815271147588,53.918031933914],[-122.81512402507,53.918031015442]]]},"properties":{"OBJECTID":113346,"Name":null,"Description":null,"BuildingType":1,"FloorCount":null,"Shape__Area":163.2275390625}},{"type":"Feature","id":112419,"geometry":{"type":"Polygon","coordinates":[[[-122.803371133807,53.9151402584174],[-122.803562024461,53.9151233676665],[-122.803585057279,53.9152146701154],[-122.803394273424,53.9152314262569],[-122.803371133807,53.9151402584174]]]},"properties":{"OBJECTID":112419,"Name":null,"Description":null,"BuildingType":1,"FloorCount":null,"Shape__Area":130.0751953125}},{"type":"Feature","id":114085,"geometry":{"type":"Polygon","coordinates":[[[-122.81248863967,53.9198327735078],[-122.812489803561,53.91970215195],[-122.812626899871,53.9197025906236],[-122.812626026432,53.9198330508506],[-122.81248863967,53.9198327735078]]]},"properties":{"OBJECTID":114085,"Name":null,"Description":null,"BuildingType":1,"FloorCount":null,"Shape__Area":130.91259765625}},{"type":"Feature","id":114411,"geometry":{"type":"Polygon","coordinates":[[[-122.804568290729,53.9211413270299],[-122.804439446063,53.9210391748088],[-122.804547153625,53.9209918303098],[-122.804658234702,53.9210796355576],[-122.804736661437,53.9210452220079],[-122.804807979768,53.9211016390991],[-122.804697663277,53.921150085119],[-122.804644551213,53.9211078178088],[-122.804568290729,53.9211413270299]]]},"properties":{"OBJECTID":114411,"Name":null,"Description":null,"BuildingType":1,"FloorCount":null,"Shape__Area":190.6328125}},{"type":"Feature","id":112021,"geometry":{"type":"Polygon","coordinates":[[[-122.81204218268,53.9141616720539],[-122.811799973012,53.9140240360273],[-122.811897937784,53.9139638706308],[-122.811938877904,53.9139871419259],[-122.81197179218,53.91396695235],[-122.812087536084,53.9140328002974],[-122.812053994955,53.9140535821358],[-122.81213944457,53.9141020716096],[-122.81204218268,53.9141616720539]]]},"properties":{"OBJECTID":112021,"Name":null,"Description":null,"BuildingType":1,"FloorCount":null,"Shape__Area":237.361572265625}},{"type":"Feature","id":112396,"geometry":{"type":"Polygon","coordinates":[[[-122.803930588897,53.9150898782586],[-122.804132757475,53.9150866668667],[-122.804136384049,53.9151705943105],[-122.803934459208,53.915173689262],[-122.803930588897,53.9150898782586]]]},"properties":{"OBJECTID":112396,"Name":null,"Description":null,"BuildingType":1,"FloorCount":null,"Shape__Area":123.9208984375}},{"type":"Feature","id":114013,"geometry":{"type":"Polygon","coordinates":[[[-122.802320819443,53.9196094010366],[-122.802324006052,53.9194860002862],[-122.802562972979,53.9194880831341],[-122.802561823633,53.9195348281188],[-122.802495013113,53.9195342868382],[-122.802494157027,53.9195672715921],[-122.80246541058,53.919567089493],[-122.802464290477,53.9196108415021],[-122.802320819443,53.9196094010366]]]},"properties":{"OBJECTID":114013,"Name":null,"Description":null,"BuildingType":1,"FloorCount":null,"Shape__Area":169.08642578125}},{"type":"Feature","id":114062,"geometry":{"type":"Polygon","coordinates":[[[-122.801600231751,53.9196353027929],[-122.801838613584,53.9196357143367],[-122.801838221578,53.9197120672163],[-122.801719974727,53.9197118091337],[-122.801719681914,53.9197511134141],[-122.801618671268,53.9197508477353],[-122.801618800297,53.919717205659],[-122.801599599638,53.9197172458457],[-122.801600231751,53.9196353027929]]]},"properties":{"OBJECTID":114062,"Name":null,"Description":null,"BuildingType":1,"FloorCount":null,"Shape__Area":162.765380859375}},{"type":"Feature","id":111898,"geometry":{"type":"Polygon","coordinates":[[[-122.813451323618,53.9137643589384],[-122.813532901112,53.9136980458801],[-122.813699197939,53.9137692018125],[-122.813617619608,53.913835730695],[-122.813451323618,53.9137643589384]]]},"properties":{"OBJECTID":111898,"Name":null,"Description":null,"BuildingType":1,"FloorCount":null,"Shape__Area":123.20751953125}},{"type":"Feature","id":111288,"geometry":{"type":"Polygon","coordinates":[[[-122.808198560076,53.9121127696374],[-122.808368042887,53.9121131390817],[-122.808367618579,53.9122058233325],[-122.808197831128,53.9122054084609],[-122.808198560076,53.9121127696374]]]},"properties":{"OBJECTID":111288,"Name":null,"Description":null,"BuildingType":1,"FloorCount":null,"Shape__Area":114.87890625}},{"type":"Feature","id":111214,"geometry":{"type":"Polygon","coordinates":[[[-122.805286911454,53.9119022841566],[-122.805333053166,53.9117846152974],[-122.805459479976,53.9118019244651],[-122.805413445874,53.9119194407496],[-122.805286911454,53.9119022841566]]]},"properties":{"OBJECTID":111214,"Name":null,"Description":null,"BuildingType":1,"FloorCount":null,"Shape__Area":114.50341796875}},{"type":"Feature","id":111188,"geometry":{"type":"Polygon","coordinates":[[[-122.803729918489,53.9118839754456],[-122.803522116119,53.911884219858],[-122.803521914946,53.9117389633868],[-122.803729549011,53.9117387456644],[-122.803729918489,53.9118839754456]]]},"properties":{"OBJECTID":111188,"Name":null,"Description":null,"BuildingType":1,"FloorCount":null,"Shape__Area":220.4921875}},{"type":"Feature","id":113770,"geometry":{"type":"Polygon","coordinates":[[[-122.804303184407,53.9188275949352],[-122.804304662409,53.9189478395526],[-122.804169451448,53.9189485179581],[-122.804169260785,53.9189404553613],[-122.804109665109,53.9189406098347],[-122.804108684268,53.9188606504913],[-122.804162555671,53.9188603159111],[-122.804162082067,53.9188281199231],[-122.804303184407,53.9188275949352]]]},"properties":{"OBJECTID":113770,"Name":null,"Description":null,"BuildingType":1,"FloorCount":null,"Shape__Area":155.19775390625}},{"type":"Feature","id":111337,"geometry":{"type":"Polygon","coordinates":[[[-122.813027154488,53.9122016188393],[-122.813115714497,53.9121427410614],[-122.813254394651,53.9122159848233],[-122.81316568381,53.9122745568738],[-122.813027154488,53.9122016188393]]]},"properties":{"OBJECTID":111337,"Name":null,"Description":null,"BuildingType":1,"FloorCount":null,"Shape__Area":106.8330078125}},{"type":"Feature","id":112582,"geometry":{"type":"Polygon","coordinates":[[[-122.808567717852,53.9159241532993],[-122.808364918742,53.9159212862372],[-122.808365259208,53.9159134312164],[-122.808307971462,53.9159125758021],[-122.808310697827,53.9158458527997],[-122.808362946835,53.9158465293992],[-122.808363326104,53.9158368498642],[-122.808570920389,53.9158397785014],[-122.808567717852,53.9159241532993]]]},"properties":{"OBJECTID":112582,"Name":null,"Description":null,"BuildingType":1,"FloorCount":null,"Shape__Area":153.349365234375}},{"type":"Feature","id":113080,"geometry":{"type":"Polygon","coordinates":[[[-122.802392134321,53.9171179301876],[-122.802499873056,53.9171817069198],[-122.802285266785,53.9173081213756],[-122.802177498579,53.9172441376783],[-122.802392134321,53.9171179301876]]]},"properties":{"OBJECTID":113080,"Name":null,"Description":null,"BuildingType":1,"FloorCount":null,"Shape__Area":199.643310546875}},{"type":"Feature","id":113756,"geometry":{"type":"Polygon","coordinates":[[[-122.815895203528,53.9188527825393],[-122.816105414658,53.9188527630575],[-122.816105144711,53.9189419151498],[-122.816004850494,53.9189418963558],[-122.816004894777,53.9189387506048],[-122.815894931825,53.9189387708338],[-122.815895203528,53.9188527825393]]]},"properties":{"OBJECTID":113756,"Name":null,"Description":null,"BuildingType":1,"FloorCount":null,"Shape__Area":134.389892578125}},{"type":"Feature","id":114254,"geometry":{"type":"Polygon","coordinates":[[[-122.815952215128,53.920163732499],[-122.816088484232,53.9201621885809],[-122.81609241616,53.9202826614603],[-122.816012122771,53.920283482225],[-122.816012831705,53.9203092520554],[-122.815910549983,53.9203103176944],[-122.815906572024,53.9201865820757],[-122.815952969854,53.9201860060483],[-122.815952215128,53.920163732499]]]},"properties":{"OBJECTID":114254,"Name":null,"Description":null,"BuildingType":1,"FloorCount":null,"Shape__Area":172.441162109375}},{"type":"Feature","id":111941,"geometry":{"type":"Polygon","coordinates":[[[-122.808438645369,53.9138938770602],[-122.808436458218,53.9138162436747],[-122.808506660227,53.913815573677],[-122.808506051266,53.9137889500644],[-122.808587732661,53.913788199455],[-122.80858856734,53.9138187422223],[-122.808639814207,53.9138182846103],[-122.808641761457,53.9138918639933],[-122.808438645369,53.9138938770602]]]},"properties":{"OBJECTID":111941,"Name":null,"Description":null,"BuildingType":1,"FloorCount":null,"Shape__Area":129.665771484375}},{"type":"Feature","id":112974,"geometry":{"type":"Polygon","coordinates":[[[-122.813197195666,53.9170812679085],[-122.813079930534,53.9169003535958],[-122.813209827388,53.916870967019],[-122.81324728222,53.9169288634177],[-122.813270813921,53.9169235431264],[-122.813350381075,53.9170465784968],[-122.813197195666,53.9170812679085]]]},"properties":{"OBJECTID":112974,"Name":null,"Description":null,"BuildingType":1,"FloorCount":null,"Shape__Area":220.984130859375}},{"type":"Feature","id":110959,"geometry":{"type":"Polygon","coordinates":[[[-122.812190381144,53.9111781633453],[-122.812591208826,53.9111784120558],[-122.812591353791,53.9111630337011],[-122.812663313797,53.9111631190176],[-122.81266308897,53.9113120059779],[-122.812543038488,53.911311863577],[-122.812543025362,53.9113283926094],[-122.812404752194,53.9113283204916],[-122.812404724055,53.9113108206836],[-122.812259844594,53.9113106212338],[-122.812259819036,53.9113265031061],[-122.812190187822,53.9113264391663],[-122.812190381144,53.9111781633453]]]},"properties":{"OBJECTID":110959,"Name":null,"Description":null,"BuildingType":1,"FloorCount":null,"Shape__Area":492.62255859375}},{"type":"Feature","id":113209,"geometry":{"type":"Polygon","coordinates":[[[-122.802767364917,53.9174604527611],[-122.802936362885,53.9175586820454],[-122.802835956052,53.917618818126],[-122.802753794531,53.9175712262646],[-122.80276359674,53.917565418102],[-122.802676577666,53.9175147622697],[-122.802767364917,53.9174604527611]]]},"properties":{"OBJECTID":113209,"Name":null,"Description":null,"BuildingType":1,"FloorCount":null,"Shape__Area":139.172607421875}},{"type":"Feature","id":113458,"geometry":{"type":"Polygon","coordinates":[[[-122.80227455223,53.9182128056732],[-122.802071753595,53.9182301151701],[-122.802053202986,53.9181540276564],[-122.802255727665,53.9181366188711],[-122.80227455223,53.9182128056732]]]},"properties":{"OBJECTID":113458,"Name":null,"Description":null,"BuildingType":1,"FloorCount":null,"Shape__Area":115.123046875}},{"type":"Feature","id":112619,"geometry":{"type":"Polygon","coordinates":[[[-122.815916210258,53.9159012988962],[-122.816107630978,53.9158985362232],[-122.816113088564,53.9160320801609],[-122.815856348222,53.916035659485],[-122.81585374717,53.9159693595794],[-122.815951269534,53.9159679631316],[-122.815950428282,53.9159480712694],[-122.815918362498,53.9159485074774],[-122.815916210258,53.9159012988962]]]},"properties":{"OBJECTID":112619,"Name":null,"Description":null,"BuildingType":1,"FloorCount":null,"Shape__Area":213.75390625}},{"type":"Feature","id":111600,"geometry":{"type":"Polygon","coordinates":[[[-122.811620343747,53.9129241188472],[-122.811824688786,53.9129727500652],[-122.811776046629,53.9130442278066],[-122.811571731866,53.9129955695899],[-122.811620343747,53.9129241188472]]]},"properties":{"OBJECTID":111600,"Name":null,"Description":null,"BuildingType":1,"FloorCount":null,"Shape__Area":124.003662109375}},{"type":"Feature","id":111145,"geometry":{"type":"Polygon","coordinates":[[[-122.806513105015,53.9117214847784],[-122.806512405689,53.9118266709884],[-122.80639261323,53.9118263790467],[-122.806393144818,53.9117213183997],[-122.806513105015,53.9117214847784]]]},"properties":{"OBJECTID":111145,"Name":null,"Description":null,"BuildingType":1,"FloorCount":null,"Shape__Area":92.100341796875}},{"type":"Feature","id":111194,"geometry":{"type":"Polygon","coordinates":[[[-122.803154470561,53.9118901071632],[-122.803152920974,53.9117761179639],[-122.803285094848,53.9117753728283],[-122.803286537555,53.9118895056596],[-122.803154470561,53.9118901071632]]]},"properties":{"OBJECTID":111194,"Name":null,"Description":null,"BuildingType":1,"FloorCount":null,"Shape__Area":110.1435546875}},{"type":"Feature","id":113899,"geometry":{"type":"Polygon","coordinates":[[[-122.811797736514,53.919312327117],[-122.811795981672,53.919194679729],[-122.811934877633,53.9191940883879],[-122.811936815741,53.9193117001083],[-122.811797736514,53.919312327117]]]},"properties":{"OBJECTID":113899,"Name":null,"Description":null,"BuildingType":1,"FloorCount":null,"Shape__Area":119.47265625}},{"type":"Feature","id":111494,"geometry":{"type":"Polygon","coordinates":[[[-122.805504931719,53.9126910525857],[-122.805507657162,53.9126025065846],[-122.805682311089,53.9126043712235],[-122.80567979898,53.9126929535257],[-122.805504931719,53.9126910525857]]]},"properties":{"OBJECTID":111494,"Name":null,"Description":null,"BuildingType":1,"FloorCount":null,"Shape__Area":113.149658203125}},{"type":"Feature","id":111008,"geometry":{"type":"Polygon","coordinates":[[[-122.803161290491,53.9114110094433],[-122.803159671593,53.911331183765],[-122.803355648269,53.9113297521688],[-122.80335719155,53.9114095507562],[-122.803161290491,53.9114110094433]]]},"properties":{"OBJECTID":111008,"Name":null,"Description":null,"BuildingType":1,"FloorCount":null,"Shape__Area":114.30859375}},{"type":"Feature","id":113415,"geometry":{"type":"Polygon","coordinates":[[[-122.809085012558,53.9181281474576],[-122.809108596891,53.9179947213012],[-122.809244996481,53.9180031441262],[-122.809221413234,53.9181364265017],[-122.809085012558,53.9181281474576]]]},"properties":{"OBJECTID":113415,"Name":null,"Description":null,"BuildingType":1,"FloorCount":null,"Shape__Area":134.35595703125}},{"type":"Feature","id":110853,"geometry":{"type":"Polygon","coordinates":[[[-122.804161976206,53.91099266911],[-122.804017476805,53.9109928198577],[-122.804017323416,53.910872756999],[-122.804161654233,53.910872758774],[-122.804161976206,53.91099266911]]]},"properties":{"OBJECTID":110853,"Name":null,"Description":null,"BuildingType":1,"FloorCount":null,"Shape__Area":126.64208984375}},{"type":"Feature","id":113564,"geometry":{"type":"Polygon","coordinates":[[[-122.809110868191,53.9184848346109],[-122.80911271072,53.9182978590177],[-122.809263261746,53.9182983678598],[-122.809262077729,53.9184278658856],[-122.809239223924,53.9184278026225],[-122.809238550377,53.9184853790364],[-122.809110868191,53.9184848346109]]]},"properties":{"OBJECTID":113564,"Name":null,"Description":null,"BuildingType":1,"FloorCount":null,"Shape__Area":196.21630859375}},{"type":"Feature","id":112525,"geometry":{"type":"Polygon","coordinates":[[[-122.809434096337,53.9156901249506],[-122.809388888733,53.9155708355805],[-122.809538806581,53.9155510839928],[-122.80958415186,53.9156703195965],[-122.809434096337,53.9156901249506]]]},"properties":{"OBJECTID":112525,"Name":null,"Description":null,"BuildingType":1,"FloorCount":null,"Shape__Area":137.26318359375}},{"type":"Feature","id":114056,"geometry":{"type":"Polygon","coordinates":[[[-122.803040700071,53.919562075263],[-122.803296924132,53.9195630434675],[-122.803295773293,53.9196847847842],[-122.803228047215,53.9196846109221],[-122.80322740077,53.9197411357385],[-122.803100125787,53.919740621545],[-122.803100719449,53.9196824068884],[-122.803039373725,53.9196821265357],[-122.803040700071,53.919562075263]]]},"properties":{"OBJECTID":114056,"Name":null,"Description":null,"BuildingType":1,"FloorCount":null,"Shape__Area":279.943115234375}},{"type":"Feature","id":111792,"geometry":{"type":"Polygon","coordinates":[[[-122.812657040462,53.9134560453133],[-122.81278380586,53.9133756290714],[-122.812877645802,53.9134269893098],[-122.812750620374,53.9135076838744],[-122.812657040462,53.9134560453133]]]},"properties":{"OBJECTID":111792,"Name":null,"Description":null,"BuildingType":1,"FloorCount":null,"Shape__Area":102.926513671875}},{"type":"Feature","id":111543,"geometry":{"type":"Polygon","coordinates":[[[-122.809385108935,53.9126532327341],[-122.809526430756,53.9126534120298],[-122.809526068097,53.9126862718173],[-122.809546072424,53.9126862226523],[-122.809545391652,53.9128124229803],[-122.809384491335,53.9128122575724],[-122.809385108935,53.9126532327341]]]},"properties":{"OBJECTID":111543,"Name":null,"Description":null,"BuildingType":1,"FloorCount":null,"Shape__Area":182.33837890625}},{"type":"Feature","id":112382,"geometry":{"type":"Polygon","coordinates":[[[-122.805480288384,53.9150324929782],[-122.805481158095,53.9151270847432],[-122.805467866604,53.9151271530941],[-122.805468105734,53.915151043748],[-122.805339470783,53.9151513206631],[-122.805339211652,53.9151284725916],[-122.805315597842,53.9151285331814],[-122.805314689596,53.9150292136322],[-122.805334801953,53.9150290934385],[-122.805334655785,53.9150015987219],[-122.805468147368,53.9150012308108],[-122.805468412765,53.9150325726105],[-122.805480288384,53.9150324929782]]]},"properties":{"OBJECTID":112382,"Name":null,"Description":null,"BuildingType":1,"FloorCount":null,"Shape__Area":168.174072265625}},{"type":"Feature","id":113707,"geometry":{"type":"Polygon","coordinates":[[[-122.808054865467,53.9187787506498],[-122.808254626813,53.9187763643495],[-122.808255043263,53.9187884899009],[-122.808303068775,53.9187879284165],[-122.808305435561,53.9188562593895],[-122.80825894771,53.918856841306],[-122.808259205119,53.918867124052],[-122.808057845027,53.9188694179244],[-122.808054865467,53.9187787506498]]]},"properties":{"OBJECTID":113707,"Name":null,"Description":null,"BuildingType":1,"FloorCount":null,"Shape__Area":156.63818359375}},{"type":"Feature","id":114297,"geometry":{"type":"Polygon","coordinates":[[[-122.813065700852,53.92037926586],[-122.813276809595,53.920377724752],[-122.813278498029,53.920456597533],[-122.813067511062,53.9204580579413],[-122.813065700852,53.92037926586]]]},"properties":{"OBJECTID":114297,"Name":null,"Description":null,"BuildingType":1,"FloorCount":null,"Shape__Area":121.58740234375}},{"type":"Feature","id":114448,"geometry":{"type":"Polygon","coordinates":[[[-122.811590863658,53.9208700727005],[-122.811590230079,53.9212509044261],[-122.81137787573,53.9212507868148],[-122.811378511282,53.920869946104],[-122.811590863658,53.9208700727005]]]},"properties":{"OBJECTID":114448,"Name":null,"Description":null,"BuildingType":1,"FloorCount":null,"Shape__Area":590.914794921875}},{"type":"Feature","id":112233,"geometry":{"type":"Polygon","coordinates":[[[-122.807411565175,53.9147190191851],[-122.807411707545,53.9145491090972],[-122.807564667558,53.9145492284677],[-122.807564449274,53.9147192283142],[-122.807411565175,53.9147190191851]]]},"properties":{"OBJECTID":112233,"Name":null,"Description":null,"BuildingType":1,"FloorCount":null,"Shape__Area":189.93212890625}},{"type":"Feature","id":111151,"geometry":{"type":"Polygon","coordinates":[[[-122.806186765551,53.9117267378548],[-122.806301203716,53.9117260236904],[-122.806303200105,53.911830845737],[-122.806188974573,53.9118316051869],[-122.806186765551,53.9117267378548]]]},"properties":{"OBJECTID":111151,"Name":null,"Description":null,"BuildingType":1,"FloorCount":null,"Shape__Area":87.61767578125}},{"type":"Feature","id":111643,"geometry":{"type":"Polygon","coordinates":[[[-122.803465262989,53.9129527808562],[-122.803468825089,53.9130630882155],[-122.803267371181,53.9130653109671],[-122.803264883175,53.9129954336764],[-122.803322995916,53.9129948008324],[-122.803321679181,53.9129542714919],[-122.803465262989,53.9129527808562]]]},"properties":{"OBJECTID":111643,"Name":null,"Description":null,"BuildingType":1,"FloorCount":null,"Shape__Area":145.4599609375}},{"type":"Feature","id":112774,"geometry":{"type":"Polygon","coordinates":[[[-122.813249507697,53.9164369414992],[-122.813462998134,53.9164226317508],[-122.81346496398,53.9164324767277],[-122.813508779989,53.9164295247896],[-122.813521038598,53.9164939252837],[-122.813471679063,53.9164972101624],[-122.813473017156,53.9165044296512],[-122.81326507045,53.9165182536945],[-122.813249507697,53.9164369414992]]]},"properties":{"OBJECTID":112774,"Name":null,"Description":null,"BuildingType":1,"FloorCount":null,"Shape__Area":149.182373046875}},{"type":"Feature","id":113266,"geometry":{"type":"Polygon","coordinates":[[[-122.802934345623,53.9176411082138],[-122.802973050269,53.9177670045264],[-122.802832431438,53.9177819995153],[-122.802793666469,53.9176560671062],[-122.802934345623,53.9176411082138]]]},"properties":{"OBJECTID":113266,"Name":null,"Description":null,"BuildingType":1,"FloorCount":null,"Shape__Area":133.651123046875}},{"type":"Feature","id":111248,"geometry":{"type":"Polygon","coordinates":[[[-122.80447865325,53.9120152541597],[-122.804519479675,53.9119116253066],[-122.804674401525,53.9119329454191],[-122.80464469915,53.9120082350731],[-122.804610757254,53.9120035420103],[-122.804599541743,53.9120319799783],[-122.80447865325,53.9120152541597]]]},"properties":{"OBJECTID":111248,"Name":null,"Description":null,"BuildingType":1,"FloorCount":null,"Shape__Area":116.29736328125}},{"type":"Feature","id":112505,"geometry":{"type":"Polygon","coordinates":[[[-122.802767236235,53.9154911327457],[-122.802986665207,53.9155087320252],[-122.802967808972,53.9155912564293],[-122.802861913887,53.9155828405911],[-122.802853098512,53.9156216635308],[-122.802739487507,53.9156125787894],[-122.802767236235,53.9154911327457]]]},"properties":{"OBJECTID":112505,"Name":null,"Description":null,"BuildingType":1,"FloorCount":null,"Shape__Area":167.67138671875}},{"type":"Feature","id":111818,"geometry":{"type":"Polygon","coordinates":[[[-122.806783956785,53.9135429657004],[-122.806605961215,53.9135418792472],[-122.806609037414,53.913367039402],[-122.806756752948,53.9133678254638],[-122.806755928004,53.9134179056264],[-122.806786147058,53.9134180710952],[-122.806783956785,53.9135429657004]]]},"properties":{"OBJECTID":111818,"Name":null,"Description":null,"BuildingType":1,"FloorCount":null,"Shape__Area":216.471923828125}},{"type":"Feature","id":112482,"geometry":{"type":"Polygon","coordinates":[[[-122.807953775615,53.9154317868567],[-122.808164513314,53.9154294002933],[-122.808167389077,53.9155194652502],[-122.807956986364,53.915521744498],[-122.807953775615,53.9154317868567]]]},"properties":{"OBJECTID":112482,"Name":null,"Description":null,"BuildingType":1,"FloorCount":null,"Shape__Area":138.56103515625}},{"type":"Feature","id":111958,"geometry":{"type":"Polygon","coordinates":[[[-122.807968362471,53.9137755980587],[-122.808160123564,53.9137762910318],[-122.808159186328,53.9138545575845],[-122.808148453353,53.9138545314502],[-122.808147963245,53.9139083152339],[-122.80808554474,53.9139080986547],[-122.808085833305,53.9138551234749],[-122.807967543041,53.9138546557481],[-122.807968362471,53.9137755980587]]]},"properties":{"OBJECTID":111958,"Name":null,"Description":null,"BuildingType":1,"FloorCount":null,"Shape__Area":134.933837890625}},{"type":"Feature","id":111795,"geometry":{"type":"Polygon","coordinates":[[[-122.807967141095,53.9135009209005],[-122.807969823423,53.9133775100927],[-122.808120902614,53.9133784975925],[-122.808120539071,53.9133947024898],[-122.808175997933,53.9133952404929],[-122.808174653569,53.9134626937604],[-122.808122741727,53.9134621794003],[-122.808122162555,53.9135021753562],[-122.807967141095,53.9135009209005]]]},"properties":{"OBJECTID":111795,"Name":null,"Description":null,"BuildingType":1,"FloorCount":null,"Shape__Area":164.88427734375}},{"type":"Feature","id":111463,"geometry":{"type":"Polygon","coordinates":[[[-122.802307036672,53.9126638548635],[-122.802306467055,53.9125717172668],[-122.802384428164,53.9125716927871],[-122.80238441908,53.9125607183442],[-122.802502784995,53.9125604996168],[-122.802502973275,53.9125754470793],[-122.802559606374,53.9125753155034],[-122.802560211188,53.9126633366223],[-122.802307036672,53.9126638548635]]]},"properties":{"OBJECTID":111463,"Name":null,"Description":null,"BuildingType":1,"FloorCount":null,"Shape__Area":178.08544921875}},{"type":"Feature","id":112290,"geometry":{"type":"Polygon","coordinates":[[[-122.801521011645,53.9147516270478],[-122.801695764674,53.914760139819],[-122.801681104721,53.914865896115],[-122.801609139097,53.914862442678],[-122.801611962224,53.9148417837868],[-122.801393189252,53.9148311757877],[-122.801403379985,53.9147594319511],[-122.801518983374,53.9147651866816],[-122.801521011645,53.9147516270478]]]},"properties":{"OBJECTID":112290,"Name":null,"Description":null,"BuildingType":1,"FloorCount":null,"Shape__Area":181.538330078125}},{"type":"Feature","id":114282,"geometry":{"type":"Polygon","coordinates":[[[-122.809027236605,53.9204090530193],[-122.809025705908,53.9203307376821],[-122.809120997281,53.9203300173305],[-122.809121359806,53.9203473468724],[-122.809213727154,53.9203467476326],[-122.809213434676,53.9203274048785],[-122.809307157505,53.9203267268278],[-122.809307645555,53.9203466001872],[-122.809402190288,53.9203460042597],[-122.809401946511,53.9203293220471],[-122.80948242172,53.9203287486673],[-122.809483741247,53.9204068119976],[-122.809399839798,53.920407406905],[-122.809400174156,53.9204242600342],[-122.809303603953,53.9204248886963],[-122.809303194905,53.9204043862989],[-122.809211695383,53.9204049779981],[-122.809211966447,53.9204256779138],[-122.80912442557,53.9204263207755],[-122.80912405044,53.9204084159785],[-122.809027236605,53.9204090530193]]]},"properties":{"OBJECTID":114282,"Name":null,"Description":null,"BuildingType":1,"FloorCount":null,"Shape__Area":260.766357421875}},{"type":"Feature","id":111649,"geometry":{"type":"Polygon","coordinates":[[[-122.808201014756,53.9129525553995],[-122.808350610648,53.9129546457743],[-122.808349143582,53.9129891126582],[-122.808403672227,53.9129898737736],[-122.808400773932,53.9130576481389],[-122.808348635424,53.9130568728606],[-122.808347891168,53.9130764476758],[-122.808195798706,53.9130742274776],[-122.808201014756,53.9129525553995]]]},"properties":{"OBJECTID":111649,"Name":null,"Description":null,"BuildingType":1,"FloorCount":null,"Shape__Area":160.526123046875}},{"type":"Feature","id":110985,"geometry":{"type":"Polygon","coordinates":[[[-122.80480267284,53.9113621241474],[-122.804803493953,53.9112839742396],[-122.804868435827,53.9112841426996],[-122.804868595332,53.9112695193737],[-122.804808448955,53.9112693227564],[-122.804809030519,53.9111935722719],[-122.805010020055,53.9111943122485],[-122.805009312934,53.9112774866731],[-122.804920227584,53.9112771712138],[-122.804920217359,53.9112858986103],[-122.805009439862,53.9112861873281],[-122.805008885087,53.91136280071],[-122.80480267284,53.9113621241474]]]},"properties":{"OBJECTID":110985,"Name":null,"Description":null,"BuildingType":1,"FloorCount":null,"Shape__Area":238.34033203125}},{"type":"Feature","id":111317,"geometry":{"type":"Polygon","coordinates":[[[-122.803099356866,53.9121564500555],[-122.803295232321,53.9121547038068],[-122.803295504034,53.9121649146949],[-122.803353310645,53.9121643891923],[-122.803355240379,53.912233222961],[-122.803292866611,53.9122337409835],[-122.803292902078,53.9122391518572],[-122.803101365911,53.9122406984917],[-122.803099356866,53.9121564500555]]]},"properties":{"OBJECTID":111317,"Name":null,"Description":null,"BuildingType":1,"FloorCount":null,"Shape__Area":149.742919921875}},{"type":"Feature","id":112104,"geometry":{"type":"Polygon","coordinates":[[[-122.801523242379,53.9143325712999],[-122.801244066213,53.9143306085662],[-122.801245845692,53.9142347987585],[-122.801424376344,53.9142360108838],[-122.801424538562,53.9142274904681],[-122.801525168491,53.9142281781306],[-122.801523242379,53.9143325712999]]]},"properties":{"OBJECTID":112104,"Name":null,"Description":null,"BuildingType":1,"FloorCount":null,"Shape__Area":201.827880859375}},{"type":"Feature","id":112768,"geometry":{"type":"Polygon","coordinates":[[[-122.810148496724,53.9164785115547],[-122.809915446963,53.9164813336685],[-122.809912285285,53.9163896864199],[-122.810011726439,53.9163884596168],[-122.810010670582,53.9163560919476],[-122.810143989178,53.9163545231503],[-122.810148496724,53.9164785115547]]]},"properties":{"OBJECTID":112768,"Name":null,"Description":null,"BuildingType":1,"FloorCount":null,"Shape__Area":187.655029296875}},{"type":"Feature","id":112977,"geometry":{"type":"Polygon","coordinates":[[[-122.810290936498,53.9170779884449],[-122.810140153142,53.9169551350809],[-122.810238471888,53.916912965712],[-122.810263592,53.9169334981734],[-122.810273889015,53.916929110293],[-122.81033254851,53.9169769924523],[-122.810344523485,53.9169719061473],[-122.810411374852,53.9170264074265],[-122.810290936498,53.9170779884449]]]},"properties":{"OBJECTID":112977,"Name":null,"Description":null,"BuildingType":1,"FloorCount":null,"Shape__Area":153.6044921875}},{"type":"Feature","id":113764,"geometry":{"type":"Polygon","coordinates":[[[-122.804589765671,53.918939234837],[-122.804589806951,53.9188097439863],[-122.804729079764,53.9188097188523],[-122.8047291762,53.9189391559984],[-122.804589765671,53.918939234837]]]},"properties":{"OBJECTID":113764,"Name":null,"Description":null,"BuildingType":1,"FloorCount":null,"Shape__Area":131.81982421875}},{"type":"Feature","id":111108,"geometry":{"type":"Polygon","coordinates":[[[-122.81439977837,53.9117108336874],[-122.814340049359,53.9115854926728],[-122.81453445902,53.9115530855139],[-122.814569755633,53.9116267163223],[-122.814515276614,53.9116357460848],[-122.814539983068,53.9116875554976],[-122.81439977837,53.9117108336874]]]},"properties":{"OBJECTID":111108,"Name":null,"Description":null,"BuildingType":1,"FloorCount":null,"Shape__Area":170.209228515625}},{"type":"Feature","id":112436,"geometry":{"type":"Polygon","coordinates":[[[-122.815993668101,53.9152033330476],[-122.815998161171,53.9153345296451],[-122.815860963971,53.9153360450635],[-122.815856302911,53.9152050639165],[-122.815993668101,53.9152033330476]]]},"properties":{"OBJECTID":112436,"Name":null,"Description":null,"BuildingType":1,"FloorCount":null,"Shape__Area":131.5654296875}},{"type":"Feature","id":112645,"geometry":{"type":"Polygon","coordinates":[[[-122.815181081446,53.9161059334219],[-122.815180869847,53.9159676697963],[-122.815326239088,53.915967488965],[-122.815326523087,53.9160376951249],[-122.81535956124,53.916037736937],[-122.815359717748,53.9161057947541],[-122.815181081446,53.9161059334219]]]},"properties":{"OBJECTID":112645,"Name":null,"Description":null,"BuildingType":1,"FloorCount":null,"Shape__Area":163.500732421875}},{"type":"Feature","id":112668,"geometry":{"type":"Polygon","coordinates":[[[-122.809966625542,53.916174724127],[-122.809957821263,53.9160616404134],[-122.810052593167,53.9160591748239],[-122.81005192994,53.9160509946411],[-122.810148742608,53.9160483883946],[-122.81015583761,53.9161423428028],[-122.810072485435,53.9161445658811],[-122.810074568738,53.9161719647793],[-122.809966625542,53.916174724127]]]},"properties":{"OBJECTID":112668,"Name":null,"Description":null,"BuildingType":1,"FloorCount":null,"Shape__Area":147.640625}},{"type":"Feature","id":113332,"geometry":{"type":"Polygon","coordinates":[[[-122.81095937227,53.9179152283732],[-122.811068039595,53.9178272445217],[-122.811175613352,53.9178735493993],[-122.811100916896,53.9179340743459],[-122.811160713815,53.9179598562504],[-122.811126697149,53.9179873691249],[-122.81095937227,53.9179152283732]]]},"properties":{"OBJECTID":113332,"Name":null,"Description":null,"BuildingType":1,"FloorCount":null,"Shape__Area":124.412109375}},{"type":"Feature","id":111085,"geometry":{"type":"Polygon","coordinates":[[[-122.814803733881,53.9114973077059],[-122.814911107672,53.9114759198687],[-122.814941336168,53.9115287353862],[-122.81503994812,53.911509248389],[-122.815086202596,53.9115906436346],[-122.814880535432,53.9116316628752],[-122.814803733881,53.9114973077059]]]},"properties":{"OBJECTID":111085,"Name":null,"Description":null,"BuildingType":1,"FloorCount":null,"Shape__Area":182.689453125}},{"type":"Feature","id":131569,"geometry":{"type":"Polygon","coordinates":[[[-122.809848105282,53.9208779768941],[-122.809847637202,53.9208859036146],[-122.809859782492,53.920885901497],[-122.809859784362,53.9208926110806],[-122.809883770398,53.92089260973],[-122.809883789779,53.9209666859124],[-122.809987823366,53.9209666764081],[-122.809987840581,53.9210291141828],[-122.809883483265,53.9210291242982],[-122.809883483489,53.9210328453519],[-122.809653930879,53.9210328659916],[-122.809653931624,53.9210373049668],[-122.809547029502,53.9210373141271],[-122.809547028998,53.9210328245946],[-122.809317447839,53.9210328445458],[-122.809317448554,53.9210372823975],[-122.809210533104,53.9210372923607],[-122.809210531288,53.9210322635429],[-122.80896533498,53.921032284978],[-122.808965337125,53.9210372351509],[-122.808857546138,53.9210372434072],[-122.808857546057,53.9210330942977],[-122.808645045633,53.9210331120593],[-122.808645040692,53.9210150460674],[-122.808595800834,53.9210150507427],[-122.808595788385,53.9209566025452],[-122.808622210753,53.9209566008354],[-122.808622192985,53.9208780823088],[-122.809848105282,53.9208779768941]]]},"properties":{"OBJECTID":131569,"Name":null,"Description":null,"BuildingType":1,"FloorCount":null,"Shape__Area":1489.423583984375}},{"type":"Feature","id":111726,"geometry":{"type":"Polygon","coordinates":[[[-122.810363662058,53.9132184324585],[-122.810611440306,53.9132268947589],[-122.810599293182,53.9133510187289],[-122.810370741444,53.9133427215868],[-122.810353382836,53.9133232619826],[-122.810363662058,53.9132184324585]]]},"properties":{"OBJECTID":111726,"Name":null,"Description":null,"BuildingType":1,"FloorCount":null,"Shape__Area":223.722412109375}},{"type":"Feature","id":112390,"geometry":{"type":"Polygon","coordinates":[[[-122.808138030946,53.9151684166157],[-122.808131173469,53.9150369552711],[-122.808316381854,53.9150335928935],[-122.808319954906,53.9151044424917],[-122.808271566502,53.9151053808992],[-122.808274729147,53.9151661002983],[-122.808138030946,53.9151684166157]]]},"properties":{"OBJECTID":112390,"Name":null,"Description":null,"BuildingType":1,"FloorCount":null,"Shape__Area":156.647705078125}},{"type":"Feature","id":113693,"geometry":{"type":"Polygon","coordinates":[[[-122.801057548767,53.9186489186656],[-122.800996339492,53.9187867659463],[-122.800968724487,53.9187825047857],[-122.800948085376,53.918828965795],[-122.800794552298,53.9188052074585],[-122.800855827916,53.9186663627163],[-122.800922149515,53.9186765662603],[-122.800942311746,53.9186311201143],[-122.801057548767,53.9186489186656]]]},"properties":{"OBJECTID":113693,"Name":null,"Description":null,"BuildingType":1,"FloorCount":null,"Shape__Area":227.47802734375}},{"type":"Feature","id":114234,"geometry":{"type":"Polygon","coordinates":[[[-122.803972433658,53.9200617446246],[-122.803973065026,53.9201772511357],[-122.804013827698,53.9201899998064],[-122.803967442404,53.9202463690796],[-122.803904721396,53.9202307083648],[-122.803943046171,53.9201820646717],[-122.803940785914,53.9201770007076],[-122.803765113627,53.9201777653981],[-122.803765369538,53.9201816396674],[-122.803812228548,53.920222387167],[-122.803764634043,53.9202475658402],[-122.803691324246,53.9201910729595],[-122.803729998261,53.9201751464208],[-122.803729334927,53.9200633519219],[-122.803758473393,53.9200644331642],[-122.803758827741,53.9200538098634],[-122.803814810197,53.9200549619164],[-122.803815900586,53.9200627203883],[-122.803891024947,53.9200634093302],[-122.803893101444,53.920052447295],[-122.803939932885,53.9200535753588],[-122.803941288698,53.9200631858019],[-122.803972433658,53.9200617446246]]]},"properties":{"OBJECTID":114234,"Name":null,"Description":null,"BuildingType":1,"FloorCount":null,"Shape__Area":274.517822265625}},{"type":"Feature","id":111457,"geometry":{"type":"Polygon","coordinates":[[[-122.805715184396,53.9126459043317],[-122.805714481513,53.912567742982],[-122.805904643792,53.9125673044782],[-122.805904818502,53.9126117058013],[-122.805944659005,53.9126117432237],[-122.805944818869,53.9126659235367],[-122.805898233423,53.9126660459858],[-122.805897993945,53.9126454629303],[-122.805715184396,53.9126459043317]]]},"properties":{"OBJECTID":111457,"Name":null,"Description":null,"BuildingType":1,"FloorCount":null,"Shape__Area":125.320068359375}},{"type":"Feature","id":112296,"geometry":{"type":"Polygon","coordinates":[[[-122.802291800548,53.9148775269577],[-122.802075534828,53.9148646413619],[-122.802077806431,53.9148511000962],[-122.802035173974,53.9148486300134],[-122.802046414537,53.9147832334258],[-122.802095622028,53.914786109815],[-122.802097829875,53.9147731706438],[-122.802188314685,53.914778532799],[-122.802193641839,53.9147466249647],[-122.802312771095,53.9147537149718],[-122.802291800548,53.9148775269577]]]},"properties":{"OBJECTID":112296,"Name":null,"Description":null,"BuildingType":1,"FloorCount":null,"Shape__Area":194.651123046875}},{"type":"Feature","id":112714,"geometry":{"type":"Polygon","coordinates":[[[-122.80993431337,53.9163232366153],[-122.809937876453,53.9161957466413],[-122.810144670317,53.9161976556391],[-122.810142992573,53.9162587268459],[-122.810083038552,53.9162581736576],[-122.810081077826,53.9163245473701],[-122.80993431337,53.9163232366153]]]},"properties":{"OBJECTID":112714,"Name":null,"Description":null,"BuildingType":1,"FloorCount":null,"Shape__Area":163.57275390625}},{"type":"Feature","id":114042,"geometry":{"type":"Polygon","coordinates":[[[-122.803411904233,53.9195811898676],[-122.803636637653,53.919579490272],[-122.803637619148,53.9196169361128],[-122.803682172949,53.9196166134767],[-122.80368381156,53.919699000664],[-122.803370837823,53.9197013019183],[-122.803369092316,53.9196191122885],[-122.803412747731,53.9196187972695],[-122.803411904233,53.9195811898676]]]},"properties":{"OBJECTID":114042,"Name":null,"Description":null,"BuildingType":1,"FloorCount":null,"Shape__Area":249.90283203125}},{"type":"Feature","id":114211,"geometry":{"type":"Polygon","coordinates":[[[-122.811198580706,53.9201804685314],[-122.811201816199,53.9200944399773],[-122.811346947203,53.9200962499375],[-122.811343955308,53.9201823507824],[-122.811198580706,53.9201804685314]]]},"properties":{"OBJECTID":114211,"Name":null,"Description":null,"BuildingType":1,"FloorCount":null,"Shape__Area":91.38720703125}},{"type":"Feature","id":114288,"geometry":{"type":"Polygon","coordinates":[[[-122.810433309565,53.9202678672661],[-122.810590708738,53.9202674235262],[-122.810590908098,53.9203243002372],[-122.810617828781,53.9203242887629],[-122.810618276981,53.9203732923318],[-122.810579448444,53.9203734378225],[-122.810579883165,53.9204355010099],[-122.810432167353,53.9204359779971],[-122.810431716768,53.9203774650647],[-122.810463434284,53.9203773623278],[-122.810463190032,53.9203304353203],[-122.810433801961,53.9203305956623],[-122.810433309565,53.9202678672661]]]},"properties":{"OBJECTID":114288,"Name":null,"Description":null,"BuildingType":1,"FloorCount":null,"Shape__Area":188.328125}},{"type":"Feature","id":112098,"geometry":{"type":"Polygon","coordinates":[[[-122.808106549901,53.9143274612773],[-122.807932823418,53.9143275970032],[-122.807932381652,53.9141916248937],[-122.807993279101,53.9141916323948],[-122.807993199628,53.9142421451768],[-122.808106240714,53.9142421460987],[-122.808106549901,53.9143274612773]]]},"properties":{"OBJECTID":112098,"Name":null,"Description":null,"BuildingType":1,"FloorCount":null,"Shape__Area":130.8291015625}},{"type":"Feature","id":111016,"geometry":{"type":"Polygon","coordinates":[[[-122.8077393848,53.911423477624],[-122.807743912316,53.9113392666902],[-122.807953077453,53.9113433404137],[-122.807948169527,53.911427604675],[-122.8077393848,53.911423477624]]]},"properties":{"OBJECTID":111016,"Name":null,"Description":null,"BuildingType":1,"FloorCount":null,"Shape__Area":128.796875}},{"type":"Feature","id":112860,"geometry":{"type":"Polygon","coordinates":[[[-122.807930225785,53.9167847397344],[-122.807931275955,53.9166720221742],[-122.808060628061,53.91667241773],[-122.808060341673,53.9167182653581],[-122.808103672325,53.9167183795439],[-122.808103015867,53.9167851777441],[-122.807930225785,53.9167847397344]]]},"properties":{"OBJECTID":112860,"Name":null,"Description":null,"BuildingType":1,"FloorCount":null,"Shape__Area":127.7529296875}},{"type":"Feature","id":113647,"geometry":{"type":"Polygon","coordinates":[[[-122.801291500083,53.9185230327765],[-122.801222075516,53.9185666987121],[-122.801168028843,53.9186168165287],[-122.801136648487,53.9186519797768],[-122.801004724071,53.9186052930022],[-122.801036964371,53.9185686122313],[-122.80112982321,53.9184830109851],[-122.801144647494,53.9184874306919],[-122.801177081514,53.91846441205],[-122.801291500083,53.9185230327765]]]},"properties":{"OBJECTID":113647,"Name":null,"Description":null,"BuildingType":1,"FloorCount":null,"Shape__Area":188.379150390625}},{"type":"Feature","id":111171,"geometry":{"type":"Polygon","coordinates":[[[-122.808440471253,53.9118615348794],[-122.808441283018,53.9117440262036],[-122.808575993834,53.9117444117879],[-122.808575441739,53.9118618130214],[-122.808440471253,53.9118615348794]]]},"properties":{"OBJECTID":111171,"Name":null,"Description":null,"BuildingType":1,"FloorCount":null,"Shape__Area":115.749755859375}},{"type":"Feature","id":111918,"geometry":{"type":"Polygon","coordinates":[[[-122.802676028885,53.9137753415739],[-122.80289285289,53.913775203307],[-122.802893124966,53.9138629092776],[-122.802676162685,53.9138632180914],[-122.802676028885,53.9137753415739]]]},"properties":{"OBJECTID":111918,"Name":null,"Description":null,"BuildingType":1,"FloorCount":null,"Shape__Area":139.155517578125}},{"type":"Feature","id":113246,"geometry":{"type":"Polygon","coordinates":[[[-122.811493590292,53.9176497340111],[-122.811397678284,53.9177287232611],[-122.811334141009,53.9177018390547],[-122.811297295094,53.9177321967477],[-122.811211813837,53.9176960472605],[-122.811302163084,53.9176216962433],[-122.811295051081,53.9176186830576],[-122.811337703818,53.9175836247455],[-122.811493590292,53.9176497340111]]]},"properties":{"OBJECTID":113246,"Name":null,"Description":null,"BuildingType":1,"FloorCount":null,"Shape__Area":161.675537109375}},{"type":"Feature","id":113827,"geometry":{"type":"Polygon","coordinates":[[[-122.802422869427,53.9191056536465],[-122.802426638277,53.9189781822519],[-122.802562783913,53.9189795116815],[-122.802558862411,53.9191071536022],[-122.802422869427,53.9191056536465]]]},"properties":{"OBJECTID":113827,"Name":null,"Description":null,"BuildingType":1,"FloorCount":null,"Shape__Area":126.866943359375}},{"type":"Feature","id":111480,"geometry":{"type":"Polygon","coordinates":[[[-122.810804545898,53.9122559399728],[-122.81095831513,53.9123480671185],[-122.810974388148,53.9123386639399],[-122.811057862556,53.9123886161461],[-122.811044918411,53.9123962446222],[-122.811076817174,53.9124153584944],[-122.811062026747,53.9124239188265],[-122.811092331114,53.9124421313795],[-122.811105381505,53.9124345749699],[-122.811173020049,53.912475181562],[-122.811188268681,53.9124662893784],[-122.811272624059,53.9125168000789],[-122.811260550255,53.9125238547099],[-122.81132492516,53.9125624247837],[-122.811260374456,53.9125999833364],[-122.811278122922,53.9126106620858],[-122.811233368919,53.9126367919518],[-122.811219127317,53.9126282938202],[-122.811115256318,53.9126887999196],[-122.811076129952,53.9126654413102],[-122.811091424263,53.9126565671871],[-122.811027201463,53.9126180421684],[-122.811009968386,53.9126280996566],[-122.810933598995,53.9125824189482],[-122.810950557314,53.9125725228234],[-122.810885742795,53.9125336103101],[-122.810868539964,53.9125437127662],[-122.810786492635,53.9124946165444],[-122.810801909547,53.9124855628898],[-122.810742910509,53.9124500749252],[-122.810726623696,53.9124596035686],[-122.810685569685,53.9124350643561],[-122.810696178313,53.9124288433631],[-122.810608134314,53.9123761513273],[-122.810686086526,53.9123308845158],[-122.810668384244,53.9123201518226],[-122.810734110879,53.9122817955018],[-122.8107468945,53.91228947348],[-122.810804545898,53.9122559399728]]]},"properties":{"OBJECTID":111480,"Name":null,"Description":null,"BuildingType":1,"FloorCount":null,"Shape__Area":943.5517578125}},{"type":"Feature","id":111277,"geometry":{"type":"Polygon","coordinates":[[[-122.801018156065,53.9120141180102],[-122.801166378537,53.9120161251813],[-122.801160361628,53.9121675102097],[-122.801012261049,53.9121653684126],[-122.801018156065,53.9120141180102]]]},"properties":{"OBJECTID":111277,"Name":null,"Description":null,"BuildingType":1,"FloorCount":null,"Shape__Area":163.939697265625}},{"type":"Feature","id":113152,"geometry":{"type":"Polygon","coordinates":[[[-122.814144865941,53.9173465197293],[-122.814301620755,53.917351552851],[-122.81429536323,53.9174235734586],[-122.814288933308,53.9174932658919],[-122.814246003359,53.9174918782542],[-122.814242979696,53.9175247788511],[-122.814105466686,53.917520350675],[-122.814115960272,53.9174065152089],[-122.814139267258,53.917407261338],[-122.814144865941,53.9173465197293]]]},"properties":{"OBJECTID":113152,"Name":null,"Description":null,"BuildingType":1,"FloorCount":null,"Shape__Area":210.057373046875}},{"type":"Feature","id":111872,"geometry":{"type":"Polygon","coordinates":[[[-122.813183797166,53.9136259763082],[-122.813290017195,53.9136223305634],[-122.813291879516,53.9136416937447],[-122.813349998986,53.9136397168372],[-122.81335089026,53.9136481040845],[-122.813414033918,53.9136460810264],[-122.813421519224,53.9137257538503],[-122.813194005467,53.9137333186378],[-122.813183797166,53.9136259763082]]]},"properties":{"OBJECTID":111872,"Name":null,"Description":null,"BuildingType":1,"FloorCount":null,"Shape__Area":158.128662109375}},{"type":"Feature","id":112213,"geometry":{"type":"Polygon","coordinates":[[[-122.808876753575,53.9146108068008],[-122.809073487945,53.9146101310539],[-122.809074160568,53.9146996442256],[-122.808877730596,53.9147002485539],[-122.808876753575,53.9146108068008]]]},"properties":{"OBJECTID":112213,"Name":null,"Description":null,"BuildingType":1,"FloorCount":null,"Shape__Area":128.547607421875}},{"type":"Feature","id":112545,"geometry":{"type":"Polygon","coordinates":[[[-122.815132875091,53.9157827834652],[-122.815128288378,53.9156458163654],[-122.815269034669,53.9156441544457],[-122.815271414281,53.915715568233],[-122.815360180017,53.9157145632583],[-122.815362387281,53.9157802154323],[-122.815132875091,53.9157827834652]]]},"properties":{"OBJECTID":112545,"Name":null,"Description":null,"BuildingType":1,"FloorCount":null,"Shape__Area":183.568359375}},{"type":"Feature","id":113887,"geometry":{"type":"Polygon","coordinates":[[[-122.802372837177,53.9192763443811],[-122.80237519375,53.9191448889589],[-122.802505937307,53.9191456523035],[-122.802504982997,53.9192091333706],[-122.802515930081,53.9192092502407],[-122.802514816822,53.9192773778705],[-122.802372837177,53.9192763443811]]]},"properties":{"OBJECTID":113887,"Name":null,"Description":null,"BuildingType":1,"FloorCount":null,"Shape__Area":131.302978515625}},{"type":"Feature","id":111526,"geometry":{"type":"Polygon","coordinates":[[[-122.814714290132,53.9126509046287],[-122.81480076339,53.9125953929178],[-122.815008161227,53.9127081262956],[-122.814921657285,53.9127637010239],[-122.814714290132,53.9126509046287]]]},"properties":{"OBJECTID":111526,"Name":null,"Description":null,"BuildingType":1,"FloorCount":null,"Shape__Area":155.4580078125}},{"type":"Feature","id":112854,"geometry":{"type":"Polygon","coordinates":[[[-122.816014106483,53.9166460375978],[-122.81601525198,53.9167733641696],[-122.815879532129,53.9167736954521],[-122.81587915605,53.9167103650253],[-122.815883038709,53.9167103170496],[-122.815882436699,53.9166464290162],[-122.816014106483,53.9166460375978]]]},"properties":{"OBJECTID":112854,"Name":null,"Description":null,"BuildingType":1,"FloorCount":null,"Shape__Area":124.304931640625}},{"type":"Feature","id":111666,"geometry":{"type":"Polygon","coordinates":[[[-122.809627866174,53.9129649014353],[-122.809625433027,53.9131015520976],[-122.809441167182,53.9131004239526],[-122.809442239598,53.9130354060022],[-122.809334593996,53.9130347587734],[-122.809335864866,53.9129629731261],[-122.809627866174,53.9129649014353]]]},"properties":{"OBJECTID":111666,"Name":null,"Description":null,"BuildingType":1,"FloorCount":null,"Shape__Area":240.621337890625}},{"type":"Feature","id":96767,"geometry":{"type":"Polygon","coordinates":[[[-122.80971418284,53.9110097835241],[-122.809714697212,53.9109401627744],[-122.809931565513,53.9109404343191],[-122.809931340373,53.9110101364199],[-122.80971418284,53.9110097835241]]]},"properties":{"OBJECTID":96767,"Name":null,"Description":null,"BuildingType":1,"FloorCount":null,"Shape__Area":110.4873046875}},{"type":"Feature","id":111417,"geometry":{"type":"Polygon","coordinates":[[[-122.804299399065,53.9125159749267],[-122.804332864693,53.9123979172922],[-122.804481591933,53.9124127741261],[-122.80444830948,53.9125308141235],[-122.804299399065,53.9125159749267]]]},"properties":{"OBJECTID":111417,"Name":null,"Description":null,"BuildingType":1,"FloorCount":null,"Shape__Area":132.012451171875}},{"type":"Feature","id":112745,"geometry":{"type":"Polygon","coordinates":[[[-122.815173121933,53.9164086030107],[-122.815169527226,53.9163124252602],[-122.815310017447,53.9163106460522],[-122.815313551299,53.9164068866211],[-122.815173121933,53.9164086030107]]]},"properties":{"OBJECTID":112745,"Name":null,"Description":null,"BuildingType":1,"FloorCount":null,"Shape__Area":98.79736328125}},{"type":"Feature","id":112064,"geometry":{"type":"Polygon","coordinates":[[[-122.811071763608,53.9141826194451],[-122.811289191794,53.9141333472103],[-122.811360012565,53.9142420881908],[-122.811142599405,53.9142912976605],[-122.811071763608,53.9141826194451]]]},"properties":{"OBJECTID":112064,"Name":null,"Description":null,"BuildingType":1,"FloorCount":null,"Shape__Area":198.217041015625}},{"type":"Feature","id":112359,"geometry":{"type":"Polygon","coordinates":[[[-122.809379915246,53.9151108393802],[-122.809168105009,53.9151084087705],[-122.80917090842,53.9150177955977],[-122.809382809341,53.9150202712871],[-122.809379915246,53.9151108393802]]]},"properties":{"OBJECTID":112359,"Name":null,"Description":null,"BuildingType":1,"FloorCount":null,"Shape__Area":140.303955078125}},{"type":"Feature","id":113392,"geometry":{"type":"Polygon","coordinates":[[[-122.802925519154,53.918089606785],[-122.802890529917,53.9179733068193],[-122.803025099763,53.9179593714199],[-122.803060120618,53.9180755006252],[-122.802925519154,53.918089606785]]]},"properties":{"OBJECTID":113392,"Name":null,"Description":null,"BuildingType":1,"FloorCount":null,"Shape__Area":117.879150390625}},{"type":"Feature","id":114025,"geometry":{"type":"Polygon","coordinates":[[[-122.815253366084,53.9195421153633],[-122.815459711149,53.9195391070285],[-122.815463073844,53.9196225033501],[-122.815452247194,53.9196226664748],[-122.815453513442,53.9196531828598],[-122.815352754826,53.9196545020287],[-122.815351275962,53.9196204260468],[-122.815256729847,53.9196217277224],[-122.815253366084,53.9195421153633]]]},"properties":{"OBJECTID":114025,"Name":null,"Description":null,"BuildingType":1,"FloorCount":null,"Shape__Area":145.615478515625}},{"type":"Feature","id":111125,"geometry":{"type":"Polygon","coordinates":[[[-122.805313546693,53.9117431756536],[-122.805360126075,53.9116131758633],[-122.805495247111,53.9116300227184],[-122.805448729608,53.9117598968277],[-122.805313546693,53.9117431756536]]]},"properties":{"OBJECTID":111125,"Name":null,"Description":null,"BuildingType":1,"FloorCount":null,"Shape__Area":134.054931640625}},{"type":"Feature","id":111766,"geometry":{"type":"Polygon","coordinates":[[[-122.807682276061,53.9134725211503],[-122.807681461208,53.9133814797516],[-122.807932219704,53.9133808833962],[-122.80793283653,53.9134720682851],[-122.807682276061,53.9134725211503]]]},"properties":{"OBJECTID":111766,"Name":null,"Description":null,"BuildingType":1,"FloorCount":null,"Shape__Area":166.908447265625}},{"type":"Feature","id":112493,"geometry":{"type":"Polygon","coordinates":[[[-122.805775516396,53.915542953389],[-122.805776626177,53.9154251936143],[-122.805944355347,53.9154257703581],[-122.805943444251,53.9155434675387],[-122.805775516396,53.915542953389]]]},"properties":{"OBJECTID":112493,"Name":null,"Description":null,"BuildingType":1,"FloorCount":null,"Shape__Area":144.39208984375}},{"type":"Feature","id":114082,"geometry":{"type":"Polygon","coordinates":[[[-122.813890631165,53.9197429705528],[-122.814090891045,53.9197424268536],[-122.814091478268,53.9198227450023],[-122.813890959436,53.9198232253851],[-122.813890631165,53.9197429705528]]]},"properties":{"OBJECTID":114082,"Name":null,"Description":null,"BuildingType":1,"FloorCount":null,"Shape__Area":117.561279296875}},{"type":"Feature","id":112920,"geometry":{"type":"Polygon","coordinates":[[[-122.815812977562,53.9168266678727],[-122.816040715722,53.9168271877106],[-122.816040083527,53.9169502332402],[-122.815899173934,53.9169499543957],[-122.815899370694,53.9168913795311],[-122.815812450505,53.9168910754802],[-122.815812977562,53.9168266678727]]]},"properties":{"OBJECTID":112920,"Name":null,"Description":null,"BuildingType":1,"FloorCount":null,"Shape__Area":167.693115234375}},{"type":"Feature","id":111640,"geometry":{"type":"Polygon","coordinates":[[[-122.807675790402,53.9130716431275],[-122.807675230574,53.912981429033],[-122.807890439511,53.912980676959],[-122.807890460686,53.9129959656897],[-122.807935904462,53.91299589457],[-122.807936702217,53.913070874275],[-122.807675790402,53.9130716431275]]]},"properties":{"OBJECTID":111640,"Name":null,"Description":null,"BuildingType":1,"FloorCount":null,"Shape__Area":166.94287109375}},{"type":"Feature","id":113773,"geometry":{"type":"Polygon","coordinates":[[[-122.802363701297,53.9189475193064],[-122.802360839402,53.9188184281362],[-122.802517536606,53.9188171849007],[-122.802520445045,53.9189461952508],[-122.802363701297,53.9189475193064]]]},"properties":{"OBJECTID":113773,"Name":null,"Description":null,"BuildingType":1,"FloorCount":null,"Shape__Area":147.81396484375}},{"type":"Feature","id":113441,"geometry":{"type":"Polygon","coordinates":[[[-122.800851757309,53.9181363302456],[-122.801008307592,53.9180341708284],[-122.801111490106,53.9180891689026],[-122.800954604262,53.918191462718],[-122.800851757309,53.9181363302456]]]},"properties":{"OBJECTID":113441,"Name":null,"Description":null,"BuildingType":1,"FloorCount":null,"Shape__Area":140.012451171875}},{"type":"Feature","id":112373,"geometry":{"type":"Polygon","coordinates":[[[-122.812830392023,53.9150369560837],[-122.812645737879,53.9151444619513],[-122.812553464674,53.9150892211526],[-122.812670604427,53.9150209778333],[-122.81262641924,53.9149944840041],[-122.812701993858,53.9149503896281],[-122.81274642264,53.9149768838096],[-122.812737859953,53.9149817240103],[-122.812830392023,53.9150369560837]]]},"properties":{"OBJECTID":112373,"Name":null,"Description":null,"BuildingType":1,"FloorCount":null,"Shape__Area":175.940673828125}},{"type":"Feature","id":113630,"geometry":{"type":"Polygon","coordinates":[[[-122.802316500178,53.9185059662735],[-122.802530094266,53.9184985430004],[-122.80253798131,53.9185759880753],[-122.802476839005,53.9185781165676],[-122.802477759075,53.9185896407692],[-122.802248098644,53.918597585767],[-122.802240362819,53.91852047348],[-122.802317753472,53.9185178505473],[-122.802316500178,53.9185059662735]]]},"properties":{"OBJECTID":113630,"Name":null,"Description":null,"BuildingType":1,"FloorCount":null,"Shape__Area":177.904541015625}},{"type":"Feature","id":112067,"geometry":{"type":"Polygon","coordinates":[[[-122.80330696298,53.9142814428632],[-122.803048876461,53.9142819546303],[-122.803048427836,53.9141961089059],[-122.803306316713,53.9141954260432],[-122.80330696298,53.9142814428632]]]},"properties":{"OBJECTID":112067,"Name":null,"Description":null,"BuildingType":1,"FloorCount":null,"Shape__Area":162.0146484375}},{"type":"Feature","id":114059,"geometry":{"type":"Polygon","coordinates":[[[-122.811748378332,53.9196428663223],[-122.811973847811,53.9196433903047],[-122.811973559716,53.9197142876179],[-122.811881227523,53.9197141610019],[-122.811880964795,53.9197624444122],[-122.811741233868,53.9197620636737],[-122.811741657367,53.9197085404806],[-122.811618446516,53.9197083203148],[-122.81161881729,53.9196665444246],[-122.811693334497,53.9196666792629],[-122.811693251263,53.9196851765461],[-122.811748080584,53.9196853613717],[-122.811748378332,53.9196428663223]]]},"properties":{"OBJECTID":114059,"Name":null,"Description":null,"BuildingType":1,"FloorCount":null,"Shape__Area":198.544921875}},{"type":"Feature","id":113014,"geometry":{"type":"Polygon","coordinates":[[[-122.806025127523,53.9170673272188],[-122.806234388941,53.9170271558558],[-122.806276166972,53.9171029116927],[-122.806188846825,53.917119848115],[-122.806205681515,53.9171504436674],[-122.806083937296,53.9171737778845],[-122.806025127523,53.9170673272188]]]},"properties":{"OBJECTID":113014,"Name":null,"Description":null,"BuildingType":1,"FloorCount":null,"Shape__Area":158.37841796875}},{"type":"Feature","id":114108,"geometry":{"type":"Polygon","coordinates":[[[-122.811337792966,53.9199111805367],[-122.811147591593,53.9199129039101],[-122.811144862605,53.9198023285891],[-122.811259674484,53.919801277714],[-122.811260345282,53.9198382286548],[-122.811335612286,53.9198376098967],[-122.811337792966,53.9199111805367]]]},"properties":{"OBJECTID":114108,"Name":null,"Description":null,"BuildingType":1,"FloorCount":null,"Shape__Area":133.215576171875}},{"type":"Feature","id":111334,"geometry":{"type":"Polygon","coordinates":[[[-122.803392212555,53.912147007053],[-122.80366619579,53.9121494866106],[-122.803663738002,53.9122547957599],[-122.803527370244,53.9122535480893],[-122.803527846137,53.9122300001355],[-122.803390093206,53.9122287320666],[-122.803392212555,53.912147007053]]]},"properties":{"OBJECTID":111334,"Name":null,"Description":null,"BuildingType":1,"FloorCount":null,"Shape__Area":187.262451171875}},{"type":"Feature","id":113326,"geometry":{"type":"Polygon","coordinates":[[[-122.811849355323,53.9179233850071],[-122.812000423382,53.917805114069],[-122.812130465446,53.9178628860683],[-122.811979061977,53.9179812914645],[-122.811849355323,53.9179233850071]]]},"properties":{"OBJECTID":113326,"Name":null,"Description":null,"BuildingType":1,"FloorCount":null,"Shape__Area":176.227294921875}},{"type":"Feature","id":113255,"geometry":{"type":"Polygon","coordinates":[[[-122.805869099265,53.9177431028711],[-122.805749369504,53.917561638131],[-122.805891743025,53.9175290349588],[-122.806011381665,53.9177105623269],[-122.805869099265,53.9177431028711]]]},"properties":{"OBJECTID":113255,"Name":null,"Description":null,"BuildingType":1,"FloorCount":null,"Shape__Area":217.2509765625}},{"type":"Feature","id":112757,"geometry":{"type":"Polygon","coordinates":[[[-122.803755549943,53.916369357349],[-122.804044611541,53.9162822766691],[-122.804061570988,53.9163020780718],[-122.804034629823,53.9163102671754],[-122.804077484353,53.9163599601738],[-122.803815423898,53.9164389778145],[-122.803755549943,53.916369357349]]]},"properties":{"OBJECTID":112757,"Name":null,"Description":null,"BuildingType":1,"FloorCount":null,"Shape__Area":172.717529296875}},{"type":"Feature","id":111832,"geometry":{"type":"Polygon","coordinates":[[[-122.815429520703,53.913617440805],[-122.815325811636,53.9135558030218],[-122.815381615918,53.9135229655541],[-122.815343214683,53.9135001667151],[-122.815431087655,53.9134485215765],[-122.8155734869,53.9135330303958],[-122.815429520703,53.913617440805]]]},"properties":{"OBJECTID":111832,"Name":null,"Description":null,"BuildingType":1,"FloorCount":null,"Shape__Area":158.0673828125}},{"type":"Feature","id":112585,"geometry":{"type":"Polygon","coordinates":[[[-122.815152193448,53.9159452813475],[-122.815153633579,53.9158191451514],[-122.815291797178,53.9158198071366],[-122.815291238852,53.9158807722787],[-122.815360968565,53.915880933435],[-122.815360285208,53.9159461047959],[-122.815152193448,53.9159452813475]]]},"properties":{"OBJECTID":112585,"Name":null,"Description":null,"BuildingType":1,"FloorCount":null,"Shape__Area":160.59375}},{"type":"Feature","id":111019,"geometry":{"type":"Polygon","coordinates":[[[-122.808692122149,53.9113405653016],[-122.80889119677,53.9113374308625],[-122.808895421444,53.9114290888971],[-122.808765419228,53.9114312547915],[-122.808764734428,53.9114178704705],[-122.808695630957,53.9114188839128],[-122.808692122149,53.9113405653016]]]},"properties":{"OBJECTID":111019,"Name":null,"Description":null,"BuildingType":1,"FloorCount":null,"Shape__Area":126.8212890625}},{"type":"Feature","id":113226,"geometry":{"type":"Polygon","coordinates":[[[-122.804300158656,53.9176545227774],[-122.804231949213,53.9175500692466],[-122.804377447277,53.9175170055831],[-122.804449073845,53.9176266327289],[-122.804438465049,53.9176291500863],[-122.804457286211,53.9176579874575],[-122.804345350218,53.9176834300991],[-122.804323158459,53.9176493202168],[-122.804300158656,53.9176545227774]]]},"properties":{"OBJECTID":113226,"Name":null,"Description":null,"BuildingType":1,"FloorCount":null,"Shape__Area":160.0556640625}},{"type":"Feature","id":113349,"geometry":{"type":"Polygon","coordinates":[[[-122.804535459764,53.9179926591959],[-122.804487219716,53.9179057021121],[-122.804669447612,53.9178651748821],[-122.80470943864,53.9179482266507],[-122.804654788077,53.9179624287799],[-122.804642117133,53.9180185475728],[-122.804557620852,53.9180105904842],[-122.804567819649,53.9179817733945],[-122.804535459764,53.9179926591959]]]},"properties":{"OBJECTID":113349,"Name":null,"Description":null,"BuildingType":1,"FloorCount":null,"Shape__Area":149.437255859375}},{"type":"Feature","id":114388,"geometry":{"type":"Polygon","coordinates":[[[-122.81202380235,53.9209016700024],[-122.812132956574,53.9210083222422],[-122.812087767045,53.9210244390256],[-122.812110916874,53.9210470622172],[-122.812060496078,53.9210650493089],[-122.812045244767,53.921050150217],[-122.81197662917,53.9210746161464],[-122.81185957672,53.9209602396449],[-122.81202380235,53.9209016700024]]]},"properties":{"OBJECTID":114388,"Name":null,"Description":null,"BuildingType":1,"FloorCount":null,"Shape__Area":191.35986328125}},{"type":"Feature","id":111383,"geometry":{"type":"Polygon","coordinates":[[[-122.80497612655,53.9121890474107],[-122.805135714291,53.9122123069377],[-122.805072887396,53.9123624494757],[-122.804936362698,53.9123425259508],[-122.804948861159,53.912313164266],[-122.804925509477,53.9123095850371],[-122.80497612655,53.9121890474107]]]},"properties":{"OBJECTID":111383,"Name":null,"Description":null,"BuildingType":1,"FloorCount":null,"Shape__Area":180.564208984375}},{"type":"Feature","id":111952,"geometry":{"type":"Polygon","coordinates":[[[-122.803677734162,53.9137467205288],[-122.803831736147,53.913744779105],[-122.80383721217,53.913895212279],[-122.803683498722,53.9138971901341],[-122.803677734162,53.9137467205288]]]},"properties":{"OBJECTID":111952,"Name":null,"Description":null,"BuildingType":1,"FloorCount":null,"Shape__Area":169.248046875}},{"type":"Feature","id":113034,"geometry":{"type":"Polygon","coordinates":[[[-122.816138367019,53.9172474390182],[-122.815914787605,53.9172459011035],[-122.815916357598,53.9171624224424],[-122.816148142159,53.9171641706532],[-122.816148466888,53.9171491700842],[-122.816196669414,53.9171494505929],[-122.816194583659,53.917256890626],[-122.816138418491,53.9172565170338],[-122.816138367019,53.9172474390182]]]},"properties":{"OBJECTID":113034,"Name":null,"Description":null,"BuildingType":1,"FloorCount":null,"Shape__Area":179.66650390625}},{"type":"Feature","id":111852,"geometry":{"type":"Polygon","coordinates":[[[-122.809817231573,53.913676346027],[-122.809819813149,53.913637575613],[-122.809922535347,53.9136398863927],[-122.809919938886,53.9136786028569],[-122.809817231573,53.913676346027]]]},"properties":{"OBJECTID":111852,"Name":null,"Description":null,"BuildingType":1,"FloorCount":null,"Shape__Area":29.125732421875}},{"type":"Feature","id":111311,"geometry":{"type":"Polygon","coordinates":[[[-122.806296662698,53.9121217609047],[-122.806297819306,53.9122402794015],[-122.806160043159,53.9122407132169],[-122.806158962477,53.9121223206741],[-122.806296662698,53.9121217609047]]]},"properties":{"OBJECTID":111311,"Name":null,"Description":null,"BuildingType":1,"FloorCount":null,"Shape__Area":119.245849609375}},{"type":"Feature","id":111005,"geometry":{"type":"Polygon","coordinates":[[[-122.805902927143,53.911328764203],[-122.806093118653,53.9113273727171],[-122.806094578088,53.9114099664187],[-122.805904767493,53.9114112057257],[-122.805902927143,53.911328764203]]]},"properties":{"OBJECTID":111005,"Name":null,"Description":null,"BuildingType":1,"FloorCount":null,"Shape__Area":114.60107421875}},{"type":"Feature","id":113412,"geometry":{"type":"Polygon","coordinates":[[[-122.812400043188,53.9180550137189],[-122.812674444072,53.9180511727183],[-122.812677499307,53.9181305599904],[-122.812403144305,53.918134239285],[-122.812400043188,53.9180550137189]]]},"properties":{"OBJECTID":113412,"Name":null,"Description":null,"BuildingType":1,"FloorCount":null,"Shape__Area":159.091064453125}},{"type":"Feature","id":112665,"geometry":{"type":"Polygon","coordinates":[[[-122.813813646325,53.9160057524914],[-122.813964934676,53.9160029489833],[-122.813967879944,53.9160596412304],[-122.813978553389,53.9160594869907],[-122.813981946609,53.9161250151921],[-122.813995589379,53.9161247666816],[-122.813997972271,53.9161709779798],[-122.813857464124,53.9161734566934],[-122.813855580716,53.9161382115976],[-122.813828888981,53.9161387005177],[-122.813825462038,53.9160705387586],[-122.813816859943,53.9160705254228],[-122.813813646325,53.9160057524914]]]},"properties":{"OBJECTID":112665,"Name":null,"Description":null,"BuildingType":1,"FloorCount":null,"Shape__Area":186.487548828125}},{"type":"Feature","id":111111,"geometry":{"type":"Polygon","coordinates":[[[-122.813198686764,53.9117121171546],[-122.813201570085,53.9116322896453],[-122.813463793684,53.9116357352219],[-122.813460879935,53.9117156705466],[-122.813198686764,53.9117121171546]]]},"properties":{"OBJECTID":111111,"Name":null,"Description":null,"BuildingType":1,"FloorCount":null,"Shape__Area":153.1533203125}},{"type":"Feature","id":111148,"geometry":{"type":"Polygon","coordinates":[[[-122.804081343545,53.9117300264632],[-122.804080252763,53.9118134609043],[-122.803880600901,53.911812514833],[-122.803880563677,53.9118269585949],[-122.803803869391,53.9118265816516],[-122.803805060995,53.9117412419074],[-122.803873747425,53.9117416507122],[-122.803874019803,53.9117290049475],[-122.804081343545,53.9117300264632]]]},"properties":{"OBJECTID":111148,"Name":null,"Description":null,"BuildingType":1,"FloorCount":null,"Shape__Area":170.1962890625}},{"type":"Feature","id":111646,"geometry":{"type":"Polygon","coordinates":[[[-122.802379534689,53.9129761746327],[-122.802653539727,53.912975169163],[-122.802654535859,53.9130641885936],[-122.802380605848,53.9130653020463],[-122.802379534689,53.9129761746327]]]},"properties":{"OBJECTID":111646,"Name":null,"Description":null,"BuildingType":1,"FloorCount":null,"Shape__Area":178.351318359375}},{"type":"Feature","id":113816,"geometry":{"type":"Polygon","coordinates":[[[-122.81037444644,53.9190037843647],[-122.810570582719,53.9190052443631],[-122.810568706903,53.9190866372254],[-122.810372860148,53.9190850428605],[-122.81037444644,53.9190037843647]]]},"properties":{"OBJECTID":113816,"Name":null,"Description":null,"BuildingType":1,"FloorCount":null,"Shape__Area":116.48876953125}},{"type":"Feature","id":113767,"geometry":{"type":"Polygon","coordinates":[[[-122.804757092905,53.9189473895049],[-122.804756425534,53.9188326109498],[-122.804900496272,53.9188322338947],[-122.804901118653,53.9189469494593],[-122.804757092905,53.9189473895049]]]},"properties":{"OBJECTID":113767,"Name":null,"Description":null,"BuildingType":1,"FloorCount":null,"Shape__Area":120.78271484375}},{"type":"Feature","id":113318,"geometry":{"type":"Polygon","coordinates":[[[-122.803034407119,53.917793440181],[-122.803069941092,53.9179072782736],[-122.802979346978,53.917917205297],[-122.802982542093,53.9179273940077],[-122.802877918772,53.9179386461473],[-122.80285017195,53.9178493222266],[-122.802934397971,53.9178401668123],[-122.80292355308,53.9178054910665],[-122.803034407119,53.917793440181]]]},"properties":{"OBJECTID":113318,"Name":null,"Description":null,"BuildingType":1,"FloorCount":null,"Shape__Area":153.828369140625}},{"type":"Feature","id":111454,"geometry":{"type":"Polygon","coordinates":[[[-122.806381464689,53.9126634285859],[-122.80637442163,53.9125569086622],[-122.806513657818,53.9125537176165],[-122.806515770829,53.9125840287757],[-122.806559406778,53.9125830384818],[-122.806564367125,53.9126593731178],[-122.806381464689,53.9126634285859]]]},"properties":{"OBJECTID":111454,"Name":null,"Description":null,"BuildingType":1,"FloorCount":null,"Shape__Area":133.032958984375}},{"type":"Feature","id":111291,"geometry":{"type":"Polygon","coordinates":[[[-122.805065840818,53.912175684012],[-122.805102069579,53.9120881541151],[-122.805196727612,53.9121017448633],[-122.805209354423,53.9120709183038],[-122.805310765703,53.9120858052096],[-122.805261515067,53.9122040981777],[-122.805065840818,53.912175684012]]]},"properties":{"OBJECTID":111291,"Name":null,"Description":null,"BuildingType":1,"FloorCount":null,"Shape__Area":157.0703125}},{"type":"Feature","id":113212,"geometry":{"type":"Polygon","coordinates":[[[-122.804489986022,53.9176296923626],[-122.804403702524,53.917492843508],[-122.804509735605,53.9174695573249],[-122.804518244938,53.9174829723703],[-122.80463148737,53.9174580260357],[-122.804682904717,53.9175394515922],[-122.804597310035,53.9175582501914],[-122.804623606506,53.9176002492277],[-122.804489986022,53.9176296923626]]]},"properties":{"OBJECTID":113212,"Name":null,"Description":null,"BuildingType":1,"FloorCount":null,"Shape__Area":207.14453125}},{"type":"Feature","id":111205,"geometry":{"type":"Polygon","coordinates":[[[-122.815368857141,53.9119251559193],[-122.815361393855,53.9118362704629],[-122.815500113351,53.9118321693988],[-122.815497080682,53.9117949002238],[-122.815598892941,53.9117920096524],[-122.815609312982,53.91191825403],[-122.815368857141,53.9119251559193]]]},"properties":{"OBJECTID":111205,"Name":null,"Description":null,"BuildingType":1,"FloorCount":null,"Shape__Area":184.559326171875}},{"type":"Feature","id":110862,"geometry":{"type":"Polygon","coordinates":[[[-122.803290556664,53.9108787321883],[-122.803299615806,53.9109918348968],[-122.803156255273,53.9109958333667],[-122.803147197025,53.9108826227918],[-122.803290556664,53.9108787321883]]]},"properties":{"OBJECTID":110862,"Name":null,"Description":null,"BuildingType":1,"FloorCount":null,"Shape__Area":118.821533203125}},{"type":"Feature","id":111932,"geometry":{"type":"Polygon","coordinates":[[[-122.802606911635,53.9138720384176],[-122.802449146656,53.9138679680545],[-122.80244829786,53.9138800735797],[-122.802337143493,53.913877284137],[-122.802344916874,53.9137722084915],[-122.802531436675,53.9137769913949],[-122.802533607813,53.9137492038721],[-122.802615640704,53.9137514059876],[-122.802606911635,53.9138720384176]]]},"properties":{"OBJECTID":111932,"Name":null,"Description":null,"BuildingType":1,"FloorCount":null,"Shape__Area":209.424560546875}},{"type":"Feature","id":112485,"geometry":{"type":"Polygon","coordinates":[[[-122.806803576949,53.9154205494714],[-122.806799952213,53.9155296586935],[-122.806659738791,53.9155280309034],[-122.806661097374,53.9154811154153],[-122.806584307423,53.9154802187915],[-122.806586314655,53.9154181504785],[-122.806803576949,53.9154205494714]]]},"properties":{"OBJECTID":112485,"Name":null,"Description":null,"BuildingType":1,"FloorCount":null,"Shape__Area":146.79541015625}},{"type":"Feature","id":113555,"geometry":{"type":"Polygon","coordinates":[[[-122.816276109151,53.9184862487834],[-122.816003558432,53.9184842765901],[-122.816005280846,53.9184041956634],[-122.816066090948,53.9184046842875],[-122.816066506615,53.9183932521187],[-122.816188918965,53.9183941316179],[-122.816188686053,53.9184020946777],[-122.81627784588,53.9184027883666],[-122.816276109151,53.9184862487834]]]},"properties":{"OBJECTID":113555,"Name":null,"Description":null,"BuildingType":1,"FloorCount":null,"Shape__Area":171.896240234375}},{"type":"Feature","id":112087,"geometry":{"type":"Polygon","coordinates":[[[-122.808846308547,53.9142165599345],[-122.809057517691,53.914212932206],[-122.809062554126,53.9143170129823],[-122.809003448531,53.9143179795841],[-122.809002161873,53.9142929997139],[-122.808850149933,53.9142955081969],[-122.808846308547,53.9142165599345]]]},"properties":{"OBJECTID":112087,"Name":null,"Description":null,"BuildingType":1,"FloorCount":null,"Shape__Area":132.87109375}},{"type":"Feature","id":113753,"geometry":{"type":"Polygon","coordinates":[[[-122.81324333336,53.9189363215406],[-122.813045945076,53.918935690859],[-122.813046821182,53.9188486429171],[-122.81307684641,53.9188487705458],[-122.813077218885,53.9188301478769],[-122.813116181652,53.9188303073824],[-122.813115961735,53.9188488673724],[-122.813244103036,53.9188491475993],[-122.81324333336,53.9189363215406]]]},"properties":{"OBJECTID":113753,"Name":null,"Description":null,"BuildingType":1,"FloorCount":null,"Shape__Area":130.8759765625}},{"type":"Feature","id":97188,"geometry":{"type":"Polygon","coordinates":[[[-122.801161802279,53.9159695802825],[-122.801260747644,53.9154858538294],[-122.801985966743,53.9155375736918],[-122.801878717763,53.9160629017529],[-122.801723108109,53.9160520749781],[-122.80170407236,53.9161462024678],[-122.801691774635,53.9161453282956],[-122.801675093796,53.9162276313808],[-122.801284001532,53.9161997780244],[-122.801299727225,53.9161231988066],[-122.80128593781,53.9161222502203],[-122.801315111623,53.9159805927288],[-122.801161802279,53.9159695802825]]]},"properties":{"OBJECTID":97188,"Name":"","Description":null,"BuildingType":1,"FloorCount":null,"Shape__Area":3308.773681640625}},{"type":"Feature","id":112579,"geometry":{"type":"Polygon","coordinates":[[[-122.81450247019,53.9158172962364],[-122.814703333539,53.915793122855],[-122.814730543976,53.915871450827],[-122.814673617571,53.9158783736774],[-122.814683778858,53.9159079151302],[-122.814539597857,53.9159251653418],[-122.81450247019,53.9158172962364]]]},"properties":{"OBJECTID":112579,"Name":null,"Description":null,"BuildingType":1,"FloorCount":null,"Shape__Area":152.29638671875}},{"type":"Feature","id":114245,"geometry":{"type":"Polygon","coordinates":[[[-122.813914968048,53.9202896885786],[-122.813914110655,53.9201709011531],[-122.814068843892,53.9201706554496],[-122.814069778295,53.9202893441243],[-122.813914968048,53.9202896885786]]]},"properties":{"OBJECTID":114245,"Name":null,"Description":null,"BuildingType":1,"FloorCount":null,"Shape__Area":134.2841796875}},{"type":"Feature","id":112236,"geometry":{"type":"Polygon","coordinates":[[[-122.807931841396,53.9145913680811],[-122.808092566778,53.9145880118306],[-122.808097214306,53.9146701431751],[-122.807978801848,53.9146725784097],[-122.807981883681,53.9147242646905],[-122.807925136618,53.9147253783421],[-122.807921878716,53.9146689460818],[-122.807936419534,53.9146686457679],[-122.807931841396,53.9145913680811]]]},"properties":{"OBJECTID":112236,"Name":null,"Description":null,"BuildingType":1,"FloorCount":null,"Shape__Area":118.427978515625}},{"type":"Feature","id":112728,"geometry":{"type":"Polygon","coordinates":[[[-122.807918920756,53.9163518657396],[-122.807919364091,53.9162419964154],[-122.80806069839,53.9162420965543],[-122.808060543712,53.9163521820535],[-122.807918920756,53.9163518657396]]]},"properties":{"OBJECTID":112728,"Name":null,"Description":null,"BuildingType":1,"FloorCount":null,"Shape__Area":113.702880859375}},{"type":"Feature","id":111789,"geometry":{"type":"Polygon","coordinates":[[[-122.802297467429,53.9133715863004],[-122.802297195092,53.9134550310406],[-122.802221820882,53.9134549608567],[-122.802221460315,53.9134893845486],[-122.801976155647,53.9134890611908],[-122.801976457956,53.9133833261012],[-122.802053735074,53.9133833905877],[-122.802053807467,53.9133713017605],[-122.802297467429,53.9133715863004]]]},"properties":{"OBJECTID":111789,"Name":null,"Description":null,"BuildingType":1,"FloorCount":null,"Shape__Area":250.64208984375}},{"type":"Feature","id":113461,"geometry":{"type":"Polygon","coordinates":[[[-122.813238131963,53.9182185094254],[-122.813367412252,53.9181029352602],[-122.813489600132,53.9181505640386],[-122.813456518378,53.9181804249056],[-122.81336057843,53.9182662376048],[-122.813238131963,53.9182185094254]]]},"properties":{"OBJECTID":113461,"Name":null,"Description":null,"BuildingType":1,"FloorCount":null,"Shape__Area":148.436767578125}},{"type":"Feature","id":113953,"geometry":{"type":"Polygon","coordinates":[[[-122.811826226312,53.9194508237393],[-122.811824989104,53.9193365566739],[-122.811967037184,53.9193360061863],[-122.811968136896,53.9194504617839],[-122.811826226312,53.9194508237393]]]},"properties":{"OBJECTID":113953,"Name":null,"Description":null,"BuildingType":1,"FloorCount":null,"Shape__Area":118.648681640625}},{"type":"Feature","id":112971,"geometry":{"type":"Polygon","coordinates":[[[-122.808670709095,53.9170578014959],[-122.808670940558,53.9169405616384],[-122.808802030127,53.9169407524378],[-122.808801814134,53.9170580192841],[-122.808670709095,53.9170578014959]]]},"properties":{"OBJECTID":112971,"Name":null,"Description":null,"BuildingType":1,"FloorCount":null,"Shape__Area":112.328125}},{"type":"Feature","id":112479,"geometry":{"type":"Polygon","coordinates":[[[-122.809169166695,53.9153964688045],[-122.809365867574,53.9154106407981],[-122.809371112635,53.9153855454721],[-122.809425705895,53.9153895239489],[-122.809419260775,53.9154207202656],[-122.809423841939,53.9154210511058],[-122.809406033837,53.9155068947698],[-122.809320315625,53.9155007187223],[-122.809318960035,53.9155075295194],[-122.809195694947,53.915498543414],[-122.809199150352,53.9154819839094],[-122.809152105959,53.9154785655981],[-122.809169166695,53.9153964688045]]]},"properties":{"OBJECTID":112479,"Name":null,"Description":null,"BuildingType":1,"FloorCount":null,"Shape__Area":187.31591796875}},{"type":"Feature","id":113561,"geometry":{"type":"Polygon","coordinates":[[[-122.804686945046,53.9184745935845],[-122.804631734933,53.9183508461039],[-122.804770421604,53.9183292666103],[-122.804825844632,53.9184531491942],[-122.804686945046,53.9184745935845]]]},"properties":{"OBJECTID":113561,"Name":null,"Description":null,"BuildingType":1,"FloorCount":null,"Shape__Area":134.268310546875}},{"type":"Feature","id":113610,"geometry":{"type":"Polygon","coordinates":[[[-122.804023998004,53.9185547746152],[-122.803830201236,53.9185614329476],[-122.803821450246,53.9184728952863],[-122.803877703918,53.9184709558636],[-122.803876253659,53.9184555210024],[-122.803917979318,53.9184541061064],[-122.803919307215,53.9184664129236],[-122.804014774027,53.9184631083527],[-122.804023998004,53.9185547746152]]]},"properties":{"OBJECTID":113610,"Name":null,"Description":null,"BuildingType":1,"FloorCount":null,"Shape__Area":132.673095703125}},{"type":"Feature","id":112430,"geometry":{"type":"Polygon","coordinates":[[[-122.815344494055,53.9153014299718],[-122.81510566962,53.9152896027369],[-122.815123633419,53.9151623954229],[-122.815282149515,53.9151701353897],[-122.815275366164,53.9152168718532],[-122.815356054645,53.915220923723],[-122.815344494055,53.9153014299718]]]},"properties":{"OBJECTID":112430,"Name":null,"Description":null,"BuildingType":1,"FloorCount":null,"Shape__Area":196.0712890625}},{"type":"Feature","id":111604,"geometry":{"type":"Polygon","coordinates":[[[-122.811313439077,53.9130470071801],[-122.811212896334,53.912936448779],[-122.811345808267,53.9128943238727],[-122.811393436406,53.9129466552866],[-122.81146423739,53.9129242064239],[-122.81151710713,53.9129823253422],[-122.811313439077,53.9130470071801]]]},"properties":{"OBJECTID":111604,"Name":null,"Description":null,"BuildingType":1,"FloorCount":null,"Shape__Area":177.083984375}},{"type":"Feature","id":111936,"geometry":{"type":"Polygon","coordinates":[[[-122.80931899559,53.9138922851013],[-122.809322181064,53.913767841446],[-122.809331284752,53.9137679278049],[-122.809332510222,53.9137194840932],[-122.809473618086,53.9137206338194],[-122.80947294491,53.9137481182468],[-122.809504762296,53.9137483844357],[-122.809503758008,53.9137917592325],[-122.809470053086,53.9137914271322],[-122.809468431477,53.9138566958691],[-122.80944422571,53.9138565226414],[-122.809443281267,53.913893426127],[-122.80931899559,53.9138922851013]]]},"properties":{"OBJECTID":111936,"Name":null,"Description":null,"BuildingType":1,"FloorCount":null,"Shape__Area":188.95361328125}},{"type":"Feature","id":113596,"geometry":{"type":"Polygon","coordinates":[[[-122.812857455785,53.9184636322802],[-122.813096279427,53.9184590967178],[-122.813100575165,53.918537056803],[-122.812803294434,53.9185425348962],[-122.812799459296,53.9184706514432],[-122.812857809944,53.9184695559603],[-122.812857455785,53.9184636322802]]]},"properties":{"OBJECTID":113596,"Name":null,"Description":null,"BuildingType":1,"FloorCount":null,"Shape__Area":166.779052734375}},{"type":"Feature","id":113264,"geometry":{"type":"Polygon","coordinates":[[[-122.810543297409,53.9177742961192],[-122.810487680782,53.9176257436509],[-122.810598650314,53.9176111333591],[-122.810614220926,53.9176526557716],[-122.810637651482,53.9176496637435],[-122.810687193774,53.9177813539605],[-122.810614159209,53.9177907841255],[-122.810604967062,53.9177663131281],[-122.810543297409,53.9177742961192]]]},"properties":{"OBJECTID":113264,"Name":null,"Description":null,"BuildingType":1,"FloorCount":null,"Shape__Area":159.5361328125}},{"type":"Feature","id":113928,"geometry":{"type":"Polygon","coordinates":[[[-122.804652668096,53.919385378398],[-122.804650394387,53.919265761664],[-122.804798138748,53.9192648244587],[-122.804798296894,53.919270091716],[-122.804841769097,53.9192698028442],[-122.80484364202,53.9193644680824],[-122.804795875654,53.9193648128918],[-122.804796255597,53.9193845512779],[-122.804652668096,53.919385378398]]]},"properties":{"OBJECTID":113928,"Name":null,"Description":null,"BuildingType":1,"FloorCount":null,"Shape__Area":158.74365234375}},{"type":"Feature","id":111295,"geometry":{"type":"Polygon","coordinates":[[[-122.812914782543,53.9122268530845],[-122.812748326351,53.9121385375784],[-122.812832058713,53.9120835173489],[-122.812865714222,53.9121014111078],[-122.812876615786,53.912094273596],[-122.813009446348,53.9121648121074],[-122.812914782543,53.9122268530845]]]},"properties":{"OBJECTID":111295,"Name":null,"Description":null,"BuildingType":1,"FloorCount":null,"Shape__Area":133.498779296875}},{"type":"Feature","id":111627,"geometry":{"type":"Polygon","coordinates":[[[-122.80601305984,53.9130584347096],[-122.806013023793,53.9129413830904],[-122.806147465737,53.9129414833436],[-122.806147441763,53.9130584270088],[-122.80601305984,53.9130584347096]]]},"properties":{"OBJECTID":111627,"Name":null,"Description":null,"BuildingType":1,"FloorCount":null,"Shape__Area":114.927734375}},{"type":"Feature","id":112291,"geometry":{"type":"Polygon","coordinates":[[[-122.802717661335,53.9147714311521],[-122.802938748803,53.9147787329295],[-122.802937846214,53.9147893553378],[-122.802988094496,53.9147910736091],[-122.802981687189,53.914858518503],[-122.802928470387,53.9148567234533],[-122.802927398801,53.9148676691543],[-122.802827982704,53.9148642972305],[-122.80282761336,53.9148683682162],[-122.802703431077,53.9148640926702],[-122.80270578241,53.9148400534673],[-122.802670360827,53.9148387639044],[-122.802675482878,53.9147856978141],[-122.802716141677,53.9147869869912],[-122.802717661335,53.9147714311521]]]},"properties":{"OBJECTID":112291,"Name":null,"Description":null,"BuildingType":1,"FloorCount":null,"Shape__Area":189.163330078125}},{"type":"Feature","id":112955,"geometry":{"type":"Polygon","coordinates":[[[-122.802476435558,53.9168667267933],[-122.802664205906,53.9168772279398],[-122.802652202133,53.9169528067784],[-122.802584771746,53.9169489838842],[-122.802574984743,53.9170096911211],[-122.802467811295,53.917003636698],[-122.802478211029,53.9169389487674],[-122.802464769972,53.9169383244598],[-122.802476435558,53.9168667267933]]]},"properties":{"OBJECTID":112955,"Name":null,"Description":null,"BuildingType":1,"FloorCount":null,"Shape__Area":152.218505859375}},{"type":"Feature","id":113951,"geometry":{"type":"Polygon","coordinates":[[[-122.814542995043,53.9194499175872],[-122.814539135254,53.9193176254581],[-122.81466929454,53.9193163972866],[-122.814671558603,53.9193999627122],[-122.81475110428,53.9193991327034],[-122.814752548088,53.9194478951192],[-122.814542995043,53.9194499175872]]]},"properties":{"OBJECTID":113951,"Name":null,"Description":null,"BuildingType":1,"FloorCount":null,"Shape__Area":154.064697265625}},{"type":"Feature","id":113147,"geometry":{"type":"Polygon","coordinates":[[[-122.811170998015,53.917496034786],[-122.81099537045,53.9174152524876],[-122.81107716734,53.9173533725874],[-122.811252612585,53.9174340466238],[-122.811170998015,53.917496034786]]]},"properties":{"OBJECTID":113147,"Name":null,"Description":null,"BuildingType":1,"FloorCount":null,"Shape__Area":127.6435546875}},{"type":"Feature","id":113310,"geometry":{"type":"Polygon","coordinates":[[[-122.80492758349,53.9178359428533],[-122.805108243722,53.9177951337814],[-122.805177195237,53.917900999137],[-122.805053813917,53.917928715825],[-122.805028251558,53.9178891448529],[-122.804970606762,53.917902263698],[-122.80492758349,53.9178359428533]]]},"properties":{"OBJECTID":113310,"Name":null,"Description":null,"BuildingType":1,"FloorCount":null,"Shape__Area":141.209228515625}},{"type":"Feature","id":97495,"geometry":{"type":"Polygon","coordinates":[[[-122.816015807905,53.9209968425296],[-122.816017450917,53.9212222923169],[-122.815831215235,53.9212211889626],[-122.81582760661,53.9212488306717],[-122.81578163289,53.9212461895799],[-122.815781782477,53.9212225871892],[-122.815523251202,53.9212245182607],[-122.815519469125,53.9209771523113],[-122.815611457986,53.9209763498317],[-122.815782299497,53.9209737088628],[-122.815823202783,53.920965880088],[-122.815886572659,53.9209287667212],[-122.816015807905,53.9209968425296]]]},"properties":{"OBJECTID":97495,"Name":"Evangelical Church","Description":null,"BuildingType":7,"FloorCount":null,"Shape__Area":929.9345703125}},{"type":"Feature","id":112362,"geometry":{"type":"Polygon","coordinates":[[[-122.807646489913,53.9150349305776],[-122.807852558332,53.9150310900061],[-122.807856570171,53.9151089959484],[-122.807650593254,53.9151127198288],[-122.807646489913,53.9150349305776]]]},"properties":{"OBJECTID":112362,"Name":null,"Description":null,"BuildingType":1,"FloorCount":null,"Shape__Area":117.31787109375}},{"type":"Feature","id":113333,"geometry":{"type":"Polygon","coordinates":[[[-122.80793147417,53.9179824183508],[-122.807725463744,53.9179804169228],[-122.807727725551,53.917899051668],[-122.80793362842,53.9179011787532],[-122.80793147417,53.9179824183508]]]},"properties":{"OBJECTID":113333,"Name":null,"Description":null,"BuildingType":1,"FloorCount":null,"Shape__Area":122.392822265625}},{"type":"Feature","id":112792,"geometry":{"type":"Polygon","coordinates":[[[-122.805041125612,53.9164884667748],[-122.805276965981,53.9164226074094],[-122.805337955122,53.9164985295509],[-122.805102022441,53.9165645237066],[-122.805041125612,53.9164884667748]]]},"properties":{"OBJECTID":112792,"Name":null,"Description":null,"BuildingType":1,"FloorCount":null,"Shape__Area":160.34814453125}},{"type":"Feature","id":114020,"geometry":{"type":"Polygon","coordinates":[[[-122.810392467091,53.9196337765379],[-122.810389294442,53.9195241082861],[-122.810594645489,53.9195221134026],[-122.810596437272,53.9195837563005],[-122.810529575508,53.9195844058319],[-122.810530834497,53.9196325478332],[-122.810392467091,53.9196337765379]]]},"properties":{"OBJECTID":114020,"Name":null,"Description":null,"BuildingType":1,"FloorCount":null,"Shape__Area":141.1748046875}},{"type":"Feature","id":113765,"geometry":{"type":"Polygon","coordinates":[[[-122.803310054169,53.9189432307022],[-122.803297225871,53.9188121009208],[-122.803454947356,53.9188067236341],[-122.803461075747,53.9188699646367],[-122.803516187769,53.9188680774431],[-122.803522796227,53.9189361098609],[-122.803310054169,53.9189432307022]]]},"properties":{"OBJECTID":113765,"Name":null,"Description":null,"BuildingType":1,"FloorCount":null,"Shape__Area":179.1142578125}},{"type":"Feature","id":110848,"geometry":{"type":"Polygon","coordinates":[[[-122.815784779261,53.9110015968828],[-122.815783425932,53.9108697938094],[-122.816036864735,53.9108689689394],[-122.816037567097,53.9109377736593],[-122.815939483234,53.9109379738966],[-122.815939936318,53.911001115753],[-122.815784779261,53.9110015968828]]]},"properties":{"OBJECTID":110848,"Name":null,"Description":null,"BuildingType":1,"FloorCount":null,"Shape__Area":198.904541015625}},{"type":"Feature","id":110771,"geometry":{"type":"Polygon","coordinates":[[[-122.80399526921,53.9106800437915],[-122.803994990323,53.910557535967],[-122.804133794381,53.9105574748269],[-122.804133881843,53.9106038534015],[-122.804160004216,53.9106039409462],[-122.80416025616,53.9106216748155],[-122.804239218565,53.9106216058271],[-122.804239525475,53.9106796782354],[-122.80399526921,53.9106800437915]]]},"properties":{"OBJECTID":110771,"Name":null,"Description":null,"BuildingType":1,"FloorCount":null,"Shape__Area":172.35595703125}},{"type":"Feature","id":110865,"geometry":{"type":"Polygon","coordinates":[[[-122.806483865103,53.9108314123254],[-122.806424189222,53.910867870614],[-122.806412057387,53.9108610650662],[-122.806364472489,53.9108901006963],[-122.806374174331,53.9108956709656],[-122.806323124374,53.9109267233072],[-122.80631090199,53.9109197468299],[-122.806268705885,53.9109455104689],[-122.806280047493,53.9109520181501],[-122.8062437752,53.9109740523002],[-122.806125963989,53.9109705185951],[-122.80612603759,53.9109644877207],[-122.806042972426,53.9109627986507],[-122.806042835589,53.9109693327546],[-122.80593204314,53.9109689020905],[-122.805897870192,53.9109452441946],[-122.805903427145,53.910941855687],[-122.805866181685,53.9109209341763],[-122.805858105423,53.9109259364614],[-122.805798554822,53.9108925843219],[-122.805806784233,53.910887384551],[-122.805765332679,53.9108641732377],[-122.805756966385,53.9108693458202],[-122.805695426484,53.9108349657716],[-122.805706313131,53.9108279547175],[-122.805663070048,53.9108037338064],[-122.805657543206,53.9108071942562],[-122.805597385475,53.910773526451],[-122.805606927864,53.9107675109051],[-122.805564620086,53.9107451520023],[-122.805525694033,53.9107682062794],[-122.805537156176,53.910774947916],[-122.805448511516,53.910827438459],[-122.805439220376,53.910821967649],[-122.805400034681,53.9108451742616],[-122.805410737678,53.9108514832527],[-122.805323512371,53.9109031311246],[-122.805313052233,53.9108969753166],[-122.805263486028,53.9109263308691],[-122.805270955417,53.9109307201705],[-122.805187515556,53.9109801270646],[-122.805180089578,53.9109762231842],[-122.805139499137,53.9110002723108],[-122.805111353674,53.9110030578777],[-122.8050663314,53.9109817280225],[-122.805066131843,53.9109657379266],[-122.804961522922,53.9109026066573],[-122.804961756014,53.9108787167521],[-122.804990337373,53.9108640407146],[-122.80498110701,53.9108586059201],[-122.805068454806,53.9108068776025],[-122.805078322778,53.9108126909242],[-122.805120118955,53.9107879427051],[-122.805110554606,53.910782309641],[-122.805198940049,53.9107299807115],[-122.805206515622,53.9107344420938],[-122.805260722222,53.9107023437406],[-122.805252417952,53.9106974497527],[-122.805336727264,53.9106475319011],[-122.805348022308,53.9106541834044],[-122.805385772884,53.9106318373369],[-122.805376193312,53.910626204269],[-122.805413180611,53.9106043063592],[-122.805533365026,53.9106046718199],[-122.805532902684,53.9106091651051],[-122.805595787079,53.9106096174589],[-122.805596045381,53.910606445089],[-122.805726381095,53.9106073480978],[-122.805761966736,53.9106283029208],[-122.80575157792,53.9106330228282],[-122.805785042429,53.9106518080887],[-122.805792431863,53.9106471821965],[-122.805855079636,53.9106822560689],[-122.805844316044,53.9106890066817],[-122.805891644097,53.9107153912673],[-122.805902483594,53.9107086857134],[-122.805960318858,53.9107409474746],[-122.80594564668,53.9107501724873],[-122.805985123978,53.9107723559094],[-122.805993048007,53.9107673443817],[-122.806057532951,53.910803535636],[-122.806050494898,53.9108078924699],[-122.806086131579,53.9108277597222],[-122.806123521299,53.9108076778338],[-122.806112923684,53.9108016027661],[-122.80616769863,53.9107682735567],[-122.806181773201,53.9107763226182],[-122.806227627953,53.9107494324164],[-122.806217562311,53.9107435379776],[-122.806273008947,53.9107097693885],[-122.806283485568,53.9107156734737],[-122.806329131391,53.9106878481368],[-122.80631905036,53.9106819896339],[-122.806373962574,53.9106485347184],[-122.806386716362,53.9106557996646],[-122.806431537559,53.9106285032551],[-122.806424022101,53.910624185856],[-122.80646895005,53.9105968356761],[-122.80647531168,53.9106004771078],[-122.806508156038,53.9105789406952],[-122.806526856684,53.9105873656812],[-122.806542278256,53.9105773508546],[-122.806567092507,53.9105805006994],[-122.806608308714,53.9106019676727],[-122.806609168439,53.9106234685153],[-122.806695695737,53.9106730601802],[-122.806695795147,53.9106943890247],[-122.806668514878,53.910710973033],[-122.806673980751,53.9107141006922],[-122.806624091218,53.9107444989016],[-122.806615163592,53.9107393972787],[-122.806565869386,53.9107694279118],[-122.806576664169,53.9107756740304],[-122.806522118008,53.9108089768305],[-122.806508665178,53.9108014321425],[-122.806471232737,53.910824210502],[-122.806483865103,53.9108314123254]]]},"properties":{"OBJECTID":110865,"Name":null,"Description":null,"BuildingType":1,"FloorCount":null,"Shape__Area":2523.655029296875}},{"type":"Feature","id":112076,"geometry":{"type":"Polygon","coordinates":[[[-122.804721762777,53.9141517980498],[-122.804812221003,53.9142573211563],[-122.804678196454,53.9142973697659],[-122.80458784463,53.9141919366127],[-122.804721762777,53.9141517980498]]]},"properties":{"OBJECTID":112076,"Name":null,"Description":null,"BuildingType":1,"FloorCount":null,"Shape__Area":129.758544921875}},{"type":"Feature","id":96756,"geometry":{"type":"Polygon","coordinates":[[[-122.809591161422,53.9108430216693],[-122.809508812949,53.910844437016],[-122.809510360949,53.9108755921116],[-122.809388230597,53.9108778161063],[-122.809386242001,53.9108398024146],[-122.809314169777,53.9108410811419],[-122.809312855905,53.910815373184],[-122.809198839924,53.9108175379662],[-122.80919129844,53.9107186662333],[-122.809312758649,53.9107164144108],[-122.809309662164,53.9106074920947],[-122.809403078453,53.9106058337981],[-122.809402221917,53.910590004452],[-122.809502748059,53.910588186589],[-122.80950360226,53.9106045372385],[-122.809578642956,53.9106031732243],[-122.809591161422,53.9108430216693]]]},"properties":{"OBJECTID":96756,"Name":"Jehovah's Witness Church","Description":null,"BuildingType":7,"FloorCount":null,"Shape__Area":600.131103515625}},{"type":"Feature","id":111086,"geometry":{"type":"Polygon","coordinates":[[[-122.815907307777,53.9116357759402],[-122.815902213695,53.9114129270372],[-122.816033625814,53.9114119959298],[-122.816035261096,53.9114867521718],[-122.816062740226,53.9114865425991],[-122.816063466423,53.9115291471392],[-122.816034967225,53.9115293731255],[-122.816035669417,53.9115601133831],[-122.81608112843,53.9115596796829],[-122.816082976928,53.9116344362488],[-122.815907307777,53.9116357759402]]]},"properties":{"OBJECTID":111086,"Name":null,"Description":null,"BuildingType":1,"FloorCount":null,"Shape__Area":246.337646484375}},{"type":"Feature","id":112740,"geometry":{"type":"Polygon","coordinates":[[[-122.815944343624,53.9163346113534],[-122.815943858473,53.9162579784295],[-122.816098532707,53.9162574693771],[-122.816098921772,53.9163075244664],[-122.816116933898,53.9163073453221],[-122.816117167958,53.9163372399603],[-122.816100830969,53.9163373317893],[-122.816101081866,53.91638764732],[-122.815975367082,53.9163877783169],[-122.815975563684,53.9163950050164],[-122.81583824706,53.9163951899956],[-122.815837690637,53.9163347983829],[-122.815944343624,53.9163346113534]]]},"properties":{"OBJECTID":112740,"Name":null,"Description":null,"BuildingType":1,"FloorCount":null,"Shape__Area":200.232421875}},{"type":"Feature","id":111481,"geometry":{"type":"Polygon","coordinates":[[[-122.80843225721,53.9126850532294],[-122.808433670149,53.912599192504],[-122.808549702575,53.9125999168287],[-122.808550678756,53.9125429250679],[-122.808615423421,53.9125433698157],[-122.808613065331,53.9126861953894],[-122.80843225721,53.9126850532294]]]},"properties":{"OBJECTID":111481,"Name":null,"Description":null,"BuildingType":1,"FloorCount":null,"Shape__Area":140.4453125}},{"type":"Feature","id":111558,"geometry":{"type":"Polygon","coordinates":[[[-122.804210515678,53.9128397059812],[-122.804228526666,53.9127613414429],[-122.804250562817,53.912763049145],[-122.804263817609,53.9127055561226],[-122.804406639302,53.912717104802],[-122.804374901787,53.9128530245506],[-122.804210515678,53.9128397059812]]]},"properties":{"OBJECTID":111558,"Name":null,"Description":null,"BuildingType":1,"FloorCount":null,"Shape__Area":157.172119140625}},{"type":"Feature","id":112391,"geometry":{"type":"Polygon","coordinates":[[[-122.804212710503,53.9151467655878],[-122.804233250219,53.9150617989758],[-122.804437029091,53.9150788577752],[-122.804416549838,53.9151640042813],[-122.804212710503,53.9151467655878]]]},"properties":{"OBJECTID":112391,"Name":null,"Description":null,"BuildingType":1,"FloorCount":null,"Shape__Area":129.25341796875}},{"type":"Feature","id":112222,"geometry":{"type":"Polygon","coordinates":[[[-122.806547176393,53.9145870423143],[-122.806548322004,53.9147081043628],[-122.806363995982,53.914708598244],[-122.806363534579,53.9146306260647],[-122.806412086493,53.9146304346991],[-122.806411919774,53.9145874804831],[-122.806547176393,53.9145870423143]]]},"properties":{"OBJECTID":112222,"Name":null,"Description":null,"BuildingType":1,"FloorCount":null,"Shape__Area":147.559814453125}},{"type":"Feature","id":111063,"geometry":{"type":"Polygon","coordinates":[[[-122.815293755486,53.9114154261425],[-122.815292613572,53.9115396664099],[-122.815136880433,53.9115391481427],[-122.815137116791,53.9115097575339],[-122.815071931696,53.9115094234795],[-122.815072721166,53.9114409895674],[-122.815142534503,53.9114412228893],[-122.815142893974,53.9114149782923],[-122.815293755486,53.9114154261425]]]},"properties":{"OBJECTID":111063,"Name":null,"Description":null,"BuildingType":1,"FloorCount":null,"Shape__Area":173.067626953125}},{"type":"Feature","id":113450,"geometry":{"type":"Polygon","coordinates":[[[-122.810951113465,53.9181222642292],[-122.810828719795,53.9182286069245],[-122.81069486837,53.9181749889839],[-122.810817034,53.9180686101124],[-122.810951113465,53.9181222642292]]]},"properties":{"OBJECTID":113450,"Name":null,"Description":null,"BuildingType":1,"FloorCount":null,"Shape__Area":152.044921875}},{"type":"Feature","id":112122,"geometry":{"type":"Polygon","coordinates":[[[-122.814345747317,53.9142137459526],[-122.81453323186,53.914321083456],[-122.814427303207,53.9143856877805],[-122.814239925177,53.9142783592657],[-122.814345747317,53.9142137459526]]]},"properties":{"OBJECTID":112122,"Name":null,"Description":null,"BuildingType":1,"FloorCount":null,"Shape__Area":171.54443359375}},{"type":"Feature","id":112909,"geometry":{"type":"Polygon","coordinates":[[[-122.813964052686,53.9169206732583],[-122.813753880172,53.9169176151293],[-122.813757369387,53.9168280725264],[-122.813884584598,53.9168297887275],[-122.813884017655,53.9168442945732],[-122.813967203594,53.9168454840531],[-122.813964052686,53.9169206732583]]]},"properties":{"OBJECTID":112909,"Name":null,"Description":null,"BuildingType":1,"FloorCount":null,"Shape__Area":129.01318359375}},{"type":"Feature","id":112368,"geometry":{"type":"Polygon","coordinates":[[[-122.815191464993,53.9149991058909],[-122.815370161393,53.9150325916349],[-122.815334623021,53.9150990576223],[-122.815302859687,53.9150932024888],[-122.815277239125,53.915140907655],[-122.815134641409,53.9151140206558],[-122.815154000155,53.9150777027413],[-122.815119651382,53.9150712323917],[-122.815158152188,53.9149993871794],[-122.815188499864,53.9150051682683],[-122.815191464993,53.9149991058909]]]},"properties":{"OBJECTID":112368,"Name":null,"Description":null,"BuildingType":1,"FloorCount":null,"Shape__Area":168.1015625}},{"type":"Feature","id":111017,"geometry":{"type":"Polygon","coordinates":[[[-122.807999423087,53.9113055657747],[-122.808162141586,53.9113063471359],[-122.808160586329,53.911429795743],[-122.807997989054,53.9114290325501],[-122.807999423087,53.9113055657747]]]},"properties":{"OBJECTID":111017,"Name":null,"Description":null,"BuildingType":1,"FloorCount":null,"Shape__Area":146.772705078125}},{"type":"Feature","id":112262,"geometry":{"type":"Polygon","coordinates":[[[-122.813954771926,53.9147750564673],[-122.813972710745,53.9146473549301],[-122.814124101037,53.9146547708071],[-122.814100962082,53.9148153516294],[-122.813980272536,53.9148094393487],[-122.81398487887,53.914776693992],[-122.813954771926,53.9147750564673]]]},"properties":{"OBJECTID":112262,"Name":null,"Description":null,"BuildingType":1,"FloorCount":null,"Shape__Area":171.293701171875}},{"type":"Feature","id":114183,"geometry":{"type":"Polygon","coordinates":[[[-122.812518293554,53.9201368586629],[-122.812520902218,53.920006607877],[-122.812664575109,53.9200075511159],[-122.812662226224,53.9201376944532],[-122.812518293554,53.9201368586629]]]},"properties":{"OBJECTID":114183,"Name":null,"Description":null,"BuildingType":1,"FloorCount":null,"Shape__Area":136.822509765625}},{"type":"Feature","id":111953,"geometry":{"type":"Polygon","coordinates":[[[-122.807383115177,53.9137288126719],[-122.807537565104,53.9137287277434],[-122.807537432861,53.9137674211423],[-122.807577822492,53.9137674678902],[-122.80757796186,53.9138100086148],[-122.807534937753,53.9138101014538],[-122.807535237621,53.9139038114765],[-122.807383162265,53.9139038462828],[-122.807383115177,53.9137288126719]]]},"properties":{"OBJECTID":111953,"Name":null,"Description":null,"BuildingType":1,"FloorCount":null,"Shape__Area":208.40478515625}},{"type":"Feature","id":111326,"geometry":{"type":"Polygon","coordinates":[[[-122.802799119455,53.9121525688963],[-122.802995228877,53.9121528638122],[-122.802995223698,53.9121669031628],[-122.803056817799,53.9121670581213],[-122.803056661801,53.9122390432857],[-122.802998264665,53.9122388666076],[-122.802998498758,53.9122473517259],[-122.802798948964,53.9122469253332],[-122.802799119455,53.9121525688963]]]},"properties":{"OBJECTID":111326,"Name":null,"Description":null,"BuildingType":1,"FloorCount":null,"Shape__Area":167.93212890625}},{"type":"Feature","id":113281,"geometry":{"type":"Polygon","coordinates":[[[-122.801523160891,53.9178685190436],[-122.801367094501,53.9177857146944],[-122.801487524199,53.9177066121859],[-122.801633960446,53.9177845648985],[-122.801603551467,53.9178045310716],[-122.80161298294,53.917809526036],[-122.801523160891,53.9178685190436]]]},"properties":{"OBJECTID":113281,"Name":null,"Description":null,"BuildingType":1,"FloorCount":null,"Shape__Area":160.443115234375}},{"type":"Feature","id":111232,"geometry":{"type":"Polygon","coordinates":[[[-122.800906053652,53.911949254079],[-122.800915798814,53.9118655913339],[-122.801026954634,53.9118701347727],[-122.80103093163,53.9118341351665],[-122.80114076256,53.9118387571975],[-122.801126873733,53.9119583653655],[-122.800906053652,53.911949254079]]]},"properties":{"OBJECTID":111232,"Name":null,"Description":null,"BuildingType":1,"FloorCount":null,"Shape__Area":164.677490234375}},{"type":"Feature","id":114229,"geometry":{"type":"Polygon","coordinates":[[[-122.810460770153,53.9201789019218],[-122.810462322806,53.9200747867681],[-122.810430484889,53.920074628661],[-122.810431277701,53.9200206207022],[-122.810570825254,53.9200213352328],[-122.810570006604,53.9200743634539],[-122.810602803704,53.9200745410128],[-122.810601275723,53.9201833749346],[-122.81056987929,53.9201832175607],[-122.810569153418,53.9202359313448],[-122.810431614554,53.92023532784],[-122.810432464895,53.9201787044501],[-122.810460770153,53.9201789019218]]]},"properties":{"OBJECTID":114229,"Name":null,"Description":null,"BuildingType":1,"FloorCount":null,"Shape__Area":219.8583984375}},{"type":"Feature","id":111907,"geometry":{"type":"Polygon","coordinates":[[[-122.804464316223,53.9136993784338],[-122.80451530919,53.9138152007443],[-122.80438574978,53.9138349972034],[-122.804334969737,53.9137192920297],[-122.804464316223,53.9136993784338]]]},"properties":{"OBJECTID":111907,"Name":null,"Description":null,"BuildingType":1,"FloorCount":null,"Shape__Area":116.902099609375}},{"type":"Feature","id":113579,"geometry":{"type":"Polygon","coordinates":[[[-122.812063313986,53.9185152239503],[-122.811837316951,53.9185148610897],[-122.811837669437,53.9184296908318],[-122.811965962267,53.9184298468281],[-122.811965987545,53.9184174433515],[-122.812064666721,53.9184174270399],[-122.812064707319,53.9184355110703],[-122.812122017214,53.9184356097277],[-122.81212170996,53.9184972673048],[-122.81206359293,53.9184971853604],[-122.812063313986,53.9185152239503]]]},"properties":{"OBJECTID":113579,"Name":null,"Description":null,"BuildingType":1,"FloorCount":null,"Shape__Area":176.069091796875}},{"type":"Feature","id":111180,"geometry":{"type":"Polygon","coordinates":[[[-122.808199539217,53.9117894345332],[-122.808364983395,53.9117904806253],[-122.808363468268,53.9118753614994],[-122.808197825439,53.9118744049688],[-122.808199539217,53.9117894345332]]]},"properties":{"OBJECTID":111180,"Name":null,"Description":null,"BuildingType":1,"FloorCount":null,"Shape__Area":102.759765625}},{"type":"Feature","id":113095,"geometry":{"type":"Polygon","coordinates":[[[-122.803490209524,53.9173089306148],[-122.803615456947,53.9172208098428],[-122.803725630308,53.9172756103837],[-122.803607410934,53.9173585656415],[-122.803589577475,53.9173497641321],[-122.803556932574,53.917372765107],[-122.803483700183,53.9173365852064],[-122.80350940977,53.917318471396],[-122.803490209524,53.9173089306148]]]},"properties":{"OBJECTID":113095,"Name":null,"Description":null,"BuildingType":1,"FloorCount":null,"Shape__Area":136.29248046875}},{"type":"Feature","id":114174,"geometry":{"type":"Polygon","coordinates":[[[-122.809515556497,53.9200942220345],[-122.809520684127,53.9200080617021],[-122.809615049726,53.9200098561457],[-122.809613889911,53.9200305088531],[-122.809705346631,53.9200324514112],[-122.809706830178,53.9200075658428],[-122.80980105842,53.9200094318269],[-122.809796355768,53.9200893191829],[-122.809699143544,53.9200873226342],[-122.809697671638,53.9201096466256],[-122.809604113464,53.9201077097184],[-122.809604730371,53.920095945335],[-122.809515556497,53.9200942220345]]]},"properties":{"OBJECTID":114174,"Name":null,"Description":null,"BuildingType":1,"FloorCount":null,"Shape__Area":166.25634765625}},{"type":"Feature","id":114080,"geometry":{"type":"Polygon","coordinates":[[[-122.813356417758,53.9197078341226],[-122.813358461194,53.9198163860134],[-122.813135464259,53.9198177469814],[-122.813134019497,53.9197389284972],[-122.813245022822,53.9197382652726],[-122.813244439754,53.9197085588508],[-122.813356417758,53.9197078341226]]]},"properties":{"OBJECTID":114080,"Name":null,"Description":null,"BuildingType":1,"FloorCount":null,"Shape__Area":152.73974609375}},{"type":"Feature","id":111418,"geometry":{"type":"Polygon","coordinates":[[[-122.814298155735,53.9124259557309],[-122.814385758573,53.9123732143871],[-122.814443278762,53.912406424295],[-122.81445781017,53.91239775529],[-122.8146157457,53.9124895066824],[-122.814513809213,53.912550953464],[-122.814298155735,53.9124259557309]]]},"properties":{"OBJECTID":111418,"Name":null,"Description":null,"BuildingType":1,"FloorCount":null,"Shape__Area":182.94140625}},{"type":"Feature","id":111074,"geometry":{"type":"Polygon","coordinates":[[[-122.815608297832,53.9114333194142],[-122.815822071271,53.9114352024067],[-122.815819957131,53.9115143480647],[-122.815742564326,53.9115136810682],[-122.815740847842,53.9115819967159],[-122.815604330165,53.9115806456832],[-122.815608297832,53.9114333194142]]]},"properties":{"OBJECTID":111074,"Name":null,"Description":null,"BuildingType":1,"FloorCount":null,"Shape__Area":191.779052734375}},{"type":"Feature","id":114369,"geometry":{"type":"Polygon","coordinates":[[[-122.804110201894,53.9209174792932],[-122.804408432071,53.9209212280191],[-122.804405021954,53.9210155520768],[-122.804106989684,53.9210116688451],[-122.804110201894,53.9209174792932]]]},"properties":{"OBJECTID":114369,"Name":null,"Description":null,"BuildingType":1,"FloorCount":null,"Shape__Area":205.420166015625}},{"type":"Feature","id":113387,"geometry":{"type":"Polygon","coordinates":[[[-122.810825385122,53.9180467643155],[-122.810939534951,53.9179417928037],[-122.811074083515,53.9179926612256],[-122.810960070387,53.9180977499242],[-122.810825385122,53.9180467643155]]]},"properties":{"OBJECTID":113387,"Name":null,"Description":null,"BuildingType":1,"FloorCount":null,"Shape__Area":145.771240234375}},{"type":"Feature","id":113636,"geometry":{"type":"Polygon","coordinates":[[[-122.803515117545,53.9186193042772],[-122.803505732539,53.9184810975563],[-122.803733903265,53.9184756913395],[-122.803743365701,53.9186137813239],[-122.803515117545,53.9186193042772]]]},"properties":{"OBJECTID":113636,"Name":null,"Description":null,"BuildingType":1,"FloorCount":null,"Shape__Area":230.749755859375}},{"type":"Feature","id":113882,"geometry":{"type":"Polygon","coordinates":[[[-122.801593074415,53.9192693872382],[-122.801590409814,53.9191987367189],[-122.801580984277,53.9191988469796],[-122.801578974482,53.9191442412206],[-122.801735371727,53.9191422974408],[-122.801740016889,53.9192673918796],[-122.801593074415,53.9192693872382]]]},"properties":{"OBJECTID":113882,"Name":null,"Description":null,"BuildingType":1,"FloorCount":null,"Shape__Area":138.26171875}},{"type":"Feature","id":111472,"geometry":{"type":"Polygon","coordinates":[[[-122.815391645409,53.9126917919052],[-122.815221519203,53.9125952231552],[-122.815318102214,53.9125358168196],[-122.815354684711,53.9125565725841],[-122.815391763811,53.9125337729452],[-122.815439796695,53.9125609637629],[-122.8154898051,53.9125302654799],[-122.815600630973,53.912593181379],[-122.815485424318,53.9126641269649],[-122.815460185635,53.9126497701983],[-122.815391645409,53.9126917919052]]]},"properties":{"OBJECTID":111472,"Name":null,"Description":null,"BuildingType":1,"FloorCount":null,"Shape__Area":247.11279296875}},{"type":"Feature","id":111913,"geometry":{"type":"Polygon","coordinates":[[[-122.809864012958,53.91386793774],[-122.809602946288,53.9138681982184],[-122.8096023883,53.9137833590122],[-122.809863637089,53.9137831078119],[-122.809864012958,53.91386793774]]]},"properties":{"OBJECTID":111913,"Name":null,"Description":null,"BuildingType":1,"FloorCount":null,"Shape__Area":161.912353515625}},{"type":"Feature","id":112995,"geometry":{"type":"Polygon","coordinates":[[[-122.804578472815,53.9170176507651],[-122.804840449648,53.9169635642036],[-122.804897071061,53.9170586599809],[-122.80481197016,53.9170762821003],[-122.804808450246,53.917070362237],[-122.804631527886,53.9171068806497],[-122.804578472815,53.9170176507651]]]},"properties":{"OBJECTID":112995,"Name":null,"Description":null,"BuildingType":1,"FloorCount":null,"Shape__Area":195.943359375}},{"type":"Feature","id":113241,"geometry":{"type":"Polygon","coordinates":[[[-122.803422573265,53.9175886720967],[-122.803649564749,53.9175836955395],[-122.803657369094,53.9177051369581],[-122.803533800305,53.917707829027],[-122.803531984812,53.9176794148069],[-122.80342862298,53.9176815825636],[-122.803422573265,53.9175886720967]]]},"properties":{"OBJECTID":113241,"Name":null,"Description":null,"BuildingType":1,"FloorCount":null,"Shape__Area":180.130859375}},{"type":"Feature","id":112700,"geometry":{"type":"Polygon","coordinates":[[[-122.814517791107,53.9162594335026],[-122.814517439223,53.9161395772042],[-122.814683637303,53.9161393214619],[-122.814684278381,53.9162593040384],[-122.814517791107,53.9162594335026]]]},"properties":{"OBJECTID":112700,"Name":null,"Description":null,"BuildingType":1,"FloorCount":null,"Shape__Area":145.771728515625}},{"type":"Feature","id":112019,"geometry":{"type":"Polygon","coordinates":[[[-122.812643226793,53.9139844409233],[-122.812786799966,53.9140643260219],[-122.812652556351,53.9141483617697],[-122.812509241355,53.9140686117358],[-122.812643226793,53.9139844409233]]]},"properties":{"OBJECTID":112019,"Name":null,"Description":null,"BuildingType":1,"FloorCount":null,"Shape__Area":166.39501953125}},{"type":"Feature","id":113015,"geometry":{"type":"Polygon","coordinates":[[[-122.815334687483,53.9171928078703],[-122.815110347246,53.9171912403237],[-122.815111826377,53.9171080131969],[-122.815293033293,53.9171094065523],[-122.815292519748,53.9171326219126],[-122.815336017461,53.9171329314827],[-122.815334687483,53.9171928078703]]]},"properties":{"OBJECTID":113015,"Name":null,"Description":null,"BuildingType":1,"FloorCount":null,"Shape__Area":129.0625}},{"type":"Feature","id":111947,"geometry":{"type":"Polygon","coordinates":[[[-122.807713510878,53.9138182790356],[-122.807930335853,53.9138179698897],[-122.807930697812,53.913898341725],[-122.807713765191,53.9138987945085],[-122.807713510878,53.9138182790356]]]},"properties":{"OBJECTID":111947,"Name":null,"Description":null,"BuildingType":1,"FloorCount":null,"Shape__Area":127.500732421875}},{"type":"Feature","id":111970,"geometry":{"type":"Polygon","coordinates":[[[-122.811102222881,53.9138294455142],[-122.811100930069,53.9138662765595],[-122.811169207028,53.9138671209597],[-122.811166124871,53.9139530060344],[-122.810954442744,53.9139504529392],[-122.810956960018,53.9138784984767],[-122.810953215081,53.9138784476411],[-122.810955028033,53.9138276050273],[-122.811102222881,53.9138294455142]]]},"properties":{"OBJECTID":111970,"Name":null,"Description":null,"BuildingType":1,"FloorCount":null,"Shape__Area":173.02734375}},{"type":"Feature","id":113393,"geometry":{"type":"Polygon","coordinates":[[[-122.813628315524,53.9180051099717],[-122.813514590762,53.9181084219031],[-122.813397719898,53.918063506816],[-122.813511352671,53.9179603746127],[-122.813628315524,53.9180051099717]]]},"properties":{"OBJECTID":113393,"Name":null,"Description":null,"BuildingType":1,"FloorCount":null,"Shape__Area":125.423095703125}},{"type":"Feature","id":111120,"geometry":{"type":"Polygon","coordinates":[[[-122.804592232499,53.9117062765179],[-122.804640258809,53.9115929072821],[-122.804772551018,53.9116123568879],[-122.804724661802,53.9117257803273],[-122.804592232499,53.9117062765179]]]},"properties":{"OBJECTID":111120,"Name":null,"Description":null,"BuildingType":1,"FloorCount":null,"Shape__Area":116.5205078125}},{"type":"Feature","id":111329,"geometry":{"type":"Polygon","coordinates":[[[-122.802748266127,53.9121506967518],[-122.802752475922,53.9122459052617],[-122.802552057425,53.9122489104731],[-122.802551001638,53.9122306809394],[-122.802489432676,53.912231631295],[-122.802485974216,53.9121547686538],[-122.802748266127,53.9121506967518]]]},"properties":{"OBJECTID":111329,"Name":null,"Description":null,"BuildingType":1,"FloorCount":null,"Shape__Area":174.25341796875}},{"type":"Feature","id":114034,"geometry":{"type":"Polygon","coordinates":[[[-122.813367779756,53.919546669023],[-122.813370335966,53.9196631581643],[-122.813172234694,53.9196645758609],[-122.813170197737,53.9195717350909],[-122.813228059864,53.919571267831],[-122.813227647874,53.91954758367],[-122.813367779756,53.919546669023]]]},"properties":{"OBJECTID":114034,"Name":null,"Description":null,"BuildingType":1,"FloorCount":null,"Shape__Area":158.695556640625}},{"type":"Feature","id":112780,"geometry":{"type":"Polygon","coordinates":[[[-122.813765179458,53.9164620819465],[-122.814036876986,53.9164611997064],[-122.814037630991,53.9165416439906],[-122.81362505247,53.9165428559512],[-122.813624375944,53.9164622859513],[-122.813672503254,53.9164621808705],[-122.813672304912,53.9164246554211],[-122.813765027628,53.9164243498442],[-122.813765179458,53.9164620819465]]]},"properties":{"OBJECTID":112780,"Name":null,"Description":null,"BuildingType":1,"FloorCount":null,"Shape__Area":267.966064453125}},{"type":"Feature","id":114366,"geometry":{"type":"Polygon","coordinates":[[[-122.812441510089,53.9209988816962],[-122.812294510594,53.9209953803873],[-122.812293727984,53.9210069108339],[-122.812178107641,53.9210041594897],[-122.812183876989,53.920919707794],[-122.812205237926,53.920920217564],[-122.812207356637,53.9208891941235],[-122.812337303579,53.9208922824087],[-122.812336733077,53.9209006583811],[-122.812392944466,53.9209019955413],[-122.812392423646,53.9209094817744],[-122.812447508393,53.9209107901849],[-122.812441510089,53.9209988816962]]]},"properties":{"OBJECTID":114366,"Name":null,"Description":null,"BuildingType":1,"FloorCount":null,"Shape__Area":194.844482421875}},{"type":"Feature","id":111684,"geometry":{"type":"Polygon","coordinates":[[[-122.812173890012,53.9131028327135],[-122.812079516319,53.9131707157196],[-122.812020636228,53.9131421853353],[-122.812009196,53.9131505263256],[-122.811919858231,53.9131072347489],[-122.811838776079,53.9130867497694],[-122.811876684724,53.913018787498],[-122.811998860206,53.9130451610568],[-122.812058181596,53.913002497694],[-122.812122727704,53.9130337782846],[-122.812085964925,53.9130602265625],[-122.812173890012,53.9131028327135]]]},"properties":{"OBJECTID":111684,"Name":null,"Description":null,"BuildingType":1,"FloorCount":null,"Shape__Area":213.694580078125}},{"type":"Feature","id":111429,"geometry":{"type":"Polygon","coordinates":[[[-122.809338246605,53.9124701613496],[-122.809440204965,53.9124590431633],[-122.809442557963,53.9124671990716],[-122.809644479937,53.9124450311779],[-122.809684863779,53.912573309924],[-122.809489171169,53.9125947237827],[-122.809469859229,53.9125329721061],[-122.809361762165,53.912544826582],[-122.809338246605,53.9124701613496]]]},"properties":{"OBJECTID":111429,"Name":null,"Description":null,"BuildingType":1,"FloorCount":null,"Shape__Area":250.253173828125}},{"type":"Feature","id":111020,"geometry":{"type":"Polygon","coordinates":[[[-122.807354962902,53.9114304205055],[-122.807352050756,53.9113387735078],[-122.807442786322,53.9113377955275],[-122.807442132624,53.9113177421028],[-122.807483420253,53.9113173139566],[-122.80748299871,53.9113030492192],[-122.807559591009,53.9113022282373],[-122.807563777126,53.9114281307927],[-122.807354962902,53.9114304205055]]]},"properties":{"OBJECTID":111020,"Name":null,"Description":null,"BuildingType":1,"FloorCount":null,"Shape__Area":165.105712890625}},{"type":"Feature","id":113350,"geometry":{"type":"Polygon","coordinates":[[[-122.808265085965,53.9180255368444],[-122.808056246938,53.9180260660999],[-122.808056061081,53.9180134735359],[-122.807996116792,53.9180135754514],[-122.807995732937,53.9179445825164],[-122.808061006261,53.917944453166],[-122.808060940986,53.917935447029],[-122.80816223865,53.9179352583485],[-122.808162269541,53.9179451272839],[-122.808264693801,53.9179449672806],[-122.808265085965,53.9180255368444]]]},"properties":{"OBJECTID":113350,"Name":null,"Description":null,"BuildingType":1,"FloorCount":null,"Shape__Area":160.73974609375}},{"type":"Feature","id":113178,"geometry":{"type":"Polygon","coordinates":[[[-122.813343558879,53.9175759913924],[-122.81305772864,53.9174532912599],[-122.813154763285,53.9173743653464],[-122.813284860108,53.9174301588124],[-122.813273521204,53.9174394707855],[-122.813353134671,53.9174738210632],[-122.81333713585,53.9174867479865],[-122.813413163781,53.9175194028964],[-122.813343558879,53.9175759913924]]]},"properties":{"OBJECTID":113178,"Name":null,"Description":null,"BuildingType":1,"FloorCount":null,"Shape__Area":224.66748046875}},{"type":"Feature","id":113676,"geometry":{"type":"Polygon","coordinates":[[[-122.801884641185,53.9186261529862],[-122.802028007677,53.9187101311252],[-122.801892622624,53.9187927687651],[-122.801830897101,53.9187540003105],[-122.801795925225,53.918772799541],[-122.80173649889,53.9187340438203],[-122.801824767294,53.9186497826701],[-122.801884641185,53.9186261529862]]]},"properties":{"OBJECTID":113676,"Name":null,"Description":null,"BuildingType":1,"FloorCount":null,"Shape__Area":189.128173828125}},{"type":"Feature","id":113207,"geometry":{"type":"Polygon","coordinates":[[[-122.809223266123,53.9175829988578],[-122.809228809067,53.917449211447],[-122.809388758385,53.9174514877342],[-122.809381928996,53.9176204613524],[-122.809234950222,53.9176184123858],[-122.809236374577,53.9175831724775],[-122.809223266123,53.9175829988578]]]},"properties":{"OBJECTID":113207,"Name":null,"Description":null,"BuildingType":1,"FloorCount":null,"Shape__Area":194.3642578125}},{"type":"Feature","id":113084,"geometry":{"type":"Polygon","coordinates":[[[-122.811873753654,53.9173122084307],[-122.811675291392,53.9172271310131],[-122.811757795983,53.9171599308283],[-122.811832940874,53.917192171907],[-122.81184672542,53.9171807876599],[-122.812039518674,53.9172636448602],[-122.811957503967,53.9173303067208],[-122.811887935664,53.9173004742674],[-122.811873753654,53.9173122084307]]]},"properties":{"OBJECTID":113084,"Name":null,"Description":null,"BuildingType":1,"FloorCount":null,"Shape__Area":215.953369140625}},{"type":"Feature","id":112543,"geometry":{"type":"Polygon","coordinates":[[[-122.805148387195,53.9157526535853],[-122.805022418018,53.9156051617863],[-122.805159952977,53.9155640758788],[-122.805210634574,53.9156233894138],[-122.805198376492,53.9156270995757],[-122.805247814805,53.9156853325103],[-122.805257617734,53.9156824722279],[-122.805283391224,53.9157124172963],[-122.805148387195,53.9157526535853]]]},"properties":{"OBJECTID":112543,"Name":null,"Description":null,"BuildingType":1,"FloorCount":null,"Shape__Area":178.762451171875}},{"type":"Feature","id":113035,"geometry":{"type":"Polygon","coordinates":[[[-122.804042713586,53.9171721633159],[-122.804248779711,53.9171255637361],[-122.804291513536,53.9171915338273],[-122.80408537168,53.9172379895477],[-122.804042713586,53.9171721633159]]]},"properties":{"OBJECTID":113035,"Name":null,"Description":null,"BuildingType":1,"FloorCount":null,"Shape__Area":113.765625}},{"type":"Feature","id":111904,"geometry":{"type":"Polygon","coordinates":[[[-122.815647564977,53.9137928541823],[-122.815714393531,53.9137180951888],[-122.81570922466,53.9137164244653],[-122.815752980792,53.9136675965504],[-122.815814477738,53.913686880398],[-122.815774700969,53.913730932791],[-122.815886309064,53.9137656630502],[-122.815815227072,53.9138452691682],[-122.815647564977,53.9137928541823]]]},"properties":{"OBJECTID":111904,"Name":null,"Description":null,"BuildingType":1,"FloorCount":null,"Shape__Area":150.209716796875}},{"type":"Feature","id":113250,"geometry":{"type":"Polygon","coordinates":[[[-122.815837655648,53.9177544528859],[-122.815830859952,53.9175583860055],[-122.815966222035,53.9175568947689],[-122.815970698706,53.9176814670934],[-122.81595091951,53.9176817154126],[-122.815953346426,53.9177530483411],[-122.815837655648,53.9177544528859]]]},"properties":{"OBJECTID":113250,"Name":null,"Description":null,"BuildingType":1,"FloorCount":null,"Shape__Area":183.765380859375}},{"type":"Feature","id":111804,"geometry":{"type":"Polygon","coordinates":[[[-122.802702303619,53.913378552733],[-122.802954277334,53.9133850154108],[-122.802947673744,53.9134747863478],[-122.80296485973,53.9134752190097],[-122.802962383594,53.9135096482202],[-122.802894537561,53.9135079729588],[-122.802896572612,53.9134799335392],[-122.802695425274,53.9134748215756],[-122.802702303619,53.913378552733]]]},"properties":{"OBJECTID":111804,"Name":null,"Description":null,"BuildingType":1,"FloorCount":null,"Shape__Area":192.197265625}},{"type":"Feature","id":113968,"geometry":{"type":"Polygon","coordinates":[[[-122.81320762356,53.9194899750575],[-122.81320242825,53.9193644667865],[-122.813344635688,53.919362342008],[-122.813349571736,53.9194880386187],[-122.81320762356,53.9194899750575]]]},"properties":{"OBJECTID":113968,"Name":null,"Description":null,"BuildingType":1,"FloorCount":null,"Shape__Area":130.472412109375}},{"type":"Feature","id":113058,"geometry":{"type":"Polygon","coordinates":[[[-122.813573240566,53.9171445349554],[-122.813802748179,53.917192608603],[-122.813793389371,53.9172086287857],[-122.813840833257,53.9172185981886],[-122.813796350069,53.9172926177774],[-122.813585552312,53.9172483481461],[-122.813593330586,53.917235111824],[-122.813527192103,53.9172212214687],[-122.813573240566,53.9171445349554]]]},"properties":{"OBJECTID":113058,"Name":null,"Description":null,"BuildingType":1,"FloorCount":null,"Shape__Area":191.68115234375}},{"type":"Feature","id":111827,"geometry":{"type":"Polygon","coordinates":[[[-122.811758306605,53.913576625881],[-122.811532100764,53.9134527391545],[-122.811650655937,53.9133771737637],[-122.811742611082,53.913427561223],[-122.811718258722,53.9134431083454],[-122.811852569214,53.9135168412012],[-122.811758306605,53.913576625881]]]},"properties":{"OBJECTID":111827,"Name":null,"Description":null,"BuildingType":1,"FloorCount":null,"Shape__Area":203.9072265625}},{"type":"Feature","id":113278,"geometry":{"type":"Polygon","coordinates":[[[-122.811199299764,53.9177058605216],[-122.811350306676,53.917773652055],[-122.811234689913,53.9178632430894],[-122.811151741325,53.9178258931417],[-122.811181077488,53.9178031006182],[-122.811113292536,53.9177727851673],[-122.811199299764,53.9177058605216]]]},"properties":{"OBJECTID":113278,"Name":null,"Description":null,"BuildingType":1,"FloorCount":null,"Shape__Area":138.131591796875}},{"type":"Feature","id":113917,"geometry":{"type":"Polygon","coordinates":[[[-122.803563678479,53.9193610061645],[-122.803293277749,53.9193605186401],[-122.803293532299,53.9192674926856],[-122.80345378744,53.9192676651794],[-122.803453873698,53.9192557831115],[-122.803564414406,53.9192561257523],[-122.803563678479,53.9193610061645]]]},"properties":{"OBJECTID":113917,"Name":null,"Description":null,"BuildingType":1,"FloorCount":null,"Shape__Area":193.643798828125}},{"type":"Feature","id":113868,"geometry":{"type":"Polygon","coordinates":[[[-122.801040606258,53.9192341568628],[-122.80082196046,53.9192336236697],[-122.800822316461,53.9191588256598],[-122.800944383653,53.9191590550074],[-122.80094459053,53.9191155621479],[-122.801041397419,53.9191157854786],[-122.801040606258,53.9192341568628]]]},"properties":{"OBJECTID":113868,"Name":null,"Description":null,"BuildingType":1,"FloorCount":null,"Shape__Area":150.379638671875}},{"type":"Feature","id":113327,"geometry":{"type":"Polygon","coordinates":[[[-122.801319087923,53.9178049596079],[-122.80148525702,53.91789569021],[-122.801377025625,53.9179645305514],[-122.801303660138,53.9179244932276],[-122.801272108338,53.9179445922465],[-122.801179608513,53.9178940431072],[-122.801319087923,53.9178049596079]]]},"properties":{"OBJECTID":113327,"Name":null,"Description":null,"BuildingType":1,"FloorCount":null,"Shape__Area":180.48583984375}},{"type":"Feature","id":114040,"geometry":{"type":"Polygon","coordinates":[[[-122.813924640542,53.9196108539318],[-122.814061703564,53.9196118661515],[-122.814060538127,53.9196719764456],[-122.814097248196,53.9196721321445],[-122.814096558306,53.9197040386644],[-122.813922861697,53.9197027180654],[-122.813924640542,53.9196108539318]]]},"properties":{"OBJECTID":114040,"Name":null,"Description":null,"BuildingType":1,"FloorCount":null,"Shape__Area":100.566162109375}},{"type":"Feature","id":112096,"geometry":{"type":"Polygon","coordinates":[[[-122.806792140378,53.9143228550948],[-122.80664093685,53.9143216859646],[-122.806643535468,53.9142040723658],[-122.806781478861,53.914205085338],[-122.806780312645,53.9142565401183],[-122.806793374581,53.9142566689904],[-122.806792140378,53.9143228550948]]]},"properties":{"OBJECTID":112096,"Name":null,"Description":null,"BuildingType":1,"FloorCount":null,"Shape__Area":124.966796875}},{"type":"Feature","id":113270,"geometry":{"type":"Polygon","coordinates":[[[-122.812226846558,53.9178148428462],[-122.812064314783,53.9177430976133],[-122.812182825415,53.9176494207402],[-122.812272388652,53.9176887936409],[-122.812242394191,53.9177125381357],[-122.81231556052,53.917744910636],[-122.812226846558,53.9178148428462]]]},"properties":{"OBJECTID":113270,"Name":null,"Description":null,"BuildingType":1,"FloorCount":null,"Shape__Area":153.81884765625}},{"type":"Feature","id":113021,"geometry":{"type":"Polygon","coordinates":[[[-122.804343639494,53.9171081466644],[-122.804553778875,53.9170662000235],[-122.804600400535,53.917147420079],[-122.804390397695,53.9171893939878],[-122.804343639494,53.9171081466644]]]},"properties":{"OBJECTID":113021,"Name":null,"Description":null,"BuildingType":1,"FloorCount":null,"Shape__Area":139.01708984375}},{"type":"Feature","id":113768,"geometry":{"type":"Polygon","coordinates":[[[-122.805120424691,53.9188250050534],[-122.805125413957,53.9189470349916],[-122.804987867947,53.9189488879647],[-122.804983015654,53.9188269571116],[-122.805120424691,53.9188250050534]]]},"properties":{"OBJECTID":113768,"Name":null,"Description":null,"BuildingType":1,"FloorCount":null,"Shape__Area":122.606201171875}},{"type":"Feature","id":113258,"geometry":{"type":"Polygon","coordinates":[[[-122.801996623527,53.9175973579079],[-122.802154997816,53.9176816302968],[-122.802058380011,53.9177451424908],[-122.802040048905,53.9177353602332],[-122.802010282052,53.9177548152484],[-122.801892503395,53.9176921989578],[-122.801922041876,53.917672743595],[-122.801864983167,53.9176423237644],[-122.801951795258,53.917585347849],[-122.801986619828,53.9176038937084],[-122.801996623527,53.9175973579079]]]},"properties":{"OBJECTID":113258,"Name":null,"Description":null,"BuildingType":1,"FloorCount":null,"Shape__Area":189.723388671875}},{"type":"Feature","id":111455,"geometry":{"type":"Polygon","coordinates":[[[-122.802903304366,53.9126581388706],[-122.802904263724,53.9125740211415],[-122.802958992466,53.9125741828578],[-122.802959139098,53.9125656714004],[-122.803074685308,53.9125661575399],[-122.8030746489,53.9125706605009],[-122.803163949779,53.9125710495849],[-122.803162895256,53.912659328634],[-122.802903304366,53.9126581388706]]]},"properties":{"OBJECTID":111455,"Name":null,"Description":null,"BuildingType":1,"FloorCount":null,"Shape__Area":169.6181640625}},{"type":"Feature","id":112617,"geometry":{"type":"Polygon","coordinates":[[[-122.810134817939,53.9160201618514],[-122.809857715477,53.9160149597641],[-122.80986169094,53.9159374979764],[-122.809898898463,53.9159380242591],[-122.809901338394,53.9158935821684],[-122.810141355426,53.915898024463],[-122.810134817939,53.9160201618514]]]},"properties":{"OBJECTID":112617,"Name":null,"Description":null,"BuildingType":1,"FloorCount":null,"Shape__Area":235.47802734375}},{"type":"Feature","id":112488,"geometry":{"type":"Polygon","coordinates":[[[-122.806416079306,53.9155348018642],[-122.806414754146,53.9154263048502],[-122.806551536735,53.9154256983612],[-122.806552847316,53.9155341324335],[-122.806416079306,53.9155348018642]]]},"properties":{"OBJECTID":112488,"Name":null,"Description":null,"BuildingType":1,"FloorCount":null,"Shape__Area":108.419921875}},{"type":"Feature","id":97475,"geometry":{"type":"Polygon","coordinates":[[[-122.813856555447,53.9210366848978],[-122.813855630346,53.9209194613025],[-122.813913477704,53.92091930827],[-122.813914250659,53.921036540617],[-122.813856555447,53.9210366848978]]]},"properties":{"OBJECTID":97475,"Name":null,"Description":null,"BuildingType":6,"FloorCount":null,"Shape__Area":49.4853515625}},{"type":"Feature","id":111884,"geometry":{"type":"Polygon","coordinates":[[[-122.811372730188,53.9136429639548],[-122.811373271006,53.9137695706505],[-122.811356616034,53.9137694995488],[-122.811356873973,53.9138000953178],[-122.811222670723,53.9138004686532],[-122.811222146675,53.9136432396547],[-122.811372730188,53.9136429639548]]]},"properties":{"OBJECTID":111884,"Name":null,"Description":null,"BuildingType":1,"FloorCount":null,"Shape__Area":169.330810546875}},{"type":"Feature","id":112225,"geometry":{"type":"Polygon","coordinates":[[[-122.809185890938,53.914623414299],[-122.809408484527,53.9146209994525],[-122.80940937065,53.9146470662365],[-122.809462491701,53.9146464854143],[-122.809464577526,53.9147133598989],[-122.809260041081,53.914715488949],[-122.809259691038,53.9147054397406],[-122.809192212437,53.9147061774231],[-122.809191658195,53.9146874903632],[-122.809151874477,53.9146879214889],[-122.809150234265,53.9146336130161],[-122.809186287742,53.9146332209043],[-122.809185890938,53.914623414299]]]},"properties":{"OBJECTID":112225,"Name":null,"Description":null,"BuildingType":1,"FloorCount":null,"Shape__Area":185.669921875}},{"type":"Feature","id":111635,"geometry":{"type":"Polygon","coordinates":[[[-122.802700972732,53.9129697194424],[-122.802962782511,53.9129721266711],[-122.802960487651,53.913061841768],[-122.802759402974,53.9130600106561],[-122.802759753657,53.9130502052535],[-122.802699134956,53.9130495484145],[-122.802700972732,53.9129697194424]]]},"properties":{"OBJECTID":111635,"Name":null,"Description":null,"BuildingType":1,"FloorCount":null,"Shape__Area":167.27978515625}},{"type":"Feature","id":112474,"geometry":{"type":"Polygon","coordinates":[[[-122.813293406478,53.9154256823791],[-122.813430501489,53.9153447152889],[-122.813571705463,53.9154280831128],[-122.813465186248,53.9154910048959],[-122.813415212502,53.915461572261],[-122.81338465145,53.9154797255951],[-122.813293406478,53.9154256823791]]]},"properties":{"OBJECTID":112474,"Name":null,"Description":null,"BuildingType":1,"FloorCount":null,"Shape__Area":153.99462890625}},{"type":"Feature","id":114303,"geometry":{"type":"Polygon","coordinates":[[[-122.812524866615,53.9203486544008],[-122.812724262984,53.9203477790725],[-122.812725735977,53.9204609499328],[-122.812579070725,53.9204614311988],[-122.81257839977,53.9204140541295],[-122.812525592967,53.920414241351],[-122.812524866615,53.9203486544008]]]},"properties":{"OBJECTID":114303,"Name":null,"Description":null,"BuildingType":1,"FloorCount":null,"Shape__Area":146.521484375}},{"type":"Feature","id":110802,"geometry":{"type":"Polygon","coordinates":[[[-122.80255385775,53.9107021030327],[-122.802554497522,53.9107923892299],[-122.802466536888,53.9107926759994],[-122.802466469393,53.9108263362036],[-122.802353512175,53.9108266446863],[-122.802352850188,53.9107024644461],[-122.80255385775,53.9107021030327]]]},"properties":{"OBJECTID":110802,"Name":null,"Description":null,"BuildingType":1,"FloorCount":null,"Shape__Area":160.701904296875}},{"type":"Feature","id":112288,"geometry":{"type":"Polygon","coordinates":[[[-122.813431686448,53.9148022247943],[-122.813303691476,53.9148811387855],[-122.813125449474,53.9147804918838],[-122.813280222536,53.914684946867],[-122.813295970913,53.9146937976274],[-122.813320458553,53.9146786728374],[-122.81335402088,53.9146974920754],[-122.813330601799,53.9147119803808],[-122.813339834698,53.9147172797117],[-122.813311851541,53.9147344393613],[-122.813431686448,53.9148022247943]]]},"properties":{"OBJECTID":112288,"Name":null,"Description":null,"BuildingType":1,"FloorCount":null,"Shape__Area":217.794189453125}},{"type":"Feature","id":111157,"geometry":{"type":"Polygon","coordinates":[[[-122.808610910064,53.911839048856],[-122.808612747367,53.9117368664655],[-122.808741624615,53.9117378986954],[-122.808741445323,53.9117538162743],[-122.808891133593,53.911754746666],[-122.808889354541,53.9118409843243],[-122.808610910064,53.911839048856]]]},"properties":{"OBJECTID":111157,"Name":null,"Description":null,"BuildingType":1,"FloorCount":null,"Shape__Area":190.48974609375}},{"type":"Feature","id":112239,"geometry":{"type":"Polygon","coordinates":[[[-122.806119261273,53.914728300687],[-122.806122305893,53.9146199005898],[-122.806264892382,53.9146212901606],[-122.806262016016,53.914729600652],[-122.806119261273,53.914728300687]]]},"properties":{"OBJECTID":112239,"Name":null,"Description":null,"BuildingType":1,"FloorCount":null,"Shape__Area":113.003173828125}},{"type":"Feature","id":113911,"geometry":{"type":"Polygon","coordinates":[[[-122.803908601442,53.9192564545362],[-122.804109160368,53.9192533663754],[-122.804109688095,53.9192642337948],[-122.804167841075,53.9192633669122],[-122.804170846773,53.9193336404281],[-122.804114140219,53.9193345006834],[-122.804114554048,53.9193436781625],[-122.803912503202,53.9193466200878],[-122.803908601442,53.9192564545362]]]},"properties":{"OBJECTID":113911,"Name":null,"Description":null,"BuildingType":1,"FloorCount":null,"Shape__Area":162.35400390625}},{"type":"Feature","id":112425,"geometry":{"type":"Polygon","coordinates":[[[-122.803076156091,53.9151594229827],[-122.80333359706,53.9151354422671],[-122.80335373575,53.9152107412718],[-122.803306137506,53.9152151933045],[-122.8033096834,53.9152284654908],[-122.803152799985,53.915243029752],[-122.803154789988,53.9152504481645],[-122.803110085967,53.9152545633173],[-122.80310685482,53.9152423612205],[-122.8030983404,53.9152431651742],[-122.803076156091,53.9151594229827]]]},"properties":{"OBJECTID":112425,"Name":null,"Description":null,"BuildingType":1,"FloorCount":null,"Shape__Area":168.273681640625}},{"type":"Feature","id":112182,"geometry":{"type":"Polygon","coordinates":[[[-122.804944535074,53.9144666523988],[-122.805102607521,53.9145654361791],[-122.804999024999,53.914623178112],[-122.804841119418,53.9145245292884],[-122.804944535074,53.9144666523988]]]},"properties":{"OBJECTID":112182,"Name":null,"Description":null,"BuildingType":1,"FloorCount":null,"Shape__Area":141.410400390625}},{"type":"Feature","id":111933,"geometry":{"type":"Polygon","coordinates":[[[-122.805099272458,53.9138855647254],[-122.805045469911,53.9137777015285],[-122.805175392627,53.9137549748386],[-122.805229301797,53.9138628920788],[-122.805099272458,53.9138855647254]]]},"properties":{"OBJECTID":111933,"Name":null,"Description":null,"BuildingType":1,"FloorCount":null,"Shape__Area":111.416259765625}},{"type":"Feature","id":113705,"geometry":{"type":"Polygon","coordinates":[[[-122.807772914784,53.9187809511648],[-122.807993220015,53.9187777083627],[-122.807996589276,53.9188630553334],[-122.807776542438,53.9188662985555],[-122.807772914784,53.9187809511648]]]},"properties":{"OBJECTID":113705,"Name":null,"Description":null,"BuildingType":1,"FloorCount":null,"Shape__Area":137.395263671875}},{"type":"Feature","id":110908,"geometry":{"type":"Polygon","coordinates":[[[-122.815150179504,53.9110613540711],[-122.815426595172,53.9110562066428],[-122.815431238288,53.9111425171855],[-122.815372258467,53.9111436309215],[-122.81537238501,53.9111460039653],[-122.815154933794,53.9111499387766],[-122.815150179504,53.9110613540711]]]},"properties":{"OBJECTID":110908,"Name":null,"Description":null,"BuildingType":1,"FloorCount":null,"Shape__Area":178.253173828125}},{"type":"Feature","id":114246,"geometry":{"type":"Polygon","coordinates":[[[-122.815400575347,53.9201700493343],[-122.815403433137,53.9202919496868],[-122.815249410735,53.9202931868893],[-122.815246720409,53.9201713946471],[-122.815400575347,53.9201700493343]]]},"properties":{"OBJECTID":114246,"Name":null,"Description":null,"BuildingType":1,"FloorCount":null,"Shape__Area":137.08154296875}},{"type":"Feature","id":112231,"geometry":{"type":"Polygon","coordinates":[[[-122.806804288328,53.9146001653374],[-122.806800614757,53.914716572802],[-122.806668350723,53.9147150656649],[-122.806669905785,53.9146651574621],[-122.806605022586,53.9146643339464],[-122.806606552772,53.9146099406611],[-122.806667874744,53.914610461837],[-122.806668187779,53.9145987239323],[-122.806804288328,53.9146001653374]]]},"properties":{"OBJECTID":112231,"Name":null,"Description":null,"BuildingType":1,"FloorCount":null,"Shape__Area":138.745849609375}},{"type":"Feature","id":112480,"geometry":{"type":"Polygon","coordinates":[[[-122.805620305319,53.9155120709559],[-122.805501232857,53.9153578497711],[-122.805606934213,53.9153292950747],[-122.805645374408,53.9153789893636],[-122.805663057124,53.9153742632956],[-122.805743856872,53.9154788622507],[-122.805620305319,53.9155120709559]]]},"properties":{"OBJECTID":112480,"Name":null,"Description":null,"BuildingType":1,"FloorCount":null,"Shape__Area":160.42138671875}},{"type":"Feature","id":112331,"geometry":{"type":"Polygon","coordinates":[[[-122.812491728647,53.9150280239422],[-122.812346149022,53.9149468141256],[-122.81251225693,53.9148432794489],[-122.812558728098,53.9148692106412],[-122.812499688992,53.9149061582738],[-122.812598524306,53.9149612295949],[-122.812491728647,53.9150280239422]]]},"properties":{"OBJECTID":112331,"Name":null,"Description":null,"BuildingType":1,"FloorCount":null,"Shape__Area":158.075927734375}},{"type":"Feature","id":111741,"geometry":{"type":"Polygon","coordinates":[[[-122.80420440945,53.9133672684421],[-122.804188605904,53.913253570628],[-122.804334074749,53.9132463656177],[-122.804337578216,53.9132720052849],[-122.804387022134,53.9132695512004],[-122.804399413381,53.9133577532803],[-122.80420440945,53.9133672684421]]]},"properties":{"OBJECTID":111741,"Name":null,"Description":null,"BuildingType":1,"FloorCount":null,"Shape__Area":153.845458984375}},{"type":"Feature","id":111790,"geometry":{"type":"Polygon","coordinates":[[[-122.805767932528,53.9134961526755],[-122.805631237029,53.9134957517453],[-122.80563262725,53.9133701278294],[-122.805769383192,53.9133705378442],[-122.805767932528,53.9134961526755]]]},"properties":{"OBJECTID":111790,"Name":null,"Description":null,"BuildingType":1,"FloorCount":null,"Shape__Area":125.524169921875}},{"type":"Feature","id":112872,"geometry":{"type":"Polygon","coordinates":[[[-122.808712897919,53.9168181302336],[-122.808713115494,53.9166605968839],[-122.808842652041,53.9166606054048],[-122.808842859893,53.9166917673337],[-122.808860064868,53.9166916778735],[-122.808860005263,53.9168180768405],[-122.808712897919,53.9168181302336]]]},"properties":{"OBJECTID":112872,"Name":null,"Description":null,"BuildingType":1,"FloorCount":null,"Shape__Area":165.293701171875}},{"type":"Feature","id":113905,"geometry":{"type":"Polygon","coordinates":[[[-122.810572792022,53.9192000099977],[-122.810571064931,53.9193259119357],[-122.810421942055,53.9193252721694],[-122.810422262805,53.9192813570435],[-122.810359577509,53.9192811232552],[-122.810360834964,53.9192018775671],[-122.810423292197,53.9192020121262],[-122.810423546494,53.9191761269314],[-122.81055858411,53.9191768792995],[-122.810558235479,53.9192000769176],[-122.810572792022,53.9192000099977]]]},"properties":{"OBJECTID":113905,"Name":null,"Description":null,"BuildingType":1,"FloorCount":null,"Shape__Area":196.519287109375}},{"type":"Feature","id":113954,"geometry":{"type":"Polygon","coordinates":[[[-122.80158050597,53.9194346028849],[-122.801581077432,53.9193108652703],[-122.801722208682,53.9193110174655],[-122.801721607398,53.919434710091],[-122.80158050597,53.9194346028849]]]},"properties":{"OBJECTID":113954,"Name":null,"Description":null,"BuildingType":1,"FloorCount":null,"Shape__Area":127.5693359375}},{"type":"Feature","id":112282,"geometry":{"type":"Polygon","coordinates":[[[-122.81467562049,53.9148655662912],[-122.814683386913,53.9147413542963],[-122.814829026249,53.9147445450093],[-122.814821169547,53.914868613065],[-122.81467562049,53.9148655662912]]]},"properties":{"OBJECTID":112282,"Name":null,"Description":null,"BuildingType":1,"FloorCount":null,"Shape__Area":132.26123046875}},{"type":"Feature","id":111200,"geometry":{"type":"Polygon","coordinates":[[[-122.815692298774,53.9117932675667],[-122.815903677658,53.9117965848277],[-122.815899417849,53.9118963368245],[-122.815860341634,53.9118957466161],[-122.815859594744,53.9119167236131],[-122.815638289933,53.9119133101442],[-122.815641332479,53.9118412125623],[-122.815689968388,53.9118419433475],[-122.815692298774,53.9117932675667]]]},"properties":{"OBJECTID":111200,"Name":null,"Description":null,"BuildingType":1,"FloorCount":null,"Shape__Area":206.52197265625}},{"type":"Feature","id":111177,"geometry":{"type":"Polygon","coordinates":[[[-122.808156294286,53.9117783730509],[-122.808153477491,53.9118581915625],[-122.808067149651,53.9118571548106],[-122.80806667592,53.9118675083051],[-122.807997063288,53.9118665161936],[-122.8080002323,53.911776352985],[-122.808156294286,53.9117783730509]]]},"properties":{"OBJECTID":111177,"Name":null,"Description":null,"BuildingType":1,"FloorCount":null,"Shape__Area":96.394775390625}},{"type":"Feature","id":112102,"geometry":{"type":"Polygon","coordinates":[[[-122.80588558208,53.9142188932887],[-122.805888188274,53.9143299000716],[-122.805742881143,53.9143310312973],[-122.805740289849,53.9142201773321],[-122.80588558208,53.9142188932887]]]},"properties":{"OBJECTID":112102,"Name":null,"Description":null,"BuildingType":1,"FloorCount":null,"Shape__Area":117.81396484375}},{"type":"Feature","id":97446,"geometry":{"type":"Polygon","coordinates":[[[-122.808632401591,53.9204175563914],[-122.808054653431,53.9204117718691],[-122.808058044162,53.9202866725802],[-122.808635852241,53.920292295398],[-122.808632401591,53.9204175563914]]]},"properties":{"OBJECTID":97446,"Name":"Helenic Greek Orthodox Church","Description":null,"BuildingType":7,"FloorCount":null,"Shape__Area":528.625244140625}},{"type":"Feature","id":110845,"geometry":{"type":"Polygon","coordinates":[[[-122.815072340912,53.9109136771506],[-122.815291317125,53.9108709074022],[-122.815348772085,53.9109738192365],[-122.81523346357,53.9109963277538],[-122.815219627002,53.9109718858888],[-122.815116126609,53.9109920845535],[-122.815072340912,53.9109136771506]]]},"properties":{"OBJECTID":110845,"Name":null,"Description":null,"BuildingType":1,"FloorCount":null,"Shape__Area":162.083984375}},{"type":"Feature","id":113762,"geometry":{"type":"Polygon","coordinates":[[[-122.815634101119,53.9188575680992],[-122.815841460547,53.9188585603518],[-122.815840303805,53.9189484211402],[-122.815633020062,53.9189474290022],[-122.815634101119,53.9188575680992]]]},"properties":{"OBJECTID":113762,"Name":null,"Description":null,"BuildingType":1,"FloorCount":null,"Shape__Area":136.14111328125}},{"type":"Feature","id":111461,"geometry":{"type":"Polygon","coordinates":[[[-122.806171614266,53.91266787171],[-122.806171215711,53.9125895580581],[-122.80628559272,53.9125894100563],[-122.806285290451,53.9125395887251],[-122.806343902653,53.9125394405808],[-122.806345137365,53.9126674326149],[-122.806171614266,53.91266787171]]]},"properties":{"OBJECTID":111461,"Name":null,"Description":null,"BuildingType":1,"FloorCount":null,"Shape__Area":120.46728515625}},{"type":"Feature","id":113121,"geometry":{"type":"Polygon","coordinates":[[[-122.809176300866,53.9174314754817],[-122.809032440191,53.917286781765],[-122.809142253258,53.9172485683407],[-122.809169230653,53.9172757551442],[-122.809185837362,53.9172700201865],[-122.809302887991,53.9173876170992],[-122.809176300866,53.9174314754817]]]},"properties":{"OBJECTID":113121,"Name":null,"Description":null,"BuildingType":1,"FloorCount":null,"Shape__Area":175.53173828125}},{"type":"Feature","id":112789,"geometry":{"type":"Polygon","coordinates":[[[-122.81314169029,53.9165000856697],[-122.812964013699,53.9165746796053],[-122.812856100523,53.9164854128729],[-122.812910374277,53.9164624880083],[-122.812936571312,53.9164841630725],[-122.813107779575,53.9164123723727],[-122.813181379329,53.9164734888374],[-122.813133833342,53.9164934312697],[-122.81314169029,53.9165000856697]]]},"properties":{"OBJECTID":112789,"Name":null,"Description":null,"BuildingType":1,"FloorCount":null,"Shape__Area":177.525390625}},{"type":"Feature","id":113785,"geometry":{"type":"Polygon","coordinates":[[[-122.805697111839,53.9189528507979],[-122.805372331057,53.9189840347591],[-122.805348433159,53.9188973961138],[-122.805408466243,53.9188915702714],[-122.805392238363,53.9188319621562],[-122.805600029629,53.9188120306221],[-122.805617851669,53.9188759645443],[-122.805674274255,53.9188705371877],[-122.805697111839,53.9189528507979]]]},"properties":{"OBJECTID":113785,"Name":null,"Description":null,"BuildingType":1,"FloorCount":null,"Shape__Area":302.23486328125}},{"type":"Feature","id":112720,"geometry":{"type":"Polygon","coordinates":[[[-122.807711810764,53.9163390858402],[-122.807709745669,53.9162252128135],[-122.807848023853,53.9162244005153],[-122.807849891275,53.9163383001873],[-122.807711810764,53.9163390858402]]]},"properties":{"OBJECTID":112720,"Name":null,"Description":null,"BuildingType":1,"FloorCount":null,"Shape__Area":115.009765625}},{"type":"Feature","id":111060,"geometry":{"type":"Polygon","coordinates":[[[-122.815353072065,53.9114381403234],[-122.815572930726,53.9114375074697],[-122.815573552553,53.9115347862526],[-122.815353891364,53.9115354014353],[-122.815353072065,53.9114381403234]]]},"properties":{"OBJECTID":111060,"Name":null,"Description":null,"BuildingType":1,"FloorCount":null,"Shape__Area":156.229248046875}},{"type":"Feature","id":112388,"geometry":{"type":"Polygon","coordinates":[[[-122.816138835287,53.9150683210451],[-122.816011206485,53.9151722792096],[-122.815879957742,53.9151160824447],[-122.8159351933,53.9150710021181],[-122.815957683557,53.9150806178584],[-122.816029863441,53.9150218207112],[-122.816138835287,53.9150683210451]]]},"properties":{"OBJECTID":112388,"Name":null,"Description":null,"BuildingType":1,"FloorCount":null,"Shape__Area":137.364990234375}},{"type":"Feature","id":113407,"geometry":{"type":"Polygon","coordinates":[[[-122.809710488136,53.918098095398],[-122.809790302507,53.9179438250083],[-122.809923920308,53.917968007707],[-122.809844152754,53.9181221254616],[-122.809710488136,53.918098095398]]]},"properties":{"OBJECTID":113407,"Name":null,"Description":null,"BuildingType":1,"FloorCount":null,"Shape__Area":164.634765625}},{"type":"Feature","id":113739,"geometry":{"type":"Polygon","coordinates":[[[-122.813290252951,53.9188389729739],[-122.8135133236,53.9188369826728],[-122.813515247182,53.918914426735],[-122.813292374781,53.9189162555632],[-122.813290252951,53.9188389729739]]]},"properties":{"OBJECTID":113739,"Name":null,"Description":null,"BuildingType":1,"FloorCount":null,"Shape__Area":126.075927734375}},{"type":"Feature","id":111601,"geometry":{"type":"Polygon","coordinates":[[[-122.805048888002,53.9129980554555],[-122.805024529938,53.9129162964279],[-122.805260661356,53.9128915399622],[-122.805262071359,53.9128960632452],[-122.805324078156,53.9128895485653],[-122.805364329793,53.9130238595412],[-122.805264640638,53.9130342678905],[-122.805247489405,53.9129773186651],[-122.805048888002,53.9129980554555]]]},"properties":{"OBJECTID":111601,"Name":null,"Description":null,"BuildingType":1,"FloorCount":null,"Shape__Area":224.620361328125}},{"type":"Feature","id":114257,"geometry":{"type":"Polygon","coordinates":[[[-122.813183262464,53.9203117507798],[-122.813180756916,53.9201874331321],[-122.813333148591,53.9201864567017],[-122.813335776644,53.920310720608],[-122.813183262464,53.9203117507798]]]},"properties":{"OBJECTID":114257,"Name":null,"Description":null,"BuildingType":1,"FloorCount":null,"Shape__Area":138.47412109375}},{"type":"Feature","id":110914,"geometry":{"type":"Polygon","coordinates":[[[-122.803416051265,53.9110257128393],[-122.803414921569,53.9111463308568],[-122.803196486275,53.9111456225369],[-122.803196803631,53.9111072619848],[-122.803250023451,53.9111074031209],[-122.803250744175,53.91102531628],[-122.803416051265,53.9110257128393]]]},"properties":{"OBJECTID":110914,"Name":null,"Description":null,"BuildingType":1,"FloorCount":null,"Shape__Area":160.536865234375}},{"type":"Feature","id":112248,"geometry":{"type":"Polygon","coordinates":[[[-122.804243236199,53.9147593669784],[-122.804205612104,53.9146072905494],[-122.804340448484,53.9145958078524],[-122.804351925089,53.9146419802492],[-122.804363576475,53.9146409925678],[-122.804389725734,53.9147466269161],[-122.804243236199,53.9147593669784]]]},"properties":{"OBJECTID":112248,"Name":null,"Description":null,"BuildingType":1,"FloorCount":null,"Shape__Area":162.12890625}},{"type":"Feature","id":113576,"geometry":{"type":"Polygon","coordinates":[[[-122.813232466045,53.9182974067508],[-122.813458608857,53.9183809426748],[-122.813316334062,53.9185149671873],[-122.813223655211,53.9184805246692],[-122.81329535116,53.9184129291335],[-122.813162207235,53.918363701218],[-122.813232466045,53.9182974067508]]]},"properties":{"OBJECTID":113576,"Name":null,"Description":null,"BuildingType":1,"FloorCount":null,"Shape__Area":216.369873046875}},{"type":"Feature","id":112906,"geometry":{"type":"Polygon","coordinates":[[[-122.814259442316,53.9169132749179],[-122.814063865404,53.9169114622801],[-122.814064513049,53.9168856316066],[-122.814013464362,53.9168852020253],[-122.814014955908,53.9168270785693],[-122.814061665415,53.9168274834558],[-122.814061545621,53.9168304583173],[-122.814261492153,53.9168321968248],[-122.814259442316,53.9169132749179]]]},"properties":{"OBJECTID":112906,"Name":null,"Description":null,"BuildingType":1,"FloorCount":null,"Shape__Area":137.410400390625}},{"type":"Feature","id":112050,"geometry":{"type":"Polygon","coordinates":[[[-122.81248457906,53.914265465704],[-122.81232094061,53.9141684805613],[-122.812414710371,53.9141134763243],[-122.812506938914,53.9141679711615],[-122.81256085278,53.9141363903829],[-122.81263208177,53.9141784847727],[-122.81248457906,53.914265465704]]]},"properties":{"OBJECTID":112050,"Name":null,"Description":null,"BuildingType":1,"FloorCount":null,"Shape__Area":165.38037109375}},{"type":"Feature","id":112883,"geometry":{"type":"Polygon","coordinates":[[[-122.805986055806,53.9167264638934],[-122.806071620831,53.9167858513776],[-122.805953269593,53.9168427253882],[-122.805910380935,53.916806371289],[-122.805779949464,53.9168350660174],[-122.80571466701,53.916775216797],[-122.805805745313,53.9167390163981],[-122.805813179873,53.9167380217572],[-122.805911799664,53.9166842977693],[-122.805929717595,53.9166946270412],[-122.80596268434,53.9166773423454],[-122.806004161284,53.9167094787468],[-122.805981236907,53.9167215576163],[-122.805986055806,53.9167264638934]]]},"properties":{"OBJECTID":112883,"Name":null,"Description":null,"BuildingType":1,"FloorCount":null,"Shape__Area":228.340576171875}},{"type":"Feature","id":111555,"geometry":{"type":"Polygon","coordinates":[[[-122.814144116834,53.9127185755056],[-122.814294525713,53.9128015163522],[-122.814194819147,53.9128644852917],[-122.814044715035,53.9127814728885],[-122.814144116834,53.9127185755056]]]},"properties":{"OBJECTID":111555,"Name":null,"Description":null,"BuildingType":1,"FloorCount":null,"Shape__Area":129.478271484375}},{"type":"Feature","id":110991,"geometry":{"type":"Polygon","coordinates":[[[-122.809034212366,53.9112857073533],[-122.809177361186,53.9112848293767],[-122.809177446302,53.9112928738314],[-122.809287407614,53.9112921497081],[-122.80928860024,53.9113578363904],[-122.809179218181,53.9113583547098],[-122.809179415454,53.9113685115381],[-122.80908172444,53.9113691292382],[-122.80908186584,53.9113781804457],[-122.808958492544,53.9113789010211],[-122.808956510174,53.9112528761894],[-122.809033572592,53.911252423526],[-122.809034212366,53.9112857073533]]]},"properties":{"OBJECTID":110991,"Name":null,"Description":null,"BuildingType":1,"FloorCount":null,"Shape__Area":214.4912109375}},{"type":"Feature","id":113499,"geometry":{"type":"Polygon","coordinates":[[[-122.805278291958,53.9183399420485],[-122.80523599641,53.9181857552592],[-122.805452329837,53.9181650468848],[-122.805494823344,53.9183193957035],[-122.805278291958,53.9183399420485]]]},"properties":{"OBJECTID":113499,"Name":null,"Description":null,"BuildingType":1,"FloorCount":null,"Shape__Area":250.36962890625}},{"type":"Feature","id":114286,"geometry":{"type":"Polygon","coordinates":[[[-122.810172646402,53.92033149542],[-122.810173277927,53.9204071039159],[-122.810090108991,53.9204073409412],[-122.810090340206,53.9204302069123],[-122.809995065396,53.9204305865133],[-122.809994736912,53.9204056801002],[-122.809901381434,53.9204059008785],[-122.809901510166,53.9204278409183],[-122.809812981244,53.9204281142078],[-122.809812773935,53.9204067223146],[-122.809712611994,53.9204069771075],[-122.809711909665,53.9203303798105],[-122.809802387412,53.920330100694],[-122.809802645064,53.9203471154857],[-122.809898558626,53.9203468628812],[-122.809898432628,53.9203276731895],[-122.8099935242,53.9203273562917],[-122.809993763851,53.9203483527617],[-122.810091047555,53.9203481560995],[-122.810090969935,53.9203317078406],[-122.810172646402,53.92033149542]]]},"properties":{"OBJECTID":114286,"Name":null,"Description":null,"BuildingType":1,"FloorCount":null,"Shape__Area":263.985107421875}},{"type":"Feature","id":113622,"geometry":{"type":"Polygon","coordinates":[[[-122.815379882456,53.9185996788029],[-122.815379910648,53.9184241691062],[-122.815515375748,53.918424125611],[-122.815515384196,53.9184981961815],[-122.815609099907,53.9184981783208],[-122.815609246417,53.9185996986202],[-122.815379882456,53.9185996788029]]]},"properties":{"OBJECTID":113622,"Name":null,"Description":null,"BuildingType":1,"FloorCount":null,"Shape__Area":243.353271484375}},{"type":"Feature","id":112760,"geometry":{"type":"Polygon","coordinates":[[[-122.805384618177,53.916423698694],[-122.805482931127,53.9162983666896],[-122.805494031485,53.9163013776924],[-122.805530835302,53.916254501649],[-122.805678528595,53.9162950611557],[-122.805674883256,53.9162997470241],[-122.805705827,53.9163082368786],[-122.805680632854,53.9163402834871],[-122.805647833515,53.9163313861605],[-122.805573490528,53.9164261258021],[-122.80554444685,53.9164182861306],[-122.805512787977,53.9164588339275],[-122.805384618177,53.916423698694]]]},"properties":{"OBJECTID":112760,"Name":null,"Description":null,"BuildingType":1,"FloorCount":null,"Shape__Area":234.48828125}},{"type":"Feature","id":112511,"geometry":{"type":"Polygon","coordinates":[[[-122.803331097658,53.9156479194422],[-122.803011975921,53.9156301662957],[-122.803028478824,53.9155268306643],[-122.80325202831,53.9155391692132],[-122.803248244307,53.9155635925633],[-122.803343572701,53.9155689078529],[-122.803331097658,53.9156479194422]]]},"properties":{"OBJECTID":112511,"Name":null,"Description":null,"BuildingType":1,"FloorCount":null,"Shape__Area":226.03125}},{"type":"Feature","id":113447,"geometry":{"type":"Polygon","coordinates":[[[-122.803863223379,53.9181787125189],[-122.803502474539,53.9182086282768],[-122.803480735507,53.9181171032746],[-122.803841285641,53.9180871872576],[-122.803863223379,53.9181787125189]]]},"properties":{"OBJECTID":113447,"Name":null,"Description":null,"BuildingType":1,"FloorCount":null,"Shape__Area":245.97705078125}},{"type":"Feature","id":114123,"geometry":{"type":"Polygon","coordinates":[[[-122.815218847153,53.9198354233113],[-122.81544063066,53.9198364564202],[-122.815439605028,53.9199274588749],[-122.815387592562,53.9199272081605],[-122.815387125465,53.9199606070449],[-122.815256896356,53.9199599573854],[-122.815257386243,53.9199248687826],[-122.815217768111,53.9199246190837],[-122.815218847153,53.9198354233113]]]},"properties":{"OBJECTID":114123,"Name":null,"Description":null,"BuildingType":1,"FloorCount":null,"Shape__Area":178.74951171875}},{"type":"Feature","id":111810,"geometry":{"type":"Polygon","coordinates":[[[-122.808434116077,53.913439828851],[-122.808633040572,53.9134384203021],[-122.808634603021,53.9135229015972],[-122.808435830735,53.9135242294992],[-122.808434116077,53.913439828851]]]},"properties":{"OBJECTID":111810,"Name":null,"Description":null,"BuildingType":1,"FloorCount":null,"Shape__Area":122.726318359375}},{"type":"Feature","id":111315,"geometry":{"type":"Polygon","coordinates":[[[-122.806092041989,53.9121217722193],[-122.806093213226,53.912243580374],[-122.805956670216,53.9122440069593],[-122.805955590051,53.9121223427592],[-122.806092041989,53.9121217722193]]]},"properties":{"OBJECTID":111315,"Name":null,"Description":null,"BuildingType":1,"FloorCount":null,"Shape__Area":121.4443359375}},{"type":"Feature","id":113971,"geometry":{"type":"Polygon","coordinates":[[[-122.812483410394,53.9195046384848],[-122.812488342789,53.9193587251365],[-122.812683974005,53.9193611516033],[-122.812681842899,53.9194324594965],[-122.812624397055,53.919431812624],[-122.812622987534,53.9194779640796],[-122.812592734511,53.9194776022929],[-122.81259196802,53.9195059584054],[-122.812483410394,53.9195046384848]]]},"properties":{"OBJECTID":113971,"Name":null,"Description":null,"BuildingType":1,"FloorCount":null,"Shape__Area":171.36669921875}},{"type":"Feature","id":113885,"geometry":{"type":"Polygon","coordinates":[[[-122.812833037014,53.9192935062238],[-122.812615381168,53.9192928252716],[-122.81261543165,53.9192849518153],[-122.812509960908,53.9192846613727],[-122.812510756802,53.9192191666671],[-122.812615816194,53.9192194744433],[-122.812615953779,53.9192057498997],[-122.812833989542,53.9192064943596],[-122.812833037014,53.9192935062238]]]},"properties":{"OBJECTID":113885,"Name":null,"Description":null,"BuildingType":1,"FloorCount":null,"Shape__Area":188.94775390625}},{"type":"Feature","id":114217,"geometry":{"type":"Polygon","coordinates":[[[-122.800917833086,53.9199615993903],[-122.801109929193,53.920096378963],[-122.800932883636,53.920184231483],[-122.800872165745,53.9201414555436],[-122.800942052925,53.9201067966167],[-122.800892777261,53.9200721468768],[-122.800829345669,53.9201037066144],[-122.800780829154,53.9200695344543],[-122.800843008618,53.9200387186742],[-122.800809880622,53.9200153037802],[-122.800917833086,53.9199615993903]]]},"properties":{"OBJECTID":114217,"Name":null,"Description":null,"BuildingType":1,"FloorCount":null,"Shape__Area":244.410400390625}},{"type":"Feature","id":112165,"geometry":{"type":"Polygon","coordinates":[[[-122.811715734887,53.914396773716],[-122.811868459194,53.9144796942431],[-122.811765442404,53.9145457928009],[-122.811612992342,53.9144628186456],[-122.811715734887,53.914396773716]]]},"properties":{"OBJECTID":112165,"Name":null,"Description":null,"BuildingType":1,"FloorCount":null,"Shape__Area":136.039306640625}},{"type":"Feature","id":111956,"geometry":{"type":"Polygon","coordinates":[[[-122.80635514651,53.9137814743323],[-122.806495025081,53.9137818166504],[-122.80649493255,53.9138281769302],[-122.806547486149,53.9138282795765],[-122.806546920249,53.9139046052948],[-122.80635429045,53.9139039892379],[-122.80635514651,53.9137814743323]]]},"properties":{"OBJECTID":111956,"Name":null,"Description":null,"BuildingType":1,"FloorCount":null,"Shape__Area":154.75634765625}},{"type":"Feature","id":113198,"geometry":{"type":"Polygon","coordinates":[[[-122.810369613251,53.9174393517079],[-122.810594673246,53.9175344589635],[-122.810514912174,53.9176004403],[-122.810451588005,53.9175737357229],[-122.810442357164,53.9175813699895],[-122.810337257763,53.9175370457319],[-122.810346580373,53.9175293217377],[-122.810289639258,53.9175052426792],[-122.810369613251,53.9174393517079]]]},"properties":{"OBJECTID":113198,"Name":null,"Description":null,"BuildingType":1,"FloorCount":null,"Shape__Area":172.9697265625}},{"type":"Feature","id":112497,"geometry":{"type":"Polygon","coordinates":[[[-122.813629557151,53.9155996291255],[-122.813502270304,53.9155157437025],[-122.813607234112,53.9154602166455],[-122.813734718403,53.915544219109],[-122.813629557151,53.9155996291255]]]},"properties":{"OBJECTID":112497,"Name":null,"Description":null,"BuildingType":1,"FloorCount":null,"Shape__Area":116.08544921875}},{"type":"Feature","id":113931,"geometry":{"type":"Polygon","coordinates":[[[-122.803857899928,53.9193600309811],[-122.8036253833,53.9193592914887],[-122.80362519865,53.9193889068282],[-122.803584088731,53.9193886957922],[-122.803584283538,53.9193536786482],[-122.803608767244,53.919353700712],[-122.803609855409,53.9192516071727],[-122.803724080822,53.9192519556919],[-122.803724016831,53.9192655994552],[-122.803880540478,53.9192659989705],[-122.803879925408,53.919355006676],[-122.803886883667,53.9193550360148],[-122.80388653719,53.919389981007],[-122.803857623032,53.9193898708716],[-122.803857899928,53.9193600309811]]]},"properties":{"OBJECTID":113931,"Name":null,"Description":null,"BuildingType":1,"FloorCount":null,"Shape__Area":214.03759765625}},{"type":"Feature","id":111031,"geometry":{"type":"Polygon","coordinates":[[[-122.808233083159,53.9114457215443],[-122.808231287219,53.9113293232173],[-122.808367386949,53.9113286326866],[-122.808368940229,53.9114449137792],[-122.808233083159,53.9114457215443]]]},"properties":{"OBJECTID":111031,"Name":null,"Description":null,"BuildingType":1,"FloorCount":null,"Shape__Area":115.626953125}},{"type":"Feature","id":113582,"geometry":{"type":"Polygon","coordinates":[[[-122.801232322095,53.9184481901668],[-122.801379164373,53.9183544180368],[-122.801475386734,53.9184068786392],[-122.801328392783,53.9185005337903],[-122.801232322095,53.9184481901668]]]},"properties":{"OBJECTID":113582,"Name":null,"Description":null,"BuildingType":1,"FloorCount":null,"Shape__Area":122.097412109375}},{"type":"Feature","id":113244,"geometry":{"type":"Polygon","coordinates":[[[-122.813971520612,53.9176828360683],[-122.814073244828,53.9175659241675],[-122.81420945244,53.9176072103787],[-122.814170672417,53.9176518749452],[-122.814205612988,53.9176626697325],[-122.814142805988,53.9177349533638],[-122.813971520612,53.9176828360683]]]},"properties":{"OBJECTID":113244,"Name":null,"Description":null,"BuildingType":1,"FloorCount":null,"Shape__Area":170.643798828125}},{"type":"Feature","id":111369,"geometry":{"type":"Polygon","coordinates":[[[-122.815483062485,53.9122052826881],[-122.815712175943,53.9122058322448],[-122.815711775593,53.9122898520514],[-122.815648613024,53.9122897461165],[-122.815648345936,53.9123365645307],[-122.815537792495,53.912336331848],[-122.815538052775,53.9122910863346],[-122.815482456597,53.912290929018],[-122.815483062485,53.9122052826881]]]},"properties":{"OBJECTID":111369,"Name":null,"Description":null,"BuildingType":1,"FloorCount":null,"Shape__Area":179.300537109375}},{"type":"Feature","id":111469,"geometry":{"type":"Polygon","coordinates":[[[-122.80321245354,53.9126680294097],[-122.803213866615,53.9125714639517],[-122.803315361485,53.9125719088569],[-122.803314770627,53.912590737886],[-122.803467492023,53.9125915182185],[-122.803466349318,53.9126695327547],[-122.80321245354,53.9126680294097]]]},"properties":{"OBJECTID":111469,"Name":null,"Description":null,"BuildingType":1,"FloorCount":null,"Shape__Area":158.499755859375}},{"type":"Feature","id":112062,"geometry":{"type":"Polygon","coordinates":[[[-122.805226624036,53.9142191385941],[-122.805137436757,53.914124915857],[-122.805262895479,53.9140834776709],[-122.805322571086,53.9141464818765],[-122.805317874537,53.9141480831261],[-122.805358734362,53.91419114825],[-122.805317335916,53.9142049677012],[-122.805355392722,53.9142451431136],[-122.805254223122,53.9142786214111],[-122.805204864833,53.9142264465481],[-122.805226624036,53.9142191385941]]]},"properties":{"OBJECTID":112062,"Name":null,"Description":null,"BuildingType":1,"FloorCount":null,"Shape__Area":167.468505859375}},{"type":"Feature","id":113144,"geometry":{"type":"Polygon","coordinates":[[[-122.809857246104,53.9173883972123],[-122.810071105193,53.9173545720152],[-122.810102703101,53.9174239468667],[-122.810157797992,53.9174152796045],[-122.810174574676,53.9174526155478],[-122.809989558184,53.9174818127767],[-122.809958170228,53.9174131752489],[-122.80987420256,53.9174263177063],[-122.809857246104,53.9173883972123]]]},"properties":{"OBJECTID":113144,"Name":null,"Description":null,"BuildingType":1,"FloorCount":null,"Shape__Area":149.779296875}},{"type":"Feature","id":114223,"geometry":{"type":"Polygon","coordinates":[[[-122.802634505827,53.9200951011221],[-122.802632923906,53.9202012923812],[-122.802473551554,53.9202004371546],[-122.802474006475,53.9201718019627],[-122.802459754749,53.9201717335817],[-122.80246078241,53.9201024104106],[-122.802471349323,53.920102472731],[-122.802472413058,53.9200319542072],[-122.802608047395,53.9200326535779],[-122.802607128757,53.9200950561283],[-122.802634505827,53.9200951011221]]]},"properties":{"OBJECTID":114223,"Name":null,"Description":null,"BuildingType":1,"FloorCount":null,"Shape__Area":192.825927734375}},{"type":"Feature","id":111223,"geometry":{"type":"Polygon","coordinates":[[[-122.815311953666,53.9118901677637],[-122.815202083841,53.9119008742969],[-122.81521413339,53.9119439546557],[-122.815114497925,53.9119536881695],[-122.815076955118,53.9118196362972],[-122.815132362269,53.9118141939468],[-122.815121498023,53.9117750701521],[-122.815213228554,53.9117661333946],[-122.815224061564,53.9118054548703],[-122.815286611464,53.9117993403461],[-122.815311953666,53.9118901677637]]]},"properties":{"OBJECTID":111223,"Name":null,"Description":null,"BuildingType":1,"FloorCount":null,"Shape__Area":202.239501953125}},{"type":"Feature","id":113390,"geometry":{"type":"Polygon","coordinates":[[[-122.815836468821,53.9181071962841],[-122.815838929108,53.9179944449055],[-122.81582767763,53.9179943647349],[-122.815828646012,53.917950765164],[-122.815941571492,53.9179516303674],[-122.815940672701,53.9179898192366],[-122.81597421421,53.9179900054588],[-122.815971806782,53.9181081317779],[-122.815836468821,53.9181071962841]]]},"properties":{"OBJECTID":113390,"Name":null,"Description":null,"BuildingType":1,"FloorCount":null,"Shape__Area":148.709716796875}},{"type":"Feature","id":112405,"geometry":{"type":"Polygon","coordinates":[[[-122.807541366746,53.9149944956396],[-122.807546501029,53.915202316823],[-122.807397034172,53.9152035332666],[-122.807395077627,53.9151225117486],[-122.807410759707,53.9151223751137],[-122.807409439386,53.9150685165355],[-122.807430161029,53.9150683340516],[-122.807428394749,53.9149955818537],[-122.807541366746,53.9149944956396]]]},"properties":{"OBJECTID":112405,"Name":null,"Description":null,"BuildingType":1,"FloorCount":null,"Shape__Area":201.324951171875}},{"type":"Feature","id":111618,"geometry":{"type":"Polygon","coordinates":[[[-122.806379766946,53.9129383078254],[-122.806513023876,53.9129378754629],[-122.806513381223,53.9129923077557],[-122.806564534427,53.9129921384971],[-122.806564782701,53.9130537161245],[-122.806380676475,53.9130543452009],[-122.806379766946,53.9129383078254]]]},"properties":{"OBJECTID":111618,"Name":null,"Description":null,"BuildingType":1,"FloorCount":null,"Shape__Area":135.920166015625}},{"type":"Feature","id":111323,"geometry":{"type":"Polygon","coordinates":[[[-122.801889545288,53.912160671053],[-122.802150034672,53.9121579187295],[-122.802152699222,53.9122415750507],[-122.801891934826,53.9122444257953],[-122.801889545288,53.912160671053]]]},"properties":{"OBJECTID":111323,"Name":null,"Description":null,"BuildingType":1,"FloorCount":null,"Shape__Area":159.489990234375}},{"type":"Feature","id":113831,"geometry":{"type":"Polygon","coordinates":[[[-122.811709019622,53.9191247871314],[-122.811712064306,53.9190132321759],[-122.81185717858,53.9190145471534],[-122.811856333709,53.9190534551167],[-122.811890317241,53.9190537240638],[-122.811888376314,53.9191264613461],[-122.811709019622,53.9191247871314]]]},"properties":{"OBJECTID":113831,"Name":null,"Description":null,"BuildingType":1,"FloorCount":null,"Shape__Area":136.55810546875}},{"type":"Feature","id":112946,"geometry":{"type":"Polygon","coordinates":[[[-122.802753425126,53.9168775093308],[-122.802978850295,53.9168939679917],[-122.802960472489,53.9169814545693],[-122.802840521942,53.9169728089298],[-122.802836114068,53.9169938427389],[-122.802730836733,53.9169860569681],[-122.802753425126,53.9168775093308]]]},"properties":{"OBJECTID":112946,"Name":null,"Description":null,"BuildingType":1,"FloorCount":null,"Shape__Area":162.8037109375}},{"type":"Feature","id":114077,"geometry":{"type":"Polygon","coordinates":[[[-122.814696552986,53.9198107732759],[-122.814492068875,53.9198092801605],[-122.814493746684,53.9197261882045],[-122.814698123846,53.9197276721642],[-122.814696552986,53.9198107732759]]]},"properties":{"OBJECTID":114077,"Name":null,"Description":null,"BuildingType":1,"FloorCount":null,"Shape__Area":124.145751953125}},{"type":"Feature","id":111189,"geometry":{"type":"Polygon","coordinates":[[[-122.805950293784,53.9117344991579],[-122.806089121958,53.9117530770429],[-122.806036840318,53.9118886854424],[-122.805897981979,53.9118699546518],[-122.805950293784,53.9117344991579]]]},"properties":{"OBJECTID":111189,"Name":null,"Description":null,"BuildingType":1,"FloorCount":null,"Shape__Area":144.656982421875}},{"type":"Feature","id":111332,"geometry":{"type":"Polygon","coordinates":[[[-122.802197206332,53.9122365880879],[-122.802210470116,53.9121519783043],[-122.802462128245,53.9121656679072],[-122.802448910127,53.9122503856499],[-122.802197206332,53.9122365880879]]]},"properties":{"OBJECTID":111332,"Name":null,"Description":null,"BuildingType":1,"FloorCount":null,"Shape__Area":157.057861328125}},{"type":"Feature","id":111781,"geometry":{"type":"Polygon","coordinates":[[[-122.802997000871,53.9134810420777],[-122.802999613817,53.9133916600667],[-122.803206727647,53.913393743333],[-122.803204190799,53.9134832243417],[-122.802997000871,53.9134810420777]]]},"properties":{"OBJECTID":111781,"Name":null,"Description":null,"BuildingType":1,"FloorCount":null,"Shape__Area":135.429443359375}},{"type":"Feature","id":113490,"geometry":{"type":"Polygon","coordinates":[[[-122.809750731979,53.9183119939934],[-122.809752279139,53.9181692661185],[-122.809896145913,53.9181697006622],[-122.809894675128,53.9183124825879],[-122.809750731979,53.9183119939934]]]},"properties":{"OBJECTID":113490,"Name":null,"Description":null,"BuildingType":1,"FloorCount":null,"Shape__Area":150.11962890625}},{"type":"Feature","id":113324,"geometry":{"type":"Polygon","coordinates":[[[-122.807668541323,53.9179624035909],[-122.807417025696,53.9179594389313],[-122.807419865965,53.9178749198013],[-122.807671351087,53.9178777855378],[-122.807668541323,53.9179624035909]]]},"properties":{"OBJECTID":113324,"Name":null,"Description":null,"BuildingType":1,"FloorCount":null,"Shape__Area":155.48046875}},{"type":"Feature","id":113822,"geometry":{"type":"Polygon","coordinates":[[[-122.814516712611,53.9190655837827],[-122.814520994965,53.9189444853585],[-122.81468713329,53.9189464855126],[-122.814682926773,53.919071197257],[-122.814671142336,53.9190710622276],[-122.814670188837,53.919104145782],[-122.814515073508,53.9191021716181],[-122.814516712611,53.9190655837827]]]},"properties":{"OBJECTID":113822,"Name":null,"Description":null,"BuildingType":1,"FloorCount":null,"Shape__Area":188.950439453125}},{"type":"Feature","id":112279,"geometry":{"type":"Polygon","coordinates":[[[-122.815651992664,53.9147647669599],[-122.815510932307,53.9148556263518],[-122.815409458894,53.9148007061713],[-122.815550732666,53.9147097932971],[-122.815651992664,53.9147647669599]]]},"properties":{"OBJECTID":112279,"Name":null,"Description":null,"BuildingType":1,"FloorCount":null,"Shape__Area":124.011474609375}},{"type":"Feature","id":112065,"geometry":{"type":"Polygon","coordinates":[[[-122.807873680395,53.9142869572502],[-122.80764252922,53.9142834324108],[-122.807645789245,53.9142034888199],[-122.807747861078,53.9142051442883],[-122.80774827472,53.9141946379058],[-122.807877444688,53.9141965613438],[-122.807873680395,53.9142869572502]]]},"properties":{"OBJECTID":112065,"Name":null,"Description":null,"BuildingType":1,"FloorCount":null,"Shape__Area":144.963134765625}},{"type":"Feature","id":111475,"geometry":{"type":"Polygon","coordinates":[[[-122.807973536621,53.9126809410774],[-122.807965762036,53.9125604346522],[-122.808122475793,53.9125570719512],[-122.808123749288,53.9125748344016],[-122.808167932707,53.9125739612429],[-122.808172758274,53.9126504483921],[-122.808122575565,53.9126515456568],[-122.808124267994,53.9126775508314],[-122.807973536621,53.9126809410774]]]},"properties":{"OBJECTID":111475,"Name":null,"Description":null,"BuildingType":1,"FloorCount":null,"Shape__Area":161.769287109375}},{"type":"Feature","id":111638,"geometry":{"type":"Polygon","coordinates":[[[-122.801621349001,53.9129576405014],[-122.801628022119,53.9130561607169],[-122.801420101222,53.9130609043211],[-122.801418995419,53.9130436903482],[-122.801358275895,53.9130450370042],[-122.801352830038,53.9129639286852],[-122.801621349001,53.9129576405014]]]},"properties":{"OBJECTID":111638,"Name":null,"Description":null,"BuildingType":1,"FloorCount":null,"Shape__Area":185.848388671875}},{"type":"Feature","id":112634,"geometry":{"type":"Polygon","coordinates":[[[-122.803289882942,53.9160659944865],[-122.803106586365,53.9160535062998],[-122.803121938489,53.9159747061808],[-122.803130842267,53.9159753139892],[-122.803135320507,53.9159522130273],[-122.80324289656,53.9159595168577],[-122.803240757214,53.915970901225],[-122.803307406194,53.9159754505057],[-122.803289882942,53.9160659944865]]]},"properties":{"OBJECTID":112634,"Name":null,"Description":null,"BuildingType":1,"FloorCount":null,"Shape__Area":131.13330078125}},{"type":"Feature","id":114131,"geometry":{"type":"Polygon","coordinates":[[[-122.814704836565,53.9199826196446],[-122.814488839799,53.9199812615582],[-122.814490357259,53.9198931270595],[-122.81457164909,53.9198936121218],[-122.81457222901,53.9198623885226],[-122.814706750633,53.9198632702489],[-122.814704836565,53.9199826196446]]]},"properties":{"OBJECTID":114131,"Name":null,"Description":null,"BuildingType":1,"FloorCount":null,"Shape__Area":169.802734375}},{"type":"Feature","id":111993,"geometry":{"type":"Polygon","coordinates":[[[-122.810344944472,53.9140398758714],[-122.810250422537,53.9139109725681],[-122.810278284769,53.9139038531034],[-122.810246540519,53.9138605613811],[-122.810414201356,53.9138177104498],[-122.810465797438,53.9138880605644],[-122.81042499488,53.9138984852286],[-122.810462594956,53.9139497675449],[-122.810418759184,53.9139609693809],[-122.810455829718,53.9140115318178],[-122.810344944472,53.9140398758714]]]},"properties":{"OBJECTID":111993,"Name":null,"Description":null,"BuildingType":1,"FloorCount":null,"Shape__Area":226.4033203125}},{"type":"Feature","id":113702,"geometry":{"type":"Polygon","coordinates":[[[-122.808856932715,53.9188642928992],[-122.808652978089,53.9188612716995],[-122.808657021015,53.9187662743986],[-122.808728244601,53.9187671068986],[-122.808856926355,53.9187690105174],[-122.808856261278,53.9187846127226],[-122.808917724626,53.9187855284441],[-122.808914876233,53.918852466946],[-122.808857477829,53.9188516206093],[-122.808856932715,53.9188642928992]]]},"properties":{"OBJECTID":113702,"Name":null,"Description":null,"BuildingType":1,"FloorCount":null,"Shape__Area":169.57666015625}},{"type":"Feature","id":112093,"geometry":{"type":"Polygon","coordinates":[[[-122.805676270608,53.9143187087534],[-122.805472779397,53.914319062395],[-122.805472444484,53.9142306103301],[-122.805675524794,53.9142301301916],[-122.805676270608,53.9143187087534]]]},"properties":{"OBJECTID":112093,"Name":null,"Description":null,"BuildingType":1,"FloorCount":null,"Shape__Area":131.500244140625}},{"type":"Feature","id":113771,"geometry":{"type":"Polygon","coordinates":[[[-122.804333752167,53.9189494059317],[-122.804332461736,53.9188346173702],[-122.804528714651,53.9188337145801],[-122.804529959061,53.9189486918133],[-122.804333752167,53.9189494059317]]]},"properties":{"OBJECTID":113771,"Name":null,"Description":null,"BuildingType":1,"FloorCount":null,"Shape__Area":164.736328125}},{"type":"Feature","id":114014,"geometry":{"type":"Polygon","coordinates":[[[-122.801768470436,53.919474011325],[-122.801766936164,53.9196114721076],[-122.801550285618,53.9196103952641],[-122.801550714422,53.9195681341376],[-122.801612364576,53.9195683977777],[-122.801613362925,53.9194734316358],[-122.801768470436,53.919474011325]]]},"properties":{"OBJECTID":114014,"Name":null,"Description":null,"BuildingType":1,"FloorCount":null,"Shape__Area":174.694580078125}},{"type":"Feature","id":112520,"geometry":{"type":"Polygon","coordinates":[[[-122.804008678971,53.9156680548966],[-122.803792069374,53.9156431008707],[-122.803794277908,53.9156364083738],[-122.803734369598,53.9156295604474],[-122.803758664582,53.9155557182908],[-122.803812973282,53.915561873965],[-122.803815382301,53.9155546335234],[-122.804037803862,53.915580334013],[-122.804008678971,53.9156680548966]]]},"properties":{"OBJECTID":112520,"Name":null,"Description":null,"BuildingType":1,"FloorCount":null,"Shape__Area":178.17041015625}},{"type":"Feature","id":112371,"geometry":{"type":"Polygon","coordinates":[[[-122.805718128995,53.9151274593566],[-122.805718835733,53.915021122748],[-122.805858551135,53.915021429588],[-122.805858012182,53.9151277754565],[-122.805718128995,53.9151274593566]]]},"properties":{"OBJECTID":112371,"Name":null,"Description":null,"BuildingType":1,"FloorCount":null,"Shape__Area":108.64306640625}},{"type":"Feature","id":113373,"geometry":{"type":"Polygon","coordinates":[[[-122.8067380302,53.9180723077542],[-122.806687474894,53.9179054350208],[-122.806829432581,53.9178904466606],[-122.806844715334,53.9179407684071],[-122.806853596102,53.9179398659084],[-122.806888929882,53.9180564708597],[-122.8067380302,53.9180723077542]]]},"properties":{"OBJECTID":113373,"Name":null,"Description":null,"BuildingType":1,"FloorCount":null,"Shape__Area":186.529052734375}},{"type":"Feature","id":111240,"geometry":{"type":"Polygon","coordinates":[[[-122.814795331747,53.9118789729218],[-122.814998114367,53.9118261210911],[-122.815045649002,53.9118900365345],[-122.814965603066,53.9119108374377],[-122.815015393055,53.9119776954643],[-122.814892839519,53.9120095490673],[-122.814795331747,53.9118789729218]]]},"properties":{"OBJECTID":111240,"Name":null,"Description":null,"BuildingType":1,"FloorCount":null,"Shape__Area":184.43310546875}},{"type":"Feature","id":111873,"geometry":{"type":"Polygon","coordinates":[[[-122.815575375929,53.9137538879511],[-122.815454957016,53.9136975994792],[-122.815585477358,53.9136000817752],[-122.815706109105,53.9136564153841],[-122.815575375929,53.9137538879511]]]},"properties":{"OBJECTID":111873,"Name":null,"Description":null,"BuildingType":1,"FloorCount":null,"Shape__Area":139.63037109375}},{"type":"Feature","id":113722,"geometry":{"type":"Polygon","coordinates":[[[-122.81224742967,53.91878932403],[-122.812395024817,53.9187872896923],[-122.812396014271,53.9188111185705],[-122.812443355234,53.9188104105523],[-122.812446435217,53.9188909842823],[-122.812151488564,53.9188948825111],[-122.812148488425,53.9188136078298],[-122.812248377314,53.9188122720147],[-122.81224742967,53.91878932403]]]},"properties":{"OBJECTID":113722,"Name":null,"Description":null,"BuildingType":1,"FloorCount":null,"Shape__Area":199.794677734375}},{"type":"Feature","id":112540,"geometry":{"type":"Polygon","coordinates":[[[-122.810129049894,53.9157377568976],[-122.809902027575,53.915735141748],[-122.809904661311,53.9156547297479],[-122.810030595007,53.9156562053284],[-122.810031838854,53.9156169654275],[-122.810132804658,53.9156182126535],[-122.810129049894,53.9157377568976]]]},"properties":{"OBJECTID":112540,"Name":null,"Description":null,"BuildingType":1,"FloorCount":null,"Shape__Area":162.327880859375}},{"type":"Feature","id":111930,"geometry":{"type":"Polygon","coordinates":[[[-122.80300805752,53.9137810458331],[-122.803250534834,53.9137775694868],[-122.803253664541,53.9138534428583],[-122.803262616922,53.913853331692],[-122.803263507398,53.9138776548504],[-122.803160523534,53.913879139897],[-122.80316001819,53.9138668164337],[-122.80301149574,53.9138689097939],[-122.80300805752,53.9137810458331]]]},"properties":{"OBJECTID":111930,"Name":null,"Description":null,"BuildingType":1,"FloorCount":null,"Shape__Area":165.952392578125}},{"type":"Feature","id":112428,"geometry":{"type":"Polygon","coordinates":[[[-122.802810596552,53.9151841448133],[-122.803020762659,53.9151703784643],[-122.803036138532,53.9152514939737],[-122.802825879913,53.9152654219829],[-122.802810596552,53.9151841448133]]]},"properties":{"OBJECTID":112428,"Name":null,"Description":null,"BuildingType":1,"FloorCount":null,"Shape__Area":126.2841796875}},{"type":"Feature","id":113602,"geometry":{"type":"Polygon","coordinates":[[[-122.81114778093,53.9185247082416],[-122.811254380813,53.9183653648074],[-122.81140181079,53.9183996611512],[-122.811378708787,53.9184343996555],[-122.811396839031,53.9184386255511],[-122.81136323573,53.9184892294535],[-122.811337393835,53.918483247756],[-122.811287666734,53.9185573570348],[-122.81114778093,53.9185247082416]]]},"properties":{"OBJECTID":113602,"Name":null,"Description":null,"BuildingType":1,"FloorCount":null,"Shape__Area":201.652099609375}},{"type":"Feature","id":110768,"geometry":{"type":"Polygon","coordinates":[[[-122.815689940163,53.9106900777896],[-122.815698268938,53.9105686617967],[-122.815863238648,53.9105726898599],[-122.815859315976,53.9106304141949],[-122.815967236132,53.9106330153989],[-122.815962784883,53.9106967339666],[-122.815689940163,53.9106900777896]]]},"properties":{"OBJECTID":110768,"Name":null,"Description":null,"BuildingType":1,"FloorCount":null,"Shape__Area":196.97021484375}},{"type":"Feature","id":111289,"geometry":{"type":"Polygon","coordinates":[[[-122.807995870677,53.9121232044482],[-122.808160086235,53.9121235567762],[-122.808159829472,53.912206156685],[-122.80799552229,53.9122057952224],[-122.807995870677,53.9121232044482]]]},"properties":{"OBJECTID":111289,"Name":null,"Description":null,"BuildingType":1,"FloorCount":null,"Shape__Area":99.154541015625}},{"type":"Feature","id":111160,"geometry":{"type":"Polygon","coordinates":[[[-122.802193488524,53.9118345727207],[-122.802191892639,53.9117405998544],[-122.802423478875,53.9117391924769],[-122.802425090969,53.9118330664977],[-122.802193488524,53.9118345727207]]]},"properties":{"OBJECTID":111160,"Name":null,"Description":null,"BuildingType":1,"FloorCount":null,"Shape__Area":158.990234375}},{"type":"Feature","id":113994,"geometry":{"type":"Polygon","coordinates":[[[-122.814498234205,53.9194798326035],[-122.814692397928,53.9194802761599],[-122.814691934977,53.9195607544728],[-122.814619747954,53.9195605352113],[-122.814619759094,53.9195889554521],[-122.81450143687,53.9195885929927],[-122.814501546913,53.9195843777658],[-122.814436074377,53.919584222693],[-122.814436323125,53.9195555961284],[-122.814497623831,53.9195556998171],[-122.814498234205,53.9194798326035]]]},"properties":{"OBJECTID":113994,"Name":null,"Description":null,"BuildingType":1,"FloorCount":null,"Shape__Area":152.2314453125}},{"type":"Feature","id":112228,"geometry":{"type":"Polygon","coordinates":[[[-122.807671061398,53.9146309655671],[-122.807882062642,53.9146299910497],[-122.807882971975,53.9147138151655],[-122.807672092351,53.9147147359512],[-122.807671061398,53.9146309655671]]]},"properties":{"OBJECTID":112228,"Name":null,"Description":null,"BuildingType":1,"FloorCount":null,"Shape__Area":129.182861328125}},{"type":"Feature","id":113553,"geometry":{"type":"Polygon","coordinates":[[[-122.808192133927,53.9184619073175],[-122.807993777988,53.9184636126676],[-122.807991754043,53.9183804069993],[-122.808189865192,53.9183788720349],[-122.808192133927,53.9184619073175]]]},"properties":{"OBJECTID":113553,"Name":null,"Description":null,"BuildingType":1,"FloorCount":null,"Shape__Area":120.428955078125}},{"type":"Feature","id":113802,"geometry":{"type":"Polygon","coordinates":[[[-122.800986289979,53.9190365723156],[-122.800777612649,53.9190372329948],[-122.800777087153,53.9189653096981],[-122.800827928528,53.9189650165275],[-122.800827333018,53.918891789846],[-122.800849685244,53.9188917190571],[-122.800849535987,53.9188590921653],[-122.800997094479,53.9188585368271],[-122.800998127627,53.9189774774866],[-122.80098556584,53.9189775285753],[-122.800986289979,53.9190365723156]]]},"properties":{"OBJECTID":113802,"Name":null,"Description":null,"BuildingType":1,"FloorCount":null,"Shape__Area":237.19775390625}},{"type":"Feature","id":111552,"geometry":{"type":"Polygon","coordinates":[[[-122.814957881327,53.912782892433],[-122.815115096172,53.9127006061837],[-122.81526110412,53.9127980457769],[-122.81516231662,53.9128497279253],[-122.815103527831,53.9128104944096],[-122.815045146249,53.9128410627901],[-122.814957881327,53.912782892433]]]},"properties":{"OBJECTID":111552,"Name":null,"Description":null,"BuildingType":1,"FloorCount":null,"Shape__Area":169.820068359375}},{"type":"Feature","id":110960,"geometry":{"type":"Polygon","coordinates":[[[-122.803161621222,53.9113147747499],[-122.803159934427,53.9112396766825],[-122.803355910674,53.9112382450855],[-122.803357521831,53.9113133160619],[-122.803161621222,53.9113147747499]]]},"properties":{"OBJECTID":110960,"Name":null,"Description":null,"BuildingType":1,"FloorCount":null,"Shape__Area":107.53955078125}},{"type":"Feature","id":113161,"geometry":{"type":"Polygon","coordinates":[[[-122.806382341236,53.9175423292956],[-122.806312563428,53.9174532709624],[-122.806434659732,53.9174197985527],[-122.806437566263,53.9174234254245],[-122.806495176815,53.9174075914266],[-122.806562245988,53.9174930950087],[-122.806382341236,53.9175423292956]]]},"properties":{"OBJECTID":113161,"Name":null,"Description":null,"BuildingType":1,"FloorCount":null,"Shape__Area":140.359130859375}},{"type":"Feature","id":110948,"geometry":{"type":"Polygon","coordinates":[[[-122.81434310024,53.9112099580428],[-122.814662881201,53.9111479220361],[-122.814671595964,53.9111635207917],[-122.814715675206,53.9111548613993],[-122.814745987683,53.9112092320341],[-122.814706647216,53.9112169010744],[-122.814716736857,53.9112348658093],[-122.814391987961,53.911297927908],[-122.81434310024,53.9112099580428]]]},"properties":{"OBJECTID":110948,"Name":null,"Description":null,"BuildingType":1,"FloorCount":null,"Shape__Area":247.87353515625}},{"type":"Feature","id":114157,"geometry":{"type":"Polygon","coordinates":[[[-122.811819280603,53.9200574884698],[-122.811816422142,53.9199414482291],[-122.811971235191,53.9199401986918],[-122.811972948773,53.9200163122059],[-122.811951432886,53.9200165032197],[-122.811952395821,53.9200563487652],[-122.811819280603,53.9200574884698]]]},"properties":{"OBJECTID":114157,"Name":null,"Description":null,"BuildingType":1,"FloorCount":null,"Shape__Area":124.888671875}},{"type":"Feature","id":111595,"geometry":{"type":"Polygon","coordinates":[[[-122.809780107308,53.9130348361272],[-122.809779955494,53.9129576913362],[-122.809906862498,53.9129576046718],[-122.809906898156,53.9128827071929],[-122.810006340408,53.9128827567065],[-122.810006261257,53.912916965152],[-122.810152805898,53.9129171160207],[-122.810152874178,53.9130128300185],[-122.809986065016,53.9130129257176],[-122.809986011337,53.9130348115676],[-122.809780107308,53.9130348361272]]]},"properties":{"OBJECTID":111595,"Name":null,"Description":null,"BuildingType":1,"FloorCount":null,"Shape__Area":281.438232421875}},{"type":"Feature","id":113018,"geometry":{"type":"Polygon","coordinates":[[[-122.812261262857,53.9170701372956],[-122.812112679697,53.9171918548873],[-122.811997400609,53.9171425996864],[-122.81214570947,53.9170209716877],[-122.812261262857,53.9170701372956]]]},"properties":{"OBJECTID":113018,"Name":null,"Description":null,"BuildingType":1,"FloorCount":null,"Shape__Area":156.00048828125}},{"type":"Feature","id":113759,"geometry":{"type":"Polygon","coordinates":[[[-122.815358896646,53.9188353492732],[-122.815612497778,53.9188362781853],[-122.815611509175,53.918946614017],[-122.815516697534,53.9189463246031],[-122.815516779484,53.9189311888463],[-122.815483389205,53.9189310656456],[-122.815483468115,53.9189166219643],[-122.815358220554,53.9189161148866],[-122.815358896646,53.9188353492732]]]},"properties":{"OBJECTID":113759,"Name":null,"Description":null,"BuildingType":1,"FloorCount":null,"Shape__Area":173.734375}},{"type":"Feature","id":112377,"geometry":{"type":"Polygon","coordinates":[[[-122.808112394842,53.9150350737267],[-122.808111658027,53.9151459762314],[-122.807970967688,53.9151456974182],[-122.807971053922,53.9150970361951],[-122.807911708765,53.9150968783697],[-122.807912101318,53.9150345647717],[-122.808112394842,53.9150350737267]]]},"properties":{"OBJECTID":112377,"Name":null,"Description":null,"BuildingType":1,"FloorCount":null,"Shape__Area":141.24658203125}},{"type":"Feature","id":111203,"geometry":{"type":"Polygon","coordinates":[[[-122.80452374957,53.9118905013136],[-122.804566319822,53.9117719910432],[-122.80469422894,53.9117880181358],[-122.804651690025,53.9119064116571],[-122.80452374957,53.9118905013136]]]},"properties":{"OBJECTID":111203,"Name":null,"Description":null,"BuildingType":1,"FloorCount":null,"Shape__Area":115.710205078125}},{"type":"Feature","id":113367,"geometry":{"type":"Polygon","coordinates":[[[-122.806459368997,53.9179305038317],[-122.806616785416,53.9179145519482],[-122.806650149186,53.9180289876769],[-122.806491697379,53.9180448570433],[-122.806481911085,53.9180110911217],[-122.8064341715,53.9180158587486],[-122.80641603791,53.9179532546693],[-122.806464753029,53.9179482369562],[-122.806459368997,53.9179305038317]]]},"properties":{"OBJECTID":113367,"Name":null,"Description":null,"BuildingType":1,"FloorCount":null,"Shape__Area":158.55224609375}},{"type":"Feature","id":113410,"geometry":{"type":"Polygon","coordinates":[[[-122.806181891264,53.9179905459611],[-122.806376809997,53.9179743852684],[-122.8064083284,53.9181058055153],[-122.806256986361,53.9181184503324],[-122.806238222189,53.9180408171792],[-122.806194523294,53.9180443059379],[-122.806181891264,53.9179905459611]]]},"properties":{"OBJECTID":113410,"Name":null,"Description":null,"BuildingType":1,"FloorCount":null,"Shape__Area":165.861328125}},{"type":"Feature","id":111252,"geometry":{"type":"Polygon","coordinates":[[[-122.814553612274,53.9119546389116],[-122.814682945926,53.9119009011924],[-122.814802781491,53.9120016175626],[-122.814673448238,53.9120552295778],[-122.814553612274,53.9119546389116]]]},"properties":{"OBJECTID":111252,"Name":null,"Description":null,"BuildingType":1,"FloorCount":null,"Shape__Area":142.148193359375}},{"type":"Feature","id":110754,"geometry":{"type":"Polygon","coordinates":[[[-122.815944842288,53.9102904009225],[-122.815906162934,53.9104179901551],[-122.815920070295,53.9104194585534],[-122.815887415014,53.9105272023729],[-122.815657167187,53.9105028689785],[-122.815696681404,53.9103725577244],[-122.815717040276,53.9103747101527],[-122.815728054145,53.9103383883004],[-122.815705702005,53.9103360260894],[-122.815726524974,53.9102673262978],[-122.815944842288,53.9102904009225]]]},"properties":{"OBJECTID":110754,"Name":null,"Description":null,"BuildingType":1,"FloorCount":null,"Shape__Area":390.751953125}},{"type":"Feature","id":113902,"geometry":{"type":"Polygon","coordinates":[[[-122.815854128767,53.9192322401298],[-122.816091212788,53.9192329629412],[-122.816090276271,53.919331731224],[-122.815856328076,53.9193310581596],[-122.815856408005,53.9193198142276],[-122.815797620386,53.9193196162181],[-122.81579830262,53.9192511013345],[-122.815854181956,53.9192512948844],[-122.815854128767,53.9192322401298]]]},"properties":{"OBJECTID":113902,"Name":null,"Description":null,"BuildingType":1,"FloorCount":null,"Shape__Area":198.740234375}},{"type":"Feature","id":113908,"geometry":{"type":"Polygon","coordinates":[[[-122.815561477573,53.9193401510189],[-122.815423767499,53.9193410449829],[-122.815423095258,53.9193104935568],[-122.8152251184,53.9193117170925],[-122.815223322678,53.9192149399588],[-122.815350221021,53.9192142093633],[-122.81535071585,53.919240095718],[-122.815508722978,53.9192390083184],[-122.815510050198,53.9193075083116],[-122.815560769892,53.9193072536572],[-122.815561477573,53.9193401510189]]]},"properties":{"OBJECTID":113908,"Name":null,"Description":null,"BuildingType":1,"FloorCount":null,"Shape__Area":203.23046875}},{"type":"Feature","id":111395,"geometry":{"type":"Polygon","coordinates":[[[-122.813392702826,53.9123010651263],[-122.813466062239,53.9123428477643],[-122.813337451977,53.9124214732446],[-122.813171539722,53.912326885506],[-122.813264994044,53.91226974993],[-122.813357456087,53.9123224289071],[-122.813392702826,53.9123010651263]]]},"properties":{"OBJECTID":111395,"Name":null,"Description":null,"BuildingType":1,"FloorCount":null,"Shape__Area":156.163818359375}},{"type":"Feature","id":112136,"geometry":{"type":"Polygon","coordinates":[[[-122.804070480303,53.9144119213471],[-122.803981062303,53.914299163991],[-122.803990757624,53.9142964744091],[-122.80396791929,53.9142675854494],[-122.804092067311,53.9142332918565],[-122.804204674238,53.9143749206451],[-122.804070480303,53.9144119213471]]]},"properties":{"OBJECTID":112136,"Name":null,"Description":null,"BuildingType":1,"FloorCount":null,"Shape__Area":166.6533203125}},{"type":"Feature","id":113218,"geometry":{"type":"Polygon","coordinates":[[[-122.809853808959,53.9176020288945],[-122.810106079256,53.9175389004645],[-122.810150487929,53.9176002782103],[-122.80989766929,53.9176633878891],[-122.809853808959,53.9176020288945]]]},"properties":{"OBJECTID":113218,"Name":null,"Description":null,"BuildingType":1,"FloorCount":null,"Shape__Area":133.608154296875}},{"type":"Feature","id":112726,"geometry":{"type":"Polygon","coordinates":[[[-122.808703962517,53.916318065368],[-122.808705755681,53.9161855662594],[-122.808859449485,53.9161863412733],[-122.808857423882,53.9163498398286],[-122.80871592441,53.9163491561408],[-122.808716386062,53.9163181031329],[-122.808703962517,53.916318065368]]]},"properties":{"OBJECTID":112726,"Name":null,"Description":null,"BuildingType":1,"FloorCount":null,"Shape__Area":180.959228515625}},{"type":"Feature","id":114051,"geometry":{"type":"Polygon","coordinates":[[[-122.804718241033,53.9197359203007],[-122.804412107428,53.9197341727901],[-122.804413473379,53.9196504153352],[-122.804457111032,53.9196506481789],[-122.804458199532,53.9195838866819],[-122.804669444175,53.9195850663322],[-122.804668563729,53.9196497339526],[-122.804719662452,53.9196499338954],[-122.804718241033,53.9197359203007]]]},"properties":{"OBJECTID":114051,"Name":null,"Description":null,"BuildingType":1,"FloorCount":null,"Shape__Area":291.35009765625}},{"type":"Feature","id":112969,"geometry":{"type":"Polygon","coordinates":[[[-122.803533861003,53.9170267680116],[-122.803383101984,53.917019663396],[-122.803387639666,53.9169417713201],[-122.803488704893,53.9169484261156],[-122.803514281945,53.9169260607345],[-122.803465875069,53.9168623730338],[-122.803576917651,53.9168322919101],[-122.803612597627,53.9168762209776],[-122.803711433178,53.9169167569212],[-122.803692709161,53.9169388009884],[-122.803720070233,53.9169483101359],[-122.803645634165,53.9170130462868],[-122.803629343368,53.9170162104109],[-122.803552895034,53.917042501287],[-122.803533861003,53.9170267680116]]]},"properties":{"OBJECTID":112969,"Name":null,"Description":null,"BuildingType":1,"FloorCount":null,"Shape__Area":291.56640625}},{"type":"Feature","id":114300,"geometry":{"type":"Polygon","coordinates":[[[-122.81197697335,53.9203507459645],[-122.811978512132,53.9204589914859],[-122.811832211348,53.9204596881237],[-122.811831060982,53.920383665376],[-122.811787953546,53.9203838584816],[-122.81178756484,53.9203551769977],[-122.811832804119,53.9203549512802],[-122.81183280518,53.9203513290968],[-122.81197697335,53.9203507459645]]]},"properties":{"OBJECTID":114300,"Name":null,"Description":null,"BuildingType":1,"FloorCount":null,"Shape__Area":124.793212890625}},{"type":"Feature","id":111003,"geometry":{"type":"Polygon","coordinates":[[[-122.802437540087,53.9112984048488],[-122.802436629833,53.9114009571996],[-122.80233195552,53.911400641137],[-122.802332082012,53.9113803013489],[-122.802249496406,53.9113800754998],[-122.802250049183,53.911304954143],[-122.802186933949,53.9113048142401],[-122.802187435604,53.9112308702352],[-122.802254676505,53.9112309540152],[-122.802254308145,53.9112863738328],[-122.802320041487,53.9112865719385],[-122.802319926563,53.9112980135592],[-122.802437540087,53.9112984048488]]]},"properties":{"OBJECTID":111003,"Name":null,"Description":null,"BuildingType":1,"FloorCount":null,"Shape__Area":169.829833984375}},{"type":"Feature","id":113708,"geometry":{"type":"Polygon","coordinates":[[[-122.808351044334,53.9187816504302],[-122.808553995434,53.9187809494884],[-122.808554078111,53.9187928318291],[-122.808603045617,53.9187927121412],[-122.808603627905,53.9188584876563],[-122.808558816679,53.9188586858744],[-122.808558950421,53.9188693908611],[-122.808352162114,53.9188700497361],[-122.808351044334,53.9187816504302]]]},"properties":{"OBJECTID":113708,"Name":null,"Description":null,"BuildingType":1,"FloorCount":null,"Shape__Area":154.900390625}},{"type":"Feature","id":113659,"geometry":{"type":"Polygon","coordinates":[[[-122.809806124686,53.9186937055742],[-122.809867126533,53.9185448251512],[-122.809999522423,53.918563577042],[-122.809938367617,53.9187127089549],[-122.809806124686,53.9186937055742]]]},"properties":{"OBJECTID":113659,"Name":null,"Description":null,"BuildingType":1,"FloorCount":null,"Shape__Area":152.49755859375}},{"type":"Feature","id":110954,"geometry":{"type":"Polygon","coordinates":[[[-122.813641036152,53.9113152083818],[-122.813378450507,53.9113148814867],[-122.81337869727,53.9112458715019],[-122.813351797729,53.9112458656475],[-122.813351980178,53.9111639756636],[-122.813380264654,53.9111640555747],[-122.813380541718,53.911074588797],[-122.813354692803,53.9110745576118],[-122.813354863716,53.9110396392409],[-122.813609546356,53.9110400617793],[-122.813609241301,53.9110948974963],[-122.813638941763,53.9110949166278],[-122.813638987812,53.9111290264094],[-122.813613306438,53.9111289685757],[-122.813612824763,53.9112713387898],[-122.813641185708,53.9112713558417],[-122.813641036152,53.9113152083818]]]},"properties":{"OBJECTID":110954,"Name":null,"Description":null,"BuildingType":1,"FloorCount":null,"Shape__Area":506.36328125}}]}