{"type":"FeatureCollection","features":[{"type":"Feature","id":1,"properties":{"building_id":"rh","floor":0,"id":1,"metadata":{"category":"amenities","logo":"https://cdn.mappedin.com/61682a65746b9878293ebfeb/e1830a4ab8c27ca6066a5865aad472f673fc592a.png"},"name":"Women's Restroom","type":"amenity"},"geometry":{"type":"Point","coordinates":[-76.7600836,39.01663]}},{"type":"Feature","id":2,"properties":{"building_id":"rh","floor":1,"id":2,"metadata":{"category":"amenities","logo":"https://cdn.mappedin.com/61682a65746b9878293ebfeb/e1830a4ab8c27ca6066a5865aad472f673fc592a.png"},"name":"Women's Restroom","type":"amenity"},"geometry":{"type":"Point","coordinates":[-76.7600748,39.0166524]}},{"type":"Feature","id":3,"properties":{"building_id":"rh","floor":1,"id":3,"metadata":{"category":"amenities","logo":"https://cdn.mappedin.com/61682a65746b9878293ebfeb/e1830a4ab8c27ca6066a5865aad472f673fc592a.png"},"name":"Women's Restroom","type":"amenity"},"geometry":{"type":"Point","coordinates":[-76.7597954,39.016456]}},{"type":"Feature","id":4,"properties":{"building_id":"rh","floor":1,"id":4,"metadata":{"category":"amenities","logo":"https://cdn.mappedin.com/61682a65746b9878293ebfeb/e1830a4ab8c27ca6066a5865aad472f673fc592a.png"},"name":"Women's Restroom","type":"amenity"},"geometry":{"type":"Point","coordinates":[-76.759438,39.0163752]}},{"type":"Feature","id":5,"properties":{"building_id":"rh","floor":1,"id":5,"metadata":{"category":"amenities","logo":"https://cdn.mappedin.com/61682a65746b9878293ebfeb/e1830a4ab8c27ca6066a5865aad472f673fc592a.png"},"name":"Women's Restroom","type":"amenity"},"geometry":{"type":"Point","coordinates":[-76.7594535,39.0163452]}},{"type":"Feature","id":6,"properties":{"building_id":"fm","floor":0,"id":6,"metadata":{"category":"amenities","logo":"https://cdn.mappedin.com/61682a65746b9878293ebfeb/e1830a4ab8c27ca6066a5865aad472f673fc592a.png"},"name":"Women's Restroom","type":"amenity"},"geometry":{"type":"Point","coordinates":[-76.7572223,39.0179646]}},{"type":"Feature","id":7,"properties":{"building_id":"fm","floor":0,"id":7,"metadata":{"category":"amenities","logo":"https://cdn.mappedin.com/61682a65746b9878293ebfeb/e1830a4ab8c27ca6066a5865aad472f673fc592a.png"},"name":"Women's Restroom","type":"amenity"},"geometry":{"type":"Point","coordinates":[-76.7568332,39.0179872]}},{"type":"Feature","id":8,"properties":{"building_id":"fpa","floor":0,"id":8,"metadata":{"category":"amenities","logo":"https://cdn.mappedin.com/61682a65746b9878293ebfeb/e1830a4ab8c27ca6066a5865aad472f673fc592a.png"},"name":"Women's Restroom","type":"amenity"},"geometry":{"type":"Point","coordinates":[-76.7590917,39.0162271]}},{"type":"Feature","id":9,"properties":{"building_id":"fpa","floor":0,"id":9,"metadata":{"category":"amenities","logo":"https://cdn.mappedin.com/61682a65746b9878293ebfeb/e1830a4ab8c27ca6066a5865aad472f673fc592a.png"},"name":"Women's Restroom","type":"amenity"},"geometry":{"type":"Point","coordinates":[-76.7586365,39.0162101]}},{"type":"Feature","id":10,"properties":{"building_id":"fpa","floor":1,"id":10,"metadata":{"category":"amenities","logo":"https://cdn.mappedin.com/61682a65746b9878293ebfeb/e1830a4ab8c27ca6066a5865aad472f673fc592a.png"},"name":"Women's Restroom","type":"amenity"},"geometry":{"type":"Point","coordinates":[-76.7590907,39.0162263]}},{"type":"Feature","id":11,"properties":{"building_id":"fpa","floor":1,"id":11,"metadata":{"category":"amenities","logo":"https://cdn.mappedin.com/61682a65746b9878293ebfeb/e1830a4ab8c27ca6066a5865aad472f673fc592a.png"},"name":"Women's Restroom","type":"amenity"},"geometry":{"type":"Point","coordinates":[-76.7590578,39.0157692]}},{"type":"Feature","id":12,"properties":{"building_id":"fpa","floor":1,"id":12,"metadata":{"category":"amenities","logo":"https://cdn.mappedin.com/61682a65746b9878293ebfeb/e1830a4ab8c27ca6066a5865aad472f673fc592a.png"},"name":"Women's Restroom","type":"amenity"},"geometry":{"type":"Point","coordinates":[-76.7584674,39.0159485]}},{"type":"Feature","id":13,"properties":{"building_id":"fpa","floor":1,"id":13,"metadata":{"category":"amenities","logo":"https://cdn.mappedin.com/61682a65746b9878293ebfeb/e1830a4ab8c27ca6066a5865aad472f673fc592a.png"},"name":"Women's Restroom","type":"amenity"},"geometry":{"type":"Point","coordinates":[-76.7584557,39.0161313]}},{"type":"Feature","id":14,"properties":{"building_id":"fpa","floor":1,"id":14,"metadata":{"category":"amenities","logo":"https://cdn.mappedin.com/61682a65746b9878293ebfeb/e1830a4ab8c27ca6066a5865aad472f673fc592a.png"},"name":"Women's Restroom","type":"amenity"},"geometry":{"type":"Point","coordinates":[-76.7584701,39.0162331]}},{"type":"Feature","id":15,"properties":{"building_id":"fpa","floor":2,"id":15,"metadata":{"category":"amenities","logo":"https://cdn.mappedin.com/61682a65746b9878293ebfeb/e1830a4ab8c27ca6066a5865aad472f673fc592a.png"},"name":"Women's Restroom","type":"amenity"},"geometry":{"type":"Point","coordinates":[-76.7590804,39.0162318]}},{"type":"Feature","id":16,"properties":{"building_id":"fpa","floor":2,"id":16,"metadata":{"category":"amenities","logo":"https://cdn.mappedin.com/61682a65746b9878293ebfeb/e1830a4ab8c27ca6066a5865aad472f673fc592a.png"},"name":"Women's Restroom","type":"amenity"},"geometry":{"type":"Point","coordinates":[-76.7585126,39.0159729]}},{"type":"Feature","id":17,"properties":{"building_id":"cs","floor":0,"id":17,"metadata":{"category":"amenities","logo":"https://cdn.mappedin.com/61682a65746b9878293ebfeb/e1830a4ab8c27ca6066a5865aad472f673fc592a.png"},"name":"Women's Restroom","type":"amenity"},"geometry":{"type":"Point","coordinates":[-76.7593626,39.0175043]}},{"type":"Feature","id":18,"properties":{"building_id":"cs","floor":1,"id":18,"metadata":{"category":"amenities","logo":"https://cdn.mappedin.com/61682a65746b9878293ebfeb/e1830a4ab8c27ca6066a5865aad472f673fc592a.png"},"name":"Women's Restroom","type":"amenity"},"geometry":{"type":"Point","coordinates":[-76.7593662,39.0175028]}},{"type":"Feature","id":19,"properties":{"building_id":"cs","floor":2,"id":19,"metadata":{"category":"amenities","logo":"https://cdn.mappedin.com/61682a65746b9878293ebfeb/e1830a4ab8c27ca6066a5865aad472f673fc592a.png"},"name":"Women's Restroom","type":"amenity"},"geometry":{"type":"Point","coordinates":[-76.7593662,39.0175028]}},{"type":"Feature","id":20,"properties":{"building_id":"sc","floor":0,"id":20,"metadata":{"category":"amenities","logo":"https://cdn.mappedin.com/61682a65746b9878293ebfeb/e1830a4ab8c27ca6066a5865aad472f673fc592a.png"},"name":"Women's Restroom","type":"amenity"},"geometry":{"type":"Point","coordinates":[-76.7584704,39.0175741]}},{"type":"Feature","id":21,"properties":{"building_id":"sc","floor":0,"id":21,"metadata":{"category":"amenities","logo":"https://cdn.mappedin.com/61682a65746b9878293ebfeb/e1830a4ab8c27ca6066a5865aad472f673fc592a.png"},"name":"Women's Restroom","type":"amenity"},"geometry":{"type":"Point","coordinates":[-76.7583798,39.017808]}},{"type":"Feature","id":22,"properties":{"building_id":"sc","floor":1,"id":22,"metadata":{"category":"amenities","logo":"https://cdn.mappedin.com/61682a65746b9878293ebfeb/e1830a4ab8c27ca6066a5865aad472f673fc592a.png"},"name":"Women's Restroom","type":"amenity"},"geometry":{"type":"Point","coordinates":[-76.7583177,39.0179269]}},{"type":"Feature","id":23,"properties":{"building_id":"sc","floor":1,"id":23,"metadata":{"category":"amenities","logo":"https://cdn.mappedin.com/61682a65746b9878293ebfeb/e1830a4ab8c27ca6066a5865aad472f673fc592a.png"},"name":"Women's Restroom","type":"amenity"},"geometry":{"type":"Point","coordinates":[-76.7583332,39.0175458]}},{"type":"Feature","id":24,"properties":{"building_id":"sc","floor":2,"id":24,"metadata":{"category":"amenities","logo":"https://cdn.mappedin.com/61682a65746b9878293ebfeb/e1830a4ab8c27ca6066a5865aad472f673fc592a.png"},"name":"Women's Restroom","type":"amenity"},"geometry":{"type":"Point","coordinates":[-76.7582512,39.0178659]}},{"type":"Feature","id":25,"properties":{"building_id":"lib","floor":-1,"id":25,"metadata":{"category":"amenities","logo":"https://cdn.mappedin.com/61682a65746b9878293ebfeb/e1830a4ab8c27ca6066a5865aad472f673fc592a.png"},"name":"Women's Restroom","type":"amenity"},"geometry":{"type":"Point","coordinates":[-76.7599772,39.0182645]}},{"type":"Feature","id":26,"properties":{"building_id":"lib","floor":-1,"id":26,"metadata":{"category":"amenities","logo":"https://cdn.mappedin.com/61682a65746b9878293ebfeb/e1830a4ab8c27ca6066a5865aad472f673fc592a.png"},"name":"Women's Restroom","type":"amenity"},"geometry":{"type":"Point","coordinates":[-76.7593822,39.0180963]}},{"type":"Feature","id":27,"properties":{"building_id":"lib","floor":0,"id":27,"metadata":{"category":"amenities","logo":"https://cdn.mappedin.com/61682a65746b9878293ebfeb/e1830a4ab8c27ca6066a5865aad472f673fc592a.png"},"name":"Women's Restroom","type":"amenity"},"geometry":{"type":"Point","coordinates":[-76.7599766,39.0182643]}},{"type":"Feature","id":28,"properties":{"building_id":"lib","floor":1,"id":28,"metadata":{"category":"amenities","logo":"https://cdn.mappedin.com/61682a65746b9878293ebfeb/e1830a4ab8c27ca6066a5865aad472f673fc592a.png"},"name":"Women's Restroom","type":"amenity"},"geometry":{"type":"Point","coordinates":[-76.7599767,39.0182645]}},{"type":"Feature","id":29,"properties":{"building_id":"lib","floor":1,"id":29,"metadata":{"category":"amenities","logo":"https://cdn.mappedin.com/61682a65746b9878293ebfeb/e1830a4ab8c27ca6066a5865aad472f673fc592a.png"},"name":"Women's Restroom","type":"amenity"},"geometry":{"type":"Point","coordinates":[-76.7594467,39.0180099]}},{"type":"Feature","id":30,"properties":{"building_id":"cnsmn","floor":0,"id":30,"metadata":{"category":"amenities","logo":"https://cdn.mappedin.com/61682a65746b9878293ebfeb/e1830a4ab8c27ca6066a5865aad472f673fc592a.png"},"name":"Women's Restroom","type":"amenity"},"geometry":{"type":"Point","coordinates":[-76.7587744,39.0188188]}},{"type":"Feature","id":31,"properties":{"building_id":"cnsmn","floor":0,"id":31,"metadata":{"category":"amenities","logo":"https://cdn.mappedin.com/61682a65746b9878293ebfeb/e1830a4ab8c27ca6066a5865aad472f673fc592a.png"},"name":"Women's Restroom","type":"amenity"},"geometry":{"type":"Point","coordinates":[-76.7588365,39.0191707]}},{"type":"Feature","id":32,"properties":{"building_id":"cnsmn","floor":1,"id":32,"metadata":{"category":"amenities","logo":"https://cdn.mappedin.com/61682a65746b9878293ebfeb/e1830a4ab8c27ca6066a5865aad472f673fc592a.png"},"name":"Women's Restroom","type":"amenity"},"geometry":{"type":"Point","coordinates":[-76.7587769,39.0188188]}},{"type":"Feature","id":33,"properties":{"building_id":"cnsmn","floor":2,"id":33,"metadata":{"category":"amenities","logo":"https://cdn.mappedin.com/61682a65746b9878293ebfeb/e1830a4ab8c27ca6066a5865aad472f673fc592a.png"},"name":"Women's Restroom","type":"amenity"},"geometry":{"type":"Point","coordinates":[-76.759031,39.0189659]}},{"type":"Feature","id":34,"properties":{"building_id":"cnsmn","floor":2,"id":34,"metadata":{"category":"amenities","logo":"https://cdn.mappedin.com/61682a65746b9878293ebfeb/e1830a4ab8c27ca6066a5865aad472f673fc592a.png"},"name":"Women's Restroom","type":"amenity"},"geometry":{"type":"Point","coordinates":[-76.7587921,39.0188064]}},{"type":"Feature","id":35,"properties":{"building_id":"james-complex","floor":0,"id":35,"metadata":{"category":"amenities","logo":"https://cdn.mappedin.com/61682a65746b9878293ebfeb/e1830a4ab8c27ca6066a5865aad472f673fc592a.png"},"name":"Women's Restroom","type":"amenity"},"geometry":{"type":"Point","coordinates":[-76.758426,39.020708]}},{"type":"Feature","id":36,"properties":{"building_id":"james-complex","floor":0,"id":36,"metadata":{"category":"amenities","logo":"https://cdn.mappedin.com/61682a65746b9878293ebfeb/e1830a4ab8c27ca6066a5865aad472f673fc592a.png"},"name":"Women's Restroom","type":"amenity"},"geometry":{"type":"Point","coordinates":[-76.7579367,39.0208555]}},{"type":"Feature","id":37,"properties":{"building_id":"james-complex","floor":0,"id":37,"metadata":{"category":"amenities","logo":"https://cdn.mappedin.com/61682a65746b9878293ebfeb/e1830a4ab8c27ca6066a5865aad472f673fc592a.png"},"name":"Women's Restroom","type":"amenity"},"geometry":{"type":"Point","coordinates":[-76.7580518,39.0204732]}},{"type":"Feature","id":38,"properties":{"building_id":"mckeldin","floor":0,"id":38,"metadata":{"category":"amenities","logo":"https://cdn.mappedin.com/61682a65746b9878293ebfeb/e1830a4ab8c27ca6066a5865aad472f673fc592a.png"},"name":"Women's Restroom","type":"amenity"},"geometry":{"type":"Point","coordinates":[-76.7594052,39.0204697]}},{"type":"Feature","id":39,"properties":{"building_id":"mckeldin","floor":0,"id":39,"metadata":{"category":"amenities","logo":"https://cdn.mappedin.com/61682a65746b9878293ebfeb/e1830a4ab8c27ca6066a5865aad472f673fc592a.png"},"name":"Women's Restroom","type":"amenity"},"geometry":{"type":"Point","coordinates":[-76.759404,39.0206521]}},{"type":"Feature","id":40,"properties":{"building_id":"mckeldin","floor":0,"id":40,"metadata":{"category":"amenities","logo":"https://cdn.mappedin.com/61682a65746b9878293ebfeb/e1830a4ab8c27ca6066a5865aad472f673fc592a.png"},"name":"Women's Restroom","type":"amenity"},"geometry":{"type":"Point","coordinates":[-76.7590892,39.0207963]}},{"type":"Feature","id":41,"properties":{"building_id":"mckeldin","floor":0,"id":41,"metadata":{"category":"amenities","logo":"https://cdn.mappedin.com/61682a65746b9878293ebfeb/e1830a4ab8c27ca6066a5865aad472f673fc592a.png"},"name":"Women's Restroom","type":"amenity"},"geometry":{"type":"Point","coordinates":[-76.759007,39.0204299]}},{"type":"Feature","id":42,"properties":{"building_id":"proctor","floor":-1,"id":42,"metadata":{"category":"amenities","logo":"https://cdn.mappedin.com/61682a65746b9878293ebfeb/e1830a4ab8c27ca6066a5865aad472f673fc592a.png"},"name":"Women's Restroom","type":"amenity"},"geometry":{"type":"Point","coordinates":[-76.7604224,39.0194701]}},{"type":"Feature","id":43,"properties":{"building_id":"proctor","floor":0,"id":43,"metadata":{"category":"amenities","logo":"https://cdn.mappedin.com/61682a65746b9878293ebfeb/e1830a4ab8c27ca6066a5865aad472f673fc592a.png"},"name":"Women's Restroom","type":"amenity"},"geometry":{"type":"Point","coordinates":[-76.7602789,39.019472]}},{"type":"Feature","id":44,"properties":{"building_id":"proctor","floor":1,"id":44,"metadata":{"category":"amenities","logo":"https://cdn.mappedin.com/61682a65746b9878293ebfeb/e1830a4ab8c27ca6066a5865aad472f673fc592a.png"},"name":"Women's Restroom","type":"amenity"},"geometry":{"type":"Point","coordinates":[-76.7606403,39.0191258]}},{"type":"Feature","id":45,"properties":{"building_id":"proctor","floor":1,"id":45,"metadata":{"category":"amenities","logo":"https://cdn.mappedin.com/61682a65746b9878293ebfeb/e1830a4ab8c27ca6066a5865aad472f673fc592a.png"},"name":"Women's Restroom","type":"amenity"},"geometry":{"type":"Point","coordinates":[-76.7606264,39.0191678]}},{"type":"Feature","id":46,"properties":{"building_id":"proctor","floor":1,"id":46,"metadata":{"category":"amenities","logo":"https://cdn.mappedin.com/61682a65746b9878293ebfeb/e1830a4ab8c27ca6066a5865aad472f673fc592a.png"},"name":"Women's Restroom","type":"amenity"},"geometry":{"type":"Point","coordinates":[-76.7602313,39.0194589]}},{"type":"Feature","id":47,"properties":{"building_id":"proctor","floor":1,"id":47,"metadata":{"category":"amenities","logo":"https://cdn.mappedin.com/61682a65746b9878293ebfeb/e1830a4ab8c27ca6066a5865aad472f673fc592a.png"},"name":"Women's Restroom","type":"amenity"},"geometry":{"type":"Point","coordinates":[-76.7605965,39.0190834]}},{"type":"Feature","id":48,"properties":{"building_id":"proctor","floor":2,"id":48,"metadata":{"category":"amenities","logo":"https://cdn.mappedin.com/61682a65746b9878293ebfeb/e1830a4ab8c27ca6066a5865aad472f673fc592a.png"},"name":"Women's Restroom","type":"amenity"},"geometry":{"type":"Point","coordinates":[-76.7605959,39.0190828]}},{"type":"Feature","id":49,"properties":{"building_id":"proctor","floor":2,"id":49,"metadata":{"category":"amenities","logo":"https://cdn.mappedin.com/61682a65746b9878293ebfeb/e1830a4ab8c27ca6066a5865aad472f673fc592a.png"},"name":"Women's Restroom","type":"amenity"},"geometry":{"type":"Point","coordinates":[-76.7602317,39.0194595]}},{"type":"Feature","id":50,"properties":{"building_id":"proctor","floor":2,"id":50,"metadata":{"category":"amenities","logo":"https://cdn.mappedin.com/61682a65746b9878293ebfeb/e1830a4ab8c27ca6066a5865aad472f673fc592a.png"},"name":"Women's Restroom","type":"amenity"},"geometry":{"type":"Point","coordinates":[-76.7602957,39.0194814]}},{"type":"Feature","id":51,"properties":{"building_id":"ha","floor":0,"id":51,"metadata":{"category":"amenities","logo":"https://cdn.mappedin.com/61682a65746b9878293ebfeb/e1830a4ab8c27ca6066a5865aad472f673fc592a.png"},"name":"Women's Restroom","type":"amenity"},"geometry":{"type":"Point","coordinates":[-76.7608511,39.0184337]}},{"type":"Feature","id":52,"properties":{"building_id":"ha","floor":1,"id":52,"metadata":{"category":"amenities","logo":"https://cdn.mappedin.com/61682a65746b9878293ebfeb/e1830a4ab8c27ca6066a5865aad472f673fc592a.png"},"name":"Women's Restroom","type":"amenity"},"geometry":{"type":"Point","coordinates":[-76.7608686,39.0184344]}},{"type":"Feature","id":53,"properties":{"building_id":"ha","floor":1,"id":53,"metadata":{"category":"amenities","logo":"https://cdn.mappedin.com/61682a65746b9878293ebfeb/e1830a4ab8c27ca6066a5865aad472f673fc592a.png"},"name":"Women's Restroom","type":"amenity"},"geometry":{"type":"Point","coordinates":[-76.7604529,39.0183465]}},{"type":"Feature","id":54,"properties":{"building_id":"cbgs","floor":0,"id":54,"metadata":{"category":"amenities","logo":"https://cdn.mappedin.com/61682a65746b9878293ebfeb/e1830a4ab8c27ca6066a5865aad472f673fc592a.png"},"name":"Women's Restroom","type":"amenity"},"geometry":{"type":"Point","coordinates":[-76.7615538,39.0171076]}},{"type":"Feature","id":55,"properties":{"building_id":"cbgs","floor":0,"id":55,"metadata":{"category":"amenities","logo":"https://cdn.mappedin.com/61682a65746b9878293ebfeb/e1830a4ab8c27ca6066a5865aad472f673fc592a.png"},"name":"Women's Restroom","type":"amenity"},"geometry":{"type":"Point","coordinates":[-76.7613301,39.0166895]}},{"type":"Feature","id":56,"properties":{"building_id":"cbgs","floor":1,"id":56,"metadata":{"category":"amenities","logo":"https://cdn.mappedin.com/61682a65746b9878293ebfeb/e1830a4ab8c27ca6066a5865aad472f673fc592a.png"},"name":"Women's Restroom","type":"amenity"},"geometry":{"type":"Point","coordinates":[-76.761554,39.017107]}},{"type":"Feature","id":57,"properties":{"building_id":"cbgs","floor":1,"id":57,"metadata":{"category":"amenities","logo":"https://cdn.mappedin.com/61682a65746b9878293ebfeb/e1830a4ab8c27ca6066a5865aad472f673fc592a.png"},"name":"Women's Restroom","type":"amenity"},"geometry":{"type":"Point","coordinates":[-76.7613164,39.0167055]}},{"type":"Feature","id":58,"properties":{"building_id":"cbgs","floor":2,"id":58,"metadata":{"category":"amenities","logo":"https://cdn.mappedin.com/61682a65746b9878293ebfeb/e1830a4ab8c27ca6066a5865aad472f673fc592a.png"},"name":"Women's Restroom","type":"amenity"},"geometry":{"type":"Point","coordinates":[-76.7615545,39.0171073]}},{"type":"Feature","id":59,"properties":{"building_id":"cbgs","floor":2,"id":59,"metadata":{"category":"amenities","logo":"https://cdn.mappedin.com/61682a65746b9878293ebfeb/e1830a4ab8c27ca6066a5865aad472f673fc592a.png"},"name":"Women's Restroom","type":"amenity"},"geometry":{"type":"Point","coordinates":[-76.7613162,39.0167054]}},{"type":"Feature","id":60,"properties":{"building_id":"ellc","floor":0,"id":60,"metadata":{"category":"amenities","logo":"https://cdn.mappedin.com/61682a65746b9878293ebfeb/e1830a4ab8c27ca6066a5865aad472f673fc592a.png"},"name":"Women's Restroom","type":"amenity"},"geometry":{"type":"Point","coordinates":[-76.7608784,39.0155641]}},{"type":"Feature","id":61,"properties":{"building_id":"rh","floor":0,"id":61,"metadata":{"category":"amenities","logo":"https://cdn.mappedin.com/61682a65746b9878293ebfeb/e487e8375d7c6f177a3760e63ead67fb8ada2b04.png"},"name":"Men's Restroom","type":"amenity"},"geometry":{"type":"Point","coordinates":[-76.7600382,39.0166107]}},{"type":"Feature","id":62,"properties":{"building_id":"rh","floor":1,"id":62,"metadata":{"category":"amenities","logo":"https://cdn.mappedin.com/61682a65746b9878293ebfeb/e487e8375d7c6f177a3760e63ead67fb8ada2b04.png"},"name":"Men's Restroom","type":"amenity"},"geometry":{"type":"Point","coordinates":[-76.7600928,39.0166117]}},{"type":"Feature","id":63,"properties":{"building_id":"rh","floor":1,"id":63,"metadata":{"category":"amenities","logo":"https://cdn.mappedin.com/61682a65746b9878293ebfeb/e487e8375d7c6f177a3760e63ead67fb8ada2b04.png"},"name":"Men's Restroom","type":"amenity"},"geometry":{"type":"Point","coordinates":[-76.7597954,39.016456]}},{"type":"Feature","id":64,"properties":{"building_id":"rh","floor":1,"id":64,"metadata":{"category":"amenities","logo":"https://cdn.mappedin.com/61682a65746b9878293ebfeb/e487e8375d7c6f177a3760e63ead67fb8ada2b04.png"},"name":"Men's Restroom","type":"amenity"},"geometry":{"type":"Point","coordinates":[-76.7594446,39.0163625]}},{"type":"Feature","id":65,"properties":{"building_id":"rh","floor":1,"id":65,"metadata":{"category":"amenities","logo":"https://cdn.mappedin.com/61682a65746b9878293ebfeb/e487e8375d7c6f177a3760e63ead67fb8ada2b04.png"},"name":"Men's Restroom","type":"amenity"},"geometry":{"type":"Point","coordinates":[-76.7594535,39.0163452]}},{"type":"Feature","id":66,"properties":{"building_id":"fm","floor":0,"id":66,"metadata":{"category":"amenities","logo":"https://cdn.mappedin.com/61682a65746b9878293ebfeb/e487e8375d7c6f177a3760e63ead67fb8ada2b04.png"},"name":"Men's Restroom","type":"amenity"},"geometry":{"type":"Point","coordinates":[-76.7571882,39.0179866]}},{"type":"Feature","id":67,"properties":{"building_id":"fm","floor":0,"id":67,"metadata":{"category":"amenities","logo":"https://cdn.mappedin.com/61682a65746b9878293ebfeb/e487e8375d7c6f177a3760e63ead67fb8ada2b04.png"},"name":"Men's Restroom","type":"amenity"},"geometry":{"type":"Point","coordinates":[-76.7568332,39.0179872]}},{"type":"Feature","id":68,"properties":{"building_id":"fpa","floor":0,"id":68,"metadata":{"category":"amenities","logo":"https://cdn.mappedin.com/61682a65746b9878293ebfeb/e487e8375d7c6f177a3760e63ead67fb8ada2b04.png"},"name":"Men's Restroom","type":"amenity"},"geometry":{"type":"Point","coordinates":[-76.7591091,39.01618]}},{"type":"Feature","id":69,"properties":{"building_id":"fpa","floor":0,"id":69,"metadata":{"category":"amenities","logo":"https://cdn.mappedin.com/61682a65746b9878293ebfeb/e487e8375d7c6f177a3760e63ead67fb8ada2b04.png"},"name":"Men's Restroom","type":"amenity"},"geometry":{"type":"Point","coordinates":[-76.7586365,39.0162101]}},{"type":"Feature","id":70,"properties":{"building_id":"fpa","floor":1,"id":70,"metadata":{"category":"amenities","logo":"https://cdn.mappedin.com/61682a65746b9878293ebfeb/e487e8375d7c6f177a3760e63ead67fb8ada2b04.png"},"name":"Men's Restroom","type":"amenity"},"geometry":{"type":"Point","coordinates":[-76.7591132,39.0161832]}},{"type":"Feature","id":71,"properties":{"building_id":"fpa","floor":1,"id":71,"metadata":{"category":"amenities","logo":"https://cdn.mappedin.com/61682a65746b9878293ebfeb/e487e8375d7c6f177a3760e63ead67fb8ada2b04.png"},"name":"Men's Restroom","type":"amenity"},"geometry":{"type":"Point","coordinates":[-76.7590137,39.0157074]}},{"type":"Feature","id":72,"properties":{"building_id":"fpa","floor":1,"id":72,"metadata":{"category":"amenities","logo":"https://cdn.mappedin.com/61682a65746b9878293ebfeb/e487e8375d7c6f177a3760e63ead67fb8ada2b04.png"},"name":"Men's Restroom","type":"amenity"},"geometry":{"type":"Point","coordinates":[-76.7585327,39.0159632]}},{"type":"Feature","id":73,"properties":{"building_id":"fpa","floor":1,"id":73,"metadata":{"category":"amenities","logo":"https://cdn.mappedin.com/61682a65746b9878293ebfeb/e487e8375d7c6f177a3760e63ead67fb8ada2b04.png"},"name":"Men's Restroom","type":"amenity"},"geometry":{"type":"Point","coordinates":[-76.7584638,39.0161156]}},{"type":"Feature","id":74,"properties":{"building_id":"fpa","floor":1,"id":74,"metadata":{"category":"amenities","logo":"https://cdn.mappedin.com/61682a65746b9878293ebfeb/e487e8375d7c6f177a3760e63ead67fb8ada2b04.png"},"name":"Men's Restroom","type":"amenity"},"geometry":{"type":"Point","coordinates":[-76.7584111,39.016217]}},{"type":"Feature","id":75,"properties":{"building_id":"fpa","floor":2,"id":75,"metadata":{"category":"amenities","logo":"https://cdn.mappedin.com/61682a65746b9878293ebfeb/e487e8375d7c6f177a3760e63ead67fb8ada2b04.png"},"name":"Men's Restroom","type":"amenity"},"geometry":{"type":"Point","coordinates":[-76.7591132,39.0161833]}},{"type":"Feature","id":76,"properties":{"building_id":"fpa","floor":2,"id":76,"metadata":{"category":"amenities","logo":"https://cdn.mappedin.com/61682a65746b9878293ebfeb/e487e8375d7c6f177a3760e63ead67fb8ada2b04.png"},"name":"Men's Restroom","type":"amenity"},"geometry":{"type":"Point","coordinates":[-76.7584601,39.0159574]}},{"type":"Feature","id":77,"properties":{"building_id":"cs","floor":0,"id":77,"metadata":{"category":"amenities","logo":"https://cdn.mappedin.com/61682a65746b9878293ebfeb/e487e8375d7c6f177a3760e63ead67fb8ada2b04.png"},"name":"Men's Restroom","type":"amenity"},"geometry":{"type":"Point","coordinates":[-76.7593362,39.0175309]}},{"type":"Feature","id":78,"properties":{"building_id":"cs","floor":1,"id":78,"metadata":{"category":"amenities","logo":"https://cdn.mappedin.com/61682a65746b9878293ebfeb/e487e8375d7c6f177a3760e63ead67fb8ada2b04.png"},"name":"Men's Restroom","type":"amenity"},"geometry":{"type":"Point","coordinates":[-76.7593363,39.0175309]}},{"type":"Feature","id":79,"properties":{"building_id":"cs","floor":2,"id":79,"metadata":{"category":"amenities","logo":"https://cdn.mappedin.com/61682a65746b9878293ebfeb/e487e8375d7c6f177a3760e63ead67fb8ada2b04.png"},"name":"Men's Restroom","type":"amenity"},"geometry":{"type":"Point","coordinates":[-76.7593363,39.0175309]}},{"type":"Feature","id":80,"properties":{"building_id":"sc","floor":0,"id":80,"metadata":{"category":"amenities","logo":"https://cdn.mappedin.com/61682a65746b9878293ebfeb/e487e8375d7c6f177a3760e63ead67fb8ada2b04.png"},"name":"Men's Restroom","type":"amenity"},"geometry":{"type":"Point","coordinates":[-76.7583781,39.017529]}},{"type":"Feature","id":81,"properties":{"building_id":"sc","floor":0,"id":81,"metadata":{"category":"amenities","logo":"https://cdn.mappedin.com/61682a65746b9878293ebfeb/e487e8375d7c6f177a3760e63ead67fb8ada2b04.png"},"name":"Men's Restroom","type":"amenity"},"geometry":{"type":"Point","coordinates":[-76.7584455,39.0177365]}},{"type":"Feature","id":82,"properties":{"building_id":"sc","floor":1,"id":82,"metadata":{"category":"amenities","logo":"https://cdn.mappedin.com/61682a65746b9878293ebfeb/e487e8375d7c6f177a3760e63ead67fb8ada2b04.png"},"name":"Men's Restroom","type":"amenity"},"geometry":{"type":"Point","coordinates":[-76.7582851,39.0179508]}},{"type":"Feature","id":83,"properties":{"building_id":"sc","floor":1,"id":83,"metadata":{"category":"amenities","logo":"https://cdn.mappedin.com/61682a65746b9878293ebfeb/e487e8375d7c6f177a3760e63ead67fb8ada2b04.png"},"name":"Men's Restroom","type":"amenity"},"geometry":{"type":"Point","coordinates":[-76.7583815,39.0175771]}},{"type":"Feature","id":84,"properties":{"building_id":"sc","floor":2,"id":84,"metadata":{"category":"amenities","logo":"https://cdn.mappedin.com/61682a65746b9878293ebfeb/e487e8375d7c6f177a3760e63ead67fb8ada2b04.png"},"name":"Men's Restroom","type":"amenity"},"geometry":{"type":"Point","coordinates":[-76.7582223,39.0178473]}},{"type":"Feature","id":85,"properties":{"building_id":"lib","floor":-1,"id":85,"metadata":{"category":"amenities","logo":"https://cdn.mappedin.com/61682a65746b9878293ebfeb/e487e8375d7c6f177a3760e63ead67fb8ada2b04.png"},"name":"Men's Restroom","type":"amenity"},"geometry":{"type":"Point","coordinates":[-76.76001,39.0182301]}},{"type":"Feature","id":86,"properties":{"building_id":"lib","floor":-1,"id":86,"metadata":{"category":"amenities","logo":"https://cdn.mappedin.com/61682a65746b9878293ebfeb/e487e8375d7c6f177a3760e63ead67fb8ada2b04.png"},"name":"Men's Restroom","type":"amenity"},"geometry":{"type":"Point","coordinates":[-76.7594123,39.0180701]}},{"type":"Feature","id":87,"properties":{"building_id":"lib","floor":0,"id":87,"metadata":{"category":"amenities","logo":"https://cdn.mappedin.com/61682a65746b9878293ebfeb/e487e8375d7c6f177a3760e63ead67fb8ada2b04.png"},"name":"Men's Restroom","type":"amenity"},"geometry":{"type":"Point","coordinates":[-76.7600067,39.0182333]}},{"type":"Feature","id":88,"properties":{"building_id":"lib","floor":1,"id":88,"metadata":{"category":"amenities","logo":"https://cdn.mappedin.com/61682a65746b9878293ebfeb/e487e8375d7c6f177a3760e63ead67fb8ada2b04.png"},"name":"Men's Restroom","type":"amenity"},"geometry":{"type":"Point","coordinates":[-76.7594107,39.0179852]}},{"type":"Feature","id":89,"properties":{"building_id":"cnsmn","floor":0,"id":89,"metadata":{"category":"amenities","logo":"https://cdn.mappedin.com/61682a65746b9878293ebfeb/e487e8375d7c6f177a3760e63ead67fb8ada2b04.png"},"name":"Men's Restroom","type":"amenity"},"geometry":{"type":"Point","coordinates":[-76.7588137,39.0188431]}},{"type":"Feature","id":90,"properties":{"building_id":"cnsmn","floor":0,"id":90,"metadata":{"category":"amenities","logo":"https://cdn.mappedin.com/61682a65746b9878293ebfeb/e487e8375d7c6f177a3760e63ead67fb8ada2b04.png"},"name":"Men's Restroom","type":"amenity"},"geometry":{"type":"Point","coordinates":[-76.7588183,39.0192005]}},{"type":"Feature","id":91,"properties":{"building_id":"cnsmn","floor":1,"id":91,"metadata":{"category":"amenities","logo":"https://cdn.mappedin.com/61682a65746b9878293ebfeb/e487e8375d7c6f177a3760e63ead67fb8ada2b04.png"},"name":"Men's Restroom","type":"amenity"},"geometry":{"type":"Point","coordinates":[-76.7588137,39.0188431]}},{"type":"Feature","id":92,"properties":{"building_id":"cnsmn","floor":2,"id":92,"metadata":{"category":"amenities","logo":"https://cdn.mappedin.com/61682a65746b9878293ebfeb/e487e8375d7c6f177a3760e63ead67fb8ada2b04.png"},"name":"Men's Restroom","type":"amenity"},"geometry":{"type":"Point","coordinates":[-76.7590037,39.0189901]}},{"type":"Feature","id":93,"properties":{"building_id":"cnsmn","floor":2,"id":93,"metadata":{"category":"amenities","logo":"https://cdn.mappedin.com/61682a65746b9878293ebfeb/e487e8375d7c6f177a3760e63ead67fb8ada2b04.png"},"name":"Men's Restroom","type":"amenity"},"geometry":{"type":"Point","coordinates":[-76.7588214,39.0188323]}},{"type":"Feature","id":94,"properties":{"building_id":"james-complex","floor":0,"id":94,"metadata":{"category":"amenities","logo":"https://cdn.mappedin.com/61682a65746b9878293ebfeb/e487e8375d7c6f177a3760e63ead67fb8ada2b04.png"},"name":"Men's Restroom","type":"amenity"},"geometry":{"type":"Point","coordinates":[-76.7583957,39.0207355]}},{"type":"Feature","id":95,"properties":{"building_id":"james-complex","floor":0,"id":95,"metadata":{"category":"amenities","logo":"https://cdn.mappedin.com/61682a65746b9878293ebfeb/e487e8375d7c6f177a3760e63ead67fb8ada2b04.png"},"name":"Men's Restroom","type":"amenity"},"geometry":{"type":"Point","coordinates":[-76.7578739,39.0208484]}},{"type":"Feature","id":96,"properties":{"building_id":"james-complex","floor":0,"id":96,"metadata":{"category":"amenities","logo":"https://cdn.mappedin.com/61682a65746b9878293ebfeb/e487e8375d7c6f177a3760e63ead67fb8ada2b04.png"},"name":"Men's Restroom","type":"amenity"},"geometry":{"type":"Point","coordinates":[-76.7581624,39.0205531]}},{"type":"Feature","id":97,"properties":{"building_id":"mckeldin","floor":0,"id":97,"metadata":{"category":"amenities","logo":"https://cdn.mappedin.com/61682a65746b9878293ebfeb/e487e8375d7c6f177a3760e63ead67fb8ada2b04.png"},"name":"Men's Restroom","type":"amenity"},"geometry":{"type":"Point","coordinates":[-76.759404,39.0206521]}},{"type":"Feature","id":98,"properties":{"building_id":"mckeldin","floor":0,"id":98,"metadata":{"category":"amenities","logo":"https://cdn.mappedin.com/61682a65746b9878293ebfeb/e487e8375d7c6f177a3760e63ead67fb8ada2b04.png"},"name":"Men's Restroom","type":"amenity"},"geometry":{"type":"Point","coordinates":[-76.7589303,39.0205089]}},{"type":"Feature","id":99,"properties":{"building_id":"proctor","floor":-1,"id":99,"metadata":{"category":"amenities","logo":"https://cdn.mappedin.com/61682a65746b9878293ebfeb/e487e8375d7c6f177a3760e63ead67fb8ada2b04.png"},"name":"Men's Restroom","type":"amenity"},"geometry":{"type":"Point","coordinates":[-76.7604224,39.0194701]}},{"type":"Feature","id":100,"properties":{"building_id":"proctor","floor":0,"id":100,"metadata":{"category":"amenities","logo":"https://cdn.mappedin.com/61682a65746b9878293ebfeb/e487e8375d7c6f177a3760e63ead67fb8ada2b04.png"},"name":"Men's Restroom","type":"amenity"},"geometry":{"type":"Point","coordinates":[-76.7606388,39.0191229]}},{"type":"Feature","id":101,"properties":{"building_id":"proctor","floor":1,"id":101,"metadata":{"category":"amenities","logo":"https://cdn.mappedin.com/61682a65746b9878293ebfeb/e487e8375d7c6f177a3760e63ead67fb8ada2b04.png"},"name":"Men's Restroom","type":"amenity"},"geometry":{"type":"Point","coordinates":[-76.7605965,39.0190834]}},{"type":"Feature","id":102,"properties":{"building_id":"proctor","floor":1,"id":102,"metadata":{"category":"amenities","logo":"https://cdn.mappedin.com/61682a65746b9878293ebfeb/e487e8375d7c6f177a3760e63ead67fb8ada2b04.png"},"name":"Men's Restroom","type":"amenity"},"geometry":{"type":"Point","coordinates":[-76.7606264,39.0191678]}},{"type":"Feature","id":103,"properties":{"building_id":"proctor","floor":1,"id":103,"metadata":{"category":"amenities","logo":"https://cdn.mappedin.com/61682a65746b9878293ebfeb/e487e8375d7c6f177a3760e63ead67fb8ada2b04.png"},"name":"Men's Restroom","type":"amenity"},"geometry":{"type":"Point","coordinates":[-76.7602955,39.0194809]}},{"type":"Feature","id":104,"properties":{"building_id":"proctor","floor":1,"id":104,"metadata":{"category":"amenities","logo":"https://cdn.mappedin.com/61682a65746b9878293ebfeb/e487e8375d7c6f177a3760e63ead67fb8ada2b04.png"},"name":"Men's Restroom","type":"amenity"},"geometry":{"type":"Point","coordinates":[-76.7602313,39.0194589]}},{"type":"Feature","id":105,"properties":{"building_id":"proctor","floor":2,"id":105,"metadata":{"category":"amenities","logo":"https://cdn.mappedin.com/61682a65746b9878293ebfeb/e487e8375d7c6f177a3760e63ead67fb8ada2b04.png"},"name":"Men's Restroom","type":"amenity"},"geometry":{"type":"Point","coordinates":[-76.7602317,39.0194595]}},{"type":"Feature","id":106,"properties":{"building_id":"proctor","floor":2,"id":106,"metadata":{"category":"amenities","logo":"https://cdn.mappedin.com/61682a65746b9878293ebfeb/e487e8375d7c6f177a3760e63ead67fb8ada2b04.png"},"name":"Men's Restroom","type":"amenity"},"geometry":{"type":"Point","coordinates":[-76.7605959,39.0190828]}},{"type":"Feature","id":107,"properties":{"building_id":"proctor","floor":2,"id":107,"metadata":{"category":"amenities","logo":"https://cdn.mappedin.com/61682a65746b9878293ebfeb/e487e8375d7c6f177a3760e63ead67fb8ada2b04.png"},"name":"Men's Restroom","type":"amenity"},"geometry":{"type":"Point","coordinates":[-76.7606386,39.0191246]}},{"type":"Feature","id":108,"properties":{"building_id":"ha","floor":0,"id":108,"metadata":{"category":"amenities","logo":"https://cdn.mappedin.com/61682a65746b9878293ebfeb/e487e8375d7c6f177a3760e63ead67fb8ada2b04.png"},"name":"Men's Restroom","type":"amenity"},"geometry":{"type":"Point","coordinates":[-76.7608226,39.0184044]}},{"type":"Feature","id":109,"properties":{"building_id":"ha","floor":1,"id":109,"metadata":{"category":"amenities","logo":"https://cdn.mappedin.com/61682a65746b9878293ebfeb/e487e8375d7c6f177a3760e63ead67fb8ada2b04.png"},"name":"Men's Restroom","type":"amenity"},"geometry":{"type":"Point","coordinates":[-76.7604529,39.0183465]}},{"type":"Feature","id":110,"properties":{"building_id":"ha","floor":1,"id":110,"metadata":{"category":"amenities","logo":"https://cdn.mappedin.com/61682a65746b9878293ebfeb/e487e8375d7c6f177a3760e63ead67fb8ada2b04.png"},"name":"Men's Restroom","type":"amenity"},"geometry":{"type":"Point","coordinates":[-76.7608459,39.0184034]}},{"type":"Feature","id":111,"properties":{"building_id":"cbgs","floor":0,"id":111,"metadata":{"category":"amenities","logo":"https://cdn.mappedin.com/61682a65746b9878293ebfeb/e487e8375d7c6f177a3760e63ead67fb8ada2b04.png"},"name":"Men's Restroom","type":"amenity"},"geometry":{"type":"Point","coordinates":[-76.7615567,39.0170025]}},{"type":"Feature","id":112,"properties":{"building_id":"cbgs","floor":0,"id":112,"metadata":{"category":"amenities","logo":"https://cdn.mappedin.com/61682a65746b9878293ebfeb/e487e8375d7c6f177a3760e63ead67fb8ada2b04.png"},"name":"Men's Restroom","type":"amenity"},"geometry":{"type":"Point","coordinates":[-76.7612783,39.0167432]}},{"type":"Feature","id":113,"properties":{"building_id":"cbgs","floor":1,"id":113,"metadata":{"category":"amenities","logo":"https://cdn.mappedin.com/61682a65746b9878293ebfeb/e487e8375d7c6f177a3760e63ead67fb8ada2b04.png"},"name":"Men's Restroom","type":"amenity"},"geometry":{"type":"Point","coordinates":[-76.7615564,39.0170018]}},{"type":"Feature","id":114,"properties":{"building_id":"cbgs","floor":1,"id":114,"metadata":{"category":"amenities","logo":"https://cdn.mappedin.com/61682a65746b9878293ebfeb/e487e8375d7c6f177a3760e63ead67fb8ada2b04.png"},"name":"Men's Restroom","type":"amenity"},"geometry":{"type":"Point","coordinates":[-76.7612833,39.0167404]}},{"type":"Feature","id":115,"properties":{"building_id":"cbgs","floor":2,"id":115,"metadata":{"category":"amenities","logo":"https://cdn.mappedin.com/61682a65746b9878293ebfeb/e487e8375d7c6f177a3760e63ead67fb8ada2b04.png"},"name":"Men's Restroom","type":"amenity"},"geometry":{"type":"Point","coordinates":[-76.7615548,39.0169987]}},{"type":"Feature","id":116,"properties":{"building_id":"cbgs","floor":2,"id":116,"metadata":{"category":"amenities","logo":"https://cdn.mappedin.com/61682a65746b9878293ebfeb/e487e8375d7c6f177a3760e63ead67fb8ada2b04.png"},"name":"Men's Restroom","type":"amenity"},"geometry":{"type":"Point","coordinates":[-76.7612836,39.0167399]}},{"type":"Feature","id":117,"properties":{"building_id":"ellc","floor":0,"id":117,"metadata":{"category":"amenities","logo":"https://cdn.mappedin.com/61682a65746b9878293ebfeb/e487e8375d7c6f177a3760e63ead67fb8ada2b04.png"},"name":"Men's Restroom","type":"amenity"},"geometry":{"type":"Point","coordinates":[-76.7608593,39.015596]}},{"type":"Feature","id":118,"properties":{"building_id":"fm","floor":0,"id":118,"metadata":{"category":"amenities"},"name":"Ladies Lockers","type":"amenity"},"geometry":{"type":"Point","coordinates":[-76.7571813,39.0179413]}},{"type":"Feature","id":119,"properties":{"building_id":"james-complex","floor":0,"id":119,"metadata":{"category":"amenities"},"name":"Ladies Lockers","type":"amenity"},"geometry":{"type":"Point","coordinates":[-76.7582247,39.0208372]}},{"type":"Feature","id":120,"properties":{"building_id":"mckeldin","floor":0,"id":120,"metadata":{"category":"amenities"},"name":"Ladies Lockers","type":"amenity"},"geometry":{"type":"Point","coordinates":[-76.7591349,39.0207776]}},{"type":"Feature","id":121,"properties":{"building_id":"fm","floor":0,"id":121,"metadata":{"category":"amenities"},"name":"Men's Lockers","type":"amenity"},"geometry":{"type":"Point","coordinates":[-76.7571397,39.0179112]}},{"type":"Feature","id":122,"properties":{"building_id":"james-complex","floor":0,"id":122,"metadata":{"category":"amenities"},"name":"Men's Lockers","type":"amenity"},"geometry":{"type":"Point","coordinates":[-76.7581613,39.0209075]}},{"type":"Feature","id":123,"properties":{"building_id":"fpa","floor":1,"id":123,"metadata":{"category":"amenities"},"name":"Family Toilet","type":"amenity"},"geometry":{"type":"Point","coordinates":[-76.7587209,39.0158877]}},{"type":"Feature","id":124,"properties":{"building_id":"sc","floor":0,"id":124,"metadata":{"category":"amenities"},"name":"Family Toilet","type":"amenity"},"geometry":{"type":"Point","coordinates":[-76.7584077,39.0175506]}},{"type":"Feature","id":125,"properties":{"building_id":"lib","floor":1,"id":125,"metadata":{"category":"amenities"},"name":"Lactation Room","type":"amenity"},"geometry":{"type":"Point","coordinates":[-76.7594808,39.0180225]}},{"type":"Feature","id":126,"properties":{"building_id":"cnsmn","floor":0,"id":126,"metadata":{"category":"amenities"},"name":"Shower","type":"amenity"},"geometry":{"type":"Point","coordinates":[-76.7587318,39.0188218]}},{"type":"Feature","id":127,"properties":{"building_id":"cnsmn","floor":0,"id":127,"metadata":{"category":"amenities"},"name":"Shower","type":"amenity"},"geometry":{"type":"Point","coordinates":[-76.7587109,39.0188434]}},{"type":"Feature","id":128,"properties":{"building_id":"mckeldin","floor":0,"id":128,"metadata":{"category":"amenities"},"name":"Shower","type":"amenity"},"geometry":{"type":"Point","coordinates":[-76.759398,39.020514]}},{"type":"Feature","id":129,"properties":{"building_id":"cnsmn","floor":1,"id":129,"metadata":{"category":"amenities"},"name":"NU Restroom","type":"amenity"},"geometry":{"type":"Point","coordinates":[-76.7591028,39.0188884]}},{"type":"Feature","id":130,"properties":{"building_id":"james-complex","floor":0,"id":130,"metadata":{"category":"amenities"},"name":"Staff Men's Shower","type":"amenity"},"geometry":{"type":"Point","coordinates":[-76.7582101,39.0205694]}},{"type":"Feature","id":131,"properties":{"building_id":"james-complex","floor":0,"id":131,"metadata":{"category":"amenities"},"name":"Staff Women's Shower","type":"amenity"},"geometry":{"type":"Point","coordinates":[-76.7580926,39.0205083]}},{"type":"Feature","id":132,"properties":{"building_id":"cbgs","floor":0,"id":132,"metadata":{"category":"room","keywords":["Lecture Room B"]},"name":"CBGS-1209 - Lecture Room B","type":"room"},"geometry":{"type":"Point","coordinates":[-76.7616515,39.0171035]}},{"type":"Feature","id":133,"properties":{"building_id":"cbgs","floor":0,"id":133,"metadata":{"category":"room","keywords":["Seminar RM #1"]},"name":"CBGS-1201 - Seminar RM #1","type":"room"},"geometry":{"type":"Point","coordinates":[-76.7615515,39.0171539]}},{"type":"Feature","id":134,"properties":{"building_id":"cbgs","floor":0,"id":134,"metadata":{"category":"room","keywords":["Bulldog Bites Snack Room (CBGS-1200)"],"description":"Monday - Thursday (8:30 am - 7:30 pm)\nFriday - (8:30 am - 2:00 pm)\nSaturday & Sunday (CLOSED)"},"name":"CBGS-1200 - Bulldog Bites Snack Room","type":"room"},"geometry":{"type":"Point","coordinates":[-76.7615578,39.0169558]}},{"type":"Feature","id":135,"properties":{"building_id":"cbgs","floor":0,"id":135,"metadata":{"category":"room","keywords":["Lecture Room A"]},"name":"CBGS-1208 - Lecture Room A","type":"room"},"geometry":{"type":"Point","coordinates":[-76.7616506,39.0170017]}},{"type":"Feature","id":136,"properties":{"building_id":"proctor","floor":2,"id":136,"metadata":{"category":"room","keywords":["JP-355 - Reception"]},"name":"JP-355 - Reception","type":"room"},"geometry":{"type":"Point","coordinates":[-76.7602334,39.0195746]}},{"type":"Feature","id":137,"properties":{"building_id":"ha","floor":0,"id":137,"metadata":{"category":"room","keywords":["HA-1309 - Cashier"]},"name":"HA-1309 - Cashier","type":"room"},"geometry":{"type":"Point","coordinates":[-76.7607051,39.0183539]}},{"type":"Feature","id":138,"properties":{"building_id":"ha","floor":0,"id":138,"metadata":{"category":"room","keywords":["HA-1307 - Accounting Clerk"]},"name":"HA-1307 - Accounting Clerk","type":"room"},"geometry":{"type":"Point","coordinates":[-76.760783,39.0182989]}},{"type":"Feature","id":139,"properties":{"building_id":"proctor","floor":2,"id":139,"metadata":{"category":"room","keywords":["JP-357 - Work RM"]},"name":"JP-357 - Work RM","type":"room"},"geometry":{"type":"Point","coordinates":[-76.7601521,39.0195455]}},{"type":"Feature","id":140,"properties":{"building_id":"mckeldin","floor":0,"id":140,"metadata":{"category":"room","keywords":["TM-1005I - Interview RM"]},"name":"TM-1005I - Interview RM","type":"room"},"geometry":{"type":"Point","coordinates":[-76.7593656,39.0206645]}},{"type":"Feature","id":141,"properties":{"building_id":"proctor","floor":2,"id":141,"metadata":{"category":"room","keywords":["JP-349A - Prep Room"]},"name":"JP-349A - Prep Room","type":"room"},"geometry":{"type":"Point","coordinates":[-76.7604603,39.0194567]}},{"type":"Feature","id":142,"properties":{"building_id":"ha","floor":0,"id":142,"metadata":{"category":"room","keywords":["HA-1411 - Coordinator of Recruitment"]},"name":"HA-1411 - Coordinator of Recruitment","type":"room"},"geometry":{"type":"Point","coordinates":[-76.7604468,39.0184042]}},{"type":"Feature","id":143,"properties":{"building_id":"mckeldin","floor":0,"id":143,"metadata":{"category":"room","keywords":["TM-1009 - OFFICE"]},"name":"TM-1009 - OFFICE","type":"room"},"geometry":{"type":"Point","coordinates":[-76.7591932,39.0207191]}},{"type":"Feature","id":144,"properties":{"building_id":"mckeldin","floor":0,"id":144,"metadata":{"category":"room","keywords":["TM-115C - OFFICE"]},"name":"TM-115C - OFFICE","type":"room"},"geometry":{"type":"Point","coordinates":[-76.7591531,39.0207931]}},{"type":"Feature","id":145,"properties":{"building_id":"ha","floor":0,"id":145,"metadata":{"category":"room","keywords":["HA-1302 - Accounting Clerk"]},"name":"HA-1302 - Accounting Clerk","type":"room"},"geometry":{"type":"Point","coordinates":[-76.7607055,39.0183395]}},{"type":"Feature","id":146,"properties":{"building_id":"proctor","floor":2,"id":146,"metadata":{"category":"room","keywords":["JP-361 - OFFICE"]},"name":"JP-361 - OFFICE","type":"room"},"geometry":{"type":"Point","coordinates":[-76.7601015,39.0195134]}},{"type":"Feature","id":147,"properties":{"building_id":"proctor","floor":2,"id":147,"metadata":{"category":"room","keywords":["JP-350 - Shared Small Classroom"]},"name":"JP-350 - Shared Small Classroom","type":"room"},"geometry":{"type":"Point","coordinates":[-76.7603651,39.0194445]}},{"type":"Feature","id":148,"properties":{"building_id":"ha","floor":0,"id":148,"metadata":{"category":"room","keywords":["HA-1413 - Enrollment Management Conference RM"]},"name":"HA-1413 - Enrollment Management Conference RM","type":"room"},"geometry":{"type":"Point","coordinates":[-76.7605001,39.018413]}},{"type":"Feature","id":149,"properties":{"building_id":"ha","floor":0,"id":149,"metadata":{"category":"room","keywords":["HA-1405 - Assistant Director of Undergraduate Admissions"]},"name":"HA-1405 - Assistant Director of Undergraduate Admissions","type":"room"},"geometry":{"type":"Point","coordinates":[-76.7605334,39.0183]}},{"type":"Feature","id":150,"properties":{"building_id":"proctor","floor":2,"id":150,"metadata":{"category":"room","keywords":["JP-356 - Bachelors in Health Science Department"]},"name":"JP-356 - Bachelors in Health Science Department","type":"room"},"geometry":{"type":"Point","coordinates":[-76.7601895,39.0195487]}},{"type":"Feature","id":151,"properties":{"building_id":"ha","floor":0,"id":151,"metadata":{"category":"non public"},"name":"HA-1503","type":"room"},"geometry":{"type":"Point","coordinates":[-76.7608713,39.0184101]}},{"type":"Feature","id":152,"properties":{"building_id":"proctor","floor":2,"id":152,"metadata":{"category":"room","keywords":["JP-364 - OFFICE"]},"name":"JP-364 - OFFICE","type":"room"},"geometry":{"type":"Point","coordinates":[-76.7601058,39.0195839]}},{"type":"Feature","id":153,"properties":{"building_id":"ha","floor":0,"id":153,"metadata":{"category":"room","keywords":["HA-1407 - Graduate Admissions Counselor"]},"name":"HA-1407 - Graduate Admissions Counselor","type":"room"},"geometry":{"type":"Point","coordinates":[-76.7604628,39.0183078]}},{"type":"Feature","id":154,"properties":{"building_id":"ha","floor":0,"id":154,"metadata":{"category":"room","keywords":["HA-1408 - Admissions Counselor"]},"name":"HA-1408 - Admissions Counselor","type":"room"},"geometry":{"type":"Point","coordinates":[-76.7604436,39.0183337]}},{"type":"Feature","id":155,"properties":{"building_id":"ha","floor":0,"id":155,"metadata":{"category":"room","keywords":["HA-1305 - Manager"]},"name":"HA-1305 - Manager","type":"room"},"geometry":{"type":"Point","coordinates":[-76.7607119,39.0182961]}},{"type":"Feature","id":156,"properties":{"building_id":"proctor","floor":2,"id":156,"metadata":{"category":"room","keywords":["JP-367 - OFFICE"]},"name":"JP-367 - OFFICE","type":"room"},"geometry":{"type":"Point","coordinates":[-76.7602261,39.0196487]}},{"type":"Feature","id":157,"properties":{"building_id":"ha","floor":0,"id":157,"metadata":{"category":"room","keywords":["HA-1404 - Coordinator of Enrollment Programs"]},"name":"HA-1404 - Coordinator of Enrollment Programs","type":"room"},"geometry":{"type":"Point","coordinates":[-76.7605822,39.0183048]}},{"type":"Feature","id":158,"properties":{"building_id":"ha","floor":0,"id":158,"metadata":{"category":"room","keywords":["HA-1409 - Admissions Counselor"]},"name":"HA-1409 - Admissions Counselor","type":"room"},"geometry":{"type":"Point","coordinates":[-76.7604182,39.0183537]}},{"type":"Feature","id":159,"properties":{"building_id":"proctor","floor":2,"id":159,"metadata":{"category":"room","keywords":["JP-348A - Counsel"]},"name":"JP-348A - Counsel","type":"room"},"geometry":{"type":"Point","coordinates":[-76.7605907,39.0193209]}},{"type":"Feature","id":160,"properties":{"building_id":"mckeldin","floor":0,"id":160,"metadata":{"category":"room","keywords":["TM-1005K - File RM"]},"name":"TM-1005K - File RM","type":"room"},"geometry":{"type":"Point","coordinates":[-76.7593432,39.0206852]}},{"type":"Feature","id":161,"properties":{"building_id":"ha","floor":0,"id":161,"metadata":{"category":"room","keywords":["HA-1403 - Coordinator of Recruitment"]},"name":"HA-1403 - Coordinator of Recruitment","type":"room"},"geometry":{"type":"Point","coordinates":[-76.7606166,39.0182973]}},{"type":"Feature","id":162,"properties":{"building_id":"mckeldin","floor":0,"id":162,"metadata":{"category":"room","keywords":["TM-1008 - Director of Public Safety"]},"name":"TM-1008 - Director of Public Safety","type":"room"},"geometry":{"type":"Point","coordinates":[-76.7594973,39.0205816]}},{"type":"Feature","id":163,"properties":{"building_id":"ha","floor":0,"id":163,"metadata":{"category":"room","keywords":["HA-1400 - Office of Admissions"]},"name":"HA-1400 - Office of Admissions","type":"room"},"geometry":{"type":"Point","coordinates":[-76.7606339,39.018353]}},{"type":"Feature","id":164,"properties":{"building_id":"proctor","floor":2,"id":164,"metadata":{"category":"room","keywords":["JP-366 - Conference RM"]},"name":"JP-366 - Conference RM","type":"room"},"geometry":{"type":"Point","coordinates":[-76.7601724,39.019638]}},{"type":"Feature","id":165,"properties":{"building_id":"proctor","floor":2,"id":165,"metadata":{"category":"room","keywords":["JP-348C - Counsel"]},"name":"JP-348C - Counsel","type":"room"},"geometry":{"type":"Point","coordinates":[-76.7606213,39.0193761]}},{"type":"Feature","id":166,"properties":{"building_id":"mckeldin","floor":0,"id":166,"metadata":{"category":"room","keywords":["TM-1005J - Public Safety Officer"]},"name":"TM-1005J - Office of Public Safety","type":"room"},"geometry":{"type":"Point","coordinates":[-76.759304,39.0207257]}},{"type":"Feature","id":167,"properties":{"building_id":"ha","floor":0,"id":167,"metadata":{"category":"room","keywords":["HA-1401 - Communications Center"]},"name":"HA-1401 - Communications Center","type":"room"},"geometry":{"type":"Point","coordinates":[-76.7605743,39.0183537]}},{"type":"Feature","id":168,"properties":{"building_id":"proctor","floor":2,"id":168,"metadata":{"category":"room","keywords":["JP-348B - Counsel"]},"name":"JP-348B - Counsel","type":"room"},"geometry":{"type":"Point","coordinates":[-76.7606312,39.0193516]}},{"type":"Feature","id":169,"properties":{"building_id":"ha","floor":0,"id":169,"metadata":{"category":"room","keywords":["HA-1410 - Director of Admissions"]},"name":"HA-1410 - Director of Admissions","type":"room"},"geometry":{"type":"Point","coordinates":[-76.7604095,39.0183822]}},{"type":"Feature","id":170,"properties":{"building_id":"ha","floor":0,"id":170,"metadata":{"category":"non public"},"name":"HA-1308","type":"room"},"geometry":{"type":"Point","coordinates":[-76.7606691,39.0183334]}},{"type":"Feature","id":171,"properties":{"building_id":"proctor","floor":2,"id":171,"metadata":{"category":"room","keywords":["JP-349 - Criminalistics LAB"]},"name":"JP-349 - Criminalistics LAB","type":"room"},"geometry":{"type":"Point","coordinates":[-76.7605158,39.0194409]}},{"type":"Feature","id":172,"properties":{"building_id":"proctor","floor":2,"id":172,"metadata":{"category":"room","keywords":["JP-363 - BSHS Chair"]},"name":"JP-363 - BSHS Chair","type":"room"},"geometry":{"type":"Point","coordinates":[-76.7600618,39.0195577]}},{"type":"Feature","id":173,"properties":{"building_id":"ha","floor":0,"id":173,"metadata":{"category":"room","keywords":["HA-1406 - Assistant Director of Graduate Admissions"]},"name":"HA-1406 - Assistant Director of Graduate Admissions","type":"room"},"geometry":{"type":"Point","coordinates":[-76.7604876,39.0182967]}},{"type":"Feature","id":174,"properties":{"building_id":"ha","floor":0,"id":174,"metadata":{"category":"room","keywords":["HA-1402 - Clerks Office"]},"name":"HA-1402 - Clerks Office","type":"room"},"geometry":{"type":"Point","coordinates":[-76.7606628,39.018303]}},{"type":"Feature","id":175,"properties":{"building_id":"mckeldin","floor":0,"id":175,"metadata":{"category":"room","keywords":["TM-1103 - Tele RM"]},"name":"TM-1103 - Tele RM","type":"room"},"geometry":{"type":"Point","coordinates":[-76.7591817,39.0207743]}},{"type":"Feature","id":176,"properties":{"building_id":"proctor","floor":2,"id":176,"metadata":{"category":"room","keywords":["JP-365 - OFFICE"]},"name":"JP-365 - OFFICE","type":"room"},"geometry":{"type":"Point","coordinates":[-76.7601443,39.0196009]}},{"type":"Feature","id":177,"properties":{"building_id":"proctor","floor":2,"id":177,"metadata":{"category":"room","keywords":["JP-348D - Counsel"]},"name":"JP-348D - Counsel","type":"room"},"geometry":{"type":"Point","coordinates":[-76.7605939,39.0193906]}},{"type":"Feature","id":178,"properties":{"building_id":"proctor","floor":2,"id":178,"metadata":{"category":"room","keywords":["JP-370 - OFFICE"]},"name":"JP-370 - OFFICE","type":"room"},"geometry":{"type":"Point","coordinates":[-76.7603084,39.0197017]}},{"type":"Feature","id":179,"properties":{"building_id":"proctor","floor":2,"id":179,"metadata":{"category":"room","keywords":["JP-360 - OFFICE"]},"name":"JP-360 - OFFICE","type":"room"},"geometry":{"type":"Point","coordinates":[-76.7601227,39.0194907]}},{"type":"Feature","id":180,"properties":{"building_id":"proctor","floor":2,"id":180,"metadata":{"category":"room","keywords":["JP-368 - OFFICE"]},"name":"JP-368 - OFFICE","type":"room"},"geometry":{"type":"Point","coordinates":[-76.7602558,39.0196704]}},{"type":"Feature","id":181,"properties":{"building_id":"ha","floor":0,"id":181,"metadata":{"category":"room","keywords":["HA-1306 - Copy RM"]},"name":"HA-1306 - Copy RM","type":"room"},"geometry":{"type":"Point","coordinates":[-76.7606998,39.0183194]}},{"type":"Feature","id":182,"properties":{"building_id":"ha","floor":0,"id":182,"metadata":{"category":"room","keywords":["HA-1414 - FILE RM"]},"name":"HA-1414 - FILE RM","type":"room"},"geometry":{"type":"Point","coordinates":[-76.760532,39.0183552]}},{"type":"Feature","id":183,"properties":{"building_id":"proctor","floor":2,"id":183,"metadata":{"category":"non public","keywords":["JP-359 - Non Public"]},"name":"JP-359 - Non Public","type":"room"},"geometry":{"type":"Point","coordinates":[-76.7601755,39.0195213]}},{"type":"Feature","id":184,"properties":{"building_id":"proctor","floor":2,"id":184,"metadata":{"category":"room","keywords":["JP-348E - Counsel"]},"name":"JP-348E - Counsel","type":"room"},"geometry":{"type":"Point","coordinates":[-76.7605448,39.0193688]}},{"type":"Feature","id":185,"properties":{"building_id":"mckeldin","floor":0,"id":185,"metadata":{"category":"non public"},"name":"TM-1006 - Non Public","type":"room"},"geometry":{"type":"Point","coordinates":[-76.7594234,39.0206377]}},{"type":"Feature","id":186,"properties":{"building_id":"mckeldin","floor":0,"id":186,"metadata":{"category":"room","keywords":["TM-1007 - Detention RM"]},"name":"TM-1007 - Detention RM","type":"room"},"geometry":{"type":"Point","coordinates":[-76.7593386,39.0205692]}},{"type":"Feature","id":187,"properties":{"building_id":"ha","floor":0,"id":187,"metadata":{"category":"non public"},"name":"HA-1502","type":"room"},"geometry":{"type":"Point","coordinates":[-76.7609246,39.0184227]}},{"type":"Feature","id":188,"properties":{"building_id":"ha","floor":0,"id":188,"metadata":{"category":"room","keywords":["HA-1412 - Graduate Admissions Counselor"]},"name":"HA-1412 - Graduate Admissions Counselor","type":"room"},"geometry":{"type":"Point","coordinates":[-76.7604749,39.0183861]}},{"type":"Feature","id":189,"properties":{"building_id":"proctor","floor":2,"id":189,"metadata":{"category":"room","keywords":["JP-362 - OFFICE"]},"name":"JP-362 - OFFICE","type":"room"},"geometry":{"type":"Point","coordinates":[-76.7600805,39.019535]}},{"type":"Feature","id":190,"properties":{"building_id":"cbgs","floor":2,"id":190,"metadata":{"category":"room","keywords":["CBGS-3319A - Faculty Office"]},"name":"CBGS-3319A - Faculty Office","type":"room"},"geometry":{"type":"Point","coordinates":[-76.761408,39.0166139]}},{"type":"Feature","id":191,"properties":{"building_id":"cbgs","floor":2,"id":191,"metadata":{"category":"room","keywords":["CBGS-3330 - Faculty Office"]},"name":"CBGS-3330 - Faculty Office","type":"room"},"geometry":{"type":"Point","coordinates":[-76.7613058,39.0166206]}},{"type":"Feature","id":192,"properties":{"building_id":"cbgs","floor":2,"id":192,"metadata":{"category":"room","keywords":["CBGS-3330 - Faculty Office"]},"name":"CBGS-3330 - Faculty Office","type":"room"},"geometry":{"type":"Point","coordinates":[-76.761682,39.0164333]}},{"type":"Feature","id":193,"properties":{"building_id":"cnsmn","floor":2,"id":193,"metadata":{"category":"room","keywords":["CNSMN-3207 - Natural Science FACULTY OFFICE"]},"name":"CNSMN-3207 - Natural Science FACULTY OFFICE","type":"room"},"geometry":{"type":"Point","coordinates":[-76.758595,39.0191018]}},{"type":"Feature","id":194,"properties":{"building_id":"cbgs","floor":2,"id":194,"metadata":{"category":"room","keywords":["CBGS-3336 - Faculty Office"]},"name":"CBGS-3336 - Faculty Office","type":"room"},"geometry":{"type":"Point","coordinates":[-76.7613689,39.0165554]}},{"type":"Feature","id":195,"properties":{"building_id":"cbgs","floor":2,"id":195,"metadata":{"category":"room","keywords":["CBGS-3336 - Faculty Office"]},"name":"CBGS-3336 - Faculty Office","type":"room"},"geometry":{"type":"Point","coordinates":[-76.7615847,39.0164416]}},{"type":"Feature","id":196,"properties":{"building_id":"cnsmn","floor":2,"id":196,"metadata":{"category":"room","keywords":["CNSMN-3163 -Natural Science BOT PREP"]},"name":"CNSMN-3163 -Natural Science BOT PREP","type":"room"},"geometry":{"type":"Point","coordinates":[-76.7588443,39.0185979]}},{"type":"Feature","id":197,"properties":{"building_id":"cnsmn","floor":2,"id":197,"metadata":{"category":"room","keywords":["CNSMN-3161 -Natural Science BOTANY / ENV LAB"]},"name":"CNSMN-3161 -Natural Science BOTANY / ENV LAB","type":"room"},"geometry":{"type":"Point","coordinates":[-76.7587893,39.018659]}},{"type":"Feature","id":198,"properties":{"building_id":"cbgs","floor":2,"id":198,"metadata":{"category":"room","keywords":["CBGS-3312C - Dean's Admin Office"]},"name":"CBGS-3312C - Dean's Admin Office","type":"room"},"geometry":{"type":"Point","coordinates":[-76.7611219,39.0168169]}},{"type":"Feature","id":199,"properties":{"building_id":"cbgs","floor":2,"id":199,"metadata":{"category":"room","keywords":["CBGS-3344 - ACC Faculty Office"]},"name":"CBGS-3344 - ACC Faculty Office","type":"room"},"geometry":{"type":"Point","coordinates":[-76.7614537,39.0164679]}},{"type":"Feature","id":200,"properties":{"building_id":"cnsmn","floor":2,"id":200,"metadata":{"category":"room","keywords":["CNSMN-3167 - Natural Science GREEN HOUSE"]},"name":"CNSMN-3167 - Natural Science GREEN HOUSE","type":"room"},"geometry":{"type":"Point","coordinates":[-76.7589262,39.0184877]}},{"type":"Feature","id":201,"properties":{"building_id":"cbgs","floor":2,"id":201,"metadata":{"category":"non public"},"name":"CBGS-3319B","type":"room"},"geometry":{"type":"Point","coordinates":[-76.7613593,39.016645]}},{"type":"Feature","id":202,"properties":{"building_id":"cnsmn","floor":2,"id":202,"metadata":{"category":"room","keywords":["CNSMN-3167a - Natural Science GREEN HOUSE"]},"name":"CNSMN-3167a - Natural Science GREEN HOUSE","type":"room"},"geometry":{"type":"Point","coordinates":[-76.7588842,39.018543]}},{"type":"Feature","id":203,"properties":{"building_id":"cnsmn","floor":2,"id":203,"metadata":{"category":"room","keywords":["CNSMN-3149 - Natural Science ZOO / ANAT / PHY LAB"]},"name":"CNSMN-3149 - Natural Science ZOO / ANAT / PHY LAB","type":"room"},"geometry":{"type":"Point","coordinates":[-76.7586953,39.0187553]}},{"type":"Feature","id":204,"properties":{"building_id":"cnsmn","floor":2,"id":204,"metadata":{"category":"room","keywords":["CNSMN-3205 - Natural Science FACULTY OFFICE"]},"name":"CNSMN-3205 - Natural Science FACULTY OFFICE","type":"room"},"geometry":{"type":"Point","coordinates":[-76.7586309,39.0191189]}},{"type":"Feature","id":205,"properties":{"building_id":"cnsmn","floor":2,"id":205,"metadata":{"category":"room","keywords":["CNSMN-3229 - Natural Science Math Lecture Classroom"]},"name":"CNSMN-3229 - Natural Science Math Lecture Classroom","type":"room"},"geometry":{"type":"Point","coordinates":[-76.7589892,39.0188685]}},{"type":"Feature","id":206,"properties":{"building_id":"cnsmn","floor":2,"id":206,"metadata":{"category":"room","keywords":["CNSMN-3204 - Natural Science MATH COMPUTER LAB"]},"name":"CNSMN-3204 - Natural Science MATH COMPUTER LAB","type":"room"},"geometry":{"type":"Point","coordinates":[-76.7588812,39.0191584]}},{"type":"Feature","id":207,"properties":{"building_id":"cbgs","floor":2,"id":207,"metadata":{"category":"room","keywords":["CBGS-3315 - Workroom"]},"name":"CBGS-3315 - Workroom","type":"room"},"geometry":{"type":"Point","coordinates":[-76.7613882,39.0167423]}},{"type":"Feature","id":208,"properties":{"building_id":"cbgs","floor":2,"id":208,"metadata":{"category":"room","keywords":["CBGS-3342 - ACC Faculty Office"]},"name":"CBGS-3342 - ACC Faculty Office","type":"room"},"geometry":{"type":"Point","coordinates":[-76.7614325,39.0164898]}},{"type":"Feature","id":209,"properties":{"building_id":"cnsmn","floor":2,"id":209,"metadata":{"category":"room","keywords":["CNSMN-3208 - Natural Science MATH LECTURE CLASSROOM"]},"name":"CNSMN-3208 - Natural Science MATH LECTURE CLASSROOM","type":"room"},"geometry":{"type":"Point","coordinates":[-76.7590413,39.0190233]}},{"type":"Feature","id":210,"properties":{"building_id":"cbgs","floor":2,"id":210,"metadata":{"category":"room","keywords":["CBGS-3326 - Faculty Office"]},"name":"CBGS-3326 - Faculty Office","type":"room"},"geometry":{"type":"Point","coordinates":[-76.7612633,39.0166644]}},{"type":"Feature","id":211,"properties":{"building_id":"cbgs","floor":2,"id":211,"metadata":{"category":"room","keywords":["CBGS-3321A - Faculty Office"]},"name":"CBGS-3321A - Faculty Office","type":"room"},"geometry":{"type":"Point","coordinates":[-76.7614726,39.0165474]}},{"type":"Feature","id":212,"properties":{"building_id":"cbgs","floor":2,"id":212,"metadata":{"category":"room"},"name":"CBGS-3321 - Faculty Office","type":"room"},"geometry":{"type":"Point","coordinates":[-76.7614473,39.0165821]}},{"type":"Feature","id":213,"properties":{"building_id":"cnsmn","floor":2,"id":213,"metadata":{"category":"room","keywords":["CNSMN-3202 - Natural Science Math Lecture Classroom"]},"name":"CNSMN-3202 - Natural Science Math Lecture Classroom","type":"room"},"geometry":{"type":"Point","coordinates":[-76.7588439,39.0192497]}},{"type":"Feature","id":214,"properties":{"building_id":"cnsmn","floor":2,"id":214,"metadata":{"category":"room","keywords":["CNSMN-3225 - Math Lab"]},"name":"CNSMN-3225 - Math Lab","type":"room"},"geometry":{"type":"Point","coordinates":[-76.7588778,39.0189972]}},{"type":"Feature","id":215,"properties":{"building_id":"cbgs","floor":2,"id":215,"metadata":{"category":"room","keywords":["CBGS-3333 - National Assoc. of Black Accounts (NABA)"]},"name":"CBGS-3333 - National Assoc. of Black Accounts (NABA)","type":"room"},"geometry":{"type":"Point","coordinates":[-76.7615676,39.0164659]}},{"type":"Feature","id":216,"properties":{"building_id":"cnsmn","floor":2,"id":216,"metadata":{"category":"room","keywords":["CNSMN-3224 - Natural Science FACULTY OFFICE"]},"name":"CNSMN-3224 - Natural Science FACULTY OFFICE","type":"room"},"geometry":{"type":"Point","coordinates":[-76.759075,39.0189201]}},{"type":"Feature","id":217,"properties":{"building_id":"cbgs","floor":2,"id":217,"metadata":{"category":"room","keywords":["CBGS-3334 - Faculty Office"]},"name":"CBGS-3334 - Faculty Office","type":"room"},"geometry":{"type":"Point","coordinates":[-76.7613477,39.0165773]}},{"type":"Feature","id":218,"properties":{"building_id":"cbgs","floor":2,"id":218,"metadata":{"category":"non public"},"name":"CBGS-3312D","type":"room"},"geometry":{"type":"Point","coordinates":[-76.761137,39.0167948]}},{"type":"Feature","id":219,"properties":{"building_id":"cnsmn","floor":2,"id":219,"metadata":{"category":"room","keywords":["CNSMN-3147 - Natural Science ZOO / A+P PREP"]},"name":"CNSMN-3147 - Natural Science ZOO / A+P PREP","type":"room"},"geometry":{"type":"Point","coordinates":[-76.7586143,39.0187931]}},{"type":"Feature","id":220,"properties":{"building_id":"cnsmn","floor":2,"id":220,"metadata":{"category":"room","keywords":["CNSMN-3234 - Natural Science FACULTY WORKROOM"]},"name":"CNSMN-3234 - Natural Science FACULTY WORKROOM","type":"room"},"geometry":{"type":"Point","coordinates":[-76.7590697,39.0189797]}},{"type":"Feature","id":221,"properties":{"building_id":"cbgs","floor":2,"id":221,"metadata":{"category":"room","keywords":["CBGS-3341 - ACC Faculty Office"]},"name":"CBGS-3341 - ACC Faculty Office","type":"room"},"geometry":{"type":"Point","coordinates":[-76.7617053,39.0164093]}},{"type":"Feature","id":222,"properties":{"building_id":"cbgs","floor":2,"id":222,"metadata":{"category":"room","keywords":["CBGS-3316 - Faculty Office"]},"name":"CBGS-3316 - Faculty Office","type":"room"},"geometry":{"type":"Point","coordinates":[-76.7611577,39.0167735]}},{"type":"Feature","id":223,"properties":{"building_id":"cnsmn","floor":2,"id":223,"metadata":{"category":"non public"},"name":"CNSMN-3201","type":"room"},"geometry":{"type":"Point","coordinates":[-76.7586777,39.0191827]}},{"type":"Feature","id":224,"properties":{"building_id":"cbgs","floor":2,"id":224,"metadata":{"category":"room","keywords":["CBGS-3312B - College of Business Assoc. Dean's Office"]},"name":"CBGS-3312B - College of Business Assoc. Dean's Office","type":"room"},"geometry":{"type":"Point","coordinates":[-76.7610918,39.0168415]}},{"type":"Feature","id":225,"properties":{"building_id":"cbgs","floor":2,"id":225,"metadata":{"category":"room","keywords":["CBGS-3320 - Faculty Office"]},"name":"CBGS-3320 - Faculty Office","type":"room"},"geometry":{"type":"Point","coordinates":[-76.7611997,39.0167301]}},{"type":"Feature","id":226,"properties":{"building_id":"cnsmn","floor":2,"id":226,"metadata":{"category":"room","keywords":["CNSMN-3221 - Natural Science ENGINEERING CAD LAB"]},"name":"CNSMN-3221 - Natural Science ENGINEERING CAD LAB","type":"room"},"geometry":{"type":"Point","coordinates":[-76.7587839,39.0190964]}},{"type":"Feature","id":227,"properties":{"building_id":"cnsmn","floor":2,"id":227,"metadata":{"category":"room","keywords":["CNSMN-3166 - Natural Science GEN/BIO/MIC LAB #5 Prep Room"]},"name":"CNSMN-3166 - Natural Science GEN/BIO/MIC LAB #5 Prep Room","type":"room"},"geometry":{"type":"Point","coordinates":[-76.7590183,39.0185556]}},{"type":"Feature","id":228,"properties":{"building_id":"cbgs","floor":2,"id":228,"metadata":{"category":"room","keywords":["CBGS-3338 - Faculty Office"]},"name":"CBGS-3338 - Faculty Office","type":"room"},"geometry":{"type":"Point","coordinates":[-76.7613903,39.0165334]}},{"type":"Feature","id":229,"properties":{"building_id":"cbgs","floor":2,"id":229,"metadata":{"category":"room","keywords":["CBGS-3327 - Accounting, Finance, & Economics Admin"]},"name":"CBGS-3327 - Accounting, Finance, & Economics Admin","type":"room"},"geometry":{"type":"Point","coordinates":[-76.7615114,39.0165161]}},{"type":"Feature","id":230,"properties":{"building_id":"cbgs","floor":2,"id":230,"metadata":{"category":"room","keywords":["CBGS-3319 - Management Information System (MIS) Admin Office"]},"name":"CBGS-3319 - Management Information System (MIS) Admin Office","type":"room"},"geometry":{"type":"Point","coordinates":[-76.761389,39.0166522]}},{"type":"Feature","id":231,"properties":{"building_id":"cbgs","floor":2,"id":231,"metadata":{"category":"room","keywords":["CBGS-3340 - Faculty Office"]},"name":"CBGS-3340 - Faculty Office","type":"room"},"geometry":{"type":"Point","coordinates":[-76.7614114,39.0165116]}},{"type":"Feature","id":232,"properties":{"building_id":"cnsmn","floor":2,"id":232,"metadata":{"category":"room","keywords":["CNSMN-3223 - Natural Science Engineering LAB"]},"name":"CNSMN-3223 - Natural Science Engineering LAB","type":"room"},"geometry":{"type":"Point","coordinates":[-76.7588335,39.019043]}},{"type":"Feature","id":233,"properties":{"building_id":"cnsmn","floor":2,"id":233,"metadata":{"category":"room","keywords":["CNSMN-3165 -Natural Science HEAD HOUSE"]},"name":"CNSMN-3165 -Natural Science HEAD HOUSE","type":"room"},"geometry":{"type":"Point","coordinates":[-76.7588503,39.0185726]}},{"type":"Feature","id":234,"properties":{"building_id":"cnsmn","floor":2,"id":234,"metadata":{"category":"room","keywords":["CNSMN-3206 - Natural Science MATH TESTING LAB"]},"name":"CNSMN-3206 - Natural Science MATH TESTING LAB","type":"room"},"geometry":{"type":"Point","coordinates":[-76.7589454,39.0190925]}},{"type":"Feature","id":235,"properties":{"building_id":"cnsmn","floor":2,"id":235,"metadata":{"category":"room","keywords":["CNSMN-3232 - Natural Science FACULTY OFFICE"]},"name":"CNSMN-3232 - Natural Science FACULTY OFFICE","type":"room"},"geometry":{"type":"Point","coordinates":[-76.7591735,39.0188234]}},{"type":"Feature","id":236,"properties":{"building_id":"cbgs","floor":2,"id":236,"metadata":{"category":"room","keywords":["CBGS-3343 - AFE Adjunct Offices"]},"name":"CBGS-3343 - AFE Adjunct Offices","type":"room"},"geometry":{"type":"Point","coordinates":[-76.761652,39.0163842]}},{"type":"Feature","id":237,"properties":{"building_id":"cbgs","floor":2,"id":237,"metadata":{"category":"room","keywords":["CBGS-3322 - Faculty Staff Lounge"]},"name":"CBGS-3322 - Faculty Staff Lounge","type":"room"},"geometry":{"type":"Point","coordinates":[-76.7612186,39.0166894]}},{"type":"Feature","id":238,"properties":{"building_id":"cnsmn","floor":2,"id":238,"metadata":{"category":"room","keywords":["CNSMN-3203 - Natural Science FACULTY OFFICE"]},"name":"CNSMN-3203 - Natural Science FACULTY OFFICE","type":"room"},"geometry":{"type":"Point","coordinates":[-76.7586614,39.0191406]}},{"type":"Feature","id":239,"properties":{"building_id":"cbgs","floor":2,"id":239,"metadata":{"category":"room","keywords":["CBGS-3327B - Faculty Office"]},"name":"CBGS-3327B - Faculty Office","type":"room"},"geometry":{"type":"Point","coordinates":[-76.7614873,39.0165129]}},{"type":"Feature","id":240,"properties":{"building_id":"cnsmn","floor":2,"id":240,"metadata":{"category":"room","keywords":["CNSMN-3228 - Natural Science FACULTY OFFICE"]},"name":"CNSMN-3228 - Natural Science FACULTY OFFICE","type":"room"},"geometry":{"type":"Point","coordinates":[-76.7591247,39.0188739]}},{"type":"Feature","id":241,"properties":{"building_id":"cbgs","floor":2,"id":241,"metadata":{"category":"room","keywords":["CBGS-3328 - Faculty Office"]},"name":"CBGS-3328 - Faculty Office","type":"room"},"geometry":{"type":"Point","coordinates":[-76.7612846,39.0166425]}},{"type":"Feature","id":242,"properties":{"building_id":"cbgs","floor":2,"id":242,"metadata":{"category":"room","keywords":["CBGS-3318 - Faculty Office"]},"name":"CBGS-3318 - Faculty Office","type":"room"},"geometry":{"type":"Point","coordinates":[-76.7611788,39.0167517]}},{"type":"Feature","id":243,"properties":{"building_id":"cbgs","floor":2,"id":243,"metadata":{"category":"non public"},"name":"CBGS-3321B","type":"room"},"geometry":{"type":"Point","coordinates":[-76.7614228,39.0165794]}},{"type":"Feature","id":244,"properties":{"building_id":"cbgs","floor":2,"id":244,"metadata":{"category":"room","keywords":["CBGS-3339 - ACC Faculty Office"]},"name":"CBGS-3339 - ACC Faculty Office","type":"room"},"geometry":{"type":"Point","coordinates":[-76.7616118,39.0164201]}},{"type":"Feature","id":245,"properties":{"building_id":"cnsmn","floor":2,"id":245,"metadata":{"category":"room","keywords":["CNSMN-3226 - Natural Science FACULTY OFFICE"]},"name":"CNSMN-3226 - Natural Science FACULTY OFFICE","type":"room"},"geometry":{"type":"Point","coordinates":[-76.7591002,39.0188991]}},{"type":"Feature","id":246,"properties":{"building_id":"cnsmn","floor":2,"id":246,"metadata":{"category":"room","keywords":["CNSMN-3164 -Natural Science GENETICS / BIOCHEM / MICRO LAB"]},"name":"CNSMN-3164 -Natural Science GENETICS / BIOCHEM / MICRO LAB","type":"room"},"geometry":{"type":"Point","coordinates":[-76.7589542,39.018612]}},{"type":"Feature","id":247,"properties":{"building_id":"cbgs","floor":2,"id":247,"metadata":{"category":"room"},"name":"CBGS-3317 - Faculty Office","type":"room"},"geometry":{"type":"Point","coordinates":[-76.761408,39.0167084]}},{"type":"Feature","id":248,"properties":{"building_id":"cnsmn","floor":2,"id":248,"metadata":{"category":"room","keywords":["CNSMN-3227 - Natural Science Math Research / Active Learning"]},"name":"CNSMN-3227 - Natural Science Math Research / Active Learning","type":"room"},"geometry":{"type":"Point","coordinates":[-76.758933,39.0189402]}},{"type":"Feature","id":249,"properties":{"building_id":"cnsmn","floor":2,"id":249,"metadata":{"category":"room","keywords":["CNSMN-3230 - Natural Science FACULTY OFFICE"]},"name":"CNSMN-3230 - Natural Science FACULTY OFFICE","type":"room"},"geometry":{"type":"Point","coordinates":[-76.7591491,39.0188487]}},{"type":"Feature","id":250,"properties":{"building_id":"cbgs","floor":2,"id":250,"metadata":{"category":"room","keywords":["CBGS-3327A - Accounting, Finance, & Economics"]},"name":"CBGS-3327A - Accounting, Finance, & Economics","type":"room"},"geometry":{"type":"Point","coordinates":[-76.761534,39.0164811]}},{"type":"Feature","id":251,"properties":{"building_id":"cbgs","floor":2,"id":251,"metadata":{"category":"room","keywords":["CBGS-3332 - Faculty Office"]},"name":"CBGS-3332 - Faculty Office","type":"room"},"geometry":{"type":"Point","coordinates":[-76.7613268,39.0165989]}},{"type":"Feature","id":252,"properties":{"building_id":"cnsmn","floor":2,"id":252,"metadata":{"category":"room","keywords":["CNSMN-3147a - Natural Science COLD RM"]},"name":"CNSMN-3147a - Natural Science COLD RM","type":"room"},"geometry":{"type":"Point","coordinates":[-76.7586604,39.0188129]}},{"type":"Feature","id":253,"properties":{"building_id":"lib","floor":1,"id":253,"metadata":{"category":"room","keywords":["LIB-247A - OFFICE"]},"name":"LIB-247A - OFFICE","type":"room"},"geometry":{"type":"Point","coordinates":[-76.7594755,39.0180649]}},{"type":"Feature","id":254,"properties":{"building_id":"fpa","floor":1,"id":254,"metadata":{"category":"room"},"name":"FPA-2204 - Theatre Stage","type":"room"},"geometry":{"type":"Point","coordinates":[-76.758726,39.0160261]}},{"type":"Feature","id":255,"properties":{"building_id":"lib","floor":1,"id":255,"metadata":{"category":"non public","keywords":["LIB-246 - Non Public"]},"name":"LIB-246 - Non Public","type":"room"},"geometry":{"type":"Point","coordinates":[-76.7592614,39.0183243]}},{"type":"Feature","id":256,"properties":{"building_id":"lib","floor":1,"id":256,"metadata":{"category":"room","keywords":["LIB-2205 - Technology Center Help Office"]},"name":"LIB-2205 - Technology Center Help Office","type":"room"},"geometry":{"type":"Point","coordinates":[-76.7598365,39.0184367]}},{"type":"Feature","id":257,"properties":{"building_id":"fpa","floor":1,"id":257,"metadata":{"category":"room","keywords":["FPA-2243 - Band Office"]},"name":"FPA-2243 - Band Office","type":"room"},"geometry":{"type":"Point","coordinates":[-76.7588858,39.0156692]}},{"type":"Feature","id":258,"properties":{"building_id":"lib","floor":1,"id":258,"metadata":{"category":"room","keywords":["LIB-247B - OFFICE"]},"name":"LIB-247B - OFFICE","type":"room"},"geometry":{"type":"Point","coordinates":[-76.7595249,39.0180838]}},{"type":"Feature","id":259,"properties":{"building_id":"lib","floor":1,"id":259,"metadata":{"category":"room","keywords":["LIB-247D - Copy RM"]},"name":"LIB-247D - Copy RM","type":"room"},"geometry":{"type":"Point","coordinates":[-76.7595768,39.0180302]}},{"type":"Feature","id":260,"properties":{"building_id":"lib","floor":1,"id":260,"metadata":{"category":"room","keywords":["LIB-247C - OFFICE"]},"name":"LIB-247C - OFFICE","type":"room"},"geometry":{"type":"Point","coordinates":[-76.7595544,39.0180534]}},{"type":"Feature","id":261,"properties":{"building_id":"lib","floor":1,"id":261,"metadata":{"category":"room","keywords":["LIB-245 - Classroom"]},"name":"LIB-245 - Classroom","type":"room"},"geometry":{"type":"Point","coordinates":[-76.7596177,39.017956]}},{"type":"Feature","id":262,"properties":{"building_id":"fpa","floor":1,"id":262,"metadata":{"category":"room","keywords":["FPA-2207 - Green Room"]},"name":"FPA-2207 - Green Room","type":"room"},"geometry":{"type":"Point","coordinates":[-76.7585457,39.0162597]}},{"type":"Feature","id":263,"properties":{"building_id":"fpa","floor":1,"id":263,"metadata":{"category":"room","keywords":["FPA-2253 - Choral RM"]},"name":"FPA-2253 - Choral RM","type":"room"},"geometry":{"type":"Point","coordinates":[-76.7590878,39.0157633]}},{"type":"Feature","id":264,"properties":{"building_id":"fpa","floor":1,"id":264,"metadata":{"category":"room","keywords":["FPA-2132 - Adjunct Office"]},"name":"FPA-2132 - Adjunct Office","type":"room"},"geometry":{"type":"Point","coordinates":[-76.7593496,39.0161433]}},{"type":"Feature","id":265,"properties":{"building_id":"fpa","floor":1,"id":265,"metadata":{"category":"room","keywords":["FPA-2203 - Scene Shop"]},"name":"FPA-2203 - Scene Shop","type":"room"},"geometry":{"type":"Point","coordinates":[-76.7587816,39.0163136]}},{"type":"Feature","id":266,"properties":{"building_id":"lib","floor":1,"id":266,"metadata":{"category":"room","keywords":["LIB-244 - DoIT Conference Room"]},"name":"LIB-244 - DoIT Conference Room","type":"room"},"geometry":{"type":"Point","coordinates":[-76.7592668,39.0181961]}},{"type":"Feature","id":267,"properties":{"building_id":"lib","floor":1,"id":267,"metadata":{"category":"room","keywords":["LIB-23 - Study Carrel"]},"name":"LIB-23 - Study Carrel","type":"room"},"geometry":{"type":"Point","coordinates":[-76.7596766,39.0185603]}},{"type":"Feature","id":268,"properties":{"building_id":"fpa","floor":1,"id":268,"metadata":{"category":"room","keywords":["FPA-2235 - Band Room"]},"name":"FPA-2235 - Band Room","type":"room"},"geometry":{"type":"Point","coordinates":[-76.7586475,39.0157455]}},{"type":"Feature","id":269,"properties":{"building_id":"fpa","floor":1,"id":269,"metadata":{"category":"room","keywords":["FPA-2201 - Black Box Theatre"]},"name":"FPA-2201 - Black Box Theatre","type":"room"},"geometry":{"type":"Point","coordinates":[-76.7589121,39.0161391]}},{"type":"Feature","id":270,"properties":{"building_id":"lib","floor":1,"id":270,"metadata":{"category":"room","keywords":["LIB-232 - OFFICE"]},"name":"LIB-232 - OFFICE","type":"room"},"geometry":{"type":"Point","coordinates":[-76.7595229,39.0184584]}},{"type":"Feature","id":271,"properties":{"building_id":"fpa","floor":1,"id":271,"metadata":{"category":"room","keywords":["FPA-2235D - Band Room"]},"name":"FPA-2235D - Band Room","type":"room"},"geometry":{"type":"Point","coordinates":[-76.7586689,39.0158571]}},{"type":"Feature","id":272,"properties":{"building_id":"fpa","floor":2,"id":272,"metadata":{"category":"room","keywords":["FPA-3101A - Music Tech Suite"]},"name":"FPA-3101A - Music Tech Suite","type":"room"},"geometry":{"type":"Point","coordinates":[-76.7591409,39.0165048]}},{"type":"Feature","id":273,"properties":{"building_id":"fpa","floor":2,"id":273,"metadata":{"category":"room","keywords":["FPA-3101B - Music Tech Suite"]},"name":"FPA-3101B - Music Tech Suite","type":"room"},"geometry":{"type":"Point","coordinates":[-76.759075,39.0164963]}},{"type":"Feature","id":274,"properties":{"building_id":"lib","floor":1,"id":274,"metadata":{"category":"room","keywords":["LIB-2211B - Dean Conference RM"]},"name":"LIB-2211B - Dean Conference RM","type":"room"},"geometry":{"type":"Point","coordinates":[-76.7600811,39.0183546]}},{"type":"Feature","id":275,"properties":{"building_id":"fpa","floor":1,"id":275,"metadata":{"category":"room","keywords":["FPA-2138A - Art Gallery"]},"name":"FPA-2138A - Art Gallery","type":"room"},"geometry":{"type":"Point","coordinates":[-76.7590111,39.0162254]}},{"type":"Feature","id":276,"properties":{"building_id":"lib","floor":1,"id":276,"metadata":{"category":"room","keywords":["LIB-2211D - Work RM"]},"name":"LIB-2211D - Work RM","type":"room"},"geometry":{"type":"Point","coordinates":[-76.7600317,39.0183323]}},{"type":"Feature","id":277,"properties":{"building_id":"lib","floor":1,"id":277,"metadata":{"category":"room","keywords":["LIB-234 - OFFICE"]},"name":"LIB-234 - OFFICE","type":"room"},"geometry":{"type":"Point","coordinates":[-76.759483,39.018435]}},{"type":"Feature","id":278,"properties":{"building_id":"lib","floor":1,"id":278,"metadata":{"category":"room","keywords":["LIB-2211A - Office of the Dean of the Library"]},"name":"LIB-2211A - Office of the Dean of the Library","type":"room"},"geometry":{"type":"Point","coordinates":[-76.7601273,39.0182965]}},{"type":"Feature","id":279,"properties":{"building_id":"fpa","floor":2,"id":279,"metadata":{"category":"room","keywords":["FPA-3101C - Music Tech Suite"]},"name":"FPA-3101C - Music Tech Suite","type":"room"},"geometry":{"type":"Point","coordinates":[-76.759042,39.016486]}},{"type":"Feature","id":280,"properties":{"building_id":"lib","floor":1,"id":280,"metadata":{"category":"room","keywords":["LIB-243 - Classroom"]},"name":"LIB-243 - Classroom","type":"room"},"geometry":{"type":"Point","coordinates":[-76.7596621,39.0179094]}},{"type":"Feature","id":281,"properties":{"building_id":"fpa","floor":1,"id":281,"metadata":{"category":"room","keywords":["FPA-2249 - Uniform Distribution Station"]},"name":"FPA-2249 - Uniform Distribution Station","type":"room"},"geometry":{"type":"Point","coordinates":[-76.7589691,39.0156935]}},{"type":"Feature","id":282,"properties":{"building_id":"lib","floor":1,"id":282,"metadata":{"category":"room","keywords":["LIB-236 - OFFICE"]},"name":"LIB-236 - OFFICE","type":"room"},"geometry":{"type":"Point","coordinates":[-76.7594439,39.0184122]}},{"type":"Feature","id":283,"properties":{"building_id":"lib","floor":1,"id":283,"metadata":{"category":"room","keywords":["LIB-2206 - Technology Center Storage"]},"name":"LIB-2206 - Technology Center Storage","type":"room"},"geometry":{"type":"Point","coordinates":[-76.7597672,39.0185083]}},{"type":"Feature","id":284,"properties":{"building_id":"fpa","floor":1,"id":284,"metadata":{"category":"room","keywords":["FPA-2247 - Band Shared Office"]},"name":"FPA-2247 - Band Shared Office","type":"room"},"geometry":{"type":"Point","coordinates":[-76.7589185,39.0156794]}},{"type":"Feature","id":285,"properties":{"building_id":"fpa","floor":1,"id":285,"metadata":{"category":"room","keywords":["FPA-2235C - Band Room"]},"name":"FPA-2235C - Band Room","type":"room"},"geometry":{"type":"Point","coordinates":[-76.758634,39.0158462]}},{"type":"Feature","id":286,"properties":{"building_id":"lib","floor":1,"id":286,"metadata":{"category":"room","keywords":["LIB-2211C - Fax-Copier RM"]},"name":"LIB-2211C - Fax-Copier RM","type":"room"},"geometry":{"type":"Point","coordinates":[-76.7600934,39.0182682]}},{"type":"Feature","id":287,"properties":{"building_id":"fpa","floor":1,"id":287,"metadata":{"category":"room","keywords":["FPA-2259 - Movement Studio"]},"name":"FPA-2259 - Movement Studio","type":"room"},"geometry":{"type":"Point","coordinates":[-76.7590468,39.0159471]}},{"type":"Feature","id":288,"properties":{"building_id":"lib","floor":1,"id":288,"metadata":{"category":"room","keywords":["LIB-242 - OFFICE"]},"name":"LIB-242 - OFFICE","type":"room"},"geometry":{"type":"Point","coordinates":[-76.7593238,39.0183422]}},{"type":"Feature","id":289,"properties":{"building_id":"lib","floor":1,"id":289,"metadata":{"category":"room","keywords":["LIB-24 - Study Carrel"]},"name":"LIB-24 - Study Carrel","type":"room"},"geometry":{"type":"Point","coordinates":[-76.7596572,39.0185489]}},{"type":"Feature","id":290,"properties":{"building_id":"fpa","floor":1,"id":290,"metadata":{"category":"room","keywords":["FPA-2240 - Recital Hall"]},"name":"FPA-2240 - Recital Hall","type":"room"},"geometry":{"type":"Point","coordinates":[-76.7588406,39.0158634]}},{"type":"Feature","id":291,"properties":{"building_id":"lib","floor":1,"id":291,"metadata":{"category":"room","keywords":["LIB-238 - OFFICE"]},"name":"LIB-238 - OFFICE","type":"room"},"geometry":{"type":"Point","coordinates":[-76.7594053,39.0183896]}},{"type":"Feature","id":292,"properties":{"building_id":"fpa","floor":1,"id":292,"metadata":{"category":"room","keywords":["FPA-2227 - Costume Shop"]},"name":"FPA-2227 - Costume Shop","type":"room"},"geometry":{"type":"Point","coordinates":[-76.7584569,39.016038]}},{"type":"Feature","id":293,"properties":{"building_id":"fpa","floor":2,"id":293,"metadata":{"category":"room","keywords":["FPA-3101D - Music Tech Suite"]},"name":"FPA-3101D - Music Tech Suite","type":"room"},"geometry":{"type":"Point","coordinates":[-76.7591504,39.0164426]}},{"type":"Feature","id":294,"properties":{"building_id":"fpa","floor":1,"id":294,"metadata":{"category":"room","keywords":["FPA-2239 - Band Director Office"]},"name":"FPA-2239 - Band Director Office","type":"room"},"geometry":{"type":"Point","coordinates":[-76.7588096,39.0156437]}},{"type":"Feature","id":295,"properties":{"building_id":"fpa","floor":1,"id":295,"metadata":{"category":"room","keywords":["FPA-2237B - Percussion Assemble"]},"name":"FPA-2237B - Percussion Assemble","type":"room"},"geometry":{"type":"Point","coordinates":[-76.758741,39.0156223]}},{"type":"Feature","id":296,"properties":{"building_id":"fpa","floor":1,"id":296,"metadata":{"category":"room","keywords":["FPA-2197A - Seating Area"]},"name":"FPA-2197A - Seating Area","type":"room"},"geometry":{"type":"Point","coordinates":[-76.7592304,39.0160602]}},{"type":"Feature","id":297,"properties":{"building_id":"lib","floor":1,"id":297,"metadata":{"category":"room","keywords":["LIB-240 - OFFICE"]},"name":"LIB-240 - OFFICE","type":"room"},"geometry":{"type":"Point","coordinates":[-76.7593665,39.0183669]}},{"type":"Feature","id":298,"properties":{"building_id":"lib","floor":1,"id":298,"metadata":{"category":"room","keywords":["LIB-231 - Conference RM"]},"name":"LIB-231 - Conference RM","type":"room"},"geometry":{"type":"Point","coordinates":[-76.7594984,39.0179384]}},{"type":"Feature","id":299,"properties":{"building_id":"lib","floor":1,"id":299,"metadata":{"category":"room","keywords":["LIB-241 - Classroom"]},"name":"LIB-241 - Classroom","type":"room"},"geometry":{"type":"Point","coordinates":[-76.7597031,39.017867]}},{"type":"Feature","id":300,"properties":{"building_id":"cs","floor":2,"id":300,"metadata":{"category":"room","keywords":["CS-316 - Computer Science CONF"]},"name":"CS-316 - Computer Science CONF","type":"room"},"geometry":{"type":"Point","coordinates":[-76.7595806,39.01713]}},{"type":"Feature","id":301,"properties":{"building_id":"cs","floor":2,"id":301,"metadata":{"category":"room","keywords":["CS-315D - Computer Science ASST. DEAN"]},"name":"CS-315D - Computer Science ASST. DEAN","type":"room"},"geometry":{"type":"Point","coordinates":[-76.759412,39.017088]}},{"type":"Feature","id":302,"properties":{"building_id":"cs","floor":2,"id":302,"metadata":{"category":"room","keywords":["CS-308G - Computer Science FILES"]},"name":"CS-308G - Computer Science FILES","type":"room"},"geometry":{"type":"Point","coordinates":[-76.7594535,39.0173346]}},{"type":"Feature","id":303,"properties":{"building_id":"cs","floor":2,"id":303,"metadata":{"category":"room","keywords":["CS-308A - Computer Science  STAFF"]},"name":"CS-308A - Computer Science  STAFF","type":"room"},"geometry":{"type":"Point","coordinates":[-76.7594088,39.0173916]}},{"type":"Feature","id":304,"properties":{"building_id":"cs","floor":2,"id":304,"metadata":{"category":"room","keywords":["CS-315B - Computer Science STAFF"]},"name":"CS-315B - Computer Science STAFF","type":"room"},"geometry":{"type":"Point","coordinates":[-76.7594718,39.0170429]}},{"type":"Feature","id":305,"properties":{"building_id":"cs","floor":2,"id":305,"metadata":{"category":"room","keywords":["CS-319 - Computer Science FACULTY"]},"name":"CS-319 - Computer Science FACULTY","type":"room"},"geometry":{"type":"Point","coordinates":[-76.759659,39.0171334]}},{"type":"Feature","id":306,"properties":{"building_id":"cs","floor":2,"id":306,"metadata":{"category":"room","keywords":["CS-311 - Computer Science Instruction LAB"]},"name":"CS-311 - Computer Science Instruction LAB","type":"room"},"geometry":{"type":"Point","coordinates":[-76.7593805,39.0172279]}},{"type":"Feature","id":307,"properties":{"building_id":"cs","floor":2,"id":307,"metadata":{"category":"room","keywords":["CS-315G - Computer Science FILE"]},"name":"CS-315G - Computer Science FILE","type":"room"},"geometry":{"type":"Point","coordinates":[-76.7594712,39.0171068]}},{"type":"Feature","id":308,"properties":{"building_id":"cs","floor":2,"id":308,"metadata":{"category":"room","keywords":["CS-314 - Computer Science Instruction LAB"]},"name":"CS-314 - Computer Science Instruction LAB","type":"room"},"geometry":{"type":"Point","coordinates":[-76.759546,39.0171942]}},{"type":"Feature","id":309,"properties":{"building_id":"cs","floor":2,"id":309,"metadata":{"category":"room","keywords":["CS-318 - Computer Science FACULTY"]},"name":"CS-318 - Computer Science FACULTY","type":"room"},"geometry":{"type":"Point","coordinates":[-76.7596616,39.0171036]}},{"type":"Feature","id":310,"properties":{"building_id":"cs","floor":2,"id":310,"metadata":{"category":"room","keywords":["CS-315C - Computer Science DEAN"]},"name":"CS-315C - Computer Science DEAN","type":"room"},"geometry":{"type":"Point","coordinates":[-76.7594406,39.0170449]}},{"type":"Feature","id":311,"properties":{"building_id":"cs","floor":2,"id":311,"metadata":{"category":"room","keywords":["CS-308C -  Computer Science DIRECTOR"]},"name":"CS-308C - Computer Science DIRECTOR","type":"room"},"geometry":{"type":"Point","coordinates":[-76.7595004,39.01741]}},{"type":"Feature","id":312,"properties":{"building_id":"cs","floor":2,"id":312,"metadata":{"category":"room","keywords":["CS-313 - Computer Science Instruction LAB"]},"name":"CS-313 - Computer Science Instruction LAB","type":"room"},"geometry":{"type":"Point","coordinates":[-76.7594134,39.0171607]}},{"type":"Feature","id":313,"properties":{"building_id":"cs","floor":2,"id":313,"metadata":{"category":"room","keywords":["CS-308F -  Computer Science  STAFF"]},"name":"CS-308F - Computer Science  STAFF","type":"room"},"geometry":{"type":"Point","coordinates":[-76.7595214,39.0173196]}},{"type":"Feature","id":314,"properties":{"building_id":"cs","floor":2,"id":314,"metadata":{"category":"room","keywords":["CS-310 - Computer Science Resource RM"]},"name":"CS-310 - Computer Science Resource RM","type":"room"},"geometry":{"type":"Point","coordinates":[-76.75947,39.0173121]}},{"type":"Feature","id":315,"properties":{"building_id":"cs","floor":2,"id":315,"metadata":{"category":"room","keywords":["CS-320 - Computer Science FACULTY"]},"name":"CS-320 - Computer Science FACULTY","type":"room"},"geometry":{"type":"Point","coordinates":[-76.7596439,39.017162]}},{"type":"Feature","id":316,"properties":{"building_id":"cs","floor":2,"id":316,"metadata":{"category":"room","keywords":["CS-308B - Computer Science  STAFF"]},"name":"CS-308B - Computer Science  STAFF","type":"room"},"geometry":{"type":"Point","coordinates":[-76.7594516,39.0174017]}},{"type":"Feature","id":317,"properties":{"building_id":"cs","floor":2,"id":317,"metadata":{"category":"room","keywords":["CS-307 - Computer Science Instruction LAB"]},"name":"CS-307 - Computer Science Instruction LAB","type":"room"},"geometry":{"type":"Point","coordinates":[-76.7593138,39.0173479]}},{"type":"Feature","id":318,"properties":{"building_id":"cs","floor":2,"id":318,"metadata":{"category":"room","keywords":["CS-315A - Computer Science School of Arts & Science"]},"name":"CS-315A - Computer Science School of Arts & Science","type":"room"},"geometry":{"type":"Point","coordinates":[-76.7595199,39.0170512]}},{"type":"Feature","id":319,"properties":{"building_id":"cs","floor":2,"id":319,"metadata":{"category":"room","keywords":["CS-315F - Computer Science Resource RM"]},"name":"CS-315F - Computer Science Resource RM","type":"room"},"geometry":{"type":"Point","coordinates":[-76.7594558,39.0171334]}},{"type":"Feature","id":320,"properties":{"building_id":"cs","floor":2,"id":320,"metadata":{"category":"room","keywords":["CS-317 - Computer Science FACULTY"]},"name":"CS-317 - Computer Science FACULTY","type":"room"},"geometry":{"type":"Point","coordinates":[-76.7596092,39.0170831]}},{"type":"Feature","id":321,"properties":{"building_id":"cs","floor":2,"id":321,"metadata":{"category":"room","keywords":["CS-309 - Computer Science Instruction LAB"]},"name":"CS-309 - Computer Science Instruction LAB","type":"room"},"geometry":{"type":"Point","coordinates":[-76.7593504,39.017285]}},{"type":"Feature","id":322,"properties":{"building_id":"cs","floor":2,"id":322,"metadata":{"category":"room","keywords":["CS-312 - Computer Science Virtual Reality Software LAB"]},"name":"CS-312 - Computer Science Virtual Reality Software LAB","type":"room"},"geometry":{"type":"Point","coordinates":[-76.7595203,39.0172428]}},{"type":"Feature","id":323,"properties":{"building_id":"cs","floor":2,"id":323,"metadata":{"category":"room","keywords":["CS-315H - Computer Science STAFF"]},"name":"CS-315H - Computer Science STAFF","type":"room"},"geometry":{"type":"Point","coordinates":[-76.7593998,39.0171202]}},{"type":"Feature","id":324,"properties":{"building_id":"cs","floor":2,"id":324,"metadata":{"category":"room","keywords":["CS-308E - Computer Science DEPUTY DIRECTOR"]},"name":"CS-308E - Computer Science DEPUTY DIRECTOR","type":"room"},"geometry":{"type":"Point","coordinates":[-76.7595465,39.0173409]}},{"type":"Feature","id":325,"properties":{"building_id":"cs","floor":2,"id":325,"metadata":{"category":"room","keywords":["CS-308D - Computer Science  STAFF"]},"name":"CS-308D - Computer Science  STAFF","type":"room"},"geometry":{"type":"Point","coordinates":[-76.7595324,39.0173764]}},{"type":"Feature","id":326,"properties":{"building_id":"cbgs","floor":0,"id":326,"metadata":{"category":"room","keywords":["CBGS-1328 - Office"]},"name":"CBGS-1328 - Office","type":"room"},"geometry":{"type":"Point","coordinates":[-76.7612923,39.0166412]}},{"type":"Feature","id":327,"properties":{"building_id":"rh","floor":1,"id":327,"metadata":{"category":"room","keywords":["RH-109A - Storage"]},"name":"RH-109A - Storage","type":"room"},"geometry":{"type":"Point","coordinates":[-76.7598875,39.0165518]}},{"type":"Feature","id":328,"properties":{"building_id":"cbgs","floor":0,"id":328,"metadata":{"category":"room","keywords":["CBGS-1303 - Conference RM #1"]},"name":"CBGS-1303 - Conference RM #1","type":"room"},"geometry":{"type":"Point","coordinates":[-76.7612221,39.0168048]}},{"type":"Feature","id":329,"properties":{"building_id":"cbgs","floor":0,"id":329,"metadata":{"category":"room","keywords":["CBGS-1312 - Graduate School Administration"]},"name":"CBGS-1312 - Graduate School Administration","type":"room"},"geometry":{"type":"Point","coordinates":[-76.7611395,39.0168551]}},{"type":"Feature","id":330,"properties":{"building_id":"rh","floor":0,"id":330,"metadata":{"category":"room","keywords":["RH-1122 - Classroom"]},"name":"RH-1122 - Classroom","type":"room"},"geometry":{"type":"Point","coordinates":[-76.7596628,39.0163864]}},{"type":"Feature","id":331,"properties":{"building_id":"cbgs","floor":0,"id":331,"metadata":{"category":"room","keywords":["CBGS-1302 - Office"]},"name":"CBGS-1302 - Office","type":"room"},"geometry":{"type":"Point","coordinates":[-76.7613289,39.0168076]}},{"type":"Feature","id":332,"properties":{"building_id":"cnsmn","floor":1,"id":332,"metadata":{"category":"non public"},"name":"CNSMN-2145","type":"room"},"geometry":{"type":"Point","coordinates":[-76.7585357,39.0189399]}},{"type":"Feature","id":333,"properties":{"building_id":"cnsmn","floor":1,"id":333,"metadata":{"category":"non public"},"name":"CNSMN-2150","type":"room"},"geometry":{"type":"Point","coordinates":[-76.7587473,39.0188038]}},{"type":"Feature","id":334,"properties":{"building_id":"cnsmn","floor":1,"id":334,"metadata":{"category":"room","keywords":["CNSMN-2165 - Natural Science Physics LAB #2"]},"name":"CNSMN-2165 - Natural Science Physics LAB #2","type":"room"},"geometry":{"type":"Point","coordinates":[-76.7586121,39.0188419]}},{"type":"Feature","id":335,"properties":{"building_id":"cbgs","floor":0,"id":335,"metadata":{"category":"room","keywords":["CBGS-1308 - Office"]},"name":"CBGS-1308 - Office","type":"room"},"geometry":{"type":"Point","coordinates":[-76.7612455,39.0168633]}},{"type":"Feature","id":336,"properties":{"building_id":"cbgs","floor":0,"id":336,"metadata":{"category":"room","keywords":["CBGS-1300 - Office"]},"name":"CBGS-1300 - Office","type":"room"},"geometry":{"type":"Point","coordinates":[-76.7613464,39.0167794]}},{"type":"Feature","id":337,"properties":{"building_id":"cbgs","floor":1,"id":337,"metadata":{"category":"room","keywords":["CBGS-2215 - Lecture Room F"]},"name":"CBGS-2215 - Lecture Room F","type":"room"},"geometry":{"type":"Point","coordinates":[-76.761825,39.0170993]}},{"type":"Feature","id":338,"properties":{"building_id":"cnsmn","floor":1,"id":338,"metadata":{"category":"room","keywords":["CNSMN-2167 - Chemistry LAB"]},"name":"CNSMN-2167 - Chemistry LAB","type":"room"},"geometry":{"type":"Point","coordinates":[-76.7587684,39.0186706]}},{"type":"Feature","id":339,"properties":{"building_id":"rh","floor":0,"id":339,"metadata":{"category":"room","keywords":["RH-103 - Public Safety / Parking Registration"]},"name":"RH-103 - Public Safety / Parking Registration","type":"room"},"geometry":{"type":"Point","coordinates":[-76.7602728,39.0165574]}},{"type":"Feature","id":340,"properties":{"building_id":"rh","floor":1,"id":340,"metadata":{"category":"room","keywords":["RH-103 - Public Safety / Parking Registration"]},"name":"RH-103 - Public Safety / Parking Registration","type":"room"},"geometry":{"type":"Point","coordinates":[-76.7601062,39.0165435]}},{"type":"Feature","id":341,"properties":{"building_id":"rh","floor":0,"id":341,"metadata":{"category":"room","keywords":["RH-110 - Classroom"]},"name":"RH-110 - Classroom","type":"room"},"geometry":{"type":"Point","coordinates":[-76.7601738,39.0166926]}},{"type":"Feature","id":342,"properties":{"building_id":"rh","floor":1,"id":342,"metadata":{"category":"room","keywords":["RH-110 - Classroom"]},"name":"RH-110 - Classroom","type":"room"},"geometry":{"type":"Point","coordinates":[-76.7599996,39.0166026]}},{"type":"Feature","id":343,"properties":{"building_id":"rh","floor":0,"id":343,"metadata":{"category":"room","keywords":["RH-102 - Mechanical RM"]},"name":"RH-102 - Mechanical RM","type":"room"},"geometry":{"type":"Point","coordinates":[-76.7602335,39.0165672]}},{"type":"Feature","id":344,"properties":{"building_id":"proctor","floor":1,"id":344,"metadata":{"category":"room","keywords":["JP-245 - Home Health"]},"name":"JP-245 - Home Health","type":"room"},"geometry":{"type":"Point","coordinates":[-76.760614,39.0191979]}},{"type":"Feature","id":345,"properties":{"building_id":"cnsmn","floor":1,"id":345,"metadata":{"category":"room","keywords":["CNSMN-2174 - Natural Science Faculty Office"]},"name":"CNSMN-2174 - Natural Science Faculty Office","type":"room"},"geometry":{"type":"Point","coordinates":[-76.7590099,39.0186269]}},{"type":"Feature","id":346,"properties":{"building_id":"proctor","floor":1,"id":346,"metadata":{"category":"room","keywords":["JP-241 - Hospital Simulation LAB"]},"name":"JP-241 - Hospital Simulation LAB","type":"room"},"geometry":{"type":"Point","coordinates":[-76.7605422,39.0191949]}},{"type":"Feature","id":347,"properties":{"building_id":"cnsmn","floor":1,"id":347,"metadata":{"category":"room","keywords":["CNSMN-2163 - Natural Science Physics LAB Prep Room"]},"name":"CNSMN-2163 - Natural Science Physics LAB Prep Room","type":"room"},"geometry":{"type":"Point","coordinates":[-76.758531,39.0188876]}},{"type":"Feature","id":348,"properties":{"building_id":"cnsmn","floor":1,"id":348,"metadata":{"category":"room","keywords":["CNSMN-2129 - Nursing Faculty Office"]},"name":"CNSMN-2129 - Nursing Faculty Office","type":"room"},"geometry":{"type":"Point","coordinates":[-76.7584006,39.0189868]}},{"type":"Feature","id":349,"properties":{"building_id":"rh","floor":0,"id":349,"metadata":{"category":"room","keywords":["RH-105 - OFFICE"]},"name":"RH-105 - OFFICE","type":"room"},"geometry":{"type":"Point","coordinates":[-76.7602703,39.0165915]}},{"type":"Feature","id":350,"properties":{"building_id":"rh","floor":1,"id":350,"metadata":{"category":"room","keywords":["RH-110B - Classroom"]},"name":"RH-110B - Classroom","type":"room"},"geometry":{"type":"Point","coordinates":[-76.7600498,39.016614]}},{"type":"Feature","id":351,"properties":{"building_id":"cbgs","floor":1,"id":351,"metadata":{"category":"room","keywords":["CBGS-2201 - Seminar Room #2"]},"name":"CBGS-2201 - Seminar Room #2","type":"room"},"geometry":{"type":"Point","coordinates":[-76.7615523,39.0171534]}},{"type":"Feature","id":352,"properties":{"building_id":"cbgs","floor":1,"id":352,"metadata":{"category":"room","keywords":["CBGS-2211 - Lecture Room D"]},"name":"CBGS-2211 - Lecture Room D","type":"room"},"geometry":{"type":"Point","coordinates":[-76.7617382,39.0171072]}},{"type":"Feature","id":353,"properties":{"building_id":"cbgs","floor":0,"id":353,"metadata":{"category":"room","keywords":["CBGS-1314 - Office"]},"name":"CBGS-1314 - Office","type":"room"},"geometry":{"type":"Point","coordinates":[-76.761136,39.0167992]}},{"type":"Feature","id":354,"properties":{"building_id":"cnsmn","floor":1,"id":354,"metadata":{"category":"room","keywords":["CNSMN-2135 - Nursing Faculty Office"]},"name":"CNSMN-2135 - Nursing Faculty Office","type":"room"},"geometry":{"type":"Point","coordinates":[-76.7584449,39.018941]}},{"type":"Feature","id":355,"properties":{"building_id":"cbgs","floor":1,"id":355,"metadata":{"category":"room","keywords":["CBGS-2209 - Lecture Room C"]},"name":"CBGS-2209 - Lecture Room C","type":"room"},"geometry":{"type":"Point","coordinates":[-76.7616184,39.0171091]}},{"type":"Feature","id":356,"properties":{"building_id":"cnsmn","floor":1,"id":356,"metadata":{"category":"room","keywords":["CNSMN-2172 - Natural Science Faculty Office"]},"name":"CNSMN-2172 - Natural Science Faculty Office","type":"room"},"geometry":{"type":"Point","coordinates":[-76.7589877,39.0186497]}},{"type":"Feature","id":357,"properties":{"building_id":"cnsmn","floor":1,"id":357,"metadata":{"category":"room","keywords":["CNSMN-2160 - Natural Science Faculty Office"]},"name":"CNSMN-2160 - Natural Science Faculty Office","type":"room"},"geometry":{"type":"Point","coordinates":[-76.7588717,39.0186847]}},{"type":"Feature","id":358,"properties":{"building_id":"rh","floor":0,"id":358,"metadata":{"category":"room","keywords":["RH-108 - CLOSET"]},"name":"RH-108 - CLOSET","type":"room"},"geometry":{"type":"Point","coordinates":[-76.7601654,39.0166702]}},{"type":"Feature","id":359,"properties":{"building_id":"cbgs","floor":1,"id":359,"metadata":{"category":"room","keywords":["CBGS-2206 - LAB #1"]},"name":"CBGS-2206 - LAB #1","type":"room"},"geometry":{"type":"Point","coordinates":[-76.7616178,39.0169941]}},{"type":"Feature","id":360,"properties":{"building_id":"proctor","floor":1,"id":360,"metadata":{"category":"room","keywords":["JP-233R - OFFICE"]},"name":"JP-233R - OFFICE","type":"room"},"geometry":{"type":"Point","coordinates":[-76.760227,39.0193833]}},{"type":"Feature","id":361,"properties":{"building_id":"cnsmn","floor":1,"id":361,"metadata":{"category":"room","keywords":["CNSMN-2176 - Natural Science Faculty Office"]},"name":"CNSMN-2176 - Natural Science Faculty Office","type":"room"},"geometry":{"type":"Point","coordinates":[-76.759032,39.018604]}},{"type":"Feature","id":362,"properties":{"building_id":"proctor","floor":1,"id":362,"metadata":{"category":"room","keywords":["JP-252A - Education Observation LAB"]},"name":"JP-252A - Education Observation LAB","type":"room"},"geometry":{"type":"Point","coordinates":[-76.7606258,39.0193166]}},{"type":"Feature","id":363,"properties":{"building_id":"proctor","floor":1,"id":363,"metadata":{"category":"room","keywords":["JP-251 - Shared Large Classroom"]},"name":"JP-251 - Shared Large Classroom","type":"room"},"geometry":{"type":"Point","coordinates":[-76.760692,39.0192625]}},{"type":"Feature","id":364,"properties":{"building_id":"rh","floor":0,"id":364,"metadata":{"category":"room","keywords":["RH-1118 - Classroom"]},"name":"RH-1118 - Classroom","type":"room"},"geometry":{"type":"Point","coordinates":[-76.7596379,39.016496]}},{"type":"Feature","id":365,"properties":{"building_id":"rh","floor":1,"id":365,"metadata":{"category":"room","keywords":["RH-110A - Classroom"]},"name":"RH-110A - Classroom","type":"room"},"geometry":{"type":"Point","coordinates":[-76.7600265,39.0166321]}},{"type":"Feature","id":366,"properties":{"building_id":"cbgs","floor":0,"id":366,"metadata":{"category":"room","keywords":["CBGS-1316 - Office"]},"name":"CBGS-1316 - Office","type":"room"},"geometry":{"type":"Point","coordinates":[-76.7611577,39.0167736]}},{"type":"Feature","id":367,"properties":{"building_id":"rh","floor":0,"id":367,"metadata":{"category":"amenities"},"name":"RH-104 - Restrooms","type":"amenity"},"geometry":{"type":"Point","coordinates":[-76.7603105,39.0165797]}},{"type":"Feature","id":368,"properties":{"building_id":"cbgs","floor":0,"id":368,"metadata":{"category":"room","keywords":["CBGS-1312B - Office"]},"name":"CBGS-1312B - Office","type":"room"},"geometry":{"type":"Point","coordinates":[-76.7611554,39.0168989]}},{"type":"Feature","id":369,"properties":{"building_id":"cnsmn","floor":1,"id":369,"metadata":{"category":"room","keywords":["CNSMN-2162 - Natural Science Faculty Office"]},"name":"CNSMN-2162 - Natural Science Faculty Office","type":"room"},"geometry":{"type":"Point","coordinates":[-76.7588936,39.0186622]}},{"type":"Feature","id":370,"properties":{"building_id":"proctor","floor":1,"id":370,"metadata":{"category":"room","keywords":["JP-240 - Nurse Study / Library"]},"name":"JP-240 - Nurse Study / Library","type":"room"},"geometry":{"type":"Point","coordinates":[-76.7603789,39.0193264]}},{"type":"Feature","id":371,"properties":{"building_id":"cbgs","floor":0,"id":371,"metadata":{"category":"room","keywords":["CBGS-1304 - Office"]},"name":"CBGS-1304 - Office","type":"room"},"geometry":{"type":"Point","coordinates":[-76.7613085,39.016829]}},{"type":"Feature","id":372,"properties":{"building_id":"cnsmn","floor":1,"id":372,"metadata":{"category":"room","keywords":["CNSMN-2166 - Natural Science Faculty Office"]},"name":"CNSMN-2166 - Natural Science Faculty Office","type":"room"},"geometry":{"type":"Point","coordinates":[-76.7589214,39.018721]}},{"type":"Feature","id":373,"properties":{"building_id":"proctor","floor":1,"id":373,"metadata":{"category":"room","keywords":["JP-253 - Education Observation RM"]},"name":"JP-253 - Education Observation RM","type":"room"},"geometry":{"type":"Point","coordinates":[-76.7605954,39.01936]}},{"type":"Feature","id":374,"properties":{"building_id":"rh","floor":1,"id":374,"metadata":{"category":"room","keywords":["RH-109 - Police Operations"]},"name":"RH-109 - Police Operations","type":"room"},"geometry":{"type":"Point","coordinates":[-76.7599163,39.0164863]}},{"type":"Feature","id":375,"properties":{"building_id":"cnsmn","floor":1,"id":375,"metadata":{"category":"room","keywords":["CNSMN-2182 - Natural Science Cold RM"]},"name":"CNSMN-2182 - Natural Science Cold RM","type":"room"},"geometry":{"type":"Point","coordinates":[-76.7589801,39.0185762]}},{"type":"Feature","id":376,"properties":{"building_id":"cnsmn","floor":1,"id":376,"metadata":{"category":"room","keywords":["CNSMN-2133 - Nursing Faculty Office"]},"name":"CNSMN-2133 - Nursing Faculty Office","type":"room"},"geometry":{"type":"Point","coordinates":[-76.7584227,39.0189639]}},{"type":"Feature","id":377,"properties":{"building_id":"cnsmn","floor":1,"id":377,"metadata":{"category":"room","keywords":["CNSMN-2143 - Nursing Faculty Office"]},"name":"CNSMN-2143 - Nursing Faculty Office","type":"room"},"geometry":{"type":"Point","coordinates":[-76.7584892,39.0188953]}},{"type":"Feature","id":378,"properties":{"building_id":"cbgs","floor":0,"id":378,"metadata":{"category":"room","keywords":["CBGS-1318 - Office Research Managment"]},"name":"CBGS-1318 - Office Research Managment","type":"room"},"geometry":{"type":"Point","coordinates":[-76.7611788,39.0167518]}},{"type":"Feature","id":379,"properties":{"building_id":"cbgs","floor":1,"id":379,"metadata":{"category":"room","keywords":["CBGS-2212 - LAB Room #2"]},"name":"CBGS-2212 - LAB Room #2","type":"room"},"geometry":{"type":"Point","coordinates":[-76.7617386,39.0170067]}},{"type":"Feature","id":380,"properties":{"building_id":"cnsmn","floor":1,"id":380,"metadata":{"category":"room","keywords":["CNSMN-2164 - Natural Science Faculty Office"]},"name":"CNSMN-2164 - Natural Science Faculty Office","type":"room"},"geometry":{"type":"Point","coordinates":[-76.7589156,39.0186394]}},{"type":"Feature","id":381,"properties":{"building_id":"rh","floor":0,"id":381,"metadata":{"category":"room","keywords":["RH-1114 - Classroom"]},"name":"RH-1114 - Classroom","type":"room"},"geometry":{"type":"Point","coordinates":[-76.7598219,39.0165527]}},{"type":"Feature","id":382,"properties":{"building_id":"cbgs","floor":0,"id":382,"metadata":{"category":"room","keywords":["CBGS-1312D - Office"]},"name":"CBGS-1312D - Office","type":"room"},"geometry":{"type":"Point","coordinates":[-76.76111,39.0168145]}},{"type":"Feature","id":383,"properties":{"building_id":"cbgs","floor":0,"id":383,"metadata":{"category":"room","keywords":["CBGS-1320 - Office"]},"name":"CBGS-1320 - Office","type":"room"},"geometry":{"type":"Point","coordinates":[-76.7611999,39.01673]}},{"type":"Feature","id":384,"properties":{"building_id":"cbgs","floor":0,"id":384,"metadata":{"category":"room","keywords":["CBGS-1306 - Office"]},"name":"CBGS-1306 - Office","type":"room"},"geometry":{"type":"Point","coordinates":[-76.7612788,39.0168473]}},{"type":"Feature","id":385,"properties":{"building_id":"cnsmn","floor":1,"id":385,"metadata":{"category":"room","keywords":["CNSMN-2171 - Natural Science Biochemistry Research LAB"]},"name":"CNSMN-2171 - Natural Science Biochemistry Research LAB","type":"room"},"geometry":{"type":"Point","coordinates":[-76.7589016,39.0185431]}},{"type":"Feature","id":386,"properties":{"building_id":"cnsmn","floor":1,"id":386,"metadata":{"category":"room","keywords":["CNSMN-2169 - Natural Science Biochemistry LAB"]},"name":"CNSMN-2169 - Natural Science Biochemistry LAB","type":"room"},"geometry":{"type":"Point","coordinates":[-76.7586788,39.018763]}},{"type":"Feature","id":387,"properties":{"building_id":"rh","floor":0,"id":387,"metadata":{"category":"room","keywords":["RH-111 - Office of Research"]},"name":"RH-111 - Office of Research","type":"room"},"geometry":{"type":"Point","coordinates":[-76.7601991,39.0166661]}},{"type":"Feature","id":388,"properties":{"building_id":"rh","floor":1,"id":388,"metadata":{"category":"room","keywords":["RH-111 - Office of Research"]},"name":"RH-111 - Office of Research","type":"room"},"geometry":{"type":"Point","coordinates":[-76.7598347,39.0164459]}},{"type":"Feature","id":389,"properties":{"building_id":"cnsmn","floor":1,"id":389,"metadata":{"category":"room"},"name":"CNSMN-2178","type":"room"},"geometry":{"type":"Point","coordinates":[-76.7590542,39.0185811]}},{"type":"Feature","id":390,"properties":{"building_id":"cnsmn","floor":1,"id":390,"metadata":{"category":"room","keywords":["CNSMN-2131 - Nursing Faculty Office"]},"name":"CNSMN-2131 - Nursing Faculty Office","type":"room"},"geometry":{"type":"Point","coordinates":[-76.7584641,39.0190083]}},{"type":"Feature","id":391,"properties":{"building_id":"cbgs","floor":0,"id":391,"metadata":{"category":"room","keywords":["CBGS-1330 - Student Business Hatchery"]},"name":"CBGS-1330 - Student Business Hatchery","type":"room"},"geometry":{"type":"Point","coordinates":[-76.7613288,39.0166281]}},{"type":"Feature","id":392,"properties":{"building_id":"proctor","floor":1,"id":392,"metadata":{"category":"room","keywords":["JP-234 - Study RM"]},"name":"JP-234 - Study RM","type":"room"},"geometry":{"type":"Point","coordinates":[-76.7601009,39.0194365]}},{"type":"Feature","id":393,"properties":{"building_id":"proctor","floor":1,"id":393,"metadata":{"category":"room","keywords":["JP-238 - Education Computer LAB"]},"name":"JP-238 - Education Computer LAB","type":"room"},"geometry":{"type":"Point","coordinates":[-76.7603538,39.0194218]}},{"type":"Feature","id":394,"properties":{"building_id":"rh","floor":1,"id":394,"metadata":{"category":"room","keywords":["RH-107B - OFFICE"]},"name":"RH-107B - OFFICE","type":"room"},"geometry":{"type":"Point","coordinates":[-76.7599329,39.0164543]}},{"type":"Feature","id":395,"properties":{"building_id":"cnsmn","floor":1,"id":395,"metadata":{"category":"room","keywords":["CNSMN-2137 - Nursing Faculty Office"]},"name":"CNSMN-2137 - Nursing Faculty Office","type":"room"},"geometry":{"type":"Point","coordinates":[-76.7584863,39.0189854]}},{"type":"Feature","id":396,"properties":{"building_id":"rh","floor":1,"id":396,"metadata":{"category":"room","keywords":["RH-101A - OFFICE"]},"name":"RH-101A - OFFICE","type":"room"},"geometry":{"type":"Point","coordinates":[-76.7600833,39.0165077]}},{"type":"Feature","id":397,"properties":{"building_id":"cnsmn","floor":1,"id":397,"metadata":{"category":"room","keywords":["CNSMN-2170 - Natural Science Faculty Office"]},"name":"CNSMN-2170 - Natural Science Faculty Office","type":"room"},"geometry":{"type":"Point","coordinates":[-76.7589656,39.0186726]}},{"type":"Feature","id":398,"properties":{"building_id":"cbgs","floor":0,"id":398,"metadata":{"category":"room","keywords":["CBGS-1312A - Office"]},"name":"CBGS-1312A - Office","type":"room"},"geometry":{"type":"Point","coordinates":[-76.7612061,39.0168841]}},{"type":"Feature","id":399,"properties":{"building_id":"proctor","floor":1,"id":399,"metadata":{"category":"room","keywords":["JP-255 - Shared Large Classroom"]},"name":"JP-255 - Shared Large Classroom","type":"room"},"geometry":{"type":"Point","coordinates":[-76.7605008,39.0194603]}},{"type":"Feature","id":400,"properties":{"building_id":"cbgs","floor":0,"id":400,"metadata":{"category":"room","keywords":["CBGS-1338 - Office"]},"name":"CBGS-1338 - Office","type":"room"},"geometry":{"type":"Point","coordinates":[-76.7613882,39.0167423]}},{"type":"Feature","id":401,"properties":{"building_id":"proctor","floor":1,"id":401,"metadata":{"category":"room","keywords":["JP-233P - OFFICE"]},"name":"JP-233P - OFFICE","type":"room"},"geometry":{"type":"Point","coordinates":[-76.760269,39.01934]}},{"type":"Feature","id":402,"properties":{"building_id":"cbgs","floor":0,"id":402,"metadata":{"category":"room","keywords":["CBGS-1336 - Office"]},"name":"CBGS-1336 - Office","type":"room"},"geometry":{"type":"Point","coordinates":[-76.7614097,39.0167136]}},{"type":"Feature","id":403,"properties":{"building_id":"cnsmn","floor":1,"id":403,"metadata":{"category":"room","keywords":["CNSMN-2139 - Nursing Faculty Office"]},"name":"CNSMN-2139 - Nursing Faculty Office","type":"room"},"geometry":{"type":"Point","coordinates":[-76.7584671,39.0189181]}},{"type":"Feature","id":404,"properties":{"building_id":"proctor","floor":1,"id":404,"metadata":{"category":"room","keywords":["JP-233T - OFFICE"]},"name":"JP-233T - OFFICE","type":"room"},"geometry":{"type":"Point","coordinates":[-76.7601853,39.0194263]}},{"type":"Feature","id":405,"properties":{"building_id":"cbgs","floor":0,"id":405,"metadata":{"category":"room","keywords":["CBGS-1334 -Workroom"]},"name":"CBGS-1334 -Workroom","type":"room"},"geometry":{"type":"Point","coordinates":[-76.7613907,39.016664]}},{"type":"Feature","id":406,"properties":{"building_id":"cbgs","floor":0,"id":406,"metadata":{"category":"room","keywords":["CBGS-1312C - Office"]},"name":"CBGS-1312C - Office","type":"room"},"geometry":{"type":"Point","coordinates":[-76.7610973,39.0168407]}},{"type":"Feature","id":407,"properties":{"building_id":"cbgs","floor":0,"id":407,"metadata":{"category":"room","keywords":["CBGS-1322 - Faculty / Staff Lounge"]},"name":"CBGS-1322 - Faculty / Staff Lounge","type":"room"},"geometry":{"type":"Point","coordinates":[-76.7612151,39.0166947]}},{"type":"Feature","id":408,"properties":{"building_id":"proctor","floor":1,"id":408,"metadata":{"category":"room","keywords":["JP-233N - OFFICE"]},"name":"JP-233N - OFFICE","type":"room"},"geometry":{"type":"Point","coordinates":[-76.7602884,39.019314]}},{"type":"Feature","id":409,"properties":{"building_id":"rh","floor":1,"id":409,"metadata":{"category":"room","keywords":["RH-112 - ORSP Conference RM"]},"name":"RH-112 - ORSP Conference RM","type":"room"},"geometry":{"type":"Point","coordinates":[-76.7599254,39.016574]}},{"type":"Feature","id":410,"properties":{"building_id":"rh","floor":0,"id":410,"metadata":{"category":"room","keywords":["RH-112 - ORSP Conference RM"]},"name":"RH-112 - ORSP Conference RM","type":"room"},"geometry":{"type":"Point","coordinates":[-76.7601504,39.0166999]}},{"type":"Feature","id":411,"properties":{"building_id":"rh","floor":0,"id":411,"metadata":{"category":"room","keywords":["RH-107 - OFFICE"]},"name":"RH-107 - OFFICE","type":"room"},"geometry":{"type":"Point","coordinates":[-76.7603079,39.0166234]}},{"type":"Feature","id":412,"properties":{"building_id":"cbgs","floor":0,"id":412,"metadata":{"category":"room","keywords":["CBGS-1326 - Office"]},"name":"CBGS-1326 - Office","type":"room"},"geometry":{"type":"Point","coordinates":[-76.7612634,39.0166645]}},{"type":"Feature","id":413,"properties":{"building_id":"rh","floor":0,"id":413,"metadata":{"category":"room","keywords":["RH-1107 - Classroom"]},"name":"RH-1107 - Classroom","type":"room"},"geometry":{"type":"Point","coordinates":[-76.7599294,39.0165863]}},{"type":"Feature","id":414,"properties":{"building_id":"proctor","floor":1,"id":414,"metadata":{"category":"room","keywords":["JP-233S - OFFICE"]},"name":"JP-233S - OFFICE","type":"room"},"geometry":{"type":"Point","coordinates":[-76.760206,39.019405]}},{"type":"Feature","id":415,"properties":{"building_id":"proctor","floor":1,"id":415,"metadata":{"category":"room","keywords":["JP-233Q - OFFICE"]},"name":"JP-233Q - OFFICE","type":"room"},"geometry":{"type":"Point","coordinates":[-76.7602481,39.0193615]}},{"type":"Feature","id":416,"properties":{"building_id":"cnsmn","floor":1,"id":416,"metadata":{"category":"room","keywords":["CNSMN-2168 - Natural Science Faculty Office"]},"name":"CNSMN-2168 - Natural Science Faculty Office","type":"room"},"geometry":{"type":"Point","coordinates":[-76.7589543,39.0186962]}},{"type":"Feature","id":417,"properties":{"building_id":"cnsmn","floor":1,"id":417,"metadata":{"category":"room","keywords":["CNSMN-2141 - Nursing Faculty Office"]},"name":"CNSMN-2141 - Nursing Faculty Office","type":"room"},"geometry":{"type":"Point","coordinates":[-76.7585085,39.0189625]}},{"type":"Feature","id":418,"properties":{"building_id":"proctor","floor":1,"id":418,"metadata":{"category":"room","keywords":["JP-256 - Education Microtech LAB"]},"name":"JP-256 - Education Microtech LAB","type":"room"},"geometry":{"type":"Point","coordinates":[-76.7604367,39.0193601]}},{"type":"Feature","id":419,"properties":{"building_id":"proctor","floor":1,"id":419,"metadata":{"category":"room","keywords":["JP-243 - Computer LAB"]},"name":"JP-243 - Computer LAB","type":"room"},"geometry":{"type":"Point","coordinates":[-76.7605247,39.0192846]}},{"type":"Feature","id":420,"properties":{"building_id":"cnsmn","floor":1,"id":420,"metadata":{"category":"non public"},"name":"CNSMN-2127","type":"room"},"geometry":{"type":"Point","coordinates":[-76.758447,39.0190289]}},{"type":"Feature","id":421,"properties":{"building_id":"cbgs","floor":1,"id":421,"metadata":{"category":"room","keywords":["CBGS-2200 - Business Observation"]},"name":"CBGS-2200 - Business Observation","type":"room"},"geometry":{"type":"Point","coordinates":[-76.761557,39.0169551]}},{"type":"Feature","id":422,"properties":{"building_id":"proctor","floor":1,"id":422,"metadata":{"category":"room","keywords":["JP-254 - Education Observation LAB"]},"name":"JP-254 - Education Observation LAB","type":"room"},"geometry":{"type":"Point","coordinates":[-76.7605493,39.0193956]}},{"type":"Feature","id":423,"properties":{"building_id":"cnsmn","floor":1,"id":423,"metadata":{"category":"room"},"name":"CNSMN-2180","type":"room"},"geometry":{"type":"Point","coordinates":[-76.758959,39.0185897]}},{"type":"Feature","id":424,"properties":{"building_id":"lib","floor":-1,"id":424,"metadata":{"category":"room","keywords":["LIB-080D - Manager's Office"]},"name":"LIB-080D - Manager's Office","type":"room"},"geometry":{"type":"Point","coordinates":[-76.7598477,39.0184174]}},{"type":"Feature","id":425,"properties":{"building_id":"lib","floor":-1,"id":425,"metadata":{"category":"room","keywords":["LIB-080C - Classroom"]},"name":"LIB-080C - Classroom","type":"room"},"geometry":{"type":"Point","coordinates":[-76.7598735,39.0183748]}},{"type":"Feature","id":426,"properties":{"building_id":"lib","floor":-1,"id":426,"metadata":{"category":"room","keywords":["LIB-001A - OFFICE"],"description":"Division of Information Technology Suite"},"name":"LIB-001A - OFFICE","type":"room"},"geometry":{"type":"Point","coordinates":[-76.7593578,39.0180157]}},{"type":"Feature","id":427,"properties":{"building_id":"proctor","floor":2,"id":427,"metadata":{"category":"room","keywords":["JP-374 - OFFICE"]},"name":"JP-374 - OFFICE","type":"room"},"geometry":{"type":"Point","coordinates":[-76.7603884,39.0196131]}},{"type":"Feature","id":428,"properties":{"building_id":"proctor","floor":0,"id":428,"metadata":{"category":"room","keywords":["JP-104 - Shared Computer LAB"]},"name":"JP-104 - Shared Computer LAB","type":"room"},"geometry":{"type":"Point","coordinates":[-76.7607077,39.019233]}},{"type":"Feature","id":429,"properties":{"building_id":"proctor","floor":0,"id":429,"metadata":{"category":"non public","keywords":["JP-107 - Non Public"]},"name":"JP-107 - Non Public","type":"room"},"geometry":{"type":"Point","coordinates":[-76.7606847,39.0191334]}},{"type":"Feature","id":430,"properties":{"building_id":"proctor","floor":2,"id":430,"metadata":{"category":"room","keywords":["JP-384 - OFFICE"]},"name":"JP-384 - OFFICE","type":"room"},"geometry":{"type":"Point","coordinates":[-76.7602626,39.0196116]}},{"type":"Feature","id":431,"properties":{"building_id":"proctor","floor":2,"id":431,"metadata":{"category":"room","keywords":["JP-371 - OFFICE"]},"name":"JP-371 - OFFICE","type":"room"},"geometry":{"type":"Point","coordinates":[-76.7603252,39.0196782]}},{"type":"Feature","id":432,"properties":{"building_id":"lib","floor":-1,"id":432,"metadata":{"category":"room","keywords":["LIB-001D - OFFICE"]},"name":"LIB-001D - OFFICE","type":"room"},"geometry":{"type":"Point","coordinates":[-76.7592784,39.0180492]}},{"type":"Feature","id":433,"properties":{"building_id":"ha","floor":1,"id":433,"metadata":{"category":"room","keywords":["HA-2100 - Board Meeting RM"]},"name":"HA-2100 - Board Meeting RM","type":"room"},"geometry":{"type":"Point","coordinates":[-76.7603957,39.0183759]}},{"type":"Feature","id":434,"properties":{"building_id":"proctor","floor":2,"id":434,"metadata":{"category":"room","keywords":["JP-378 - OFFICE"]},"name":"JP-378 - OFFICE","type":"room"},"geometry":{"type":"Point","coordinates":[-76.7604723,39.0195265]}},{"type":"Feature","id":435,"properties":{"building_id":"lib","floor":-1,"id":435,"metadata":{"category":"room","keywords":["LIB-080E - Technician Office"]},"name":"LIB-080E - Technician Office","type":"room"},"geometry":{"type":"Point","coordinates":[-76.7598225,39.0184435]}},{"type":"Feature","id":436,"properties":{"building_id":"proctor","floor":2,"id":436,"metadata":{"category":"room","keywords":["JP-372 - OFFICE"]},"name":"JP-372 - OFFICE","type":"room"},"geometry":{"type":"Point","coordinates":[-76.7603462,39.0196566]}},{"type":"Feature","id":437,"properties":{"building_id":"proctor","floor":0,"id":437,"metadata":{"category":"non public","keywords":["JP-102C - Non Public"]},"name":"JP-102C - Non Public","type":"room"},"geometry":{"type":"Point","coordinates":[-76.7603413,39.019322]}},{"type":"Feature","id":438,"properties":{"building_id":"proctor","floor":0,"id":438,"metadata":{"category":"room"},"name":"JP-118 - eSports Arena","type":"room"},"geometry":{"type":"Point","coordinates":[-76.7601216,39.0193796]}},{"type":"Feature","id":439,"properties":{"building_id":"proctor","floor":2,"id":439,"metadata":{"category":"room","keywords":["JP-382 - OFFICE"]},"name":"JP-382 - OFFICE","type":"room"},"geometry":{"type":"Point","coordinates":[-76.7602925,39.0196291]}},{"type":"Feature","id":440,"properties":{"building_id":"proctor","floor":2,"id":440,"metadata":{"category":"room","keywords":["JP-376 - OFFICE"]},"name":"JP-376 - OFFICE","type":"room"},"geometry":{"type":"Point","coordinates":[-76.7604334,39.019573]}},{"type":"Feature","id":441,"properties":{"building_id":"proctor","floor":0,"id":441,"metadata":{"category":"non public","keywords":["JP-104A - Non Public"]},"name":"JP-104A - Non Public","type":"room"},"geometry":{"type":"Point","coordinates":[-76.760769,39.0192013]}},{"type":"Feature","id":442,"properties":{"building_id":"proctor","floor":0,"id":442,"metadata":{"category":"room","keywords":["JP-115 - Student Lounge"]},"name":"JP-115 - Student Lounge","type":"room"},"geometry":{"type":"Point","coordinates":[-76.7604613,39.0190217]}},{"type":"Feature","id":443,"properties":{"building_id":"proctor","floor":0,"id":443,"metadata":{"category":"non public","keywords":["JP-008 - Non Public"]},"name":"JP-008 - Non Public","type":"room"},"geometry":{"type":"Point","coordinates":[-76.7604126,39.0194455]}},{"type":"Feature","id":444,"properties":{"building_id":"ha","floor":1,"id":444,"metadata":{"category":"room","keywords":["HA-2500 - Office of Student Affairs"]},"name":"HA-2500 - Office of Student Affairs","type":"room"},"geometry":{"type":"Point","coordinates":[-76.7608802,39.0185701]}},{"type":"Feature","id":445,"properties":{"building_id":"proctor","floor":2,"id":445,"metadata":{"category":"room","keywords":["JP-380 - OFFICE"]},"name":"JP-380 - OFFICE","type":"room"},"geometry":{"type":"Point","coordinates":[-76.7604164,39.0195042]}},{"type":"Feature","id":446,"properties":{"building_id":"proctor","floor":0,"id":446,"metadata":{"category":"non public","keywords":["JP-117 - Lecture Hall"]},"name":"JP-117 - Lecture Hall","type":"room"},"geometry":{"type":"Point","coordinates":[-76.7605379,39.019174]}},{"type":"Feature","id":447,"properties":{"building_id":"proctor","floor":0,"id":447,"metadata":{"category":"non public","keywords":["JP-117 - Lecture Hall"]},"name":"JP-117 - Lecture Hall","type":"room"},"geometry":{"type":"Point","coordinates":[-76.7604527,39.019207]}},{"type":"Feature","id":448,"properties":{"building_id":"proctor","floor":0,"id":448,"metadata":{"category":"non public","keywords":["JP-117 - Lecture Hall"]},"name":"JP-117 - Lecture Hall","type":"room"},"geometry":{"type":"Point","coordinates":[-76.760497,39.0191495]}},{"type":"Feature","id":449,"properties":{"building_id":"proctor","floor":0,"id":449,"metadata":{"category":"non public","keywords":["JP-117 - Lecture Hall"]},"name":"JP-117 - Lecture Hall","type":"room"},"geometry":{"type":"Point","coordinates":[-76.7605883,39.0191067]}},{"type":"Feature","id":450,"properties":{"building_id":"lib","floor":-1,"id":450,"metadata":{"category":"room","keywords":["LIB-001C - OFFICE"]},"name":"LIB-001C - OFFICE","type":"room"},"geometry":{"type":"Point","coordinates":[-76.7592987,39.0180257]}},{"type":"Feature","id":451,"properties":{"building_id":"lib","floor":-1,"id":451,"metadata":{"category":"room","keywords":["LIB-001B - OFFICE"]},"name":"LIB-001B - OFFICE","type":"room"},"geometry":{"type":"Point","coordinates":[-76.7593232,39.0180016]}},{"type":"Feature","id":452,"properties":{"building_id":"lib","floor":-1,"id":452,"metadata":{"category":"room","keywords":["Disability Support Service"]},"name":"LIB-078 - Disability Support Service","type":"room"},"geometry":{"type":"Point","coordinates":[-76.7599241,39.0181624]}},{"type":"Feature","id":453,"properties":{"building_id":"proctor","floor":-1,"id":453,"metadata":{"category":"non public","keywords":["JP-005 - Non Public"]},"name":"JP-005 - Non Public","type":"room"},"geometry":{"type":"Point","coordinates":[-76.7604035,39.0194766]}},{"type":"Feature","id":454,"properties":{"building_id":"lib","floor":-1,"id":454,"metadata":{"category":"room","keywords":["LIB-080I - OFFICE"]},"name":"LIB-080I - OFFICE","type":"room"},"geometry":{"type":"Point","coordinates":[-76.7596707,39.0185033]}},{"type":"Feature","id":455,"properties":{"building_id":"proctor","floor":2,"id":455,"metadata":{"category":"room","keywords":["JP-373 - OFFICE"]},"name":"JP-373 - OFFICE","type":"room"},"geometry":{"type":"Point","coordinates":[-76.7603737,39.0196387]}},{"type":"Feature","id":456,"properties":{"building_id":"proctor","floor":0,"id":456,"metadata":{"category":"room","keywords":["JP-110 - Classroom"]},"name":"JP-110 - Classroom","type":"room"},"geometry":{"type":"Point","coordinates":[-76.7608596,39.0191213]}},{"type":"Feature","id":457,"properties":{"building_id":"proctor","floor":2,"id":457,"metadata":{"category":"room","keywords":["JP-375 - OFFICE"]},"name":"JP-375 - OFFICE","type":"room"},"geometry":{"type":"Point","coordinates":[-76.7604094,39.0195914]}},{"type":"Feature","id":458,"properties":{"building_id":"proctor","floor":0,"id":458,"metadata":{"category":"non public","keywords":["JP-112A - Non Public"]},"name":"JP-112A - Non Public","type":"room"},"geometry":{"type":"Point","coordinates":[-76.7606801,39.0189315]}},{"type":"Feature","id":459,"properties":{"building_id":"proctor","floor":-1,"id":459,"metadata":{"category":"non public"},"name":"JP-002 - Non Public","type":"room"},"geometry":{"type":"Point","coordinates":[-76.7604303,39.0195522]}},{"type":"Feature","id":460,"properties":{"building_id":"proctor","floor":0,"id":460,"metadata":{"category":"non public"},"name":"JP-002 - Non Public","type":"room"},"geometry":{"type":"Point","coordinates":[-76.7604211,39.0195452]}},{"type":"Feature","id":461,"properties":{"building_id":"proctor","floor":0,"id":461,"metadata":{"category":"room","keywords":["JP-111 - Classroom"]},"name":"JP-111 - Classroom","type":"room"},"geometry":{"type":"Point","coordinates":[-76.7608361,39.0190202]}},{"type":"Feature","id":462,"properties":{"building_id":"lib","floor":-1,"id":462,"metadata":{"category":"room","keywords":["LIB-077 - Auditorium Lecture Hall"]},"name":"LIB-077 - Auditorium Lecture Hall","type":"room"},"geometry":{"type":"Point","coordinates":[-76.7600398,39.0181372]}},{"type":"Feature","id":463,"properties":{"building_id":"proctor","floor":0,"id":463,"metadata":{"category":"room","keywords":["JP-114 - Classroom"]},"name":"JP-114 - Classroom","type":"room"},"geometry":{"type":"Point","coordinates":[-76.7606232,39.0189597]}},{"type":"Feature","id":464,"properties":{"building_id":"lib","floor":-1,"id":464,"metadata":{"category":"room","keywords":["LIB-080A - Classroom"]},"name":"LIB-080A - Classroom","type":"room"},"geometry":{"type":"Point","coordinates":[-76.7598066,39.0183046]}},{"type":"Feature","id":465,"properties":{"building_id":"proctor","floor":0,"id":465,"metadata":{"category":"room","keywords":["JP-102 - Lecture Hall"]},"name":"JP-102 - Lecture Hall","type":"room"},"geometry":{"type":"Point","coordinates":[-76.7604889,39.0193231]}},{"type":"Feature","id":466,"properties":{"building_id":"lib","floor":-1,"id":466,"metadata":{"category":"room","keywords":["DSS Adaptive Technology Lab"]},"name":"LIB-079 - DSS Adaptive Technology Lab","type":"room"},"geometry":{"type":"Point","coordinates":[-76.7598751,39.018219]}},{"type":"Feature","id":467,"properties":{"building_id":"proctor","floor":2,"id":467,"metadata":{"category":"room","keywords":["JP-377 - OFFICE"]},"name":"JP-377 - OFFICE","type":"room"},"geometry":{"type":"Point","coordinates":[-76.7604514,39.019548]}},{"type":"Feature","id":468,"properties":{"building_id":"proctor","floor":0,"id":468,"metadata":{"category":"non public","keywords":["JP-102E - Non Public"]},"name":"JP-102E - Non Public","type":"room"},"geometry":{"type":"Point","coordinates":[-76.7606297,39.0193146]}},{"type":"Feature","id":469,"properties":{"building_id":"proctor","floor":0,"id":469,"metadata":{"category":"non public","keywords":["JP-102B - Non Public"]},"name":"JP-102B - Non Public","type":"room"},"geometry":{"type":"Point","coordinates":[-76.7604134,39.0192716]}},{"type":"Feature","id":470,"properties":{"building_id":"proctor","floor":2,"id":470,"metadata":{"category":"room","keywords":["JP-379 - OFFICE"]},"name":"JP-379 - OFFICE","type":"room"},"geometry":{"type":"Point","coordinates":[-76.7604932,39.0195049]}},{"type":"Feature","id":471,"properties":{"building_id":"proctor","floor":0,"id":471,"metadata":{"category":"room","keywords":["JP-112 - Interactive LAB"]},"name":"JP-112 - Interactive LAB","type":"room"},"geometry":{"type":"Point","coordinates":[-76.760754,39.0189712]}},{"type":"Feature","id":472,"properties":{"building_id":"lib","floor":-1,"id":472,"metadata":{"category":"room","keywords":["LIB-001E - OFFICE"]},"name":"LIB-001E - OFFICE","type":"room"},"geometry":{"type":"Point","coordinates":[-76.7592859,39.0180799]}},{"type":"Feature","id":473,"properties":{"building_id":"ha","floor":1,"id":473,"metadata":{"category":"room","keywords":["HA-2700 - Office of Administration & Finance"]},"name":"HA-2700 - Office of Administration & Finance","type":"room"},"geometry":{"type":"Point","coordinates":[-76.7607541,39.0183466]}},{"type":"Feature","id":474,"properties":{"building_id":"proctor","floor":2,"id":474,"metadata":{"category":"room","keywords":["JP-381 - OFFICE"]},"name":"JP-381 - OFFICE","type":"room"},"geometry":{"type":"Point","coordinates":[-76.7603159,39.0196049]}},{"type":"Feature","id":475,"properties":{"building_id":"lib","floor":-1,"id":475,"metadata":{"category":"room","keywords":["LIB-080F - Engineer's Office"]},"name":"LIB-080F - Engineer's Office","type":"room"},"geometry":{"type":"Point","coordinates":[-76.7597998,39.0184669]}},{"type":"Feature","id":476,"properties":{"building_id":"proctor","floor":0,"id":476,"metadata":{"category":"non public","keywords":["JP-111A - Non Public"]},"name":"JP-111A - Non Public","type":"room"},"geometry":{"type":"Point","coordinates":[-76.7609046,39.0190633]}},{"type":"Feature","id":477,"properties":{"building_id":"proctor","floor":2,"id":477,"metadata":{"category":"room","keywords":["JP-383 - Bachelors in Health Science Department"]},"name":"JP-383 - Bachelors in Health Science Department","type":"room"},"geometry":{"type":"Point","coordinates":[-76.7602859,39.0195874]}},{"type":"Feature","id":478,"properties":{"building_id":"cnsmn","floor":0,"id":478,"metadata":{"category":"non public"},"name":"CNSMN-1116","type":"room"},"geometry":{"type":"Point","coordinates":[-76.7585834,39.0190229]}},{"type":"Feature","id":479,"properties":{"building_id":"cnsmn","floor":2,"id":479,"metadata":{"category":"room","keywords":["CNSMN-3266 - Natural Science FACULTY OFFICE"]},"name":"CNSMN-3266 - Natural Science FACULTY OFFICE","type":"room"},"geometry":{"type":"Point","coordinates":[-76.7592903,39.0188267]}},{"type":"Feature","id":480,"properties":{"building_id":"cnsmn","floor":2,"id":480,"metadata":{"category":"room","keywords":["CNSMN-3240 - Natural Science FACULTY OFFICE"]},"name":"CNSMN-3240 - Natural Science FACULTY OFFICE","type":"room"},"geometry":{"type":"Point","coordinates":[-76.7591588,39.0188781]}},{"type":"Feature","id":481,"properties":{"building_id":"cs","floor":0,"id":481,"metadata":{"category":"room","keywords":["CS-107C - Computer Science Study RM"]},"name":"CS-107C - Computer Science Study RM","type":"room"},"geometry":{"type":"Point","coordinates":[-76.7594695,39.0173922]}},{"type":"Feature","id":482,"properties":{"building_id":"cnsmn","floor":2,"id":482,"metadata":{"category":"room","keywords":["CNSMN-3256 - Natural Science FACULTY OFFICE"]},"name":"CNSMN-3256 - Natural Science FACULTY OFFICE","type":"room"},"geometry":{"type":"Point","coordinates":[-76.7591794,39.0189411]}},{"type":"Feature","id":483,"properties":{"building_id":"cnsmn","floor":2,"id":483,"metadata":{"category":"room","keywords":["CNSMN-3276 - Natural Science DEPT CHAIR"]},"name":"CNSMN-3276 - Natural Science DEPT CHAIR","type":"room"},"geometry":{"type":"Point","coordinates":[-76.7592781,39.0187647]}},{"type":"Feature","id":484,"properties":{"building_id":"cnsmn","floor":2,"id":484,"metadata":{"category":"room","keywords":["CNSMN-3242 - Natural Science FACULTY OFFICE"]},"name":"CNSMN-3242 - Natural Science FACULTY OFFICE","type":"room"},"geometry":{"type":"Point","coordinates":[-76.7591851,39.0188509]}},{"type":"Feature","id":485,"properties":{"building_id":"cnsmn","floor":0,"id":485,"metadata":{"category":"room","keywords":["CNSMN-1157 - Quantitative Analysis LAB"]},"name":"CNSMN-1157 - Quantitative Analysis LAB","type":"room"},"geometry":{"type":"Point","coordinates":[-76.7586646,39.0187877]}},{"type":"Feature","id":486,"properties":{"building_id":"cbgs","floor":2,"id":486,"metadata":{"category":"room","keywords":["CBGS-3348 - ACC Faculty Office"]},"name":"CBGS-3348 - ACC Faculty Office","type":"room"},"geometry":{"type":"Point","coordinates":[-76.7614959,39.0164243]}},{"type":"Feature","id":487,"properties":{"building_id":"cnsmn","floor":2,"id":487,"metadata":{"category":"room","keywords":["CNSMN-3278 - Natural Science FACULTY LOUNGE"]},"name":"CNSMN-3278 - Natural Science FACULTY LOUNGE","type":"room"},"geometry":{"type":"Point","coordinates":[-76.7593318,39.0187678]}},{"type":"Feature","id":488,"properties":{"building_id":"cnsmn","floor":0,"id":488,"metadata":{"category":"room","keywords":["CNSMN-1120 - Earth & Physical Science Prep Room"]},"name":"CNSMN-1120 - Earth & Physical Science Prep Room","type":"room"},"geometry":{"type":"Point","coordinates":[-76.7586004,39.0189938]}},{"type":"Feature","id":489,"properties":{"building_id":"cnsmn","floor":0,"id":489,"metadata":{"category":"room","keywords":["CNSMN-1104 - Faculty Office"]},"name":"CNSMN-1104 - Faculty Office","type":"room"},"geometry":{"type":"Point","coordinates":[-76.7584731,39.0190931]}},{"type":"Feature","id":490,"properties":{"building_id":"cs","floor":0,"id":490,"metadata":{"category":"room","keywords":["CS-108 - Computer Science Lecture RM"]},"name":"CS-108 - Computer Science Lecture RM","type":"room"},"geometry":{"type":"Point","coordinates":[-76.7593356,39.0173525]}},{"type":"Feature","id":491,"properties":{"building_id":"cnsmn","floor":0,"id":491,"metadata":{"category":"room","keywords":["CNSMN-1122 - Earth & Physical Science Astronomy LAB"]},"name":"CNSMN-1122 - Earth & Physical Science Astronomy LAB","type":"room"},"geometry":{"type":"Point","coordinates":[-76.7586436,39.018932]}},{"type":"Feature","id":492,"properties":{"building_id":"cnsmn","floor":0,"id":492,"metadata":{"category":"room","keywords":["CNSMN-1124 - Lockers"]},"name":"CNSMN-1124 - Lockers","type":"room"},"geometry":{"type":"Point","coordinates":[-76.7587146,39.0188789]}},{"type":"Feature","id":493,"properties":{"building_id":"cbgs","floor":2,"id":493,"metadata":{"category":"room","keywords":["CBGS-3352 - ACC Faculty Office"]},"name":"CBGS-3352 - ACC Faculty Office","type":"room"},"geometry":{"type":"Point","coordinates":[-76.7615374,39.0163815]}},{"type":"Feature","id":494,"properties":{"building_id":"cnsmn","floor":0,"id":494,"metadata":{"category":"room","keywords":["CNSMN-1159 - Chemistry LAB #1"]},"name":"CNSMN-1159 - Chemistry LAB #1","type":"room"},"geometry":{"type":"Point","coordinates":[-76.758745,39.0187047]}},{"type":"Feature","id":495,"properties":{"building_id":"cnsmn","floor":0,"id":495,"metadata":{"category":"room","keywords":["CNSMN-1163 - General Chemistry LAB #2"]},"name":"CNSMN-1163 - General Chemistry LAB #2","type":"room"},"geometry":{"type":"Point","coordinates":[-76.7588624,39.0185868]}},{"type":"Feature","id":496,"properties":{"building_id":"cnsmn","floor":2,"id":496,"metadata":{"category":"room","keywords":["CNSMN-3236 - Natural Science FACULTY OFFICE"]},"name":"CNSMN-3236 - Natural Science FACULTY OFFICE","type":"room"},"geometry":{"type":"Point","coordinates":[-76.7591062,39.0189324]}},{"type":"Feature","id":497,"properties":{"building_id":"cnsmn","floor":2,"id":497,"metadata":{"category":"room","keywords":["CNSMN-3258 - Natural Science FACULTY OFFICE"]},"name":"CNSMN-3258 - Natural Science FACULTY OFFICE","type":"room"},"geometry":{"type":"Point","coordinates":[-76.7592016,39.0189182]}},{"type":"Feature","id":498,"properties":{"building_id":"cnsmn","floor":0,"id":498,"metadata":{"category":"room","keywords":["CNSMN-1161 - Chemistry Prep Room"]},"name":"CNSMN-1161 - Chemistry Prep Room","type":"room"},"geometry":{"type":"Point","coordinates":[-76.7587776,39.0186342]}},{"type":"Feature","id":499,"properties":{"building_id":"cnsmn","floor":2,"id":499,"metadata":{"category":"non public"},"name":"CNSMN-3251","type":"room"},"geometry":{"type":"Point","coordinates":[-76.7587832,39.0191407]}},{"type":"Feature","id":500,"properties":{"building_id":"cnsmn","floor":0,"id":500,"metadata":{"category":"non public"},"name":"CNSMN-1160","type":"room"},"geometry":{"type":"Point","coordinates":[-76.7588576,39.0187166]}},{"type":"Feature","id":501,"properties":{"building_id":"cnsmn","floor":0,"id":501,"metadata":{"category":"room","keywords":["CNSMN-1110 - Tech Office"]},"name":"CNSMN-1110 - Tech Office","type":"room"},"geometry":{"type":"Point","coordinates":[-76.7585405,39.0190666]}},{"type":"Feature","id":502,"properties":{"building_id":"cnsmn","floor":-1,"id":502,"metadata":{"category":"room","keywords":["CNSMN-0114a - Lecture Room"]},"name":"CNSMN-0114a - Lecture Room","type":"room"},"geometry":{"type":"Point","coordinates":[-76.7589987,39.018587]}},{"type":"Feature","id":503,"properties":{"building_id":"cbgs","floor":2,"id":503,"metadata":{"category":"room","keywords":["CBGS-3345 - ACC Faculty Office"]},"name":"CBGS-3345 - ACC Faculty Office","type":"room"},"geometry":{"type":"Point","coordinates":[-76.7616246,39.0163682]}},{"type":"Feature","id":504,"properties":{"building_id":"cnsmn","floor":2,"id":504,"metadata":{"category":"room","keywords":["CNSMN-3250 - Natural Science FACULTY OFFICE"]},"name":"CNSMN-3250 - Natural Science FACULTY OFFICE","type":"room"},"geometry":{"type":"Point","coordinates":[-76.7591091,39.0190075]}},{"type":"Feature","id":505,"properties":{"building_id":"cnsmn","floor":0,"id":505,"metadata":{"category":"non public"},"name":"CNSMN-1125","type":"room"},"geometry":{"type":"Point","coordinates":[-76.7585843,39.0188663]}},{"type":"Feature","id":506,"properties":{"building_id":"cnsmn","floor":0,"id":506,"metadata":{"category":"room","keywords":["CNSMN-1105 - Biology Active Learning LAB #2"]},"name":"CNSMN-1105 - Biology Active Learning LAB #2","type":"room"},"geometry":{"type":"Point","coordinates":[-76.758479,39.0189793]}},{"type":"Feature","id":507,"properties":{"building_id":"cs","floor":0,"id":507,"metadata":{"category":"room","keywords":["CS-101A - Computer Science Vending Machines"]},"name":"CS-101A - Computer Science Vending Machines","type":"room"},"geometry":{"type":"Point","coordinates":[-76.7593982,39.0175451]}},{"type":"Feature","id":508,"properties":{"building_id":"cnsmn","floor":2,"id":508,"metadata":{"category":"room","keywords":["CNSMN-3264 - Natural Science FACULTY OFFICE"]},"name":"CNSMN-3264 - Natural Science FACULTY OFFICE","type":"room"},"geometry":{"type":"Point","coordinates":[-76.7592682,39.0188495]}},{"type":"Feature","id":509,"properties":{"building_id":"cnsmn","floor":0,"id":509,"metadata":{"category":"room","keywords":["CNSMN-1162 - Organic Chemistry Prep Room"]},"name":"CNSMN-1162 - Organic Chemistry Prep Room","type":"room"},"geometry":{"type":"Point","coordinates":[-76.7589046,39.0187097]}},{"type":"Feature","id":510,"properties":{"building_id":"cnsmn","floor":2,"id":510,"metadata":{"category":"room","keywords":["CNSMN-3262 - Natural Science FACULTY OFFICE"]},"name":"CNSMN-3262 - Natural Science FACULTY OFFICE","type":"room"},"geometry":{"type":"Point","coordinates":[-76.759246,39.0188723]}},{"type":"Feature","id":511,"properties":{"building_id":"cs","floor":0,"id":511,"metadata":{"category":"room","keywords":["CS-107I - Computer Science Tutoring"]},"name":"CS-107I - Computer Science Tutoring","type":"room"},"geometry":{"type":"Point","coordinates":[-76.7594715,39.0173513]}},{"type":"Feature","id":512,"properties":{"building_id":"cnsmn","floor":0,"id":512,"metadata":{"category":"room","keywords":["CNSMN-1112 - Tech Office"]},"name":"CNSMN-1112 - Tech Office","type":"room"},"geometry":{"type":"Point","coordinates":[-76.7585699,39.0190838]}},{"type":"Feature","id":513,"properties":{"building_id":"cnsmn","floor":2,"id":513,"metadata":{"category":"room","keywords":["CNSMN-3244 - Natural Science FACULTY OFFICE"]},"name":"CNSMN-3244 - Natural Science FACULTY OFFICE","type":"room"},"geometry":{"type":"Point","coordinates":[-76.7592114,39.0188237]}},{"type":"Feature","id":514,"properties":{"building_id":"cnsmn","floor":0,"id":514,"metadata":{"category":"room","keywords":["CNSMN-1108 - Tech Office"]},"name":"CNSMN-1108 - Tech Office","type":"room"},"geometry":{"type":"Point","coordinates":[-76.7585115,39.0190496]}},{"type":"Feature","id":515,"properties":{"building_id":"cnsmn","floor":2,"id":515,"metadata":{"category":"room","keywords":["CNSMN-3272 - Natural Science ADMIN WK SPACE"]},"name":"CNSMN-3272 - Natural Science ADMIN WK SPACE","type":"room"},"geometry":{"type":"Point","coordinates":[-76.7592318,39.0187608]}},{"type":"Feature","id":516,"properties":{"building_id":"cbgs","floor":2,"id":516,"metadata":{"category":"room","keywords":["CBGS-3350 - ACC Faculty Office"]},"name":"CBGS-3350 - ACC Faculty Office","type":"room"},"geometry":{"type":"Point","coordinates":[-76.7615171,39.0164024]}},{"type":"Feature","id":517,"properties":{"building_id":"cs","floor":0,"id":517,"metadata":{"category":"room","keywords":["CS-107B - Computer Science Tutoring RM #2"]},"name":"CS-107B - Computer Science Tutoring RM #2","type":"room"},"geometry":{"type":"Point","coordinates":[-76.759443,39.0173837]}},{"type":"Feature","id":518,"properties":{"building_id":"cbgs","floor":2,"id":518,"metadata":{"category":"room","keywords":["CBGS-3346 - ACC Faculty Office"]},"name":"CBGS-3346 - ACC Faculty Office","type":"room"},"geometry":{"type":"Point","coordinates":[-76.7614748,39.0164462]}},{"type":"Feature","id":519,"properties":{"building_id":"cs","floor":0,"id":519,"metadata":{"category":"room","keywords":["CS-107A - Computer Science  Tutoring RM #1"]},"name":"CS-107A - Computer Science Tutoring RM #1","type":"room"},"geometry":{"type":"Point","coordinates":[-76.7594109,39.0173775]}},{"type":"Feature","id":520,"properties":{"building_id":"cnsmn","floor":0,"id":520,"metadata":{"category":"room","keywords":["CNSMN-1101 - Biology Active Learning LAB #1"]},"name":"CNSMN-1101 - Biology Active Learning LAB #1","type":"room"},"geometry":{"type":"Point","coordinates":[-76.7583731,39.0190967]}},{"type":"Feature","id":521,"properties":{"building_id":"cs","floor":0,"id":521,"metadata":{"category":"room","keywords":["CS-107E - Computer Science Office"]},"name":"CS-107E - Computer Science Office","type":"room"},"geometry":{"type":"Point","coordinates":[-76.7595054,39.0174238]}},{"type":"Feature","id":522,"properties":{"building_id":"cnsmn","floor":0,"id":522,"metadata":{"category":"room","keywords":["CNSMN-1165 - GEN Chemistry Instruments"]},"name":"CNSMN-1165 - General Chemistry Instruments","type":"room"},"geometry":{"type":"Point","coordinates":[-76.7589004,39.0185344]}},{"type":"Feature","id":523,"properties":{"building_id":"cnsmn","floor":2,"id":523,"metadata":{"category":"room","keywords":["CNSMN-3252 - Natural Science FACULTY OFFICE"]},"name":"CNSMN-3252 - Natural Science FACULTY OFFICE","type":"room"},"geometry":{"type":"Point","coordinates":[-76.7591353,39.0189866]}},{"type":"Feature","id":524,"properties":{"building_id":"cnsmn","floor":2,"id":524,"metadata":{"category":"room","keywords":["CNSMN-3254 - Natural Science FACULTY OFFICE"]},"name":"CNSMN-3254 - Natural Science FACULTY OFFICE","type":"room"},"geometry":{"type":"Point","coordinates":[-76.7591574,39.0189638]}},{"type":"Feature","id":525,"properties":{"building_id":"cnsmn","floor":2,"id":525,"metadata":{"category":"non public"},"name":"CNSMN-3274","type":"room"},"geometry":{"type":"Point","coordinates":[-76.7592473,39.0187916]}},{"type":"Feature","id":526,"properties":{"building_id":"cnsmn","floor":2,"id":526,"metadata":{"category":"non public"},"name":"CNSMN-3253","type":"room"},"geometry":{"type":"Point","coordinates":[-76.7590655,39.0187965]}},{"type":"Feature","id":527,"properties":{"building_id":"cnsmn","floor":0,"id":527,"metadata":{"category":"room","keywords":["CNSMN-1201 - Vending"]},"name":"CNSMN-1201 - Vending","type":"room"},"geometry":{"type":"Point","coordinates":[-76.758689,39.0191986]}},{"type":"Feature","id":528,"properties":{"building_id":"cnsmn","floor":0,"id":528,"metadata":{"category":"non public"},"name":"CNSMN-1167a","type":"room"},"geometry":{"type":"Point","coordinates":[-76.7589276,39.0184864]}},{"type":"Feature","id":529,"properties":{"building_id":"cbgs","floor":2,"id":529,"metadata":{"category":"room","keywords":["CBGS-3354 - Workspace ACC Faculty Office"]},"name":"CBGS-3354 - Workspace ACC Faculty Office","type":"room"},"geometry":{"type":"Point","coordinates":[-76.7615822,39.0163355]}},{"type":"Feature","id":530,"properties":{"building_id":"cnsmn","floor":-1,"id":530,"metadata":{"category":"room","keywords":["CNSMN-0114b - Lecture Room"]},"name":"CNSMN-0114b - Lecture Room","type":"room"},"geometry":{"type":"Point","coordinates":[-76.7590322,39.0186066]}},{"type":"Feature","id":531,"properties":{"building_id":"cs","floor":0,"id":531,"metadata":{"category":"room","keywords":["CS-106 - Computer Science Virtual Reality LAB"]},"name":"CS-106 - Computer Science Virtual Reality LAB","type":"room"},"geometry":{"type":"Point","coordinates":[-76.7593032,39.0174564]}},{"type":"Feature","id":532,"properties":{"building_id":"cs","floor":0,"id":532,"metadata":{"category":"room","keywords":["CS-107G - Computer Science Office"]},"name":"CS-107G - Computer Science Office","type":"room"},"geometry":{"type":"Point","coordinates":[-76.759542,39.017363]}},{"type":"Feature","id":533,"properties":{"building_id":"cnsmn","floor":2,"id":533,"metadata":{"category":"room","keywords":["CNSMN-3260 - Natural Science FACULTY OFFICE"]},"name":"CNSMN-3260 - Natural Science FACULTY OFFICE","type":"room"},"geometry":{"type":"Point","coordinates":[-76.7592239,39.0188952]}},{"type":"Feature","id":534,"properties":{"building_id":"cs","floor":0,"id":534,"metadata":{"category":"room","keywords":["CS-107 - Computer Science PRISM Center"]},"name":"CS-107 - Computer Science PRISM Center","type":"room"},"geometry":{"type":"Point","coordinates":[-76.7594305,39.0174326]}},{"type":"Feature","id":535,"properties":{"building_id":"cnsmn","floor":-1,"id":535,"metadata":{"category":"room","keywords":["CNSMN-0114 - Image Core LAB"]},"name":"CNSMN-0114 - Image Core LAB","type":"room"},"geometry":{"type":"Point","coordinates":[-76.7590217,39.0185633]}},{"type":"Feature","id":536,"properties":{"building_id":"cnsmn","floor":2,"id":536,"metadata":{"category":"room","keywords":["CNSMN-3280 - Natural Science CONFERENCE RM"]},"name":"CNSMN-3280 - Natural Science CONFERENCE RM","type":"room"},"geometry":{"type":"Point","coordinates":[-76.7592473,39.0186638]}},{"type":"Feature","id":537,"properties":{"building_id":"cnsmn","floor":-1,"id":537,"metadata":{"category":"room","keywords":["CNSMN-0114c - Lecture Room"]},"name":"CNSMN-0114c - Lecture Room","type":"room"},"geometry":{"type":"Point","coordinates":[-76.7590551,39.0185828]}},{"type":"Feature","id":538,"properties":{"building_id":"cnsmn","floor":0,"id":538,"metadata":{"category":"room","keywords":["CNSMN-1164 - Organic Chemistry LAB"]},"name":"CNSMN-1164 - Organic Chemistry LAB","type":"room"},"geometry":{"type":"Point","coordinates":[-76.7589502,39.0186192]}},{"type":"Feature","id":539,"properties":{"building_id":"cs","floor":0,"id":539,"metadata":{"category":"room","keywords":["CS-107F - Computer Science Office"]},"name":"CS-107F - Computer Science Office","type":"room"},"geometry":{"type":"Point","coordinates":[-76.7595268,39.0173918]}},{"type":"Feature","id":540,"properties":{"building_id":"cnsmn","floor":0,"id":540,"metadata":{"category":"room","keywords":["CNSMN-1103 - Biology LAB Prep Room"]},"name":"CNSMN-1103 - Biology LAB Prep Room","type":"room"},"geometry":{"type":"Point","coordinates":[-76.7584011,39.0190228]}},{"type":"Feature","id":541,"properties":{"building_id":"cnsmn","floor":2,"id":541,"metadata":{"category":"room","keywords":["CNSMN-3238 -  Natural Science FACULTY OFFICE"]},"name":"CNSMN-3238 -  Natural Science FACULTY OFFICE","type":"room"},"geometry":{"type":"Point","coordinates":[-76.7591326,39.0189052]}},{"type":"Feature","id":542,"properties":{"building_id":"cnsmn","floor":0,"id":542,"metadata":{"category":"non public"},"name":"CNSMN-1201a","type":"room"},"geometry":{"type":"Point","coordinates":[-76.7586455,39.0191833]}},{"type":"Feature","id":543,"properties":{"building_id":"cnsmn","floor":0,"id":543,"metadata":{"category":"room","keywords":["CNSMN-1102 - Faculty Office"]},"name":"CNSMN-1102 - Faculty Office","type":"room"},"geometry":{"type":"Point","coordinates":[-76.7584512,39.0191189]}},{"type":"Feature","id":544,"properties":{"building_id":"cnsmn","floor":2,"id":544,"metadata":{"category":"room","keywords":["CNSMN-3268 - Natural Science FACULTY OFFICE"]},"name":"CNSMN-3268 - Natural Science FACULTY OFFICE","type":"room"},"geometry":{"type":"Point","coordinates":[-76.7593125,39.0188037]}},{"type":"Feature","id":545,"properties":{"building_id":"lib","floor":1,"id":545,"metadata":{"category":"room","keywords":["LIB-25 - Study Carrel"]},"name":"LIB-25 - Study Carrel","type":"room"},"geometry":{"type":"Point","coordinates":[-76.7596378,39.0185376]}},{"type":"Feature","id":546,"properties":{"building_id":"fpa","floor":2,"id":546,"metadata":{"category":"room","keywords":["FPA-3111 - Keyboard LAB"]},"name":"FPA-3111 - Keyboard LAB","type":"room"},"geometry":{"type":"Point","coordinates":[-76.7591822,39.0163625]}},{"type":"Feature","id":547,"properties":{"building_id":"fpa","floor":2,"id":547,"metadata":{"category":"room","keywords":["FPA-3136 - Music Faculty"]},"name":"FPA-3136 - Music Faculty","type":"room"},"geometry":{"type":"Point","coordinates":[-76.759409,39.0160258]}},{"type":"Feature","id":548,"properties":{"building_id":"lib","floor":1,"id":548,"metadata":{"category":"room","keywords":["LIB-2726 - OFFICE"]},"name":"LIB-2726 - OFFICE","type":"room"},"geometry":{"type":"Point","coordinates":[-76.7593564,39.018089]}},{"type":"Feature","id":549,"properties":{"building_id":"fpa","floor":2,"id":549,"metadata":{"category":"room","keywords":["FPA-3129 - AT"]},"name":"FPA-3129 - AT","type":"room"},"geometry":{"type":"Point","coordinates":[-76.7592831,39.0160442]}},{"type":"Feature","id":550,"properties":{"building_id":"lib","floor":1,"id":550,"metadata":{"category":"room","keywords":["LIB-247F - OFFICE"]},"name":"LIB-247F - OFFICE","type":"room"},"geometry":{"type":"Point","coordinates":[-76.7595711,39.0179752]}},{"type":"Feature","id":551,"properties":{"building_id":"lib","floor":1,"id":551,"metadata":{"category":"room","keywords":["LIB-267 - Faculty Office"]},"name":"LIB-267 - Faculty Office","type":"room"},"geometry":{"type":"Point","coordinates":[-76.7593943,39.0179075]}},{"type":"Feature","id":552,"properties":{"building_id":"fpa","floor":2,"id":552,"metadata":{"category":"room","keywords":["FPA-3131 - AT"]},"name":"FPA-3131 - AT","type":"room"},"geometry":{"type":"Point","coordinates":[-76.7593078,39.0160242]}},{"type":"Feature","id":553,"properties":{"building_id":"fpa","floor":2,"id":553,"metadata":{"category":"room","keywords":["FPA-3112 - Theatre"]},"name":"FPA-3112 - Theatre","type":"room"},"geometry":{"type":"Point","coordinates":[-76.7590236,39.0163367]}},{"type":"Feature","id":554,"properties":{"building_id":"fpa","floor":2,"id":554,"metadata":{"category":"room","keywords":["FPA-3128 - AT"]},"name":"FPA-3128 - AT","type":"room"},"geometry":{"type":"Point","coordinates":[-76.7592324,39.0160242]}},{"type":"Feature","id":555,"properties":{"building_id":"lib","floor":1,"id":555,"metadata":{"category":"room","keywords":["LIB-279A -OFFICE"]},"name":"LIB-279A -OFFICE","type":"room"},"geometry":{"type":"Point","coordinates":[-76.7596768,39.0177603]}},{"type":"Feature","id":556,"properties":{"building_id":"lib","floor":1,"id":556,"metadata":{"category":"room","keywords":["LIB-269 - Faculty Office"]},"name":"LIB-269 - Faculty Office","type":"room"},"geometry":{"type":"Point","coordinates":[-76.7593717,39.0179308]}},{"type":"Feature","id":557,"properties":{"building_id":"fpa","floor":2,"id":557,"metadata":{"category":"room","keywords":["FPA-3143 -AT"]},"name":"FPA-3143 -AT","type":"room"},"geometry":{"type":"Point","coordinates":[-76.7592946,39.0160843]}},{"type":"Feature","id":558,"properties":{"building_id":"lib","floor":1,"id":558,"metadata":{"category":"room","keywords":["LIB-256 - OFFICE DoIT VP"]},"name":"LIB-256 - OFFICE DoIT VP","type":"room"},"geometry":{"type":"Point","coordinates":[-76.7591149,39.0182039]}},{"type":"Feature","id":559,"properties":{"building_id":"lib","floor":1,"id":559,"metadata":{"category":"room","keywords":["LIB-252 - OFFICE"]},"name":"LIB-252 - OFFICE","type":"room"},"geometry":{"type":"Point","coordinates":[-76.7591608,39.0182471]}},{"type":"Feature","id":560,"properties":{"building_id":"lib","floor":1,"id":560,"metadata":{"category":"room","keywords":["LIB-257 - Security Storage"]},"name":"LIB-257 - Security Storage","type":"room"},"geometry":{"type":"Point","coordinates":[-76.7594571,39.0179211]}},{"type":"Feature","id":561,"properties":{"building_id":"lib","floor":1,"id":561,"metadata":{"category":"room","keywords":["LIB-2720 - OFFICE"]},"name":"LIB-2720 - OFFICE","type":"room"},"geometry":{"type":"Point","coordinates":[-76.7594256,39.018035]}},{"type":"Feature","id":562,"properties":{"building_id":"fpa","floor":2,"id":562,"metadata":{"category":"room","keywords":["FPA-3144 - Small ENSEMB"]},"name":"FPA-3144 - SMALL ENSEMBLE","type":"room"},"geometry":{"type":"Point","coordinates":[-76.759376,39.0161194]}},{"type":"Feature","id":563,"properties":{"building_id":"lib","floor":1,"id":563,"metadata":{"category":"room","keywords":["LIB-253 - Tutorial"]},"name":"LIB-253 - Tutorial","type":"room"},"geometry":{"type":"Point","coordinates":[-76.7595698,39.0178864]}},{"type":"Feature","id":564,"properties":{"building_id":"lib","floor":1,"id":564,"metadata":{"category":"room","keywords":["LIB-265 - Honors Program Suite"]},"name":"LIB-265 - Honors Program Suite","type":"room"},"geometry":{"type":"Point","coordinates":[-76.7594217,39.0178792]}},{"type":"Feature","id":565,"properties":{"building_id":"fpa","floor":2,"id":565,"metadata":{"category":"room","keywords":["FPA-3108 -Theatre"]},"name":"FPA-3108 -Theatre","type":"room"},"geometry":{"type":"Point","coordinates":[-76.7590062,39.0163824]}},{"type":"Feature","id":566,"properties":{"building_id":"lib","floor":1,"id":566,"metadata":{"category":"room","keywords":["LIB-268A - OFFICE"]},"name":"LIB-268A - OFFICE","type":"room"},"geometry":{"type":"Point","coordinates":[-76.7592478,39.0181557]}},{"type":"Feature","id":567,"properties":{"building_id":"fpa","floor":2,"id":567,"metadata":{"category":"room","keywords":["FPA-3125 - AT"]},"name":"FPA-3125 - AT","type":"room"},"geometry":{"type":"Point","coordinates":[-76.7592593,39.0160921]}},{"type":"Feature","id":568,"properties":{"building_id":"lib","floor":1,"id":568,"metadata":{"category":"room","keywords":["LIB-255 - Tutorial RM"]},"name":"LIB-255 - Tutorial RM","type":"room"},"geometry":{"type":"Point","coordinates":[-76.7595421,39.0179149]}},{"type":"Feature","id":569,"properties":{"building_id":"fpa","floor":2,"id":569,"metadata":{"category":"room","keywords":["FPA-3145 - TELCOM"]},"name":"FPA-3145 - TELCOM","type":"room"},"geometry":{"type":"Point","coordinates":[-76.7592846,39.016108]}},{"type":"Feature","id":570,"properties":{"building_id":"fpa","floor":2,"id":570,"metadata":{"category":"room","keywords":["FPA-3127 - AT"]},"name":"FPA-3127 - AT","type":"room"},"geometry":{"type":"Point","coordinates":[-76.7592704,39.0160714]}},{"type":"Feature","id":571,"properties":{"building_id":"lib","floor":1,"id":571,"metadata":{"category":"room","keywords":["LIB-254 - OFFICE"]},"name":"LIB-254 - OFFICE","type":"room"},"geometry":{"type":"Point","coordinates":[-76.7591314,39.0182241]}},{"type":"Feature","id":572,"properties":{"building_id":"lib","floor":1,"id":572,"metadata":{"category":"room","keywords":["LIB-250 - OFFICE"]},"name":"LIB-250 - OFFICE","type":"room"},"geometry":{"type":"Point","coordinates":[-76.7591914,39.018265]}},{"type":"Feature","id":573,"properties":{"building_id":"fpa","floor":2,"id":573,"metadata":{"category":"room","keywords":["FPA-3138 - Music Faculty"]},"name":"FPA-3138 - Music Faculty","type":"room"},"geometry":{"type":"Point","coordinates":[-76.7594439,39.0160546]}},{"type":"Feature","id":574,"properties":{"building_id":"lib","floor":1,"id":574,"metadata":{"category":"room","keywords":["LIB-272B - OFFICE"]},"name":"LIB-272B - OFFICE","type":"room"},"geometry":{"type":"Point","coordinates":[-76.7593771,39.0180065]}},{"type":"Feature","id":575,"properties":{"building_id":"lib","floor":1,"id":575,"metadata":{"category":"room","keywords":["LIB-248 - OFFICE"]},"name":"LIB-248 - OFFICE","type":"room"},"geometry":{"type":"Point","coordinates":[-76.7592249,39.0182848]}},{"type":"Feature","id":576,"properties":{"building_id":"fpa","floor":2,"id":576,"metadata":{"category":"room","keywords":["FPA-3102 - Theatre"]},"name":"FPA-3102 - Theatre","type":"room"},"geometry":{"type":"Point","coordinates":[-76.7589727,39.0164473]}},{"type":"Feature","id":577,"properties":{"building_id":"fpa","floor":2,"id":577,"metadata":{"category":"room","keywords":["FPA-3130 - AT"]},"name":"FPA-3130 - AT","type":"room"},"geometry":{"type":"Point","coordinates":[-76.7592579,39.0159902]}},{"type":"Feature","id":578,"properties":{"building_id":"fpa","floor":2,"id":578,"metadata":{"category":"room","keywords":["FPA-3123 - Voice / Music Practice"]},"name":"FPA-3123 - Voice / Music Practice","type":"room"},"geometry":{"type":"Point","coordinates":[-76.7592073,39.0161712]}},{"type":"Feature","id":579,"properties":{"building_id":"lib","floor":1,"id":579,"metadata":{"category":"room","keywords":["LIB-275 - Faculty Office"]},"name":"LIB-275 - Faculty Office","type":"room"},"geometry":{"type":"Point","coordinates":[-76.759304,39.0180008]}},{"type":"Feature","id":580,"properties":{"building_id":"lib","floor":1,"id":580,"metadata":{"category":"room","keywords":["LIB-247E - OFFICE"]},"name":"LIB-247E - OFFICE","type":"room"},"geometry":{"type":"Point","coordinates":[-76.7596001,39.0180005]}},{"type":"Feature","id":581,"properties":{"building_id":"fpa","floor":2,"id":581,"metadata":{"category":"room","keywords":["FPA-3126 - AT"]},"name":"FPA-3126 - AT","type":"room"},"geometry":{"type":"Point","coordinates":[-76.7592061,39.0160576]}},{"type":"Feature","id":582,"properties":{"building_id":"fpa","floor":2,"id":582,"metadata":{"category":"room","keywords":["FPA-3106 - Theatre"]},"name":"FPA-3106 - Theatre","type":"room"},"geometry":{"type":"Point","coordinates":[-76.758995,39.0164042]}},{"type":"Feature","id":583,"properties":{"building_id":"fpa","floor":2,"id":583,"metadata":{"category":"room","keywords":["FPA-3121 - Office"]},"name":"FPA-3121 - Office","type":"room"},"geometry":{"type":"Point","coordinates":[-76.759191,39.0161962]}},{"type":"Feature","id":584,"properties":{"building_id":"fpa","floor":2,"id":584,"metadata":{"category":"room","keywords":["FPA-3114 - Theatre"]},"name":"FPA-3114 - Theatre","type":"room"},"geometry":{"type":"Point","coordinates":[-76.7590442,39.0163146]}},{"type":"Feature","id":585,"properties":{"building_id":"fpa","floor":2,"id":585,"metadata":{"category":"room","keywords":["FPA-3139 - AT"]},"name":"FPA-3139 - AT","type":"room"},"geometry":{"type":"Point","coordinates":[-76.7593405,39.0160444]}},{"type":"Feature","id":586,"properties":{"building_id":"lib","floor":1,"id":586,"metadata":{"category":"room","keywords":["LIB-272C - OFFICE"]},"name":"LIB-272C - OFFICE","type":"room"},"geometry":{"type":"Point","coordinates":[-76.7594043,39.0180186]}},{"type":"Feature","id":587,"properties":{"building_id":"lib","floor":1,"id":587,"metadata":{"category":"room","keywords":["LIB-273 - Faculty Office"]},"name":"LIB-273 - Faculty Office","type":"room"},"geometry":{"type":"Point","coordinates":[-76.7593264,39.0179776]}},{"type":"Feature","id":588,"properties":{"building_id":"lib","floor":1,"id":588,"metadata":{"category":"room","keywords":["LIB-26 - Study Carrel"]},"name":"LIB-26 - Study Carrel","type":"room"},"geometry":{"type":"Point","coordinates":[-76.7596165,39.0185245]}},{"type":"Feature","id":589,"properties":{"building_id":"lib","floor":1,"id":589,"metadata":{"category":"room","keywords":["LIB-258 - OFFICE"]},"name":"LIB-258 - OFFICE","type":"room"},"geometry":{"type":"Point","coordinates":[-76.7591419,39.0181685]}},{"type":"Feature","id":590,"properties":{"building_id":"fpa","floor":2,"id":590,"metadata":{"category":"room","keywords":["FPA-3141 - AT"]},"name":"FPA-3141 - AT","type":"room"},"geometry":{"type":"Point","coordinates":[-76.7593195,39.0160654]}},{"type":"Feature","id":591,"properties":{"building_id":"fpa","floor":2,"id":591,"metadata":{"category":"room","keywords":["FPA-3134 - Music Faculty"]},"name":"FPA-3134 - Music Faculty","type":"room"},"geometry":{"type":"Point","coordinates":[-76.7593714,39.015998]}},{"type":"Feature","id":592,"properties":{"building_id":"lib","floor":1,"id":592,"metadata":{"category":"room","keywords":["LIB-272EA - OFFICE"]},"name":"LIB-272EA - OFFICE","type":"room"},"geometry":{"type":"Point","coordinates":[-76.7594515,39.0180475]}},{"type":"Feature","id":593,"properties":{"building_id":"fpa","floor":2,"id":593,"metadata":{"category":"room","keywords":["FPA-3116 - Piano Tutorial"]},"name":"FPA-3116 - Piano Tutorial","type":"room"},"geometry":{"type":"Point","coordinates":[-76.7590567,39.0162904]}},{"type":"Feature","id":594,"properties":{"building_id":"lib","floor":1,"id":594,"metadata":{"category":"room","keywords":["LIB-271 - Faculty Office"]},"name":"LIB-271 - Faculty Office","type":"room"},"geometry":{"type":"Point","coordinates":[-76.7593491,39.0179542]}},{"type":"Feature","id":595,"properties":{"building_id":"lib","floor":1,"id":595,"metadata":{"category":"room","keywords":["LIB-262 - OFFICE"]},"name":"LIB-262 - OFFICE","type":"room"},"geometry":{"type":"Point","coordinates":[-76.7591903,39.0181183]}},{"type":"Feature","id":596,"properties":{"building_id":"fpa","floor":2,"id":596,"metadata":{"category":"room","keywords":["FPA-3110 - Theatre"]},"name":"FPA-3110 - Theatre","type":"room"},"geometry":{"type":"Point","coordinates":[-76.7590175,39.0163607]}},{"type":"Feature","id":597,"properties":{"building_id":"fpa","floor":2,"id":597,"metadata":{"category":"room","keywords":["FPA-3117 - Training RM"]},"name":"FPA-3117 - Training RM","type":"room"},"geometry":{"type":"Point","coordinates":[-76.7592202,39.0162727]}},{"type":"Feature","id":598,"properties":{"building_id":"fpa","floor":2,"id":598,"metadata":{"category":"room","keywords":["FPA-3104 - Theatre"]},"name":"FPA-3104 - Theatre","type":"room"},"geometry":{"type":"Point","coordinates":[-76.7589834,39.0164266]}},{"type":"Feature","id":599,"properties":{"building_id":"lib","floor":1,"id":599,"metadata":{"category":"room","keywords":["LIB-277 - Faculty Office"]},"name":"LIB-277 - Faculty Office","type":"room"},"geometry":{"type":"Point","coordinates":[-76.7592738,39.0180319]}},{"type":"Feature","id":600,"properties":{"building_id":"fpa","floor":2,"id":600,"metadata":{"category":"room","keywords":["FPA-3146 - VOICE"]},"name":"FPA-3146 - VOICE","type":"room"},"geometry":{"type":"Point","coordinates":[-76.7593498,39.0161436]}},{"type":"Feature","id":601,"properties":{"building_id":"fpa","floor":2,"id":601,"metadata":{"category":"room","keywords":["FPA-3132 - Music Faculty"]},"name":"FPA-3132 - Music Faculty","type":"room"},"geometry":{"type":"Point","coordinates":[-76.7593305,39.0159736]}},{"type":"Feature","id":602,"properties":{"building_id":"lib","floor":1,"id":602,"metadata":{"category":"room","keywords":["LIB-260 - OFFICE"]},"name":"LIB-260 - OFFICE","type":"room"},"geometry":{"type":"Point","coordinates":[-76.7591645,39.0181452]}},{"type":"Feature","id":603,"properties":{"building_id":"fm","floor":0,"id":603,"metadata":{"category":"room","keywords":["FM-102A - Conference RM"]},"name":"FM-102A - Conference RM","type":"room"},"geometry":{"type":"Point","coordinates":[-76.7571227,39.018118]}},{"type":"Feature","id":604,"properties":{"building_id":"fm","floor":0,"id":604,"metadata":{"category":"room"},"name":"FM-101 - Staff Office","type":"room"},"geometry":{"type":"Point","coordinates":[-76.7572437,39.0180309]}},{"type":"Feature","id":605,"properties":{"building_id":"fm","floor":0,"id":605,"metadata":{"category":"room"},"name":"FM-101 - Staff Office","type":"room"},"geometry":{"type":"Point","coordinates":[-76.7573097,39.0179896]}},{"type":"Feature","id":606,"properties":{"building_id":"fm","floor":0,"id":606,"metadata":{"category":"room","keywords":["FM-0119 - Carpenter Shop"]},"name":"FM-0119 - Carpenter Shop","type":"room"},"geometry":{"type":"Point","coordinates":[-76.7567545,39.0180025]}},{"type":"Feature","id":607,"properties":{"building_id":"fm","floor":0,"id":607,"metadata":{"category":"room","keywords":["FM-0125A - Staff Office"]},"name":"FM-0125A - Staff Office","type":"room"},"geometry":{"type":"Point","coordinates":[-76.7572592,39.0178532]}},{"type":"Feature","id":608,"properties":{"building_id":"fm","floor":0,"id":608,"metadata":{"category":"room","keywords":["FM-125 - Grounds Shop"]},"name":"FM-125 - Grounds Shop","type":"room"},"geometry":{"type":"Point","coordinates":[-76.7573193,39.0178997]}},{"type":"Feature","id":609,"properties":{"building_id":"fm","floor":0,"id":609,"metadata":{"category":"room","keywords":["FM-0120 - Staff Kitchen"]},"name":"FM-0120 - Staff Kitchen","type":"room"},"geometry":{"type":"Point","coordinates":[-76.7568366,39.0179469]}},{"type":"Feature","id":610,"properties":{"building_id":"fm","floor":0,"id":610,"metadata":{"category":"room","keywords":["FM-120A - Electrical Shop"]},"name":"FM-120A - Electrical Shop","type":"room"},"geometry":{"type":"Point","coordinates":[-76.7567555,39.0179384]}},{"type":"Feature","id":611,"properties":{"building_id":"fm","floor":0,"id":611,"metadata":{"category":"room","keywords":["FM-0126A - Staff Office"]},"name":"FM-0126A - Staff Office","type":"room"},"geometry":{"type":"Point","coordinates":[-76.7572866,39.0178325]}},{"type":"Feature","id":612,"properties":{"building_id":"fm","floor":0,"id":612,"metadata":{"category":"room","keywords":["FM-107 - Staff Office"]},"name":"FM-107 - Staff Office","type":"room"},"geometry":{"type":"Point","coordinates":[-76.7569728,39.0182419]}},{"type":"Feature","id":613,"properties":{"building_id":"fm","floor":0,"id":613,"metadata":{"category":"room","keywords":["FM-106 - Staff Office"]},"name":"FM-106 - Staff Office","type":"room"},"geometry":{"type":"Point","coordinates":[-76.7570031,39.018219]}},{"type":"Feature","id":614,"properties":{"building_id":"fm","floor":0,"id":614,"metadata":{"category":"room","keywords":["FM-102B - Staff Office"]},"name":"FM-102B - Staff Office","type":"room"},"geometry":{"type":"Point","coordinates":[-76.7571429,39.0181027]}},{"type":"Feature","id":615,"properties":{"building_id":"fm","floor":0,"id":615,"metadata":{"category":"room","keywords":["FM-0109C - Staff Office"]},"name":"FM-0109C - Staff Office","type":"room"},"geometry":{"type":"Point","coordinates":[-76.7569886,39.0180993]}},{"type":"Feature","id":616,"properties":{"building_id":"fm","floor":0,"id":616,"metadata":{"category":"room","keywords":["FM-0108 - Transportation"]},"name":"FM-0108 - Transportation","type":"room"},"geometry":{"type":"Point","coordinates":[-76.7569218,39.0182618]}},{"type":"Feature","id":617,"properties":{"building_id":"fm","floor":0,"id":617,"metadata":{"category":"room","keywords":["FM-112 - Tele RM"]},"name":"FM-112 - Tele RM","type":"room"},"geometry":{"type":"Point","coordinates":[-76.7572432,39.0179488]}},{"type":"Feature","id":618,"properties":{"building_id":"fm","floor":0,"id":618,"metadata":{"category":"room","keywords":["FM-0109D - Staff Office"]},"name":"FM-0109D - Staff Office","type":"room"},"geometry":{"type":"Point","coordinates":[-76.7569622,39.0181233]}},{"type":"Feature","id":619,"properties":{"building_id":"fm","floor":0,"id":619,"metadata":{"category":"room","keywords":["FM-0123D - Staff Office"]},"name":"FM-0123D - Staff Office","type":"room"},"geometry":{"type":"Point","coordinates":[-76.7569553,39.0178005]}},{"type":"Feature","id":620,"properties":{"building_id":"fm","floor":0,"id":620,"metadata":{"category":"room","keywords":["FM-105 - Staff Office"]},"name":"FM-105 - Staff Office","type":"room"},"geometry":{"type":"Point","coordinates":[-76.7570333,39.0181961]}},{"type":"Feature","id":621,"properties":{"building_id":"fm","floor":0,"id":621,"metadata":{"category":"room","keywords":["FM-0123B - Staff Office"]},"name":"FM-0123B - Staff Office","type":"room"},"geometry":{"type":"Point","coordinates":[-76.7569994,39.0177666]}},{"type":"Feature","id":622,"properties":{"building_id":"cs","floor":2,"id":622,"metadata":{"category":"room","keywords":["CS-321 - Computer Science FACULTY"]},"name":"CS-321 - Computer Science FACULTY","type":"room"},"geometry":{"type":"Point","coordinates":[-76.7596288,39.0171905]}},{"type":"Feature","id":623,"properties":{"building_id":"cs","floor":2,"id":623,"metadata":{"category":"room","keywords":["CS-322 - Computer Science FACULTY"]},"name":"CS-322 - Computer Science FACULTY","type":"room"},"geometry":{"type":"Point","coordinates":[-76.7596137,39.017219]}},{"type":"Feature","id":624,"properties":{"building_id":"fm","floor":0,"id":624,"metadata":{"category":"room","keywords":["FM-0109B - Staff Office"]},"name":"FM-0109B - Staff Office","type":"room"},"geometry":{"type":"Point","coordinates":[-76.7570152,39.0180792]}},{"type":"Feature","id":625,"properties":{"building_id":"fm","floor":0,"id":625,"metadata":{"category":"room","keywords":["FM-120B - Johnson Control"]},"name":"FM-120B - Johnson Control","type":"room"},"geometry":{"type":"Point","coordinates":[-76.756785,39.0178948]}},{"type":"Feature","id":626,"properties":{"building_id":"fm","floor":0,"id":626,"metadata":{"category":"room","keywords":["FM-0122 - Maintenance Shop"]},"name":"FM-0122 - Maintenance Shop","type":"room"},"geometry":{"type":"Point","coordinates":[-76.756941,39.0178348]}},{"type":"Feature","id":627,"properties":{"building_id":"fm","floor":0,"id":627,"metadata":{"category":"room","keywords":["FM-118 - Warehouse"]},"name":"FM-118 - Warehouse","type":"room"},"geometry":{"type":"Point","coordinates":[-76.7569687,39.0180672]}},{"type":"Feature","id":628,"properties":{"building_id":"fm","floor":0,"id":628,"metadata":{"category":"room","keywords":["FM-109E - Work RM"]},"name":"FM-109E - Work RM","type":"room"},"geometry":{"type":"Point","coordinates":[-76.7571164,39.0180395]}},{"type":"Feature","id":629,"properties":{"building_id":"fm","floor":0,"id":629,"metadata":{"category":"room","keywords":["FM-0123E - Staff Office"]},"name":"FM-0123E - Staff Office","type":"room"},"geometry":{"type":"Point","coordinates":[-76.7569907,39.0178243]}},{"type":"Feature","id":630,"properties":{"building_id":"fm","floor":0,"id":630,"metadata":{"category":"room","keywords":["FM-0121- Painters Shop"]},"name":"FM-0121- Painters Shop","type":"room"},"geometry":{"type":"Point","coordinates":[-76.7568654,39.0178876]}},{"type":"Feature","id":631,"properties":{"building_id":"fm","floor":0,"id":631,"metadata":{"category":"room","keywords":["FM-0123A - Staff Office"]},"name":"FM-0123A - Staff Office","type":"room"},"geometry":{"type":"Point","coordinates":[-76.7570442,39.0178023]}},{"type":"Feature","id":632,"properties":{"building_id":"fm","floor":0,"id":632,"metadata":{"category":"room","keywords":["FM-0109A - Assets Management"]},"name":"FM-0109A - Assets Management","type":"room"},"geometry":{"type":"Point","coordinates":[-76.7570026,39.0181203]}},{"type":"Feature","id":633,"properties":{"building_id":"cs","floor":2,"id":633,"metadata":{"category":"room","keywords":["CS-324 - Computer Science FACULTY"]},"name":"CS-324 - Computer Science FACULTY","type":"room"},"geometry":{"type":"Point","coordinates":[-76.7595836,39.0172761]}},{"type":"Feature","id":634,"properties":{"building_id":"fm","floor":0,"id":634,"metadata":{"category":"room","keywords":["FM-100 - Mail RM"]},"name":"FM-100 - Mail RM","type":"room"},"geometry":{"type":"Point","coordinates":[-76.7571862,39.0180747]}},{"type":"Feature","id":635,"properties":{"building_id":"fm","floor":0,"id":635,"metadata":{"category":"room","keywords":["FM-0123F - Staff Office"]},"name":"FM-0123F - Staff Office","type":"room"},"geometry":{"type":"Point","coordinates":[-76.7570144,39.0178482]}},{"type":"Feature","id":636,"properties":{"building_id":"fm","floor":0,"id":636,"metadata":{"category":"room","keywords":["FM-104 - Staff Office"]},"name":"FM-104 - Staff Office","type":"room"},"geometry":{"type":"Point","coordinates":[-76.7570634,39.0181734]}},{"type":"Feature","id":637,"properties":{"building_id":"cs","floor":2,"id":637,"metadata":{"category":"room","keywords":["CS-325 - Computer Science FACULTY"]},"name":"CS-325 - Computer Science FACULTY","type":"room"},"geometry":{"type":"Point","coordinates":[-76.7595633,39.0173063]}},{"type":"Feature","id":638,"properties":{"building_id":"fm","floor":0,"id":638,"metadata":{"category":"room","keywords":["FM-0123C - Conference RM"]},"name":"FM-0123C - Conference RM","type":"room"},"geometry":{"type":"Point","coordinates":[-76.7569389,39.0177665]}},{"type":"Feature","id":639,"properties":{"building_id":"cs","floor":2,"id":639,"metadata":{"category":"room","keywords":["CS-323 - Computer Science FACULTY"]},"name":"CS-323 - Computer Science FACULTY","type":"room"},"geometry":{"type":"Point","coordinates":[-76.7595987,39.0172475]}},{"type":"Feature","id":640,"properties":{"building_id":"fm","floor":0,"id":640,"metadata":{"category":"room","keywords":["FM-103 - Staff Office"]},"name":"FM-103 - Staff Office","type":"room"},"geometry":{"type":"Point","coordinates":[-76.7570936,39.0181506]}},{"type":"Feature","id":641,"properties":{"building_id":"rh","floor":1,"id":641,"metadata":{"category":"room","keywords":["RH-115C - OFFICE"]},"name":"RH-115C - OFFICE","type":"room"},"geometry":{"type":"Point","coordinates":[-76.7596714,39.016398]}},{"type":"Feature","id":642,"properties":{"building_id":"cbgs","floor":1,"id":642,"metadata":{"category":"room","keywords":["CBGS-2300 - Office"]},"name":"CBGS-2300 - Office","type":"room"},"geometry":{"type":"Point","coordinates":[-76.7613529,39.016779]}},{"type":"Feature","id":643,"properties":{"building_id":"cnsmn","floor":1,"id":643,"metadata":{"category":"room","keywords":["CNSMN-2210 - Nursing PREP Room"]},"name":"CNSMN-2210 - Nursing PREP Room","type":"room"},"geometry":{"type":"Point","coordinates":[-76.7588307,39.0191925]}},{"type":"Feature","id":644,"properties":{"building_id":"cnsmn","floor":1,"id":644,"metadata":{"category":"room","keywords":["CNSMN-2221 - Nursing Skills LAB"]},"name":"CNSMN-2221 - Nursing Skills LAB","type":"room"},"geometry":{"type":"Point","coordinates":[-76.758831,39.019056]}},{"type":"Feature","id":645,"properties":{"building_id":"rh","floor":1,"id":645,"metadata":{"category":"room","keywords":["RH-115B - OFFICE"]},"name":"RH-115B - OFFICE","type":"room"},"geometry":{"type":"Point","coordinates":[-76.7596583,39.0163939]}},{"type":"Feature","id":646,"properties":{"building_id":"proctor","floor":1,"id":646,"metadata":{"category":"room","keywords":["JP-270 - Education Chair"]},"name":"JP-270 - Education Chair","type":"room"},"geometry":{"type":"Point","coordinates":[-76.7600615,39.0195576]}},{"type":"Feature","id":647,"properties":{"building_id":"proctor","floor":1,"id":647,"metadata":{"category":"room"},"name":"JP-274 - OFFICE","type":"room"},"geometry":{"type":"Point","coordinates":[-76.7602144,39.019662]}},{"type":"Feature","id":648,"properties":{"building_id":"cbgs","floor":1,"id":648,"metadata":{"category":"room","keywords":["CBGS-2316 - Office"]},"name":"CBGS-2316 - Office","type":"room"},"geometry":{"type":"Point","coordinates":[-76.7611577,39.0167735]}},{"type":"Feature","id":649,"properties":{"building_id":"rh","floor":1,"id":649,"metadata":{"category":"room","keywords":["RH-115D - OFFICE"]},"name":"RH-115D - OFFICE","type":"room"},"geometry":{"type":"Point","coordinates":[-76.7596458,39.0164057]}},{"type":"Feature","id":650,"properties":{"building_id":"proctor","floor":1,"id":650,"metadata":{"category":"room","keywords":["JP-267 - OFFICE"]},"name":"JP-267 - OFFICE","type":"room"},"geometry":{"type":"Point","coordinates":[-76.7601158,39.0194876]}},{"type":"Feature","id":651,"properties":{"building_id":"proctor","floor":1,"id":651,"metadata":{"category":"room","keywords":["JP-286 - Coordinator"]},"name":"JP-286 - Coordinator","type":"room"},"geometry":{"type":"Point","coordinates":[-76.7604935,39.0195046]}},{"type":"Feature","id":652,"properties":{"building_id":"cnsmn","floor":1,"id":652,"metadata":{"category":"room","keywords":["CNSMN-2230 - Nursing Debriefing RM"]},"name":"CNSMN-2230 - Nursing Debriefing RM","type":"room"},"geometry":{"type":"Point","coordinates":[-76.7590094,39.0190002]}},{"type":"Feature","id":653,"properties":{"building_id":"sc","floor":0,"id":653,"metadata":{"category":"room","keywords":["SC-1025A - Bulldog Card Office"]},"name":"SC-1025A - Bulldog Card Office","type":"room"},"geometry":{"type":"Point","coordinates":[-76.7581191,39.017651]}},{"type":"Feature","id":654,"properties":{"building_id":"proctor","floor":1,"id":654,"metadata":{"category":"room","keywords":["JP-282 - OFFICE"]},"name":"JP-282 - OFFICE","type":"room"},"geometry":{"type":"Point","coordinates":[-76.7604093,39.0195915]}},{"type":"Feature","id":655,"properties":{"building_id":"proctor","floor":1,"id":655,"metadata":{"category":"room","keywords":["JP-287 - OFFICE"]},"name":"JP-287 - OFFICE","type":"room"},"geometry":{"type":"Point","coordinates":[-76.7603595,39.0195618]}},{"type":"Feature","id":656,"properties":{"building_id":"sc","floor":2,"id":656,"metadata":{"category":"room"},"name":"SC-1010D","type":"room"},"geometry":{"type":"Point","coordinates":[-76.7582492,39.0179547]}},{"type":"Feature","id":657,"properties":{"building_id":"cnsmn","floor":1,"id":657,"metadata":{"category":"room","keywords":["CNSMN-2212 - Nursing Exam RM"]},"name":"CNSMN-2212 - Nursing Exam RM","type":"room"},"geometry":{"type":"Point","coordinates":[-76.7588757,39.0192527]}},{"type":"Feature","id":658,"properties":{"building_id":"cbgs","floor":1,"id":658,"metadata":{"category":"room","keywords":["CBGS-2323A - Office"]},"name":"CBGS-2323A - Office","type":"room"},"geometry":{"type":"Point","coordinates":[-76.7614702,39.0165464]}},{"type":"Feature","id":659,"properties":{"building_id":"rh","floor":1,"id":659,"metadata":{"category":"room","keywords":["RH-116 - The Maryland Center"]},"name":"RH-116 - The Maryland Center","type":"room"},"geometry":{"type":"Point","coordinates":[-76.759664,39.0165]}},{"type":"Feature","id":660,"properties":{"building_id":"cnsmn","floor":1,"id":660,"metadata":{"category":"room","keywords":["CNSMN-2224-B - Nursing Control Room #4"]},"name":"CNSMN-2224-B - Nursing Control Room #4","type":"room"},"geometry":{"type":"Point","coordinates":[-76.7589244,39.0190736]}},{"type":"Feature","id":661,"properties":{"building_id":"cbgs","floor":1,"id":661,"metadata":{"category":"room","keywords":["CBGS-2312C - Office"]},"name":"CBGS-2312C - Office","type":"room"},"geometry":{"type":"Point","coordinates":[-76.7611218,39.016817]}},{"type":"Feature","id":662,"properties":{"building_id":"rh","floor":1,"id":662,"metadata":{"category":"room","keywords":["RH-112B - Conference RM"]},"name":"RH-112B - Conference RM","type":"room"},"geometry":{"type":"Point","coordinates":[-76.7599202,39.0165531]}},{"type":"Feature","id":663,"properties":{"building_id":"proctor","floor":1,"id":663,"metadata":{"category":"room","keywords":["JP-268 - OFFICE"]},"name":"JP-268 - OFFICE","type":"room"},"geometry":{"type":"Point","coordinates":[-76.7601013,39.0195131]}},{"type":"Feature","id":664,"properties":{"building_id":"cbgs","floor":1,"id":664,"metadata":{"category":"room"},"name":"CBGS-2312B - Office","type":"room"},"geometry":{"type":"Point","coordinates":[-76.7610909,39.0168424]}},{"type":"Feature","id":665,"properties":{"building_id":"cbgs","floor":1,"id":665,"metadata":{"category":"room","keywords":["CBGS-2308 - Office"]},"name":"CBGS-2308 - Office","type":"room"},"geometry":{"type":"Point","coordinates":[-76.761245,39.0168602]}},{"type":"Feature","id":666,"properties":{"building_id":"cnsmn","floor":1,"id":666,"metadata":{"category":"room","keywords":["CNSMN-2205 - Nursing Faculty Office"]},"name":"CNSMN-2205 - Nursing Faculty Office","type":"room"},"geometry":{"type":"Point","coordinates":[-76.7586308,39.0191189]}},{"type":"Feature","id":667,"properties":{"building_id":"cbgs","floor":1,"id":667,"metadata":{"category":"room","keywords":["CBGS-2320 - Office"]},"name":"CBGS-2320 - Office","type":"room"},"geometry":{"type":"Point","coordinates":[-76.7611997,39.0167301]}},{"type":"Feature","id":668,"properties":{"building_id":"proctor","floor":1,"id":668,"metadata":{"category":"room","keywords":["JP-283 - OFFICE"]},"name":"JP-283 - OFFICE","type":"room"},"geometry":{"type":"Point","coordinates":[-76.7604333,39.019573]}},{"type":"Feature","id":669,"properties":{"building_id":"rh","floor":1,"id":669,"metadata":{"category":"room","keywords":["RH-117C - OFFICE"]},"name":"RH-117C - OFFICE","type":"room"},"geometry":{"type":"Point","coordinates":[-76.7594757,39.0163521]}},{"type":"Feature","id":670,"properties":{"building_id":"cbgs","floor":1,"id":670,"metadata":{"category":"room","keywords":["CBGS-2301 - Telecom"]},"name":"CBGS-2301 - Telecom","type":"room"},"geometry":{"type":"Point","coordinates":[-76.7612696,39.0167843]}},{"type":"Feature","id":671,"properties":{"building_id":"cbgs","floor":1,"id":671,"metadata":{"category":"room","keywords":["CBGS-2322 - Faculty / Staff Lounge"]},"name":"CBGS-2322 - Faculty / Staff Lounge","type":"room"},"geometry":{"type":"Point","coordinates":[-76.7612185,39.0166895]}},{"type":"Feature","id":672,"properties":{"building_id":"rh","floor":1,"id":672,"metadata":{"category":"room","keywords":["RH-118A - OFFICE"]},"name":"RH-118A - OFFICE","type":"room"},"geometry":{"type":"Point","coordinates":[-76.7597177,39.0165347]}},{"type":"Feature","id":673,"properties":{"building_id":"cnsmn","floor":1,"id":673,"metadata":{"category":"room","keywords":["CNSMN-2220 - Nursing Health Assessment Exam RM #1"]},"name":"CNSMN-2220 - Nursing Health Assessment Exam RM #1","type":"room"},"geometry":{"type":"Point","coordinates":[-76.7589644,39.0191612]}},{"type":"Feature","id":674,"properties":{"building_id":"cbgs","floor":1,"id":674,"metadata":{"category":"room","keywords":["CBGS-2306 - Office"]},"name":"CBGS-2306 - Office","type":"room"},"geometry":{"type":"Point","coordinates":[-76.7612789,39.0168457]}},{"type":"Feature","id":675,"properties":{"building_id":"cnsmn","floor":1,"id":675,"metadata":{"category":"room","keywords":["CNSMN-2203 - Nursing Faculty Office"]},"name":"CNSMN-2203 - Nursing Faculty Office","type":"room"},"geometry":{"type":"Point","coordinates":[-76.7586614,39.0191406]}},{"type":"Feature","id":676,"properties":{"building_id":"cbgs","floor":1,"id":676,"metadata":{"category":"room","keywords":["CBGS-2317 - Office"]},"name":"CBGS-2317 - Office","type":"room"},"geometry":{"type":"Point","coordinates":[-76.7614097,39.0167136]}},{"type":"Feature","id":677,"properties":{"building_id":"cnsmn","floor":1,"id":677,"metadata":{"category":"room","keywords":["CNSMN-2231 - Nursing AV Server"]},"name":"CNSMN-2231 - Nursing AV Server","type":"room"},"geometry":{"type":"Point","coordinates":[-76.7589501,39.0190471]}},{"type":"Feature","id":678,"properties":{"building_id":"cbgs","floor":1,"id":678,"metadata":{"category":"room","keywords":["CBGS-2319B - Office"]},"name":"CBGS-2319B - Office","type":"room"},"geometry":{"type":"Point","coordinates":[-76.7613716,39.0166591]}},{"type":"Feature","id":679,"properties":{"building_id":"proctor","floor":1,"id":679,"metadata":{"category":"room","keywords":["JP-285 - Coordinator"]},"name":"JP-285 - Coordinator","type":"room"},"geometry":{"type":"Point","coordinates":[-76.7604723,39.0195265]}},{"type":"Feature","id":680,"properties":{"building_id":"cnsmn","floor":1,"id":680,"metadata":{"category":"room","keywords":["Nursing Student Success Center (CNSMN-2223)","CNSMN-2223 - Nursing Supply Prep"]},"name":"CNSMN-2223 - Nursing Supply Prep","type":"room"},"geometry":{"type":"Point","coordinates":[-76.758937,39.0189607]}},{"type":"Feature","id":681,"properties":{"building_id":"cnsmn","floor":1,"id":681,"metadata":{"category":"room","keywords":["CNSMN-2225-A - Nursing Multi-Purpose Large RM"]},"name":"CNSMN-2225-A - Nursing Multi-Purpose Large RM","type":"room"},"geometry":{"type":"Point","coordinates":[-76.7590206,39.0188675]}},{"type":"Feature","id":682,"properties":{"building_id":"proctor","floor":1,"id":682,"metadata":{"category":"room","keywords":["JP-278 - OFFICE"]},"name":"JP-278 - OFFICE","type":"room"},"geometry":{"type":"Point","coordinates":[-76.7603253,39.0196781]}},{"type":"Feature","id":683,"properties":{"building_id":"cnsmn","floor":1,"id":683,"metadata":{"category":"room","keywords":["CNSMN-2201 - Nursing Supply / Prep"]},"name":"CNSMN-2201 - Nursing Supply / Prep","type":"room"},"geometry":{"type":"Point","coordinates":[-76.7586777,39.0191827]}},{"type":"Feature","id":684,"properties":{"building_id":"rh","floor":1,"id":684,"metadata":{"category":"room","keywords":["RH-114 - Office of Research & Sponsored Programs"]},"name":"RH-114 - Office of Research & Sponsored Programs","type":"room"},"geometry":{"type":"Point","coordinates":[-76.7598306,39.0165492]}},{"type":"Feature","id":685,"properties":{"building_id":"proctor","floor":1,"id":685,"metadata":{"category":"room","keywords":["JP-273 - Conference RM"]},"name":"JP-273 - Conference RM","type":"room"},"geometry":{"type":"Point","coordinates":[-76.7601702,39.019641]}},{"type":"Feature","id":686,"properties":{"building_id":"proctor","floor":1,"id":686,"metadata":{"category":"room","keywords":["JP-281 - OFFICE"]},"name":"JP-281 - OFFICE","type":"room"},"geometry":{"type":"Point","coordinates":[-76.7603882,39.0196133]}},{"type":"Feature","id":687,"properties":{"building_id":"proctor","floor":1,"id":687,"metadata":{"category":"room","keywords":["JP-279 - OFFICE"]},"name":"JP-279 - OFFICE","type":"room"},"geometry":{"type":"Point","coordinates":[-76.7603463,39.0196565]}},{"type":"Feature","id":688,"properties":{"building_id":"sc","floor":0,"id":688,"metadata":{"category":"room","keywords":["SC-1016 - Game Room"]},"name":"SC-1016 - Game Room","type":"room"},"geometry":{"type":"Point","coordinates":[-76.758478,39.0177602]}},{"type":"Feature","id":689,"properties":{"building_id":"cnsmn","floor":1,"id":689,"metadata":{"category":"room","keywords":["CNSMN-2216 - Nursing Exam RM"]},"name":"CNSMN-2216 - Nursing Exam RM","type":"room"},"geometry":{"type":"Point","coordinates":[-76.75892,39.019207]}},{"type":"Feature","id":690,"properties":{"building_id":"proctor","floor":1,"id":690,"metadata":{"category":"room","keywords":["JP-266 - Work Room"]},"name":"JP-266 - Work Room","type":"room"},"geometry":{"type":"Point","coordinates":[-76.7601745,39.0195225]}},{"type":"Feature","id":691,"properties":{"building_id":"proctor","floor":1,"id":691,"metadata":{"category":"room","keywords":["JP-262 - Reception"]},"name":"JP-262 - Reception","type":"room"},"geometry":{"type":"Point","coordinates":[-76.7602326,39.0195763]}},{"type":"Feature","id":692,"properties":{"building_id":"proctor","floor":1,"id":692,"metadata":{"category":"room","keywords":["JP-288 - OFFICE"]},"name":"JP-288 - OFFICE","type":"room"},"geometry":{"type":"Point","coordinates":[-76.7603292,39.0195844]}},{"type":"Feature","id":693,"properties":{"building_id":"cbgs","floor":1,"id":693,"metadata":{"category":"room","keywords":["CBGS-2318 - Office"]},"name":"CBGS-2318 - Office","type":"room"},"geometry":{"type":"Point","coordinates":[-76.7611791,39.0167514]}},{"type":"Feature","id":694,"properties":{"building_id":"cbgs","floor":1,"id":694,"metadata":{"category":"room","keywords":["CBGS-2323 - Management, Marketing & Public Admin"]},"name":"CBGS-2323 - Management, Marketing & Public Admin","type":"room"},"geometry":{"type":"Point","coordinates":[-76.7614478,39.0165827]}},{"type":"Feature","id":695,"properties":{"building_id":"cbgs","floor":1,"id":695,"metadata":{"category":"room","keywords":["CBGS-2314 - Office of Assessment & Accreditation"]},"name":"CBGS-2314 - Office of Assessment & Accreditation","type":"room"},"geometry":{"type":"Point","coordinates":[-76.7611377,39.016794]}},{"type":"Feature","id":696,"properties":{"building_id":"proctor","floor":1,"id":696,"metadata":{"category":"room","keywords":["JP-271 -  OFFICE"]},"name":"JP-271 -  OFFICE","type":"room"},"geometry":{"type":"Point","coordinates":[-76.7601026,39.0195927]}},{"type":"Feature","id":697,"properties":{"building_id":"rh","floor":1,"id":697,"metadata":{"category":"room","keywords":["RH-119A - OFFICE"]},"name":"RH-119A - OFFICE","type":"room"},"geometry":{"type":"Point","coordinates":[-76.7595,39.0165052]}},{"type":"Feature","id":698,"properties":{"building_id":"cnsmn","floor":1,"id":698,"metadata":{"category":"room","keywords":["NSMN-2186 - Natural Science Research Equip / Instrument Room"]},"name":"CNSMN-2186 - Natural Science Research Equip / Instrument Room","type":"room"},"geometry":{"type":"Point","coordinates":[-76.7590771,39.0185145]}},{"type":"Feature","id":699,"properties":{"building_id":"sc","floor":0,"id":699,"metadata":{"category":"room","keywords":["SC-1015 - Catering Office"]},"name":"SC-1015 - Catering Office","type":"room"},"geometry":{"type":"Point","coordinates":[-76.7583673,39.017844]}},{"type":"Feature","id":700,"properties":{"building_id":"rh","floor":1,"id":700,"metadata":{"category":"room","keywords":["RH-117A- OFFICE"]},"name":"RH-117A- OFFICE","type":"room"},"geometry":{"type":"Point","coordinates":[-76.7594773,39.016328]}},{"type":"Feature","id":701,"properties":{"building_id":"cnsmn","floor":1,"id":701,"metadata":{"category":"room","keywords":["CNSMN-2208 - Nursing Health Assessment Exam RM #6","NU Health Assessment Exam RM #6"]},"name":"CNSMN-2208 - Nursing Health Assessment Exam RM #6","type":"room"},"geometry":{"type":"Point","coordinates":[-76.7588441,39.019277]}},{"type":"Feature","id":702,"properties":{"building_id":"proctor","floor":1,"id":702,"metadata":{"category":"room","keywords":["JP-275 - OFFICE"]},"name":"JP-275 - OFFICE","type":"room"},"geometry":{"type":"Point","coordinates":[-76.7602484,39.0196758]}},{"type":"Feature","id":703,"properties":{"building_id":"proctor","floor":1,"id":703,"metadata":{"category":"room","keywords":["JP-272 -  OFFICE"]},"name":"JP-272 -  OFFICE","type":"room"},"geometry":{"type":"Point","coordinates":[-76.7601315,39.0196131]}},{"type":"Feature","id":704,"properties":{"building_id":"sc","floor":0,"id":704,"metadata":{"category":"room","keywords":["SC-1014 - Dining"]},"name":"SC-1014 - Dining","type":"room"},"geometry":{"type":"Point","coordinates":[-76.7583586,39.0178809]}},{"type":"Feature","id":705,"properties":{"building_id":"cnsmn","floor":1,"id":705,"metadata":{"category":"room","keywords":["CNSMN-2184 - Natual Science Tissue Culture"]},"name":"CNSMN-2184 - Natual Science Tissue Culture","type":"room"},"geometry":{"type":"Point","coordinates":[-76.7589978,39.0185516]}},{"type":"Feature","id":706,"properties":{"building_id":"cbgs","floor":1,"id":706,"metadata":{"category":"room","keywords":["CBGS-2312A - Office"]},"name":"CBGS-2312A - Office","type":"room"},"geometry":{"type":"Point","coordinates":[-76.7611664,39.0168984]}},{"type":"Feature","id":707,"properties":{"building_id":"cbgs","floor":1,"id":707,"metadata":{"category":"room","keywords":["CBGS-2303 - Conference Room #2"]},"name":"CBGS-2303 - Conference Room #2","type":"room"},"geometry":{"type":"Point","coordinates":[-76.7612394,39.016799]}},{"type":"Feature","id":708,"properties":{"building_id":"rh","floor":1,"id":708,"metadata":{"category":"room","keywords":["RH-115A - Office of Research & Sponsored Programs"]},"name":"RH-115A - Office of Research & Sponsored Programs","type":"room"},"geometry":{"type":"Point","coordinates":[-76.7597707,39.0165252]}},{"type":"Feature","id":709,"properties":{"building_id":"cbgs","floor":1,"id":709,"metadata":{"category":"room","keywords":["CBGS-2310 - Office"]},"name":"CBGS-2310 - Office","type":"room"},"geometry":{"type":"Point","coordinates":[-76.7612131,39.0168783]}},{"type":"Feature","id":710,"properties":{"building_id":"proctor","floor":1,"id":710,"metadata":{"category":"room","keywords":["JP-264 - Work Room"]},"name":"JP-264 - Work Room","type":"room"},"geometry":{"type":"Point","coordinates":[-76.760152,39.0195457]}},{"type":"Feature","id":711,"properties":{"building_id":"cbgs","floor":1,"id":711,"metadata":{"category":"room","keywords":["CBGS-2319 - Office"]},"name":"CBGS-2319 - Office","type":"room"},"geometry":{"type":"Point","coordinates":[-76.7614025,39.0166294]}},{"type":"Feature","id":712,"properties":{"building_id":"proctor","floor":1,"id":712,"metadata":{"category":"room","keywords":["JP-277 - Teaching Director"]},"name":"JP-277 - Teaching Director","type":"room"},"geometry":{"type":"Point","coordinates":[-76.760289,39.0196924]}},{"type":"Feature","id":713,"properties":{"building_id":"rh","floor":1,"id":713,"metadata":{"category":"room","keywords":["RH-114A - OFFICE"]},"name":"RH-114A - OFFICE","type":"room"},"geometry":{"type":"Point","coordinates":[-76.7598705,39.0165847]}},{"type":"Feature","id":714,"properties":{"building_id":"sc","floor":0,"id":714,"metadata":{"category":"tenant","keywords":["Bookstore","Books","Store"]},"name":"SC-1024 - Book Store","type":"store"},"geometry":{"type":"Point","coordinates":[-76.7581292,39.0178152]}},{"type":"Feature","id":715,"properties":{"building_id":"cnsmn","floor":1,"id":715,"metadata":{"category":"room","keywords":["CNSMN-2206 - Nursing Exam RM"]},"name":"CNSMN-2206 - Nursing Exam RM","type":"room"},"geometry":{"type":"Point","coordinates":[-76.7587639,39.0192399]}},{"type":"Feature","id":716,"properties":{"building_id":"cnsmn","floor":1,"id":716,"metadata":{"category":"room","keywords":["CNSMN-2214 - Nursing Exam RM"]},"name":"CNSMN-2214 - Nursing Exam RM","type":"room"},"geometry":{"type":"Point","coordinates":[-76.7588979,39.0192299]}},{"type":"Feature","id":717,"properties":{"building_id":"sc","floor":0,"id":717,"metadata":{"category":"room","keywords":["SC-1007 - OFFICE"]},"name":"SC-1007 - OFFICE","type":"room"},"geometry":{"type":"Point","coordinates":[-76.7580319,39.017712]}},{"type":"Feature","id":718,"properties":{"building_id":"cnsmn","floor":1,"id":718,"metadata":{"category":"room","keywords":["CNSMN-2218 - Nursing Exam RM"]},"name":"CNSMN-2218 - Nursing Exam RM","type":"room"},"geometry":{"type":"Point","coordinates":[-76.7589422,39.0191841]}},{"type":"Feature","id":719,"properties":{"building_id":"cbgs","floor":1,"id":719,"metadata":{"category":"room","keywords":["CBGS-2216 - LAB #3"]},"name":"CBGS-2216 - LAB #3","type":"room"},"geometry":{"type":"Point","coordinates":[-76.7618238,39.0170257]}},{"type":"Feature","id":720,"properties":{"building_id":"proctor","floor":1,"id":720,"metadata":{"category":"room","keywords":["JP-280 - OFFICE"]},"name":"JP-280 - OFFICE","type":"room"},"geometry":{"type":"Point","coordinates":[-76.7603736,39.0196388]}},{"type":"Feature","id":721,"properties":{"building_id":"rh","floor":1,"id":721,"metadata":{"category":"room","keywords":["RH-117B - OFFICE"]},"name":"RH-117B - OFFICE","type":"room"},"geometry":{"type":"Point","coordinates":[-76.7595074,39.0163552]}},{"type":"Feature","id":722,"properties":{"building_id":"proctor","floor":1,"id":722,"metadata":{"category":"room","keywords":["JP-284 - OFFICE"]},"name":"JP-284 - OFFICE","type":"room"},"geometry":{"type":"Point","coordinates":[-76.7604512,39.0195483]}},{"type":"Feature","id":723,"properties":{"building_id":"proctor","floor":1,"id":723,"metadata":{"category":"room","keywords":["JP-263 - Education Leadership"]},"name":"JP-263 - Education Leadership","type":"room"},"geometry":{"type":"Point","coordinates":[-76.7601895,39.0195504]}},{"type":"Feature","id":724,"properties":{"building_id":"sc","floor":0,"id":724,"metadata":{"category":"tenant","keywords":["The Pub","Food"]},"name":"SC-1020 - The Pub","type":"store"},"geometry":{"type":"Point","coordinates":[-76.7582484,39.017891]}},{"type":"Feature","id":725,"properties":{"building_id":"cnsmn","floor":1,"id":725,"metadata":{"category":"room","keywords":["CNSMN-2222 - Nursing DEBRIEF"]},"name":"CNSMN-2222 - Nursing DEBRIEF","type":"room"},"geometry":{"type":"Point","coordinates":[-76.7588768,39.019145]}},{"type":"Feature","id":726,"properties":{"building_id":"cnsmn","floor":1,"id":726,"metadata":{"category":"room","keywords":["CNSMN-2225-B - Nursing Multi-Purpose Large RM"]},"name":"CNSMN-2225-B - Nursing Multi-Purpose Large RM","type":"room"},"geometry":{"type":"Point","coordinates":[-76.7589869,39.0189131]}},{"type":"Feature","id":727,"properties":{"building_id":"proctor","floor":1,"id":727,"metadata":{"category":"room","keywords":["JP-269 - OFFICE"]},"name":"JP-269 - OFFICE","type":"room"},"geometry":{"type":"Point","coordinates":[-76.7600803,39.0195347]}},{"type":"Feature","id":728,"properties":{"building_id":"rh","floor":1,"id":728,"metadata":{"category":"room","keywords":["RH-112A - Conference RM"]},"name":"RH-112A - Conference RM","type":"room"},"geometry":{"type":"Point","coordinates":[-76.759953,39.0165634]}},{"type":"Feature","id":729,"properties":{"building_id":"cbgs","floor":1,"id":729,"metadata":{"category":"room","keywords":["CBGS-2304 - Office"]},"name":"CBGS-2304 - Office","type":"room"},"geometry":{"type":"Point","coordinates":[-76.7613098,39.0168281]}},{"type":"Feature","id":730,"properties":{"building_id":"cnsmn","floor":1,"id":730,"metadata":{"category":"room","keywords":["CNSMN-2207 - Nursing ACAD ADV Office","Nursing Academic Advising Office"]},"name":"CNSMN-2207 - Nursing Academic Advising Office","type":"room"},"geometry":{"type":"Point","coordinates":[-76.758591,39.019104]}},{"type":"Feature","id":731,"properties":{"building_id":"cbgs","floor":1,"id":731,"metadata":{"category":"room","keywords":["CBGS-2315 - Office"]},"name":"CBGS-2315 - Office","type":"room"},"geometry":{"type":"Point","coordinates":[-76.7613884,39.0167422]}},{"type":"Feature","id":732,"properties":{"building_id":"cnsmn","floor":1,"id":732,"metadata":{"category":"room","keywords":["CNSMN-2224 - Nursing Multi-Purpose RM"]},"name":"CNSMN-2224 - Nursing Multi-Purpose RM","type":"room"},"geometry":{"type":"Point","coordinates":[-76.7589738,39.019097]}},{"type":"Feature","id":733,"properties":{"building_id":"cbgs","floor":1,"id":733,"metadata":{"category":"room","keywords":["CBGS-2302 - BSU Foundation"]},"name":"CBGS-2302 - BSU Foundation","type":"room"},"geometry":{"type":"Point","coordinates":[-76.7613288,39.0168062]}},{"type":"Feature","id":734,"properties":{"building_id":"sc","floor":0,"id":734,"metadata":{"category":"room","keywords":["SC-10025G - AUX SERV SPEC"]},"name":"SC-10025G - AUX SERV SPEC","type":"room"},"geometry":{"type":"Point","coordinates":[-76.7581019,39.017607]}},{"type":"Feature","id":735,"properties":{"building_id":"cnsmn","floor":1,"id":735,"metadata":{"category":"room","keywords":["CNSMN-2204 - Nursing Health Assessment Exam RM #7"]},"name":"CNSMN-2204 - Nursing Health Assessment Exam RM #7","type":"room"},"geometry":{"type":"Point","coordinates":[-76.7588114,39.0192611]}},{"type":"Feature","id":736,"properties":{"building_id":"cbgs","floor":1,"id":736,"metadata":{"category":"room","keywords":["CBGS-2312 - Office"]},"name":"CBGS-2312 - Office","type":"room"},"geometry":{"type":"Point","coordinates":[-76.7611452,39.0168624]}},{"type":"Feature","id":737,"properties":{"building_id":"lib","floor":-1,"id":737,"metadata":{"category":"room","keywords":["LIB-090H - OFFICE"]},"name":"LIB-090H - OFFICE","type":"room"},"geometry":{"type":"Point","coordinates":[-76.7596214,39.0183593]}},{"type":"Feature","id":738,"properties":{"building_id":"lib","floor":-1,"id":738,"metadata":{"category":"room","keywords":["Graduate Computer Lab","Graduate","Computer Lab","Lab"]},"name":"LIB-090A - Graduate Computer Lab","type":"room"},"geometry":{"type":"Point","coordinates":[-76.7595336,39.0184143]}},{"type":"Feature","id":739,"properties":{"building_id":"proctor","floor":0,"id":739,"metadata":{"category":"room","keywords":["JP-119 - Classroom"]},"name":"JP-119 - Classroom","type":"room"},"geometry":{"type":"Point","coordinates":[-76.7600951,39.0195059]}},{"type":"Feature","id":740,"properties":{"building_id":"lib","floor":-1,"id":740,"metadata":{"category":"room","keywords":["LIB-090G - OFFICE"]},"name":"LIB-090G - OFFICE","type":"room"},"geometry":{"type":"Point","coordinates":[-76.7596662,39.0183106]}},{"type":"Feature","id":741,"properties":{"building_id":"proctor","floor":1,"id":741,"metadata":{"category":"room","keywords":["JP-202 - Reception"]},"name":"JP-202 - Reception","type":"room"},"geometry":{"type":"Point","coordinates":[-76.7607332,39.0190499]}},{"type":"Feature","id":742,"properties":{"building_id":"proctor","floor":1,"id":742,"metadata":{"category":"room","keywords":["JP-217 - OFFICE"]},"name":"JP-217 - OFFICE","type":"room"},"geometry":{"type":"Point","coordinates":[-76.7608916,39.0190931]}},{"type":"Feature","id":743,"properties":{"building_id":"proctor","floor":0,"id":743,"metadata":{"category":"room","keywords":["JP-135 - Classroom"]},"name":"JP-135 - Classroom","type":"room"},"geometry":{"type":"Point","coordinates":[-76.7603288,39.0193623]}},{"type":"Feature","id":744,"properties":{"building_id":"proctor","floor":1,"id":744,"metadata":{"category":"room","keywords":["JP-224B - SPS WORK"]},"name":"JP-224B - SPS WORK","type":"room"},"geometry":{"type":"Point","coordinates":[-76.7607096,39.0190192]}},{"type":"Feature","id":745,"properties":{"building_id":"lib","floor":0,"id":745,"metadata":{"category":"room","keywords":["LIB-1170 - Reference Center & Office"]},"name":"LIB-1170 - Reference Center & Office","type":"room"},"geometry":{"type":"Point","coordinates":[-76.7597618,39.0180549]}},{"type":"Feature","id":746,"properties":{"building_id":"lib","floor":-1,"id":746,"metadata":{"category":"room","keywords":["LIB-080K - Conference RM"]},"name":"LIB-080K - Conference RM","type":"room"},"geometry":{"type":"Point","coordinates":[-76.7597065,39.0183866]}},{"type":"Feature","id":747,"properties":{"building_id":"proctor","floor":0,"id":747,"metadata":{"category":"room","keywords":["JP-122 - Computer LAB"]},"name":"JP-122 - Computer LAB","type":"room"},"geometry":{"type":"Point","coordinates":[-76.7602158,39.0196608]}},{"type":"Feature","id":748,"properties":{"building_id":"proctor","floor":1,"id":748,"metadata":{"category":"room","keywords":["JP-219 - OFFICE"]},"name":"JP-219 - OFFICE","type":"room"},"geometry":{"type":"Point","coordinates":[-76.76087,39.0190354]}},{"type":"Feature","id":749,"properties":{"building_id":"proctor","floor":1,"id":749,"metadata":{"category":"room","keywords":["JP-210 - OFFICE"]},"name":"JP-210 - OFFICE","type":"room"},"geometry":{"type":"Point","coordinates":[-76.7607451,39.0192449]}},{"type":"Feature","id":750,"properties":{"building_id":"lib","floor":1,"id":750,"metadata":{"category":"room","keywords":["LIB-11 - Study Carrel"]},"name":"LIB-11 - Study Carrel","type":"room"},"geometry":{"type":"Point","coordinates":[-76.7601791,39.0181604]}},{"type":"Feature","id":751,"properties":{"building_id":"proctor","floor":1,"id":751,"metadata":{"category":"room","keywords":["JP-220 - OFFICE"]},"name":"JP-220 - OFFICE","type":"room"},"geometry":{"type":"Point","coordinates":[-76.76084,39.0190136]}},{"type":"Feature","id":752,"properties":{"building_id":"proctor","floor":0,"id":752,"metadata":{"category":"room","keywords":["JP-121 - Interactive LAB"]},"name":"JP-121 - Interactive LAB","type":"room"},"geometry":{"type":"Point","coordinates":[-76.7601322,39.0196121]}},{"type":"Feature","id":753,"properties":{"building_id":"lib","floor":-1,"id":753,"metadata":{"category":"room","keywords":["LIB-091 - OFFICE"]},"name":"LIB-091 - OFFICE","type":"room"},"geometry":{"type":"Point","coordinates":[-76.7594739,39.0180762]}},{"type":"Feature","id":754,"properties":{"building_id":"proctor","floor":1,"id":754,"metadata":{"category":"room","keywords":["JP-206 - Work RM"]},"name":"JP-206 - Work RM","type":"room"},"geometry":{"type":"Point","coordinates":[-76.7608208,39.0190833]}},{"type":"Feature","id":755,"properties":{"building_id":"lib","floor":0,"id":755,"metadata":{"category":"room","keywords":["LIB-1130 - Conference RM"]},"name":"LIB-1130 - Conference RM","type":"room"},"geometry":{"type":"Point","coordinates":[-76.7594593,39.0183736]}},{"type":"Feature","id":756,"properties":{"building_id":"proctor","floor":1,"id":756,"metadata":{"category":"room","keywords":["JP-224 - SPS FILE"]},"name":"JP-224 - SPS FILE","type":"room"},"geometry":{"type":"Point","coordinates":[-76.7606723,39.0190154]}},{"type":"Feature","id":757,"properties":{"building_id":"proctor","floor":1,"id":757,"metadata":{"category":"room","keywords":["JP-212 - OFFICE"]},"name":"JP-212 - OFFICE","type":"room"},"geometry":{"type":"Point","coordinates":[-76.760795,39.0192035]}},{"type":"Feature","id":758,"properties":{"building_id":"proctor","floor":1,"id":758,"metadata":{"category":"room","keywords":["JP-208 - OFFICE"]},"name":"JP-208 - OFFICE","type":"room"},"geometry":{"type":"Point","coordinates":[-76.7607581,39.0191511]}},{"type":"Feature","id":759,"properties":{"building_id":"lib","floor":0,"id":759,"metadata":{"category":"room","keywords":["LIB-1175 - Library Instruction RM #1"]},"name":"LIB-1175 - Library Instruction RM #1","type":"room"},"geometry":{"type":"Point","coordinates":[-76.7596621,39.0179617]}},{"type":"Feature","id":760,"properties":{"building_id":"proctor","floor":0,"id":760,"metadata":{"category":"non public","keywords":["JP-122A - Non Public"]},"name":"JP-122A - Non Public","type":"room"},"geometry":{"type":"Point","coordinates":[-76.7602917,39.0196961]}},{"type":"Feature","id":761,"properties":{"building_id":"lib","floor":-1,"id":761,"metadata":{"category":"room","keywords":["LIB-090F - OFFICE"]},"name":"LIB-090F - OFFICE","type":"room"},"geometry":{"type":"Point","coordinates":[-76.7596441,39.0183333]}},{"type":"Feature","id":762,"properties":{"building_id":"lib","floor":0,"id":762,"metadata":{"category":"room","keywords":["LIB-1128 - OFFICE"]},"name":"LIB-1128 - OFFICE","type":"room"},"geometry":{"type":"Point","coordinates":[-76.7594916,39.0184256]}},{"type":"Feature","id":763,"properties":{"building_id":"lib","floor":0,"id":763,"metadata":{"category":"room","keywords":["LIB-1128 - OFFICE"]},"name":"LIB-1128 - OFFICE","type":"room"},"geometry":{"type":"Point","coordinates":[-76.7596401,39.0183195]}},{"type":"Feature","id":764,"properties":{"building_id":"lib","floor":0,"id":764,"metadata":{"category":"room","keywords":["LIB-1128 - OFFICE"]},"name":"LIB-1128 - OFFICE","type":"room"},"geometry":{"type":"Point","coordinates":[-76.7595776,39.0183652]}},{"type":"Feature","id":765,"properties":{"building_id":"lib","floor":-1,"id":765,"metadata":{"category":"room","keywords":["LIB-092D - Disability Support Services"]},"name":"LIB-092D - Disability Support Services","type":"room"},"geometry":{"type":"Point","coordinates":[-76.7595517,39.018172]}},{"type":"Feature","id":766,"properties":{"building_id":"lib","floor":-1,"id":766,"metadata":{"category":"room","keywords":["LIB-092A - OFFICE"]},"name":"LIB-092A - OFFICE","type":"room"},"geometry":{"type":"Point","coordinates":[-76.7595189,39.0181006]}},{"type":"Feature","id":767,"properties":{"building_id":"lib","floor":-1,"id":767,"metadata":{"category":"room","keywords":["LIB-084 - Classroom"]},"name":"LIB-084 - Classroom","type":"room"},"geometry":{"type":"Point","coordinates":[-76.7598177,39.0181087]}},{"type":"Feature","id":768,"properties":{"building_id":"lib","floor":0,"id":768,"metadata":{"category":"room","keywords":["LIB-1119 - Circulation Office"],"description":"Sign-in location to reserve a circulation room."},"name":"LIB-1119 - Circulation Office","type":"room"},"geometry":{"type":"Point","coordinates":[-76.7597464,39.0184046]}},{"type":"Feature","id":769,"properties":{"building_id":"lib","floor":-1,"id":769,"metadata":{"category":"room","keywords":["LIB-092E - OFFICE"]},"name":"LIB-092E - OFFICE","type":"room"},"geometry":{"type":"Point","coordinates":[-76.7595767,39.0181461]}},{"type":"Feature","id":770,"properties":{"building_id":"proctor","floor":0,"id":770,"metadata":{"category":"room","keywords":["JP-123 - Classroom"]},"name":"JP-123 - Classroom","type":"room"},"geometry":{"type":"Point","coordinates":[-76.7603394,39.0196725]}},{"type":"Feature","id":771,"properties":{"building_id":"lib","floor":0,"id":771,"metadata":{"category":"room","keywords":["LIB-1180 - Serial Staff Workroom"]},"name":"LIB-1180 - Serial Staff Workroom","type":"room"},"geometry":{"type":"Point","coordinates":[-76.7599029,39.018102]}},{"type":"Feature","id":772,"properties":{"building_id":"proctor","floor":0,"id":772,"metadata":{"category":"non public","keywords":["JP-136 - Non Public"]},"name":"JP-136 - Non Public","type":"room"},"geometry":{"type":"Point","coordinates":[-76.7602628,39.0194322]}},{"type":"Feature","id":773,"properties":{"building_id":"proctor","floor":1,"id":773,"metadata":{"category":"room","keywords":["JP-211 - OFFICE"]},"name":"JP-211 - OFFICE","type":"room"},"geometry":{"type":"Point","coordinates":[-76.760766,39.0192233]}},{"type":"Feature","id":774,"properties":{"building_id":"lib","floor":0,"id":774,"metadata":{"category":"room","keywords":["LIB-1140 - OFFICE"]},"name":"LIB-1140 - OFFICE","type":"room"},"geometry":{"type":"Point","coordinates":[-76.7598649,39.0184063]}},{"type":"Feature","id":775,"properties":{"building_id":"lib","floor":-1,"id":775,"metadata":{"category":"room","keywords":["LIB-092B - OFFICE"]},"name":"LIB-092B - OFFICE","type":"room"},"geometry":{"type":"Point","coordinates":[-76.7594542,39.0181223]}},{"type":"Feature","id":776,"properties":{"building_id":"lib","floor":-1,"id":776,"metadata":{"category":"room","keywords":["LIB-090B - IT Service Desk Team"]},"name":"LIB-090B - IT Service Desk Team","type":"room"},"geometry":{"type":"Point","coordinates":[-76.7594602,39.0183586]}},{"type":"Feature","id":777,"properties":{"building_id":"proctor","floor":1,"id":777,"metadata":{"category":"room","keywords":["JP-218 - Chair Nursing"]},"name":"JP-218 - Chair Nursing","type":"room"},"geometry":{"type":"Point","coordinates":[-76.7609082,39.0190733]}},{"type":"Feature","id":778,"properties":{"building_id":"lib","floor":-1,"id":778,"metadata":{"category":"room","keywords":["LIB-090D - Computer Lab"],"description":"Computer Lab","phone":"301-860-4357"},"name":"LIB-090D - Computer Lab","type":"room"},"geometry":{"type":"Point","coordinates":[-76.759601,39.0182045]}},{"type":"Feature","id":779,"properties":{"building_id":"lib","floor":0,"id":779,"metadata":{"category":"room","keywords":["LIB-1122A - OFFICE"]},"name":"LIB-1122A - OFFICE","type":"room"},"geometry":{"type":"Point","coordinates":[-76.759709,39.0185185]}},{"type":"Feature","id":780,"properties":{"building_id":"lib","floor":0,"id":780,"metadata":{"category":"room","keywords":["LIB-1122 - OFFICE"]},"name":"LIB-1122 - OFFICE","type":"room"},"geometry":{"type":"Point","coordinates":[-76.759654,39.0185064]}},{"type":"Feature","id":781,"properties":{"building_id":"proctor","floor":1,"id":781,"metadata":{"category":"room","keywords":["JP-203 - Nursing"]},"name":"JP-203 - Nursing","type":"room"},"geometry":{"type":"Point","coordinates":[-76.7607742,39.0190843]}},{"type":"Feature","id":782,"properties":{"building_id":"proctor","floor":1,"id":782,"metadata":{"category":"room","keywords":["JP-213 - OFFICE"]},"name":"JP-213 - OFFICE","type":"room"},"geometry":{"type":"Point","coordinates":[-76.7608075,39.0191799]}},{"type":"Feature","id":783,"properties":{"building_id":"lib","floor":1,"id":783,"metadata":{"category":"room","keywords":["LIB-10 - Study Carrel"]},"name":"LIB-10 - Study Carrel","type":"room"},"geometry":{"type":"Point","coordinates":[-76.7601938,39.0181452]}},{"type":"Feature","id":784,"properties":{"building_id":"lib","floor":0,"id":784,"metadata":{"category":"room","keywords":["Serial Staff Office"]},"name":"LIB-1180a - Serial Staff Office","type":"room"},"geometry":{"type":"Point","coordinates":[-76.7598939,39.0180734]}},{"type":"Feature","id":785,"properties":{"building_id":"proctor","floor":1,"id":785,"metadata":{"category":"room","keywords":["JP-207 - OFFICE"]},"name":"JP-207 - OFFICE","type":"room"},"geometry":{"type":"Point","coordinates":[-76.7607769,39.0191232]}},{"type":"Feature","id":786,"properties":{"building_id":"proctor","floor":0,"id":786,"metadata":{"category":"non public","keywords":["JP-127 - Non Public"]},"name":"JP-127 - Non Public","type":"room"},"geometry":{"type":"Point","coordinates":[-76.7603184,39.0195114]}},{"type":"Feature","id":787,"properties":{"building_id":"proctor","floor":1,"id":787,"metadata":{"category":"room","keywords":["JP-222 - OFFICE"]},"name":"JP-222 - OFFICE","type":"room"},"geometry":{"type":"Point","coordinates":[-76.7607543,39.0189638]}},{"type":"Feature","id":788,"properties":{"building_id":"proctor","floor":1,"id":788,"metadata":{"category":"room","keywords":["JP-209 - OFFICE"]},"name":"JP-209 - OFFICE","type":"room"},"geometry":{"type":"Point","coordinates":[-76.760696,39.019212]}},{"type":"Feature","id":789,"properties":{"building_id":"proctor","floor":0,"id":789,"metadata":{"category":"room","keywords":["JP-131 - Classroom"]},"name":"JP-131 - Classroom","type":"room"},"geometry":{"type":"Point","coordinates":[-76.7605134,39.0194779]}},{"type":"Feature","id":790,"properties":{"building_id":"proctor","floor":1,"id":790,"metadata":{"category":"room","keywords":["JP-214 - OFFICE"]},"name":"JP-214 - OFFICE","type":"room"},"geometry":{"type":"Point","coordinates":[-76.7608287,39.019158]}},{"type":"Feature","id":791,"properties":{"building_id":"lib","floor":0,"id":791,"metadata":{"category":"room","keywords":["LIB-1129 - Library Instruction RM #2"]},"name":"LIB-1129 - Library Instruction RM #2","type":"room"},"geometry":{"type":"Point","coordinates":[-76.7595536,39.018289]}},{"type":"Feature","id":792,"properties":{"building_id":"proctor","floor":0,"id":792,"metadata":{"category":"non public","keywords":["JP-121A -Non Public"]},"name":"JP-121A -Non Public","type":"room"},"geometry":{"type":"Point","coordinates":[-76.760065,39.0195689]}},{"type":"Feature","id":793,"properties":{"building_id":"proctor","floor":1,"id":793,"metadata":{"category":"room","keywords":["JP-221 - Conference RM"]},"name":"JP-221 - Conference RM","type":"room"},"geometry":{"type":"Point","coordinates":[-76.7607998,39.0189853]}},{"type":"Feature","id":794,"properties":{"building_id":"lib","floor":-1,"id":794,"metadata":{"category":"room","keywords":["LIB-085 - Classroom"]},"name":"LIB-085 - Classroom","type":"room"},"geometry":{"type":"Point","coordinates":[-76.7597776,39.0181625]}},{"type":"Feature","id":795,"properties":{"building_id":"proctor","floor":1,"id":795,"metadata":{"category":"non public","keywords":["JP-224A -Non Public"]},"name":"JP-224A -Non Public","type":"room"},"geometry":{"type":"Point","coordinates":[-76.7606876,39.0190462]}},{"type":"Feature","id":796,"properties":{"building_id":"lib","floor":0,"id":796,"metadata":{"category":"room","keywords":["LIB-1126 - Military Resources Office"]},"name":"LIB-1126 - Military Resources Office","type":"room"},"geometry":{"type":"Point","coordinates":[-76.7595604,39.0184493]}},{"type":"Feature","id":797,"properties":{"building_id":"lib","floor":-1,"id":797,"metadata":{"category":"room","keywords":["LIB-090K - OFFICE"]},"name":"LIB-090K - OFFICE","type":"room"},"geometry":{"type":"Point","coordinates":[-76.7595439,39.0182657]}},{"type":"Feature","id":798,"properties":{"building_id":"lib","floor":1,"id":798,"metadata":{"category":"room","keywords":["LIB-1 - Study Carrel"]},"name":"LIB-1 - Study Carrel","type":"room"},"geometry":{"type":"Point","coordinates":[-76.7601126,39.0180102]}},{"type":"Feature","id":799,"properties":{"building_id":"lib","floor":-1,"id":799,"metadata":{"category":"room","keywords":["LIB-082 - Academic Advising Center"],"phone":"301-860-4065"},"name":"LIB-082 - Academic Advising Center","type":"room"},"geometry":{"type":"Point","coordinates":[-76.7598742,39.0180469]}},{"type":"Feature","id":800,"properties":{"building_id":"lib","floor":0,"id":800,"metadata":{"category":"room","keywords":["Circulation Conference RM"]},"name":"LIB-1141A - Circulation Conference RM","type":"room"},"geometry":{"type":"Point","coordinates":[-76.7598165,39.0184426]}},{"type":"Feature","id":801,"properties":{"building_id":"proctor","floor":1,"id":801,"metadata":{"category":"room","keywords":["JP-215 - OFFICE"]},"name":"JP-215 - OFFICE","type":"room"},"geometry":{"type":"Point","coordinates":[-76.7608562,39.0191399]}},{"type":"Feature","id":802,"properties":{"building_id":"lib","floor":0,"id":802,"metadata":{"category":"room","keywords":["LIB-1121 - Circulation"]},"name":"LIB-1121 - Circulation","type":"room"},"geometry":{"type":"Point","coordinates":[-76.7596607,39.0184148]}},{"type":"Feature","id":803,"properties":{"building_id":"proctor","floor":1,"id":803,"metadata":{"category":"room","keywords":["JP-216 - OFFICE"]},"name":"JP-216 - OFFICE","type":"room"},"geometry":{"type":"Point","coordinates":[-76.7608705,39.0191149]}},{"type":"Feature","id":804,"properties":{"building_id":"lib","floor":-1,"id":804,"metadata":{"category":"room","keywords":["LIB-090C - Technology Resource Center"],"description":"Computer Lab","phone":"301-860-4357"},"name":"LIB-090C - Technology Resource Center","type":"room"},"geometry":{"type":"Point","coordinates":[-76.7596885,39.0182552]}},{"type":"Feature","id":805,"properties":{"building_id":"proctor","floor":1,"id":805,"metadata":{"category":"room","keywords":["JP-204 - FILE RM"]},"name":"JP-204 - FILE RM","type":"room"},"geometry":{"type":"Point","coordinates":[-76.7607992,39.0191057]}},{"type":"Feature","id":806,"properties":{"building_id":"cs","floor":0,"id":806,"metadata":{"category":"room","keywords":["CS-114 - Computer Science Lecture RM"]},"name":"CS-114 - Computer Science Lecture RM","type":"room"},"geometry":{"type":"Point","coordinates":[-76.7594309,39.0171722]}},{"type":"Feature","id":807,"properties":{"building_id":"cs","floor":0,"id":807,"metadata":{"category":"room","keywords":["CS-112 - Computer Science Lecture RM"]},"name":"CS-112 - Computer Science Lecture RM","type":"room"},"geometry":{"type":"Point","coordinates":[-76.7594008,39.0172293]}},{"type":"Feature","id":808,"properties":{"building_id":"cs","floor":1,"id":808,"metadata":{"category":"room","keywords":["CS-208A - Computer Science STAFF"]},"name":"CS-208A - Computer Science STAFF","type":"room"},"geometry":{"type":"Point","coordinates":[-76.7592739,39.017345]}},{"type":"Feature","id":809,"properties":{"building_id":"cnsmn","floor":0,"id":809,"metadata":{"category":"non public"},"name":"CNSMN-1205","type":"room"},"geometry":{"type":"Point","coordinates":[-76.7587307,39.0191115]}},{"type":"Feature","id":810,"properties":{"building_id":"cnsmn","floor":1,"id":810,"metadata":{"category":"room","keywords":["CNSMN-2108 - Nursing Faculty Office"]},"name":"CNSMN-2108 - Nursing Faculty Office","type":"room"},"geometry":{"type":"Point","coordinates":[-76.7585392,39.0191152]}},{"type":"Feature","id":811,"properties":{"building_id":"cnsmn","floor":1,"id":811,"metadata":{"category":"room","keywords":["CNSMN-2044 - Computer LAB"]},"name":"CNSMN-2044 - Computer LAB","type":"room"},"geometry":{"type":"Point","coordinates":[-76.7586547,39.0189563]}},{"type":"Feature","id":812,"properties":{"building_id":"cnsmn","floor":0,"id":812,"metadata":{"category":"room","keywords":["CNSMN-1204 - Quite Collaboration Lounge"]},"name":"CNSMN-1204 - Quite Collaboration Lounge","type":"room"},"geometry":{"type":"Point","coordinates":[-76.7588663,39.0192064]}},{"type":"Feature","id":813,"properties":{"building_id":"cs","floor":1,"id":813,"metadata":{"category":"room","keywords":["CS-211 - Computer Science Research LAB"]},"name":"CS-211 - Computer Science Research LAB","type":"room"},"geometry":{"type":"Point","coordinates":[-76.7594029,39.0171851]}},{"type":"Feature","id":814,"properties":{"building_id":"cs","floor":0,"id":814,"metadata":{"category":"room","keywords":["CS-111 - Computer Science Computer LAB"]},"name":"CS-111 - Computer Science Computer LAB","type":"room"},"geometry":{"type":"Point","coordinates":[-76.7595787,39.0172078]}},{"type":"Feature","id":815,"properties":{"building_id":"cs","floor":1,"id":815,"metadata":{"category":"room","keywords":["CS-208E - Computer Science EQUIP RM"]},"name":"CS-208E - Computer Science EQUIP RM","type":"room"},"geometry":{"type":"Point","coordinates":[-76.759372,39.0173439]}},{"type":"Feature","id":816,"properties":{"building_id":"cnsmn","floor":1,"id":816,"metadata":{"category":"room","keywords":["CNSMN-2113 - Nursing Faculty Lounge"]},"name":"CNSMN-2113 - Nursing Faculty Lounge","type":"room"},"geometry":{"type":"Point","coordinates":[-76.7583025,39.0191129]}},{"type":"Feature","id":817,"properties":{"building_id":"cs","floor":1,"id":817,"metadata":{"category":"room","keywords":["CS-208B - Computer Science STAFF"]},"name":"CS-208B - Computer Science STAFF","type":"room"},"geometry":{"type":"Point","coordinates":[-76.7592895,39.0173155]}},{"type":"Feature","id":818,"properties":{"building_id":"cs","floor":0,"id":818,"metadata":{"category":"room","keywords":["CS-113A - Computer Science Engineering LAB"]},"name":"CS-113A - Computer Science Engineering LAB","type":"room"},"geometry":{"type":"Point","coordinates":[-76.7596206,39.0171543]}},{"type":"Feature","id":819,"properties":{"building_id":"cs","floor":1,"id":819,"metadata":{"category":"room","keywords":["CS-214 - Computer Science FACULTY LOUNGE"]},"name":"CS-214 - Computer Science FACULTY LOUNGE","type":"room"},"geometry":{"type":"Point","coordinates":[-76.7596092,39.0170831]}},{"type":"Feature","id":820,"properties":{"building_id":"cnsmn","floor":1,"id":820,"metadata":{"category":"room"},"name":"CNSMN-2102 - Nursing Faculty Office","type":"room"},"geometry":{"type":"Point","coordinates":[-76.7584581,39.0191187]}},{"type":"Feature","id":821,"properties":{"building_id":"cnsmn","floor":1,"id":821,"metadata":{"category":"room","keywords":["CNSMN-2106 - Nursing Faculty Office"]},"name":"CNSMN-2106 - Nursing Faculty Office","type":"room"},"geometry":{"type":"Point","coordinates":[-76.7585211,39.019091]}},{"type":"Feature","id":822,"properties":{"building_id":"cnsmn","floor":1,"id":822,"metadata":{"category":"room","keywords":["CNSMN-2112 - Nursing Faculty Office"]},"name":"CNSMN-2112 - Nursing Faculty Office","type":"room"},"geometry":{"type":"Point","coordinates":[-76.7585407,39.0190661]}},{"type":"Feature","id":823,"properties":{"building_id":"cnsmn","floor":1,"id":823,"metadata":{"category":"room","keywords":["CNSMN-2103 - Nursing Dept Chair"]},"name":"CNSMN-2103 - Nursing Dept Chair","type":"room"},"geometry":{"type":"Point","coordinates":[-76.7583587,39.0191155]}},{"type":"Feature","id":824,"properties":{"building_id":"cnsmn","floor":0,"id":824,"metadata":{"category":"room","keywords":["CNSMN-1223 - Classroom"]},"name":"CNSMN-1223 - Classroom","type":"room"},"geometry":{"type":"Point","coordinates":[-76.7589176,39.0189847]}},{"type":"Feature","id":825,"properties":{"building_id":"cs","floor":1,"id":825,"metadata":{"category":"room","keywords":["CS-213B - Computer Science STAFF"]},"name":"CS-213B - Computer Science STAFF","type":"room"},"geometry":{"type":"Point","coordinates":[-76.7594758,39.0170408]}},{"type":"Feature","id":826,"properties":{"building_id":"cs","floor":1,"id":826,"metadata":{"category":"room","keywords":["CS-212 - Computer Science Computer LAB"]},"name":"CS-212 - Computer Science Computer LAB","type":"room"},"geometry":{"type":"Point","coordinates":[-76.7595628,39.0171691]}},{"type":"Feature","id":827,"properties":{"building_id":"cs","floor":1,"id":827,"metadata":{"category":"room","keywords":["CS-210 - Computer Science Conference Room"]},"name":"CS-210 - Computer Science Conference Room","type":"room"},"geometry":{"type":"Point","coordinates":[-76.7595086,39.0172603]}},{"type":"Feature","id":828,"properties":{"building_id":"cnsmn","floor":0,"id":828,"metadata":{"category":"room","keywords":["CNSMN-1222 - Classroom"]},"name":"CNSMN-1222 - Classroom","type":"room"},"geometry":{"type":"Point","coordinates":[-76.7590407,39.0190299]}},{"type":"Feature","id":829,"properties":{"building_id":"cs","floor":0,"id":829,"metadata":{"category":"room","keywords":["CS-109 - Computer Science Computer LAB"]},"name":"CS-109 - Computer Science Computer LAB","type":"room"},"geometry":{"type":"Point","coordinates":[-76.7595335,39.0172933]}},{"type":"Feature","id":830,"properties":{"building_id":"cs","floor":1,"id":830,"metadata":{"category":"room","keywords":["CS-201 - Computer Science Data Center"]},"name":"CS-201 - Computer Science Data Center","type":"room"},"geometry":{"type":"Point","coordinates":[-76.759424,39.0175534]}},{"type":"Feature","id":831,"properties":{"building_id":"cs","floor":1,"id":831,"metadata":{"category":"room","keywords":["CS-207B - Computer Science CHAIR"]},"name":"CS-207B - Computer Science CHAIR","type":"room"},"geometry":{"type":"Point","coordinates":[-76.7595304,39.0173714]}},{"type":"Feature","id":832,"properties":{"building_id":"cs","floor":1,"id":832,"metadata":{"category":"room","keywords":["CS-207C - Computer Science FILE"]},"name":"CS-207C - Computer Science FILE","type":"room"},"geometry":{"type":"Point","coordinates":[-76.7595136,39.0173504]}},{"type":"Feature","id":833,"properties":{"building_id":"cs","floor":1,"id":833,"metadata":{"category":"room","keywords":["CS-207A -Computer Science ADMIN ASST"]},"name":"CS-207A - Computer Science ADMIN ASST","type":"room"},"geometry":{"type":"Point","coordinates":[-76.7595119,39.0174152]}},{"type":"Feature","id":834,"properties":{"building_id":"cnsmn","floor":1,"id":834,"metadata":{"category":"room","keywords":["CNSMN-2042 - Physics LAB"]},"name":"CNSMN-2042 - Physics LAB","type":"room"},"geometry":{"type":"Point","coordinates":[-76.7586981,39.0188812]}},{"type":"Feature","id":835,"properties":{"building_id":"cs","floor":1,"id":835,"metadata":{"category":"room","keywords":["CS-213C - Computer Science STAFF"]},"name":"CS-213C - Computer Science STAFF","type":"room"},"geometry":{"type":"Point","coordinates":[-76.7594357,39.0170448]}},{"type":"Feature","id":836,"properties":{"building_id":"cs","floor":1,"id":836,"metadata":{"category":"room","keywords":["CS-209 - Computer Science Resource RM"]},"name":"CS-209 - Computer Science Resource RM","type":"room"},"geometry":{"type":"Point","coordinates":[-76.7594651,39.0173496]}},{"type":"Feature","id":837,"properties":{"building_id":"cnsmn","floor":0,"id":837,"metadata":{"category":"room","keywords":["CNSMN-1206 - Quite Collaboration Room"]},"name":"CNSMN-1206 - Quite Collaboration Room","type":"room"},"geometry":{"type":"Point","coordinates":[-76.7589031,39.019227]}},{"type":"Feature","id":838,"properties":{"building_id":"cnsmn","floor":1,"id":838,"metadata":{"category":"room","keywords":["CNSMN-2117 - Nursing Faculty Office"]},"name":"CNSMN-2117 - Nursing Faculty Office","type":"room"},"geometry":{"type":"Point","coordinates":[-76.7583341,39.0190554]}},{"type":"Feature","id":839,"properties":{"building_id":"cnsmn","floor":1,"id":839,"metadata":{"category":"room","keywords":["CNSMN-2105 - Nursing ADMIN"]},"name":"CNSMN-2105 - Nursing ADMIN","type":"room"},"geometry":{"type":"Point","coordinates":[-76.7583933,39.0190814]}},{"type":"Feature","id":840,"properties":{"building_id":"cnsmn","floor":0,"id":840,"metadata":{"category":"room","keywords":["CNSMN-1224 - Classroom"]},"name":"CNSMN-1224 - Classroom","type":"room"},"geometry":{"type":"Point","coordinates":[-76.7591572,39.0189063]}},{"type":"Feature","id":841,"properties":{"building_id":"cs","floor":1,"id":841,"metadata":{"category":"room","keywords":["CS-207 - Dept of Computer Science Reception","Department of Computer Science (CS-207)"]},"name":"CS-207 - Computer Science Reception","type":"room"},"geometry":{"type":"Point","coordinates":[-76.7594607,39.0173832]}},{"type":"Feature","id":842,"properties":{"building_id":"cnsmn","floor":0,"id":842,"metadata":{"category":"room","keywords":["CNSMN-1221 - Classroom"]},"name":"CNSMN-1221 - Classroom","type":"room"},"geometry":{"type":"Point","coordinates":[-76.7588486,39.0190464]}},{"type":"Feature","id":843,"properties":{"building_id":"cnsmn","floor":1,"id":843,"metadata":{"category":"room","keywords":["CNSMN-2115 - Nursing Faculty Office"]},"name":"CNSMN-2115 - Nursing Faculty Office","type":"room"},"geometry":{"type":"Point","coordinates":[-76.7583119,39.0190783]}},{"type":"Feature","id":844,"properties":{"building_id":"cnsmn","floor":0,"id":844,"metadata":{"category":"non public"},"name":"CNSMN-1253","type":"room"},"geometry":{"type":"Point","coordinates":[-76.7590654,39.0187966]}},{"type":"Feature","id":845,"properties":{"building_id":"cs","floor":1,"id":845,"metadata":{"category":"room","keywords":["CS-213F - Computer Science SEM COMPUTING"]},"name":"CS-213F - Computer Science SEM COMPUTING","type":"room"},"geometry":{"type":"Point","coordinates":[-76.7594645,39.017117]}},{"type":"Feature","id":846,"properties":{"building_id":"cs","floor":1,"id":846,"metadata":{"category":"room","keywords":["CS-208C - Computer Science MISSION OPERATION RM #2"]},"name":"CS-208C - Computer Science MISSION OPERATION RM #2","type":"room"},"geometry":{"type":"Point","coordinates":[-76.7593269,39.0172708]}},{"type":"Feature","id":847,"properties":{"building_id":"cnsmn","floor":0,"id":847,"metadata":{"category":"room","keywords":["CNSMN-1220 - Classroom"]},"name":"CNSMN-1220 - Classroom","type":"room"},"geometry":{"type":"Point","coordinates":[-76.7589248,39.01915]}},{"type":"Feature","id":848,"properties":{"building_id":"cs","floor":1,"id":848,"metadata":{"category":"room","keywords":["CS-208D - Computer Science MISSION OPERATION RM #1"]},"name":"CS-208D - Computer Science MISSION OPERATION RM #1","type":"room"},"geometry":{"type":"Point","coordinates":[-76.7593831,39.0172888]}},{"type":"Feature","id":849,"properties":{"building_id":"cs","floor":0,"id":849,"metadata":{"category":"room","keywords":["CS-110 - Computer Science Lecture RM"]},"name":"CS-110 - Computer Science Lecture RM","type":"room"},"geometry":{"type":"Point","coordinates":[-76.7593706,39.0172864]}},{"type":"Feature","id":850,"properties":{"building_id":"cs","floor":1,"id":850,"metadata":{"category":"room","keywords":["CS-213A - Computer Science STAFF"]},"name":"CS-213A - Computer Science STAFF","type":"room"},"geometry":{"type":"Point","coordinates":[-76.7595198,39.0170513]}},{"type":"Feature","id":851,"properties":{"building_id":"cnsmn","floor":1,"id":851,"metadata":{"category":"room","keywords":["CNSMN-2104 - Nursing Faculty Office"]},"name":"CNSMN-2104 - Nursing Faculty Office","type":"room"},"geometry":{"type":"Point","coordinates":[-76.7584875,39.0190742]}},{"type":"Feature","id":852,"properties":{"building_id":"cnsmn","floor":1,"id":852,"metadata":{"category":"room","keywords":["CNSMN-2114 - Nursing Faculty Office"]},"name":"CNSMN-2114 - Nursing Faculty Office","type":"room"},"geometry":{"type":"Point","coordinates":[-76.7585633,39.0190856]}},{"type":"Feature","id":853,"properties":{"building_id":"cnsmn","floor":1,"id":853,"metadata":{"category":"room","keywords":["CNSMN-2110 - Nursing Faculty Office"]},"name":"CNSMN-2110 - Nursing Faculty Office","type":"room"},"geometry":{"type":"Point","coordinates":[-76.7585118,39.0190491]}},{"type":"Feature","id":854,"properties":{"building_id":"cnsmn","floor":0,"id":854,"metadata":{"category":"non public"},"name":"CNSMN-1203","type":"room"},"geometry":{"type":"Point","coordinates":[-76.7587862,39.0191395]}},{"type":"Feature","id":855,"properties":{"building_id":"cs","floor":0,"id":855,"metadata":{"category":"room","keywords":["CS-116 - Computer Science Lecture RM"]},"name":"CS-116 - Computer Science Lecture RM","type":"room"},"geometry":{"type":"Point","coordinates":[-76.759461,39.0171153]}},{"type":"Feature","id":856,"properties":{"building_id":"cs","floor":0,"id":856,"metadata":{"category":"room","keywords":["CS-113B - Computer Science Engineering Classroom"]},"name":"CS-113B - Computer Science Engineering Classroom","type":"room"},"geometry":{"type":"Point","coordinates":[-76.7596349,39.017108]}},{"type":"Feature","id":857,"properties":{"building_id":"cnsmn","floor":1,"id":857,"metadata":{"category":"room","keywords":["CNSMN-2101 - Department of Nursing"]},"name":"CNSMN-2101 - Department of Nursing","type":"room"},"geometry":{"type":"Point","coordinates":[-76.7584165,39.0191113]}},{"type":"Feature","id":858,"properties":{"building_id":"cnsmn","floor":0,"id":858,"metadata":{"category":"room","keywords":["CNSMN-1225 - Classroom"]},"name":"CNSMN-1225 - Classroom","type":"room"},"geometry":{"type":"Point","coordinates":[-76.7589748,39.0189162]}},{"type":"Feature","id":859,"properties":{"building_id":"cs","floor":1,"id":859,"metadata":{"category":"room","keywords":["CS-213D - Computer Science STAFF"]},"name":"CS-213D - Computer Science STAFF","type":"room"},"geometry":{"type":"Point","coordinates":[-76.7594092,39.0170871]}},{"type":"Feature","id":860,"properties":{"building_id":"cnsmn","floor":0,"id":860,"metadata":{"category":"room","keywords":["CNSMN-1230 - Beacon / Multipurpose Room"]},"name":"CNSMN-1230 - Beacon / Multipurpose Room","type":"room"},"geometry":{"type":"Point","coordinates":[-76.7593131,39.0186416]}},{"type":"Feature","id":861,"properties":{"building_id":"lib","floor":1,"id":861,"metadata":{"category":"room","keywords":["LIB-3 - Study Carrel"]},"name":"LIB-3 - Study Carrel","type":"room"},"geometry":{"type":"Point","coordinates":[-76.7601566,39.0180341]}},{"type":"Feature","id":862,"properties":{"building_id":"ha","floor":0,"id":862,"metadata":{"category":"non public"},"name":"HA-0107-1","type":"room"},"geometry":{"type":"Point","coordinates":[-76.7608529,39.0185629]}},{"type":"Feature","id":863,"properties":{"building_id":"lib","floor":1,"id":863,"metadata":{"category":"room","keywords":["LIB-279I - Honors Program Study Lounge"]},"name":"LIB-279I - Honors Program Study Lounge","type":"room"},"geometry":{"type":"Point","coordinates":[-76.7595234,39.0178811]}},{"type":"Feature","id":864,"properties":{"building_id":"lib","floor":1,"id":864,"metadata":{"category":"room","keywords":["LIB-279I - Honors Program Study Lounge"]},"name":"LIB-279I - Honors Program Study Lounge","type":"room"},"geometry":{"type":"Point","coordinates":[-76.7595924,39.0178537]}},{"type":"Feature","id":865,"properties":{"building_id":"lib","floor":1,"id":865,"metadata":{"category":"room","keywords":["LIB-6 - Study Carrel"]},"name":"LIB-6 - Study Carrel","type":"room"},"geometry":{"type":"Point","coordinates":[-76.7602152,39.0180684]}},{"type":"Feature","id":866,"properties":{"building_id":"lib","floor":1,"id":866,"metadata":{"category":"room","keywords":["LIB-279C - Administrative Assistant"]},"name":"LIB-279C - Administrative Assistant","type":"room"},"geometry":{"type":"Point","coordinates":[-76.7596111,39.0177267]}},{"type":"Feature","id":867,"properties":{"building_id":"ha","floor":1,"id":867,"metadata":{"category":"room","keywords":["HA-0231 - OFFICE"]},"name":"HA-0231 - OFFICE","type":"room"},"geometry":{"type":"Point","coordinates":[-76.7609135,39.0186693]}},{"type":"Feature","id":868,"properties":{"building_id":"lib","floor":1,"id":868,"metadata":{"category":"non public","keywords":["LIB-295B - Non Public"]},"name":"LIB-295B - Non Public","type":"room"},"geometry":{"type":"Point","coordinates":[-76.7591945,39.018092]}},{"type":"Feature","id":869,"properties":{"building_id":"ha","floor":1,"id":869,"metadata":{"category":"room","keywords":["HA-0213 - OFFICE"]},"name":"HA-0213 - OFFICE","type":"room"},"geometry":{"type":"Point","coordinates":[-76.7608004,39.0183027]}},{"type":"Feature","id":870,"properties":{"building_id":"lib","floor":-1,"id":870,"metadata":{"category":"room","keywords":["LIB-8202 - Academic Advisor"]},"name":"LIB-8202 - Academic Advisor","type":"room"},"geometry":{"type":"Point","coordinates":[-76.7599098,39.0179172]}},{"type":"Feature","id":871,"properties":{"building_id":"ha","floor":0,"id":871,"metadata":{"category":"room","keywords":["HA-1101 - STORAGE RM"]},"name":"HA-1101 - STORAGE RM","type":"room"},"geometry":{"type":"Point","coordinates":[-76.7606934,39.0185069]}},{"type":"Feature","id":872,"properties":{"building_id":"lib","floor":-1,"id":872,"metadata":{"category":"room","keywords":["LIB-8211 - Academic Advisor"]},"name":"LIB-8211 - Academic Advisor","type":"room"},"geometry":{"type":"Point","coordinates":[-76.7599393,39.0179345]}},{"type":"Feature","id":873,"properties":{"building_id":"ha","floor":1,"id":873,"metadata":{"category":"room","keywords":["HA-0212 - Conference RM"]},"name":"HA-0212 - Conference RM","type":"room"},"geometry":{"type":"Point","coordinates":[-76.7607527,39.0183099]}},{"type":"Feature","id":874,"properties":{"building_id":"lib","floor":-1,"id":874,"metadata":{"category":"room","keywords":["LIB-8212 - Academic Advisor"]},"name":"LIB-8212 - Academic Advisor","type":"room"},"geometry":{"type":"Point","coordinates":[-76.7599135,39.0179867]}},{"type":"Feature","id":875,"properties":{"building_id":"lib","floor":1,"id":875,"metadata":{"category":"room","keywords":["LIB-279K - Honors Program Work RM"]},"name":"LIB-279K - Honors Program Work RM","type":"room"},"geometry":{"type":"Point","coordinates":[-76.7596349,39.0178138]}},{"type":"Feature","id":876,"properties":{"building_id":"lib","floor":1,"id":876,"metadata":{"category":"room","keywords":["LIB-279E - Honors Program Student Work RM"]},"name":"LIB-279E - Honors Program Student Work RM","type":"room"},"geometry":{"type":"Point","coordinates":[-76.7595419,39.0177549]}},{"type":"Feature","id":877,"properties":{"building_id":"ha","floor":0,"id":877,"metadata":{"category":"room","keywords":["HA-1108 - Financial AID Counselor"]},"name":"HA-1108 - Financial AID Counselor","type":"room"},"geometry":{"type":"Point","coordinates":[-76.7607767,39.0185986]}},{"type":"Feature","id":878,"properties":{"building_id":"lib","floor":1,"id":878,"metadata":{"category":"room","keywords":["LIB-279B - OFFICE"]},"name":"LIB-279B - OFFICE","type":"room"},"geometry":{"type":"Point","coordinates":[-76.7596462,39.0177424]}},{"type":"Feature","id":879,"properties":{"building_id":"lib","floor":1,"id":879,"metadata":{"category":"room","keywords":["LIB-5 - Study Carrel"]},"name":"LIB-5 - Study Carrel","type":"room"},"geometry":{"type":"Point","coordinates":[-76.7601955,39.0180568]}},{"type":"Feature","id":880,"properties":{"building_id":"lib","floor":1,"id":880,"metadata":{"category":"room","keywords":["LIB-279F - Honors Program Conference RM"]},"name":"LIB-279F - Honors Program Conference RM","type":"room"},"geometry":{"type":"Point","coordinates":[-76.7595026,39.0177953]}},{"type":"Feature","id":881,"properties":{"building_id":"lib","floor":1,"id":881,"metadata":{"category":"room","keywords":["LIB-279J - Honors Program Computer LAB"]},"name":"LIB-279J - Honors Program Computer LAB","type":"room"},"geometry":{"type":"Point","coordinates":[-76.7595605,39.0178293]}},{"type":"Feature","id":882,"properties":{"building_id":"fpa","floor":2,"id":882,"metadata":{"category":"room","keywords":["FPA-3202 - Theatre Balcony"]},"name":"FPA-3202 - Theatre Balcony","type":"room"},"geometry":{"type":"Point","coordinates":[-76.7587322,39.0159873]}},{"type":"Feature","id":883,"properties":{"building_id":"lib","floor":1,"id":883,"metadata":{"category":"room","keywords":["LIB-7 - OFFICE"]},"name":"LIB-7 - OFFICE","type":"room"},"geometry":{"type":"Point","coordinates":[-76.7602367,39.0180896]}},{"type":"Feature","id":884,"properties":{"building_id":"ha","floor":0,"id":884,"metadata":{"category":"room","keywords":["HA-1107 - Financial AID Counselor"]},"name":"HA-1107 - Financial AID Counselor","type":"room"},"geometry":{"type":"Point","coordinates":[-76.7607481,39.0185824]}},{"type":"Feature","id":885,"properties":{"building_id":"ha","floor":1,"id":885,"metadata":{"category":"room","keywords":["HA-0247 -OFFICE"]},"name":"HA-0247 -OFFICE","type":"room"},"geometry":{"type":"Point","coordinates":[-76.7604271,39.0184341]}},{"type":"Feature","id":886,"properties":{"building_id":"ha","floor":1,"id":886,"metadata":{"category":"non public"},"name":"HA-0220","type":"room"},"geometry":{"type":"Point","coordinates":[-76.7609254,39.0184188]}},{"type":"Feature","id":887,"properties":{"building_id":"ha","floor":0,"id":887,"metadata":{"category":"room","keywords":["HA-1102 - FILE RM"]},"name":"HA-1102 - FILE RM","type":"room"},"geometry":{"type":"Point","coordinates":[-76.7606421,39.018488]}},{"type":"Feature","id":888,"properties":{"building_id":"lib","floor":1,"id":888,"metadata":{"category":"room","keywords":["LIB-279D - Honors Program Director Office"]},"name":"LIB-279D - Honors Program Director Office","type":"room"},"geometry":{"type":"Point","coordinates":[-76.7595808,39.017722]}},{"type":"Feature","id":889,"properties":{"building_id":"ha","floor":1,"id":889,"metadata":{"category":"room","keywords":["HA-0205 - Waiting RM"]},"name":"HA-0205 - Waiting RM","type":"room"},"geometry":{"type":"Point","coordinates":[-76.7604965,39.0182868]}},{"type":"Feature","id":890,"properties":{"building_id":"ha","floor":1,"id":890,"metadata":{"category":"non public"},"name":"HA-0217","type":"room"},"geometry":{"type":"Point","coordinates":[-76.7608737,39.0183217]}},{"type":"Feature","id":891,"properties":{"building_id":"ha","floor":0,"id":891,"metadata":{"category":"room","keywords":["HA-1110 - Financial Aid Counselor Scholarship Coordinator"]},"name":"HA-1110 - Financial Aid Counselor Scholarship Coordinator","type":"room"},"geometry":{"type":"Point","coordinates":[-76.7607985,39.0186142]}},{"type":"Feature","id":892,"properties":{"building_id":"ha","floor":1,"id":892,"metadata":{"category":"room","keywords":["HA-0226 - VP Office"]},"name":"HA-0226 - VP Office","type":"room"},"geometry":{"type":"Point","coordinates":[-76.7609078,39.0185108]}},{"type":"Feature","id":893,"properties":{"building_id":"lib","floor":-1,"id":893,"metadata":{"category":"room","keywords":["LIB-8208 - Director"]},"name":"LIB-8208 - Director","type":"room"},"geometry":{"type":"Point","coordinates":[-76.7598734,39.0179063]}},{"type":"Feature","id":894,"properties":{"building_id":"lib","floor":-1,"id":894,"metadata":{"category":"room","keywords":["LIB-8214 - Academic Advisor"]},"name":"LIB-8214 - Academic Advisor","type":"room"},"geometry":{"type":"Point","coordinates":[-76.7599697,39.0179522]}},{"type":"Feature","id":895,"properties":{"building_id":"lib","floor":1,"id":895,"metadata":{"category":"room","keywords":["LIB-8 - Study Carrel"]},"name":"LIB-8 - Study Carrel","type":"room"},"geometry":{"type":"Point","coordinates":[-76.7602229,39.0181151]}},{"type":"Feature","id":896,"properties":{"building_id":"lib","floor":1,"id":896,"metadata":{"category":"room","keywords":["LIB-4 - Study Carrel"]},"name":"LIB-4 - Study Carrel","type":"room"},"geometry":{"type":"Point","coordinates":[-76.760176,39.0180454]}},{"type":"Feature","id":897,"properties":{"building_id":"ha","floor":1,"id":897,"metadata":{"category":"room","keywords":["HA-0230 - OFFICE"]},"name":"HA-0230 - OFFICE","type":"room"},"geometry":{"type":"Point","coordinates":[-76.760913,39.0186418]}},{"type":"Feature","id":898,"properties":{"building_id":"ha","floor":1,"id":898,"metadata":{"category":"room","keywords":["HA-0229 - OFFICE"]},"name":"HA-0229 - OFFICE","type":"room"},"geometry":{"type":"Point","coordinates":[-76.7609125,39.0186148]}},{"type":"Feature","id":899,"properties":{"building_id":"ha","floor":1,"id":899,"metadata":{"category":"room","keywords":["HA-0225 - Conference RM"]},"name":"HA-0225 - Conference RM","type":"room"},"geometry":{"type":"Point","coordinates":[-76.7608505,39.018516]}},{"type":"Feature","id":900,"properties":{"building_id":"lib","floor":-1,"id":900,"metadata":{"category":"room","keywords":["LIB-8207 - Academic Advisor"]},"name":"LIB-8207 - Academic Advisor","type":"room"},"geometry":{"type":"Point","coordinates":[-76.7598473,39.0179361]}},{"type":"Feature","id":901,"properties":{"building_id":"lib","floor":-1,"id":901,"metadata":{"category":"room","keywords":["LIB-8215 - Lounge"]},"name":"LIB-8215 - Lounge","type":"room"},"geometry":{"type":"Point","coordinates":[-76.7600003,39.0179701]}},{"type":"Feature","id":902,"properties":{"building_id":"ha","floor":0,"id":902,"metadata":{"category":"room","keywords":["HA-1105 - Assistant Director of Financial AID"]},"name":"HA-1105 - Assistant Director of Financial AID","type":"room"},"geometry":{"type":"Point","coordinates":[-76.7606934,39.0185501]}},{"type":"Feature","id":903,"properties":{"building_id":"ha","floor":0,"id":903,"metadata":{"category":"room","keywords":["HA-1103 - Customer Service"]},"name":"HA-1103 - Customer Service","type":"room"},"geometry":{"type":"Point","coordinates":[-76.760595,39.0184942]}},{"type":"Feature","id":904,"properties":{"building_id":"lib","floor":1,"id":904,"metadata":{"category":"room","keywords":["LIB-9 - Study Carrel"]},"name":"LIB-9 - Study Carrel","type":"room"},"geometry":{"type":"Point","coordinates":[-76.7602084,39.0181302]}},{"type":"Feature","id":905,"properties":{"building_id":"ha","floor":1,"id":905,"metadata":{"category":"room","keywords":["HA-0243 - Provost Office"]},"name":"HA-0243 - Provost Office","type":"room"},"geometry":{"type":"Point","coordinates":[-76.760606,39.0185079]}},{"type":"Feature","id":906,"properties":{"building_id":"ha","floor":0,"id":906,"metadata":{"category":"room","keywords":["HA-1111 - Customer Service"]},"name":"HA-1111 - Customer Service","type":"room"},"geometry":{"type":"Point","coordinates":[-76.7608221,39.0186257]}},{"type":"Feature","id":907,"properties":{"building_id":"ha","floor":0,"id":907,"metadata":{"category":"room","keywords":["HA-1106 - Financial AID Counselor"]},"name":"HA-1106 - Financial AID Counselor","type":"room"},"geometry":{"type":"Point","coordinates":[-76.7607172,39.0185641]}},{"type":"Feature","id":908,"properties":{"building_id":"ha","floor":1,"id":908,"metadata":{"category":"room","keywords":["HA-0248 -OFFICE"]},"name":"HA-0248 -OFFICE","type":"room"},"geometry":{"type":"Point","coordinates":[-76.7604534,39.018396]}},{"type":"Feature","id":909,"properties":{"building_id":"ha","floor":1,"id":909,"metadata":{"category":"room","keywords":["HA-0232 - OFFICE"]},"name":"HA-0232 - OFFICE","type":"room"},"geometry":{"type":"Point","coordinates":[-76.7609142,39.0187038]}},{"type":"Feature","id":910,"properties":{"building_id":"fpa","floor":2,"id":910,"metadata":{"category":"room","keywords":["FPA-3148 - LARGE ENSEMBLE"]},"name":"FPA-3148 - LARGE ENSEMBLE","type":"room"},"geometry":{"type":"Point","coordinates":[-76.7592675,39.016204]}},{"type":"Feature","id":911,"properties":{"building_id":"lib","floor":-1,"id":911,"metadata":{"category":"room","keywords":["LIB-8205 - Academic Advisor"]},"name":"LIB-8205 - Academic Advisor","type":"room"},"geometry":{"type":"Point","coordinates":[-76.7598023,39.0179804]}},{"type":"Feature","id":912,"properties":{"building_id":"lib","floor":-1,"id":912,"metadata":{"category":"room","keywords":["LIB-8204 -Academic Advisor"]},"name":"LIB-8204 -Academic Advisor","type":"room"},"geometry":{"type":"Point","coordinates":[-76.7598702,39.0179979]}},{"type":"Feature","id":913,"properties":{"building_id":"lib","floor":-1,"id":913,"metadata":{"category":"room","keywords":["LIB-8206 - Academic Advisor"]},"name":"LIB-8206 - Academic Advisor","type":"room"},"geometry":{"type":"Point","coordinates":[-76.759825,39.0179571]}},{"type":"Feature","id":914,"properties":{"building_id":"fpa","floor":1,"id":914,"metadata":{"category":"room","keywords":["FPA-2112A - Ticket Office"]},"name":"FPA-2112A - Ticket Office","type":"room"},"geometry":{"type":"Point","coordinates":[-76.7591756,39.0160252]}},{"type":"Feature","id":915,"properties":{"building_id":"fpa","floor":0,"id":915,"metadata":{"category":"room","keywords":["FPA-1109 - Vending Lounge"]},"name":"FPA-1109 - Vending Lounge","type":"room"},"geometry":{"type":"Point","coordinates":[-76.7592594,39.0161908]}},{"type":"Feature","id":916,"properties":{"building_id":"fpa","floor":1,"id":916,"metadata":{"category":"room","keywords":["FPA-2104 - Exhibit Preparation"]},"name":"FPA-2104 - Exhibit Preparation","type":"room"},"geometry":{"type":"Point","coordinates":[-76.7590558,39.0162801]}},{"type":"Feature","id":917,"properties":{"building_id":"fpa","floor":1,"id":917,"metadata":{"category":"room","keywords":["FPA-2118 - Fine Art"]},"name":"FPA-2118 - Fine Art","type":"room"},"geometry":{"type":"Point","coordinates":[-76.7593495,39.0159851]}},{"type":"Feature","id":918,"properties":{"building_id":"fpa","floor":1,"id":918,"metadata":{"category":"room","keywords":["FPA-2116 - Fine Art"]},"name":"FPA-2116 - Fine Art","type":"room"},"geometry":{"type":"Point","coordinates":[-76.7593231,39.0159692]}},{"type":"Feature","id":919,"properties":{"building_id":"fpa","floor":1,"id":919,"metadata":{"category":"room","keywords":["FPA-2103 - Computer Graphics"]},"name":"FPA-2103 - Computer Graphics","type":"room"},"geometry":{"type":"Point","coordinates":[-76.7591608,39.0164493]}},{"type":"Feature","id":920,"properties":{"building_id":"fpa","floor":1,"id":920,"metadata":{"category":"room","keywords":["FPA-2103 - Computer Graphics"]},"name":"FPA-2103 - Computer Graphics","type":"room"},"geometry":{"type":"Point","coordinates":[-76.759169,39.0163783]}},{"type":"Feature","id":921,"properties":{"building_id":"fpa","floor":1,"id":921,"metadata":{"category":"room","keywords":["FPA-2119 - Work RM"]},"name":"FPA-2119 - Work RM","type":"room"},"geometry":{"type":"Point","coordinates":[-76.7593176,39.0160418]}},{"type":"Feature","id":922,"properties":{"building_id":"fpa","floor":1,"id":922,"metadata":{"category":"room","keywords":["FPA-2101 - Design / Photo Studio"]},"name":"FPA-2101 - Design / Photo Studio","type":"room"},"geometry":{"type":"Point","coordinates":[-76.7591252,39.0164933]}},{"type":"Feature","id":923,"properties":{"building_id":"fpa","floor":1,"id":923,"metadata":{"category":"room"},"name":"FPA-2106 - General Classroom","type":"room"},"geometry":{"type":"Point","coordinates":[-76.7592529,39.0162102]}},{"type":"Feature","id":924,"properties":{"building_id":"fpa","floor":0,"id":924,"metadata":{"category":"room","keywords":["FPA-1115A - Printmaking Studio Storage"]},"name":"FPA-1115A - Printmaking Studio Storage","type":"room"},"geometry":{"type":"Point","coordinates":[-76.7593247,39.016039]}},{"type":"Feature","id":925,"properties":{"building_id":"fpa","floor":1,"id":925,"metadata":{"category":"room","keywords":["FPA-2102A - Resource Center Art Slides"]},"name":"FPA-2102A - Resource Center Art Slides","type":"room"},"geometry":{"type":"Point","coordinates":[-76.7590176,39.0163497]}},{"type":"Feature","id":926,"properties":{"building_id":"fpa","floor":0,"id":926,"metadata":{"category":"room","keywords":["FPA-1115 - Printmaking Studio"]},"name":"FPA-1115 - Printmaking Studio","type":"room"},"geometry":{"type":"Point","coordinates":[-76.7594089,39.0160343]}},{"type":"Feature","id":927,"properties":{"building_id":"fpa","floor":2,"id":927,"metadata":{"category":"room"},"name":"FPA-1340","type":"room"},"geometry":{"type":"Point","coordinates":[-76.7594059,39.0160893]}},{"type":"Feature","id":928,"properties":{"building_id":"fm","floor":0,"id":928,"metadata":{"category":"room"},"name":"FM-127","type":"room"},"geometry":{"type":"Point","coordinates":[-76.7571975,39.0177846]}},{"type":"Feature","id":929,"properties":{"building_id":"fpa","floor":0,"id":929,"metadata":{"category":"room","keywords":["FPA-1101C - Foundry & Sculpture Storage"]},"name":"FPA-1101C - Foundry & Sculpture Storage","type":"room"},"geometry":{"type":"Point","coordinates":[-76.7591114,39.0164003]}},{"type":"Feature","id":930,"properties":{"building_id":"fpa","floor":0,"id":930,"metadata":{"category":"room","keywords":["FPA-1101C - Foundry & Sculpture Storage"]},"name":"FPA-1101C - Foundry & Sculpture Storage","type":"room"},"geometry":{"type":"Point","coordinates":[-76.7590851,39.0165527]}},{"type":"Feature","id":931,"properties":{"building_id":"fpa","floor":0,"id":931,"metadata":{"category":"room","keywords":["FPA-1103B - Ceramics Storage"]},"name":"FPA-1103B - Ceramics Storage","type":"room"},"geometry":{"type":"Point","coordinates":[-76.7591133,39.0163487]}},{"type":"Feature","id":932,"properties":{"building_id":"fpa","floor":1,"id":932,"metadata":{"category":"room","keywords":["FPA-2115 -Kitchen"]},"name":"FPA-2115 -Kitchen","type":"room"},"geometry":{"type":"Point","coordinates":[-76.7592963,39.0160588]}},{"type":"Feature","id":933,"properties":{"building_id":"fpa","floor":1,"id":933,"metadata":{"category":"room","keywords":["FPA-2103D - Computer Graphics Workroom"]},"name":"FPA-2103D - Computer Graphics Workroom","type":"room"},"geometry":{"type":"Point","coordinates":[-76.7591012,39.0164187]}},{"type":"Feature","id":934,"properties":{"building_id":"fpa","floor":0,"id":934,"metadata":{"category":"room","keywords":["FPA-1103 - Ceramics Studio"]},"name":"FPA-1103 - Ceramics Studio","type":"room"},"geometry":{"type":"Point","coordinates":[-76.7592193,39.0162764]}},{"type":"Feature","id":935,"properties":{"building_id":"fpa","floor":1,"id":935,"metadata":{"category":"room","keywords":["FPA-2112 - Ticket Office"]},"name":"FPA-2112 - Ticket Office","type":"room"},"geometry":{"type":"Point","coordinates":[-76.759201,39.0160541]}},{"type":"Feature","id":936,"properties":{"building_id":"fm","floor":0,"id":936,"metadata":{"category":"room","keywords":["FM-125B - Grounds Lounge"]},"name":"FM-125B - Grounds Lounge","type":"room"},"geometry":{"type":"Point","coordinates":[-76.7573141,39.0179222]}},{"type":"Feature","id":937,"properties":{"building_id":"fpa","floor":0,"id":937,"metadata":{"category":"room","keywords":["FPA-1111 - Drawing / Painting Studio"]},"name":"FPA-1111 - Drawing / Painting Studio","type":"room"},"geometry":{"type":"Point","coordinates":[-76.7593458,39.0161152]}},{"type":"Feature","id":938,"properties":{"building_id":"fm","floor":0,"id":938,"metadata":{"category":"room","keywords":["FM-126 - Automobile Shop"]},"name":"FM-126 - Automobile Shop","type":"room"},"geometry":{"type":"Point","coordinates":[-76.7572642,39.0178361]}},{"type":"Feature","id":939,"properties":{"building_id":"fpa","floor":1,"id":939,"metadata":{"category":"room","keywords":["FPA-2105 - General Classroom"]},"name":"FPA-2105 - General Classroom","type":"room"},"geometry":{"type":"Point","coordinates":[-76.7592058,39.0162954]}},{"type":"Feature","id":940,"properties":{"building_id":"fpa","floor":0,"id":940,"metadata":{"category":"room"},"name":"FPA-1103A - KILN RM","type":"room"},"geometry":{"type":"Point","coordinates":[-76.7591792,39.0163866]}},{"type":"Feature","id":941,"properties":{"building_id":"fpa","floor":1,"id":941,"metadata":{"category":"room","keywords":["FPA-2114 - CONF RM"]},"name":"FPA-2114 - CONF RM","type":"room"},"geometry":{"type":"Point","coordinates":[-76.7592421,39.0160137]}},{"type":"Feature","id":942,"properties":{"building_id":"fpa","floor":1,"id":942,"metadata":{"category":"room","keywords":["FPA-2102 - Resource Center"]},"name":"FPA-2102 - Resource Center","type":"room"},"geometry":{"type":"Point","coordinates":[-76.7589856,39.01641]}},{"type":"Feature","id":943,"properties":{"building_id":"fpa","floor":1,"id":943,"metadata":{"category":"room","keywords":["FPA-2120 - Fine Art"]},"name":"FPA-2120 - Fine Art","type":"room"},"geometry":{"type":"Point","coordinates":[-76.759375,39.0160005]}},{"type":"Feature","id":944,"properties":{"building_id":"rh","floor":0,"id":944,"metadata":{"category":"room","keywords":["RH-003 - Telcom"]},"name":"RH-003 - Telcom","type":"room"},"geometry":{"type":"Point","coordinates":[-76.7601804,39.0165557]}},{"type":"Feature","id":945,"properties":{"building_id":"fpa","floor":0,"id":945,"metadata":{"category":"room","keywords":["FPA-1101 - Sculpture / Metal Arts Studio"]},"name":"FPA-1101 - Sculpture / Metal Arts Studio","type":"room"},"geometry":{"type":"Point","coordinates":[-76.759135,39.0164754]}},{"type":"Feature","id":946,"properties":{"building_id":"fpa","floor":0,"id":946,"metadata":{"category":"room","keywords":["FPA-1102 - Photography"]},"name":"FPA-1102 - Photography","type":"room"},"geometry":{"type":"Point","coordinates":[-76.7590095,39.0163637]}},{"type":"Feature","id":947,"properties":{"building_id":"fpa","floor":0,"id":947,"metadata":{"category":"room","keywords":["FPA-1111B - Drawing / Painting Studio Storage"]},"name":"FPA-1111B - Drawing / Painting Studio Storage","type":"room"},"geometry":{"type":"Point","coordinates":[-76.7593914,39.0160798]}},{"type":"Feature","id":948,"properties":{"building_id":"sc","floor":2,"id":948,"metadata":{"category":"room","keywords":["SC-3006B - GRAD OFFICE"]},"name":"SC-3006B - GRAD OFFICE","type":"room"},"geometry":{"type":"Point","coordinates":[-76.7580766,39.0177026]}},{"type":"Feature","id":949,"properties":{"building_id":"sc","floor":0,"id":949,"metadata":{"category":"room","keywords":["SC-1034 - Wiseman Ballroom"]},"name":"SC-1034 - Wiseman Ballroom","type":"room"},"geometry":{"type":"Point","coordinates":[-76.7584938,39.0174298]}},{"type":"Feature","id":950,"properties":{"building_id":"sc","floor":2,"id":950,"metadata":{"category":"room","keywords":["SC-3004 - Chesapeake Conference RM"]},"name":"SC-3004 - Chesapeake Conference RM","type":"room"},"geometry":{"type":"Point","coordinates":[-76.7579883,39.0177594]}},{"type":"Feature","id":951,"properties":{"building_id":"cbgs","floor":1,"id":951,"metadata":{"category":"room","keywords":["CBGS-2337 - Faculty Office"]},"name":"CBGS-2337 - Faculty Office","type":"room"},"geometry":{"type":"Point","coordinates":[-76.7616156,39.0164222]}},{"type":"Feature","id":952,"properties":{"building_id":"cbgs","floor":1,"id":952,"metadata":{"category":"room","keywords":["CBGS-2350 - Faculty Office"]},"name":"CBGS-2350 - Faculty Office","type":"room"},"geometry":{"type":"Point","coordinates":[-76.7615171,39.0164024]}},{"type":"Feature","id":953,"properties":{"building_id":"sc","floor":0,"id":953,"metadata":{"category":"room","keywords":["SC-1025B - OFFICE"]},"name":"SC-1025B - OFFICE","type":"room"},"geometry":{"type":"Point","coordinates":[-76.7581299,39.01759]}},{"type":"Feature","id":954,"properties":{"building_id":"cbgs","floor":1,"id":954,"metadata":{"category":"room","keywords":["CBGS-2352 - Coordinator of Retention"]},"name":"CBGS-2352 - Coordinator of Retention","type":"room"},"geometry":{"type":"Point","coordinates":[-76.7615375,39.0163814]}},{"type":"Feature","id":955,"properties":{"building_id":"cnsmn","floor":1,"id":955,"metadata":{"category":"room","keywords":["CNSMN-2234 - Nursing DEBRIEF"]},"name":"CNSMN-2234 - Nursing DEBRIEF","type":"room"},"geometry":{"type":"Point","coordinates":[-76.7590825,39.0190334]}},{"type":"Feature","id":956,"properties":{"building_id":"cnsmn","floor":1,"id":956,"metadata":{"category":"room","keywords":["CNSMN-2262 - Nursing SOIL"]},"name":"CNSMN-2262 - Nursing SOIL","type":"room"},"geometry":{"type":"Point","coordinates":[-76.759225,39.0187784]}},{"type":"Feature","id":957,"properties":{"building_id":"cnsmn","floor":1,"id":957,"metadata":{"category":"room","keywords":["CNSMN-2252 - Nursing Supply Prep"]},"name":"CNSMN-2252 - Nursing Supply Prep","type":"room"},"geometry":{"type":"Point","coordinates":[-76.7591653,39.0188399]}},{"type":"Feature","id":958,"properties":{"building_id":"cnsmn","floor":1,"id":958,"metadata":{"category":"room","keywords":["CNSMN-2258 - Nursing MED"]},"name":"CNSMN-2258 - Nursing MED","type":"room"},"geometry":{"type":"Point","coordinates":[-76.7592197,39.0188034]}},{"type":"Feature","id":959,"properties":{"building_id":"cbgs","floor":1,"id":959,"metadata":{"category":"room","keywords":["CBGS-2336 - Faculty Office"]},"name":"CBGS-2336 - Faculty Office","type":"room"},"geometry":{"type":"Point","coordinates":[-76.761369,39.0165553]}},{"type":"Feature","id":960,"properties":{"building_id":"proctor","floor":2,"id":960,"metadata":{"category":"room","keywords":["JP-302 - Reception"]},"name":"JP-302 - Reception","type":"room"},"geometry":{"type":"Point","coordinates":[-76.7607394,39.0190526]}},{"type":"Feature","id":961,"properties":{"building_id":"proctor","floor":2,"id":961,"metadata":{"category":"room","keywords":["JP-308 - Assistant Director"]},"name":"JP-308 - Assistant Director","type":"room"},"geometry":{"type":"Point","coordinates":[-76.7608051,39.0191823]}},{"type":"Feature","id":962,"properties":{"building_id":"cbgs","floor":1,"id":962,"metadata":{"category":"room","keywords":["CBGS-2333 - Faculty Office"]},"name":"CBGS-2333 - Faculty Office","type":"room"},"geometry":{"type":"Point","coordinates":[-76.7615671,39.0164658]}},{"type":"Feature","id":963,"properties":{"building_id":"proctor","floor":2,"id":963,"metadata":{"category":"room","keywords":["JP-311 - Assistant Dean"]},"name":"JP-311 - Assistant Dean","type":"room"},"geometry":{"type":"Point","coordinates":[-76.7608716,39.0191136]}},{"type":"Feature","id":964,"properties":{"building_id":"proctor","floor":1,"id":964,"metadata":{"category":"room","keywords":["JP-290 - FILE RM"]},"name":"JP-290 - FILE RM","type":"room"},"geometry":{"type":"Point","coordinates":[-76.7602909,39.0196291]}},{"type":"Feature","id":965,"properties":{"building_id":"sc","floor":1,"id":965,"metadata":{"category":"room","keywords":["SC-2040 - Cafeteria / Dinning Hall"]},"name":"SC-2040 - Cafeteria / Dinning Hall","type":"room"},"geometry":{"type":"Point","coordinates":[-76.7582676,39.0176994]}},{"type":"Feature","id":966,"properties":{"building_id":"cnsmn","floor":1,"id":966,"metadata":{"category":"room","keywords":["CNSMN-2260 - Nursing LG Patient SIM RM"]},"name":"CNSMN-2260 - Nursing LG Patient SIM RM","type":"room"},"geometry":{"type":"Point","coordinates":[-76.7592967,39.0188124]}},{"type":"Feature","id":967,"properties":{"building_id":"proctor","floor":1,"id":967,"metadata":{"category":"room","keywords":["JP-289 - FILE RM"]},"name":"JP-289 - FILE RM","type":"room"},"geometry":{"type":"Point","coordinates":[-76.7603127,39.0196066]}},{"type":"Feature","id":968,"properties":{"building_id":"cbgs","floor":1,"id":968,"metadata":{"category":"room","keywords":["CBGS-2338 - Faculty Office"]},"name":"CBGS-2338 - Faculty Office","type":"room"},"geometry":{"type":"Point","coordinates":[-76.7613902,39.0165335]}},{"type":"Feature","id":969,"properties":{"building_id":"proctor","floor":2,"id":969,"metadata":{"category":"room","keywords":["JP-310 - OFFICE"]},"name":"JP-310 - OFFICE","type":"room"},"geometry":{"type":"Point","coordinates":[-76.7608545,39.0191416]}},{"type":"Feature","id":970,"properties":{"building_id":"cnsmn","floor":1,"id":970,"metadata":{"category":"room","keywords":["CNSMN-2238 - Nursing LG Patient RM"]},"name":"CNSMN-2238 - Nursing LG Patient RM","type":"room"},"geometry":{"type":"Point","coordinates":[-76.7590522,39.018956]}},{"type":"Feature","id":971,"properties":{"building_id":"proctor","floor":2,"id":971,"metadata":{"category":"room","keywords":["JP-318 - Work RM"]},"name":"JP-318 - Work RM","type":"room"},"geometry":{"type":"Point","coordinates":[-76.7606825,39.0189985]}},{"type":"Feature","id":972,"properties":{"building_id":"proctor","floor":2,"id":972,"metadata":{"category":"room","keywords":["JP-314 - OFFICE"]},"name":"JP-314 - OFFICE","type":"room"},"geometry":{"type":"Point","coordinates":[-76.7608284,39.0190275]}},{"type":"Feature","id":973,"properties":{"building_id":"cbgs","floor":1,"id":973,"metadata":{"category":"room","keywords":["CBGS-2332 -Faculty Office"]},"name":"CBGS-2332 -Faculty Office","type":"room"},"geometry":{"type":"Point","coordinates":[-76.761327,39.0165987]}},{"type":"Feature","id":974,"properties":{"building_id":"sc","floor":0,"id":974,"metadata":{"category":"room","keywords":["SC-1025F - AUX SERV MGR"]},"name":"SC-1025F - AUX SERV MGR","type":"room"},"geometry":{"type":"Point","coordinates":[-76.7580742,39.0176256]}},{"type":"Feature","id":975,"properties":{"building_id":"cnsmn","floor":1,"id":975,"metadata":{"category":"room","keywords":["CNSMN-2236 - Nursing REG Patients"]},"name":"CNSMN-2236 - Nursing REG Patients","type":"room"},"geometry":{"type":"Point","coordinates":[-76.7591231,39.0189915]}},{"type":"Feature","id":976,"properties":{"building_id":"sc","floor":1,"id":976,"metadata":{"category":"room","keywords":["SC-2017 - President's Dining RM"]},"name":"SC-2017 - President's Dining RM","type":"room"},"geometry":{"type":"Point","coordinates":[-76.7582909,39.0174518]}},{"type":"Feature","id":977,"properties":{"building_id":"proctor","floor":2,"id":977,"metadata":{"category":"room","keywords":["JP-316 - OFFICE"]},"name":"JP-316 - OFFICE","type":"room"},"geometry":{"type":"Point","coordinates":[-76.7607459,39.0189792]}},{"type":"Feature","id":978,"properties":{"building_id":"sc","floor":0,"id":978,"metadata":{"category":"room","keywords":["SC-1029 - Baltimore Meeting RM"]},"name":"SC-1029 - Baltimore Meeting RM","type":"room"},"geometry":{"type":"Point","coordinates":[-76.7582396,39.0175137]}},{"type":"Feature","id":979,"properties":{"building_id":"proctor","floor":2,"id":979,"metadata":{"category":"room","keywords":["JP-312 - Dean UCE"]},"name":"JP-312 - Dean UCE","type":"room"},"geometry":{"type":"Point","coordinates":[-76.7608958,39.0190704]}},{"type":"Feature","id":980,"properties":{"building_id":"cbgs","floor":1,"id":980,"metadata":{"category":"room","keywords":["CBGS-2340 - Faculty Office"]},"name":"CBGS-2340 - Faculty Office","type":"room"},"geometry":{"type":"Point","coordinates":[-76.7614113,39.0165116]}},{"type":"Feature","id":981,"properties":{"building_id":"sc","floor":1,"id":981,"metadata":{"category":"room","keywords":["SC-2007 - Food Station"]},"name":"SC-2007 - Food Station","type":"room"},"geometry":{"type":"Point","coordinates":[-76.7581576,39.0177307]}},{"type":"Feature","id":982,"properties":{"building_id":"cnsmn","floor":1,"id":982,"metadata":{"category":"room","keywords":["CNSMN-2250 - Nursing REG Patient"]},"name":"CNSMN-2250 - Nursing REG Patient","type":"room"},"geometry":{"type":"Point","coordinates":[-76.7591896,39.0189229]}},{"type":"Feature","id":983,"properties":{"building_id":"sc","floor":1,"id":983,"metadata":{"category":"room"},"name":"SC-2005A","type":"room"},"geometry":{"type":"Point","coordinates":[-76.7581436,39.0176734]}},{"type":"Feature","id":984,"properties":{"building_id":"cbgs","floor":1,"id":984,"metadata":{"category":"room","keywords":["CBGS-2345 - Faculty Office"]},"name":"CBGS-2345 - Faculty Office","type":"room"},"geometry":{"type":"Point","coordinates":[-76.7616245,39.0163681]}},{"type":"Feature","id":985,"properties":{"building_id":"cnsmn","floor":2,"id":985,"metadata":{"category":"room","keywords":["CNSMN-3103 - Natural Science Dept Chair"]},"name":"CNSMN-3103 - Natural Science Dept Chair","type":"room"},"geometry":{"type":"Point","coordinates":[-76.7583587,39.0191155]}},{"type":"Feature","id":986,"properties":{"building_id":"cnsmn","floor":2,"id":986,"metadata":{"category":"room","keywords":["CNSMN-3102 - Natural Science Faculty Office"]},"name":"CNSMN-3102 - Natural Science Faculty Office","type":"room"},"geometry":{"type":"Point","coordinates":[-76.7584581,39.0191186]}},{"type":"Feature","id":987,"properties":{"building_id":"cnsmn","floor":1,"id":987,"metadata":{"category":"room","keywords":["CNSMN-2256 - Nursing Control RM"]},"name":"CNSMN-2256 - Nursing Control RM","type":"room"},"geometry":{"type":"Point","coordinates":[-76.7592634,39.0188467]}},{"type":"Feature","id":988,"properties":{"building_id":"proctor","floor":2,"id":988,"metadata":{"category":"non public","keywords":["JP-306 - Non Public"]},"name":"JP-306 - Non Public","type":"room"},"geometry":{"type":"Point","coordinates":[-76.760792,39.0191124]}},{"type":"Feature","id":989,"properties":{"building_id":"sc","floor":0,"id":989,"metadata":{"category":"furniture"},"name":"SC-1025E - Bowie Card","type":"amenity"},"geometry":{"type":"Point","coordinates":[-76.7580693,39.0176567]}},{"type":"Feature","id":990,"properties":{"building_id":"cbgs","floor":1,"id":990,"metadata":{"category":"room"},"name":"CBGS-2330 - Faculty Office","type":"room"},"geometry":{"type":"Point","coordinates":[-76.7616821,39.0164333]}},{"type":"Feature","id":991,"properties":{"building_id":"cbgs","floor":1,"id":991,"metadata":{"category":"room"},"name":"CBGS-2330 - Faculty Office","type":"room"},"geometry":{"type":"Point","coordinates":[-76.7613057,39.0166207]}},{"type":"Feature","id":992,"properties":{"building_id":"sc","floor":0,"id":992,"metadata":{"category":"room","keywords":["SC-1028 - Bowie Theater Vestibule"]},"name":"SC-1028 - Bowie Theater Vestibule","type":"room"},"geometry":{"type":"Point","coordinates":[-76.7583748,39.0176192]}},{"type":"Feature","id":993,"properties":{"building_id":"cnsmn","floor":2,"id":993,"metadata":{"category":"room","keywords":["CNSMN-3101 - Department of Natural Science ADMIN REC"]},"name":"CNSMN-3101 - Department of Natural Science ADMIN REC","type":"room"},"geometry":{"type":"Point","coordinates":[-76.7584166,39.0191113]}},{"type":"Feature","id":994,"properties":{"building_id":"cnsmn","floor":1,"id":994,"metadata":{"category":"room","keywords":["CNSMN-2244 - Nursing MED"]},"name":"CNSMN-2244 - Nursing MED","type":"room"},"geometry":{"type":"Point","coordinates":[-76.7591203,39.0189038]}},{"type":"Feature","id":995,"properties":{"building_id":"sc","floor":2,"id":995,"metadata":{"category":"room","keywords":["SC-3003B - Student Government Association (SGA) President"]},"name":"SC-3003B - Student Government Association (SGA) President","type":"room"},"geometry":{"type":"Point","coordinates":[-76.758035,39.017776]}},{"type":"Feature","id":996,"properties":{"building_id":"sc","floor":2,"id":996,"metadata":{"category":"room","keywords":["SC-3003 - Student Government Association Reception"]},"name":"SC-3003 - Student Government Association Reception","type":"room"},"geometry":{"type":"Point","coordinates":[-76.7580127,39.0178127]}},{"type":"Feature","id":997,"properties":{"building_id":"proctor","floor":2,"id":997,"metadata":{"category":"room","keywords":["JP-304 - Work Room"]},"name":"JP-304 - Work Room","type":"room"},"geometry":{"type":"Point","coordinates":[-76.7608197,39.0190845]}},{"type":"Feature","id":998,"properties":{"building_id":"sc","floor":0,"id":998,"metadata":{"category":"room","keywords":["SC-1025C - Ticket Booth"]},"name":"SC-1025C - Ticket Booth","type":"room"},"geometry":{"type":"Point","coordinates":[-76.7581654,39.0176154]}},{"type":"Feature","id":999,"properties":{"building_id":"sc","floor":2,"id":999,"metadata":{"category":"room","keywords":["SC-3006A - GRAD OFFICE"]},"name":"SC-3006A - GRAD OFFICE","type":"room"},"geometry":{"type":"Point","coordinates":[-76.7580523,39.0177275]}},{"type":"Feature","id":1000,"properties":{"building_id":"cbgs","floor":1,"id":1000,"metadata":{"category":"room","keywords":["CBGS-2348 - Faculty Office"]},"name":"CBGS-2348 - Faculty Office","type":"room"},"geometry":{"type":"Point","coordinates":[-76.7614958,39.0164244]}},{"type":"Feature","id":1001,"properties":{"building_id":"cbgs","floor":1,"id":1001,"metadata":{"category":"room","keywords":["CBGS-2331 - Faculty Office"]},"name":"CBGS-2331 - Faculty Office","type":"room"},"geometry":{"type":"Point","coordinates":[-76.761546,39.0164875]}},{"type":"Feature","id":1002,"properties":{"building_id":"cbgs","floor":1,"id":1002,"metadata":{"category":"room","keywords":["CBGS-2328 - Faculty Office"]},"name":"CBGS-2328 - Faculty Office","type":"room"},"geometry":{"type":"Point","coordinates":[-76.7612843,39.0166427]}},{"type":"Feature","id":1003,"properties":{"building_id":"sc","floor":1,"id":1003,"metadata":{"category":"room","keywords":["SC-2009 - Dish Room"]},"name":"SC-2009 - Dish Room","type":"room"},"geometry":{"type":"Point","coordinates":[-76.7582035,39.0178705]}},{"type":"Feature","id":1004,"properties":{"building_id":"cnsmn","floor":1,"id":1004,"metadata":{"category":"room","keywords":["CNSMN-2254 - Nursing Debrief"]},"name":"CNSMN-2254 - Nursing Debrief","type":"room"},"geometry":{"type":"Point","coordinates":[-76.7592302,39.018881]}},{"type":"Feature","id":1005,"properties":{"building_id":"cbgs","floor":1,"id":1005,"metadata":{"category":"room","keywords":["CBGS-2342 - Faculty Office"]},"name":"CBGS-2342 - Faculty Office","type":"room"},"geometry":{"type":"Point","coordinates":[-76.7614324,39.0164899]}},{"type":"Feature","id":1006,"properties":{"building_id":"cnsmn","floor":2,"id":1006,"metadata":{"category":"room","keywords":["CNSMN-3106 - Natural Science Faculty Office"]},"name":"CNSMN-3106 - Natural Science Faculty Office","type":"room"},"geometry":{"type":"Point","coordinates":[-76.758521,39.0190911]}},{"type":"Feature","id":1007,"properties":{"building_id":"sc","floor":0,"id":1007,"metadata":{"category":"room","keywords":["SC-1027 - Columbia Meeting RM"]},"name":"SC-1027 - Columbia Meeting RM","type":"room"},"geometry":{"type":"Point","coordinates":[-76.7581793,39.0175635]}},{"type":"Feature","id":1008,"properties":{"building_id":"proctor","floor":2,"id":1008,"metadata":{"category":"room","keywords":["JP-317 - CLASS"]},"name":"JP-317 - CLASS","type":"room"},"geometry":{"type":"Point","coordinates":[-76.7606957,39.0190271]}},{"type":"Feature","id":1009,"properties":{"building_id":"proctor","floor":2,"id":1009,"metadata":{"category":"room","keywords":["JP-319 - OFFICE"]},"name":"JP-319 - OFFICE","type":"room"},"geometry":{"type":"Point","coordinates":[-76.7607142,39.0189546]}},{"type":"Feature","id":1010,"properties":{"building_id":"sc","floor":2,"id":1010,"metadata":{"category":"room","keywords":["SC-3005 - Susquehanna Conference RM"]},"name":"SC-3005 - Susquehanna Conference RM","type":"room"},"geometry":{"type":"Point","coordinates":[-76.7581144,39.0177637]}},{"type":"Feature","id":1011,"properties":{"building_id":"sc","floor":2,"id":1011,"metadata":{"category":"room","keywords":["SC-3003A - Student Government Association (SGA) VP"]},"name":"SC-3003A - Student Government Association (SGA) VP","type":"room"},"geometry":{"type":"Point","coordinates":[-76.7580632,39.0177997]}},{"type":"Feature","id":1012,"properties":{"building_id":"cnsmn","floor":1,"id":1012,"metadata":{"category":"room","keywords":["CNSMN-2242 - Nursing Control"]},"name":"CNSMN-2242 - Nursing Control","type":"room"},"geometry":{"type":"Point","coordinates":[-76.7590875,39.0189194]}},{"type":"Feature","id":1013,"properties":{"building_id":"cbgs","floor":1,"id":1013,"metadata":{"category":"room","keywords":["CBGS-2326 - Faculty Office"]},"name":"CBGS-2326 - Faculty Office","type":"room"},"geometry":{"type":"Point","coordinates":[-76.7612633,39.0166644]}},{"type":"Feature","id":1014,"properties":{"building_id":"cnsmn","floor":1,"id":1014,"metadata":{"category":"room","keywords":["CNSMN-2280 - Nursing Conference RM"]},"name":"CNSMN-2280 - Nursing Conference RM","type":"room"},"geometry":{"type":"Point","coordinates":[-76.7592473,39.0186638]}},{"type":"Feature","id":1015,"properties":{"building_id":"proctor","floor":2,"id":1015,"metadata":{"category":"room","keywords":["JP-320 - DIR CLASS"]},"name":"JP-320 - DIR CLASS","type":"room"},"geometry":{"type":"Point","coordinates":[-76.7606723,39.0189329]}},{"type":"Feature","id":1016,"properties":{"building_id":"proctor","floor":2,"id":1016,"metadata":{"category":"room","keywords":["JP-313 - OFFICE"]},"name":"JP-313 - OFFICE","type":"room"},"geometry":{"type":"Point","coordinates":[-76.7608628,39.0190432]}},{"type":"Feature","id":1017,"properties":{"building_id":"proctor","floor":1,"id":1017,"metadata":{"category":"room","keywords":["JP-291 - TEACH"]},"name":"JP-291 - TEACH","type":"room"},"geometry":{"type":"Point","coordinates":[-76.7602812,39.0195992]}},{"type":"Feature","id":1018,"properties":{"building_id":"cbgs","floor":1,"id":1018,"metadata":{"category":"room","keywords":["CBGS-2334 - Faculty Office"]},"name":"CBGS-2334 - Faculty Office","type":"room"},"geometry":{"type":"Point","coordinates":[-76.761348,39.016577]}},{"type":"Feature","id":1019,"properties":{"building_id":"sc","floor":1,"id":1019,"metadata":{"category":"room","keywords":["SC-2015 - Private Dining RM"]},"name":"SC-2015 - Private Dining RM","type":"room"},"geometry":{"type":"Point","coordinates":[-76.7582242,39.0175056]}},{"type":"Feature","id":1020,"properties":{"building_id":"cbgs","floor":1,"id":1020,"metadata":{"category":"room"},"name":"CBGS-2344 - Faculty Office","type":"room"},"geometry":{"type":"Point","coordinates":[-76.7614536,39.016468]}},{"type":"Feature","id":1021,"properties":{"building_id":"cbgs","floor":1,"id":1021,"metadata":{"category":"room","keywords":["CBGS-2346 - HR Development (HURD) Program"]},"name":"CBGS-2346 - HR Development (HURD) Program","type":"room"},"geometry":{"type":"Point","coordinates":[-76.7614747,39.0164462]}},{"type":"Feature","id":1022,"properties":{"building_id":"cnsmn","floor":1,"id":1022,"metadata":{"category":"non public"},"name":"CNSMN-2251","type":"room"},"geometry":{"type":"Point","coordinates":[-76.7587832,39.0191407]}},{"type":"Feature","id":1023,"properties":{"building_id":"cnsmn","floor":1,"id":1023,"metadata":{"category":"room","keywords":["CNSMN-2232 - Nursing Faculty Office"]},"name":"CNSMN-2232 - Nursing Faculty Office","type":"room"},"geometry":{"type":"Point","coordinates":[-76.7590493,39.0190677]}},{"type":"Feature","id":1024,"properties":{"building_id":"sc","floor":0,"id":1024,"metadata":{"category":"room","keywords":["SC-1031 - Annapolis Meeting RM"]},"name":"SC-1031 - Annapolis Meeting RM","type":"room"},"geometry":{"type":"Point","coordinates":[-76.7582993,39.0174563]}},{"type":"Feature","id":1025,"properties":{"building_id":"sc","floor":2,"id":1025,"metadata":{"category":"room","keywords":["SC-3006 - Graduation Student Association"]},"name":"SC-3006 - Graduation Student Association","type":"room"},"geometry":{"type":"Point","coordinates":[-76.7580866,39.0177422]}},{"type":"Feature","id":1026,"properties":{"building_id":"cnsmn","floor":2,"id":1026,"metadata":{"category":"room","keywords":["CNSMN-3105 -Natural Science ADMIN WKSP"]},"name":"CNSMN-3105 -Natural Science ADMIN WKSP","type":"room"},"geometry":{"type":"Point","coordinates":[-76.7583934,39.0190814]}},{"type":"Feature","id":1027,"properties":{"building_id":"cnsmn","floor":1,"id":1027,"metadata":{"category":"room","keywords":["CNSMN-2264 - Nursing Debrief"]},"name":"CNSMN-2264 - Nursing Debrief","type":"room"},"geometry":{"type":"Point","coordinates":[-76.7593356,39.0187625]}},{"type":"Feature","id":1028,"properties":{"building_id":"cbgs","floor":1,"id":1028,"metadata":{"category":"room","keywords":["CBGS-2341 - Faculty Office"]},"name":"CBGS-2341 - Faculty Office","type":"room"},"geometry":{"type":"Point","coordinates":[-76.7617054,39.0164093]}},{"type":"Feature","id":1029,"properties":{"building_id":"proctor","floor":2,"id":1029,"metadata":{"category":"room","keywords":["JP-307 - DIR IRC"]},"name":"JP-307 - DIR IRC","type":"room"},"geometry":{"type":"Point","coordinates":[-76.7607925,39.019206]}},{"type":"Feature","id":1030,"properties":{"building_id":"cnsmn","floor":2,"id":1030,"metadata":{"category":"room","keywords":["Bowie Med Office (CNSMN-3104)","CNSMN-3104 - Natural Science Faculty Office"]},"name":"CNSMN-3104 - Natural Science Faculty Office","type":"room"},"geometry":{"type":"Point","coordinates":[-76.7584874,39.0190742]}},{"type":"Feature","id":1031,"properties":{"building_id":"proctor","floor":2,"id":1031,"metadata":{"category":"room","keywords":["JP-315 - Conference RM"]},"name":"JP-315 - Conference RM","type":"room"},"geometry":{"type":"Point","coordinates":[-76.7608004,39.01899]}},{"type":"Feature","id":1032,"properties":{"building_id":"cbgs","floor":1,"id":1032,"metadata":{"category":"room","keywords":["CBGS-2335- Faculty Office"]},"name":"CBGS-2335- Faculty Office","type":"room"},"geometry":{"type":"Point","coordinates":[-76.7615882,39.016444]}},{"type":"Feature","id":1033,"properties":{"building_id":"cnsmn","floor":1,"id":1033,"metadata":{"category":"room","keywords":["CNSMN-2240 - Nursing Control"]},"name":"CNSMN-2240 - Nursing Control","type":"room"},"geometry":{"type":"Point","coordinates":[-76.7591564,39.0189571]}},{"type":"Feature","id":1034,"properties":{"building_id":"cbgs","floor":1,"id":1034,"metadata":{"category":"room","keywords":["CBGS-2343 Faculty Office"]},"name":"CBGS-2343 Faculty Office","type":"room"},"geometry":{"type":"Point","coordinates":[-76.7616521,39.0163842]}},{"type":"Feature","id":1035,"properties":{"building_id":"proctor","floor":2,"id":1035,"metadata":{"category":"room","keywords":["JP-303 - UCE / IRC"]},"name":"JP-303 - UCE / IRC","type":"room"},"geometry":{"type":"Point","coordinates":[-76.7607823,39.019079]}},{"type":"Feature","id":1036,"properties":{"building_id":"proctor","floor":2,"id":1036,"metadata":{"category":"room","keywords":["JP-309 - Assistant Director"]},"name":"JP-309 - Assistant Director","type":"room"},"geometry":{"type":"Point","coordinates":[-76.7608261,39.0191607]}},{"type":"Feature","id":1037,"properties":{"building_id":"cbgs","floor":1,"id":1037,"metadata":{"category":"room","keywords":["CBGS-2327 - Faculty Office"]},"name":"CBGS-2327 - Faculty Office","type":"room"},"geometry":{"type":"Point","coordinates":[-76.7615039,39.016531]}},{"type":"Feature","id":1038,"properties":{"building_id":"cbgs","floor":1,"id":1038,"metadata":{"category":"room","keywords":["CBGS-2329 -Faculty Office"]},"name":"CBGS-2329 -Faculty Office","type":"room"},"geometry":{"type":"Point","coordinates":[-76.7615248,39.0165094]}},{"type":"Feature","id":1039,"properties":{"building_id":"proctor","floor":1,"id":1039,"metadata":{"category":"room","keywords":["JP-233J - OFFICE"]},"name":"JP-233J - OFFICE","type":"room"},"geometry":{"type":"Point","coordinates":[-76.7603738,39.0192315]}},{"type":"Feature","id":1040,"properties":{"building_id":"proctor","floor":1,"id":1040,"metadata":{"category":"room","keywords":["JP-233C - OFFICE"]},"name":"JP-233C - OFFICE","type":"room"},"geometry":{"type":"Point","coordinates":[-76.7604997,39.0191015]}},{"type":"Feature","id":1041,"properties":{"building_id":"lib","floor":1,"id":1041,"metadata":{"category":"room","keywords":["LIB-17 - Study Carrel"]},"name":"LIB-17 - Study Carrel","type":"room"},"geometry":{"type":"Point","coordinates":[-76.7598068,39.0185464]}},{"type":"Feature","id":1042,"properties":{"building_id":"lib","floor":1,"id":1042,"metadata":{"category":"room","keywords":["LIB-2 - Study Carrel"]},"name":"LIB-2 - Study Carrel","type":"room"},"geometry":{"type":"Point","coordinates":[-76.7601373,39.0180228]}},{"type":"Feature","id":1043,"properties":{"building_id":"lib","floor":1,"id":1043,"metadata":{"category":"room","keywords":["LIB-12 - Study Carrel"]},"name":"LIB-12 - Study Carrel","type":"room"},"geometry":{"type":"Point","coordinates":[-76.7601645,39.0181755]}},{"type":"Feature","id":1044,"properties":{"building_id":"lib","floor":1,"id":1044,"metadata":{"category":"room","keywords":["LIB-2200 - Library Conference Center"]},"name":"LIB-2200 - Library Conference Center","type":"room"},"geometry":{"type":"Point","coordinates":[-76.75999,39.0184276]}},{"type":"Feature","id":1045,"properties":{"building_id":"proctor","floor":1,"id":1045,"metadata":{"category":"room","keywords":["JP-227 - Assistant Dean"]},"name":"JP-227 - Assistant Dean","type":"room"},"geometry":{"type":"Point","coordinates":[-76.7606254,39.0189723]}},{"type":"Feature","id":1046,"properties":{"building_id":"proctor","floor":1,"id":1046,"metadata":{"category":"room","keywords":["JP-229 - Conference RM"]},"name":"JP-229 - Conference RM","type":"room"},"geometry":{"type":"Point","coordinates":[-76.7605288,39.0190008]}},{"type":"Feature","id":1047,"properties":{"building_id":"proctor","floor":1,"id":1047,"metadata":{"category":"room","keywords":["JP-226 - Dean SPS"]},"name":"JP-226 - Dean SPS","type":"room"},"geometry":{"type":"Point","coordinates":[-76.7606625,39.0189419]}},{"type":"Feature","id":1048,"properties":{"building_id":"lib","floor":1,"id":1048,"metadata":{"category":"room","keywords":["LIB-22 - Study Carrel"]},"name":"LIB-22 - Study Carrel","type":"room"},"geometry":{"type":"Point","coordinates":[-76.7596961,39.0185717]}},{"type":"Feature","id":1049,"properties":{"building_id":"proctor","floor":1,"id":1049,"metadata":{"category":"room","keywords":["JP-233B - OFFICE"]},"name":"JP-233B - OFFICE","type":"room"},"geometry":{"type":"Point","coordinates":[-76.7605207,39.0190799]}},{"type":"Feature","id":1050,"properties":{"building_id":"proctor","floor":1,"id":1050,"metadata":{"category":"room","keywords":["JP-233L - OFFICE"]},"name":"JP-233L - OFFICE","type":"room"},"geometry":{"type":"Point","coordinates":[-76.7603318,39.019275]}},{"type":"Feature","id":1051,"properties":{"building_id":"proctor","floor":1,"id":1051,"metadata":{"category":"room","keywords":["JP-229B - Reception"]},"name":"JP-229B - Reception","type":"room"},"geometry":{"type":"Point","coordinates":[-76.760571,39.0190262]}},{"type":"Feature","id":1052,"properties":{"building_id":"proctor","floor":1,"id":1052,"metadata":{"category":"room","keywords":["JP-233H - OFFICE"]},"name":"JP-233H - OFFICE","type":"room"},"geometry":{"type":"Point","coordinates":[-76.7603948,39.0192098]}},{"type":"Feature","id":1053,"properties":{"building_id":"proctor","floor":1,"id":1053,"metadata":{"category":"room","keywords":["JP-225 - Assistant Dean"]},"name":"JP-225 - Assistant Dean","type":"room"},"geometry":{"type":"Point","coordinates":[-76.7607228,39.0189484]}},{"type":"Feature","id":1054,"properties":{"building_id":"lib","floor":0,"id":1054,"metadata":{"category":"room","keywords":["LIB-1185 - Graduate Study Room"]},"name":"LIB-1185 - Graduate Study Room","type":"room"},"geometry":{"type":"Point","coordinates":[-76.7600307,39.0181778]}},{"type":"Feature","id":1055,"properties":{"building_id":"lib","floor":1,"id":1055,"metadata":{"category":"room","keywords":["LIB-15 - Study Carrel"]},"name":"LIB-15 - Study Carrel","type":"room"},"geometry":{"type":"Point","coordinates":[-76.7598357,39.0185166]}},{"type":"Feature","id":1056,"properties":{"building_id":"lib","floor":1,"id":1056,"metadata":{"category":"room","keywords":["LIB-14 - Study Carrel"]},"name":"LIB-14 - Study Carrel","type":"room"},"geometry":{"type":"Point","coordinates":[-76.7598511,39.0184987]}},{"type":"Feature","id":1057,"properties":{"building_id":"lib","floor":0,"id":1057,"metadata":{"category":"room","keywords":["LIB-1200 - Wellness Center Annex"]},"name":"LIB-1200 - Wellness Center Annex","type":"room"},"geometry":{"type":"Point","coordinates":[-76.7601501,39.018147]}},{"type":"Feature","id":1058,"properties":{"building_id":"lib","floor":1,"id":1058,"metadata":{"category":"room","keywords":["LIB-18 - Study Carrel"]},"name":"LIB-18 - Study Carrel","type":"room"},"geometry":{"type":"Point","coordinates":[-76.7597922,39.0185615]}},{"type":"Feature","id":1059,"properties":{"building_id":"lib","floor":1,"id":1059,"metadata":{"category":"room","keywords":["LIB-20 - Office of the Associate Director"]},"name":"LIB-20 - Office of the Associate Director","type":"room"},"geometry":{"type":"Point","coordinates":[-76.7597492,39.0185936]}},{"type":"Feature","id":1060,"properties":{"building_id":"proctor","floor":1,"id":1060,"metadata":{"category":"room","keywords":["JP-233K - OFFICE"]},"name":"JP-233K - OFFICE","type":"room"},"geometry":{"type":"Point","coordinates":[-76.7603527,39.0192533]}},{"type":"Feature","id":1061,"properties":{"building_id":"proctor","floor":1,"id":1061,"metadata":{"category":"room","keywords":["JP-233D - OFFICE"]},"name":"JP-233D - OFFICE","type":"room"},"geometry":{"type":"Point","coordinates":[-76.7604787,39.0191232]}},{"type":"Feature","id":1062,"properties":{"building_id":"lib","floor":1,"id":1062,"metadata":{"category":"room","keywords":["LIB-21 - Study Carrel"]},"name":"LIB-21 - Study Carrel","type":"room"},"geometry":{"type":"Point","coordinates":[-76.7597154,39.018583]}},{"type":"Feature","id":1063,"properties":{"building_id":"proctor","floor":1,"id":1063,"metadata":{"category":"room","keywords":["JP-233M - OFFICE"]},"name":"JP-233M - OFFICE","type":"room"},"geometry":{"type":"Point","coordinates":[-76.7603052,39.0192967]}},{"type":"Feature","id":1064,"properties":{"building_id":"lib","floor":1,"id":1064,"metadata":{"category":"room","keywords":["LIB-13 - Study Carrel"]},"name":"LIB-13 - Study Carrel","type":"room"},"geometry":{"type":"Point","coordinates":[-76.760147,39.0181916]}},{"type":"Feature","id":1065,"properties":{"building_id":"proctor","floor":1,"id":1065,"metadata":{"category":"room","keywords":["JP-233F - OFFICE"]},"name":"JP-233F - OFFICE","type":"room"},"geometry":{"type":"Point","coordinates":[-76.7604367,39.0191665]}},{"type":"Feature","id":1066,"properties":{"building_id":"proctor","floor":1,"id":1066,"metadata":{"category":"room","keywords":["JP-233A - OFFICE"]},"name":"JP-233A - OFFICE","type":"room"},"geometry":{"type":"Point","coordinates":[-76.760544,39.0190553]}},{"type":"Feature","id":1067,"properties":{"building_id":"proctor","floor":1,"id":1067,"metadata":{"category":"room","keywords":["JP-233G - OFFICE"]},"name":"JP-233G - OFFICE","type":"room"},"geometry":{"type":"Point","coordinates":[-76.7604137,39.0191839]}},{"type":"Feature","id":1068,"properties":{"building_id":"proctor","floor":1,"id":1068,"metadata":{"category":"room","keywords":["JP-233E - OFFICE"]},"name":"JP-233E - OFFICE","type":"room"},"geometry":{"type":"Point","coordinates":[-76.7604576,39.0191449]}},{"type":"Feature","id":1069,"properties":{"building_id":"lib","floor":1,"id":1069,"metadata":{"category":"room","keywords":["LIB-16 - Study Carrel"]},"name":"LIB-16 - Study Carrel","type":"room"},"geometry":{"type":"Point","coordinates":[-76.7598213,39.0185315]}},{"type":"Feature","id":1070,"properties":{"building_id":"lib","floor":1,"id":1070,"metadata":{"category":"room","keywords":["LIB-19 - Study Carrel"]},"name":"LIB-19 - Study Carrel","type":"room"},"geometry":{"type":"Point","coordinates":[-76.7597776,39.0185765]}},{"type":"Feature","id":1071,"properties":{"building_id":"lib","floor":1,"id":1071,"metadata":{"category":"room","keywords":["LIB-17C9 - Conference RM"]},"name":"LIB-17C9 - Conference RM","type":"room"},"geometry":{"type":"Point","coordinates":[-76.7595654,39.0184909]}},{"type":"Feature","id":1072,"properties":{"building_id":"cnsmn","floor":1,"id":1072,"metadata":{"category":"room","keywords":["CNSMN-2123 - Nursing Workroom"]},"name":"CNSMN-2123 - Nursing Workroom","type":"room"},"geometry":{"type":"Point","coordinates":[-76.7584267,39.0190518]}},{"type":"Feature","id":1073,"properties":{"building_id":"cs","floor":1,"id":1073,"metadata":{"category":"room","keywords":["CS-222 - Computer Science FACULTY"]},"name":"CS-222 - Computer Science FACULTY","type":"room"},"geometry":{"type":"Point","coordinates":[-76.7595685,39.0173046]}},{"type":"Feature","id":1074,"properties":{"building_id":"cs","floor":1,"id":1074,"metadata":{"category":"room","keywords":["CS-221 - Computer Science FACULTY"]},"name":"CS-221 - Computer Science FACULTY","type":"room"},"geometry":{"type":"Point","coordinates":[-76.7595836,39.0172761]}},{"type":"Feature","id":1075,"properties":{"building_id":"cnsmn","floor":1,"id":1075,"metadata":{"category":"room","keywords":["CNSMN-2125- Nursing Faculty Office"]},"name":"CNSMN-2125- Nursing Faculty Office","type":"room"},"geometry":{"type":"Point","coordinates":[-76.7583785,39.0190096]}},{"type":"Feature","id":1076,"properties":{"building_id":"cnsmn","floor":1,"id":1076,"metadata":{"category":"room","keywords":["CNSMN-2126 - Nursing Faculty Office"]},"name":"CNSMN-2126 - Nursing Faculty Office","type":"room"},"geometry":{"type":"Point","coordinates":[-76.7586364,39.0190155]}},{"type":"Feature","id":1077,"properties":{"building_id":"cs","floor":2,"id":1077,"metadata":{"category":"room","keywords":["CS-301 - Computer Science CONFERENCE RM"]},"name":"CS-301 - Computer Science CONFERENCE RM","type":"room"},"geometry":{"type":"Point","coordinates":[-76.759424,39.0175534]}},{"type":"Feature","id":1078,"properties":{"building_id":"cnsmn","floor":1,"id":1078,"metadata":{"category":"room","keywords":["CNSMN-2121 - Nursing Faculty Office"]},"name":"CNSMN-2121 - Nursing Faculty Office","type":"room"},"geometry":{"type":"Point","coordinates":[-76.7583563,39.0190325]}},{"type":"Feature","id":1079,"properties":{"building_id":"cs","floor":1,"id":1079,"metadata":{"category":"room","keywords":["CS-217 - Computer Science FACULTY"]},"name":"CS-217 - Computer Science FACULTY","type":"room"},"geometry":{"type":"Point","coordinates":[-76.7596439,39.017162]}},{"type":"Feature","id":1080,"properties":{"building_id":"cs","floor":1,"id":1080,"metadata":{"category":"room","keywords":["CS-215 - Computer Science FACULTY"]},"name":"CS-215 - Computer Science FACULTY","type":"room"},"geometry":{"type":"Point","coordinates":[-76.7596616,39.0171036]}},{"type":"Feature","id":1081,"properties":{"building_id":"cs","floor":1,"id":1081,"metadata":{"category":"room","keywords":["CS-219 - Computer Science FACULTY"]},"name":"CS-219 - Computer Science FACULTY","type":"room"},"geometry":{"type":"Point","coordinates":[-76.7596137,39.017219]}},{"type":"Feature","id":1082,"properties":{"building_id":"cnsmn","floor":1,"id":1082,"metadata":{"category":"room","keywords":["CNSMN-2124- Nursing Faculty Office"]},"name":"CNSMN-2124- Nursing Faculty Office","type":"room"},"geometry":{"type":"Point","coordinates":[-76.758607,39.0189983]}},{"type":"Feature","id":1083,"properties":{"building_id":"cs","floor":1,"id":1083,"metadata":{"category":"room","keywords":["CS-218 - Computer Science FACULTY"]},"name":"CS-218 - Computer Science FACULTY","type":"room"},"geometry":{"type":"Point","coordinates":[-76.7596288,39.0171905]}},{"type":"Feature","id":1084,"properties":{"building_id":"cs","floor":1,"id":1084,"metadata":{"category":"room","keywords":["CS-223 - Computer Science FACULTY"]},"name":"CS-223 - Computer Science FACULTY","type":"room"},"geometry":{"type":"Point","coordinates":[-76.7595482,39.0173348]}},{"type":"Feature","id":1085,"properties":{"building_id":"cs","floor":1,"id":1085,"metadata":{"category":"room","keywords":["CS-220 - Computer Science FACULTY"]},"name":"CS-220 - Computer Science FACULTY","type":"room"},"geometry":{"type":"Point","coordinates":[-76.7595987,39.0172475]}},{"type":"Feature","id":1086,"properties":{"building_id":"cnsmn","floor":1,"id":1086,"metadata":{"category":"room","keywords":["CNSMN-2122 - Nursing Faculty Office"]},"name":"CNSMN-2122 - Nursing Faculty Office","type":"room"},"geometry":{"type":"Point","coordinates":[-76.7585777,39.0189812]}},{"type":"Feature","id":1087,"properties":{"building_id":"cnsmn","floor":1,"id":1087,"metadata":{"category":"non public"},"name":"CNSMN-2120","type":"room"},"geometry":{"type":"Point","coordinates":[-76.7585908,39.0190253]}},{"type":"Feature","id":1088,"properties":{"building_id":"cs","floor":1,"id":1088,"metadata":{"category":"room","keywords":["CS-216 - Computer Science FACULTY"]},"name":"CS-216 - Computer Science FACULTY","type":"room"},"geometry":{"type":"Point","coordinates":[-76.759659,39.0171334]}},{"type":"Feature","id":1089,"properties":{"building_id":"ha","floor":0,"id":1089,"metadata":{"category":"room","keywords":["HA-1201 - Student Services"]},"name":"HA-1201 - Student Services","type":"room"},"geometry":{"type":"Point","coordinates":[-76.7608163,39.0184785]}},{"type":"Feature","id":1090,"properties":{"building_id":"ha","floor":0,"id":1090,"metadata":{"category":"room","keywords":["HA-1209 - Records Office"]},"name":"HA-1209 - Records Office","type":"room"},"geometry":{"type":"Point","coordinates":[-76.7609348,39.0185571]}},{"type":"Feature","id":1091,"properties":{"building_id":"ha","floor":0,"id":1091,"metadata":{"category":"room","keywords":["HA-1117 - Director of Financial AID"]},"name":"HA-1117 - Director of Financial AID","type":"room"},"geometry":{"type":"Point","coordinates":[-76.7609181,39.0186801]}},{"type":"Feature","id":1092,"properties":{"building_id":"ha","floor":0,"id":1092,"metadata":{"category":"non public"},"name":"HA-1203","type":"room"},"geometry":{"type":"Point","coordinates":[-76.7608765,39.0185301]}},{"type":"Feature","id":1093,"properties":{"building_id":"ha","floor":0,"id":1093,"metadata":{"category":"room","keywords":["HA-1211 - Office Systems Coordinator"]},"name":"HA-1211 - Office Systems Coordinator","type":"room"},"geometry":{"type":"Point","coordinates":[-76.7609309,39.0186033]}},{"type":"Feature","id":1094,"properties":{"building_id":"ha","floor":0,"id":1094,"metadata":{"category":"room","keywords":["HA-1210 - Graduate Program Coordinator"]},"name":"HA-1210 - Graduate Program Coordinator","type":"room"},"geometry":{"type":"Point","coordinates":[-76.7609304,39.018576]}},{"type":"Feature","id":1095,"properties":{"building_id":"ha","floor":0,"id":1095,"metadata":{"category":"room","keywords":["HA-1112 - Enrollment Information System Coordinator"]},"name":"HA-1112 - Enrollment Information System Coordinator","type":"room"},"geometry":{"type":"Point","coordinates":[-76.7608615,39.0186069]}},{"type":"Feature","id":1096,"properties":{"building_id":"ha","floor":0,"id":1096,"metadata":{"category":"room","keywords":["HA-1115 - Administrative Assistance"]},"name":"HA-1115 - Administrative Assistance","type":"room"},"geometry":{"type":"Point","coordinates":[-76.7608767,39.0186557]}},{"type":"Feature","id":1097,"properties":{"building_id":"ha","floor":0,"id":1097,"metadata":{"category":"room","keywords":["HA-1207 - Verifications"]},"name":"HA-1207 - Verifications","type":"room"},"geometry":{"type":"Point","coordinates":[-76.7609342,39.0185199]}},{"type":"Feature","id":1098,"properties":{"building_id":"ha","floor":0,"id":1098,"metadata":{"category":"room","keywords":["HA-1208 - Work Space"]},"name":"HA-1208 - Work Space","type":"room"},"geometry":{"type":"Point","coordinates":[-76.7609345,39.0185387]}},{"type":"Feature","id":1099,"properties":{"building_id":"ha","floor":0,"id":1099,"metadata":{"category":"room","keywords":["HA-1113 - Financial Aid Specialist"]},"name":"HA-1113 - Financial Aid Specialist","type":"room"},"geometry":{"type":"Point","coordinates":[-76.7608884,39.018623]}},{"type":"Feature","id":1100,"properties":{"building_id":"ha","floor":0,"id":1100,"metadata":{"category":"room","keywords":["HA-1205 - University Registrar"]},"name":"HA-1205 - University Registrar","type":"room"},"geometry":{"type":"Point","coordinates":[-76.7609269,39.0184675]}},{"type":"Feature","id":1101,"properties":{"building_id":"ha","floor":0,"id":1101,"metadata":{"category":"room","keywords":["HA-1212 - Student Workstation 1"]},"name":"HA-1212 - Student Workstation 1","type":"room"},"geometry":{"type":"Point","coordinates":[-76.7608692,39.0185742]}},{"type":"Feature","id":1102,"properties":{"building_id":"ha","floor":0,"id":1102,"metadata":{"category":"room","keywords":["HA-1116 - Conference Room"]},"name":"HA-1116 - Conference Room","type":"room"},"geometry":{"type":"Point","coordinates":[-76.7609176,39.018649]}},{"type":"Feature","id":1103,"properties":{"building_id":"ha","floor":0,"id":1103,"metadata":{"category":"room","keywords":["HA-1204 - Assistant University Registrar"]},"name":"HA-1204 - Assistant University Registrar","type":"room"},"geometry":{"type":"Point","coordinates":[-76.7608844,39.0184645]}},{"type":"Feature","id":1104,"properties":{"building_id":"ha","floor":0,"id":1104,"metadata":{"category":"room","keywords":["HA-1202 - FILE RM"]},"name":"HA-1202 - FILE RM","type":"room"},"geometry":{"type":"Point","coordinates":[-76.7608515,39.0184684]}},{"type":"Feature","id":1105,"properties":{"building_id":"ha","floor":0,"id":1105,"metadata":{"category":"room","keywords":["HA-1213 - Student Workstation 2"]},"name":"HA-1213 - Student Workstation 2","type":"room"},"geometry":{"type":"Point","coordinates":[-76.7608829,39.0185822]}},{"type":"Feature","id":1106,"properties":{"building_id":"ha","floor":0,"id":1106,"metadata":{"category":"non public"},"name":"HA-1301","type":"room"},"geometry":{"type":"Point","coordinates":[-76.7608477,39.0183072]}},{"type":"Feature","id":1107,"properties":{"building_id":"ha","floor":0,"id":1107,"metadata":{"category":"room","keywords":["HA-1114 - Program Management Specialist"]},"name":"HA-1114 - Program Management Specialist","type":"room"},"geometry":{"type":"Point","coordinates":[-76.7608465,39.0186418]}},{"type":"Feature","id":1108,"properties":{"building_id":"rh","floor":0,"id":1108,"metadata":{"category":"room","keywords":["RH-009 - Classroom"]},"name":"RH-009 - Classroom","type":"room"},"geometry":{"type":"Point","coordinates":[-76.7596131,39.0163872]}},{"type":"Feature","id":1109,"properties":{"building_id":"rh","floor":0,"id":1109,"metadata":{"category":"room","keywords":["RH-005 - Storage"]},"name":"RH-005 - Storage","type":"room"},"geometry":{"type":"Point","coordinates":[-76.7601149,39.0165294]}},{"type":"Feature","id":1110,"properties":{"building_id":"rh","floor":0,"id":1110,"metadata":{"category":"room","keywords":["RH-011C - OFFICE"]},"name":"RH-011C - OFFICE","type":"room"},"geometry":{"type":"Point","coordinates":[-76.7594608,39.0164933]}},{"type":"Feature","id":1111,"properties":{"building_id":"fpa","floor":1,"id":1111,"metadata":{"category":"room","keywords":["FPA-2130 - Fine Art"]},"name":"FPA-2130 - Fine Art","type":"room"},"geometry":{"type":"Point","coordinates":[-76.7593684,39.0161218]}},{"type":"Feature","id":1112,"properties":{"building_id":"fpa","floor":1,"id":1112,"metadata":{"category":"room","keywords":["FPA-2128 - Fine Art"]},"name":"FPA-2128 - Fine Art","type":"room"},"geometry":{"type":"Point","coordinates":[-76.7593855,39.0161014]}},{"type":"Feature","id":1113,"properties":{"building_id":"fpa","floor":1,"id":1113,"metadata":{"category":"room","keywords":["FPA-2124 - Administrative Assistant"]},"name":"FPA-2124 - Administrative Assistant","type":"room"},"geometry":{"type":"Point","coordinates":[-76.7594296,39.0160657]}},{"type":"Feature","id":1114,"properties":{"building_id":"fpa","floor":1,"id":1114,"metadata":{"category":"room","keywords":["FPA-2126 - Fine Art"]},"name":"FPA-2126 - Fine Art","type":"room"},"geometry":{"type":"Point","coordinates":[-76.7594061,39.0160805]}},{"type":"Feature","id":1115,"properties":{"building_id":"fpa","floor":1,"id":1115,"metadata":{"category":"room","keywords":["FPA-2122 - Fine Art"]},"name":"FPA-2122 - Fine Art","type":"room"},"geometry":{"type":"Point","coordinates":[-76.7594015,39.0160199]}},{"type":"Feature","id":1116,"properties":{"building_id":"rh","floor":0,"id":1116,"metadata":{"category":"room","keywords":["RH-009A - Classroom"]},"name":"RH-009A - Classroom","type":"room"},"geometry":{"type":"Point","coordinates":[-76.7596263,39.0163545]}},{"type":"Feature","id":1117,"properties":{"building_id":"rh","floor":0,"id":1117,"metadata":{"category":"room","keywords":["RH-011A - OFFICE"]},"name":"RH-011A - OFFICE","type":"room"},"geometry":{"type":"Point","coordinates":[-76.7594855,39.0164243]}},{"type":"Feature","id":1118,"properties":{"building_id":"rh","floor":1,"id":1118,"metadata":{"category":"room","keywords":["RH-101 - Human Resources"]},"name":"RH-101 - Human Resources","type":"room"},"geometry":{"type":"Point","coordinates":[-76.7601402,39.0165151]}},{"type":"Feature","id":1119,"properties":{"building_id":"fpa","floor":1,"id":1119,"metadata":{"category":"room","keywords":["FPA-2124A - Fine Arts Chair"]},"name":"FPA-2124A - Fine Arts Chair","type":"room"},"geometry":{"type":"Point","coordinates":[-76.75945,39.0160447]}},{"type":"Feature","id":1120,"properties":{"building_id":"rh","floor":0,"id":1120,"metadata":{"category":"room","keywords":["RH-011B - OFFICE"]},"name":"RH-011B - OFFICE","type":"room"},"geometry":{"type":"Point","coordinates":[-76.7594656,39.0164627]}},{"type":"Feature","id":1121,"properties":{"building_id":"proctor","floor":2,"id":1121,"metadata":{"category":"room","keywords":["JP-331N - OFFICE"]},"name":"JP-331N - OFFICE","type":"room"},"geometry":{"type":"Point","coordinates":[-76.7602886,39.0193139]}},{"type":"Feature","id":1122,"properties":{"building_id":"cnsmn","floor":2,"id":1122,"metadata":{"category":"room","keywords":["CNSMN-3143 - Natural Science Autoclave"]},"name":"CNSMN-3143 - Natural Science Autoclave","type":"room"},"geometry":{"type":"Point","coordinates":[-76.758632,39.0188355]}},{"type":"Feature","id":1123,"properties":{"building_id":"cnsmn","floor":2,"id":1123,"metadata":{"category":"room","keywords":["CNSMN-3139 -Natural Science Faculty Office"]},"name":"CNSMN-3139 -Natural Science Faculty Office","type":"room"},"geometry":{"type":"Point","coordinates":[-76.7584678,39.0189188]}},{"type":"Feature","id":1124,"properties":{"building_id":"cnsmn","floor":2,"id":1124,"metadata":{"category":"room","keywords":["CNSMN-3110 - MT Faculty Office"]},"name":"CNSMN-3110 - MT Faculty Office","type":"room"},"geometry":{"type":"Point","coordinates":[-76.7585117,39.0190492]}},{"type":"Feature","id":1125,"properties":{"building_id":"sc","floor":2,"id":1125,"metadata":{"category":"room","keywords":["SC-3007C - Interview Room C"]},"name":"SC-3007C - Interview Room C","type":"room"},"geometry":{"type":"Point","coordinates":[-76.758266,39.0176793]}},{"type":"Feature","id":1126,"properties":{"building_id":"proctor","floor":2,"id":1126,"metadata":{"category":"room","keywords":["JP-331T - OFFICE"]},"name":"JP-331T - OFFICE","type":"room"},"geometry":{"type":"Point","coordinates":[-76.7601815,39.01943]}},{"type":"Feature","id":1127,"properties":{"building_id":"proctor","floor":2,"id":1127,"metadata":{"category":"room","keywords":["JP-331D - OFFICE"]},"name":"JP-331D - OFFICE","type":"room"},"geometry":{"type":"Point","coordinates":[-76.760479,39.0191234]}},{"type":"Feature","id":1128,"properties":{"building_id":"cnsmn","floor":2,"id":1128,"metadata":{"category":"room","keywords":["CNSMN-3145 - Molecular Bio LAB #1"]},"name":"CNSMN-3145 - Molecular Bio LAB #1","type":"room"},"geometry":{"type":"Point","coordinates":[-76.7585598,39.0188895]}},{"type":"Feature","id":1129,"properties":{"building_id":"sc","floor":2,"id":1129,"metadata":{"category":"room","keywords":["SC-3008G - DEAN"]},"name":"SC-3008G - DEAN","type":"room"},"geometry":{"type":"Point","coordinates":[-76.7583649,39.0178221]}},{"type":"Feature","id":1130,"properties":{"building_id":"proctor","floor":2,"id":1130,"metadata":{"category":"room","keywords":["JP-331U - OFFICE"]},"name":"JP-331U - OFFICE","type":"room"},"geometry":{"type":"Point","coordinates":[-76.7601628,39.0194475]}},{"type":"Feature","id":1131,"properties":{"building_id":"cnsmn","floor":2,"id":1131,"metadata":{"category":"room","keywords":["CNSMN-3114 - MT Faculty Office"]},"name":"CNSMN-3114 - MT Faculty Office","type":"room"},"geometry":{"type":"Point","coordinates":[-76.7585649,39.0190887]}},{"type":"Feature","id":1132,"properties":{"building_id":"sc","floor":2,"id":1132,"metadata":{"category":"room","keywords":["SC-3010A - Student Services Work RM"]},"name":"SC-3010A - Student Services Work RM","type":"room"},"geometry":{"type":"Point","coordinates":[-76.7581394,39.0178779]}},{"type":"Feature","id":1133,"properties":{"building_id":"sc","floor":2,"id":1133,"metadata":{"category":"room","keywords":["SC-3022 - TELE"]},"name":"SC-3022 - TELE","type":"room"},"geometry":{"type":"Point","coordinates":[-76.7584655,39.0177111]}},{"type":"Feature","id":1134,"properties":{"building_id":"proctor","floor":2,"id":1134,"metadata":{"category":"room","keywords":["JP-341 - Computer LAB"]},"name":"JP-341 - Computer LAB","type":"room"},"geometry":{"type":"Point","coordinates":[-76.7605942,39.0191829]}},{"type":"Feature","id":1135,"properties":{"building_id":"mckeldin","floor":0,"id":1135,"metadata":{"category":"room","keywords":["TM-1001 - Conference RM"]},"name":"TM-1001 - Conference RM","type":"room"},"geometry":{"type":"Point","coordinates":[-76.7591916,39.020821]}},{"type":"Feature","id":1136,"properties":{"building_id":"cnsmn","floor":2,"id":1136,"metadata":{"category":"room","keywords":["CNSMN-3144 - Natural Science Micro Bio LAB #2 Prep RM"]},"name":"CNSMN-3144 - Natural Science Micro Bio LAB #2 Prep RM","type":"room"},"geometry":{"type":"Point","coordinates":[-76.7586721,39.0189666]}},{"type":"Feature","id":1137,"properties":{"building_id":"proctor","floor":2,"id":1137,"metadata":{"category":"room","keywords":["JP-331M - OFFICE"]},"name":"JP-331M - OFFICE","type":"room"},"geometry":{"type":"Point","coordinates":[-76.7603116,39.0192965]}},{"type":"Feature","id":1138,"properties":{"building_id":"cnsmn","floor":2,"id":1138,"metadata":{"category":"room","keywords":["CNSMN-3123 - Natural Science Work Room"]},"name":"CNSMN-3123 - Natural Science Work Room","type":"room"},"geometry":{"type":"Point","coordinates":[-76.7584267,39.0190518]}},{"type":"Feature","id":1139,"properties":{"building_id":"mckeldin","floor":0,"id":1139,"metadata":{"category":"room","keywords":["TM-1005D - OFFICE"]},"name":"TM-1005D - OFFICE","type":"room"},"geometry":{"type":"Point","coordinates":[-76.7593873,39.0207092]}},{"type":"Feature","id":1140,"properties":{"building_id":"cnsmn","floor":2,"id":1140,"metadata":{"category":"room","keywords":["CNSMN-3133 - Natural Science Faculty Office"]},"name":"CNSMN-3133 - Natural Science Faculty Office","type":"room"},"geometry":{"type":"Point","coordinates":[-76.7584235,39.0189644]}},{"type":"Feature","id":1141,"properties":{"building_id":"sc","floor":2,"id":1141,"metadata":{"category":"room","keywords":["SC-3008D - GREEK COORD"]},"name":"SC-3008D - Greek Coordinator","type":"room"},"geometry":{"type":"Point","coordinates":[-76.758428,39.017757]}},{"type":"Feature","id":1142,"properties":{"building_id":"proctor","floor":2,"id":1142,"metadata":{"category":"room","keywords":["JP-329 - Testing LAB"]},"name":"JP-329 - Testing LAB","type":"room"},"geometry":{"type":"Point","coordinates":[-76.7605825,39.0190141]}},{"type":"Feature","id":1143,"properties":{"building_id":"sc","floor":2,"id":1143,"metadata":{"category":"room","keywords":["SC-3011 - Meditation RM"]},"name":"SC-3011 - Meditation RM","type":"room"},"geometry":{"type":"Point","coordinates":[-76.7582989,39.0179881]}},{"type":"Feature","id":1144,"properties":{"building_id":"proctor","floor":2,"id":1144,"metadata":{"category":"room","keywords":["JP-330 - Testing LAB"]},"name":"JP-330 - Testing LAB","type":"room"},"geometry":{"type":"Point","coordinates":[-76.7605616,39.0190357]}},{"type":"Feature","id":1145,"properties":{"building_id":"proctor","floor":2,"id":1145,"metadata":{"category":"room","keywords":["JP-339 - Class Tutorial RM"]},"name":"JP-339 - Class Tutorial RM","type":"room"},"geometry":{"type":"Point","coordinates":[-76.7605078,39.0192229]}},{"type":"Feature","id":1146,"properties":{"building_id":"proctor","floor":2,"id":1146,"metadata":{"category":"room","keywords":["JP-338 - Observation LAB"]},"name":"JP-338 - Observation LAB","type":"room"},"geometry":{"type":"Point","coordinates":[-76.7604469,39.019286]}},{"type":"Feature","id":1147,"properties":{"building_id":"cnsmn","floor":2,"id":1147,"metadata":{"category":"room","keywords":["CNSMN-3137 - Natural Science Faculty Office"]},"name":"CNSMN-3137 - Natural Science Faculty Office","type":"room"},"geometry":{"type":"Point","coordinates":[-76.7584987,39.0189727]}},{"type":"Feature","id":1148,"properties":{"building_id":"cnsmn","floor":2,"id":1148,"metadata":{"category":"room","keywords":["CNSMN-3122 - Natural Science Conference RM"]},"name":"CNSMN-3122 - Natural Science Conference RM","type":"room"},"geometry":{"type":"Point","coordinates":[-76.7586166,39.018972]}},{"type":"Feature","id":1149,"properties":{"building_id":"cbgs","floor":2,"id":1149,"metadata":{"category":"room","keywords":["CBGS-3201 - Seminar Room #3"]},"name":"CBGS-3201 - Seminar Room #3","type":"room"},"geometry":{"type":"Point","coordinates":[-76.7615249,39.0171579]}},{"type":"Feature","id":1150,"properties":{"building_id":"cbgs","floor":2,"id":1150,"metadata":{"category":"room"},"name":"CBGS-3200","type":"room"},"geometry":{"type":"Point","coordinates":[-76.7616266,39.0171056]}},{"type":"Feature","id":1151,"properties":{"building_id":"cbgs","floor":2,"id":1151,"metadata":{"category":"room","keywords":["CBGS-3300 - Management Information System (MIS) Club"]},"name":"CBGS-3300 - Management Information System (MIS) Club","type":"room"},"geometry":{"type":"Point","coordinates":[-76.7613459,39.0167794]}},{"type":"Feature","id":1152,"properties":{"building_id":"cbgs","floor":2,"id":1152,"metadata":{"category":"room","keywords":["CBGS-3000 - Lab Storage"]},"name":"CBGS-3000 - Lab Storage","type":"room"},"geometry":{"type":"Point","coordinates":[-76.7615532,39.0169565]}},{"type":"Feature","id":1153,"properties":{"building_id":"cbgs","floor":1,"id":1153,"metadata":{"category":"room","keywords":["CBGS-2354 - Faculty Office"]},"name":"CBGS-2354 - Faculty Office","type":"room"},"geometry":{"type":"Point","coordinates":[-76.7615822,39.0163355]}},{"type":"Feature","id":1154,"properties":{"building_id":"sc","floor":2,"id":1154,"metadata":{"category":"room","keywords":["SC-3008E - Assistant Director"]},"name":"SC-3008E - Assistant Director","type":"room"},"geometry":{"type":"Point","coordinates":[-76.758406,39.0177797]}},{"type":"Feature","id":1155,"properties":{"building_id":"proctor","floor":2,"id":1155,"metadata":{"category":"room","keywords":["JP-331K - OFFICE"]},"name":"JP-331K - OFFICE","type":"room"},"geometry":{"type":"Point","coordinates":[-76.7603535,39.0192532]}},{"type":"Feature","id":1156,"properties":{"building_id":"sc","floor":2,"id":1156,"metadata":{"category":"room","keywords":["SC-3010B - Student Services Programs"]},"name":"SC-3010B - Student Services Programs","type":"room"},"geometry":{"type":"Point","coordinates":[-76.7581713,39.0178955]}},{"type":"Feature","id":1157,"properties":{"building_id":"cbgs","floor":2,"id":1157,"metadata":{"category":"room","keywords":["CBGS-3304 -Faculty Office"]},"name":"CBGS-3304 -Faculty Office","type":"room"},"geometry":{"type":"Point","coordinates":[-76.7613081,39.0168294]}},{"type":"Feature","id":1158,"properties":{"building_id":"cnsmn","floor":2,"id":1158,"metadata":{"category":"room","keywords":["CNSMN-3108 - Natural Science Faculty Office"]},"name":"CNSMN-3108 - Natural Science Faculty Office","type":"room"},"geometry":{"type":"Point","coordinates":[-76.7585439,39.0191134]}},{"type":"Feature","id":1159,"properties":{"building_id":"cbgs","floor":2,"id":1159,"metadata":{"category":"room"},"name":"CBGS-3211","type":"room"},"geometry":{"type":"Point","coordinates":[-76.7617294,39.0171027]}},{"type":"Feature","id":1160,"properties":{"building_id":"cnsmn","floor":2,"id":1160,"metadata":{"category":"room","keywords":["CNSMN-3125 - Natural Science Faculty Office"]},"name":"CNSMN-3125 - Natural Science Faculty Office","type":"room"},"geometry":{"type":"Point","coordinates":[-76.7583793,39.0190101]}},{"type":"Feature","id":1161,"properties":{"building_id":"cnsmn","floor":2,"id":1161,"metadata":{"category":"room","keywords":["CNSMN-3129 - Natural Science Faculty Office"]},"name":"CNSMN-3129 - Natural Science Faculty Office","type":"room"},"geometry":{"type":"Point","coordinates":[-76.7584015,39.0189872]}},{"type":"Feature","id":1162,"properties":{"building_id":"proctor","floor":2,"id":1162,"metadata":{"category":"room","keywords":["JP-331J - OFFICE"]},"name":"JP-331J - OFFICE","type":"room"},"geometry":{"type":"Point","coordinates":[-76.7603744,39.0192316]}},{"type":"Feature","id":1163,"properties":{"building_id":"sc","floor":2,"id":1163,"metadata":{"category":"room","keywords":["SC-3008F - SPEC PROG"]},"name":"SC-3008F - SPEC PROG","type":"room"},"geometry":{"type":"Point","coordinates":[-76.7583855,39.0178008]}},{"type":"Feature","id":1164,"properties":{"building_id":"proctor","floor":2,"id":1164,"metadata":{"category":"room","keywords":["JP-331P - OFFICE"]},"name":"JP-331P - OFFICE","type":"room"},"geometry":{"type":"Point","coordinates":[-76.7602695,39.01934]}},{"type":"Feature","id":1165,"properties":{"building_id":"sc","floor":2,"id":1165,"metadata":{"category":"room","keywords":["SC-3010E - Resource Office"]},"name":"SC-3010E - Resource Office","type":"room"},"geometry":{"type":"Point","coordinates":[-76.7581703,39.0179621]}},{"type":"Feature","id":1166,"properties":{"building_id":"cbgs","floor":2,"id":1166,"metadata":{"category":"room","keywords":["CBGS-3302 - Faculty Office"]},"name":"CBGS-3302 - Faculty Office","type":"room"},"geometry":{"type":"Point","coordinates":[-76.7613286,39.0168077]}},{"type":"Feature","id":1167,"properties":{"building_id":"cbgs","floor":2,"id":1167,"metadata":{"category":"room","keywords":["CBGS-3303 - Dean's Conference Room"]},"name":"CBGS-3303 - Dean's Conference Room","type":"room"},"geometry":{"type":"Point","coordinates":[-76.7612144,39.0168034]}},{"type":"Feature","id":1168,"properties":{"building_id":"cbgs","floor":2,"id":1168,"metadata":{"category":"room","keywords":["CBGS-3312 - College of Business Office of the Dean"]},"name":"CBGS-3312 - College of Business Office of the Dean","type":"room"},"geometry":{"type":"Point","coordinates":[-76.7611535,39.0168606]}},{"type":"Feature","id":1169,"properties":{"building_id":"cnsmn","floor":2,"id":1169,"metadata":{"category":"room","keywords":["CNSMN-3131 - Natural Science Faculty Office"]},"name":"CNSMN-3131 - Natural Science Faculty Office","type":"room"},"geometry":{"type":"Point","coordinates":[-76.7584765,39.0189956]}},{"type":"Feature","id":1170,"properties":{"building_id":"sc","floor":2,"id":1170,"metadata":{"category":"room","keywords":["SC-3007D - Interview Room D"]},"name":"SC-3007D - Interview Room D","type":"room"},"geometry":{"type":"Point","coordinates":[-76.7582252,39.0176568]}},{"type":"Feature","id":1171,"properties":{"building_id":"cbgs","floor":2,"id":1171,"metadata":{"category":"room"},"name":"CBGS-3100","type":"room"},"geometry":{"type":"Point","coordinates":[-76.7615168,39.0168345]}},{"type":"Feature","id":1172,"properties":{"building_id":"proctor","floor":2,"id":1172,"metadata":{"category":"room","keywords":["JP-331C - OFFICE"]},"name":"JP-331C - OFFICE","type":"room"},"geometry":{"type":"Point","coordinates":[-76.7605,39.0191018]}},{"type":"Feature","id":1173,"properties":{"building_id":"cnsmn","floor":2,"id":1173,"metadata":{"category":"room","keywords":["CNSMN-3115 - Natural Science Faculty Office"]},"name":"CNSMN-3115 - Natural Science Faculty Office","type":"room"},"geometry":{"type":"Point","coordinates":[-76.7583128,39.0190788]}},{"type":"Feature","id":1174,"properties":{"building_id":"proctor","floor":2,"id":1174,"metadata":{"category":"room","keywords":["JP-331V - OFFICE"]},"name":"JP-331V - OFFICE","type":"room"},"geometry":{"type":"Point","coordinates":[-76.7601418,39.0194692]}},{"type":"Feature","id":1175,"properties":{"building_id":"sc","floor":2,"id":1175,"metadata":{"category":"room","keywords":["SC-3008H - COMM SERV"]},"name":"SC-3008H - COMM SERV","type":"room"},"geometry":{"type":"Point","coordinates":[-76.7583443,39.0178433]}},{"type":"Feature","id":1176,"properties":{"building_id":"cbgs","floor":2,"id":1176,"metadata":{"category":"room","keywords":["CBGS-3308 - Dean's Staff Office"]},"name":"CBGS-3308 - Dean's Staff Office","type":"room"},"geometry":{"type":"Point","coordinates":[-76.761236,39.0168651]}},{"type":"Feature","id":1177,"properties":{"building_id":"proctor","floor":2,"id":1177,"metadata":{"category":"room","keywords":["JP-331H - OFFICE"]},"name":"JP-331H - OFFICE","type":"room"},"geometry":{"type":"Point","coordinates":[-76.7603951,39.0192101]}},{"type":"Feature","id":1178,"properties":{"building_id":"mckeldin","floor":0,"id":1178,"metadata":{"category":"non public","keywords":["TM-1000 - Non Public"]},"name":"TM-1000 - Non Public","type":"room"},"geometry":{"type":"Point","coordinates":[-76.7592743,39.0208257]}},{"type":"Feature","id":1179,"properties":{"building_id":"cnsmn","floor":2,"id":1179,"metadata":{"category":"room","keywords":["CNSMN-3135 - Natural Science Faculty Office"]},"name":"CNSMN-3135 - Natural Science Faculty Office","type":"room"},"geometry":{"type":"Point","coordinates":[-76.7584457,39.0189416]}},{"type":"Feature","id":1180,"properties":{"building_id":"sc","floor":2,"id":1180,"metadata":{"category":"room","keywords":["SC-3008C - Multicultural Programs & Services"]},"name":"SC-3008C - Multicultural Programs & Services","type":"room"},"geometry":{"type":"Point","coordinates":[-76.7584507,39.0177335]}},{"type":"Feature","id":1181,"properties":{"building_id":"sc","floor":2,"id":1181,"metadata":{"category":"room","keywords":["SC-3007A - Interview Room A"]},"name":"SC-3007A - Interview Room A","type":"room"},"geometry":{"type":"Point","coordinates":[-76.7582302,39.0177207]}},{"type":"Feature","id":1182,"properties":{"building_id":"sc","floor":2,"id":1182,"metadata":{"category":"room","keywords":["SC-3010C - Student Services Greek Life"]},"name":"SC-3010C - Student Services Greek Life","type":"room"},"geometry":{"type":"Point","coordinates":[-76.7582009,39.0179217]}},{"type":"Feature","id":1183,"properties":{"building_id":"cbgs","floor":2,"id":1183,"metadata":{"category":"room","keywords":["CBGS-3212 - LAB #7"]},"name":"CBGS-3212 - LAB #7","type":"room"},"geometry":{"type":"Point","coordinates":[-76.7617253,39.0170102]}},{"type":"Feature","id":1184,"properties":{"building_id":"sc","floor":2,"id":1184,"metadata":{"category":"room","keywords":["SC-3009 - Copy Center"]},"name":"SC-3009 - Copy Center","type":"room"},"geometry":{"type":"Point","coordinates":[-76.7581895,39.0178372]}},{"type":"Feature","id":1185,"properties":{"building_id":"cbgs","floor":2,"id":1185,"metadata":{"category":"room","keywords":["CBGS-3306 - Faculty Office"]},"name":"CBGS-3306 - Faculty Office","type":"room"},"geometry":{"type":"Point","coordinates":[-76.7612787,39.016846]}},{"type":"Feature","id":1186,"properties":{"building_id":"cbgs","floor":2,"id":1186,"metadata":{"category":"room","keywords":["CBGS-3306 - Faculty Office"]},"name":"CBGS-3306 - Faculty Office","type":"room"},"geometry":{"type":"Point","coordinates":[-76.7616261,39.0170269]}},{"type":"Feature","id":1187,"properties":{"building_id":"proctor","floor":2,"id":1187,"metadata":{"category":"room","keywords":["JP-331B - OFFICE"]},"name":"JP-331B - OFFICE","type":"room"},"geometry":{"type":"Point","coordinates":[-76.7605209,39.0190803]}},{"type":"Feature","id":1188,"properties":{"building_id":"proctor","floor":2,"id":1188,"metadata":{"category":"room","keywords":["JP-323 - OFFICE"]},"name":"JP-323 - OFFICE","type":"room"},"geometry":{"type":"Point","coordinates":[-76.7605998,39.0189935]}},{"type":"Feature","id":1189,"properties":{"building_id":"cbgs","floor":2,"id":1189,"metadata":{"category":"room","keywords":["CBGS-3215 - Classroom #8"]},"name":"CBGS-3215 - Classroom #8","type":"room"},"geometry":{"type":"Point","coordinates":[-76.7618193,39.0170948]}},{"type":"Feature","id":1190,"properties":{"building_id":"cnsmn","floor":2,"id":1190,"metadata":{"category":"room","keywords":["CNSMN-3113 - Natural Science Lounge"]},"name":"CNSMN-3113 - Natural Science Lounge","type":"room"},"geometry":{"type":"Point","coordinates":[-76.7583028,39.0191131]}},{"type":"Feature","id":1191,"properties":{"building_id":"cnsmn","floor":2,"id":1191,"metadata":{"category":"room","keywords":["CNSMN-3117 - Natural Science Faculty Office"]},"name":"CNSMN-3117 - Natural Science Faculty Office","type":"room"},"geometry":{"type":"Point","coordinates":[-76.7583349,39.0190559]}},{"type":"Feature","id":1192,"properties":{"building_id":"cnsmn","floor":2,"id":1192,"metadata":{"category":"room","keywords":["CNSMN-3127 - Natural Science Sec/File Storage"]},"name":"CNSMN-3127 - Natural Science Sec/File Storage","type":"room"},"geometry":{"type":"Point","coordinates":[-76.7584519,39.0190238]}},{"type":"Feature","id":1193,"properties":{"building_id":"proctor","floor":2,"id":1193,"metadata":{"category":"room","keywords":["JP-331L - OFFICE"]},"name":"JP-331L - OFFICE","type":"room"},"geometry":{"type":"Point","coordinates":[-76.7603325,39.0192749]}},{"type":"Feature","id":1194,"properties":{"building_id":"proctor","floor":2,"id":1194,"metadata":{"category":"room","keywords":["JP-322 - OFFICE"]},"name":"JP-322 - OFFICE","type":"room"},"geometry":{"type":"Point","coordinates":[-76.7606258,39.018972]}},{"type":"Feature","id":1195,"properties":{"building_id":"cbgs","floor":2,"id":1195,"metadata":{"category":"room","keywords":["CBGS-3312A - College of Business Dean's Office"]},"name":"CBGS-3312A - College of Business Dean's Office","type":"room"},"geometry":{"type":"Point","coordinates":[-76.7611754,39.0168969]}},{"type":"Feature","id":1196,"properties":{"building_id":"proctor","floor":2,"id":1196,"metadata":{"category":"room","keywords":["JP-331G - OFFICE"]},"name":"JP-331G - OFFICE","type":"room"},"geometry":{"type":"Point","coordinates":[-76.7604139,39.0191841]}},{"type":"Feature","id":1197,"properties":{"building_id":"proctor","floor":2,"id":1197,"metadata":{"category":"room","keywords":["JP-331E - OFFICE"]},"name":"JP-331E - OFFICE","type":"room"},"geometry":{"type":"Point","coordinates":[-76.7604578,39.0191453]}},{"type":"Feature","id":1198,"properties":{"building_id":"proctor","floor":2,"id":1198,"metadata":{"category":"room","keywords":["JP-335 - Reading RM"]},"name":"JP-335 - Reading RM","type":"room"},"geometry":{"type":"Point","coordinates":[-76.7603134,39.0193974]}},{"type":"Feature","id":1199,"properties":{"building_id":"cbgs","floor":2,"id":1199,"metadata":{"category":"room","keywords":["CBGS-3210 - LAB"]},"name":"CBGS-3210 - LAB","type":"room"},"geometry":{"type":"Point","coordinates":[-76.7616699,39.0170275]}},{"type":"Feature","id":1200,"properties":{"building_id":"cbgs","floor":2,"id":1200,"metadata":{"category":"room","keywords":["CBGS-3208 - LAB #5"]},"name":"CBGS-3208 - LAB #5","type":"room"},"geometry":{"type":"Point","coordinates":[-76.7616221,39.0169874]}},{"type":"Feature","id":1201,"properties":{"building_id":"cnsmn","floor":2,"id":1201,"metadata":{"category":"room","keywords":["CNSMN-3141 - Natural Science Faculty Office"]},"name":"CNSMN-3141 - Natural Science Faculty Office","type":"room"},"geometry":{"type":"Point","coordinates":[-76.7585251,39.0189487]}},{"type":"Feature","id":1202,"properties":{"building_id":"sc","floor":2,"id":1202,"metadata":{"category":"room","keywords":["SC-3008K - ASSOC DIR"]},"name":"SC-3008K - ASSOC DIR","type":"room"},"geometry":{"type":"Point","coordinates":[-76.7582984,39.0178907]}},{"type":"Feature","id":1203,"properties":{"building_id":"sc","floor":2,"id":1203,"metadata":{"category":"room","keywords":["SC-3008A - Student Center Administration / Patuxent Conference RM"]},"name":"SC-3008A - Student Center Administration / Patuxent Conference RM","type":"room"},"geometry":{"type":"Point","coordinates":[-76.7582575,39.017761]}},{"type":"Feature","id":1204,"properties":{"building_id":"sc","floor":2,"id":1204,"metadata":{"category":"room","keywords":["SC-3007F - CO-OP Coordinator"]},"name":"SC-3007F - CO-OP Coordinator","type":"room"},"geometry":{"type":"Point","coordinates":[-76.7581568,39.0176475]}},{"type":"Feature","id":1205,"properties":{"building_id":"sc","floor":2,"id":1205,"metadata":{"category":"room","keywords":["SC-3008J -DIR OFFICE"]},"name":"SC-3008J -DIR OFFICE","type":"room"},"geometry":{"type":"Point","coordinates":[-76.7583217,39.0178667]}},{"type":"Feature","id":1206,"properties":{"building_id":"cnsmn","floor":2,"id":1206,"metadata":{"category":"room","keywords":["CNSMN-3112 - MT TA/STUD Faculty Office"]},"name":"CNSMN-3112 - MT TA/STUD Faculty Office","type":"room"},"geometry":{"type":"Point","coordinates":[-76.7585407,39.0190661]}},{"type":"Feature","id":1207,"properties":{"building_id":"proctor","floor":2,"id":1207,"metadata":{"category":"room","keywords":["JP-338A - Observation RM"]},"name":"JP-338A - Observation RM","type":"room"},"geometry":{"type":"Point","coordinates":[-76.7605053,39.0193202]}},{"type":"Feature","id":1208,"properties":{"building_id":"sc","floor":2,"id":1208,"metadata":{"category":"room","keywords":["SC-3007H - Employment Services Manager"]},"name":"SC-3007H - Employment Services Manager","type":"room"},"geometry":{"type":"Point","coordinates":[-76.7581044,39.0176815]}},{"type":"Feature","id":1209,"properties":{"building_id":"proctor","floor":2,"id":1209,"metadata":{"category":"room","keywords":["JP-331A -OFFICE"]},"name":"JP-331A -OFFICE","type":"room"},"geometry":{"type":"Point","coordinates":[-76.7605447,39.0190548]}},{"type":"Feature","id":1210,"properties":{"building_id":"sc","floor":2,"id":1210,"metadata":{"category":"room","keywords":["SC-3007G - INTER ADV"]},"name":"SC-3007G - INTER ADV","type":"room"},"geometry":{"type":"Point","coordinates":[-76.7581306,39.0176661]}},{"type":"Feature","id":1211,"properties":{"building_id":"proctor","floor":2,"id":1211,"metadata":{"category":"room","keywords":["JP-331F - OFFICE"]},"name":"JP-331F - OFFICE","type":"room"},"geometry":{"type":"Point","coordinates":[-76.7604369,39.0191669]}},{"type":"Feature","id":1212,"properties":{"building_id":"proctor","floor":2,"id":1212,"metadata":{"category":"room","keywords":["JP-331Q - OFFICE"]},"name":"JP-331Q - OFFICE","type":"room"},"geometry":{"type":"Point","coordinates":[-76.7602485,39.0193617]}},{"type":"Feature","id":1213,"properties":{"building_id":"cnsmn","floor":2,"id":1213,"metadata":{"category":"room","keywords":["CNSMN-3145a - Natural Science MOLEC PREP"]},"name":"CNSMN-3145a - Natural Science MOLEC PREP","type":"room"},"geometry":{"type":"Point","coordinates":[-76.7585873,39.0188093]}},{"type":"Feature","id":1214,"properties":{"building_id":"proctor","floor":2,"id":1214,"metadata":{"category":"room","keywords":["JP-331S - OFFICE"]},"name":"JP-331S - OFFICE","type":"room"},"geometry":{"type":"Point","coordinates":[-76.7602065,39.0194051]}},{"type":"Feature","id":1215,"properties":{"building_id":"sc","floor":0,"id":1215,"metadata":{"category":"tenant","keywords":["Food","Saxbys"],"logo":"https://cdn.mappedin.com/61682a65746b9878293ebfeb/f03a54472a115d4778589f332425dc3bef99130a.png"},"name":"SC-SAXBYS","type":"store"},"geometry":{"type":"Point","coordinates":[-76.7581084,39.0179417]}},{"type":"Feature","id":1216,"properties":{"building_id":"mckeldin","floor":0,"id":1216,"metadata":{"category":"non public","keywords":["TM-1002 - Non Public"]},"name":"TM-1002 - Non Public","type":"room"},"geometry":{"type":"Point","coordinates":[-76.759201,39.0208035]}},{"type":"Feature","id":1217,"properties":{"building_id":"proctor","floor":2,"id":1217,"metadata":{"category":"room","keywords":["JP-321 - DIR PROG"]},"name":"JP-321 - DIR PROG","type":"room"},"geometry":{"type":"Point","coordinates":[-76.7606478,39.0189494]}},{"type":"Feature","id":1218,"properties":{"building_id":"proctor","floor":2,"id":1218,"metadata":{"category":"room","keywords":["JP-336 - Bio-Feedback LAB"]},"name":"JP-336 - Bio-Feedback LAB","type":"room"},"geometry":{"type":"Point","coordinates":[-76.7604096,39.0193554]}},{"type":"Feature","id":1219,"properties":{"building_id":"mckeldin","floor":0,"id":1219,"metadata":{"category":"room","keywords":["TM-1005A - Public Safety Reception / Tickets"]},"name":"TM-1005A - Public Safety Reception / Tickets","type":"room"},"geometry":{"type":"Point","coordinates":[-76.7593035,39.0207909]}},{"type":"Feature","id":1220,"properties":{"building_id":"proctor","floor":2,"id":1220,"metadata":{"category":"non public","keywords":["JP-324 - Non Public"]},"name":"JP-324 - Non Public","type":"room"},"geometry":{"type":"Point","coordinates":[-76.7606592,39.0190226]}},{"type":"Feature","id":1221,"properties":{"building_id":"mckeldin","floor":0,"id":1221,"metadata":{"category":"room","keywords":["TM-1005B - OFFICE"]},"name":"TM-1005B - OFFICE","type":"room"},"geometry":{"type":"Point","coordinates":[-76.7593361,39.020762]}},{"type":"Feature","id":1222,"properties":{"building_id":"cnsmn","floor":2,"id":1222,"metadata":{"category":"room","keywords":["CNSMN-3142 - Natural Science Micro Bio LAB #2"]},"name":"CNSMN-3142 - Natural Science Micro Bio LAB #2","type":"room"},"geometry":{"type":"Point","coordinates":[-76.7586968,39.0188846]}},{"type":"Feature","id":1223,"properties":{"building_id":"proctor","floor":2,"id":1223,"metadata":{"category":"room","keywords":["JP-331R - OFFICE"]},"name":"JP-331R - OFFICE","type":"room"},"geometry":{"type":"Point","coordinates":[-76.7602275,39.0193834]}},{"type":"Feature","id":1224,"properties":{"building_id":"sc","floor":2,"id":1224,"metadata":{"category":"room","keywords":["SC-3007B - Interview Room B"]},"name":"SC-3007B - Interview Room B","type":"room"},"geometry":{"type":"Point","coordinates":[-76.7582465,39.0176993]}},{"type":"Feature","id":1225,"properties":{"building_id":"cbgs","floor":2,"id":1225,"metadata":{"category":"room","keywords":["CBGS-3216 - LAB #8"]},"name":"CBGS-3216 - LAB #8","type":"room"},"geometry":{"type":"Point","coordinates":[-76.7618202,39.0170118]}},{"type":"Feature","id":1226,"properties":{"building_id":"mckeldin","floor":0,"id":1226,"metadata":{"category":"room","keywords":["TM-1005C - Investigations"]},"name":"TM-1005C - Investigations","type":"room"},"geometry":{"type":"Point","coordinates":[-76.7593622,39.020735]}},{"type":"Feature","id":1227,"properties":{"building_id":"sc","floor":2,"id":1227,"metadata":{"category":"room","keywords":["SC-3007E - DIR OFFICE"]},"name":"SC-3007E - DIR OFFICE","type":"room"},"geometry":{"type":"Point","coordinates":[-76.7581868,39.0176356]}},{"type":"Feature","id":1228,"properties":{"building_id":"cnsmn","floor":2,"id":1228,"metadata":{"category":"room","keywords":["CNSMN-3140 - Natural Science BIO-Model RM"]},"name":"CNSMN-3140 - Natural Science BIO-Model RM","type":"room"},"geometry":{"type":"Point","coordinates":[-76.7586271,39.018943]}},{"type":"Feature","id":1229,"properties":{"building_id":"cbgs","floor":2,"id":1229,"metadata":{"category":"room","keywords":["CBGS-3301 - Telecom"]},"name":"CBGS-3301 - Telecom","type":"room"},"geometry":{"type":"Point","coordinates":[-76.761273,39.0167784]}},{"type":"Feature","id":1230,"properties":{"building_id":"cnsmn","floor":2,"id":1230,"metadata":{"category":"room","keywords":["CNSMN-3121 - Natural Science Faculty Office"]},"name":"CNSMN-3121 - Natural Science Faculty Office","type":"room"},"geometry":{"type":"Point","coordinates":[-76.7583571,39.019033]}},{"type":"Feature","id":1231,"properties":{"building_id":"proctor","floor":2,"id":1231,"metadata":{"category":"non public","keywords":["JP-341A Non Public"]},"name":"JP-341A Non Public","type":"room"},"geometry":{"type":"Point","coordinates":[-76.7605664,39.0192572]}},{"type":"Feature","id":1232,"properties":{"building_id":"mckeldin","floor":0,"id":1232,"metadata":{"category":"room","keywords":["TM-1005E - OFFICE"]},"name":"TM-1005E - OFFICE","type":"room"},"geometry":{"type":"Point","coordinates":[-76.7594211,39.0206726]}},{"type":"Feature","id":1233,"properties":{"building_id":"proctor","floor":2,"id":1233,"metadata":{"category":"room","keywords":["JP-345 - Computer LAB"]},"name":"JP-345 - Computer LAB","type":"room"},"geometry":{"type":"Point","coordinates":[-76.7607124,39.0192305]}},{"type":"Feature","id":1234,"properties":{"building_id":"proctor","floor":2,"id":1234,"metadata":{"category":"non public","keywords":["JP-346 - Non Public"]},"name":"JP-346 - Non Public","type":"room"},"geometry":{"type":"Point","coordinates":[-76.7606593,39.0192626]}},{"type":"Feature","id":1235,"properties":{"building_id":"mckeldin","floor":0,"id":1235,"metadata":{"category":"room","keywords":["TM-1005F - OFFICE"]},"name":"TM-1005F - OFFICE","type":"room"},"geometry":{"type":"Point","coordinates":[-76.7594061,39.020688]}},{"type":"Feature","id":1236,"properties":{"building_id":"proctor","floor":2,"id":1236,"metadata":{"category":"room","keywords":["JP-347 - IRC MAT DEV CENTER"]},"name":"JP-347 - IRC MAT DEV CENTER","type":"room"},"geometry":{"type":"Point","coordinates":[-76.7606571,39.0192976]}},{"type":"Feature","id":1237,"properties":{"building_id":"mckeldin","floor":0,"id":1237,"metadata":{"category":"room","keywords":["TM-1005H - OFFICE"]},"name":"TM-1005H - OFFICE","type":"room"},"geometry":{"type":"Point","coordinates":[-76.759385,39.0206373]}},{"type":"Feature","id":1238,"properties":{"building_id":"campus","floor":0,"id":1238,"metadata":{"category":"building","keywords":["Center for Business and Graduate Studies"]},"name":"Center for Business and Graduate Studies","type":"building"},"geometry":{"type":"Point","coordinates":[-76.7614487,39.0168317]}},{"type":"Feature","id":1239,"properties":{"building_id":"campus","floor":0,"id":1239,"metadata":{"category":"building"},"name":"William E. Henry Administration Building","type":"building"},"geometry":{"type":"Point","coordinates":[-76.7607552,39.0184598]}},{"type":"Feature","id":1240,"properties":{"building_id":"campus","floor":0,"id":1240,"metadata":{"category":"building"},"name":"James E. Proctor Building","type":"building"},"geometry":{"type":"Point","coordinates":[-76.760383,39.0192413]}},{"type":"Feature","id":1241,"properties":{"building_id":"campus","floor":0,"id":1241,"metadata":{"category":"building"},"name":"Theodore McKeldin Gymnasium","type":"building"},"geometry":{"type":"Point","coordinates":[-76.7591475,39.0205542]}},{"type":"Feature","id":1242,"properties":{"building_id":"campus","floor":0,"id":1242,"metadata":{"category":"building"},"name":"Leonidas S. James Physical Education Complex","type":"building"},"geometry":{"type":"Point","coordinates":[-76.7583726,39.0208511]}},{"type":"Feature","id":1243,"properties":{"building_id":"campus","floor":0,"id":1243,"metadata":{"category":"building","keywords":["Center for Natural Sciences, Mathematics and Nursing"]},"name":"Center for Natural Sciences, Mathematics and Nursing","type":"building"},"geometry":{"type":"Point","coordinates":[-76.7592115,39.0187022]}},{"type":"Feature","id":1244,"properties":{"building_id":"campus","floor":0,"id":1244,"metadata":{"category":"building"},"name":"Thurgood Marshall Library","type":"building"},"geometry":{"type":"Point","coordinates":[-76.7596113,39.018189]}},{"type":"Feature","id":1245,"properties":{"building_id":"campus","floor":0,"id":1245,"metadata":{"category":"building"},"name":"Student Center","type":"building"},"geometry":{"type":"Point","coordinates":[-76.7582355,39.0176478]}},{"type":"Feature","id":1246,"properties":{"building_id":"campus","floor":0,"id":1246,"metadata":{"category":"building"},"name":"Computer Science Building","type":"building"},"geometry":{"type":"Point","coordinates":[-76.7594449,39.0172932]}},{"type":"Feature","id":1247,"properties":{"building_id":"campus","floor":0,"id":1247,"metadata":{"category":"building"},"name":"Fine & Performing Arts Center","type":"building"},"geometry":{"type":"Point","coordinates":[-76.7585469,39.0162467]}},{"type":"Feature","id":1248,"properties":{"building_id":"campus","floor":0,"id":1248,"metadata":{"category":"building"},"name":"Facilities Management Building","type":"building"},"geometry":{"type":"Point","coordinates":[-76.7570807,39.017987]}},{"type":"Feature","id":1249,"properties":{"building_id":"campus","floor":0,"id":1249,"metadata":{"category":"building","keywords":["Charlotte Robinson Hall"]},"name":"Charlotte Robinson Hall","type":"building"},"geometry":{"type":"Point","coordinates":[-76.7598488,39.0165543]}},{"type":"Feature","id":1250,"properties":{"building_id":"campus","floor":0,"id":1250,"metadata":{"category":"tenant"},"name":"Harriet Tubman Residence Hall","type":"store"},"geometry":{"type":"Point","coordinates":[-76.7598685,39.0199258]}},{"type":"Feature","id":1251,"properties":{"building_id":"campus","floor":0,"id":1251,"metadata":{"category":"tenant"},"name":"Goodloe Apartments","type":"store"},"geometry":{"type":"Point","coordinates":[-76.7577872,39.0158243]}},{"type":"Feature","id":1252,"properties":{"building_id":"campus","floor":0,"id":1252,"metadata":{"category":"tenant","keywords":["CMRC","Henry Wise Wellness Center"]},"name":"Christa McAuliffe Residential Community","type":"store"},"geometry":{"type":"Point","coordinates":[-76.7577445,39.0189859]}},{"type":"Feature","id":1253,"properties":{"building_id":"campus","floor":0,"id":1253,"metadata":{"category":"tenant"},"name":"Alex Haley Residence Hall","type":"store"},"geometry":{"type":"Point","coordinates":[-76.7569979,39.0198186]}},{"type":"Feature","id":1254,"properties":{"building_id":"campus","floor":0,"id":1254,"metadata":{"category":"tenant"},"name":"Towers Residence Hall","type":"store"},"geometry":{"type":"Point","coordinates":[-76.7574294,39.0202556]}},{"type":"Feature","id":1255,"properties":{"building_id":"campus","floor":0,"id":1255,"metadata":{"category":"tenant"},"name":"Dwight Holmes Residence Hall","type":"store"},"geometry":{"type":"Point","coordinates":[-76.7578644,39.0197886]}},{"type":"Feature","id":1256,"properties":{"building_id":"campus","floor":0,"id":1256,"metadata":{"category":"tenant"},"name":"Lucretia Kennard Residence Hall","type":"store"},"geometry":{"type":"Point","coordinates":[-76.7586935,39.0196422]}},{"type":"Feature","id":1257,"properties":{"building_id":"campus","floor":0,"id":1257,"metadata":{"category":"tenant"},"name":"Parking Lot A","type":"store"},"geometry":{"type":"Point","coordinates":[-76.7624288,39.0167782]}},{"type":"Feature","id":1258,"properties":{"building_id":"campus","floor":0,"id":1258,"metadata":{"category":"tenant"},"name":"Parking Lot B","type":"store"},"geometry":{"type":"Point","coordinates":[-76.7626363,39.0173339]}},{"type":"Feature","id":1259,"properties":{"building_id":"campus","floor":0,"id":1259,"metadata":{"category":"tenant"},"name":"Parking Lot C","type":"store"},"geometry":{"type":"Point","coordinates":[-76.7630882,39.0176835]}},{"type":"Feature","id":1260,"properties":{"building_id":"campus","floor":0,"id":1260,"metadata":{"category":"tenant"},"name":"Parking Lot G","type":"store"},"geometry":{"type":"Point","coordinates":[-76.7613591,39.0195057]}},{"type":"Feature","id":1261,"properties":{"building_id":"campus","floor":0,"id":1261,"metadata":{"category":"tenant"},"name":"Parking Lot H","type":"store"},"geometry":{"type":"Point","coordinates":[-76.7598324,39.0211804]}},{"type":"Feature","id":1262,"properties":{"building_id":"campus","floor":0,"id":1262,"metadata":{"category":"tenant"},"name":"Parking Lot I","type":"store"},"geometry":{"type":"Point","coordinates":[-76.7589452,39.0225605]}},{"type":"Feature","id":1263,"properties":{"building_id":"campus","floor":0,"id":1263,"metadata":{"category":"tenant"},"name":"Parking Lot J","type":"store"},"geometry":{"type":"Point","coordinates":[-76.7582508,39.0221924]}},{"type":"Feature","id":1264,"properties":{"building_id":"campus","floor":0,"id":1264,"metadata":{"category":"tenant"},"name":"Parking Lot K","type":"store"},"geometry":{"type":"Point","coordinates":[-76.7579908,39.0155439]}},{"type":"Feature","id":1265,"properties":{"building_id":"campus","floor":0,"id":1265,"metadata":{"category":"tenant"},"name":"Parking Lot L","type":"store"},"geometry":{"type":"Point","coordinates":[-76.7567631,39.0162691]}},{"type":"Feature","id":1266,"properties":{"building_id":"campus","floor":0,"id":1266,"metadata":{"category":"tenant"},"name":"Parking Lot M","type":"store"},"geometry":{"type":"Point","coordinates":[-76.7589909,39.0170736]}},{"type":"Feature","id":1267,"properties":{"building_id":"campus","floor":0,"id":1267,"metadata":{"category":"tenant"},"name":"Parking Lot N","type":"store"},"geometry":{"type":"Point","coordinates":[-76.7578724,39.0168249]}},{"type":"Feature","id":1268,"properties":{"building_id":"campus","floor":0,"id":1268,"metadata":{"category":"tenant"},"name":"Parking Lot O","type":"store"},"geometry":{"type":"Point","coordinates":[-76.7574006,39.0172427]}},{"type":"Feature","id":1269,"properties":{"building_id":"campus","floor":0,"id":1269,"metadata":{"category":"tenant"},"name":"Parking Lot P","type":"store"},"geometry":{"type":"Point","coordinates":[-76.7575323,39.0183654]}},{"type":"Feature","id":1270,"properties":{"building_id":"campus","floor":0,"id":1270,"metadata":{"category":"tenant"},"name":"Parking Lot Q","type":"store"},"geometry":{"type":"Point","coordinates":[-76.756961,39.0190309]}},{"type":"Feature","id":1271,"properties":{"building_id":"campus","floor":0,"id":1271,"metadata":{"category":"tenant"},"name":"Parking Lot RC","type":"store"},"geometry":{"type":"Point","coordinates":[-76.7601212,39.0162174]}},{"type":"Feature","id":1272,"properties":{"building_id":"campus","floor":0,"id":1272,"metadata":{"category":"tenant"},"name":"Parking Lot S","type":"store"},"geometry":{"type":"Point","coordinates":[-76.7609053,39.0152702]}},{"type":"Feature","id":1273,"properties":{"building_id":"campus","floor":0,"id":1273,"metadata":{"category":"tenant"},"name":"MARC Parking","type":"store"},"geometry":{"type":"Point","coordinates":[-76.7635071,39.0173154]}},{"type":"Feature","id":1274,"properties":{"building_id":"lib","floor":-1,"id":1274,"metadata":{"category":"room","keywords":["IT Service Desk","Help Desk","IT","Service Desk"],"description":"IT Service Desk/Help Desk\n\nHours of Operation:\n\nFall and Spring\nMonday – Thursday - 8:00 AM — 10:00 PM\nFriday - 8:00 AM — 5:00 PM\nSaturday - 9:00 AM – 6:00 PM\nSunday - 9:00 AM — 6:00 PM\n\nWinter and Summer\nMonday – Thursday - 8:00 AM — 8:00 PM\nFriday - 8:00 AM — 5:00 PM\nSaturday - 9:00 AM – 6:00 PM\nSunday - CLOSED","phone":"301-860-4357"},"name":"LIB-090J - IT Service Desk","type":"room"},"geometry":{"type":"Point","coordinates":[-76.7595918,39.0183136]}},{"type":"Feature","id":1275,"properties":{"building_id":"lib","floor":-1,"id":1275,"metadata":{"category":"room","keywords":["Nutrition Lounge","LIB-NL - Nutrition Lounge"],"description":"Nutrition Lounge:\nDonation drop-offs are accepted every Wednesday during operating hours.","openHours":{"Monday":[["09:00","15:00"]],"Tuesday":[["09:00","15:00"]],"Wednesday":[["09:00","15:00"]],"Thursday":[["09:00","15:00"]],"Friday":[["09:00","15:00"]]}},"name":"LIB-NL - Nutrition Lounge","type":"room"},"geometry":{"type":"Point","coordinates":[-76.7600297,39.0183667]}},{"type":"Feature","id":1276,"properties":{"building_id":"lib","floor":1,"id":1276,"metadata":{"category":"room","keywords":["LIB-2211 - Library Administrative Office Suite"],"description":"Library Administration Office Suite"},"name":"LIB-2211 - Library Administrative Office Suite","type":"room"},"geometry":{"type":"Point","coordinates":[-76.7600669,39.0182984]}},{"type":"Feature","id":1277,"properties":{"building_id":"james-complex","floor":0,"id":1277,"metadata":{"category":"room","keywords":["Swimming Pool","Pool","Swim","LSJPEC-P - Swimming Pool"],"description":"Swimming Pool"},"name":"LSJPEC-P - Swimming Pool","type":"room"},"geometry":{"type":"Point","coordinates":[-76.7581714,39.0206431]}},{"type":"Feature","id":1278,"properties":{"building_id":"james-complex","floor":0,"id":1278,"metadata":{"category":"room","keywords":["LSJPEC-122 - Classroom"]},"name":"LSJPEC-122 - Classroom","type":"room"},"geometry":{"type":"Point","coordinates":[-76.7581763,39.02044]}},{"type":"Feature","id":1279,"properties":{"building_id":"james-complex","floor":0,"id":1279,"metadata":{"category":"room","keywords":["LSJPEC-102 - Classroom"]},"name":"LSJPEC-102 - Classroom","type":"room"},"geometry":{"type":"Point","coordinates":[-76.7583079,39.0207657]}},{"type":"Feature","id":1280,"properties":{"building_id":"james-complex","floor":0,"id":1280,"metadata":{"category":"room","keywords":["basketball courts","basketball","LSJPEC-BB - Basketball Courts"]},"name":"LSJPEC-BB - Basketball Courts","type":"room"},"geometry":{"type":"Point","coordinates":[-76.7586005,39.0209599]}},{"type":"Feature","id":1281,"properties":{"building_id":"james-complex","floor":-1,"id":1281,"metadata":{"category":"room","keywords":["racquetball courts","racquetball","LSJPEC-RC - Racquetball / Handball Courts"]},"name":"LSJPEC-RC - Racquetball / Handball Courts","type":"room"},"geometry":{"type":"Point","coordinates":[-76.7584626,39.0212985]}},{"type":"Feature","id":1282,"properties":{"building_id":"james-complex","floor":-1,"id":1282,"metadata":{"category":"room","keywords":["racquetball courts","racquetball","LSJPEC-RC - Racquetball / Handball Courts"]},"name":"LSJPEC-RC - Racquetball / Handball Courts","type":"room"},"geometry":{"type":"Point","coordinates":[-76.7584032,39.0212638]}},{"type":"Feature","id":1283,"properties":{"building_id":"james-complex","floor":-1,"id":1283,"metadata":{"category":"room","keywords":["racquetball courts","racquetball","LSJPEC-RC - Racquetball / Handball Courts"]},"name":"LSJPEC-RC - Racquetball / Handball Courts","type":"room"},"geometry":{"type":"Point","coordinates":[-76.7583438,39.0212291]}},{"type":"Feature","id":1284,"properties":{"building_id":"james-complex","floor":-1,"id":1284,"metadata":{"category":"room","keywords":["racquetball courts","racquetball","LSJPEC-RC - Racquetball / Handball Courts"]},"name":"LSJPEC-RC - Racquetball / Handball Courts","type":"room"},"geometry":{"type":"Point","coordinates":[-76.7582845,39.0211944]}},{"type":"Feature","id":1285,"properties":{"building_id":"james-complex","floor":-1,"id":1285,"metadata":{"category":"room","keywords":["racquetball courts","racquetball","LSJPEC-RC - Racquetball / Handball Courts"]},"name":"LSJPEC-RC - Racquetball / Handball Courts","type":"room"},"geometry":{"type":"Point","coordinates":[-76.758225,39.0211596]}},{"type":"Feature","id":1286,"properties":{"building_id":"james-complex","floor":-1,"id":1286,"metadata":{"category":"room","keywords":["racquetball courts","racquetball","LSJPEC-RC - Racquetball / Handball Courts"]},"name":"LSJPEC-RC - Racquetball / Handball Courts","type":"room"},"geometry":{"type":"Point","coordinates":[-76.7581654,39.0211248]}},{"type":"Feature","id":1287,"properties":{"building_id":"james-complex","floor":-1,"id":1287,"metadata":{"category":"room","keywords":["racquetball courts","racquetball","LSJPEC-RC - Racquetball / Handball Courts"]},"name":"LSJPEC-RC - Racquetball / Handball Courts","type":"room"},"geometry":{"type":"Point","coordinates":[-76.758106,39.02109]}},{"type":"Feature","id":1288,"properties":{"building_id":"james-complex","floor":-1,"id":1288,"metadata":{"category":"room","keywords":["racquetball courts","racquetball","LSJPEC-RC - Racquetball / Handball Courts"]},"name":"LSJPEC-RC - Racquetball / Handball Courts","type":"room"},"geometry":{"type":"Point","coordinates":[-76.7580462,39.0210551]}},{"type":"Feature","id":1289,"properties":{"building_id":"campus","floor":0,"id":1289,"metadata":{"category":"building","keywords":["ELLC"]},"name":"Entrepreneurship Living and Learning Community","type":"building"},"geometry":{"type":"Point","coordinates":[-76.7608728,39.0155893]}},{"type":"Feature","id":1290,"properties":{"building_id":"ellc","floor":0,"id":1290,"metadata":{"category":"room","keywords":["Marketplace","Lounge","Food","Marketplace Lounge"]},"name":"ELLC - A100 - Marketplace Lounge","type":"room"},"geometry":{"type":"Point","coordinates":[-76.7611702,39.0156634]}},{"type":"Feature","id":1291,"properties":{"building_id":"ellc","floor":0,"id":1291,"metadata":{"category":"room","keywords":["ELLC -  A103 - Multipurpose Room"]},"name":"ELLC -  A103 - Multipurpose Room","type":"room"},"geometry":{"type":"Point","coordinates":[-76.7609527,39.0155884]}},{"type":"Feature","id":1292,"properties":{"building_id":"ellc","floor":0,"id":1292,"metadata":{"category":"non public","keywords":["ELLC - A104 - Storage"]},"name":"ELLC - A104 - Storage","type":"room"},"geometry":{"type":"Point","coordinates":[-76.760842,39.0156189]}},{"type":"Feature","id":1293,"properties":{"building_id":"ellc","floor":0,"id":1293,"metadata":{"category":"non public","keywords":["ELLC - A108 - Hatchery"]},"name":"ELLC - A108 - Hatchery","type":"room"},"geometry":{"type":"Point","coordinates":[-76.7608061,39.0155721]}},{"type":"Feature","id":1294,"properties":{"building_id":"ellc","floor":0,"id":1294,"metadata":{"category":"room","keywords":["ELLC - A109 - Makerspace"]},"name":"ELLC - A109 - Makerspace","type":"room"},"geometry":{"type":"Point","coordinates":[-76.7607308,39.0155752]}},{"type":"Feature","id":1295,"properties":{"building_id":"ellc","floor":0,"id":1295,"metadata":{"category":"room","keywords":["ELLC - A110 - Conference"]},"name":"ELLC - A110 - Conference","type":"room"},"geometry":{"type":"Point","coordinates":[-76.7607335,39.0155248]}},{"type":"Feature","id":1296,"properties":{"building_id":"ellc","floor":0,"id":1296,"metadata":{"category":"room","keywords":["ELLC - A111 - Incubator"]},"name":"ELLC - A111 - Incubator","type":"room"},"geometry":{"type":"Point","coordinates":[-76.7606831,39.0155079]}},{"type":"Feature","id":1297,"properties":{"building_id":"ellc","floor":0,"id":1297,"metadata":{"category":"room","keywords":["ELLC - A112 - Incubator"]},"name":"ELLC - A112 - Incubator","type":"room"},"geometry":{"type":"Point","coordinates":[-76.7606363,39.0154992]}},{"type":"Feature","id":1298,"properties":{"building_id":"ellc","floor":0,"id":1298,"metadata":{"category":"amenities"},"name":"Unisex Restroom","type":"amenity"},"geometry":{"type":"Point","coordinates":[-76.7606136,39.0155223]}},{"type":"Feature","id":1299,"properties":{"building_id":"ellc","floor":0,"id":1299,"metadata":{"category":"room","keywords":["ELLC - A114 - Phone Booth"]},"name":"ELLC - A114 - Phone Booth","type":"room"},"geometry":{"type":"Point","coordinates":[-76.7606303,39.0155402]}},{"type":"Feature","id":1300,"properties":{"building_id":"ellc","floor":0,"id":1300,"metadata":{"category":"room","keywords":["ELLC - A116 - MDF"]},"name":"ELLC - A116 - MDF","type":"room"},"geometry":{"type":"Point","coordinates":[-76.7606235,39.015567]}},{"type":"Feature","id":1301,"properties":{"building_id":"ellc","floor":0,"id":1301,"metadata":{"category":"room","keywords":["ELLC - A117 - Copy / WORKSPACE AREA"]},"name":"ELLC - A117 - Copy / WORKSPACE AREA","type":"room"},"geometry":{"type":"Point","coordinates":[-76.7606016,39.0155496]}},{"type":"Feature","id":1302,"properties":{"building_id":"ellc","floor":0,"id":1302,"metadata":{"category":"room","keywords":["ELLC - A118 - Counselor"]},"name":"ELLC - A118 - Counselor","type":"room"},"geometry":{"type":"Point","coordinates":[-76.7605655,39.0155511]}},{"type":"Feature","id":1303,"properties":{"building_id":"ellc","floor":0,"id":1303,"metadata":{"category":"room","keywords":["ELLC - A119 - Counselor"]},"name":"ELLC - A119 - Counselor","type":"room"},"geometry":{"type":"Point","coordinates":[-76.760579,39.0155296]}},{"type":"Feature","id":1304,"properties":{"building_id":"ellc","floor":0,"id":1304,"metadata":{"category":"room","keywords":["ELLC - A120 - BIC Lobby"]},"name":"ELLC - A120 - BIC Lobby","type":"room"},"geometry":{"type":"Point","coordinates":[-76.7605171,39.0155298]}},{"type":"Feature","id":1305,"properties":{"building_id":"ellc","floor":0,"id":1305,"metadata":{"category":"room","keywords":["ELLC - A122 - Incubator"]},"name":"ELLC - A122 - Incubator","type":"room"},"geometry":{"type":"Point","coordinates":[-76.7604676,39.0155249]}},{"type":"Feature","id":1306,"properties":{"building_id":"ellc","floor":0,"id":1306,"metadata":{"category":"room","keywords":["ELLC - A121 - Incubator"]},"name":"ELLC - A121 - Incubator","type":"room"},"geometry":{"type":"Point","coordinates":[-76.7604766,39.0155043]}},{"type":"Feature","id":1307,"properties":{"building_id":"ellc","floor":0,"id":1307,"metadata":{"category":"room","keywords":["ELLC - A123 -Incubator"]},"name":"ELLC - A123 -Incubator","type":"room"},"geometry":{"type":"Point","coordinates":[-76.7604365,39.0155055]}},{"type":"Feature","id":1308,"properties":{"building_id":"ellc","floor":0,"id":1308,"metadata":{"category":"room","keywords":["ELLC - A131 - BIC Office"]},"name":"ELLC - A131 - BIC Office","type":"room"},"geometry":{"type":"Point","coordinates":[-76.7604198,39.0155552]}},{"type":"Feature","id":1309,"properties":{"building_id":"ellc","floor":0,"id":1309,"metadata":{"category":"room","keywords":["ELLC - A130 - BIC Office"]},"name":"ELLC - A130 - BIC Office","type":"room"},"geometry":{"type":"Point","coordinates":[-76.7604576,39.0155651]}},{"type":"Feature","id":1310,"properties":{"building_id":"ellc","floor":0,"id":1310,"metadata":{"category":"room","keywords":["ELLC - A129 - BIC Office"]},"name":"ELLC - A129 - BIC Office","type":"room"},"geometry":{"type":"Point","coordinates":[-76.7604959,39.0155752]}},{"type":"Feature","id":1311,"properties":{"building_id":"ellc","floor":0,"id":1311,"metadata":{"category":"room","keywords":["ELLC - A128 - Shared Meeting"]},"name":"ELLC - A128 - Shared Meeting","type":"room"},"geometry":{"type":"Point","coordinates":[-76.760533,39.015585]}},{"type":"Feature","id":1312,"properties":{"building_id":"ellc","floor":0,"id":1312,"metadata":{"category":"room","keywords":["ELLC - A127 -EA Office"]},"name":"ELLC - A127 -EA Office","type":"room"},"geometry":{"type":"Point","coordinates":[-76.7605707,39.0155949]}},{"type":"Feature","id":1313,"properties":{"building_id":"ellc","floor":0,"id":1313,"metadata":{"category":"room","keywords":["ELLC - A126 - EA Office"]},"name":"ELLC - A126 - EA Office","type":"room"},"geometry":{"type":"Point","coordinates":[-76.7606111,39.0156055]}},{"type":"Feature","id":1314,"properties":{"building_id":"ellc","floor":0,"id":1314,"metadata":{"category":"room","keywords":["ELLC - A125 - EA Office"]},"name":"ELLC - A125 - EA Office","type":"room"},"geometry":{"type":"Point","coordinates":[-76.7606512,39.015616]}},{"type":"Feature","id":1315,"properties":{"building_id":"ellc","floor":0,"id":1315,"metadata":{"category":"room","keywords":["ELLC - AU101 - Electrical"]},"name":"ELLC - AU101 - Electrical","type":"room"},"geometry":{"type":"Point","coordinates":[-76.7606814,39.015624]}},{"type":"Feature","id":1316,"properties":{"building_id":"ellc","floor":0,"id":1316,"metadata":{"category":"room","keywords":["ELLC - A124 - EA Office"]},"name":"ELLC - A124 - EA Office","type":"room"},"geometry":{"type":"Point","coordinates":[-76.7607089,39.0156312]}},{"type":"Feature","id":1317,"properties":{"building_id":"ellc","floor":0,"id":1317,"metadata":{"category":"room","keywords":["ELLC - A101 - Vestibule"]},"name":"ELLC - A101 - Vestibule","type":"room"},"geometry":{"type":"Point","coordinates":[-76.7608769,39.0156958]}},{"type":"Feature","id":1318,"properties":{"building_id":"ellc","floor":0,"id":1318,"metadata":{"category":"room","keywords":["ELLC - BIC Reception"]},"name":"ELLC - BIC Reception","type":"room"},"geometry":{"type":"Point","coordinates":[-76.7609139,39.0156675]}},{"type":"Feature","id":1319,"properties":{"building_id":"campus","floor":0,"id":1319,"metadata":{"category":"amenities"},"name":"Bulldog Football Stadium","type":"amenity"},"geometry":{"type":"Point","coordinates":[-76.7549451,39.0219821]}},{"type":"Feature","id":1320,"properties":{"building_id":"campus","floor":0,"id":1320,"metadata":{"category":"amenities"},"name":"Softball Field","type":"amenity"},"geometry":{"type":"Point","coordinates":[-76.7563624,39.0218996]}},{"type":"Feature","id":1321,"properties":{"building_id":"campus","floor":0,"id":1321,"metadata":{"category":"amenities"},"name":"Track and Field","type":"amenity"},"geometry":{"type":"Point","coordinates":[-76.7574669,39.0214137]}},{"type":"Feature","id":1322,"properties":{"building_id":"campus","floor":0,"id":1322,"metadata":{"category":"amenities"},"name":"Tennis Courts","type":"amenity"},"geometry":{"type":"Point","coordinates":[-76.7562232,39.0206748]}},{"type":"Feature","id":1323,"properties":{"building_id":"campus","floor":0,"id":1323,"metadata":{"category":"amenities"},"name":"Basketball Courts","type":"amenity"},"geometry":{"type":"Point","coordinates":[-76.7557007,39.0206209]}},{"type":"Feature","id":1324,"properties":{"building_id":"cbgs","floor":0,"id":1324,"metadata":{"category":"room","keywords":["Data Analytics Research Trading & Technology Lab (DARTT LAB) (CBGS - 1100)"]},"name":"CBGS -1100 - DARTT LAB","type":"room"},"geometry":{"type":"Point","coordinates":[-76.7615328,39.0168365]}},{"type":"Feature","id":1325,"properties":{"building_id":"campus","floor":0,"id":1325,"metadata":{"category":"building"},"name":"Martin Luther King, Jr. Center","type":"building"},"geometry":{"type":"Point","coordinates":[-76.7620467,39.0186575]}},{"type":"Feature","id":1326,"properties":{"building_id":"lib","floor":1,"id":1326,"metadata":{"category":"room","keywords":["LIB-244A - DoIT Main Office"]},"name":"LIB-244A - DoIT Main Office","type":"room"},"geometry":{"type":"Point","coordinates":[-76.759213,39.0181871]}},{"type":"Feature","id":1327,"properties":{"building_id":"campus","floor":0,"id":1327,"metadata":{"category":"amenities","logo":"https://cdn.mappedin.com/61682a65746b9878293ebfeb/9ddfc5c9cd24d9fbca58f1e61af5f5700fa07a0a.gif"},"name":"Electric Vehicle Charging Stations","type":"amenity"},"geometry":{"type":"Point","coordinates":[-76.7613591,39.0195057]}},{"type":"Feature","id":1328,"properties":{"building_id":"campus","floor":0,"id":1328,"metadata":{"category":"amenities","logo":"https://cdn.mappedin.com/61682a65746b9878293ebfeb/9ddfc5c9cd24d9fbca58f1e61af5f5700fa07a0a.gif"},"name":"Electric Vehicle Charging Stations","type":"amenity"},"geometry":{"type":"Point","coordinates":[-76.7589452,39.0225605]}},{"type":"Feature","id":1329,"properties":{"building_id":"campus","floor":0,"id":1329,"metadata":{"category":"amenities","logo":"https://cdn.mappedin.com/61682a65746b9878293ebfeb/9ddfc5c9cd24d9fbca58f1e61af5f5700fa07a0a.gif"},"name":"Electric Vehicle Charging Stations","type":"amenity"},"geometry":{"type":"Point","coordinates":[-76.7609053,39.0152702]}},{"type":"Feature","id":1330,"properties":{"building_id":"campus","floor":0,"id":1330,"metadata":{"category":"amenities","logo":"https://cdn.mappedin.com/61682a65746b9878293ebfeb/9ddfc5c9cd24d9fbca58f1e61af5f5700fa07a0a.gif"},"name":"Electric Vehicle Charging Stations","type":"amenity"},"geometry":{"type":"Point","coordinates":[-76.7579908,39.0155439]}},{"type":"Feature","id":1331,"properties":{"building_id":"lib","floor":0,"id":1331,"metadata":{"category":"amenities"},"name":"Phone charging stations","type":"amenity"},"geometry":{"type":"Point","coordinates":[-76.7601194,39.0182886]}},{"type":"Feature","id":1332,"properties":{"building_id":"ellc","floor":0,"id":1332,"metadata":{"category":"amenities","logo":"https://cdn.mappedin.com/61682a65746b9878293ebfeb/601db020d2e9801786555684fd3129c2e70370dc.png"},"name":"Bulldog Print Station","type":"amenity"},"geometry":{"type":"Point","coordinates":[-76.7611024,39.0156174]}},{"type":"Feature","id":1333,"properties":{"building_id":"campus","floor":0,"id":1333,"metadata":{"category":"building","keywords":["ELLC"]},"name":"Entrepreneurship Living and Learning Community Residence Hall","type":"building"},"geometry":{"type":"Point","coordinates":[-76.7619156,39.0152916]}},{"type":"Feature","id":1334,"properties":{"building_id":"campus","floor":0,"id":1334,"metadata":{"category":"tenant"},"name":"Counseling Services Center","type":"store"},"geometry":{"type":"Point","coordinates":[-76.7580032,39.0159197]}}]}
