{"type":"FeatureCollection","features":[{"type":"Feature","properties":{"access_type":"public","from_level_id":null,"is_accessible":true,"level_id":-1,"network_type":"corridor","to_level_id":null,"vertical_connection_id":null,"building_id":"default","building_name":"Default"},"geometry":{"type":"LineString","coordinates":[[-79.379971254,43.652529364],[-79.379923534,43.652572977]]}},{"type":"Feature","properties":{"access_type":"public","from_level_id":null,"is_accessible":true,"level_id":-1,"network_type":"corridor","to_level_id":null,"vertical_connection_id":null,"building_id":"default","building_name":"Default"},"geometry":{"type":"LineString","coordinates":[[-79.379971254,43.652529364],[-79.379954126,43.652519938]]}},{"type":"Feature","properties":{"access_type":"public","from_level_id":null,"is_accessible":true,"level_id":-1,"network_type":"corridor","to_level_id":null,"vertical_connection_id":null,"building_id":"default","building_name":"Default"},"geometry":{"type":"LineString","coordinates":[[-79.379971254,43.652529364],[-79.379980497,43.652550246]]}},{"type":"Feature","properties":{"access_type":"public","from_level_id":null,"is_accessible":true,"level_id":-1,"network_type":"corridor","to_level_id":null,"vertical_connection_id":null,"building_id":"default","building_name":"Default"},"geometry":{"type":"LineString","coordinates":[[-79.380069111,43.652762608],[-79.380047723,43.65271163]]}},{"type":"Feature","properties":{"access_type":"public","from_level_id":null,"is_accessible":true,"level_id":-1,"network_type":"corridor","to_level_id":null,"vertical_connection_id":null,"building_id":"default","building_name":"Default"},"geometry":{"type":"LineString","coordinates":[[-79.380069111,43.652762608],[-79.379963759,43.652785427]]}},{"type":"Feature","properties":{"access_type":"public","from_level_id":null,"is_accessible":true,"level_id":-1,"network_type":"corridor","to_level_id":null,"vertical_connection_id":null,"building_id":"default","building_name":"Default"},"geometry":{"type":"LineString","coordinates":[[-79.380069111,43.652762608],[-79.380086331,43.652804389]]}},{"type":"Feature","properties":{"access_type":"public","from_level_id":null,"is_accessible":true,"level_id":-1,"network_type":"corridor","to_level_id":null,"vertical_connection_id":null,"building_id":"default","building_name":"Default"},"geometry":{"type":"LineString","coordinates":[[-79.380547176,43.653399095],[-79.380530123,43.653356928]]}},{"type":"Feature","properties":{"access_type":"public","from_level_id":null,"is_accessible":true,"level_id":-1,"network_type":"corridor","to_level_id":null,"vertical_connection_id":null,"building_id":"default","building_name":"Default"},"geometry":{"type":"LineString","coordinates":[[-79.380547176,43.653399095],[-79.380324352,43.653448062]]}},{"type":"Feature","properties":{"access_type":"public","from_level_id":null,"is_accessible":true,"level_id":-1,"network_type":"corridor","to_level_id":null,"vertical_connection_id":null,"building_id":"default","building_name":"Default"},"geometry":{"type":"LineString","coordinates":[[-79.380547176,43.653399095],[-79.380573737,43.653463708]]}},{"type":"Feature","properties":{"access_type":"public","from_level_id":null,"is_accessible":true,"level_id":-1,"network_type":"corridor","to_level_id":null,"vertical_connection_id":null,"building_id":"default","building_name":"Default"},"geometry":{"type":"LineString","coordinates":[[-79.380444358,43.653151789],[-79.380420534,43.653094806]]}},{"type":"Feature","properties":{"access_type":"public","from_level_id":null,"is_accessible":true,"level_id":-1,"network_type":"corridor","to_level_id":null,"vertical_connection_id":null,"building_id":"default","building_name":"Default"},"geometry":{"type":"LineString","coordinates":[[-79.380444358,43.653151789],[-79.380370152,43.653168716]]}},{"type":"Feature","properties":{"access_type":"public","from_level_id":null,"is_accessible":true,"level_id":-1,"network_type":"corridor","to_level_id":null,"vertical_connection_id":null,"building_id":"default","building_name":"Default"},"geometry":{"type":"LineString","coordinates":[[-79.380444358,43.653151789],[-79.380463879,43.653197318]]}},{"type":"Feature","properties":{"access_type":"public","from_level_id":null,"is_accessible":true,"level_id":-1,"network_type":"corridor","to_level_id":null,"vertical_connection_id":null,"building_id":"default","building_name":"Default"},"geometry":{"type":"LineString","coordinates":[[-79.380066919,43.653723517],[-79.380123072,43.653710346]]}},{"type":"Feature","properties":{"access_type":"public","from_level_id":null,"is_accessible":true,"level_id":-1,"network_type":"corridor","to_level_id":null,"vertical_connection_id":null,"building_id":"default","building_name":"Default"},"geometry":{"type":"LineString","coordinates":[[-79.380066919,43.653723517],[-79.380075738,43.653748202]]}},{"type":"Feature","properties":{"access_type":"public","from_level_id":null,"is_accessible":true,"level_id":-1,"network_type":"corridor","to_level_id":null,"vertical_connection_id":null,"building_id":"default","building_name":"Default"},"geometry":{"type":"LineString","coordinates":[[-79.380324352,43.653448062],[-79.380262973,43.653462243]]}},{"type":"Feature","properties":{"access_type":"public","from_level_id":null,"is_accessible":true,"level_id":-1,"network_type":"corridor","to_level_id":null,"vertical_connection_id":null,"building_id":"default","building_name":"Default"},"geometry":{"type":"LineString","coordinates":[[-79.380324352,43.653448062],[-79.380307846,43.653408815]]}},{"type":"Feature","properties":{"access_type":"public","from_level_id":null,"is_accessible":true,"level_id":-1,"network_type":"corridor","to_level_id":null,"vertical_connection_id":null,"building_id":"default","building_name":"Default"},"geometry":{"type":"LineString","coordinates":[[-79.380324352,43.653448062],[-79.380376464,43.653507176]]}},{"type":"Feature","properties":{"access_type":"public","from_level_id":null,"is_accessible":true,"level_id":-1,"network_type":"corridor","to_level_id":null,"vertical_connection_id":null,"building_id":"default","building_name":"Default"},"geometry":{"type":"LineString","coordinates":[[-79.380155438,43.652654438],[-79.380115831,43.652716463]]}},{"type":"Feature","properties":{"access_type":"public","from_level_id":null,"is_accessible":true,"level_id":-1,"network_type":"corridor","to_level_id":null,"vertical_connection_id":null,"building_id":"default","building_name":"Default"},"geometry":{"type":"LineString","coordinates":[[-79.380155438,43.652654438],[-79.380133999,43.652596871]]}},{"type":"Feature","properties":{"access_type":"public","from_level_id":null,"is_accessible":true,"level_id":-1,"network_type":"corridor","to_level_id":null,"vertical_connection_id":null,"building_id":"default","building_name":"Default"},"geometry":{"type":"LineString","coordinates":[[-79.380155438,43.652654438],[-79.380372544,43.652608339]]}},{"type":"Feature","properties":{"access_type":"public","from_level_id":null,"is_accessible":true,"level_id":-1,"network_type":"corridor","to_level_id":null,"vertical_connection_id":null,"building_id":"default","building_name":"Default"},"geometry":{"type":"LineString","coordinates":[[-79.379877025,43.652479727],[-79.379847262,43.652464219]]}},{"type":"Feature","properties":{"access_type":"public","from_level_id":null,"is_accessible":true,"level_id":-1,"network_type":"corridor","to_level_id":null,"vertical_connection_id":null,"building_id":"default","building_name":"Default"},"geometry":{"type":"LineString","coordinates":[[-79.379877025,43.652479727],[-79.379954126,43.652519938]]}},{"type":"Feature","properties":{"access_type":"public","from_level_id":null,"is_accessible":true,"level_id":-1,"network_type":"corridor","to_level_id":null,"vertical_connection_id":null,"building_id":"default","building_name":"Default"},"geometry":{"type":"LineString","coordinates":[[-79.380002931,43.652604867],[-79.37991314,43.652623011]]}},{"type":"Feature","properties":{"access_type":"public","from_level_id":null,"is_accessible":true,"level_id":-1,"network_type":"corridor","to_level_id":null,"vertical_connection_id":null,"building_id":"default","building_name":"Default"},"geometry":{"type":"LineString","coordinates":[[-79.380002931,43.652604867],[-79.379991066,43.652576751]]}},{"type":"Feature","properties":{"access_type":"public","from_level_id":null,"is_accessible":true,"level_id":-1,"network_type":"corridor","to_level_id":null,"vertical_connection_id":null,"building_id":"default","building_name":"Default"},"geometry":{"type":"LineString","coordinates":[[-79.380002931,43.652604867],[-79.380017175,43.652637388]]}},{"type":"Feature","properties":{"access_type":"public","from_level_id":null,"is_accessible":true,"level_id":-1,"network_type":"corridor","to_level_id":null,"vertical_connection_id":null,"building_id":"default","building_name":"Default"},"geometry":{"type":"LineString","coordinates":[[-79.380304311,43.652710388],[-79.380238642,43.652724727]]}},{"type":"Feature","properties":{"access_type":"public","from_level_id":null,"is_accessible":true,"level_id":-1,"network_type":"corridor","to_level_id":null,"vertical_connection_id":null,"building_id":"default","building_name":"Default"},"geometry":{"type":"LineString","coordinates":[[-79.380337553,43.652778586],[-79.380267584,43.652794004]]}},{"type":"Feature","properties":{"access_type":"public","from_level_id":null,"is_accessible":true,"level_id":-1,"network_type":"corridor","to_level_id":null,"vertical_connection_id":null,"building_id":"default","building_name":"Default"},"geometry":{"type":"LineString","coordinates":[[-79.380047723,43.65271163],[-79.380038744,43.652690229]]}},{"type":"Feature","properties":{"access_type":"public","from_level_id":null,"is_accessible":true,"level_id":-1,"network_type":"corridor","to_level_id":null,"vertical_connection_id":null,"building_id":"default","building_name":"Default"},"geometry":{"type":"LineString","coordinates":[[-79.380218796,43.652823142],[-79.380256641,43.652835424]]}},{"type":"Feature","properties":{"access_type":"public","from_level_id":null,"is_accessible":true,"level_id":-1,"network_type":"corridor","to_level_id":null,"vertical_connection_id":null,"building_id":"default","building_name":"Default"},"geometry":{"type":"LineString","coordinates":[[-79.380363727,43.652958889],[-79.380425625,43.652944702]]}},{"type":"Feature","properties":{"access_type":"public","from_level_id":null,"is_accessible":true,"level_id":-1,"network_type":"corridor","to_level_id":null,"vertical_connection_id":null,"building_id":"default","building_name":"Default"},"geometry":{"type":"LineString","coordinates":[[-79.380363727,43.652958889],[-79.380382417,43.653003634]]}},{"type":"Feature","properties":{"access_type":"public","from_level_id":null,"is_accessible":true,"level_id":-1,"network_type":"corridor","to_level_id":null,"vertical_connection_id":null,"building_id":"default","building_name":"Default"},"geometry":{"type":"LineString","coordinates":[[-79.380363727,43.652958889],[-79.380293195,43.652975055]]}},{"type":"Feature","properties":{"access_type":"public","from_level_id":null,"is_accessible":true,"level_id":-1,"network_type":"corridor","to_level_id":null,"vertical_connection_id":null,"building_id":"default","building_name":"Default"},"geometry":{"type":"LineString","coordinates":[[-79.380363727,43.652958889],[-79.380339697,43.652919964]]}},{"type":"Feature","properties":{"access_type":"public","from_level_id":null,"is_accessible":true,"level_id":-1,"network_type":"corridor","to_level_id":null,"vertical_connection_id":null,"building_id":"default","building_name":"Default"},"geometry":{"type":"LineString","coordinates":[[-79.380393192,43.65286247],[-79.380313508,43.652880173]]}},{"type":"Feature","properties":{"access_type":"public","from_level_id":null,"is_accessible":true,"level_id":-1,"network_type":"corridor","to_level_id":null,"vertical_connection_id":null,"building_id":"default","building_name":"Default"},"geometry":{"type":"LineString","coordinates":[[-79.380162583,43.653063408],[-79.379882127,43.653125204]]}},{"type":"Feature","properties":{"access_type":"public","from_level_id":null,"is_accessible":true,"level_id":-1,"network_type":"corridor","to_level_id":null,"vertical_connection_id":null,"building_id":"default","building_name":"Default"},"geometry":{"type":"LineString","coordinates":[[-79.380162583,43.653063408],[-79.380140178,43.653010132]]}},{"type":"Feature","properties":{"access_type":"public","from_level_id":null,"is_accessible":true,"level_id":-1,"network_type":"corridor","to_level_id":null,"vertical_connection_id":null,"building_id":"default","building_name":"Default"},"geometry":{"type":"LineString","coordinates":[[-79.380162583,43.653063408],[-79.380178502,43.65310126]]}},{"type":"Feature","properties":{"access_type":"public","from_level_id":null,"is_accessible":true,"level_id":-1,"network_type":"corridor","to_level_id":null,"vertical_connection_id":null,"building_id":"default","building_name":"Default"},"geometry":{"type":"LineString","coordinates":[[-79.379882127,43.653125204],[-79.3798568,43.653065244]]}},{"type":"Feature","properties":{"access_type":"public","from_level_id":null,"is_accessible":true,"level_id":-1,"network_type":"corridor","to_level_id":null,"vertical_connection_id":null,"building_id":"default","building_name":"Default"},"geometry":{"type":"LineString","coordinates":[[-79.380382417,43.653003634],[-79.380315852,43.653018144]]}},{"type":"Feature","properties":{"access_type":"public","from_level_id":null,"is_accessible":true,"level_id":-1,"network_type":"corridor","to_level_id":null,"vertical_connection_id":null,"building_id":"default","building_name":"Default"},"geometry":{"type":"LineString","coordinates":[[-79.380382417,43.653003634],[-79.380401475,43.65304922]]}},{"type":"Feature","properties":{"access_type":"public","from_level_id":null,"is_accessible":true,"level_id":-1,"network_type":"corridor","to_level_id":null,"vertical_connection_id":null,"building_id":"default","building_name":"Default"},"geometry":{"type":"LineString","coordinates":[[-79.380401475,43.65304922],[-79.380334823,43.653063217]]}},{"type":"Feature","properties":{"access_type":"public","from_level_id":null,"is_accessible":true,"level_id":-1,"network_type":"corridor","to_level_id":null,"vertical_connection_id":null,"building_id":"default","building_name":"Default"},"geometry":{"type":"LineString","coordinates":[[-79.380401475,43.65304922],[-79.380420534,43.653094806]]}},{"type":"Feature","properties":{"access_type":"public","from_level_id":null,"is_accessible":true,"level_id":-1,"network_type":"corridor","to_level_id":null,"vertical_connection_id":null,"building_id":"default","building_name":"Default"},"geometry":{"type":"LineString","coordinates":[[-79.380420534,43.653094806],[-79.380350274,43.653110708]]}},{"type":"Feature","properties":{"access_type":"public","from_level_id":null,"is_accessible":true,"level_id":-1,"network_type":"corridor","to_level_id":null,"vertical_connection_id":null,"building_id":"default","building_name":"Default"},"geometry":{"type":"LineString","coordinates":[[-79.380420534,43.653094806],[-79.380481096,43.653081882]]}},{"type":"Feature","properties":{"access_type":"public","from_level_id":null,"is_accessible":true,"level_id":-1,"network_type":"corridor","to_level_id":null,"vertical_connection_id":null,"building_id":"default","building_name":"Default"},"geometry":{"type":"LineString","coordinates":[[-79.380468182,43.653208772],[-79.380398336,43.653224894]]}},{"type":"Feature","properties":{"access_type":"public","from_level_id":null,"is_accessible":true,"level_id":-1,"network_type":"corridor","to_level_id":null,"vertical_connection_id":null,"building_id":"default","building_name":"Default"},"geometry":{"type":"LineString","coordinates":[[-79.380468182,43.653208772],[-79.38048724,43.653254359]]}},{"type":"Feature","properties":{"access_type":"public","from_level_id":null,"is_accessible":true,"level_id":-1,"network_type":"corridor","to_level_id":null,"vertical_connection_id":null,"building_id":"default","building_name":"Default"},"geometry":{"type":"LineString","coordinates":[[-79.380468182,43.653208772],[-79.380463879,43.653197318]]}},{"type":"Feature","properties":{"access_type":"public","from_level_id":null,"is_accessible":true,"level_id":-1,"network_type":"corridor","to_level_id":null,"vertical_connection_id":null,"building_id":"default","building_name":"Default"},"geometry":{"type":"LineString","coordinates":[[-79.38048724,43.653254359],[-79.380419384,43.65326951]]}},{"type":"Feature","properties":{"access_type":"public","from_level_id":null,"is_accessible":true,"level_id":-1,"network_type":"corridor","to_level_id":null,"vertical_connection_id":null,"building_id":"default","building_name":"Default"},"geometry":{"type":"LineString","coordinates":[[-79.38048724,43.653254359],[-79.380508147,43.653302489]]}},{"type":"Feature","properties":{"access_type":"public","from_level_id":null,"is_accessible":true,"level_id":-1,"network_type":"corridor","to_level_id":null,"vertical_connection_id":null,"building_id":"default","building_name":"Default"},"geometry":{"type":"LineString","coordinates":[[-79.38062028,43.653277781],[-79.380508147,43.653302489]]}},{"type":"Feature","properties":{"access_type":"public","from_level_id":null,"is_accessible":true,"level_id":-1,"network_type":"corridor","to_level_id":null,"vertical_connection_id":null,"building_id":"default","building_name":"Default"},"geometry":{"type":"LineString","coordinates":[[-79.380511064,43.653311341],[-79.380441338,43.653327061]]}},{"type":"Feature","properties":{"access_type":"public","from_level_id":null,"is_accessible":true,"level_id":-1,"network_type":"corridor","to_level_id":null,"vertical_connection_id":null,"building_id":"default","building_name":"Default"},"geometry":{"type":"LineString","coordinates":[[-79.380511064,43.653311341],[-79.380530123,43.653356928]]}},{"type":"Feature","properties":{"access_type":"public","from_level_id":null,"is_accessible":true,"level_id":-1,"network_type":"corridor","to_level_id":null,"vertical_connection_id":null,"building_id":"default","building_name":"Default"},"geometry":{"type":"LineString","coordinates":[[-79.380511064,43.653311341],[-79.380508147,43.653302489]]}},{"type":"Feature","properties":{"access_type":"public","from_level_id":null,"is_accessible":true,"level_id":-1,"network_type":"corridor","to_level_id":null,"vertical_connection_id":null,"building_id":"default","building_name":"Default"},"geometry":{"type":"LineString","coordinates":[[-79.380140178,43.653010132],[-79.380193844,43.652997827]]}},{"type":"Feature","properties":{"access_type":"public","from_level_id":null,"is_accessible":true,"level_id":-1,"network_type":"corridor","to_level_id":null,"vertical_connection_id":null,"building_id":"default","building_name":"Default"},"geometry":{"type":"LineString","coordinates":[[-79.380140178,43.653010132],[-79.380105004,43.652926495]]}},{"type":"Feature","properties":{"access_type":"public","from_level_id":null,"is_accessible":true,"level_id":-1,"network_type":"corridor","to_level_id":null,"vertical_connection_id":null,"building_id":"default","building_name":"Default"},"geometry":{"type":"LineString","coordinates":[[-79.380530123,43.653356928],[-79.380429876,43.653379563]]}},{"type":"Feature","properties":{"access_type":"public","from_level_id":null,"is_accessible":true,"level_id":-1,"network_type":"corridor","to_level_id":null,"vertical_connection_id":null,"building_id":"default","building_name":"Default"},"geometry":{"type":"LineString","coordinates":[[-79.380659064,43.653477743],[-79.380586385,43.653493757]]}},{"type":"Feature","properties":{"access_type":"public","from_level_id":null,"is_accessible":true,"level_id":-1,"network_type":"corridor","to_level_id":null,"vertical_connection_id":null,"building_id":"default","building_name":"Default"},"geometry":{"type":"LineString","coordinates":[[-79.380705229,43.653587421],[-79.380633182,43.653603428]]}},{"type":"Feature","properties":{"access_type":"public","from_level_id":null,"is_accessible":true,"level_id":-1,"network_type":"corridor","to_level_id":null,"vertical_connection_id":null,"building_id":"default","building_name":"Default"},"geometry":{"type":"LineString","coordinates":[[-79.380178502,43.65310126],[-79.380232261,43.6530891]]}},{"type":"Feature","properties":{"access_type":"public","from_level_id":null,"is_accessible":true,"level_id":-1,"network_type":"corridor","to_level_id":null,"vertical_connection_id":null,"building_id":"default","building_name":"Default"},"geometry":{"type":"LineString","coordinates":[[-79.380178502,43.65310126],[-79.380186596,43.653120505]]}},{"type":"Feature","properties":{"access_type":"public","from_level_id":null,"is_accessible":true,"level_id":-1,"network_type":"corridor","to_level_id":null,"vertical_connection_id":null,"building_id":"default","building_name":"Default"},"geometry":{"type":"LineString","coordinates":[[-79.380197664,43.653146823],[-79.380243342,43.653137424]]}},{"type":"Feature","properties":{"access_type":"public","from_level_id":null,"is_accessible":true,"level_id":-1,"network_type":"corridor","to_level_id":null,"vertical_connection_id":null,"building_id":"default","building_name":"Default"},"geometry":{"type":"LineString","coordinates":[[-79.380197664,43.653146823],[-79.380186596,43.653120505]]}},{"type":"Feature","properties":{"access_type":"public","from_level_id":null,"is_accessible":true,"level_id":-1,"network_type":"corridor","to_level_id":null,"vertical_connection_id":null,"building_id":"default","building_name":"Default"},"geometry":{"type":"LineString","coordinates":[[-79.380197664,43.653146823],[-79.380221617,43.653203778]]}},{"type":"Feature","properties":{"access_type":"public","from_level_id":null,"is_accessible":true,"level_id":-1,"network_type":"corridor","to_level_id":null,"vertical_connection_id":null,"building_id":"default","building_name":"Default"},"geometry":{"type":"LineString","coordinates":[[-79.380243342,43.653256027],[-79.380299166,43.653243748]]}},{"type":"Feature","properties":{"access_type":"public","from_level_id":null,"is_accessible":true,"level_id":-1,"network_type":"corridor","to_level_id":null,"vertical_connection_id":null,"building_id":"default","building_name":"Default"},"geometry":{"type":"LineString","coordinates":[[-79.380243342,43.653256027],[-79.380221617,43.653203778]]}},{"type":"Feature","properties":{"access_type":"public","from_level_id":null,"is_accessible":true,"level_id":-1,"network_type":"corridor","to_level_id":null,"vertical_connection_id":null,"building_id":"default","building_name":"Default"},"geometry":{"type":"LineString","coordinates":[[-79.380243342,43.653256027],[-79.380244731,43.65325874]]}},{"type":"Feature","properties":{"access_type":"public","from_level_id":null,"is_accessible":true,"level_id":-1,"network_type":"corridor","to_level_id":null,"vertical_connection_id":null,"building_id":"default","building_name":"Default"},"geometry":{"type":"LineString","coordinates":[[-79.380266216,43.653309827],[-79.380311856,43.65329977]]}},{"type":"Feature","properties":{"access_type":"public","from_level_id":null,"is_accessible":true,"level_id":-1,"network_type":"corridor","to_level_id":null,"vertical_connection_id":null,"building_id":"default","building_name":"Default"},"geometry":{"type":"LineString","coordinates":[[-79.380266216,43.653309827],[-79.380288684,43.653363251]]}},{"type":"Feature","properties":{"access_type":"public","from_level_id":null,"is_accessible":true,"level_id":-1,"network_type":"corridor","to_level_id":null,"vertical_connection_id":null,"building_id":"default","building_name":"Default"},"geometry":{"type":"LineString","coordinates":[[-79.380266216,43.653309827],[-79.380193558,43.653325705]]}},{"type":"Feature","properties":{"access_type":"public","from_level_id":null,"is_accessible":true,"level_id":-1,"network_type":"corridor","to_level_id":null,"vertical_connection_id":null,"building_id":"default","building_name":"Default"},"geometry":{"type":"LineString","coordinates":[[-79.380266216,43.653309827],[-79.380244731,43.65325874]]}},{"type":"Feature","properties":{"access_type":"public","from_level_id":null,"is_accessible":true,"level_id":-1,"network_type":"corridor","to_level_id":null,"vertical_connection_id":null,"building_id":"default","building_name":"Default"},"geometry":{"type":"LineString","coordinates":[[-79.380288684,43.653363251],[-79.380348526,43.653349153]]}},{"type":"Feature","properties":{"access_type":"public","from_level_id":null,"is_accessible":true,"level_id":-1,"network_type":"corridor","to_level_id":null,"vertical_connection_id":null,"building_id":"default","building_name":"Default"},"geometry":{"type":"LineString","coordinates":[[-79.380288684,43.653363251],[-79.380307846,43.653408815]]}},{"type":"Feature","properties":{"access_type":"public","from_level_id":null,"is_accessible":true,"level_id":-1,"network_type":"corridor","to_level_id":null,"vertical_connection_id":null,"building_id":"default","building_name":"Default"},"geometry":{"type":"LineString","coordinates":[[-79.380288684,43.653363251],[-79.380217607,43.653377883]]}},{"type":"Feature","properties":{"access_type":"public","from_level_id":null,"is_accessible":true,"level_id":-1,"network_type":"corridor","to_level_id":null,"vertical_connection_id":null,"building_id":"default","building_name":"Default"},"geometry":{"type":"LineString","coordinates":[[-79.380307846,43.653408815],[-79.380384743,43.653392068]]}},{"type":"Feature","properties":{"access_type":"public","from_level_id":null,"is_accessible":true,"level_id":-1,"network_type":"corridor","to_level_id":null,"vertical_connection_id":null,"building_id":"default","building_name":"Default"},"geometry":{"type":"LineString","coordinates":[[-79.380186596,43.653120505],[-79.380107215,43.653138368]]}},{"type":"Feature","properties":{"access_type":"public","from_level_id":null,"is_accessible":true,"level_id":-1,"network_type":"corridor","to_level_id":null,"vertical_connection_id":null,"building_id":"default","building_name":"Default"},"geometry":{"type":"LineString","coordinates":[[-79.380221617,43.653203778],[-79.38014503,43.653220415]]}},{"type":"Feature","properties":{"access_type":"public","from_level_id":null,"is_accessible":true,"level_id":-1,"network_type":"corridor","to_level_id":null,"vertical_connection_id":null,"building_id":"default","building_name":"Default"},"geometry":{"type":"LineString","coordinates":[[-79.380221617,43.653203778],[-79.380268615,43.653193587]]}},{"type":"Feature","properties":{"access_type":"public","from_level_id":null,"is_accessible":true,"level_id":-1,"network_type":"corridor","to_level_id":null,"vertical_connection_id":null,"building_id":"default","building_name":"Default"},"geometry":{"type":"LineString","coordinates":[[-79.380244731,43.65325874],[-79.380170344,43.653275339]]}},{"type":"Feature","properties":{"access_type":"public","from_level_id":null,"is_accessible":true,"level_id":-1,"network_type":"corridor","to_level_id":null,"vertical_connection_id":null,"building_id":"default","building_name":"Default"},"geometry":{"type":"LineString","coordinates":[[-79.380317977,43.65355152],[-79.380388479,43.653535723]]}},{"type":"Feature","properties":{"access_type":"public","from_level_id":null,"is_accessible":true,"level_id":-1,"network_type":"corridor","to_level_id":null,"vertical_connection_id":null,"building_id":"default","building_name":"Default"},"geometry":{"type":"LineString","coordinates":[[-79.380399408,43.653736897],[-79.380466896,43.653722026]]}},{"type":"Feature","properties":{"access_type":"public","from_level_id":null,"is_accessible":true,"level_id":-1,"network_type":"corridor","to_level_id":null,"vertical_connection_id":null,"building_id":"default","building_name":"Default"},"geometry":{"type":"LineString","coordinates":[[-79.380217885,43.653689455],[-79.380234547,43.653729039]]}},{"type":"Feature","properties":{"access_type":"public","from_level_id":null,"is_accessible":true,"level_id":-1,"network_type":"corridor","to_level_id":null,"vertical_connection_id":null,"building_id":"default","building_name":"Default"},"geometry":{"type":"LineString","coordinates":[[-79.380217885,43.653689455],[-79.380123072,43.653710346]]}},{"type":"Feature","properties":{"access_type":"public","from_level_id":null,"is_accessible":true,"level_id":-1,"network_type":"corridor","to_level_id":null,"vertical_connection_id":null,"building_id":"default","building_name":"Default"},"geometry":{"type":"LineString","coordinates":[[-79.380217885,43.653689455],[-79.380233035,43.653686116]]}},{"type":"Feature","properties":{"access_type":"public","from_level_id":null,"is_accessible":true,"level_id":-1,"network_type":"corridor","to_level_id":null,"vertical_connection_id":null,"building_id":"default","building_name":"Default"},"geometry":{"type":"LineString","coordinates":[[-79.380123072,43.653710346],[-79.380138629,43.653748013]]}},{"type":"Feature","properties":{"access_type":"public","from_level_id":null,"is_accessible":true,"level_id":-1,"network_type":"corridor","to_level_id":null,"vertical_connection_id":null,"building_id":"default","building_name":"Default"},"geometry":{"type":"LineString","coordinates":[[-79.38057542,43.653882815],[-79.380596181,43.65385936]]}},{"type":"Feature","properties":{"access_type":"public","from_level_id":null,"is_accessible":true,"level_id":-1,"network_type":"corridor","to_level_id":null,"vertical_connection_id":null,"building_id":"default","building_name":"Default"},"geometry":{"type":"LineString","coordinates":[[-79.380105004,43.652926495],[-79.380118067,43.652878172]]}},{"type":"Feature","properties":{"access_type":"public","from_level_id":null,"is_accessible":true,"level_id":-1,"network_type":"corridor","to_level_id":null,"vertical_connection_id":null,"building_id":"default","building_name":"Default"},"geometry":{"type":"LineString","coordinates":[[-79.380105004,43.652926495],[-79.380225194,43.652899793]]}},{"type":"Feature","properties":{"access_type":"public","from_level_id":null,"is_accessible":true,"level_id":-1,"network_type":"corridor","to_level_id":null,"vertical_connection_id":null,"building_id":"default","building_name":"Default"},"geometry":{"type":"LineString","coordinates":[[-79.380105004,43.652926495],[-79.38020578,43.652858845]]}},{"type":"Feature","properties":{"access_type":"public","from_level_id":null,"is_accessible":true,"level_id":-1,"network_type":"corridor","to_level_id":null,"vertical_connection_id":null,"building_id":"default","building_name":"Default"},"geometry":{"type":"LineString","coordinates":[[-79.380476138,43.653485214],[-79.380573737,43.653463708]]}},{"type":"Feature","properties":{"access_type":"public","from_level_id":null,"is_accessible":true,"level_id":-1,"network_type":"corridor","to_level_id":null,"vertical_connection_id":null,"building_id":"default","building_name":"Default"},"geometry":{"type":"LineString","coordinates":[[-79.380476138,43.653485214],[-79.380376464,43.653507176]]}},{"type":"Feature","properties":{"access_type":"public","from_level_id":null,"is_accessible":true,"level_id":-1,"network_type":"corridor","to_level_id":null,"vertical_connection_id":null,"building_id":"default","building_name":"Default"},"geometry":{"type":"LineString","coordinates":[[-79.380449888,43.65358458],[-79.38041251,43.653592816]]}},{"type":"Feature","properties":{"access_type":"public","from_level_id":null,"is_accessible":true,"level_id":-1,"network_type":"corridor","to_level_id":null,"vertical_connection_id":null,"building_id":"default","building_name":"Default"},"geometry":{"type":"LineString","coordinates":[[-79.379740944,43.652327978],[-79.379554658,43.652097619]]}},{"type":"Feature","properties":{"access_type":"public","from_level_id":null,"is_accessible":true,"level_id":-1,"network_type":"corridor","to_level_id":null,"vertical_connection_id":null,"building_id":"default","building_name":"Default"},"geometry":{"type":"LineString","coordinates":[[-79.379740944,43.652327978],[-79.379197914,43.652447057]]}},{"type":"Feature","properties":{"access_type":"public","from_level_id":null,"is_accessible":true,"level_id":-1,"network_type":"corridor","to_level_id":null,"vertical_connection_id":null,"building_id":"default","building_name":"Default"},"geometry":{"type":"LineString","coordinates":[[-79.379740944,43.652327978],[-79.379957803,43.652040562]]}},{"type":"Feature","properties":{"access_type":"public","from_level_id":null,"is_accessible":true,"level_id":-1,"network_type":"corridor","to_level_id":null,"vertical_connection_id":null,"building_id":"default","building_name":"Default"},"geometry":{"type":"LineString","coordinates":[[-79.379740944,43.652327978],[-79.379771788,43.652397844]]}},{"type":"Feature","properties":{"access_type":"public","from_level_id":null,"is_accessible":true,"level_id":-1,"network_type":"corridor","to_level_id":null,"vertical_connection_id":null,"building_id":"default","building_name":"Default"},"geometry":{"type":"LineString","coordinates":[[-79.380432747,43.653640894],[-79.380466896,43.653722026]]}},{"type":"Feature","properties":{"access_type":"public","from_level_id":null,"is_accessible":true,"level_id":-1,"network_type":"corridor","to_level_id":null,"vertical_connection_id":null,"building_id":"default","building_name":"Default"},"geometry":{"type":"LineString","coordinates":[[-79.380432747,43.653640894],[-79.380305926,43.653670056]]}},{"type":"Feature","properties":{"access_type":"public","from_level_id":null,"is_accessible":true,"level_id":-1,"network_type":"corridor","to_level_id":null,"vertical_connection_id":null,"building_id":"default","building_name":"Default"},"geometry":{"type":"LineString","coordinates":[[-79.380432747,43.653640894],[-79.38041251,43.653592816]]}},{"type":"Feature","properties":{"access_type":"public","from_level_id":null,"is_accessible":true,"level_id":-1,"network_type":"corridor","to_level_id":null,"vertical_connection_id":null,"building_id":"default","building_name":"Default"},"geometry":{"type":"LineString","coordinates":[[-79.380432747,43.653640894],[-79.38047304,43.653632239]]}},{"type":"Feature","properties":{"access_type":"public","from_level_id":null,"is_accessible":true,"level_id":-1,"network_type":"corridor","to_level_id":null,"vertical_connection_id":null,"building_id":"default","building_name":"Default"},"geometry":{"type":"LineString","coordinates":[[-79.380633182,43.653603428],[-79.380597768,43.653520801]]}},{"type":"Feature","properties":{"access_type":"public","from_level_id":null,"is_accessible":true,"level_id":-1,"network_type":"corridor","to_level_id":null,"vertical_connection_id":null,"building_id":"default","building_name":"Default"},"geometry":{"type":"LineString","coordinates":[[-79.380633182,43.653603428],[-79.380657846,43.653663534]]}},{"type":"Feature","properties":{"access_type":"public","from_level_id":null,"is_accessible":true,"level_id":-1,"network_type":"corridor","to_level_id":null,"vertical_connection_id":null,"building_id":"default","building_name":"Default"},"geometry":{"type":"LineString","coordinates":[[-79.380586385,43.653493757],[-79.380573737,43.653463708]]}},{"type":"Feature","properties":{"access_type":"public","from_level_id":null,"is_accessible":true,"level_id":-1,"network_type":"corridor","to_level_id":null,"vertical_connection_id":null,"building_id":"default","building_name":"Default"},"geometry":{"type":"LineString","coordinates":[[-79.380586385,43.653493757],[-79.380597768,43.653520801]]}},{"type":"Feature","properties":{"access_type":"public","from_level_id":null,"is_accessible":true,"level_id":-1,"network_type":"corridor","to_level_id":null,"vertical_connection_id":null,"building_id":"default","building_name":"Default"},"geometry":{"type":"LineString","coordinates":[[-79.380500376,43.653649766],[-79.380490891,43.653628082]]}},{"type":"Feature","properties":{"access_type":"public","from_level_id":null,"is_accessible":true,"level_id":-1,"network_type":"corridor","to_level_id":null,"vertical_connection_id":null,"building_id":"default","building_name":"Default"},"geometry":{"type":"LineString","coordinates":[[-79.380547504,43.65381919],[-79.380520935,43.653845665]]}},{"type":"Feature","properties":{"access_type":"public","from_level_id":null,"is_accessible":true,"level_id":-1,"network_type":"corridor","to_level_id":null,"vertical_connection_id":null,"building_id":"default","building_name":"Default"},"geometry":{"type":"LineString","coordinates":[[-79.380547504,43.65381919],[-79.380495354,43.653789636]]}},{"type":"Feature","properties":{"access_type":"public","from_level_id":null,"is_accessible":true,"level_id":-1,"network_type":"corridor","to_level_id":null,"vertical_connection_id":null,"building_id":"default","building_name":"Default"},"geometry":{"type":"LineString","coordinates":[[-79.380547504,43.65381919],[-79.380577614,43.653812556]]}},{"type":"Feature","properties":{"access_type":"public","from_level_id":null,"is_accessible":true,"level_id":-1,"network_type":"corridor","to_level_id":null,"vertical_connection_id":null,"building_id":"default","building_name":"Default"},"geometry":{"type":"LineString","coordinates":[[-79.380547504,43.65381919],[-79.380568954,43.653843195]]}},{"type":"Feature","properties":{"access_type":"public","from_level_id":null,"is_accessible":true,"level_id":-1,"network_type":"corridor","to_level_id":null,"vertical_connection_id":null,"building_id":"default","building_name":"Default"},"geometry":{"type":"LineString","coordinates":[[-79.380708438,43.653783729],[-79.380666907,43.65379288]]}},{"type":"Feature","properties":{"access_type":"public","from_level_id":null,"is_accessible":true,"level_id":-1,"network_type":"corridor","to_level_id":null,"vertical_connection_id":null,"building_id":"default","building_name":"Default"},"geometry":{"type":"LineString","coordinates":[[-79.380693934,43.653916824],[-79.380671711,43.653868986]]}},{"type":"Feature","properties":{"access_type":"public","from_level_id":null,"is_accessible":true,"level_id":-1,"network_type":"corridor","to_level_id":null,"vertical_connection_id":null,"building_id":"default","building_name":"Default"},"geometry":{"type":"LineString","coordinates":[[-79.380693934,43.653916824],[-79.380699716,43.653930129]]}},{"type":"Feature","properties":{"access_type":"public","from_level_id":null,"is_accessible":true,"level_id":-1,"network_type":"corridor","to_level_id":null,"vertical_connection_id":null,"building_id":"default","building_name":"Default"},"geometry":{"type":"LineString","coordinates":[[-79.380693934,43.653916824],[-79.380716867,43.653911574]]}},{"type":"Feature","properties":{"access_type":"public","from_level_id":null,"is_accessible":true,"level_id":-1,"network_type":"corridor","to_level_id":null,"vertical_connection_id":null,"building_id":"default","building_name":"Default"},"geometry":{"type":"LineString","coordinates":[[-79.380693934,43.653916824],[-79.380618395,43.653871704]]}},{"type":"Feature","properties":{"access_type":"public","from_level_id":null,"is_accessible":true,"level_id":-1,"network_type":"corridor","to_level_id":null,"vertical_connection_id":null,"building_id":"default","building_name":"Default"},"geometry":{"type":"LineString","coordinates":[[-79.380693934,43.653916824],[-79.38069763,43.653892827]]}},{"type":"Feature","properties":{"access_type":"public","from_level_id":null,"is_accessible":true,"level_id":-1,"network_type":"corridor","to_level_id":null,"vertical_connection_id":null,"building_id":"default","building_name":"Default"},"geometry":{"type":"LineString","coordinates":[[-79.380800214,43.653893879],[-79.380716867,43.653911574]]}},{"type":"Feature","properties":{"access_type":"public","from_level_id":null,"is_accessible":true,"level_id":-1,"network_type":"corridor","to_level_id":null,"vertical_connection_id":null,"building_id":"default","building_name":"Default"},"geometry":{"type":"LineString","coordinates":[[-79.380825745,43.654224151],[-79.380906732,43.654206306]]}},{"type":"Feature","properties":{"access_type":"public","from_level_id":null,"is_accessible":true,"level_id":-1,"network_type":"corridor","to_level_id":null,"vertical_connection_id":null,"building_id":"default","building_name":"Default"},"geometry":{"type":"LineString","coordinates":[[-79.380825745,43.654224151],[-79.380723993,43.654246571]]}},{"type":"Feature","properties":{"access_type":"public","from_level_id":null,"is_accessible":true,"level_id":-1,"network_type":"corridor","to_level_id":null,"vertical_connection_id":null,"building_id":"default","building_name":"Default"},"geometry":{"type":"LineString","coordinates":[[-79.380825745,43.654224151],[-79.380851674,43.654285751]]}},{"type":"Feature","properties":{"access_type":"public","from_level_id":null,"is_accessible":true,"level_id":-1,"network_type":"corridor","to_level_id":null,"vertical_connection_id":null,"building_id":"default","building_name":"Default"},"geometry":{"type":"LineString","coordinates":[[-79.380825745,43.654224151],[-79.38077687,43.654113427]]}},{"type":"Feature","properties":{"access_type":"public","from_level_id":null,"is_accessible":true,"level_id":-1,"network_type":"corridor","to_level_id":null,"vertical_connection_id":null,"building_id":"default","building_name":"Default"},"geometry":{"type":"LineString","coordinates":[[-79.380820769,43.65401655],[-79.380743352,43.654033798]]}},{"type":"Feature","properties":{"access_type":"public","from_level_id":null,"is_accessible":true,"level_id":-1,"network_type":"corridor","to_level_id":null,"vertical_connection_id":null,"building_id":"default","building_name":"Default"},"geometry":{"type":"LineString","coordinates":[[-79.380859933,43.654095125],[-79.38077687,43.654113427]]}},{"type":"Feature","properties":{"access_type":"public","from_level_id":null,"is_accessible":true,"level_id":-1,"network_type":"corridor","to_level_id":null,"vertical_connection_id":null,"building_id":"default","building_name":"Default"},"geometry":{"type":"LineString","coordinates":[[-79.380681347,43.654134475],[-79.38077687,43.654113427]]}},{"type":"Feature","properties":{"access_type":"public","from_level_id":null,"is_accessible":true,"level_id":-1,"network_type":"corridor","to_level_id":null,"vertical_connection_id":null,"building_id":"default","building_name":"Default"},"geometry":{"type":"LineString","coordinates":[[-79.381194189,43.655277446],[-79.381094544,43.655299402]]}},{"type":"Feature","properties":{"access_type":"public","from_level_id":null,"is_accessible":true,"level_id":-1,"network_type":"corridor","to_level_id":null,"vertical_connection_id":null,"building_id":"default","building_name":"Default"},"geometry":{"type":"LineString","coordinates":[[-79.381194189,43.655277446],[-79.381188464,43.655263931]]}},{"type":"Feature","properties":{"access_type":"public","from_level_id":null,"is_accessible":true,"level_id":-1,"network_type":"corridor","to_level_id":null,"vertical_connection_id":null,"building_id":"default","building_name":"Default"},"geometry":{"type":"LineString","coordinates":[[-79.381194189,43.655277446],[-79.381199913,43.655290961]]}},{"type":"Feature","properties":{"access_type":"public","from_level_id":null,"is_accessible":true,"level_id":-1,"network_type":"corridor","to_level_id":null,"vertical_connection_id":null,"building_id":"default","building_name":"Default"},"geometry":{"type":"LineString","coordinates":[[-79.380870014,43.654329322],[-79.380880765,43.654354863]]}},{"type":"Feature","properties":{"access_type":"public","from_level_id":null,"is_accessible":true,"level_id":-1,"network_type":"corridor","to_level_id":null,"vertical_connection_id":null,"building_id":"default","building_name":"Default"},"geometry":{"type":"LineString","coordinates":[[-79.380870014,43.654329322],[-79.380851674,43.654285751]]}},{"type":"Feature","properties":{"access_type":"public","from_level_id":null,"is_accessible":true,"level_id":-1,"network_type":"corridor","to_level_id":null,"vertical_connection_id":null,"building_id":"default","building_name":"Default"},"geometry":{"type":"LineString","coordinates":[[-79.380870014,43.654329322],[-79.380917775,43.654318798]]}},{"type":"Feature","properties":{"access_type":"public","from_level_id":null,"is_accessible":true,"level_id":-1,"network_type":"corridor","to_level_id":null,"vertical_connection_id":null,"building_id":"default","building_name":"Default"},"geometry":{"type":"LineString","coordinates":[[-79.380870014,43.654329322],[-79.380822253,43.654339846]]}},{"type":"Feature","properties":{"access_type":"public","from_level_id":null,"is_accessible":true,"level_id":-1,"network_type":"corridor","to_level_id":null,"vertical_connection_id":null,"building_id":"default","building_name":"Default"},"geometry":{"type":"LineString","coordinates":[[-79.380996685,43.65430141],[-79.380948973,43.654312055]]}},{"type":"Feature","properties":{"access_type":"public","from_level_id":null,"is_accessible":true,"level_id":-1,"network_type":"corridor","to_level_id":null,"vertical_connection_id":null,"building_id":"default","building_name":"Default"},"geometry":{"type":"LineString","coordinates":[[-79.380766185,43.6543522],[-79.380822253,43.654339846]]}},{"type":"Feature","properties":{"access_type":"public","from_level_id":null,"is_accessible":true,"level_id":-1,"network_type":"corridor","to_level_id":null,"vertical_connection_id":null,"building_id":"default","building_name":"Default"},"geometry":{"type":"LineString","coordinates":[[-79.381047987,43.654363987],[-79.380989842,43.654376799]]}},{"type":"Feature","properties":{"access_type":"public","from_level_id":null,"is_accessible":true,"level_id":-1,"network_type":"corridor","to_level_id":null,"vertical_connection_id":null,"building_id":"default","building_name":"Default"},"geometry":{"type":"LineString","coordinates":[[-79.381068224,43.654412065],[-79.381010106,43.654424871]]}},{"type":"Feature","properties":{"access_type":"public","from_level_id":null,"is_accessible":true,"level_id":-1,"network_type":"corridor","to_level_id":null,"vertical_connection_id":null,"building_id":"default","building_name":"Default"},"geometry":{"type":"LineString","coordinates":[[-79.380753065,43.654445455],[-79.380834472,43.654428211]]}},{"type":"Feature","properties":{"access_type":"public","from_level_id":null,"is_accessible":true,"level_id":-1,"network_type":"corridor","to_level_id":null,"vertical_connection_id":null,"building_id":"default","building_name":"Default"},"geometry":{"type":"LineString","coordinates":[[-79.381111504,43.654517257],[-79.381054559,43.65453033]]}},{"type":"Feature","properties":{"access_type":"public","from_level_id":null,"is_accessible":true,"level_id":-1,"network_type":"corridor","to_level_id":null,"vertical_connection_id":null,"building_id":"default","building_name":"Default"},"geometry":{"type":"LineString","coordinates":[[-79.380733866,43.654011261],[-79.380713242,43.653962485]]}},{"type":"Feature","properties":{"access_type":"public","from_level_id":null,"is_accessible":true,"level_id":-1,"network_type":"corridor","to_level_id":null,"vertical_connection_id":null,"building_id":"default","building_name":"Default"},"geometry":{"type":"LineString","coordinates":[[-79.380733866,43.654011261],[-79.380737661,43.654020276]]}},{"type":"Feature","properties":{"access_type":"public","from_level_id":null,"is_accessible":true,"level_id":-1,"network_type":"corridor","to_level_id":null,"vertical_connection_id":null,"building_id":"default","building_name":"Default"},"geometry":{"type":"LineString","coordinates":[[-79.380960126,43.654550087],[-79.381054559,43.65453033]]}},{"type":"Feature","properties":{"access_type":"public","from_level_id":null,"is_accessible":true,"level_id":-1,"network_type":"corridor","to_level_id":null,"vertical_connection_id":null,"building_id":"default","building_name":"Default"},"geometry":{"type":"LineString","coordinates":[[-79.380960126,43.654550087],[-79.380892721,43.654565728]]}},{"type":"Feature","properties":{"access_type":"public","from_level_id":null,"is_accessible":true,"level_id":-1,"network_type":"corridor","to_level_id":null,"vertical_connection_id":null,"building_id":"default","building_name":"Default"},"geometry":{"type":"LineString","coordinates":[[-79.380960126,43.654550087],[-79.380938212,43.654673127]]}},{"type":"Feature","properties":{"access_type":"public","from_level_id":null,"is_accessible":true,"level_id":-1,"network_type":"corridor","to_level_id":null,"vertical_connection_id":null,"building_id":"default","building_name":"Default"},"geometry":{"type":"LineString","coordinates":[[-79.380960126,43.654550087],[-79.380902703,43.654413721]]}},{"type":"Feature","properties":{"access_type":"public","from_level_id":null,"is_accessible":true,"level_id":-1,"network_type":"corridor","to_level_id":null,"vertical_connection_id":null,"building_id":"default","building_name":"Default"},"geometry":{"type":"LineString","coordinates":[[-79.380976019,43.654762384],[-79.38100655,43.654834463]]}},{"type":"Feature","properties":{"access_type":"public","from_level_id":null,"is_accessible":true,"level_id":-1,"network_type":"corridor","to_level_id":null,"vertical_connection_id":null,"building_id":"default","building_name":"Default"},"geometry":{"type":"LineString","coordinates":[[-79.380976019,43.654762384],[-79.381060679,43.654743623]]}},{"type":"Feature","properties":{"access_type":"public","from_level_id":null,"is_accessible":true,"level_id":-1,"network_type":"corridor","to_level_id":null,"vertical_connection_id":null,"building_id":"default","building_name":"Default"},"geometry":{"type":"LineString","coordinates":[[-79.380976019,43.654762384],[-79.38096139,43.654727847]]}},{"type":"Feature","properties":{"access_type":"public","from_level_id":null,"is_accessible":true,"level_id":-1,"network_type":"corridor","to_level_id":null,"vertical_connection_id":null,"building_id":"default","building_name":"Default"},"geometry":{"type":"LineString","coordinates":[[-79.38100655,43.654834463],[-79.381038989,43.654911046]]}},{"type":"Feature","properties":{"access_type":"public","from_level_id":null,"is_accessible":true,"level_id":-1,"network_type":"corridor","to_level_id":null,"vertical_connection_id":null,"building_id":"default","building_name":"Default"},"geometry":{"type":"LineString","coordinates":[[-79.38100655,43.654834463],[-79.381090394,43.6548159]]}},{"type":"Feature","properties":{"access_type":"public","from_level_id":null,"is_accessible":true,"level_id":-1,"network_type":"corridor","to_level_id":null,"vertical_connection_id":null,"building_id":"default","building_name":"Default"},"geometry":{"type":"LineString","coordinates":[[-79.381038989,43.654911046],[-79.381121966,43.654892693]]}},{"type":"Feature","properties":{"access_type":"public","from_level_id":null,"is_accessible":true,"level_id":-1,"network_type":"corridor","to_level_id":null,"vertical_connection_id":null,"building_id":"default","building_name":"Default"},"geometry":{"type":"LineString","coordinates":[[-79.381038989,43.654911046],[-79.381054232,43.654947032]]}},{"type":"Feature","properties":{"access_type":"public","from_level_id":null,"is_accessible":true,"level_id":-1,"network_type":"corridor","to_level_id":null,"vertical_connection_id":null,"building_id":"default","building_name":"Default"},"geometry":{"type":"LineString","coordinates":[[-79.3810727,43.654990633],[-79.381154768,43.654972476]]}},{"type":"Feature","properties":{"access_type":"public","from_level_id":null,"is_accessible":true,"level_id":-1,"network_type":"corridor","to_level_id":null,"vertical_connection_id":null,"building_id":"default","building_name":"Default"},"geometry":{"type":"LineString","coordinates":[[-79.3810727,43.654990633],[-79.381096234,43.655046194]]}},{"type":"Feature","properties":{"access_type":"public","from_level_id":null,"is_accessible":true,"level_id":-1,"network_type":"corridor","to_level_id":null,"vertical_connection_id":null,"building_id":"default","building_name":"Default"},"geometry":{"type":"LineString","coordinates":[[-79.3810727,43.654990633],[-79.381054232,43.654947032]]}},{"type":"Feature","properties":{"access_type":"public","from_level_id":null,"is_accessible":true,"level_id":-1,"network_type":"corridor","to_level_id":null,"vertical_connection_id":null,"building_id":"default","building_name":"Default"},"geometry":{"type":"LineString","coordinates":[[-79.381096234,43.655046194],[-79.381177659,43.655028155]]}},{"type":"Feature","properties":{"access_type":"public","from_level_id":null,"is_accessible":true,"level_id":-1,"network_type":"corridor","to_level_id":null,"vertical_connection_id":null,"building_id":"default","building_name":"Default"},"geometry":{"type":"LineString","coordinates":[[-79.381096234,43.655046194],[-79.381099432,43.6550541]]}},{"type":"Feature","properties":{"access_type":"public","from_level_id":null,"is_accessible":true,"level_id":-1,"network_type":"corridor","to_level_id":null,"vertical_connection_id":null,"building_id":"default","building_name":"Default"},"geometry":{"type":"LineString","coordinates":[[-79.381156025,43.655187348],[-79.381235848,43.655169688]]}},{"type":"Feature","properties":{"access_type":"public","from_level_id":null,"is_accessible":true,"level_id":-1,"network_type":"corridor","to_level_id":null,"vertical_connection_id":null,"building_id":"default","building_name":"Default"},"geometry":{"type":"LineString","coordinates":[[-79.381156025,43.655187348],[-79.381053525,43.655209911]]}},{"type":"Feature","properties":{"access_type":"public","from_level_id":null,"is_accessible":true,"level_id":-1,"network_type":"corridor","to_level_id":null,"vertical_connection_id":null,"building_id":"default","building_name":"Default"},"geometry":{"type":"LineString","coordinates":[[-79.381156025,43.655187348],[-79.381131218,43.655128784]]}},{"type":"Feature","properties":{"access_type":"public","from_level_id":null,"is_accessible":true,"level_id":-1,"network_type":"corridor","to_level_id":null,"vertical_connection_id":null,"building_id":"default","building_name":"Default"},"geometry":{"type":"LineString","coordinates":[[-79.381156025,43.655187348],[-79.381188464,43.655263931]]}},{"type":"Feature","properties":{"access_type":"public","from_level_id":null,"is_accessible":true,"level_id":-1,"network_type":"corridor","to_level_id":null,"vertical_connection_id":null,"building_id":"default","building_name":"Default"},"geometry":{"type":"LineString","coordinates":[[-79.381023732,43.654653756],[-79.380938212,43.654673127]]}},{"type":"Feature","properties":{"access_type":"public","from_level_id":null,"is_accessible":true,"level_id":-1,"network_type":"corridor","to_level_id":null,"vertical_connection_id":null,"building_id":"default","building_name":"Default"},"geometry":{"type":"LineString","coordinates":[[-79.381211699,43.655110949],[-79.381131218,43.655128784]]}},{"type":"Feature","properties":{"access_type":"public","from_level_id":null,"is_accessible":true,"level_id":-1,"network_type":"corridor","to_level_id":null,"vertical_connection_id":null,"building_id":"default","building_name":"Default"},"geometry":{"type":"LineString","coordinates":[[-79.381267441,43.655246529],[-79.381188464,43.655263931]]}},{"type":"Feature","properties":{"access_type":"public","from_level_id":null,"is_accessible":true,"level_id":-1,"network_type":"corridor","to_level_id":null,"vertical_connection_id":null,"building_id":"default","building_name":"Default"},"geometry":{"type":"LineString","coordinates":[[-79.38096139,43.654727847],[-79.380844387,43.654753626]]}},{"type":"Feature","properties":{"access_type":"public","from_level_id":null,"is_accessible":true,"level_id":-1,"network_type":"corridor","to_level_id":null,"vertical_connection_id":null,"building_id":"default","building_name":"Default"},"geometry":{"type":"LineString","coordinates":[[-79.38096139,43.654727847],[-79.380945488,43.654690306]]}},{"type":"Feature","properties":{"access_type":"public","from_level_id":null,"is_accessible":true,"level_id":-1,"network_type":"corridor","to_level_id":null,"vertical_connection_id":null,"building_id":"default","building_name":"Default"},"geometry":{"type":"LineString","coordinates":[[-79.381026868,43.655151753],[-79.381131218,43.655128784]]}},{"type":"Feature","properties":{"access_type":"public","from_level_id":null,"is_accessible":true,"level_id":-1,"network_type":"corridor","to_level_id":null,"vertical_connection_id":null,"building_id":"default","building_name":"Default"},"geometry":{"type":"LineString","coordinates":[[-79.381176053,43.655332862],[-79.38114105,43.655390361]]}},{"type":"Feature","properties":{"access_type":"public","from_level_id":null,"is_accessible":true,"level_id":-1,"network_type":"corridor","to_level_id":null,"vertical_connection_id":null,"building_id":"default","building_name":"Default"},"geometry":{"type":"LineString","coordinates":[[-79.381176053,43.655332862],[-79.381199913,43.655290961]]}},{"type":"Feature","properties":{"access_type":"public","from_level_id":null,"is_accessible":true,"level_id":-1,"network_type":"corridor","to_level_id":null,"vertical_connection_id":null,"building_id":"default","building_name":"Default"},"geometry":{"type":"LineString","coordinates":[[-79.38114105,43.655390361],[-79.381106048,43.65544786]]}},{"type":"Feature","properties":{"access_type":"public","from_level_id":null,"is_accessible":true,"level_id":-1,"network_type":"corridor","to_level_id":null,"vertical_connection_id":null,"building_id":"default","building_name":"Default"},"geometry":{"type":"LineString","coordinates":[[-79.381147773,43.656019717],[-79.381163761,43.656057699]]}},{"type":"Feature","properties":{"access_type":"public","from_level_id":null,"is_accessible":true,"level_id":-1,"network_type":"corridor","to_level_id":null,"vertical_connection_id":null,"building_id":"default","building_name":"Default"},"geometry":{"type":"LineString","coordinates":[[-79.381147773,43.656019717],[-79.381034355,43.656043823]]}},{"type":"Feature","properties":{"access_type":"public","from_level_id":null,"is_accessible":true,"level_id":-1,"network_type":"corridor","to_level_id":null,"vertical_connection_id":null,"building_id":"default","building_name":"Default"},"geometry":{"type":"LineString","coordinates":[[-79.381147773,43.656019717],[-79.381129906,43.655978997]]}},{"type":"Feature","properties":{"access_type":"public","from_level_id":null,"is_accessible":true,"level_id":-1,"network_type":"corridor","to_level_id":null,"vertical_connection_id":null,"building_id":"default","building_name":"Default"},"geometry":{"type":"LineString","coordinates":[[-79.381139231,43.65617711],[-79.380969257,43.656216663]]}},{"type":"Feature","properties":{"access_type":"public","from_level_id":null,"is_accessible":true,"level_id":-1,"network_type":"corridor","to_level_id":null,"vertical_connection_id":null,"building_id":"default","building_name":"Default"},"geometry":{"type":"LineString","coordinates":[[-79.381163761,43.656057699],[-79.381232669,43.65604199]]}},{"type":"Feature","properties":{"access_type":"public","from_level_id":null,"is_accessible":true,"level_id":-1,"network_type":"corridor","to_level_id":null,"vertical_connection_id":null,"building_id":"default","building_name":"Default"},"geometry":{"type":"LineString","coordinates":[[-79.381163761,43.656057699],[-79.381171249,43.656075488]]}},{"type":"Feature","properties":{"access_type":"public","from_level_id":null,"is_accessible":true,"level_id":-1,"network_type":"corridor","to_level_id":null,"vertical_connection_id":null,"building_id":"default","building_name":"Default"},"geometry":{"type":"LineString","coordinates":[[-79.381185763,43.656111693],[-79.381261981,43.656094373]]}},{"type":"Feature","properties":{"access_type":"public","from_level_id":null,"is_accessible":true,"level_id":-1,"network_type":"corridor","to_level_id":null,"vertical_connection_id":null,"building_id":"default","building_name":"Default"},"geometry":{"type":"LineString","coordinates":[[-79.381185763,43.656111693],[-79.381171249,43.656075488]]}},{"type":"Feature","properties":{"access_type":"public","from_level_id":null,"is_accessible":true,"level_id":-1,"network_type":"corridor","to_level_id":null,"vertical_connection_id":null,"building_id":"default","building_name":"Default"},"geometry":{"type":"LineString","coordinates":[[-79.381171249,43.656075488],[-79.381142441,43.656081886]]}},{"type":"Feature","properties":{"access_type":"public","from_level_id":null,"is_accessible":true,"level_id":-1,"network_type":"corridor","to_level_id":null,"vertical_connection_id":null,"building_id":"default","building_name":"Default"},"geometry":{"type":"LineString","coordinates":[[-79.381026919,43.656107546],[-79.381142441,43.656081886]]}},{"type":"Feature","properties":{"access_type":"public","from_level_id":null,"is_accessible":true,"level_id":-1,"network_type":"corridor","to_level_id":null,"vertical_connection_id":null,"building_id":"default","building_name":"Default"},"geometry":{"type":"LineString","coordinates":[[-79.381033031,43.656000295],[-79.381129906,43.655978997]]}},{"type":"Feature","properties":{"access_type":"public","from_level_id":null,"is_accessible":true,"level_id":-1,"network_type":"corridor","to_level_id":null,"vertical_connection_id":null,"building_id":"default","building_name":"Default"},"geometry":{"type":"LineString","coordinates":[[-79.38105986,43.655959234],[-79.381117213,43.655947119]]}},{"type":"Feature","properties":{"access_type":"public","from_level_id":null,"is_accessible":true,"level_id":-1,"network_type":"corridor","to_level_id":null,"vertical_connection_id":null,"building_id":"default","building_name":"Default"},"geometry":{"type":"LineString","coordinates":[[-79.38105986,43.655959234],[-79.381005812,43.655949865]]}},{"type":"Feature","properties":{"access_type":"public","from_level_id":null,"is_accessible":true,"level_id":-1,"network_type":"corridor","to_level_id":null,"vertical_connection_id":null,"building_id":"default","building_name":"Default"},"geometry":{"type":"LineString","coordinates":[[-79.381034223,43.655926793],[-79.381117213,43.655947119]]}},{"type":"Feature","properties":{"access_type":"public","from_level_id":null,"is_accessible":true,"level_id":-1,"network_type":"corridor","to_level_id":null,"vertical_connection_id":null,"building_id":"default","building_name":"Default"},"geometry":{"type":"LineString","coordinates":[[-79.381144404,43.655538981],[-79.381106048,43.65544786]]}},{"type":"Feature","properties":{"access_type":"public","from_level_id":null,"is_accessible":true,"level_id":-1,"network_type":"corridor","to_level_id":null,"vertical_connection_id":null,"building_id":"default","building_name":"Default"},"geometry":{"type":"LineString","coordinates":[[-79.381144404,43.655538981],[-79.381087475,43.655552154]]}},{"type":"Feature","properties":{"access_type":"public","from_level_id":null,"is_accessible":true,"level_id":-1,"network_type":"corridor","to_level_id":null,"vertical_connection_id":null,"building_id":"default","building_name":"Default"},"geometry":{"type":"LineString","coordinates":[[-79.381144404,43.655538981],[-79.381173014,43.655606954]]}},{"type":"Feature","properties":{"access_type":"public","from_level_id":null,"is_accessible":true,"level_id":-1,"network_type":"corridor","to_level_id":null,"vertical_connection_id":null,"building_id":"default","building_name":"Default"},"geometry":{"type":"LineString","coordinates":[[-79.381106048,43.65544786],[-79.381048563,43.65546029]]}},{"type":"Feature","properties":{"access_type":"public","from_level_id":null,"is_accessible":true,"level_id":-1,"network_type":"corridor","to_level_id":null,"vertical_connection_id":null,"building_id":"default","building_name":"Default"},"geometry":{"type":"LineString","coordinates":[[-79.381106048,43.65544786],[-79.381168427,43.655434168]]}},{"type":"Feature","properties":{"access_type":"public","from_level_id":null,"is_accessible":true,"level_id":-1,"network_type":"corridor","to_level_id":null,"vertical_connection_id":null,"building_id":"default","building_name":"Default"},"geometry":{"type":"LineString","coordinates":[[-79.381173014,43.655606954],[-79.381113858,43.655620222]]}},{"type":"Feature","properties":{"access_type":"public","from_level_id":null,"is_accessible":true,"level_id":-1,"network_type":"corridor","to_level_id":null,"vertical_connection_id":null,"building_id":"default","building_name":"Default"},"geometry":{"type":"LineString","coordinates":[[-79.381173014,43.655606954],[-79.381206733,43.655687052]]}},{"type":"Feature","properties":{"access_type":"public","from_level_id":null,"is_accessible":true,"level_id":-1,"network_type":"corridor","to_level_id":null,"vertical_connection_id":null,"building_id":"default","building_name":"Default"},"geometry":{"type":"LineString","coordinates":[[-79.381173014,43.655606954],[-79.381227906,43.655594642]]}},{"type":"Feature","properties":{"access_type":"public","from_level_id":null,"is_accessible":true,"level_id":-1,"network_type":"corridor","to_level_id":null,"vertical_connection_id":null,"building_id":"default","building_name":"Default"},"geometry":{"type":"LineString","coordinates":[[-79.381098684,43.655687464],[-79.381152552,43.65569899]]}},{"type":"Feature","properties":{"access_type":"public","from_level_id":null,"is_accessible":true,"level_id":-1,"network_type":"corridor","to_level_id":null,"vertical_connection_id":null,"building_id":"default","building_name":"Default"},"geometry":{"type":"LineString","coordinates":[[-79.381098246,43.655784754],[-79.381159861,43.655771487]]}},{"type":"Feature","properties":{"access_type":"public","from_level_id":null,"is_accessible":true,"level_id":-1,"network_type":"corridor","to_level_id":null,"vertical_connection_id":null,"building_id":"default","building_name":"Default"},"geometry":{"type":"LineString","coordinates":[[-79.381073597,43.655871535],[-79.381189799,43.655846061]]}},{"type":"Feature","properties":{"access_type":"public","from_level_id":null,"is_accessible":true,"level_id":-1,"network_type":"corridor","to_level_id":null,"vertical_connection_id":null,"building_id":"default","building_name":"Default"},"geometry":{"type":"LineString","coordinates":[[-79.381332566,43.655746258],[-79.381299672,43.655753506]]}},{"type":"Feature","properties":{"access_type":"public","from_level_id":null,"is_accessible":true,"level_id":-1,"network_type":"corridor","to_level_id":null,"vertical_connection_id":null,"building_id":"default","building_name":"Default"},"geometry":{"type":"LineString","coordinates":[[-79.381205267,43.655929032],[-79.381208556,43.65591097]]}},{"type":"Feature","properties":{"access_type":"public","from_level_id":null,"is_accessible":true,"level_id":-1,"network_type":"corridor","to_level_id":null,"vertical_connection_id":null,"building_id":"default","building_name":"Default"},"geometry":{"type":"LineString","coordinates":[[-79.381345688,43.655875761],[-79.381262861,43.655809855]]}},{"type":"Feature","properties":{"access_type":"public","from_level_id":null,"is_accessible":true,"level_id":-1,"network_type":"corridor","to_level_id":null,"vertical_connection_id":null,"building_id":"default","building_name":"Default"},"geometry":{"type":"LineString","coordinates":[[-79.381345688,43.655875761],[-79.381282508,43.655863677]]}},{"type":"Feature","properties":{"access_type":"public","from_level_id":null,"is_accessible":true,"level_id":0,"network_type":"corridor","to_level_id":null,"vertical_connection_id":null,"building_id":"default","building_name":"Default"},"geometry":{"type":"LineString","coordinates":[[-79.379649767,43.652207626],[-79.379936047,43.652144593]]}},{"type":"Feature","properties":{"access_type":"public","from_level_id":null,"is_accessible":true,"level_id":0,"network_type":"corridor","to_level_id":null,"vertical_connection_id":null,"building_id":"default","building_name":"Default"},"geometry":{"type":"LineString","coordinates":[[-79.380143964,43.652561756],[-79.380299703,43.652527437]]}},{"type":"Feature","properties":{"access_type":"public","from_level_id":null,"is_accessible":true,"level_id":0,"network_type":"corridor","to_level_id":null,"vertical_connection_id":null,"building_id":"default","building_name":"Default"},"geometry":{"type":"LineString","coordinates":[[-79.380143964,43.652561756],[-79.380157749,43.652594575]]}},{"type":"Feature","properties":{"access_type":"public","from_level_id":null,"is_accessible":true,"level_id":0,"network_type":"corridor","to_level_id":null,"vertical_connection_id":null,"building_id":"default","building_name":"Default"},"geometry":{"type":"LineString","coordinates":[[-79.380143964,43.652561756],[-79.380110538,43.652484142]]}},{"type":"Feature","properties":{"access_type":"public","from_level_id":null,"is_accessible":true,"level_id":0,"network_type":"corridor","to_level_id":null,"vertical_connection_id":null,"building_id":"default","building_name":"Default"},"geometry":{"type":"LineString","coordinates":[[-79.380143964,43.652561756],[-79.380023526,43.652588295]]}},{"type":"Feature","properties":{"access_type":"public","from_level_id":null,"is_accessible":true,"level_id":0,"network_type":"corridor","to_level_id":null,"vertical_connection_id":null,"building_id":"default","building_name":"Default"},"geometry":{"type":"LineString","coordinates":[[-79.380299703,43.652527437],[-79.380357608,43.652545543]]}},{"type":"Feature","properties":{"access_type":"public","from_level_id":null,"is_accessible":true,"level_id":0,"network_type":"corridor","to_level_id":null,"vertical_connection_id":null,"building_id":"default","building_name":"Default"},"geometry":{"type":"LineString","coordinates":[[-79.38048024,43.652593649],[-79.380357608,43.652545543]]}},{"type":"Feature","properties":{"access_type":"public","from_level_id":null,"is_accessible":true,"level_id":0,"network_type":"corridor","to_level_id":null,"vertical_connection_id":null,"building_id":"default","building_name":"Default"},"geometry":{"type":"LineString","coordinates":[[-79.38048024,43.652593649],[-79.380516747,43.6525441]]}},{"type":"Feature","properties":{"access_type":"public","from_level_id":null,"is_accessible":true,"level_id":0,"network_type":"corridor","to_level_id":null,"vertical_connection_id":null,"building_id":"default","building_name":"Default"},"geometry":{"type":"LineString","coordinates":[[-79.380071408,43.652462815],[-79.379950406,43.652488426]]}},{"type":"Feature","properties":{"access_type":"public","from_level_id":null,"is_accessible":true,"level_id":0,"network_type":"corridor","to_level_id":null,"vertical_connection_id":null,"building_id":"default","building_name":"Default"},"geometry":{"type":"LineString","coordinates":[[-79.380071408,43.652462815],[-79.380082718,43.652489958]]}},{"type":"Feature","properties":{"access_type":"public","from_level_id":null,"is_accessible":true,"level_id":0,"network_type":"corridor","to_level_id":null,"vertical_connection_id":null,"building_id":"default","building_name":"Default"},"geometry":{"type":"LineString","coordinates":[[-79.380071408,43.652462815],[-79.380063023,43.652439973]]}},{"type":"Feature","properties":{"access_type":"public","from_level_id":null,"is_accessible":true,"level_id":0,"network_type":"corridor","to_level_id":null,"vertical_connection_id":null,"building_id":"default","building_name":"Default"},"geometry":{"type":"LineString","coordinates":[[-79.380178658,43.652468869],[-79.380110538,43.652484142]]}},{"type":"Feature","properties":{"access_type":"public","from_level_id":null,"is_accessible":true,"level_id":0,"network_type":"corridor","to_level_id":null,"vertical_connection_id":null,"building_id":"default","building_name":"Default"},"geometry":{"type":"LineString","coordinates":[[-79.380063023,43.652439973],[-79.380028866,43.65236055]]}},{"type":"Feature","properties":{"access_type":"public","from_level_id":null,"is_accessible":true,"level_id":0,"network_type":"corridor","to_level_id":null,"vertical_connection_id":null,"building_id":"default","building_name":"Default"},"geometry":{"type":"LineString","coordinates":[[-79.380509359,43.65225572],[-79.380633877,43.65222723]]}},{"type":"Feature","properties":{"access_type":"public","from_level_id":null,"is_accessible":true,"level_id":0,"network_type":"corridor","to_level_id":null,"vertical_connection_id":null,"building_id":"default","building_name":"Default"},"geometry":{"type":"LineString","coordinates":[[-79.380509359,43.65225572],[-79.380028866,43.65236055]]}},{"type":"Feature","properties":{"access_type":"public","from_level_id":null,"is_accessible":true,"level_id":0,"network_type":"corridor","to_level_id":null,"vertical_connection_id":null,"building_id":"default","building_name":"Default"},"geometry":{"type":"LineString","coordinates":[[-79.380229901,43.652644085],[-79.380245693,43.652680533]]}},{"type":"Feature","properties":{"access_type":"public","from_level_id":null,"is_accessible":true,"level_id":0,"network_type":"corridor","to_level_id":null,"vertical_connection_id":null,"building_id":"default","building_name":"Default"},"geometry":{"type":"LineString","coordinates":[[-79.380229901,43.652644085],[-79.380277789,43.652610303]]}},{"type":"Feature","properties":{"access_type":"public","from_level_id":null,"is_accessible":true,"level_id":0,"network_type":"corridor","to_level_id":null,"vertical_connection_id":null,"building_id":"default","building_name":"Default"},"geometry":{"type":"LineString","coordinates":[[-79.380229901,43.652644085],[-79.380191744,43.65262675]]}},{"type":"Feature","properties":{"access_type":"public","from_level_id":null,"is_accessible":true,"level_id":0,"network_type":"corridor","to_level_id":null,"vertical_connection_id":null,"building_id":"default","building_name":"Default"},"geometry":{"type":"LineString","coordinates":[[-79.380264629,43.652906213],[-79.380189294,43.652922813]]}},{"type":"Feature","properties":{"access_type":"public","from_level_id":null,"is_accessible":true,"level_id":0,"network_type":"corridor","to_level_id":null,"vertical_connection_id":null,"building_id":"default","building_name":"Default"},"geometry":{"type":"LineString","coordinates":[[-79.380264629,43.652906213],[-79.380263668,43.652902058]]}},{"type":"Feature","properties":{"access_type":"public","from_level_id":null,"is_accessible":true,"level_id":0,"network_type":"corridor","to_level_id":null,"vertical_connection_id":null,"building_id":"default","building_name":"Default"},"geometry":{"type":"LineString","coordinates":[[-79.380264629,43.652906213],[-79.380301994,43.652996487]]}},{"type":"Feature","properties":{"access_type":"public","from_level_id":null,"is_accessible":true,"level_id":0,"network_type":"corridor","to_level_id":null,"vertical_connection_id":null,"building_id":"default","building_name":"Default"},"geometry":{"type":"LineString","coordinates":[[-79.380305559,43.652821671],[-79.380235696,43.652836653]]}},{"type":"Feature","properties":{"access_type":"public","from_level_id":null,"is_accessible":true,"level_id":0,"network_type":"corridor","to_level_id":null,"vertical_connection_id":null,"building_id":"default","building_name":"Default"},"geometry":{"type":"LineString","coordinates":[[-79.380305559,43.652821671],[-79.380299868,43.652808149]]}},{"type":"Feature","properties":{"access_type":"public","from_level_id":null,"is_accessible":true,"level_id":0,"network_type":"corridor","to_level_id":null,"vertical_connection_id":null,"building_id":"default","building_name":"Default"},"geometry":{"type":"LineString","coordinates":[[-79.380245693,43.652680533],[-79.38032502,43.652663053]]}},{"type":"Feature","properties":{"access_type":"public","from_level_id":null,"is_accessible":true,"level_id":0,"network_type":"corridor","to_level_id":null,"vertical_connection_id":null,"building_id":"default","building_name":"Default"},"geometry":{"type":"LineString","coordinates":[[-79.380245693,43.652680533],[-79.380266473,43.652728495]]}},{"type":"Feature","properties":{"access_type":"public","from_level_id":null,"is_accessible":true,"level_id":0,"network_type":"corridor","to_level_id":null,"vertical_connection_id":null,"building_id":"default","building_name":"Default"},"geometry":{"type":"LineString","coordinates":[[-79.380245693,43.652680533],[-79.380217041,43.652686847]]}},{"type":"Feature","properties":{"access_type":"public","from_level_id":null,"is_accessible":true,"level_id":0,"network_type":"corridor","to_level_id":null,"vertical_connection_id":null,"building_id":"default","building_name":"Default"},"geometry":{"type":"LineString","coordinates":[[-79.380157749,43.652594575],[-79.380238293,43.65257874]]}},{"type":"Feature","properties":{"access_type":"public","from_level_id":null,"is_accessible":true,"level_id":0,"network_type":"corridor","to_level_id":null,"vertical_connection_id":null,"building_id":"default","building_name":"Default"},"geometry":{"type":"LineString","coordinates":[[-79.380157749,43.652594575],[-79.380167408,43.652616838]]}},{"type":"Feature","properties":{"access_type":"public","from_level_id":null,"is_accessible":true,"level_id":0,"network_type":"corridor","to_level_id":null,"vertical_connection_id":null,"building_id":"default","building_name":"Default"},"geometry":{"type":"LineString","coordinates":[[-79.380382644,43.652790105],[-79.380299868,43.652808149]]}},{"type":"Feature","properties":{"access_type":"public","from_level_id":null,"is_accessible":true,"level_id":0,"network_type":"corridor","to_level_id":null,"vertical_connection_id":null,"building_id":"default","building_name":"Default"},"geometry":{"type":"LineString","coordinates":[[-79.379960458,43.652756521],[-79.380018601,43.652743709]]}},{"type":"Feature","properties":{"access_type":"public","from_level_id":null,"is_accessible":true,"level_id":0,"network_type":"corridor","to_level_id":null,"vertical_connection_id":null,"building_id":"default","building_name":"Default"},"geometry":{"type":"LineString","coordinates":[[-79.379929376,43.652666505],[-79.379997901,43.652651405]]}},{"type":"Feature","properties":{"access_type":"public","from_level_id":null,"is_accessible":true,"level_id":0,"network_type":"corridor","to_level_id":null,"vertical_connection_id":null,"building_id":"default","building_name":"Default"},"geometry":{"type":"LineString","coordinates":[[-79.380160086,43.652876712],[-79.380195504,43.652845922]]}},{"type":"Feature","properties":{"access_type":"public","from_level_id":null,"is_accessible":true,"level_id":0,"network_type":"corridor","to_level_id":null,"vertical_connection_id":null,"building_id":"default","building_name":"Default"},"geometry":{"type":"LineString","coordinates":[[-79.380046616,43.652842611],[-79.380083805,43.65280158]]}},{"type":"Feature","properties":{"access_type":"public","from_level_id":null,"is_accessible":true,"level_id":0,"network_type":"corridor","to_level_id":null,"vertical_connection_id":null,"building_id":"default","building_name":"Default"},"geometry":{"type":"LineString","coordinates":[[-79.380064063,43.652660664],[-79.379990775,43.652677602]]}},{"type":"Feature","properties":{"access_type":"public","from_level_id":null,"is_accessible":true,"level_id":0,"network_type":"corridor","to_level_id":null,"vertical_connection_id":null,"building_id":"default","building_name":"Default"},"geometry":{"type":"LineString","coordinates":[[-79.380109235,43.65276247],[-79.380065689,43.652745271]]}},{"type":"Feature","properties":{"access_type":"public","from_level_id":null,"is_accessible":true,"level_id":0,"network_type":"corridor","to_level_id":null,"vertical_connection_id":null,"building_id":"default","building_name":"Default"},"geometry":{"type":"LineString","coordinates":[[-79.380023526,43.652588295],[-79.379997901,43.652651405]]}},{"type":"Feature","properties":{"access_type":"public","from_level_id":null,"is_accessible":true,"level_id":0,"network_type":"corridor","to_level_id":null,"vertical_connection_id":null,"building_id":"default","building_name":"Default"},"geometry":{"type":"LineString","coordinates":[[-79.380023526,43.652588295],[-79.380065483,43.652493545]]}},{"type":"Feature","properties":{"access_type":"public","from_level_id":null,"is_accessible":true,"level_id":0,"network_type":"corridor","to_level_id":null,"vertical_connection_id":null,"building_id":"default","building_name":"Default"},"geometry":{"type":"LineString","coordinates":[[-79.379997901,43.652651405],[-79.379990775,43.652677602]]}},{"type":"Feature","properties":{"access_type":"public","from_level_id":null,"is_accessible":true,"level_id":0,"network_type":"corridor","to_level_id":null,"vertical_connection_id":null,"building_id":"default","building_name":"Default"},"geometry":{"type":"LineString","coordinates":[[-79.379941664,43.653622278],[-79.380090329,43.653589839]]}},{"type":"Feature","properties":{"access_type":"public","from_level_id":null,"is_accessible":true,"level_id":0,"network_type":"corridor","to_level_id":null,"vertical_connection_id":null,"building_id":"default","building_name":"Default"},"geometry":{"type":"LineString","coordinates":[[-79.379941664,43.653622278],[-79.379863051,43.653639075]]}},{"type":"Feature","properties":{"access_type":"public","from_level_id":null,"is_accessible":true,"level_id":0,"network_type":"corridor","to_level_id":null,"vertical_connection_id":null,"building_id":"default","building_name":"Default"},"geometry":{"type":"LineString","coordinates":[[-79.380837877,43.6547008],[-79.380865072,43.654765405]]}},{"type":"Feature","properties":{"access_type":"public","from_level_id":null,"is_accessible":true,"level_id":0,"network_type":"corridor","to_level_id":null,"vertical_connection_id":null,"building_id":"default","building_name":"Default"},"geometry":{"type":"LineString","coordinates":[[-79.380837877,43.6547008],[-79.380761043,43.654717731]]}},{"type":"Feature","properties":{"access_type":"public","from_level_id":null,"is_accessible":true,"level_id":0,"network_type":"corridor","to_level_id":null,"vertical_connection_id":null,"building_id":"default","building_name":"Default"},"geometry":{"type":"LineString","coordinates":[[-79.380837877,43.6547008],[-79.380912399,43.654646683]]}},{"type":"Feature","properties":{"access_type":"public","from_level_id":null,"is_accessible":true,"level_id":0,"network_type":"corridor","to_level_id":null,"vertical_connection_id":null,"building_id":"default","building_name":"Default"},"geometry":{"type":"LineString","coordinates":[[-79.380837877,43.6547008],[-79.380833798,43.654642594]]}},{"type":"Feature","properties":{"access_type":"public","from_level_id":null,"is_accessible":true,"level_id":0,"network_type":"corridor","to_level_id":null,"vertical_connection_id":null,"building_id":"default","building_name":"Default"},"geometry":{"type":"LineString","coordinates":[[-79.381191924,43.655536689],[-79.381176789,43.655631821]]}},{"type":"Feature","properties":{"access_type":"public","from_level_id":null,"is_accessible":true,"level_id":0,"network_type":"corridor","to_level_id":null,"vertical_connection_id":null,"building_id":"default","building_name":"Default"},"geometry":{"type":"LineString","coordinates":[[-79.381191924,43.655536689],[-79.381177355,43.655502072]]}},{"type":"Feature","properties":{"access_type":"public","from_level_id":null,"is_accessible":true,"level_id":0,"network_type":"corridor","to_level_id":null,"vertical_connection_id":null,"building_id":"default","building_name":"Default"},"geometry":{"type":"LineString","coordinates":[[-79.380408403,43.653248861],[-79.380463896,43.653381111]]}},{"type":"Feature","properties":{"access_type":"public","from_level_id":null,"is_accessible":true,"level_id":0,"network_type":"corridor","to_level_id":null,"vertical_connection_id":null,"building_id":"default","building_name":"Default"},"geometry":{"type":"LineString","coordinates":[[-79.380408403,43.653248861],[-79.380370568,43.653158691]]}},{"type":"Feature","properties":{"access_type":"public","from_level_id":null,"is_accessible":true,"level_id":0,"network_type":"corridor","to_level_id":null,"vertical_connection_id":null,"building_id":"default","building_name":"Default"},"geometry":{"type":"LineString","coordinates":[[-79.380408403,43.653248861],[-79.380519599,43.653224112]]}},{"type":"Feature","properties":{"access_type":"public","from_level_id":null,"is_accessible":true,"level_id":0,"network_type":"corridor","to_level_id":null,"vertical_connection_id":null,"building_id":"default","building_name":"Default"},"geometry":{"type":"LineString","coordinates":[[-79.380408403,43.653248861],[-79.380337012,43.653264421]]}},{"type":"Feature","properties":{"access_type":"public","from_level_id":null,"is_accessible":true,"level_id":0,"network_type":"corridor","to_level_id":null,"vertical_connection_id":null,"building_id":"default","building_name":"Default"},"geometry":{"type":"LineString","coordinates":[[-79.380463896,43.653381111],[-79.380486663,43.653435199]]}},{"type":"Feature","properties":{"access_type":"public","from_level_id":null,"is_accessible":true,"level_id":0,"network_type":"corridor","to_level_id":null,"vertical_connection_id":null,"building_id":"default","building_name":"Default"},"geometry":{"type":"LineString","coordinates":[[-79.380463896,43.653381111],[-79.380580182,43.653355487]]}},{"type":"Feature","properties":{"access_type":"public","from_level_id":null,"is_accessible":true,"level_id":0,"network_type":"corridor","to_level_id":null,"vertical_connection_id":null,"building_id":"default","building_name":"Default"},"geometry":{"type":"LineString","coordinates":[[-79.380307509,43.653008407],[-79.38033021,43.653062509]]}},{"type":"Feature","properties":{"access_type":"public","from_level_id":null,"is_accessible":true,"level_id":0,"network_type":"corridor","to_level_id":null,"vertical_connection_id":null,"building_id":"default","building_name":"Default"},"geometry":{"type":"LineString","coordinates":[[-79.380307509,43.653008407],[-79.380229851,43.6530256]]}},{"type":"Feature","properties":{"access_type":"public","from_level_id":null,"is_accessible":true,"level_id":0,"network_type":"corridor","to_level_id":null,"vertical_connection_id":null,"building_id":"default","building_name":"Default"},"geometry":{"type":"LineString","coordinates":[[-79.380307509,43.653008407],[-79.380301994,43.652996487]]}},{"type":"Feature","properties":{"access_type":"public","from_level_id":null,"is_accessible":true,"level_id":0,"network_type":"corridor","to_level_id":null,"vertical_connection_id":null,"building_id":"default","building_name":"Default"},"geometry":{"type":"LineString","coordinates":[[-79.38033021,43.653062509],[-79.380355434,43.653122623]]}},{"type":"Feature","properties":{"access_type":"public","from_level_id":null,"is_accessible":true,"level_id":0,"network_type":"corridor","to_level_id":null,"vertical_connection_id":null,"building_id":"default","building_name":"Default"},"geometry":{"type":"LineString","coordinates":[[-79.38033021,43.653062509],[-79.380254039,43.653079507]]}},{"type":"Feature","properties":{"access_type":"public","from_level_id":null,"is_accessible":true,"level_id":0,"network_type":"corridor","to_level_id":null,"vertical_connection_id":null,"building_id":"default","building_name":"Default"},"geometry":{"type":"LineString","coordinates":[[-79.380355434,43.653122623],[-79.380370568,43.653158691]]}},{"type":"Feature","properties":{"access_type":"public","from_level_id":null,"is_accessible":true,"level_id":0,"network_type":"corridor","to_level_id":null,"vertical_connection_id":null,"building_id":"default","building_name":"Default"},"geometry":{"type":"LineString","coordinates":[[-79.380355434,43.653122623],[-79.380280766,43.65313907]]}},{"type":"Feature","properties":{"access_type":"public","from_level_id":null,"is_accessible":true,"level_id":0,"network_type":"corridor","to_level_id":null,"vertical_connection_id":null,"building_id":"default","building_name":"Default"},"geometry":{"type":"LineString","coordinates":[[-79.380370568,43.653158691],[-79.380478258,43.653134464]]}},{"type":"Feature","properties":{"access_type":"public","from_level_id":null,"is_accessible":true,"level_id":0,"network_type":"corridor","to_level_id":null,"vertical_connection_id":null,"building_id":"default","building_name":"Default"},"geometry":{"type":"LineString","coordinates":[[-79.380486663,43.653435199],[-79.380420214,43.653449842]]}},{"type":"Feature","properties":{"access_type":"public","from_level_id":null,"is_accessible":true,"level_id":0,"network_type":"corridor","to_level_id":null,"vertical_connection_id":null,"building_id":"default","building_name":"Default"},"geometry":{"type":"LineString","coordinates":[[-79.380486663,43.653435199],[-79.380506269,43.653481775]]}},{"type":"Feature","properties":{"access_type":"public","from_level_id":null,"is_accessible":true,"level_id":0,"network_type":"corridor","to_level_id":null,"vertical_connection_id":null,"building_id":"default","building_name":"Default"},"geometry":{"type":"LineString","coordinates":[[-79.380401668,43.652974523],[-79.380301994,43.652996487]]}},{"type":"Feature","properties":{"access_type":"public","from_level_id":null,"is_accessible":true,"level_id":0,"network_type":"corridor","to_level_id":null,"vertical_connection_id":null,"building_id":"default","building_name":"Default"},"geometry":{"type":"LineString","coordinates":[[-79.379805894,43.653499836],[-79.379888956,43.653481533]]}},{"type":"Feature","properties":{"access_type":"public","from_level_id":null,"is_accessible":true,"level_id":0,"network_type":"corridor","to_level_id":null,"vertical_connection_id":null,"building_id":"default","building_name":"Default"},"geometry":{"type":"LineString","coordinates":[[-79.379805894,43.653499836],[-79.379863051,43.653639075]]}},{"type":"Feature","properties":{"access_type":"public","from_level_id":null,"is_accessible":true,"level_id":0,"network_type":"corridor","to_level_id":null,"vertical_connection_id":null,"building_id":"default","building_name":"Default"},"geometry":{"type":"LineString","coordinates":[[-79.380853426,43.654319592],[-79.380939608,43.654300768]]}},{"type":"Feature","properties":{"access_type":"public","from_level_id":null,"is_accessible":true,"level_id":0,"network_type":"corridor","to_level_id":null,"vertical_connection_id":null,"building_id":"default","building_name":"Default"},"geometry":{"type":"LineString","coordinates":[[-79.380853426,43.654319592],[-79.380780305,43.654335083]]}},{"type":"Feature","properties":{"access_type":"public","from_level_id":null,"is_accessible":true,"level_id":0,"network_type":"corridor","to_level_id":null,"vertical_connection_id":null,"building_id":"default","building_name":"Default"},"geometry":{"type":"LineString","coordinates":[[-79.380765151,43.653557714],[-79.380706332,43.653570648]]}},{"type":"Feature","properties":{"access_type":"public","from_level_id":null,"is_accessible":true,"level_id":0,"network_type":"corridor","to_level_id":null,"vertical_connection_id":null,"building_id":"default","building_name":"Default"},"geometry":{"type":"LineString","coordinates":[[-79.38031459,43.653645702],[-79.380412991,43.653625066]]}},{"type":"Feature","properties":{"access_type":"public","from_level_id":null,"is_accessible":true,"level_id":0,"network_type":"corridor","to_level_id":null,"vertical_connection_id":null,"building_id":"default","building_name":"Default"},"geometry":{"type":"LineString","coordinates":[[-79.380424722,43.653762432],[-79.380467248,43.653752863]]}},{"type":"Feature","properties":{"access_type":"public","from_level_id":null,"is_accessible":true,"level_id":0,"network_type":"corridor","to_level_id":null,"vertical_connection_id":null,"building_id":"default","building_name":"Default"},"geometry":{"type":"LineString","coordinates":[[-79.380487228,43.653857017],[-79.380532912,43.65384695]]}},{"type":"Feature","properties":{"access_type":"public","from_level_id":null,"is_accessible":true,"level_id":0,"network_type":"corridor","to_level_id":null,"vertical_connection_id":null,"building_id":"default","building_name":"Default"},"geometry":{"type":"LineString","coordinates":[[-79.380819055,43.653890614],[-79.380771225,43.653900759]]}},{"type":"Feature","properties":{"access_type":"public","from_level_id":null,"is_accessible":true,"level_id":0,"network_type":"corridor","to_level_id":null,"vertical_connection_id":null,"building_id":"default","building_name":"Default"},"geometry":{"type":"LineString","coordinates":[[-79.38055452,43.65395219],[-79.380614647,43.653939203]]}},{"type":"Feature","properties":{"access_type":"public","from_level_id":null,"is_accessible":true,"level_id":0,"network_type":"corridor","to_level_id":null,"vertical_connection_id":null,"building_id":"default","building_name":"Default"},"geometry":{"type":"LineString","coordinates":[[-79.38058082,43.654019874],[-79.380642877,43.654006666]]}},{"type":"Feature","properties":{"access_type":"public","from_level_id":null,"is_accessible":true,"level_id":0,"network_type":"corridor","to_level_id":null,"vertical_connection_id":null,"building_id":"default","building_name":"Default"},"geometry":{"type":"LineString","coordinates":[[-79.380880312,43.654004449],[-79.380820303,43.654017348]]}},{"type":"Feature","properties":{"access_type":"public","from_level_id":null,"is_accessible":true,"level_id":0,"network_type":"corridor","to_level_id":null,"vertical_connection_id":null,"building_id":"default","building_name":"Default"},"geometry":{"type":"LineString","coordinates":[[-79.380599488,43.654067917],[-79.380662654,43.654053927]]}},{"type":"Feature","properties":{"access_type":"public","from_level_id":null,"is_accessible":true,"level_id":0,"network_type":"corridor","to_level_id":null,"vertical_connection_id":null,"building_id":"default","building_name":"Default"},"geometry":{"type":"LineString","coordinates":[[-79.380910073,43.654059753],[-79.380844083,43.65407384]]}},{"type":"Feature","properties":{"access_type":"public","from_level_id":null,"is_accessible":true,"level_id":0,"network_type":"corridor","to_level_id":null,"vertical_connection_id":null,"building_id":"default","building_name":"Default"},"geometry":{"type":"LineString","coordinates":[[-79.380640623,43.654173778],[-79.380706735,43.654159271]]}},{"type":"Feature","properties":{"access_type":"public","from_level_id":null,"is_accessible":true,"level_id":0,"network_type":"corridor","to_level_id":null,"vertical_connection_id":null,"building_id":"default","building_name":"Default"},"geometry":{"type":"LineString","coordinates":[[-79.380935081,43.654106225],[-79.380864422,43.654122158]]}},{"type":"Feature","properties":{"access_type":"public","from_level_id":null,"is_accessible":true,"level_id":0,"network_type":"corridor","to_level_id":null,"vertical_connection_id":null,"building_id":"default","building_name":"Default"},"geometry":{"type":"LineString","coordinates":[[-79.380977223,43.654184537],[-79.38089822,43.654202449]]}},{"type":"Feature","properties":{"access_type":"public","from_level_id":null,"is_accessible":true,"level_id":0,"network_type":"corridor","to_level_id":null,"vertical_connection_id":null,"building_id":"default","building_name":"Default"},"geometry":{"type":"LineString","coordinates":[[-79.380672013,43.65425456],[-79.38074035,43.654239601]]}},{"type":"Feature","properties":{"access_type":"public","from_level_id":null,"is_accessible":true,"level_id":0,"network_type":"corridor","to_level_id":null,"vertical_connection_id":null,"building_id":"default","building_name":"Default"},"geometry":{"type":"LineString","coordinates":[[-79.381029595,43.654281859],[-79.380939608,43.654300768]]}},{"type":"Feature","properties":{"access_type":"public","from_level_id":null,"is_accessible":true,"level_id":0,"network_type":"corridor","to_level_id":null,"vertical_connection_id":null,"building_id":"default","building_name":"Default"},"geometry":{"type":"LineString","coordinates":[[-79.381029595,43.654281859],[-79.381278491,43.654229507]]}},{"type":"Feature","properties":{"access_type":"public","from_level_id":null,"is_accessible":true,"level_id":0,"network_type":"corridor","to_level_id":null,"vertical_connection_id":null,"building_id":"default","building_name":"Default"},"geometry":{"type":"LineString","coordinates":[[-79.380744872,43.65434275],[-79.380780305,43.654335083]]}},{"type":"Feature","properties":{"access_type":"public","from_level_id":null,"is_accessible":true,"level_id":0,"network_type":"corridor","to_level_id":null,"vertical_connection_id":null,"building_id":"default","building_name":"Default"},"geometry":{"type":"LineString","coordinates":[[-79.380888749,43.654347274],[-79.380953123,43.654333089]]}},{"type":"Feature","properties":{"access_type":"public","from_level_id":null,"is_accessible":true,"level_id":0,"network_type":"corridor","to_level_id":null,"vertical_connection_id":null,"building_id":"default","building_name":"Default"},"geometry":{"type":"LineString","coordinates":[[-79.38052767,43.653762586],[-79.380540471,43.653792995]]}},{"type":"Feature","properties":{"access_type":"public","from_level_id":null,"is_accessible":true,"level_id":0,"network_type":"corridor","to_level_id":null,"vertical_connection_id":null,"building_id":"default","building_name":"Default"},"geometry":{"type":"LineString","coordinates":[[-79.380446722,43.653581386],[-79.38039897,43.653592039]]}},{"type":"Feature","properties":{"access_type":"public","from_level_id":null,"is_accessible":true,"level_id":0,"network_type":"corridor","to_level_id":null,"vertical_connection_id":null,"building_id":"default","building_name":"Default"},"geometry":{"type":"LineString","coordinates":[[-79.381070453,43.654369218],[-79.380995858,43.654386093]]}},{"type":"Feature","properties":{"access_type":"public","from_level_id":null,"is_accessible":true,"level_id":0,"network_type":"corridor","to_level_id":null,"vertical_connection_id":null,"building_id":"default","building_name":"Default"},"geometry":{"type":"LineString","coordinates":[[-79.380750598,43.654493464],[-79.380787977,43.654485227]]}},{"type":"Feature","properties":{"access_type":"public","from_level_id":null,"is_accessible":true,"level_id":0,"network_type":"corridor","to_level_id":null,"vertical_connection_id":null,"building_id":"default","building_name":"Default"},"geometry":{"type":"LineString","coordinates":[[-79.380757439,43.654394996],[-79.380801239,43.654385109]]}},{"type":"Feature","properties":{"access_type":"public","from_level_id":null,"is_accessible":true,"level_id":0,"network_type":"corridor","to_level_id":null,"vertical_connection_id":null,"building_id":"default","building_name":"Default"},"geometry":{"type":"LineString","coordinates":[[-79.380759505,43.654556005],[-79.380827189,43.654578378]]}},{"type":"Feature","properties":{"access_type":"public","from_level_id":null,"is_accessible":true,"level_id":0,"network_type":"corridor","to_level_id":null,"vertical_connection_id":null,"building_id":"default","building_name":"Default"},"geometry":{"type":"LineString","coordinates":[[-79.381132121,43.65450107],[-79.381063961,43.654515532]]}},{"type":"Feature","properties":{"access_type":"public","from_level_id":null,"is_accessible":true,"level_id":0,"network_type":"corridor","to_level_id":null,"vertical_connection_id":null,"building_id":"default","building_name":"Default"},"geometry":{"type":"LineString","coordinates":[[-79.381096768,43.654590884],[-79.381018586,43.654553934]]}},{"type":"Feature","properties":{"access_type":"public","from_level_id":null,"is_accessible":true,"level_id":0,"network_type":"corridor","to_level_id":null,"vertical_connection_id":null,"building_id":"default","building_name":"Default"},"geometry":{"type":"LineString","coordinates":[[-79.380981649,43.654686187],[-79.380912399,43.654646683]]}},{"type":"Feature","properties":{"access_type":"public","from_level_id":null,"is_accessible":true,"level_id":0,"network_type":"corridor","to_level_id":null,"vertical_connection_id":null,"building_id":"default","building_name":"Default"},"geometry":{"type":"LineString","coordinates":[[-79.380865072,43.654765405],[-79.380954365,43.654745728]]}},{"type":"Feature","properties":{"access_type":"public","from_level_id":null,"is_accessible":true,"level_id":0,"network_type":"corridor","to_level_id":null,"vertical_connection_id":null,"building_id":"default","building_name":"Default"},"geometry":{"type":"LineString","coordinates":[[-79.380865072,43.654765405],[-79.38090049,43.654849541]]}},{"type":"Feature","properties":{"access_type":"public","from_level_id":null,"is_accessible":true,"level_id":0,"network_type":"corridor","to_level_id":null,"vertical_connection_id":null,"building_id":"default","building_name":"Default"},"geometry":{"type":"LineString","coordinates":[[-79.381045755,43.65465349],[-79.380961694,43.654605085]]}},{"type":"Feature","properties":{"access_type":"public","from_level_id":null,"is_accessible":true,"level_id":0,"network_type":"corridor","to_level_id":null,"vertical_connection_id":null,"building_id":"default","building_name":"Default"},"geometry":{"type":"LineString","coordinates":[[-79.380748658,43.654661355],[-79.380833798,43.654642594]]}},{"type":"Feature","properties":{"access_type":"public","from_level_id":null,"is_accessible":true,"level_id":0,"network_type":"corridor","to_level_id":null,"vertical_connection_id":null,"building_id":"default","building_name":"Default"},"geometry":{"type":"LineString","coordinates":[[-79.380989793,43.654509354],[-79.380998366,43.654530582]]}},{"type":"Feature","properties":{"access_type":"public","from_level_id":null,"is_accessible":true,"level_id":0,"network_type":"corridor","to_level_id":null,"vertical_connection_id":null,"building_id":"default","building_name":"Default"},"geometry":{"type":"LineString","coordinates":[[-79.38090049,43.654849541],[-79.380989783,43.654829865]]}},{"type":"Feature","properties":{"access_type":"public","from_level_id":null,"is_accessible":true,"level_id":0,"network_type":"corridor","to_level_id":null,"vertical_connection_id":null,"building_id":"default","building_name":"Default"},"geometry":{"type":"LineString","coordinates":[[-79.38090049,43.654849541],[-79.38081535,43.654868302]]}},{"type":"Feature","properties":{"access_type":"public","from_level_id":null,"is_accessible":true,"level_id":0,"network_type":"corridor","to_level_id":null,"vertical_connection_id":null,"building_id":"default","building_name":"Default"},"geometry":{"type":"LineString","coordinates":[[-79.38090049,43.654849541],[-79.380929254,43.654917884]]}},{"type":"Feature","properties":{"access_type":"public","from_level_id":null,"is_accessible":true,"level_id":0,"network_type":"corridor","to_level_id":null,"vertical_connection_id":null,"building_id":"default","building_name":"Default"},"geometry":{"type":"LineString","coordinates":[[-79.380929254,43.654917884],[-79.380963103,43.654998282]]}},{"type":"Feature","properties":{"access_type":"public","from_level_id":null,"is_accessible":true,"level_id":0,"network_type":"corridor","to_level_id":null,"vertical_connection_id":null,"building_id":"default","building_name":"Default"},"geometry":{"type":"LineString","coordinates":[[-79.380929254,43.654917884],[-79.381018876,43.654898977]]}},{"type":"Feature","properties":{"access_type":"public","from_level_id":null,"is_accessible":true,"level_id":0,"network_type":"corridor","to_level_id":null,"vertical_connection_id":null,"building_id":"default","building_name":"Default"},"geometry":{"type":"LineString","coordinates":[[-79.380963103,43.654998282],[-79.381052397,43.654978606]]}},{"type":"Feature","properties":{"access_type":"public","from_level_id":null,"is_accessible":true,"level_id":0,"network_type":"corridor","to_level_id":null,"vertical_connection_id":null,"building_id":"default","building_name":"Default"},"geometry":{"type":"LineString","coordinates":[[-79.380963103,43.654998282],[-79.380888346,43.655014756]]}},{"type":"Feature","properties":{"access_type":"public","from_level_id":null,"is_accessible":true,"level_id":0,"network_type":"corridor","to_level_id":null,"vertical_connection_id":null,"building_id":"default","building_name":"Default"},"geometry":{"type":"LineString","coordinates":[[-79.380963103,43.654998282],[-79.380992829,43.655068897]]}},{"type":"Feature","properties":{"access_type":"public","from_level_id":null,"is_accessible":true,"level_id":0,"network_type":"corridor","to_level_id":null,"vertical_connection_id":null,"building_id":"default","building_name":"Default"},"geometry":{"type":"LineString","coordinates":[[-79.380992829,43.655068897],[-79.381027161,43.655145063]]}},{"type":"Feature","properties":{"access_type":"public","from_level_id":null,"is_accessible":true,"level_id":0,"network_type":"corridor","to_level_id":null,"vertical_connection_id":null,"building_id":"default","building_name":"Default"},"geometry":{"type":"LineString","coordinates":[[-79.380992829,43.655068897],[-79.381082122,43.65504922]]}},{"type":"Feature","properties":{"access_type":"public","from_level_id":null,"is_accessible":true,"level_id":0,"network_type":"corridor","to_level_id":null,"vertical_connection_id":null,"building_id":"default","building_name":"Default"},"geometry":{"type":"LineString","coordinates":[[-79.380992829,43.655068897],[-79.380915995,43.655085828]]}},{"type":"Feature","properties":{"access_type":"public","from_level_id":null,"is_accessible":true,"level_id":0,"network_type":"corridor","to_level_id":null,"vertical_connection_id":null,"building_id":"default","building_name":"Default"},"geometry":{"type":"LineString","coordinates":[[-79.381027161,43.655145063],[-79.381114378,43.655125844]]}},{"type":"Feature","properties":{"access_type":"public","from_level_id":null,"is_accessible":true,"level_id":0,"network_type":"corridor","to_level_id":null,"vertical_connection_id":null,"building_id":"default","building_name":"Default"},"geometry":{"type":"LineString","coordinates":[[-79.381027161,43.655145063],[-79.38094825,43.655162452]]}},{"type":"Feature","properties":{"access_type":"public","from_level_id":null,"is_accessible":true,"level_id":0,"network_type":"corridor","to_level_id":null,"vertical_connection_id":null,"building_id":"default","building_name":"Default"},"geometry":{"type":"LineString","coordinates":[[-79.381027161,43.655145063],[-79.38105246,43.655205161]]}},{"type":"Feature","properties":{"access_type":"public","from_level_id":null,"is_accessible":true,"level_id":0,"network_type":"corridor","to_level_id":null,"vertical_connection_id":null,"building_id":"default","building_name":"Default"},"geometry":{"type":"LineString","coordinates":[[-79.381082818,43.655277278],[-79.381003907,43.655294666]]}},{"type":"Feature","properties":{"access_type":"public","from_level_id":null,"is_accessible":true,"level_id":0,"network_type":"corridor","to_level_id":null,"vertical_connection_id":null,"building_id":"default","building_name":"Default"},"geometry":{"type":"LineString","coordinates":[[-79.381082818,43.655277278],[-79.381122948,43.655372806]]}},{"type":"Feature","properties":{"access_type":"public","from_level_id":null,"is_accessible":true,"level_id":0,"network_type":"corridor","to_level_id":null,"vertical_connection_id":null,"building_id":"default","building_name":"Default"},"geometry":{"type":"LineString","coordinates":[[-79.381082818,43.655277278],[-79.38105246,43.655205161]]}},{"type":"Feature","properties":{"access_type":"public","from_level_id":null,"is_accessible":true,"level_id":0,"network_type":"corridor","to_level_id":null,"vertical_connection_id":null,"building_id":"default","building_name":"Default"},"geometry":{"type":"LineString","coordinates":[[-79.381139677,43.655185942],[-79.38105246,43.655205161]]}},{"type":"Feature","properties":{"access_type":"public","from_level_id":null,"is_accessible":true,"level_id":0,"network_type":"corridor","to_level_id":null,"vertical_connection_id":null,"building_id":"default","building_name":"Default"},"geometry":{"type":"LineString","coordinates":[[-79.380973549,43.655222549],[-79.38105246,43.655205161]]}},{"type":"Feature","properties":{"access_type":"public","from_level_id":null,"is_accessible":true,"level_id":0,"network_type":"corridor","to_level_id":null,"vertical_connection_id":null,"building_id":"default","building_name":"Default"},"geometry":{"type":"LineString","coordinates":[[-79.381122948,43.655372806],[-79.381046461,43.655390365]]}},{"type":"Feature","properties":{"access_type":"public","from_level_id":null,"is_accessible":true,"level_id":0,"network_type":"corridor","to_level_id":null,"vertical_connection_id":null,"building_id":"default","building_name":"Default"},"geometry":{"type":"LineString","coordinates":[[-79.381122948,43.655372806],[-79.381252045,43.655345063]]}},{"type":"Feature","properties":{"access_type":"public","from_level_id":null,"is_accessible":true,"level_id":0,"network_type":"corridor","to_level_id":null,"vertical_connection_id":null,"building_id":"default","building_name":"Default"},"geometry":{"type":"LineString","coordinates":[[-79.381122948,43.655372806],[-79.381155552,43.655450058]]}},{"type":"Feature","properties":{"access_type":"public","from_level_id":null,"is_accessible":true,"level_id":0,"network_type":"corridor","to_level_id":null,"vertical_connection_id":null,"building_id":"default","building_name":"Default"},"geometry":{"type":"LineString","coordinates":[[-79.381076641,43.655467446],[-79.381155552,43.655450058]]}},{"type":"Feature","properties":{"access_type":"public","from_level_id":null,"is_accessible":true,"level_id":0,"network_type":"corridor","to_level_id":null,"vertical_connection_id":null,"building_id":"default","building_name":"Default"},"geometry":{"type":"LineString","coordinates":[[-79.381098777,43.655520032],[-79.381177355,43.655502072]]}},{"type":"Feature","properties":{"access_type":"public","from_level_id":null,"is_accessible":true,"level_id":0,"network_type":"corridor","to_level_id":null,"vertical_connection_id":null,"building_id":"default","building_name":"Default"},"geometry":{"type":"LineString","coordinates":[[-79.381204642,43.656040291],[-79.381187422,43.656094259]]}},{"type":"Feature","properties":{"access_type":"public","from_level_id":null,"is_accessible":true,"level_id":0,"network_type":"corridor","to_level_id":null,"vertical_connection_id":null,"building_id":"default","building_name":"Default"},"geometry":{"type":"LineString","coordinates":[[-79.381176789,43.655631821],[-79.38131973,43.655638031]]}},{"type":"Feature","properties":{"access_type":"public","from_level_id":null,"is_accessible":true,"level_id":0,"network_type":"corridor","to_level_id":null,"vertical_connection_id":null,"building_id":"default","building_name":"Default"},"geometry":{"type":"LineString","coordinates":[[-79.381176789,43.655631821],[-79.38107488,43.655630373]]}},{"type":"Feature","properties":{"access_type":"public","from_level_id":null,"is_accessible":true,"level_id":0,"network_type":"corridor","to_level_id":null,"vertical_connection_id":null,"building_id":"default","building_name":"Default"},"geometry":{"type":"LineString","coordinates":[[-79.381176789,43.655631821],[-79.381164291,43.655702612]]}},{"type":"Feature","properties":{"access_type":"public","from_level_id":null,"is_accessible":true,"level_id":0,"network_type":"corridor","to_level_id":null,"vertical_connection_id":null,"building_id":"default","building_name":"Default"},"geometry":{"type":"LineString","coordinates":[[-79.381164291,43.655702612],[-79.381067501,43.655720656]]}},{"type":"Feature","properties":{"access_type":"public","from_level_id":null,"is_accessible":true,"level_id":0,"network_type":"corridor","to_level_id":null,"vertical_connection_id":null,"building_id":"default","building_name":"Default"},"geometry":{"type":"LineString","coordinates":[[-79.381164291,43.655702612],[-79.381144181,43.655793648]]}},{"type":"Feature","properties":{"access_type":"public","from_level_id":null,"is_accessible":true,"level_id":0,"network_type":"corridor","to_level_id":null,"vertical_connection_id":null,"building_id":"default","building_name":"Default"},"geometry":{"type":"LineString","coordinates":[[-79.381164291,43.655702612],[-79.381168318,43.655794495]]}},{"type":"Feature","properties":{"access_type":"public","from_level_id":null,"is_accessible":true,"level_id":0,"network_type":"corridor","to_level_id":null,"vertical_connection_id":null,"building_id":"default","building_name":"Default"},"geometry":{"type":"LineString","coordinates":[[-79.381164291,43.655702612],[-79.381187569,43.655795376]]}},{"type":"Feature","properties":{"access_type":"public","from_level_id":null,"is_accessible":true,"level_id":0,"network_type":"corridor","to_level_id":null,"vertical_connection_id":null,"building_id":"default","building_name":"Default"},"geometry":{"type":"LineString","coordinates":[[-79.381164291,43.655702612],[-79.381206386,43.655796089]]}},{"type":"Feature","properties":{"access_type":"public","from_level_id":null,"is_accessible":true,"level_id":0,"network_type":"corridor","to_level_id":null,"vertical_connection_id":null,"building_id":"default","building_name":"Default"},"geometry":{"type":"LineString","coordinates":[[-79.381144181,43.655793648],[-79.381070395,43.655799804]]}},{"type":"Feature","properties":{"access_type":"public","from_level_id":null,"is_accessible":true,"level_id":0,"network_type":"corridor","to_level_id":null,"vertical_connection_id":null,"building_id":"default","building_name":"Default"},"geometry":{"type":"LineString","coordinates":[[-79.381144181,43.655793648],[-79.381166504,43.655869588]]}},{"type":"Feature","properties":{"access_type":"public","from_level_id":null,"is_accessible":true,"level_id":0,"network_type":"corridor","to_level_id":null,"vertical_connection_id":null,"building_id":"default","building_name":"Default"},"geometry":{"type":"LineString","coordinates":[[-79.381144181,43.655793648],[-79.381168318,43.655794495]]}},{"type":"Feature","properties":{"access_type":"public","from_level_id":null,"is_accessible":true,"level_id":0,"network_type":"corridor","to_level_id":null,"vertical_connection_id":null,"building_id":"default","building_name":"Default"},"geometry":{"type":"LineString","coordinates":[[-79.381144181,43.655793648],[-79.3811304,43.655826203]]}},{"type":"Feature","properties":{"access_type":"public","from_level_id":null,"is_accessible":true,"level_id":0,"network_type":"corridor","to_level_id":null,"vertical_connection_id":null,"building_id":"default","building_name":"Default"},"geometry":{"type":"LineString","coordinates":[[-79.381034123,43.655882866],[-79.381090327,43.655902529]]}},{"type":"Feature","properties":{"access_type":"public","from_level_id":null,"is_accessible":true,"level_id":0,"network_type":"corridor","to_level_id":null,"vertical_connection_id":null,"building_id":"default","building_name":"Default"},"geometry":{"type":"LineString","coordinates":[[-79.381047556,43.655974474],[-79.380999249,43.655985644]]}},{"type":"Feature","properties":{"access_type":"public","from_level_id":null,"is_accessible":true,"level_id":0,"network_type":"corridor","to_level_id":null,"vertical_connection_id":null,"building_id":"default","building_name":"Default"},"geometry":{"type":"LineString","coordinates":[[-79.381047556,43.655974474],[-79.381056581,43.655958825]]}},{"type":"Feature","properties":{"access_type":"public","from_level_id":null,"is_accessible":true,"level_id":0,"network_type":"corridor","to_level_id":null,"vertical_connection_id":null,"building_id":"default","building_name":"Default"},"geometry":{"type":"LineString","coordinates":[[-79.381047556,43.655974474],[-79.381045308,43.655994146]]}},{"type":"Feature","properties":{"access_type":"public","from_level_id":null,"is_accessible":true,"level_id":0,"network_type":"corridor","to_level_id":null,"vertical_connection_id":null,"building_id":"default","building_name":"Default"},"geometry":{"type":"LineString","coordinates":[[-79.381047556,43.655974474],[-79.381033516,43.655939218]]}},{"type":"Feature","properties":{"access_type":"public","from_level_id":null,"is_accessible":true,"level_id":0,"network_type":"corridor","to_level_id":null,"vertical_connection_id":null,"building_id":"default","building_name":"Default"},"geometry":{"type":"LineString","coordinates":[[-79.381260685,43.65609677],[-79.381129193,43.656122504]]}},{"type":"Feature","properties":{"access_type":"public","from_level_id":null,"is_accessible":true,"level_id":0,"network_type":"corridor","to_level_id":null,"vertical_connection_id":null,"building_id":"default","building_name":"Default"},"geometry":{"type":"LineString","coordinates":[[-79.381260685,43.65609677],[-79.381227155,43.65609859]]}},{"type":"Feature","properties":{"access_type":"public","from_level_id":null,"is_accessible":true,"level_id":0,"network_type":"corridor","to_level_id":null,"vertical_connection_id":null,"building_id":"default","building_name":"Default"},"geometry":{"type":"LineString","coordinates":[[-79.381260685,43.65609677],[-79.381316992,43.656076131]]}},{"type":"Feature","properties":{"access_type":"public","from_level_id":null,"is_accessible":true,"level_id":0,"network_type":"corridor","to_level_id":null,"vertical_connection_id":null,"building_id":"default","building_name":"Default"},"geometry":{"type":"LineString","coordinates":[[-79.381129193,43.656122504],[-79.381113275,43.656183015]]}},{"type":"Feature","properties":{"access_type":"public","from_level_id":null,"is_accessible":true,"level_id":0,"network_type":"corridor","to_level_id":null,"vertical_connection_id":null,"building_id":"default","building_name":"Default"},"geometry":{"type":"LineString","coordinates":[[-79.381129193,43.656122504],[-79.381143628,43.656083829]]}},{"type":"Feature","properties":{"access_type":"public","from_level_id":null,"is_accessible":true,"level_id":0,"network_type":"corridor","to_level_id":null,"vertical_connection_id":null,"building_id":"default","building_name":"Default"},"geometry":{"type":"LineString","coordinates":[[-79.381088307,43.656012337],[-79.381076599,43.656044953]]}},{"type":"Feature","properties":{"access_type":"public","from_level_id":null,"is_accessible":true,"level_id":0,"network_type":"corridor","to_level_id":null,"vertical_connection_id":null,"building_id":"default","building_name":"Default"},"geometry":{"type":"LineString","coordinates":[[-79.381004928,43.656046387],[-79.381063868,43.656032874]]}},{"type":"Feature","properties":{"access_type":"public","from_level_id":null,"is_accessible":true,"level_id":0,"network_type":"corridor","to_level_id":null,"vertical_connection_id":null,"building_id":"default","building_name":"Default"},"geometry":{"type":"LineString","coordinates":[[-79.381040438,43.656094515],[-79.381091794,43.65605667]]}},{"type":"Feature","properties":{"access_type":"public","from_level_id":null,"is_accessible":true,"level_id":0,"network_type":"corridor","to_level_id":null,"vertical_connection_id":null,"building_id":"default","building_name":"Default"},"geometry":{"type":"LineString","coordinates":[[-79.379912141,43.653752246],[-79.379973805,43.653737017]]}},{"type":"Feature","properties":{"access_type":"public","from_level_id":null,"is_accessible":true,"level_id":0,"network_type":"corridor","to_level_id":null,"vertical_connection_id":null,"building_id":"default","building_name":"Default"},"geometry":{"type":"LineString","coordinates":[[-79.379912141,43.653752246],[-79.379766781,43.653784276]]}},{"type":"Feature","properties":{"access_type":"public","from_level_id":null,"is_accessible":true,"level_id":0,"network_type":"corridor","to_level_id":null,"vertical_connection_id":null,"building_id":"default","building_name":"Default"},"geometry":{"type":"LineString","coordinates":[[-79.379912141,43.653752246],[-79.379863051,43.653639075]]}},{"type":"Feature","properties":{"access_type":"public","from_level_id":null,"is_accessible":true,"level_id":0,"network_type":"corridor","to_level_id":null,"vertical_connection_id":null,"building_id":"default","building_name":"Default"},"geometry":{"type":"LineString","coordinates":[[-79.382463406,43.655552146],[-79.3825503,43.655758945]]}},{"type":"Feature","properties":{"access_type":"public","from_level_id":null,"is_accessible":true,"level_id":1,"network_type":"corridor","to_level_id":null,"vertical_connection_id":null,"building_id":"default","building_name":"Default"},"geometry":{"type":"LineString","coordinates":[[-79.380046769,43.652153324],[-79.379954208,43.651932397]]}},{"type":"Feature","properties":{"access_type":"public","from_level_id":null,"is_accessible":true,"level_id":1,"network_type":"corridor","to_level_id":null,"vertical_connection_id":null,"building_id":"default","building_name":"Default"},"geometry":{"type":"LineString","coordinates":[[-79.380046769,43.652153324],[-79.380100109,43.652346464]]}},{"type":"Feature","properties":{"access_type":"public","from_level_id":null,"is_accessible":true,"level_id":1,"network_type":"corridor","to_level_id":null,"vertical_connection_id":null,"building_id":"default","building_name":"Default"},"geometry":{"type":"LineString","coordinates":[[-79.380127349,43.652456044],[-79.380173562,43.652520989]]}},{"type":"Feature","properties":{"access_type":"public","from_level_id":null,"is_accessible":true,"level_id":1,"network_type":"corridor","to_level_id":null,"vertical_connection_id":null,"building_id":"default","building_name":"Default"},"geometry":{"type":"LineString","coordinates":[[-79.380127349,43.652456044],[-79.380355018,43.652406093]]}},{"type":"Feature","properties":{"access_type":"public","from_level_id":null,"is_accessible":true,"level_id":1,"network_type":"corridor","to_level_id":null,"vertical_connection_id":null,"building_id":"default","building_name":"Default"},"geometry":{"type":"LineString","coordinates":[[-79.380127349,43.652456044],[-79.380092967,43.652507143]]}},{"type":"Feature","properties":{"access_type":"public","from_level_id":null,"is_accessible":true,"level_id":1,"network_type":"corridor","to_level_id":null,"vertical_connection_id":null,"building_id":"default","building_name":"Default"},"geometry":{"type":"LineString","coordinates":[[-79.380127349,43.652456044],[-79.380100109,43.652346464]]}},{"type":"Feature","properties":{"access_type":"public","from_level_id":null,"is_accessible":true,"level_id":1,"network_type":"corridor","to_level_id":null,"vertical_connection_id":null,"building_id":"default","building_name":"Default"},"geometry":{"type":"LineString","coordinates":[[-79.380661681,43.653841194],[-79.380751263,43.653821141]]}},{"type":"Feature","properties":{"access_type":"public","from_level_id":null,"is_accessible":true,"level_id":1,"network_type":"corridor","to_level_id":null,"vertical_connection_id":null,"building_id":"default","building_name":"Default"},"geometry":{"type":"LineString","coordinates":[[-79.380661681,43.653841194],[-79.380580225,43.653859877]]}},{"type":"Feature","properties":{"access_type":"public","from_level_id":null,"is_accessible":true,"level_id":1,"network_type":"corridor","to_level_id":null,"vertical_connection_id":null,"building_id":"default","building_name":"Default"},"geometry":{"type":"LineString","coordinates":[[-79.380661681,43.653841194],[-79.380681092,43.653887311]]}},{"type":"Feature","properties":{"access_type":"public","from_level_id":null,"is_accessible":true,"level_id":1,"network_type":"corridor","to_level_id":null,"vertical_connection_id":null,"building_id":"default","building_name":"Default"},"geometry":{"type":"LineString","coordinates":[[-79.380661681,43.653841194],[-79.380635876,43.653781217]]}},{"type":"Feature","properties":{"access_type":"public","from_level_id":null,"is_accessible":true,"level_id":1,"network_type":"corridor","to_level_id":null,"vertical_connection_id":null,"building_id":"default","building_name":"Default"},"geometry":{"type":"LineString","coordinates":[[-79.380068832,43.652543014],[-79.380000752,43.652633142]]}},{"type":"Feature","properties":{"access_type":"public","from_level_id":null,"is_accessible":true,"level_id":1,"network_type":"corridor","to_level_id":null,"vertical_connection_id":null,"building_id":"default","building_name":"Default"},"geometry":{"type":"LineString","coordinates":[[-79.380068832,43.652543014],[-79.380092967,43.652507143]]}},{"type":"Feature","properties":{"access_type":"public","from_level_id":null,"is_accessible":true,"level_id":1,"network_type":"corridor","to_level_id":null,"vertical_connection_id":null,"building_id":"default","building_name":"Default"},"geometry":{"type":"LineString","coordinates":[[-79.380068832,43.652543014],[-79.380106148,43.652535166]]}},{"type":"Feature","properties":{"access_type":"public","from_level_id":null,"is_accessible":true,"level_id":1,"network_type":"corridor","to_level_id":null,"vertical_connection_id":null,"building_id":"default","building_name":"Default"},"geometry":{"type":"LineString","coordinates":[[-79.380241535,43.652505225],[-79.380173562,43.652520989]]}},{"type":"Feature","properties":{"access_type":"public","from_level_id":null,"is_accessible":true,"level_id":1,"network_type":"corridor","to_level_id":null,"vertical_connection_id":null,"building_id":"default","building_name":"Default"},"geometry":{"type":"LineString","coordinates":[[-79.380222722,43.652589489],[-79.380279412,43.652577236]]}},{"type":"Feature","properties":{"access_type":"public","from_level_id":null,"is_accessible":true,"level_id":1,"network_type":"corridor","to_level_id":null,"vertical_connection_id":null,"building_id":"default","building_name":"Default"},"geometry":{"type":"LineString","coordinates":[[-79.380222722,43.652589489],[-79.380256312,43.652669299]]}},{"type":"Feature","properties":{"access_type":"public","from_level_id":null,"is_accessible":true,"level_id":1,"network_type":"corridor","to_level_id":null,"vertical_connection_id":null,"building_id":"default","building_name":"Default"},"geometry":{"type":"LineString","coordinates":[[-79.380222722,43.652589489],[-79.380173562,43.652520989]]}},{"type":"Feature","properties":{"access_type":"public","from_level_id":null,"is_accessible":true,"level_id":1,"network_type":"corridor","to_level_id":null,"vertical_connection_id":null,"building_id":"default","building_name":"Default"},"geometry":{"type":"LineString","coordinates":[[-79.380256312,43.652669299],[-79.380326495,43.652654639]]}},{"type":"Feature","properties":{"access_type":"public","from_level_id":null,"is_accessible":true,"level_id":1,"network_type":"corridor","to_level_id":null,"vertical_connection_id":null,"building_id":"default","building_name":"Default"},"geometry":{"type":"LineString","coordinates":[[-79.380256312,43.652669299],[-79.380279788,43.652725077]]}},{"type":"Feature","properties":{"access_type":"public","from_level_id":null,"is_accessible":true,"level_id":1,"network_type":"corridor","to_level_id":null,"vertical_connection_id":null,"building_id":"default","building_name":"Default"},"geometry":{"type":"LineString","coordinates":[[-79.379949493,43.652720763],[-79.380030022,43.652702742]]}},{"type":"Feature","properties":{"access_type":"public","from_level_id":null,"is_accessible":true,"level_id":1,"network_type":"corridor","to_level_id":null,"vertical_connection_id":null,"building_id":"default","building_name":"Default"},"geometry":{"type":"LineString","coordinates":[[-79.380421128,43.653060899],[-79.380507245,43.653041386]]}},{"type":"Feature","properties":{"access_type":"public","from_level_id":null,"is_accessible":true,"level_id":1,"network_type":"corridor","to_level_id":null,"vertical_connection_id":null,"building_id":"default","building_name":"Default"},"geometry":{"type":"LineString","coordinates":[[-79.380421128,43.653060899],[-79.380397554,43.653004888]]}},{"type":"Feature","properties":{"access_type":"public","from_level_id":null,"is_accessible":true,"level_id":1,"network_type":"corridor","to_level_id":null,"vertical_connection_id":null,"building_id":"default","building_name":"Default"},"geometry":{"type":"LineString","coordinates":[[-79.380421128,43.653060899],[-79.380447535,43.653123642]]}},{"type":"Feature","properties":{"access_type":"public","from_level_id":null,"is_accessible":true,"level_id":1,"network_type":"corridor","to_level_id":null,"vertical_connection_id":null,"building_id":"default","building_name":"Default"},"geometry":{"type":"LineString","coordinates":[[-79.380242063,43.652802289],[-79.380263372,43.652851446]]}},{"type":"Feature","properties":{"access_type":"public","from_level_id":null,"is_accessible":true,"level_id":1,"network_type":"corridor","to_level_id":null,"vertical_connection_id":null,"building_id":"default","building_name":"Default"},"geometry":{"type":"LineString","coordinates":[[-79.380373293,43.652754773],[-79.380299413,43.652771707]]}},{"type":"Feature","properties":{"access_type":"public","from_level_id":null,"is_accessible":true,"level_id":1,"network_type":"corridor","to_level_id":null,"vertical_connection_id":null,"building_id":"default","building_name":"Default"},"geometry":{"type":"LineString","coordinates":[[-79.380416732,43.652847717],[-79.380338669,43.652864978]]}},{"type":"Feature","properties":{"access_type":"public","from_level_id":null,"is_accessible":true,"level_id":1,"network_type":"corridor","to_level_id":null,"vertical_connection_id":null,"building_id":"default","building_name":"Default"},"geometry":{"type":"LineString","coordinates":[[-79.380098301,43.652919941],[-79.38017675,43.652902231]]}},{"type":"Feature","properties":{"access_type":"public","from_level_id":null,"is_accessible":true,"level_id":1,"network_type":"corridor","to_level_id":null,"vertical_connection_id":null,"building_id":"default","building_name":"Default"},"geometry":{"type":"LineString","coordinates":[[-79.380464583,43.652950103],[-79.380381973,43.652967869]]}},{"type":"Feature","properties":{"access_type":"public","from_level_id":null,"is_accessible":true,"level_id":1,"network_type":"corridor","to_level_id":null,"vertical_connection_id":null,"building_id":"default","building_name":"Default"},"geometry":{"type":"LineString","coordinates":[[-79.380146851,43.653020581],[-79.380220202,43.653005612]]}},{"type":"Feature","properties":{"access_type":"public","from_level_id":null,"is_accessible":true,"level_id":1,"network_type":"corridor","to_level_id":null,"vertical_connection_id":null,"building_id":"default","building_name":"Default"},"geometry":{"type":"LineString","coordinates":[[-79.380204744,43.653140587],[-79.380270727,43.653125822]]}},{"type":"Feature","properties":{"access_type":"public","from_level_id":null,"is_accessible":true,"level_id":1,"network_type":"corridor","to_level_id":null,"vertical_connection_id":null,"building_id":"default","building_name":"Default"},"geometry":{"type":"LineString","coordinates":[[-79.380466556,43.653168835],[-79.380557287,43.653148458]]}},{"type":"Feature","properties":{"access_type":"public","from_level_id":null,"is_accessible":true,"level_id":1,"network_type":"corridor","to_level_id":null,"vertical_connection_id":null,"building_id":"default","building_name":"Default"},"geometry":{"type":"LineString","coordinates":[[-79.380466556,43.653168835],[-79.380447535,43.653123642]]}},{"type":"Feature","properties":{"access_type":"public","from_level_id":null,"is_accessible":true,"level_id":1,"network_type":"corridor","to_level_id":null,"vertical_connection_id":null,"building_id":"default","building_name":"Default"},"geometry":{"type":"LineString","coordinates":[[-79.380466556,43.653168835],[-79.38052706,43.65331259]]}},{"type":"Feature","properties":{"access_type":"public","from_level_id":null,"is_accessible":true,"level_id":1,"network_type":"corridor","to_level_id":null,"vertical_connection_id":null,"building_id":"default","building_name":"Default"},"geometry":{"type":"LineString","coordinates":[[-79.380262681,43.653260685],[-79.380322264,43.653248436]]}},{"type":"Feature","properties":{"access_type":"public","from_level_id":null,"is_accessible":true,"level_id":1,"network_type":"corridor","to_level_id":null,"vertical_connection_id":null,"building_id":"default","building_name":"Default"},"geometry":{"type":"LineString","coordinates":[[-79.380312056,43.653363034],[-79.380365817,43.653352057]]}},{"type":"Feature","properties":{"access_type":"public","from_level_id":null,"is_accessible":true,"level_id":1,"network_type":"corridor","to_level_id":null,"vertical_connection_id":null,"building_id":"default","building_name":"Default"},"geometry":{"type":"LineString","coordinates":[[-79.380623506,43.653290143],[-79.38052706,43.65331259]]}},{"type":"Feature","properties":{"access_type":"public","from_level_id":null,"is_accessible":true,"level_id":1,"network_type":"corridor","to_level_id":null,"vertical_connection_id":null,"building_id":"default","building_name":"Default"},"geometry":{"type":"LineString","coordinates":[[-79.380468113,43.653382581],[-79.380457193,43.65335793]]}},{"type":"Feature","properties":{"access_type":"public","from_level_id":null,"is_accessible":true,"level_id":1,"network_type":"corridor","to_level_id":null,"vertical_connection_id":null,"building_id":"default","building_name":"Default"},"geometry":{"type":"LineString","coordinates":[[-79.380468113,43.653382581],[-79.380480324,43.653415476]]}},{"type":"Feature","properties":{"access_type":"public","from_level_id":null,"is_accessible":true,"level_id":1,"network_type":"corridor","to_level_id":null,"vertical_connection_id":null,"building_id":"default","building_name":"Default"},"geometry":{"type":"LineString","coordinates":[[-79.380298933,43.653515871],[-79.380366495,43.653500852]]}},{"type":"Feature","properties":{"access_type":"public","from_level_id":null,"is_accessible":true,"level_id":1,"network_type":"corridor","to_level_id":null,"vertical_connection_id":null,"building_id":"default","building_name":"Default"},"geometry":{"type":"LineString","coordinates":[[-79.380353982,43.653642476],[-79.380419165,43.65362847]]}},{"type":"Feature","properties":{"access_type":"public","from_level_id":null,"is_accessible":true,"level_id":1,"network_type":"corridor","to_level_id":null,"vertical_connection_id":null,"building_id":"default","building_name":"Default"},"geometry":{"type":"LineString","coordinates":[[-79.380404804,43.653759358],[-79.380467463,43.653745492]]}},{"type":"Feature","properties":{"access_type":"public","from_level_id":null,"is_accessible":true,"level_id":1,"network_type":"corridor","to_level_id":null,"vertical_connection_id":null,"building_id":"default","building_name":"Default"},"geometry":{"type":"LineString","coordinates":[[-79.380706935,43.653700282],[-79.380731815,43.653759395]]}},{"type":"Feature","properties":{"access_type":"public","from_level_id":null,"is_accessible":true,"level_id":1,"network_type":"corridor","to_level_id":null,"vertical_connection_id":null,"building_id":"default","building_name":"Default"},"geometry":{"type":"LineString","coordinates":[[-79.380766895,43.653566739],[-79.380712082,43.653578861]]}},{"type":"Feature","properties":{"access_type":"public","from_level_id":null,"is_accessible":true,"level_id":1,"network_type":"corridor","to_level_id":null,"vertical_connection_id":null,"building_id":"default","building_name":"Default"},"geometry":{"type":"LineString","coordinates":[[-79.380426736,43.653534861],[-79.380384383,43.653544193]]}},{"type":"Feature","properties":{"access_type":"public","from_level_id":null,"is_accessible":true,"level_id":1,"network_type":"corridor","to_level_id":null,"vertical_connection_id":null,"building_id":"default","building_name":"Default"},"geometry":{"type":"LineString","coordinates":[[-79.380994511,43.654633676],[-79.381032282,43.654625571]]}},{"type":"Feature","properties":{"access_type":"public","from_level_id":null,"is_accessible":true,"level_id":1,"network_type":"corridor","to_level_id":null,"vertical_connection_id":null,"building_id":"default","building_name":"Default"},"geometry":{"type":"LineString","coordinates":[[-79.380994511,43.654633676],[-79.380926608,43.654648332]]}},{"type":"Feature","properties":{"access_type":"public","from_level_id":null,"is_accessible":true,"level_id":1,"network_type":"corridor","to_level_id":null,"vertical_connection_id":null,"building_id":"default","building_name":"Default"},"geometry":{"type":"LineString","coordinates":[[-79.380637134,43.654711041],[-79.380339633,43.654777113]]}},{"type":"Feature","properties":{"access_type":"public","from_level_id":null,"is_accessible":true,"level_id":1,"network_type":"corridor","to_level_id":null,"vertical_connection_id":null,"building_id":"default","building_name":"Default"},"geometry":{"type":"LineString","coordinates":[[-79.380637134,43.654711041],[-79.380675467,43.654703778]]}},{"type":"Feature","properties":{"access_type":"public","from_level_id":null,"is_accessible":true,"level_id":1,"network_type":"corridor","to_level_id":null,"vertical_connection_id":null,"building_id":"default","building_name":"Default"},"geometry":{"type":"LineString","coordinates":[[-79.38028757,43.65465514],[-79.380403051,43.654629022]]}},{"type":"Feature","properties":{"access_type":"public","from_level_id":null,"is_accessible":true,"level_id":1,"network_type":"corridor","to_level_id":null,"vertical_connection_id":null,"building_id":"default","building_name":"Default"},"geometry":{"type":"LineString","coordinates":[[-79.38028757,43.65465514],[-79.380230216,43.65451542]]}},{"type":"Feature","properties":{"access_type":"public","from_level_id":null,"is_accessible":true,"level_id":1,"network_type":"corridor","to_level_id":null,"vertical_connection_id":null,"building_id":"default","building_name":"Default"},"geometry":{"type":"LineString","coordinates":[[-79.38028757,43.65465514],[-79.380339633,43.654777113]]}},{"type":"Feature","properties":{"access_type":"public","from_level_id":null,"is_accessible":true,"level_id":1,"network_type":"corridor","to_level_id":null,"vertical_connection_id":null,"building_id":"default","building_name":"Default"},"geometry":{"type":"LineString","coordinates":[[-79.380836376,43.654256251],[-79.38080726,43.654187075]]}},{"type":"Feature","properties":{"access_type":"public","from_level_id":null,"is_accessible":true,"level_id":1,"network_type":"corridor","to_level_id":null,"vertical_connection_id":null,"building_id":"default","building_name":"Default"},"geometry":{"type":"LineString","coordinates":[[-79.380836376,43.654256251],[-79.38074932,43.654275418]]}},{"type":"Feature","properties":{"access_type":"public","from_level_id":null,"is_accessible":true,"level_id":1,"network_type":"corridor","to_level_id":null,"vertical_connection_id":null,"building_id":"default","building_name":"Default"},"geometry":{"type":"LineString","coordinates":[[-79.380836376,43.654256251],[-79.38087032,43.654336898]]}},{"type":"Feature","properties":{"access_type":"public","from_level_id":null,"is_accessible":true,"level_id":1,"network_type":"corridor","to_level_id":null,"vertical_connection_id":null,"building_id":"default","building_name":"Default"},"geometry":{"type":"LineString","coordinates":[[-79.380749028,43.654048722],[-79.380724187,43.653989703]]}},{"type":"Feature","properties":{"access_type":"public","from_level_id":null,"is_accessible":true,"level_id":1,"network_type":"corridor","to_level_id":null,"vertical_connection_id":null,"building_id":"default","building_name":"Default"},"geometry":{"type":"LineString","coordinates":[[-79.380749028,43.654048722],[-79.380834409,43.654030104]]}},{"type":"Feature","properties":{"access_type":"public","from_level_id":null,"is_accessible":true,"level_id":1,"network_type":"corridor","to_level_id":null,"vertical_connection_id":null,"building_id":"default","building_name":"Default"},"geometry":{"type":"LineString","coordinates":[[-79.380749028,43.654048722],[-79.380763749,43.654083696]]}},{"type":"Feature","properties":{"access_type":"public","from_level_id":null,"is_accessible":true,"level_id":1,"network_type":"corridor","to_level_id":null,"vertical_connection_id":null,"building_id":"default","building_name":"Default"},"geometry":{"type":"LineString","coordinates":[[-79.380700208,43.65393273],[-79.380681092,43.653887311]]}},{"type":"Feature","properties":{"access_type":"public","from_level_id":null,"is_accessible":true,"level_id":1,"network_type":"corridor","to_level_id":null,"vertical_connection_id":null,"building_id":"default","building_name":"Default"},"geometry":{"type":"LineString","coordinates":[[-79.380700208,43.65393273],[-79.38061336,43.65395239]]}},{"type":"Feature","properties":{"access_type":"public","from_level_id":null,"is_accessible":true,"level_id":1,"network_type":"corridor","to_level_id":null,"vertical_connection_id":null,"building_id":"default","building_name":"Default"},"geometry":{"type":"LineString","coordinates":[[-79.380700208,43.65393273],[-79.380724187,43.653989703]]}},{"type":"Feature","properties":{"access_type":"public","from_level_id":null,"is_accessible":true,"level_id":1,"network_type":"corridor","to_level_id":null,"vertical_connection_id":null,"building_id":"default","building_name":"Default"},"geometry":{"type":"LineString","coordinates":[[-79.380681092,43.653887311],[-79.380772975,43.653867969]]}},{"type":"Feature","properties":{"access_type":"public","from_level_id":null,"is_accessible":true,"level_id":1,"network_type":"corridor","to_level_id":null,"vertical_connection_id":null,"building_id":"default","building_name":"Default"},"geometry":{"type":"LineString","coordinates":[[-79.380724187,43.653989703],[-79.380807085,43.653971438]]}},{"type":"Feature","properties":{"access_type":"public","from_level_id":null,"is_accessible":true,"level_id":1,"network_type":"corridor","to_level_id":null,"vertical_connection_id":null,"building_id":"default","building_name":"Default"},"geometry":{"type":"LineString","coordinates":[[-79.380724187,43.653989703],[-79.38064362,43.654008111]]}},{"type":"Feature","properties":{"access_type":"public","from_level_id":null,"is_accessible":true,"level_id":1,"network_type":"corridor","to_level_id":null,"vertical_connection_id":null,"building_id":"default","building_name":"Default"},"geometry":{"type":"LineString","coordinates":[[-79.380782467,43.654128169],[-79.380866693,43.654109611]]}},{"type":"Feature","properties":{"access_type":"public","from_level_id":null,"is_accessible":true,"level_id":1,"network_type":"corridor","to_level_id":null,"vertical_connection_id":null,"building_id":"default","building_name":"Default"},"geometry":{"type":"LineString","coordinates":[[-79.380782467,43.654128169],[-79.380691928,43.654148118]]}},{"type":"Feature","properties":{"access_type":"public","from_level_id":null,"is_accessible":true,"level_id":1,"network_type":"corridor","to_level_id":null,"vertical_connection_id":null,"building_id":"default","building_name":"Default"},"geometry":{"type":"LineString","coordinates":[[-79.380782467,43.654128169],[-79.38080726,43.654187075]]}},{"type":"Feature","properties":{"access_type":"public","from_level_id":null,"is_accessible":true,"level_id":1,"network_type":"corridor","to_level_id":null,"vertical_connection_id":null,"building_id":"default","building_name":"Default"},"geometry":{"type":"LineString","coordinates":[[-79.380782467,43.654128169],[-79.380763749,43.654083696]]}},{"type":"Feature","properties":{"access_type":"public","from_level_id":null,"is_accessible":true,"level_id":1,"network_type":"corridor","to_level_id":null,"vertical_connection_id":null,"building_id":"default","building_name":"Default"},"geometry":{"type":"LineString","coordinates":[[-79.38080726,43.654187075],[-79.380718154,43.654206763]]}},{"type":"Feature","properties":{"access_type":"public","from_level_id":null,"is_accessible":true,"level_id":1,"network_type":"corridor","to_level_id":null,"vertical_connection_id":null,"building_id":"default","building_name":"Default"},"geometry":{"type":"LineString","coordinates":[[-79.38087032,43.654336898],[-79.380785545,43.654356093]]}},{"type":"Feature","properties":{"access_type":"public","from_level_id":null,"is_accessible":true,"level_id":1,"network_type":"corridor","to_level_id":null,"vertical_connection_id":null,"building_id":"default","building_name":"Default"},"geometry":{"type":"LineString","coordinates":[[-79.38087032,43.654336898],[-79.380968935,43.65431457]]}},{"type":"Feature","properties":{"access_type":"public","from_level_id":null,"is_accessible":true,"level_id":1,"network_type":"corridor","to_level_id":null,"vertical_connection_id":null,"building_id":"default","building_name":"Default"},"geometry":{"type":"LineString","coordinates":[[-79.38087032,43.654336898],[-79.380893057,43.654390918]]}},{"type":"Feature","properties":{"access_type":"public","from_level_id":null,"is_accessible":true,"level_id":1,"network_type":"corridor","to_level_id":null,"vertical_connection_id":null,"building_id":"default","building_name":"Default"},"geometry":{"type":"LineString","coordinates":[[-79.380893057,43.654390918],[-79.380871104,43.654395137]]}},{"type":"Feature","properties":{"access_type":"public","from_level_id":null,"is_accessible":true,"level_id":1,"network_type":"corridor","to_level_id":null,"vertical_connection_id":null,"building_id":"default","building_name":"Default"},"geometry":{"type":"LineString","coordinates":[[-79.380893057,43.654390918],[-79.380948126,43.654408107]]}},{"type":"Feature","properties":{"access_type":"public","from_level_id":null,"is_accessible":true,"level_id":1,"network_type":"corridor","to_level_id":null,"vertical_connection_id":null,"building_id":"default","building_name":"Default"},"geometry":{"type":"LineString","coordinates":[[-79.381091283,43.654529804],[-79.381098628,43.654547334]]}},{"type":"Feature","properties":{"access_type":"public","from_level_id":null,"is_accessible":true,"level_id":1,"network_type":"corridor","to_level_id":null,"vertical_connection_id":null,"building_id":"default","building_name":"Default"},"geometry":{"type":"LineString","coordinates":[[-79.3811441,43.654473253],[-79.3811125,43.654479823]]}},{"type":"Feature","properties":{"access_type":"public","from_level_id":null,"is_accessible":true,"level_id":1,"network_type":"corridor","to_level_id":null,"vertical_connection_id":null,"building_id":"default","building_name":"Default"},"geometry":{"type":"LineString","coordinates":[[-79.380813668,43.654587036],[-79.380802539,43.654560592]]}},{"type":"Feature","properties":{"access_type":"public","from_level_id":null,"is_accessible":true,"level_id":1,"network_type":"corridor","to_level_id":null,"vertical_connection_id":null,"building_id":"default","building_name":"Default"},"geometry":{"type":"LineString","coordinates":[[-79.380813668,43.654587036],[-79.38082244,43.654608187]]}},{"type":"Feature","properties":{"access_type":"public","from_level_id":null,"is_accessible":true,"level_id":1,"network_type":"corridor","to_level_id":null,"vertical_connection_id":null,"building_id":"default","building_name":"Default"},"geometry":{"type":"LineString","coordinates":[[-79.38084286,43.65467018],[-79.38082244,43.654608187]]}},{"type":"Feature","properties":{"access_type":"public","from_level_id":null,"is_accessible":true,"level_id":1,"network_type":"corridor","to_level_id":null,"vertical_connection_id":null,"building_id":"default","building_name":"Default"},"geometry":{"type":"LineString","coordinates":[[-79.38084286,43.65467018],[-79.380741918,43.654689137]]}},{"type":"Feature","properties":{"access_type":"public","from_level_id":null,"is_accessible":true,"level_id":1,"network_type":"corridor","to_level_id":null,"vertical_connection_id":null,"building_id":"default","building_name":"Default"},"geometry":{"type":"LineString","coordinates":[[-79.38084286,43.65467018],[-79.380884392,43.654661029]]}},{"type":"Feature","properties":{"access_type":"public","from_level_id":null,"is_accessible":true,"level_id":1,"network_type":"corridor","to_level_id":null,"vertical_connection_id":null,"building_id":"default","building_name":"Default"},"geometry":{"type":"LineString","coordinates":[[-79.380874234,43.654581047],[-79.380880585,43.654595376]]}},{"type":"Feature","properties":{"access_type":"public","from_level_id":null,"is_accessible":true,"level_id":1,"network_type":"corridor","to_level_id":null,"vertical_connection_id":null,"building_id":"default","building_name":"Default"},"geometry":{"type":"LineString","coordinates":[[-79.380738998,43.654420396],[-79.380788783,43.654445516]]}},{"type":"Feature","properties":{"access_type":"public","from_level_id":null,"is_accessible":true,"level_id":1,"network_type":"corridor","to_level_id":null,"vertical_connection_id":null,"building_id":"default","building_name":"Default"},"geometry":{"type":"LineString","coordinates":[[-79.380693568,43.654503046],[-79.380771178,43.65448607]]}},{"type":"Feature","properties":{"access_type":"public","from_level_id":null,"is_accessible":true,"level_id":1,"network_type":"corridor","to_level_id":null,"vertical_connection_id":null,"building_id":"default","building_name":"Default"},"geometry":{"type":"LineString","coordinates":[[-79.380693568,43.654503046],[-79.380675367,43.654459584]]}},{"type":"Feature","properties":{"access_type":"public","from_level_id":null,"is_accessible":true,"level_id":1,"network_type":"corridor","to_level_id":null,"vertical_connection_id":null,"building_id":"default","building_name":"Default"},"geometry":{"type":"LineString","coordinates":[[-79.382288925,43.655927681],[-79.382625769,43.655856088]]}},{"type":"Feature","properties":{"access_type":"public","from_level_id":null,"is_accessible":true,"level_id":1,"network_type":"corridor","to_level_id":null,"vertical_connection_id":null,"building_id":"default","building_name":"Default"},"geometry":{"type":"LineString","coordinates":[[-79.382288925,43.655927681],[-79.382194906,43.655701734]]}},{"type":"Feature","properties":{"access_type":"public","from_level_id":null,"is_accessible":true,"level_id":1,"network_type":"corridor","to_level_id":null,"vertical_connection_id":null,"building_id":"default","building_name":"Default"},"geometry":{"type":"LineString","coordinates":[[-79.382288925,43.655927681],[-79.381964063,43.655986125]]}},{"type":"Feature","properties":{"access_type":"public","from_level_id":null,"is_accessible":true,"level_id":1,"network_type":"corridor","to_level_id":null,"vertical_connection_id":null,"building_id":"default","building_name":"Default"},"geometry":{"type":"LineString","coordinates":[[-79.381697692,43.65571127],[-79.381198527,43.65581619]]}},{"type":"Feature","properties":{"access_type":"public","from_level_id":null,"is_accessible":true,"level_id":1,"network_type":"corridor","to_level_id":null,"vertical_connection_id":null,"building_id":"default","building_name":"Default"},"geometry":{"type":"LineString","coordinates":[[-79.381697692,43.65571127],[-79.381705478,43.655729512]]}},{"type":"Feature","properties":{"access_type":"public","from_level_id":null,"is_accessible":true,"level_id":1,"network_type":"corridor","to_level_id":null,"vertical_connection_id":null,"building_id":"default","building_name":"Default"},"geometry":{"type":"LineString","coordinates":[[-79.381198527,43.65581619],[-79.381171034,43.655746598]]}},{"type":"Feature","properties":{"access_type":"public","from_level_id":null,"is_accessible":true,"level_id":1,"network_type":"corridor","to_level_id":null,"vertical_connection_id":null,"building_id":"default","building_name":"Default"},"geometry":{"type":"LineString","coordinates":[[-79.381198527,43.65581619],[-79.381205218,43.655833124]]}},{"type":"Feature","properties":{"access_type":"public","from_level_id":null,"is_accessible":true,"level_id":1,"network_type":"corridor","to_level_id":null,"vertical_connection_id":null,"building_id":"default","building_name":"Default"},"geometry":{"type":"LineString","coordinates":[[-79.381198527,43.65581619],[-79.381154745,43.655824791]]}},{"type":"Feature","properties":{"access_type":"public","from_level_id":null,"is_accessible":true,"level_id":1,"network_type":"corridor","to_level_id":null,"vertical_connection_id":null,"building_id":"default","building_name":"Default"},"geometry":{"type":"LineString","coordinates":[[-79.3812145,43.655445309],[-79.381202372,43.655572625]]}},{"type":"Feature","properties":{"access_type":"public","from_level_id":null,"is_accessible":true,"level_id":1,"network_type":"corridor","to_level_id":null,"vertical_connection_id":null,"building_id":"default","building_name":"Default"},"geometry":{"type":"LineString","coordinates":[[-79.3812145,43.655445309],[-79.381071579,43.655105755]]}},{"type":"Feature","properties":{"access_type":"public","from_level_id":null,"is_accessible":true,"level_id":1,"network_type":"corridor","to_level_id":null,"vertical_connection_id":null,"building_id":"default","building_name":"Default"},"geometry":{"type":"LineString","coordinates":[[-79.381171034,43.655746598],[-79.381194491,43.655614296]]}},{"type":"Feature","properties":{"access_type":"public","from_level_id":null,"is_accessible":true,"level_id":1,"network_type":"corridor","to_level_id":null,"vertical_connection_id":null,"building_id":"default","building_name":"Default"},"geometry":{"type":"LineString","coordinates":[[-79.381171034,43.655746598],[-79.381154745,43.655824791]]}},{"type":"Feature","properties":{"access_type":"public","from_level_id":null,"is_accessible":true,"level_id":1,"network_type":"corridor","to_level_id":null,"vertical_connection_id":null,"building_id":"default","building_name":"Default"},"geometry":{"type":"LineString","coordinates":[[-79.381171034,43.655746598],[-79.381035808,43.655829455]]}},{"type":"Feature","properties":{"access_type":"public","from_level_id":null,"is_accessible":true,"level_id":1,"network_type":"corridor","to_level_id":null,"vertical_connection_id":null,"building_id":"default","building_name":"Default"},"geometry":{"type":"LineString","coordinates":[[-79.381202372,43.655572625],[-79.381194491,43.655614296]]}},{"type":"Feature","properties":{"access_type":"public","from_level_id":null,"is_accessible":true,"level_id":1,"network_type":"corridor","to_level_id":null,"vertical_connection_id":null,"building_id":"default","building_name":"Default"},"geometry":{"type":"LineString","coordinates":[[-79.381142039,43.655865548],[-79.381077441,43.655907423]]}},{"type":"Feature","properties":{"access_type":"public","from_level_id":null,"is_accessible":true,"level_id":1,"network_type":"corridor","to_level_id":null,"vertical_connection_id":null,"building_id":"default","building_name":"Default"},"geometry":{"type":"LineString","coordinates":[[-79.381142039,43.655865548],[-79.381148033,43.655849386]]}},{"type":"Feature","properties":{"access_type":"public","from_level_id":null,"is_accessible":true,"level_id":1,"network_type":"corridor","to_level_id":null,"vertical_connection_id":null,"building_id":"default","building_name":"Default"},"geometry":{"type":"LineString","coordinates":[[-79.381142039,43.655865548],[-79.381135112,43.655882418]]}},{"type":"Feature","properties":{"access_type":"public","from_level_id":null,"is_accessible":true,"level_id":1,"network_type":"corridor","to_level_id":null,"vertical_connection_id":null,"building_id":"default","building_name":"Default"},"geometry":{"type":"LineString","coordinates":[[-79.381142039,43.655865548],[-79.381165888,43.655853201]]}},{"type":"Feature","properties":{"access_type":"public","from_level_id":null,"is_accessible":true,"level_id":1,"network_type":"corridor","to_level_id":null,"vertical_connection_id":null,"building_id":"default","building_name":"Default"},"geometry":{"type":"LineString","coordinates":[[-79.381294722,43.655873543],[-79.38120989,43.65584495]]}},{"type":"Feature","properties":{"access_type":"public","from_level_id":null,"is_accessible":true,"level_id":1,"network_type":"corridor","to_level_id":null,"vertical_connection_id":null,"building_id":"default","building_name":"Default"},"geometry":{"type":"LineString","coordinates":[[-79.381204492,43.655866629],[-79.38120989,43.65584495]]}},{"type":"Feature","properties":{"access_type":"public","from_level_id":null,"is_accessible":true,"level_id":1,"network_type":"corridor","to_level_id":null,"vertical_connection_id":null,"building_id":"default","building_name":"Default"},"geometry":{"type":"LineString","coordinates":[[-79.382625769,43.655856088],[-79.383556575,43.655661495]]}},{"type":"Feature","properties":{"access_type":"public","from_level_id":null,"is_accessible":true,"level_id":1,"network_type":"corridor","to_level_id":null,"vertical_connection_id":null,"building_id":"default","building_name":"Default"},"geometry":{"type":"LineString","coordinates":[[-79.382625769,43.655856088],[-79.382613555,43.655828041]]}},{"type":"Feature","properties":{"access_type":"public","from_level_id":null,"is_accessible":true,"level_id":1,"network_type":"corridor","to_level_id":null,"vertical_connection_id":null,"building_id":"default","building_name":"Default"},"geometry":{"type":"LineString","coordinates":[[-79.382538557,43.655720845],[-79.382554361,43.65575808]]}},{"type":"Feature","properties":{"access_type":"public","from_level_id":null,"is_accessible":true,"level_id":1,"network_type":"corridor","to_level_id":null,"vertical_connection_id":null,"building_id":"default","building_name":"Default"},"geometry":{"type":"LineString","coordinates":[[-79.382554361,43.65575808],[-79.382487909,43.655772723]]}},{"type":"Feature","properties":{"access_type":"public","from_level_id":null,"is_accessible":true,"level_id":1,"network_type":"corridor","to_level_id":null,"vertical_connection_id":null,"building_id":"default","building_name":"Default"},"geometry":{"type":"LineString","coordinates":[[-79.382554361,43.65575808],[-79.382560037,43.655771014]]}},{"type":"Feature","properties":{"access_type":"public","from_level_id":null,"is_accessible":true,"level_id":1,"network_type":"corridor","to_level_id":null,"vertical_connection_id":null,"building_id":"default","building_name":"Default"},"geometry":{"type":"LineString","coordinates":[[-79.382581274,43.65575215],[-79.382554361,43.65575808]]}},{"type":"Feature","properties":{"access_type":"public","from_level_id":null,"is_accessible":true,"level_id":2,"network_type":"corridor","to_level_id":null,"vertical_connection_id":null,"building_id":"default","building_name":"Default"},"geometry":{"type":"LineString","coordinates":[[-79.380948092,43.654156864],[-79.380878012,43.654172306]]}},{"type":"Feature","properties":{"access_type":"public","from_level_id":null,"is_accessible":true,"level_id":2,"network_type":"corridor","to_level_id":null,"vertical_connection_id":null,"building_id":"default","building_name":"Default"},"geometry":{"type":"LineString","coordinates":[[-79.380948092,43.654156864],[-79.381019896,43.654141047]]}},{"type":"Feature","properties":{"access_type":"public","from_level_id":null,"is_accessible":true,"level_id":2,"network_type":"corridor","to_level_id":null,"vertical_connection_id":null,"building_id":"default","building_name":"Default"},"geometry":{"type":"LineString","coordinates":[[-79.380948092,43.654156864],[-79.380984831,43.654241896]]}},{"type":"Feature","properties":{"access_type":"public","from_level_id":null,"is_accessible":true,"level_id":2,"network_type":"corridor","to_level_id":null,"vertical_connection_id":null,"building_id":"default","building_name":"Default"},"geometry":{"type":"LineString","coordinates":[[-79.380948092,43.654156864],[-79.38093137,43.65420718]]}},{"type":"Feature","properties":{"access_type":"public","from_level_id":null,"is_accessible":true,"level_id":2,"network_type":"corridor","to_level_id":null,"vertical_connection_id":null,"building_id":"default","building_name":"Default"},"geometry":{"type":"LineString","coordinates":[[-79.380878012,43.654172306],[-79.380811501,43.654009521]]}},{"type":"Feature","properties":{"access_type":"public","from_level_id":null,"is_accessible":true,"level_id":2,"network_type":"corridor","to_level_id":null,"vertical_connection_id":null,"building_id":"default","building_name":"Default"},"geometry":{"type":"LineString","coordinates":[[-79.380878012,43.654172306],[-79.380915058,43.65425727]]}},{"type":"Feature","properties":{"access_type":"public","from_level_id":null,"is_accessible":true,"level_id":2,"network_type":"corridor","to_level_id":null,"vertical_connection_id":null,"building_id":"default","building_name":"Default"},"geometry":{"type":"LineString","coordinates":[[-79.380878012,43.654172306],[-79.38093137,43.65420718]]}},{"type":"Feature","properties":{"access_type":"public","from_level_id":null,"is_accessible":true,"level_id":2,"network_type":"corridor","to_level_id":null,"vertical_connection_id":null,"building_id":"default","building_name":"Default"},"geometry":{"type":"LineString","coordinates":[[-79.380811501,43.654009521],[-79.380873816,43.653996235]]}},{"type":"Feature","properties":{"access_type":"public","from_level_id":null,"is_accessible":true,"level_id":2,"network_type":"corridor","to_level_id":null,"vertical_connection_id":null,"building_id":"default","building_name":"Default"},"geometry":{"type":"LineString","coordinates":[[-79.381019896,43.654141047],[-79.381015328,43.654130626]]}},{"type":"Feature","properties":{"access_type":"public","from_level_id":null,"is_accessible":true,"level_id":2,"network_type":"corridor","to_level_id":null,"vertical_connection_id":null,"building_id":"default","building_name":"Default"},"geometry":{"type":"LineString","coordinates":[[-79.381025145,43.65437434],[-79.381044008,43.654420225]]}},{"type":"Feature","properties":{"access_type":"public","from_level_id":null,"is_accessible":true,"level_id":2,"network_type":"corridor","to_level_id":null,"vertical_connection_id":null,"building_id":"default","building_name":"Default"},"geometry":{"type":"LineString","coordinates":[[-79.381025145,43.65437434],[-79.381031873,43.654358409]]}},{"type":"Feature","properties":{"access_type":"public","from_level_id":null,"is_accessible":true,"level_id":2,"network_type":"corridor","to_level_id":null,"vertical_connection_id":null,"building_id":"default","building_name":"Default"},"geometry":{"type":"LineString","coordinates":[[-79.381025145,43.65437434],[-79.381037307,43.654371528]]}},{"type":"Feature","properties":{"access_type":"public","from_level_id":null,"is_accessible":true,"level_id":2,"network_type":"corridor","to_level_id":null,"vertical_connection_id":null,"building_id":"default","building_name":"Default"},"geometry":{"type":"LineString","coordinates":[[-79.380984831,43.654241896],[-79.381007006,43.654297165]]}},{"type":"Feature","properties":{"access_type":"public","from_level_id":null,"is_accessible":true,"level_id":2,"network_type":"corridor","to_level_id":null,"vertical_connection_id":null,"building_id":"default","building_name":"Default"},"geometry":{"type":"LineString","coordinates":[[-79.380984831,43.654241896],[-79.380915058,43.65425727]]}},{"type":"Feature","properties":{"access_type":"public","from_level_id":null,"is_accessible":true,"level_id":2,"network_type":"corridor","to_level_id":null,"vertical_connection_id":null,"building_id":"default","building_name":"Default"},"geometry":{"type":"LineString","coordinates":[[-79.380984831,43.654241896],[-79.38093137,43.65420718]]}},{"type":"Feature","properties":{"access_type":"public","from_level_id":null,"is_accessible":true,"level_id":-2,"network_type":"corridor","to_level_id":null,"vertical_connection_id":null,"building_id":"default","building_name":"Default"},"geometry":{"type":"LineString","coordinates":[[-79.381041068,43.654794418],[-79.380980119,43.654747956]]}},{"type":"Feature","properties":{"access_type":"public","from_level_id":null,"is_accessible":true,"level_id":-2,"network_type":"corridor","to_level_id":null,"vertical_connection_id":null,"building_id":"default","building_name":"Default"},"geometry":{"type":"LineString","coordinates":[[-79.381041068,43.654794418],[-79.381063533,43.654847785]]}},{"type":"Feature","properties":{"access_type":"public","from_level_id":null,"is_accessible":true,"level_id":-2,"network_type":"corridor","to_level_id":null,"vertical_connection_id":null,"building_id":"default","building_name":"Default"},"geometry":{"type":"LineString","coordinates":[[-79.380806113,43.654710645],[-79.380896818,43.654690658]]}},{"type":"Feature","properties":{"access_type":"public","from_level_id":null,"is_accessible":true,"level_id":-2,"network_type":"corridor","to_level_id":null,"vertical_connection_id":null,"building_id":"default","building_name":"Default"},"geometry":{"type":"LineString","coordinates":[[-79.380806113,43.654710645],[-79.380868715,43.654674785]]}},{"type":"Feature","properties":{"access_type":"public","from_level_id":null,"is_accessible":true,"level_id":-2,"network_type":"corridor","to_level_id":null,"vertical_connection_id":null,"building_id":"default","building_name":"Default"},"geometry":{"type":"LineString","coordinates":[[-79.380806113,43.654710645],[-79.380888535,43.654906443]]}},{"type":"Feature","properties":{"access_type":"public","from_level_id":null,"is_accessible":true,"level_id":-2,"network_type":"corridor","to_level_id":null,"vertical_connection_id":null,"building_id":"default","building_name":"Default"},"geometry":{"type":"LineString","coordinates":[[-79.380806113,43.654710645],[-79.380797613,43.654690453]]}},{"type":"Feature","properties":{"access_type":"public","from_level_id":null,"is_accessible":true,"level_id":-2,"network_type":"corridor","to_level_id":null,"vertical_connection_id":null,"building_id":"default","building_name":"Default"},"geometry":{"type":"LineString","coordinates":[[-79.380806113,43.654710645],[-79.380791381,43.654691826]]}},{"type":"Feature","properties":{"access_type":"public","from_level_id":null,"is_accessible":true,"level_id":-2,"network_type":"corridor","to_level_id":null,"vertical_connection_id":null,"building_id":"default","building_name":"Default"},"geometry":{"type":"LineString","coordinates":[[-79.380941662,43.655032648],[-79.380888535,43.654906443]]}},{"type":"Feature","properties":{"access_type":"public","from_level_id":null,"is_accessible":true,"level_id":-2,"network_type":"corridor","to_level_id":null,"vertical_connection_id":null,"building_id":"default","building_name":"Default"},"geometry":{"type":"LineString","coordinates":[[-79.380941662,43.655032648],[-79.380914402,43.655064923]]}},{"type":"Feature","properties":{"access_type":"public","from_level_id":null,"is_accessible":true,"level_id":-2,"network_type":"corridor","to_level_id":null,"vertical_connection_id":null,"building_id":"default","building_name":"Default"},"geometry":{"type":"LineString","coordinates":[[-79.380941662,43.655032648],[-79.381035245,43.655012093]]}},{"type":"Feature","properties":{"access_type":"public","from_level_id":null,"is_accessible":true,"level_id":-2,"network_type":"corridor","to_level_id":null,"vertical_connection_id":null,"building_id":"default","building_name":"Default"},"geometry":{"type":"LineString","coordinates":[[-79.380962775,43.655303818],[-79.380922582,43.655256854]]}},{"type":"Feature","properties":{"access_type":"public","from_level_id":null,"is_accessible":true,"level_id":-2,"network_type":"corridor","to_level_id":null,"vertical_connection_id":null,"building_id":"default","building_name":"Default"},"geometry":{"type":"LineString","coordinates":[[-79.380962775,43.655303818],[-79.381008428,43.65529389]]}},{"type":"Feature","properties":{"access_type":"public","from_level_id":null,"is_accessible":true,"level_id":-2,"network_type":"corridor","to_level_id":null,"vertical_connection_id":null,"building_id":"default","building_name":"Default"},"geometry":{"type":"LineString","coordinates":[[-79.380962775,43.655303818],[-79.381004064,43.655396512]]}},{"type":"Feature","properties":{"access_type":"public","from_level_id":null,"is_accessible":true,"level_id":-2,"network_type":"corridor","to_level_id":null,"vertical_connection_id":null,"building_id":"default","building_name":"Default"},"geometry":{"type":"LineString","coordinates":[[-79.380922582,43.655256854],[-79.380889693,43.655178727]]}},{"type":"Feature","properties":{"access_type":"public","from_level_id":null,"is_accessible":true,"level_id":-2,"network_type":"corridor","to_level_id":null,"vertical_connection_id":null,"building_id":"default","building_name":"Default"},"geometry":{"type":"LineString","coordinates":[[-79.380889693,43.655178727],[-79.38086566,43.655121634]]}},{"type":"Feature","properties":{"access_type":"public","from_level_id":null,"is_accessible":true,"level_id":-2,"network_type":"corridor","to_level_id":null,"vertical_connection_id":null,"building_id":"default","building_name":"Default"},"geometry":{"type":"LineString","coordinates":[[-79.380980436,43.655159257],[-79.380955238,43.655164549]]}},{"type":"Feature","properties":{"access_type":"public","from_level_id":null,"is_accessible":true,"level_id":-2,"network_type":"corridor","to_level_id":null,"vertical_connection_id":null,"building_id":"default","building_name":"Default"},"geometry":{"type":"LineString","coordinates":[[-79.381013952,43.65523672],[-79.380987329,43.655242583]]}},{"type":"Feature","properties":{"access_type":"public","from_level_id":null,"is_accessible":true,"level_id":-2,"network_type":"corridor","to_level_id":null,"vertical_connection_id":null,"building_id":"default","building_name":"Default"},"geometry":{"type":"LineString","coordinates":[[-79.380896818,43.654690658],[-79.380868715,43.654674785]]}},{"type":"Feature","properties":{"access_type":"public","from_level_id":null,"is_accessible":true,"level_id":-2,"network_type":"corridor","to_level_id":null,"vertical_connection_id":null,"building_id":"default","building_name":"Default"},"geometry":{"type":"LineString","coordinates":[[-79.380896818,43.654690658],[-79.380980119,43.654747956]]}},{"type":"Feature","properties":{"access_type":"public","from_level_id":null,"is_accessible":true,"level_id":-2,"network_type":"corridor","to_level_id":null,"vertical_connection_id":null,"building_id":"default","building_name":"Default"},"geometry":{"type":"LineString","coordinates":[[-79.380868715,43.654674785],[-79.380890492,43.654643717]]}},{"type":"Feature","properties":{"access_type":"public","from_level_id":null,"is_accessible":true,"level_id":-2,"network_type":"corridor","to_level_id":null,"vertical_connection_id":null,"building_id":"default","building_name":"Default"},"geometry":{"type":"LineString","coordinates":[[-79.380868715,43.654674785],[-79.380797613,43.654690453]]}},{"type":"Feature","properties":{"access_type":"public","from_level_id":null,"is_accessible":true,"level_id":-2,"network_type":"corridor","to_level_id":null,"vertical_connection_id":null,"building_id":"default","building_name":"Default"},"geometry":{"type":"LineString","coordinates":[[-79.38112358,43.654992691],[-79.381150952,43.655058898]]}},{"type":"Feature","properties":{"access_type":"public","from_level_id":null,"is_accessible":true,"level_id":-2,"network_type":"corridor","to_level_id":null,"vertical_connection_id":null,"building_id":"default","building_name":"Default"},"geometry":{"type":"LineString","coordinates":[[-79.38112358,43.654992691],[-79.381111139,43.654962597]]}},{"type":"Feature","properties":{"access_type":"public","from_level_id":null,"is_accessible":true,"level_id":-2,"network_type":"corridor","to_level_id":null,"vertical_connection_id":null,"building_id":"default","building_name":"Default"},"geometry":{"type":"LineString","coordinates":[[-79.38112358,43.654992691],[-79.381035245,43.655012093]]}},{"type":"Feature","properties":{"access_type":"public","from_level_id":null,"is_accessible":true,"level_id":-2,"network_type":"corridor","to_level_id":null,"vertical_connection_id":null,"building_id":"default","building_name":"Default"},"geometry":{"type":"LineString","coordinates":[[-79.380888535,43.654906443],[-79.380799035,43.654924983]]}},{"type":"Feature","properties":{"access_type":"public","from_level_id":null,"is_accessible":true,"level_id":-2,"network_type":"corridor","to_level_id":null,"vertical_connection_id":null,"building_id":"default","building_name":"Default"},"geometry":{"type":"LineString","coordinates":[[-79.380888535,43.654906443],[-79.381071196,43.654866849]]}},{"type":"Feature","properties":{"access_type":"public","from_level_id":null,"is_accessible":true,"level_id":-2,"network_type":"corridor","to_level_id":null,"vertical_connection_id":null,"building_id":"default","building_name":"Default"},"geometry":{"type":"LineString","coordinates":[[-79.38110314,43.654839451],[-79.381063533,43.654847785]]}},{"type":"Feature","properties":{"access_type":"public","from_level_id":null,"is_accessible":true,"level_id":-2,"network_type":"corridor","to_level_id":null,"vertical_connection_id":null,"building_id":"default","building_name":"Default"},"geometry":{"type":"LineString","coordinates":[[-79.381085363,43.654900503],[-79.3811232,43.654892494]]}},{"type":"Feature","properties":{"access_type":"public","from_level_id":null,"is_accessible":true,"level_id":-2,"network_type":"corridor","to_level_id":null,"vertical_connection_id":null,"building_id":"default","building_name":"Default"},"geometry":{"type":"LineString","coordinates":[[-79.381085363,43.654900503],[-79.381111139,43.654962597]]}},{"type":"Feature","properties":{"access_type":"public","from_level_id":null,"is_accessible":true,"level_id":-2,"network_type":"corridor","to_level_id":null,"vertical_connection_id":null,"building_id":"default","building_name":"Default"},"geometry":{"type":"LineString","coordinates":[[-79.381085363,43.654900503],[-79.381071196,43.654866849]]}},{"type":"Feature","properties":{"access_type":"public","from_level_id":null,"is_accessible":true,"level_id":-2,"network_type":"corridor","to_level_id":null,"vertical_connection_id":null,"building_id":"default","building_name":"Default"},"geometry":{"type":"LineString","coordinates":[[-79.381149131,43.654954094],[-79.381111139,43.654962597]]}},{"type":"Feature","properties":{"access_type":"public","from_level_id":null,"is_accessible":true,"level_id":-2,"network_type":"corridor","to_level_id":null,"vertical_connection_id":null,"building_id":"default","building_name":"Default"},"geometry":{"type":"LineString","coordinates":[[-79.380980119,43.654747956],[-79.381012635,43.654721483]]}},{"type":"Feature","properties":{"access_type":"public","from_level_id":null,"is_accessible":true,"level_id":-2,"network_type":"corridor","to_level_id":null,"vertical_connection_id":null,"building_id":"default","building_name":"Default"},"geometry":{"type":"LineString","coordinates":[[-79.381097353,43.655132968],[-79.381055822,43.655142119]]}},{"type":"Feature","properties":{"access_type":"public","from_level_id":null,"is_accessible":true,"level_id":-2,"network_type":"corridor","to_level_id":null,"vertical_connection_id":null,"building_id":"default","building_name":"Default"},"geometry":{"type":"LineString","coordinates":[[-79.381097353,43.655132968],[-79.381129165,43.655208967]]}},{"type":"Feature","properties":{"access_type":"public","from_level_id":null,"is_accessible":true,"level_id":-2,"network_type":"corridor","to_level_id":null,"vertical_connection_id":null,"building_id":"default","building_name":"Default"},"geometry":{"type":"LineString","coordinates":[[-79.381097353,43.655132968],[-79.381073356,43.655075962]]}},{"type":"Feature","properties":{"access_type":"public","from_level_id":null,"is_accessible":true,"level_id":-2,"network_type":"corridor","to_level_id":null,"vertical_connection_id":null,"building_id":"default","building_name":"Default"},"geometry":{"type":"LineString","coordinates":[[-79.381151746,43.655262177],[-79.381129165,43.655208967]]}},{"type":"Feature","properties":{"access_type":"public","from_level_id":null,"is_accessible":true,"level_id":-2,"network_type":"corridor","to_level_id":null,"vertical_connection_id":null,"building_id":"default","building_name":"Default"},"geometry":{"type":"LineString","coordinates":[[-79.381151746,43.655262177],[-79.381064528,43.655281396]]}},{"type":"Feature","properties":{"access_type":"public","from_level_id":null,"is_accessible":true,"level_id":-2,"network_type":"corridor","to_level_id":null,"vertical_connection_id":null,"building_id":"default","building_name":"Default"},"geometry":{"type":"LineString","coordinates":[[-79.381151746,43.655262177],[-79.381201584,43.655251195]]}},{"type":"Feature","properties":{"access_type":"public","from_level_id":null,"is_accessible":true,"level_id":-2,"network_type":"corridor","to_level_id":null,"vertical_connection_id":null,"building_id":"default","building_name":"Default"},"geometry":{"type":"LineString","coordinates":[[-79.381150952,43.655058898],[-79.381073356,43.655075962]]}},{"type":"Feature","properties":{"access_type":"public","from_level_id":null,"is_accessible":true,"level_id":-2,"network_type":"corridor","to_level_id":null,"vertical_connection_id":null,"building_id":"default","building_name":"Default"},"geometry":{"type":"LineString","coordinates":[[-79.381150952,43.655058898],[-79.381174543,43.65511596]]}},{"type":"Feature","properties":{"access_type":"public","from_level_id":null,"is_accessible":true,"level_id":-2,"network_type":"corridor","to_level_id":null,"vertical_connection_id":null,"building_id":"default","building_name":"Default"},"geometry":{"type":"LineString","coordinates":[[-79.38086566,43.655121634],[-79.380931625,43.655107129]]}},{"type":"Feature","properties":{"access_type":"public","from_level_id":null,"is_accessible":true,"level_id":-2,"network_type":"corridor","to_level_id":null,"vertical_connection_id":null,"building_id":"default","building_name":"Default"},"geometry":{"type":"LineString","coordinates":[[-79.38086566,43.655121634],[-79.380914402,43.655064923]]}},{"type":"Feature","properties":{"access_type":"public","from_level_id":null,"is_accessible":true,"level_id":-2,"network_type":"corridor","to_level_id":null,"vertical_connection_id":null,"building_id":"default","building_name":"Default"},"geometry":{"type":"LineString","coordinates":[[-79.381129165,43.655208967],[-79.381084845,43.655219259]]}},{"type":"Feature","properties":{"access_type":"public","from_level_id":null,"is_accessible":true,"level_id":-2,"network_type":"corridor","to_level_id":null,"vertical_connection_id":null,"building_id":"default","building_name":"Default"},"geometry":{"type":"LineString","coordinates":[[-79.381208431,43.655678657],[-79.381200928,43.655661266]]}},{"type":"Feature","properties":{"access_type":"public","from_level_id":null,"is_accessible":true,"level_id":-2,"network_type":"corridor","to_level_id":null,"vertical_connection_id":null,"building_id":"default","building_name":"Default"},"geometry":{"type":"LineString","coordinates":[[-79.381044036,43.65562084],[-79.381095952,43.6556094]]}},{"type":"Feature","properties":{"access_type":"public","from_level_id":null,"is_accessible":true,"level_id":-2,"network_type":"corridor","to_level_id":null,"vertical_connection_id":null,"building_id":"default","building_name":"Default"},"geometry":{"type":"LineString","coordinates":[[-79.38146257,43.655357865],[-79.381519067,43.655345552]]}},{"type":"Feature","properties":{"access_type":"public","from_level_id":null,"is_accessible":true,"level_id":-2,"network_type":"corridor","to_level_id":null,"vertical_connection_id":null,"building_id":"default","building_name":"Default"},"geometry":{"type":"LineString","coordinates":[[-79.38146257,43.655357865],[-79.381488948,43.655421008]]}},{"type":"Feature","properties":{"access_type":"public","from_level_id":null,"is_accessible":true,"level_id":-2,"network_type":"corridor","to_level_id":null,"vertical_connection_id":null,"building_id":"default","building_name":"Default"},"geometry":{"type":"LineString","coordinates":[[-79.38146257,43.655357865],[-79.381445436,43.655316852]]}},{"type":"Feature","properties":{"access_type":"public","from_level_id":null,"is_accessible":true,"level_id":-2,"network_type":"corridor","to_level_id":null,"vertical_connection_id":null,"building_id":"default","building_name":"Default"},"geometry":{"type":"LineString","coordinates":[[-79.381372369,43.655548275],[-79.381443687,43.655532657]]}},{"type":"Feature","properties":{"access_type":"public","from_level_id":null,"is_accessible":true,"level_id":-2,"network_type":"corridor","to_level_id":null,"vertical_connection_id":null,"building_id":"default","building_name":"Default"},"geometry":{"type":"LineString","coordinates":[[-79.381372369,43.655548275],[-79.381388586,43.655587603]]}},{"type":"Feature","properties":{"access_type":"public","from_level_id":null,"is_accessible":true,"level_id":-2,"network_type":"corridor","to_level_id":null,"vertical_connection_id":null,"building_id":"default","building_name":"Default"},"geometry":{"type":"LineString","coordinates":[[-79.381372369,43.655548275],[-79.381330505,43.655557442]]}},{"type":"Feature","properties":{"access_type":"public","from_level_id":null,"is_accessible":true,"level_id":-2,"network_type":"corridor","to_level_id":null,"vertical_connection_id":null,"building_id":"default","building_name":"Default"},"geometry":{"type":"LineString","coordinates":[[-79.381527887,43.655514219],[-79.381544964,43.655554785]]}},{"type":"Feature","properties":{"access_type":"public","from_level_id":null,"is_accessible":true,"level_id":-2,"network_type":"corridor","to_level_id":null,"vertical_connection_id":null,"building_id":"default","building_name":"Default"},"geometry":{"type":"LineString","coordinates":[[-79.381527887,43.655514219],[-79.381443687,43.655532657]]}},{"type":"Feature","properties":{"access_type":"public","from_level_id":null,"is_accessible":true,"level_id":-2,"network_type":"corridor","to_level_id":null,"vertical_connection_id":null,"building_id":"default","building_name":"Default"},"geometry":{"type":"LineString","coordinates":[[-79.381527887,43.655514219],[-79.381500253,43.65544807]]}},{"type":"Feature","properties":{"access_type":"public","from_level_id":null,"is_accessible":true,"level_id":-2,"network_type":"corridor","to_level_id":null,"vertical_connection_id":null,"building_id":"default","building_name":"Default"},"geometry":{"type":"LineString","coordinates":[[-79.381527887,43.655514219],[-79.381583955,43.655501864]]}},{"type":"Feature","properties":{"access_type":"public","from_level_id":null,"is_accessible":true,"level_id":-2,"network_type":"corridor","to_level_id":null,"vertical_connection_id":null,"building_id":"default","building_name":"Default"},"geometry":{"type":"LineString","coordinates":[[-79.381095952,43.6556094],[-79.381176298,43.655637441]]}},{"type":"Feature","properties":{"access_type":"public","from_level_id":null,"is_accessible":true,"level_id":-2,"network_type":"corridor","to_level_id":null,"vertical_connection_id":null,"building_id":"default","building_name":"Default"},"geometry":{"type":"LineString","coordinates":[[-79.381095952,43.6556094],[-79.381068123,43.655543293]]}},{"type":"Feature","properties":{"access_type":"public","from_level_id":null,"is_accessible":true,"level_id":-2,"network_type":"corridor","to_level_id":null,"vertical_connection_id":null,"building_id":"default","building_name":"Default"},"geometry":{"type":"LineString","coordinates":[[-79.381095952,43.6556094],[-79.38115825,43.655595672]]}},{"type":"Feature","properties":{"access_type":"public","from_level_id":null,"is_accessible":true,"level_id":-2,"network_type":"corridor","to_level_id":null,"vertical_connection_id":null,"building_id":"default","building_name":"Default"},"geometry":{"type":"LineString","coordinates":[[-79.381029136,43.655453375],[-79.380955949,43.65546952]]}},{"type":"Feature","properties":{"access_type":"public","from_level_id":null,"is_accessible":true,"level_id":-2,"network_type":"corridor","to_level_id":null,"vertical_connection_id":null,"building_id":"default","building_name":"Default"},"geometry":{"type":"LineString","coordinates":[[-79.381029136,43.655453375],[-79.381004064,43.655396512]]}},{"type":"Feature","properties":{"access_type":"public","from_level_id":null,"is_accessible":true,"level_id":-2,"network_type":"corridor","to_level_id":null,"vertical_connection_id":null,"building_id":"default","building_name":"Default"},"geometry":{"type":"LineString","coordinates":[[-79.381029136,43.655453375],[-79.381034829,43.655466897]]}},{"type":"Feature","properties":{"access_type":"public","from_level_id":null,"is_accessible":true,"level_id":-2,"network_type":"corridor","to_level_id":null,"vertical_connection_id":null,"building_id":"default","building_name":"Default"},"geometry":{"type":"LineString","coordinates":[[-79.381443687,43.655532657],[-79.381460229,43.655571815]]}},{"type":"Feature","properties":{"access_type":"public","from_level_id":null,"is_accessible":true,"level_id":-2,"network_type":"corridor","to_level_id":null,"vertical_connection_id":null,"building_id":"default","building_name":"Default"},"geometry":{"type":"LineString","coordinates":[[-79.381301051,43.655563892],[-79.381318022,43.655603958]]}},{"type":"Feature","properties":{"access_type":"public","from_level_id":null,"is_accessible":true,"level_id":-2,"network_type":"corridor","to_level_id":null,"vertical_connection_id":null,"building_id":"default","building_name":"Default"},"geometry":{"type":"LineString","coordinates":[[-79.381301051,43.655563892],[-79.381229733,43.655579509]]}},{"type":"Feature","properties":{"access_type":"public","from_level_id":null,"is_accessible":true,"level_id":-2,"network_type":"corridor","to_level_id":null,"vertical_connection_id":null,"building_id":"default","building_name":"Default"},"geometry":{"type":"LineString","coordinates":[[-79.381301051,43.655563892],[-79.381330505,43.655557442]]}},{"type":"Feature","properties":{"access_type":"public","from_level_id":null,"is_accessible":true,"level_id":-2,"network_type":"corridor","to_level_id":null,"vertical_connection_id":null,"building_id":"default","building_name":"Default"},"geometry":{"type":"LineString","coordinates":[[-79.381229733,43.655579509],[-79.381244756,43.655615192]]}},{"type":"Feature","properties":{"access_type":"public","from_level_id":null,"is_accessible":true,"level_id":-2,"network_type":"corridor","to_level_id":null,"vertical_connection_id":null,"building_id":"default","building_name":"Default"},"geometry":{"type":"LineString","coordinates":[[-79.381229733,43.655579509],[-79.381204167,43.655607718]]}},{"type":"Feature","properties":{"access_type":"public","from_level_id":null,"is_accessible":true,"level_id":-2,"network_type":"corridor","to_level_id":null,"vertical_connection_id":null,"building_id":"default","building_name":"Default"},"geometry":{"type":"LineString","coordinates":[[-79.381229733,43.655579509],[-79.381195471,43.65558706]]}},{"type":"Feature","properties":{"access_type":"public","from_level_id":null,"is_accessible":true,"level_id":-2,"network_type":"corridor","to_level_id":null,"vertical_connection_id":null,"building_id":"default","building_name":"Default"},"geometry":{"type":"LineString","coordinates":[[-79.381009978,43.655556105],[-79.381068123,43.655543293]]}},{"type":"Feature","properties":{"access_type":"public","from_level_id":null,"is_accessible":true,"level_id":-2,"network_type":"corridor","to_level_id":null,"vertical_connection_id":null,"building_id":"default","building_name":"Default"},"geometry":{"type":"LineString","coordinates":[[-79.38093346,43.65541207],[-79.381004064,43.655396512]]}},{"type":"Feature","properties":{"access_type":"public","from_level_id":null,"is_accessible":true,"level_id":-2,"network_type":"corridor","to_level_id":null,"vertical_connection_id":null,"building_id":"default","building_name":"Default"},"geometry":{"type":"LineString","coordinates":[[-79.381500253,43.65544807],[-79.381488948,43.655421008]]}},{"type":"Feature","properties":{"access_type":"public","from_level_id":null,"is_accessible":true,"level_id":-2,"network_type":"corridor","to_level_id":null,"vertical_connection_id":null,"building_id":"default","building_name":"Default"},"geometry":{"type":"LineString","coordinates":[[-79.381500253,43.65544807],[-79.38130278,43.655491584]]}},{"type":"Feature","properties":{"access_type":"public","from_level_id":null,"is_accessible":true,"level_id":-2,"network_type":"corridor","to_level_id":null,"vertical_connection_id":null,"building_id":"default","building_name":"Default"},"geometry":{"type":"LineString","coordinates":[[-79.381545246,43.655408616],[-79.381488948,43.655421008]]}},{"type":"Feature","properties":{"access_type":"public","from_level_id":null,"is_accessible":true,"level_id":-2,"network_type":"corridor","to_level_id":null,"vertical_connection_id":null,"building_id":"default","building_name":"Default"},"geometry":{"type":"LineString","coordinates":[[-79.381363928,43.655243331],[-79.381342057,43.65527396]]}},{"type":"Feature","properties":{"access_type":"public","from_level_id":null,"is_accessible":true,"level_id":-2,"network_type":"corridor","to_level_id":null,"vertical_connection_id":null,"building_id":"default","building_name":"Default"},"geometry":{"type":"LineString","coordinates":[[-79.381419685,43.655258602],[-79.381394375,43.655294742]]}},{"type":"Feature","properties":{"access_type":"public","from_level_id":null,"is_accessible":true,"level_id":-2,"network_type":"corridor","to_level_id":null,"vertical_connection_id":null,"building_id":"default","building_name":"Default"},"geometry":{"type":"LineString","coordinates":[[-79.381284912,43.655206564],[-79.381257652,43.65523884]]}},{"type":"Feature","properties":{"access_type":"public","from_level_id":null,"is_accessible":true,"level_id":-2,"network_type":"corridor","to_level_id":null,"vertical_connection_id":null,"building_id":"default","building_name":"Default"},"geometry":{"type":"LineString","coordinates":[[-79.381176298,43.655637441],[-79.381187838,43.655664148]]}},{"type":"Feature","properties":{"access_type":"public","from_level_id":null,"is_accessible":true,"level_id":-2,"network_type":"corridor","to_level_id":null,"vertical_connection_id":null,"building_id":"default","building_name":"Default"},"geometry":{"type":"LineString","coordinates":[[-79.381176298,43.655637441],[-79.381204167,43.655607718]]}},{"type":"Feature","properties":{"access_type":"public","from_level_id":null,"is_accessible":true,"level_id":-2,"network_type":"corridor","to_level_id":null,"vertical_connection_id":null,"building_id":"default","building_name":"Default"},"geometry":{"type":"LineString","coordinates":[[-79.381176298,43.655637441],[-79.38115825,43.655595672]]}},{"type":"Feature","properties":{"access_type":"public","from_level_id":null,"is_accessible":true,"level_id":0,"network_type":"corridor","to_level_id":null,"vertical_connection_id":null,"building_id":"default","building_name":"Default"},"geometry":{"type":"LineString","coordinates":[[-79.380633877,43.65222723],[-79.380799741,43.652629894]]}},{"type":"Feature","properties":{"access_type":"public","from_level_id":null,"is_accessible":true,"level_id":0,"network_type":"corridor","to_level_id":null,"vertical_connection_id":null,"building_id":"default","building_name":"Default"},"geometry":{"type":"LineString","coordinates":[[-79.380633877,43.65222723],[-79.38059549,43.652293943]]}},{"type":"Feature","properties":{"access_type":"public","from_level_id":null,"is_accessible":true,"level_id":0,"network_type":"corridor","to_level_id":null,"vertical_connection_id":null,"building_id":"default","building_name":"Default"},"geometry":{"type":"LineString","coordinates":[[-79.380799741,43.652629894],[-79.380745377,43.652641278]]}},{"type":"Feature","properties":{"access_type":"public","from_level_id":null,"is_accessible":true,"level_id":0,"network_type":"corridor","to_level_id":null,"vertical_connection_id":null,"building_id":"default","building_name":"Default"},"geometry":{"type":"LineString","coordinates":[[-79.380799741,43.652629894],[-79.381016749,43.653143011]]}},{"type":"Feature","properties":{"access_type":"public","from_level_id":null,"is_accessible":true,"level_id":0,"network_type":"corridor","to_level_id":null,"vertical_connection_id":null,"building_id":"default","building_name":"Default"},"geometry":{"type":"LineString","coordinates":[[-79.381110004,43.653363511],[-79.381078936,43.653370347]]}},{"type":"Feature","properties":{"access_type":"public","from_level_id":null,"is_accessible":true,"level_id":0,"network_type":"corridor","to_level_id":null,"vertical_connection_id":null,"building_id":"default","building_name":"Default"},"geometry":{"type":"LineString","coordinates":[[-79.381110004,43.653363511],[-79.381016749,43.653143011]]}},{"type":"Feature","properties":{"access_type":"public","from_level_id":null,"is_accessible":true,"level_id":1,"network_type":"corridor","to_level_id":null,"vertical_connection_id":null,"building_id":"default","building_name":"Default"},"geometry":{"type":"LineString","coordinates":[[-79.383556575,43.655661495],[-79.38336868,43.655587315]]}},{"type":"Feature","properties":{"access_type":"public","from_level_id":null,"is_accessible":true,"level_id":-1,"network_type":"corridor","to_level_id":null,"vertical_connection_id":null,"building_id":"default","building_name":"Default"},"geometry":{"type":"LineString","coordinates":[[-79.380243013,43.652941268],[-79.380225194,43.652899793]]}},{"type":"Feature","properties":{"access_type":"public","from_level_id":null,"is_accessible":true,"level_id":0,"network_type":"corridor","to_level_id":null,"vertical_connection_id":null,"building_id":"default","building_name":"Default"},"geometry":{"type":"LineString","coordinates":[[-79.379758558,43.652420402],[-79.379743747,43.652385214]]}},{"type":"Feature","properties":{"access_type":"public","from_level_id":null,"is_accessible":true,"level_id":0,"network_type":"corridor","to_level_id":null,"vertical_connection_id":null,"building_id":"default","building_name":"Default"},"geometry":{"type":"LineString","coordinates":[[-79.379758558,43.652420402],[-79.380028866,43.65236055]]}},{"type":"Feature","properties":{"access_type":"public","from_level_id":null,"is_accessible":true,"level_id":0,"network_type":"corridor","to_level_id":null,"vertical_connection_id":null,"building_id":"default","building_name":"Default"},"geometry":{"type":"LineString","coordinates":[[-79.379743747,43.652385214],[-79.379474624,43.652444853]]}},{"type":"Feature","properties":{"access_type":"public","from_level_id":null,"is_accessible":true,"level_id":0,"network_type":"corridor","to_level_id":null,"vertical_connection_id":null,"building_id":"default","building_name":"Default"},"geometry":{"type":"LineString","coordinates":[[-79.379474624,43.652444853],[-79.37949079,43.65247858]]}},{"type":"Feature","properties":{"access_type":"public","from_level_id":null,"is_accessible":true,"level_id":0,"network_type":"corridor","to_level_id":null,"vertical_connection_id":null,"building_id":"default","building_name":"Default"},"geometry":{"type":"LineString","coordinates":[[-79.379474624,43.652444853],[-79.37890426,43.652573927]]}},{"type":"Feature","properties":{"access_type":"public","from_level_id":null,"is_accessible":true,"level_id":-1,"network_type":"corridor","to_level_id":null,"vertical_connection_id":null,"building_id":"default","building_name":"Default"},"geometry":{"type":"LineString","coordinates":[[-79.380029766,43.652668828],[-79.380065821,43.652660885]]}},{"type":"Feature","properties":{"access_type":"public","from_level_id":null,"is_accessible":true,"level_id":-1,"network_type":"corridor","to_level_id":null,"vertical_connection_id":null,"building_id":"default","building_name":"Default"},"geometry":{"type":"LineString","coordinates":[[-79.380029766,43.652668828],[-79.380038744,43.652690229]]}},{"type":"Feature","properties":{"access_type":"public","from_level_id":null,"is_accessible":true,"level_id":-1,"network_type":"corridor","to_level_id":null,"vertical_connection_id":null,"building_id":"default","building_name":"Default"},"geometry":{"type":"LineString","coordinates":[[-79.380029766,43.652668828],[-79.380017175,43.652637388]]}},{"type":"Feature","properties":{"access_type":"public","from_level_id":null,"is_accessible":true,"level_id":-1,"network_type":"corridor","to_level_id":null,"vertical_connection_id":null,"building_id":"default","building_name":"Default"},"geometry":{"type":"LineString","coordinates":[[-79.380831849,43.65455617],[-79.380855144,43.654525688]]}},{"type":"Feature","properties":{"access_type":"public","from_level_id":null,"is_accessible":true,"level_id":-2,"network_type":"corridor","to_level_id":null,"vertical_connection_id":null,"building_id":"default","building_name":"Default"},"geometry":{"type":"LineString","coordinates":[[-79.380708853,43.65455222],[-79.380741533,43.65463044]]}},{"type":"Feature","properties":{"access_type":"public","from_level_id":null,"is_accessible":true,"level_id":-1,"network_type":"corridor","to_level_id":null,"vertical_connection_id":null,"building_id":"default","building_name":"Default"},"geometry":{"type":"LineString","coordinates":[[-79.381239239,43.655946431],[-79.381262861,43.655809855]]}},{"type":"Feature","properties":{"access_type":"public","from_level_id":null,"is_accessible":true,"level_id":0,"network_type":"corridor","to_level_id":null,"vertical_connection_id":null,"building_id":"default","building_name":"Default"},"geometry":{"type":"LineString","coordinates":[[-79.380646576,43.653637201],[-79.380639777,43.65362105]]}},{"type":"Feature","properties":{"access_type":"public","from_level_id":null,"is_accessible":true,"level_id":1,"network_type":"corridor","to_level_id":null,"vertical_connection_id":null,"building_id":"default","building_name":"Default"},"geometry":{"type":"LineString","coordinates":[[-79.380078297,43.652691447],[-79.380030022,43.652702742]]}},{"type":"Feature","properties":{"access_type":"public","from_level_id":null,"is_accessible":true,"level_id":1,"network_type":"corridor","to_level_id":null,"vertical_connection_id":null,"building_id":"default","building_name":"Default"},"geometry":{"type":"LineString","coordinates":[[-79.380676941,43.653708198],[-79.380700579,43.653766391]]}},{"type":"Feature","properties":{"access_type":"public","from_level_id":null,"is_accessible":true,"level_id":2,"network_type":"corridor","to_level_id":null,"vertical_connection_id":null,"building_id":"default","building_name":"Default"},"geometry":{"type":"LineString","coordinates":[[-79.381007006,43.654297165],[-79.380947894,43.654309402]]}},{"type":"Feature","properties":{"access_type":"public","from_level_id":null,"is_accessible":true,"level_id":2,"network_type":"corridor","to_level_id":null,"vertical_connection_id":null,"building_id":"default","building_name":"Default"},"geometry":{"type":"LineString","coordinates":[[-79.381007006,43.654297165],[-79.381031873,43.654358409]]}},{"type":"Feature","properties":{"access_type":"public","from_level_id":null,"is_accessible":true,"level_id":-1,"network_type":"corridor","to_level_id":null,"vertical_connection_id":null,"building_id":"default","building_name":"Default"},"geometry":{"type":"LineString","coordinates":[[-79.380178838,43.652737904],[-79.380255525,43.652765139]]}},{"type":"Feature","properties":{"access_type":"public","from_level_id":null,"is_accessible":true,"level_id":-1,"network_type":"corridor","to_level_id":null,"vertical_connection_id":null,"building_id":"default","building_name":"Default"},"geometry":{"type":"LineString","coordinates":[[-79.380178838,43.652737904],[-79.380238642,43.652724727]]}},{"type":"Feature","properties":{"access_type":"public","from_level_id":null,"is_accessible":true,"level_id":-1,"network_type":"corridor","to_level_id":null,"vertical_connection_id":null,"building_id":"default","building_name":"Default"},"geometry":{"type":"LineString","coordinates":[[-79.380178838,43.652737904],[-79.380115831,43.652716463]]}},{"type":"Feature","properties":{"access_type":"public","from_level_id":null,"is_accessible":true,"level_id":-1,"network_type":"corridor","to_level_id":null,"vertical_connection_id":null,"building_id":"default","building_name":"Default"},"geometry":{"type":"LineString","coordinates":[[-79.380388479,43.653535723],[-79.380376464,43.653507176]]}},{"type":"Feature","properties":{"access_type":"public","from_level_id":null,"is_accessible":true,"level_id":-1,"network_type":"corridor","to_level_id":null,"vertical_connection_id":null,"building_id":"default","building_name":"Default"},"geometry":{"type":"LineString","coordinates":[[-79.380388479,43.653535723],[-79.380400495,43.653564269]]}},{"type":"Feature","properties":{"access_type":"public","from_level_id":null,"is_accessible":true,"level_id":-1,"network_type":"corridor","to_level_id":null,"vertical_connection_id":null,"building_id":"default","building_name":"Default"},"geometry":{"type":"LineString","coordinates":[[-79.380466896,43.653722026],[-79.380495354,43.653789636]]}},{"type":"Feature","properties":{"access_type":"public","from_level_id":null,"is_accessible":true,"level_id":0,"network_type":"corridor","to_level_id":null,"vertical_connection_id":null,"building_id":"default","building_name":"Default"},"geometry":{"type":"LineString","coordinates":[[-79.380300905,43.653543721],[-79.380371795,43.65352803]]}},{"type":"Feature","properties":{"access_type":"public","from_level_id":null,"is_accessible":true,"level_id":0,"network_type":"corridor","to_level_id":null,"vertical_connection_id":null,"building_id":"default","building_name":"Default"},"geometry":{"type":"LineString","coordinates":[[-79.380300905,43.653543721],[-79.380270414,43.65355047]]}},{"type":"Feature","properties":{"access_type":"public","from_level_id":null,"is_accessible":true,"level_id":-1,"network_type":"corridor","to_level_id":null,"vertical_connection_id":null,"building_id":"default","building_name":"Default"},"geometry":{"type":"LineString","coordinates":[[-79.381117213,43.655947119],[-79.381129906,43.655978997]]}},{"type":"Feature","properties":{"access_type":"public","from_level_id":null,"is_accessible":true,"level_id":-1,"network_type":"corridor","to_level_id":null,"vertical_connection_id":null,"building_id":"default","building_name":"Default"},"geometry":{"type":"LineString","coordinates":[[-79.381117213,43.655947119],[-79.381150837,43.655899783]]}},{"type":"Feature","properties":{"access_type":"public","from_level_id":null,"is_accessible":true,"level_id":-1,"network_type":"corridor","to_level_id":null,"vertical_connection_id":null,"building_id":"default","building_name":"Default"},"geometry":{"type":"LineString","coordinates":[[-79.381206733,43.655687052],[-79.381152552,43.65569899]]}},{"type":"Feature","properties":{"access_type":"public","from_level_id":null,"is_accessible":true,"level_id":-1,"network_type":"corridor","to_level_id":null,"vertical_connection_id":null,"building_id":"default","building_name":"Default"},"geometry":{"type":"LineString","coordinates":[[-79.381206733,43.655687052],[-79.381219949,43.655686497]]}},{"type":"Feature","properties":{"access_type":"public","from_level_id":null,"is_accessible":true,"level_id":-1,"network_type":"corridor","to_level_id":null,"vertical_connection_id":null,"building_id":"default","building_name":"Default"},"geometry":{"type":"LineString","coordinates":[[-79.381152552,43.65569899],[-79.381159861,43.655771487]]}},{"type":"Feature","properties":{"access_type":"public","from_level_id":null,"is_accessible":true,"level_id":-1,"network_type":"corridor","to_level_id":null,"vertical_connection_id":null,"building_id":"default","building_name":"Default"},"geometry":{"type":"LineString","coordinates":[[-79.381159861,43.655771487],[-79.381183077,43.655828366]]}},{"type":"Feature","properties":{"access_type":"public","from_level_id":null,"is_accessible":true,"level_id":-1,"network_type":"corridor","to_level_id":null,"vertical_connection_id":null,"building_id":"default","building_name":"Default"},"geometry":{"type":"LineString","coordinates":[[-79.380834472,43.654428211],[-79.380902703,43.654413721]]}},{"type":"Feature","properties":{"access_type":"public","from_level_id":null,"is_accessible":true,"level_id":-1,"network_type":"corridor","to_level_id":null,"vertical_connection_id":null,"building_id":"default","building_name":"Default"},"geometry":{"type":"LineString","coordinates":[[-79.380834472,43.654428211],[-79.380821545,43.654397464]]}},{"type":"Feature","properties":{"access_type":"public","from_level_id":null,"is_accessible":true,"level_id":-1,"network_type":"corridor","to_level_id":null,"vertical_connection_id":null,"building_id":"default","building_name":"Default"},"geometry":{"type":"LineString","coordinates":[[-79.380834472,43.654428211],[-79.38085696,43.654481601]]}},{"type":"Feature","properties":{"access_type":"public","from_level_id":null,"is_accessible":true,"level_id":-1,"network_type":"corridor","to_level_id":null,"vertical_connection_id":null,"building_id":"default","building_name":"Default"},"geometry":{"type":"LineString","coordinates":[[-79.380989842,43.654376799],[-79.380996949,43.65439366]]}},{"type":"Feature","properties":{"access_type":"public","from_level_id":null,"is_accessible":true,"level_id":-1,"network_type":"corridor","to_level_id":null,"vertical_connection_id":null,"building_id":"default","building_name":"Default"},"geometry":{"type":"LineString","coordinates":[[-79.380989842,43.654376799],[-79.38098217,43.654357935]]}},{"type":"Feature","properties":{"access_type":"public","from_level_id":null,"is_accessible":true,"level_id":-1,"network_type":"corridor","to_level_id":null,"vertical_connection_id":null,"building_id":"default","building_name":"Default"},"geometry":{"type":"LineString","coordinates":[[-79.380050073,43.652404612],[-79.380072932,43.652462566]]}},{"type":"Feature","properties":{"access_type":"public","from_level_id":null,"is_accessible":true,"level_id":-1,"network_type":"corridor","to_level_id":null,"vertical_connection_id":null,"building_id":"default","building_name":"Default"},"geometry":{"type":"LineString","coordinates":[[-79.380100936,43.652523709],[-79.380063559,43.652531944]]}},{"type":"Feature","properties":{"access_type":"public","from_level_id":null,"is_accessible":true,"level_id":-1,"network_type":"corridor","to_level_id":null,"vertical_connection_id":null,"building_id":"default","building_name":"Default"},"geometry":{"type":"LineString","coordinates":[[-79.380100936,43.652523709],[-79.380072932,43.652462566]]}},{"type":"Feature","properties":{"access_type":"public","from_level_id":null,"is_accessible":true,"level_id":-1,"network_type":"corridor","to_level_id":null,"vertical_connection_id":null,"building_id":"default","building_name":"Default"},"geometry":{"type":"LineString","coordinates":[[-79.380100936,43.652523709],[-79.380133999,43.652596871]]}},{"type":"Feature","properties":{"access_type":"public","from_level_id":null,"is_accessible":true,"level_id":-1,"network_type":"corridor","to_level_id":null,"vertical_connection_id":null,"building_id":"default","building_name":"Default"},"geometry":{"type":"LineString","coordinates":[[-79.381189799,43.655846061],[-79.381183077,43.655828366]]}},{"type":"Feature","properties":{"access_type":"public","from_level_id":null,"is_accessible":true,"level_id":-1,"network_type":"corridor","to_level_id":null,"vertical_connection_id":null,"building_id":"default","building_name":"Default"},"geometry":{"type":"LineString","coordinates":[[-79.381189799,43.655846061],[-79.381262861,43.655809855]]}},{"type":"Feature","properties":{"access_type":"public","from_level_id":null,"is_accessible":true,"level_id":-1,"network_type":"corridor","to_level_id":null,"vertical_connection_id":null,"building_id":"default","building_name":"Default"},"geometry":{"type":"LineString","coordinates":[[-79.381189799,43.655846061],[-79.381282508,43.655863677]]}},{"type":"Feature","properties":{"access_type":"public","from_level_id":null,"is_accessible":true,"level_id":-1,"network_type":"corridor","to_level_id":null,"vertical_connection_id":null,"building_id":"default","building_name":"Default"},"geometry":{"type":"LineString","coordinates":[[-79.381189799,43.655846061],[-79.381208556,43.65591097]]}},{"type":"Feature","properties":{"access_type":"public","from_level_id":null,"is_accessible":true,"level_id":-1,"network_type":"corridor","to_level_id":null,"vertical_connection_id":null,"building_id":"default","building_name":"Default"},"geometry":{"type":"LineString","coordinates":[[-79.381189799,43.655846061],[-79.38119054,43.655907847]]}},{"type":"Feature","properties":{"access_type":"public","from_level_id":null,"is_accessible":true,"level_id":-1,"network_type":"corridor","to_level_id":null,"vertical_connection_id":null,"building_id":"default","building_name":"Default"},"geometry":{"type":"LineString","coordinates":[[-79.381189799,43.655846061],[-79.381150837,43.655899783]]}},{"type":"Feature","properties":{"access_type":"public","from_level_id":null,"is_accessible":true,"level_id":0,"network_type":"corridor","to_level_id":null,"vertical_connection_id":null,"building_id":"default","building_name":"Default"},"geometry":{"type":"LineString","coordinates":[[-79.380917533,43.653405662],[-79.381078936,43.653370347]]}},{"type":"Feature","properties":{"access_type":"public","from_level_id":null,"is_accessible":true,"level_id":0,"network_type":"corridor","to_level_id":null,"vertical_connection_id":null,"building_id":"default","building_name":"Default"},"geometry":{"type":"LineString","coordinates":[[-79.380917533,43.653405662],[-79.38071375,43.653451979]]}},{"type":"Feature","properties":{"access_type":"public","from_level_id":null,"is_accessible":true,"level_id":0,"network_type":"corridor","to_level_id":null,"vertical_connection_id":null,"building_id":"default","building_name":"Default"},"geometry":{"type":"LineString","coordinates":[[-79.380682169,43.654298129],[-79.380757963,43.65428169]]}},{"type":"Feature","properties":{"access_type":"public","from_level_id":null,"is_accessible":true,"level_id":0,"network_type":"corridor","to_level_id":null,"vertical_connection_id":null,"building_id":"default","building_name":"Default"},"geometry":{"type":"LineString","coordinates":[[-79.381113275,43.656183015],[-79.380611082,43.656296545]]}},{"type":"Feature","properties":{"access_type":"public","from_level_id":null,"is_accessible":true,"level_id":1,"network_type":"corridor","to_level_id":null,"vertical_connection_id":null,"building_id":"default","building_name":"Default"},"geometry":{"type":"LineString","coordinates":[[-79.380063523,43.652847847],[-79.380146233,43.652829624]]}},{"type":"Feature","properties":{"access_type":"public","from_level_id":null,"is_accessible":true,"level_id":1,"network_type":"corridor","to_level_id":null,"vertical_connection_id":null,"building_id":"default","building_name":"Default"},"geometry":{"type":"LineString","coordinates":[[-79.380736098,43.652921627],[-79.380738845,43.652930741]]}},{"type":"Feature","properties":{"access_type":"public","from_level_id":null,"is_accessible":true,"level_id":1,"network_type":"corridor","to_level_id":null,"vertical_connection_id":null,"building_id":"default","building_name":"Default"},"geometry":{"type":"LineString","coordinates":[[-79.38276398,43.655768893],[-79.382603283,43.655803963]]}},{"type":"Feature","properties":{"access_type":"public","from_level_id":null,"is_accessible":true,"level_id":1,"network_type":"corridor","to_level_id":null,"vertical_connection_id":null,"building_id":"default","building_name":"Default"},"geometry":{"type":"LineString","coordinates":[[-79.381705478,43.655729512],[-79.381755607,43.655846954]]}},{"type":"Feature","properties":{"access_type":"public","from_level_id":null,"is_accessible":true,"level_id":1,"network_type":"corridor","to_level_id":null,"vertical_connection_id":null,"building_id":"default","building_name":"Default"},"geometry":{"type":"LineString","coordinates":[[-79.380649158,43.653430165],[-79.380562978,43.65339793]]}},{"type":"Feature","properties":{"access_type":"public","from_level_id":null,"is_accessible":true,"level_id":1,"network_type":"corridor","to_level_id":null,"vertical_connection_id":null,"building_id":"default","building_name":"Default"},"geometry":{"type":"LineString","coordinates":[[-79.380649158,43.653430165],[-79.380712082,43.653578861]]}},{"type":"Feature","properties":{"access_type":"public","from_level_id":null,"is_accessible":true,"level_id":1,"network_type":"corridor","to_level_id":null,"vertical_connection_id":null,"building_id":"default","building_name":"Default"},"geometry":{"type":"LineString","coordinates":[[-79.380397554,43.653004888],[-79.380381973,43.652967869]]}},{"type":"Feature","properties":{"access_type":"public","from_level_id":null,"is_accessible":true,"level_id":1,"network_type":"corridor","to_level_id":null,"vertical_connection_id":null,"building_id":"default","building_name":"Default"},"geometry":{"type":"LineString","coordinates":[[-79.380397554,43.653004888],[-79.380738845,43.652930741]]}},{"type":"Feature","properties":{"access_type":"public","from_level_id":null,"is_accessible":true,"level_id":1,"network_type":"corridor","to_level_id":null,"vertical_connection_id":null,"building_id":"default","building_name":"Default"},"geometry":{"type":"LineString","coordinates":[[-79.380748405,43.652950437],[-79.380738845,43.652930741]]}},{"type":"Feature","properties":{"access_type":"public","from_level_id":null,"is_accessible":true,"level_id":-2,"network_type":"corridor","to_level_id":null,"vertical_connection_id":null,"building_id":"default","building_name":"Default"},"geometry":{"type":"LineString","coordinates":[[-79.381168813,43.655437701],[-79.381135588,43.655445023]]}},{"type":"Feature","properties":{"access_type":"public","from_level_id":null,"is_accessible":true,"level_id":-1,"network_type":"corridor","to_level_id":null,"vertical_connection_id":null,"building_id":"default","building_name":"Default"},"geometry":{"type":"LineString","coordinates":[[-79.381227906,43.655594642],[-79.38129707,43.65557913]]}},{"type":"Feature","properties":{"access_type":"public","from_level_id":null,"is_accessible":true,"level_id":-1,"network_type":"corridor","to_level_id":null,"vertical_connection_id":null,"building_id":"default","building_name":"Default"},"geometry":{"type":"LineString","coordinates":[[-79.380314411,43.653689953],[-79.380305926,43.653670056]]}},{"type":"Feature","properties":{"access_type":"public","from_level_id":null,"is_accessible":true,"level_id":-1,"network_type":"corridor","to_level_id":null,"vertical_connection_id":null,"building_id":"default","building_name":"Default"},"geometry":{"type":"LineString","coordinates":[[-79.379816464,43.652501673],[-79.379847262,43.652464219]]}},{"type":"Feature","properties":{"access_type":"public","from_level_id":null,"is_accessible":true,"level_id":-1,"network_type":"corridor","to_level_id":null,"vertical_connection_id":null,"building_id":"default","building_name":"Default"},"geometry":{"type":"LineString","coordinates":[[-79.380305926,43.653670056],[-79.380233035,43.653686116]]}},{"type":"Feature","properties":{"access_type":"public","from_level_id":null,"is_accessible":true,"level_id":-1,"network_type":"corridor","to_level_id":null,"vertical_connection_id":null,"building_id":"default","building_name":"Default"},"geometry":{"type":"LineString","coordinates":[[-79.380851674,43.654285751],[-79.380822253,43.654339846]]}},{"type":"Feature","properties":{"access_type":"public","from_level_id":null,"is_accessible":true,"level_id":-1,"network_type":"corridor","to_level_id":null,"vertical_connection_id":null,"building_id":"default","building_name":"Default"},"geometry":{"type":"LineString","coordinates":[[-79.380851674,43.654285751],[-79.380917775,43.654318798]]}},{"type":"Feature","properties":{"access_type":"public","from_level_id":null,"is_accessible":true,"level_id":-1,"network_type":"corridor","to_level_id":null,"vertical_connection_id":null,"building_id":"default","building_name":"Default"},"geometry":{"type":"LineString","coordinates":[[-79.380851674,43.654285751],[-79.380948973,43.654312055]]}},{"type":"Feature","properties":{"access_type":"public","from_level_id":null,"is_accessible":true,"level_id":0,"network_type":"corridor","to_level_id":null,"vertical_connection_id":null,"building_id":"default","building_name":"Default"},"geometry":{"type":"LineString","coordinates":[[-79.380090329,43.653589839],[-79.380065929,43.653535323]]}},{"type":"Feature","properties":{"access_type":"public","from_level_id":null,"is_accessible":true,"level_id":0,"network_type":"corridor","to_level_id":null,"vertical_connection_id":null,"building_id":"default","building_name":"Default"},"geometry":{"type":"LineString","coordinates":[[-79.380090329,43.653589839],[-79.380270414,43.65355047]]}},{"type":"Feature","properties":{"access_type":"public","from_level_id":null,"is_accessible":true,"level_id":2,"network_type":"corridor","to_level_id":null,"vertical_connection_id":null,"building_id":"default","building_name":"Default"},"geometry":{"type":"LineString","coordinates":[[-79.380873816,43.653996235],[-79.381122678,43.653610231]]}},{"type":"Feature","properties":{"access_type":"public","from_level_id":null,"is_accessible":true,"level_id":2,"network_type":"corridor","to_level_id":null,"vertical_connection_id":null,"building_id":"default","building_name":"Default"},"geometry":{"type":"LineString","coordinates":[[-79.381125413,43.654351195],[-79.381047556,43.654369138]]}},{"type":"Feature","properties":{"access_type":"public","from_level_id":null,"is_accessible":true,"level_id":0,"network_type":"corridor","to_level_id":null,"vertical_connection_id":null,"building_id":"default","building_name":"Default"},"geometry":{"type":"LineString","coordinates":[[-79.380357608,43.652545543],[-79.380392064,43.652498022]]}},{"type":"Feature","properties":{"access_type":"public","from_level_id":null,"is_accessible":true,"level_id":2,"network_type":"corridor","to_level_id":null,"vertical_connection_id":null,"building_id":"default","building_name":"Default"},"geometry":{"type":"LineString","coordinates":[[-79.381110584,43.654109375],[-79.381100623,43.654083987]]}},{"type":"Feature","properties":{"access_type":"public","from_level_id":null,"is_accessible":true,"level_id":2,"network_type":"corridor","to_level_id":null,"vertical_connection_id":null,"building_id":"default","building_name":"Default"},"geometry":{"type":"LineString","coordinates":[[-79.381110584,43.654109375],[-79.381015328,43.654130626]]}},{"type":"Feature","properties":{"access_type":"public","from_level_id":null,"is_accessible":true,"level_id":1,"network_type":"corridor","to_level_id":null,"vertical_connection_id":null,"building_id":"default","building_name":"Default"},"geometry":{"type":"LineString","coordinates":[[-79.38129743,43.655620768],[-79.381194491,43.655614296]]}},{"type":"Feature","properties":{"access_type":"public","from_level_id":null,"is_accessible":true,"level_id":1,"network_type":"corridor","to_level_id":null,"vertical_connection_id":null,"building_id":"default","building_name":"Default"},"geometry":{"type":"LineString","coordinates":[[-79.381194491,43.655614296],[-79.381056286,43.655601672]]}},{"type":"Feature","properties":{"access_type":"public","from_level_id":null,"is_accessible":true,"level_id":-1,"network_type":"corridor","to_level_id":null,"vertical_connection_id":null,"building_id":"default","building_name":"Default"},"geometry":{"type":"LineString","coordinates":[[-79.380671711,43.653868986],[-79.380577614,43.653812556]]}},{"type":"Feature","properties":{"access_type":"public","from_level_id":null,"is_accessible":true,"level_id":-1,"network_type":"corridor","to_level_id":null,"vertical_connection_id":null,"building_id":"default","building_name":"Default"},"geometry":{"type":"LineString","coordinates":[[-79.380671711,43.653868986],[-79.38069763,43.653892827]]}},{"type":"Feature","properties":{"access_type":"public","from_level_id":null,"is_accessible":true,"level_id":-1,"network_type":"corridor","to_level_id":null,"vertical_connection_id":null,"building_id":"default","building_name":"Default"},"geometry":{"type":"LineString","coordinates":[[-79.380743352,43.654033798],[-79.380747933,43.65404468]]}},{"type":"Feature","properties":{"access_type":"public","from_level_id":null,"is_accessible":true,"level_id":-1,"network_type":"corridor","to_level_id":null,"vertical_connection_id":null,"building_id":"default","building_name":"Default"},"geometry":{"type":"LineString","coordinates":[[-79.380743352,43.654033798],[-79.380737661,43.654020276]]}},{"type":"Feature","properties":{"access_type":"public","from_level_id":null,"is_accessible":true,"level_id":-1,"network_type":"corridor","to_level_id":null,"vertical_connection_id":null,"building_id":"default","building_name":"Default"},"geometry":{"type":"LineString","coordinates":[[-79.38077687,43.654113427],[-79.380747933,43.65404468]]}},{"type":"Feature","properties":{"access_type":"public","from_level_id":null,"is_accessible":true,"level_id":-1,"network_type":"corridor","to_level_id":null,"vertical_connection_id":null,"building_id":"default","building_name":"Default"},"geometry":{"type":"LineString","coordinates":[[-79.381010106,43.654424871],[-79.380996949,43.65439366]]}},{"type":"Feature","properties":{"access_type":"public","from_level_id":null,"is_accessible":true,"level_id":-1,"network_type":"corridor","to_level_id":null,"vertical_connection_id":null,"building_id":"default","building_name":"Default"},"geometry":{"type":"LineString","coordinates":[[-79.381010106,43.654424871],[-79.381054559,43.65453033]]}},{"type":"Feature","properties":{"access_type":"public","from_level_id":null,"is_accessible":true,"level_id":-1,"network_type":"corridor","to_level_id":null,"vertical_connection_id":null,"building_id":"default","building_name":"Default"},"geometry":{"type":"LineString","coordinates":[[-79.380996949,43.65439366],[-79.380964682,43.654400176]]}},{"type":"Feature","properties":{"access_type":"public","from_level_id":null,"is_accessible":true,"level_id":-1,"network_type":"corridor","to_level_id":null,"vertical_connection_id":null,"building_id":"default","building_name":"Default"},"geometry":{"type":"LineString","coordinates":[[-79.381054559,43.65453033],[-79.380938212,43.654673127]]}},{"type":"Feature","properties":{"access_type":"public","from_level_id":null,"is_accessible":true,"level_id":-1,"network_type":"corridor","to_level_id":null,"vertical_connection_id":null,"building_id":"default","building_name":"Default"},"geometry":{"type":"LineString","coordinates":[[-79.381131218,43.655128784],[-79.381099432,43.6550541]]}},{"type":"Feature","properties":{"access_type":"public","from_level_id":null,"is_accessible":true,"level_id":-1,"network_type":"corridor","to_level_id":null,"vertical_connection_id":null,"building_id":"default","building_name":"Default"},"geometry":{"type":"LineString","coordinates":[[-79.380945488,43.654690306],[-79.380938212,43.654673127]]}},{"type":"Feature","properties":{"access_type":"public","from_level_id":null,"is_accessible":true,"level_id":-1,"network_type":"corridor","to_level_id":null,"vertical_connection_id":null,"building_id":"default","building_name":"Default"},"geometry":{"type":"LineString","coordinates":[[-79.381199913,43.655290961],[-79.381302083,43.655268448]]}},{"type":"Feature","properties":{"access_type":"public","from_level_id":null,"is_accessible":true,"level_id":-1,"network_type":"corridor","to_level_id":null,"vertical_connection_id":null,"building_id":"default","building_name":"Default"},"geometry":{"type":"LineString","coordinates":[[-79.381656767,43.655190295],[-79.381649811,43.655173768]]}},{"type":"Feature","properties":{"access_type":"public","from_level_id":null,"is_accessible":true,"level_id":-1,"network_type":"corridor","to_level_id":null,"vertical_connection_id":null,"building_id":"default","building_name":"Default"},"geometry":{"type":"LineString","coordinates":[[-79.381656767,43.655190295],[-79.381302083,43.655268448]]}},{"type":"Feature","properties":{"access_type":"public","from_level_id":null,"is_accessible":true,"level_id":-1,"network_type":"corridor","to_level_id":null,"vertical_connection_id":null,"building_id":"default","building_name":"Default"},"geometry":{"type":"LineString","coordinates":[[-79.381649811,43.655173768],[-79.381766306,43.65514777]]}},{"type":"Feature","properties":{"access_type":"public","from_level_id":null,"is_accessible":true,"level_id":-1,"network_type":"corridor","to_level_id":null,"vertical_connection_id":null,"building_id":"default","building_name":"Default"},"geometry":{"type":"LineString","coordinates":[[-79.381766306,43.65514777],[-79.381800321,43.655228144]]}},{"type":"Feature","properties":{"access_type":"public","from_level_id":null,"is_accessible":true,"level_id":-2,"network_type":"corridor","to_level_id":null,"vertical_connection_id":null,"building_id":"default","building_name":"Default"},"geometry":{"type":"LineString","coordinates":[[-79.381063533,43.654847785],[-79.381071196,43.654866849]]}},{"type":"Feature","properties":{"access_type":"public","from_level_id":null,"is_accessible":true,"level_id":-2,"network_type":"corridor","to_level_id":null,"vertical_connection_id":null,"building_id":"default","building_name":"Default"},"geometry":{"type":"LineString","coordinates":[[-79.381073356,43.655075962],[-79.380931625,43.655107129]]}},{"type":"Feature","properties":{"access_type":"public","from_level_id":null,"is_accessible":true,"level_id":-2,"network_type":"corridor","to_level_id":null,"vertical_connection_id":null,"building_id":"default","building_name":"Default"},"geometry":{"type":"LineString","coordinates":[[-79.381228049,43.655245494],[-79.381257652,43.65523884]]}},{"type":"Feature","properties":{"access_type":"public","from_level_id":null,"is_accessible":true,"level_id":-2,"network_type":"corridor","to_level_id":null,"vertical_connection_id":null,"building_id":"default","building_name":"Default"},"geometry":{"type":"LineString","coordinates":[[-79.381228049,43.655245494],[-79.381218065,43.655221292]]}},{"type":"Feature","properties":{"access_type":"public","from_level_id":null,"is_accessible":true,"level_id":-2,"network_type":"corridor","to_level_id":null,"vertical_connection_id":null,"building_id":"default","building_name":"Default"},"geometry":{"type":"LineString","coordinates":[[-79.381228049,43.655245494],[-79.381201584,43.655251195]]}},{"type":"Feature","properties":{"access_type":"public","from_level_id":null,"is_accessible":true,"level_id":-2,"network_type":"corridor","to_level_id":null,"vertical_connection_id":null,"building_id":"default","building_name":"Default"},"geometry":{"type":"LineString","coordinates":[[-79.381257652,43.65523884],[-79.381342057,43.65527396]]}},{"type":"Feature","properties":{"access_type":"public","from_level_id":null,"is_accessible":true,"level_id":-2,"network_type":"corridor","to_level_id":null,"vertical_connection_id":null,"building_id":"default","building_name":"Default"},"geometry":{"type":"LineString","coordinates":[[-79.381257652,43.65523884],[-79.381218065,43.655221292]]}},{"type":"Feature","properties":{"access_type":"public","from_level_id":null,"is_accessible":true,"level_id":-2,"network_type":"corridor","to_level_id":null,"vertical_connection_id":null,"building_id":"default","building_name":"Default"},"geometry":{"type":"LineString","coordinates":[[-79.381342057,43.65527396],[-79.381394375,43.655294742]]}},{"type":"Feature","properties":{"access_type":"public","from_level_id":null,"is_accessible":true,"level_id":-2,"network_type":"corridor","to_level_id":null,"vertical_connection_id":null,"building_id":"default","building_name":"Default"},"geometry":{"type":"LineString","coordinates":[[-79.381394375,43.655294742],[-79.381418347,43.655305221]]}},{"type":"Feature","properties":{"access_type":"public","from_level_id":null,"is_accessible":true,"level_id":-2,"network_type":"corridor","to_level_id":null,"vertical_connection_id":null,"building_id":"default","building_name":"Default"},"geometry":{"type":"LineString","coordinates":[[-79.381445436,43.655316852],[-79.381418347,43.655305221]]}},{"type":"Feature","properties":{"access_type":"public","from_level_id":null,"is_accessible":true,"level_id":-2,"network_type":"corridor","to_level_id":null,"vertical_connection_id":null,"building_id":"default","building_name":"Default"},"geometry":{"type":"LineString","coordinates":[[-79.381394215,43.655698005],[-79.381254334,43.655728829]]}},{"type":"Feature","properties":{"access_type":"public","from_level_id":null,"is_accessible":true,"level_id":-2,"network_type":"corridor","to_level_id":null,"vertical_connection_id":null,"building_id":"default","building_name":"Default"},"geometry":{"type":"LineString","coordinates":[[-79.381235412,43.655778969],[-79.381201503,43.655786178]]}},{"type":"Feature","properties":{"access_type":"public","from_level_id":null,"is_accessible":true,"level_id":-2,"network_type":"corridor","to_level_id":null,"vertical_connection_id":null,"building_id":"default","building_name":"Default"},"geometry":{"type":"LineString","coordinates":[[-79.381144747,43.655741484],[-79.381159294,43.65577604]]}},{"type":"Feature","properties":{"access_type":"public","from_level_id":null,"is_accessible":true,"level_id":-2,"network_type":"corridor","to_level_id":null,"vertical_connection_id":null,"building_id":"default","building_name":"Default"},"geometry":{"type":"LineString","coordinates":[[-79.381144747,43.655741484],[-79.381104253,43.655750408]]}},{"type":"Feature","properties":{"access_type":"public","from_level_id":null,"is_accessible":true,"level_id":-2,"network_type":"corridor","to_level_id":null,"vertical_connection_id":null,"building_id":"default","building_name":"Default"},"geometry":{"type":"LineString","coordinates":[[-79.381144747,43.655741484],[-79.381180208,43.655733867]]}},{"type":"Feature","properties":{"access_type":"public","from_level_id":null,"is_accessible":true,"level_id":-2,"network_type":"corridor","to_level_id":null,"vertical_connection_id":null,"building_id":"default","building_name":"Default"},"geometry":{"type":"LineString","coordinates":[[-79.381104253,43.655750408],[-79.38111374,43.655772944]]}},{"type":"Feature","properties":{"access_type":"public","from_level_id":null,"is_accessible":true,"level_id":-2,"network_type":"corridor","to_level_id":null,"vertical_connection_id":null,"building_id":"default","building_name":"Default"},"geometry":{"type":"LineString","coordinates":[[-79.38111374,43.655772944],[-79.381079476,43.655780494]]}},{"type":"Feature","properties":{"access_type":"public","from_level_id":null,"is_accessible":true,"level_id":0,"network_type":"corridor","to_level_id":null,"vertical_connection_id":null,"building_id":"default","building_name":"Default"},"geometry":{"type":"LineString","coordinates":[[-79.380082718,43.652489958],[-79.380110538,43.652484142]]}},{"type":"Feature","properties":{"access_type":"public","from_level_id":null,"is_accessible":true,"level_id":0,"network_type":"corridor","to_level_id":null,"vertical_connection_id":null,"building_id":"default","building_name":"Default"},"geometry":{"type":"LineString","coordinates":[[-79.380082718,43.652489958],[-79.380065483,43.652493545]]}},{"type":"Feature","properties":{"access_type":"public","from_level_id":null,"is_accessible":true,"level_id":0,"network_type":"corridor","to_level_id":null,"vertical_connection_id":null,"building_id":"default","building_name":"Default"},"geometry":{"type":"LineString","coordinates":[[-79.379936047,43.652144593],[-79.379917184,43.65210357]]}},{"type":"Feature","properties":{"access_type":"public","from_level_id":null,"is_accessible":true,"level_id":0,"network_type":"corridor","to_level_id":null,"vertical_connection_id":null,"building_id":"default","building_name":"Default"},"geometry":{"type":"LineString","coordinates":[[-79.379936047,43.652144593],[-79.37997456,43.652235499]]}},{"type":"Feature","properties":{"access_type":"public","from_level_id":null,"is_accessible":true,"level_id":0,"network_type":"corridor","to_level_id":null,"vertical_connection_id":null,"building_id":"default","building_name":"Default"},"geometry":{"type":"LineString","coordinates":[[-79.380266473,43.652728495],[-79.380292911,43.652791622]]}},{"type":"Feature","properties":{"access_type":"public","from_level_id":null,"is_accessible":true,"level_id":0,"network_type":"corridor","to_level_id":null,"vertical_connection_id":null,"building_id":"default","building_name":"Default"},"geometry":{"type":"LineString","coordinates":[[-79.380266473,43.652728495],[-79.380345257,43.652711131]]}},{"type":"Feature","properties":{"access_type":"public","from_level_id":null,"is_accessible":true,"level_id":0,"network_type":"corridor","to_level_id":null,"vertical_connection_id":null,"building_id":"default","building_name":"Default"},"geometry":{"type":"LineString","coordinates":[[-79.380292911,43.652791622],[-79.380299868,43.652808149]]}},{"type":"Feature","properties":{"access_type":"public","from_level_id":null,"is_accessible":true,"level_id":0,"network_type":"corridor","to_level_id":null,"vertical_connection_id":null,"building_id":"default","building_name":"Default"},"geometry":{"type":"LineString","coordinates":[[-79.380620494,43.653472799],[-79.380706332,43.653570648]]}},{"type":"Feature","properties":{"access_type":"public","from_level_id":null,"is_accessible":true,"level_id":0,"network_type":"corridor","to_level_id":null,"vertical_connection_id":null,"building_id":"default","building_name":"Default"},"geometry":{"type":"LineString","coordinates":[[-79.380620494,43.653472799],[-79.38071375,43.653451979]]}},{"type":"Feature","properties":{"access_type":"public","from_level_id":null,"is_accessible":true,"level_id":0,"network_type":"corridor","to_level_id":null,"vertical_connection_id":null,"building_id":"default","building_name":"Default"},"geometry":{"type":"LineString","coordinates":[[-79.380620494,43.653472799],[-79.380524952,43.653493763]]}},{"type":"Feature","properties":{"access_type":"public","from_level_id":null,"is_accessible":true,"level_id":2,"network_type":"corridor","to_level_id":null,"vertical_connection_id":null,"building_id":"default","building_name":"Default"},"geometry":{"type":"LineString","coordinates":[[-79.381005513,43.654107309],[-79.381015328,43.654130626]]}},{"type":"Feature","properties":{"access_type":"public","from_level_id":null,"is_accessible":true,"level_id":2,"network_type":"corridor","to_level_id":null,"vertical_connection_id":null,"building_id":"default","building_name":"Default"},"geometry":{"type":"LineString","coordinates":[[-79.380747996,43.65429382],[-79.380753876,43.654309072]]}},{"type":"Feature","properties":{"access_type":"public","from_level_id":null,"is_accessible":true,"level_id":2,"network_type":"corridor","to_level_id":null,"vertical_connection_id":null,"building_id":"default","building_name":"Default"},"geometry":{"type":"LineString","coordinates":[[-79.380747996,43.65429382],[-79.380915058,43.65425727]]}},{"type":"Feature","properties":{"access_type":"public","from_level_id":null,"is_accessible":true,"level_id":2,"network_type":"corridor","to_level_id":null,"vertical_connection_id":null,"building_id":"default","building_name":"Default"},"geometry":{"type":"LineString","coordinates":[[-79.380747996,43.65429382],[-79.380732551,43.654286453]]}},{"type":"Feature","properties":{"access_type":"public","from_level_id":null,"is_accessible":true,"level_id":2,"network_type":"corridor","to_level_id":null,"vertical_connection_id":null,"building_id":"default","building_name":"Default"},"geometry":{"type":"LineString","coordinates":[[-79.380753876,43.654309072],[-79.380720217,43.654316226]]}},{"type":"Feature","properties":{"access_type":"public","from_level_id":null,"is_accessible":true,"level_id":1,"network_type":"corridor","to_level_id":null,"vertical_connection_id":null,"building_id":"default","building_name":"Default"},"geometry":{"type":"LineString","coordinates":[[-79.380817486,43.652913151],[-79.380825848,43.652932586]]}},{"type":"Feature","properties":{"access_type":"public","from_level_id":null,"is_accessible":true,"level_id":1,"network_type":"corridor","to_level_id":null,"vertical_connection_id":null,"building_id":"default","building_name":"Default"},"geometry":{"type":"LineString","coordinates":[[-79.380817486,43.652913151],[-79.380738845,43.652930741]]}},{"type":"Feature","properties":{"access_type":"public","from_level_id":null,"is_accessible":true,"level_id":1,"network_type":"corridor","to_level_id":null,"vertical_connection_id":null,"building_id":"default","building_name":"Default"},"geometry":{"type":"LineString","coordinates":[[-79.380146233,43.652829624],[-79.380164624,43.65287338]]}},{"type":"Feature","properties":{"access_type":"public","from_level_id":null,"is_accessible":true,"level_id":1,"network_type":"corridor","to_level_id":null,"vertical_connection_id":null,"building_id":"default","building_name":"Default"},"geometry":{"type":"LineString","coordinates":[[-79.380146233,43.652829624],[-79.380130671,43.652792599]]}},{"type":"Feature","properties":{"access_type":"public","from_level_id":null,"is_accessible":true,"level_id":2,"network_type":"corridor","to_level_id":null,"vertical_connection_id":null,"building_id":"default","building_name":"Default"},"geometry":{"type":"LineString","coordinates":[[-79.380915058,43.65425727],[-79.38093137,43.65420718]]}},{"type":"Feature","properties":{"access_type":"public","from_level_id":null,"is_accessible":true,"level_id":1,"network_type":"corridor","to_level_id":null,"vertical_connection_id":null,"building_id":"default","building_name":"Default"},"geometry":{"type":"LineString","coordinates":[[-79.380000752,43.652633142],[-79.380016697,43.652670608]]}},{"type":"Feature","properties":{"access_type":"public","from_level_id":null,"is_accessible":true,"level_id":1,"network_type":"corridor","to_level_id":null,"vertical_connection_id":null,"building_id":"default","building_name":"Default"},"geometry":{"type":"LineString","coordinates":[[-79.380173562,43.652520989],[-79.380106148,43.652535166]]}},{"type":"Feature","properties":{"access_type":"public","from_level_id":null,"is_accessible":true,"level_id":1,"network_type":"corridor","to_level_id":null,"vertical_connection_id":null,"building_id":"default","building_name":"Default"},"geometry":{"type":"LineString","coordinates":[[-79.380327338,43.652838055],[-79.380299413,43.652771707]]}},{"type":"Feature","properties":{"access_type":"public","from_level_id":null,"is_accessible":true,"level_id":1,"network_type":"corridor","to_level_id":null,"vertical_connection_id":null,"building_id":"default","building_name":"Default"},"geometry":{"type":"LineString","coordinates":[[-79.380327338,43.652838055],[-79.380338669,43.652864978]]}},{"type":"Feature","properties":{"access_type":"public","from_level_id":null,"is_accessible":true,"level_id":1,"network_type":"corridor","to_level_id":null,"vertical_connection_id":null,"building_id":"default","building_name":"Default"},"geometry":{"type":"LineString","coordinates":[[-79.380327338,43.652838055],[-79.380285728,43.652846766]]}},{"type":"Feature","properties":{"access_type":"public","from_level_id":null,"is_accessible":true,"level_id":1,"network_type":"corridor","to_level_id":null,"vertical_connection_id":null,"building_id":"default","building_name":"Default"},"geometry":{"type":"LineString","coordinates":[[-79.380299413,43.652771707],[-79.380279788,43.652725077]]}},{"type":"Feature","properties":{"access_type":"public","from_level_id":null,"is_accessible":true,"level_id":1,"network_type":"corridor","to_level_id":null,"vertical_connection_id":null,"building_id":"default","building_name":"Default"},"geometry":{"type":"LineString","coordinates":[[-79.380263372,43.652851446],[-79.380164624,43.65287338]]}},{"type":"Feature","properties":{"access_type":"public","from_level_id":null,"is_accessible":true,"level_id":1,"network_type":"corridor","to_level_id":null,"vertical_connection_id":null,"building_id":"default","building_name":"Default"},"geometry":{"type":"LineString","coordinates":[[-79.380263372,43.652851446],[-79.380285728,43.652846766]]}},{"type":"Feature","properties":{"access_type":"public","from_level_id":null,"is_accessible":true,"level_id":1,"network_type":"corridor","to_level_id":null,"vertical_connection_id":null,"building_id":"default","building_name":"Default"},"geometry":{"type":"LineString","coordinates":[[-79.380164624,43.65287338],[-79.38017675,43.652902231]]}},{"type":"Feature","properties":{"access_type":"public","from_level_id":null,"is_accessible":true,"level_id":1,"network_type":"corridor","to_level_id":null,"vertical_connection_id":null,"building_id":"default","building_name":"Default"},"geometry":{"type":"LineString","coordinates":[[-79.38017675,43.652902231],[-79.380220202,43.653005612]]}},{"type":"Feature","properties":{"access_type":"public","from_level_id":null,"is_accessible":true,"level_id":1,"network_type":"corridor","to_level_id":null,"vertical_connection_id":null,"building_id":"default","building_name":"Default"},"geometry":{"type":"LineString","coordinates":[[-79.380220202,43.653005612],[-79.380270727,43.653125822]]}},{"type":"Feature","properties":{"access_type":"public","from_level_id":null,"is_accessible":true,"level_id":1,"network_type":"corridor","to_level_id":null,"vertical_connection_id":null,"building_id":"default","building_name":"Default"},"geometry":{"type":"LineString","coordinates":[[-79.380381973,43.652967869],[-79.380338669,43.652864978]]}},{"type":"Feature","properties":{"access_type":"public","from_level_id":null,"is_accessible":true,"level_id":1,"network_type":"corridor","to_level_id":null,"vertical_connection_id":null,"building_id":"default","building_name":"Default"},"geometry":{"type":"LineString","coordinates":[[-79.380447535,43.653123642],[-79.380365264,43.653141371]]}},{"type":"Feature","properties":{"access_type":"public","from_level_id":null,"is_accessible":true,"level_id":1,"network_type":"corridor","to_level_id":null,"vertical_connection_id":null,"building_id":"default","building_name":"Default"},"geometry":{"type":"LineString","coordinates":[[-79.380284572,43.653158759],[-79.380270727,43.653125822]]}},{"type":"Feature","properties":{"access_type":"public","from_level_id":null,"is_accessible":true,"level_id":1,"network_type":"corridor","to_level_id":null,"vertical_connection_id":null,"building_id":"default","building_name":"Default"},"geometry":{"type":"LineString","coordinates":[[-79.380284572,43.653158759],[-79.380295283,43.653184244]]}},{"type":"Feature","properties":{"access_type":"public","from_level_id":null,"is_accessible":true,"level_id":1,"network_type":"corridor","to_level_id":null,"vertical_connection_id":null,"building_id":"default","building_name":"Default"},"geometry":{"type":"LineString","coordinates":[[-79.380284572,43.653158759],[-79.380365264,43.653141371]]}},{"type":"Feature","properties":{"access_type":"public","from_level_id":null,"is_accessible":true,"level_id":1,"network_type":"corridor","to_level_id":null,"vertical_connection_id":null,"building_id":"default","building_name":"Default"},"geometry":{"type":"LineString","coordinates":[[-79.380295283,43.653184244],[-79.380322264,43.653248436]]}},{"type":"Feature","properties":{"access_type":"public","from_level_id":null,"is_accessible":true,"level_id":1,"network_type":"corridor","to_level_id":null,"vertical_connection_id":null,"building_id":"default","building_name":"Default"},"geometry":{"type":"LineString","coordinates":[[-79.380322264,43.653248436],[-79.380365817,43.653352057]]}},{"type":"Feature","properties":{"access_type":"public","from_level_id":null,"is_accessible":true,"level_id":1,"network_type":"corridor","to_level_id":null,"vertical_connection_id":null,"building_id":"default","building_name":"Default"},"geometry":{"type":"LineString","coordinates":[[-79.380365817,43.653352057],[-79.380375821,43.653375859]]}},{"type":"Feature","properties":{"access_type":"public","from_level_id":null,"is_accessible":true,"level_id":1,"network_type":"corridor","to_level_id":null,"vertical_connection_id":null,"building_id":"default","building_name":"Default"},"geometry":{"type":"LineString","coordinates":[[-79.38052706,43.65331259],[-79.380538594,43.653339995]]}},{"type":"Feature","properties":{"access_type":"public","from_level_id":null,"is_accessible":true,"level_id":1,"network_type":"corridor","to_level_id":null,"vertical_connection_id":null,"building_id":"default","building_name":"Default"},"geometry":{"type":"LineString","coordinates":[[-79.380562978,43.65339793],[-79.380538594,43.653339995]]}},{"type":"Feature","properties":{"access_type":"public","from_level_id":null,"is_accessible":true,"level_id":1,"network_type":"corridor","to_level_id":null,"vertical_connection_id":null,"building_id":"default","building_name":"Default"},"geometry":{"type":"LineString","coordinates":[[-79.380562978,43.65339793],[-79.380491755,43.653412769]]}},{"type":"Feature","properties":{"access_type":"public","from_level_id":null,"is_accessible":true,"level_id":1,"network_type":"corridor","to_level_id":null,"vertical_connection_id":null,"building_id":"default","building_name":"Default"},"geometry":{"type":"LineString","coordinates":[[-79.380712082,43.653578861],[-79.380700966,43.653631613]]}},{"type":"Feature","properties":{"access_type":"public","from_level_id":null,"is_accessible":true,"level_id":1,"network_type":"corridor","to_level_id":null,"vertical_connection_id":null,"building_id":"default","building_name":"Default"},"geometry":{"type":"LineString","coordinates":[[-79.380712082,43.653578861],[-79.38075951,43.65369223]]}},{"type":"Feature","properties":{"access_type":"public","from_level_id":null,"is_accessible":true,"level_id":1,"network_type":"corridor","to_level_id":null,"vertical_connection_id":null,"building_id":"default","building_name":"Default"},"geometry":{"type":"LineString","coordinates":[[-79.380538594,43.653339995],[-79.380457193,43.65335793]]}},{"type":"Feature","properties":{"access_type":"public","from_level_id":null,"is_accessible":true,"level_id":1,"network_type":"corridor","to_level_id":null,"vertical_connection_id":null,"building_id":"default","building_name":"Default"},"geometry":{"type":"LineString","coordinates":[[-79.380375821,43.653375859],[-79.38039967,43.653432598]]}},{"type":"Feature","properties":{"access_type":"public","from_level_id":null,"is_accessible":true,"level_id":1,"network_type":"corridor","to_level_id":null,"vertical_connection_id":null,"building_id":"default","building_name":"Default"},"geometry":{"type":"LineString","coordinates":[[-79.380375821,43.653375859],[-79.380457193,43.65335793]]}},{"type":"Feature","properties":{"access_type":"public","from_level_id":null,"is_accessible":true,"level_id":1,"network_type":"corridor","to_level_id":null,"vertical_connection_id":null,"building_id":"default","building_name":"Default"},"geometry":{"type":"LineString","coordinates":[[-79.38039967,43.653432598],[-79.380357352,43.653478698]]}},{"type":"Feature","properties":{"access_type":"public","from_level_id":null,"is_accessible":true,"level_id":1,"network_type":"corridor","to_level_id":null,"vertical_connection_id":null,"building_id":"default","building_name":"Default"},"geometry":{"type":"LineString","coordinates":[[-79.38039967,43.653432598],[-79.380480324,43.653415476]]}},{"type":"Feature","properties":{"access_type":"public","from_level_id":null,"is_accessible":true,"level_id":1,"network_type":"corridor","to_level_id":null,"vertical_connection_id":null,"building_id":"default","building_name":"Default"},"geometry":{"type":"LineString","coordinates":[[-79.380357352,43.653478698],[-79.380366495,43.653500852]]}},{"type":"Feature","properties":{"access_type":"public","from_level_id":null,"is_accessible":true,"level_id":1,"network_type":"corridor","to_level_id":null,"vertical_connection_id":null,"building_id":"default","building_name":"Default"},"geometry":{"type":"LineString","coordinates":[[-79.380366495,43.653500852],[-79.380384383,43.653544193]]}},{"type":"Feature","properties":{"access_type":"public","from_level_id":null,"is_accessible":true,"level_id":1,"network_type":"corridor","to_level_id":null,"vertical_connection_id":null,"building_id":"default","building_name":"Default"},"geometry":{"type":"LineString","coordinates":[[-79.380384383,43.653544193],[-79.380406629,43.653598095]]}},{"type":"Feature","properties":{"access_type":"public","from_level_id":null,"is_accessible":true,"level_id":1,"network_type":"corridor","to_level_id":null,"vertical_connection_id":null,"building_id":"default","building_name":"Default"},"geometry":{"type":"LineString","coordinates":[[-79.380457193,43.65335793],[-79.380454497,43.653351202]]}},{"type":"Feature","properties":{"access_type":"public","from_level_id":null,"is_accessible":true,"level_id":1,"network_type":"corridor","to_level_id":null,"vertical_connection_id":null,"building_id":"default","building_name":"Default"},"geometry":{"type":"LineString","coordinates":[[-79.380480324,43.653415476],[-79.380491755,43.653412769]]}},{"type":"Feature","properties":{"access_type":"public","from_level_id":null,"is_accessible":true,"level_id":1,"network_type":"corridor","to_level_id":null,"vertical_connection_id":null,"building_id":"default","building_name":"Default"},"geometry":{"type":"LineString","coordinates":[[-79.380419165,43.65362847],[-79.380420144,43.653630842]]}},{"type":"Feature","properties":{"access_type":"public","from_level_id":null,"is_accessible":true,"level_id":1,"network_type":"corridor","to_level_id":null,"vertical_connection_id":null,"building_id":"default","building_name":"Default"},"geometry":{"type":"LineString","coordinates":[[-79.380419165,43.65362847],[-79.380406629,43.653598095]]}},{"type":"Feature","properties":{"access_type":"public","from_level_id":null,"is_accessible":true,"level_id":1,"network_type":"corridor","to_level_id":null,"vertical_connection_id":null,"building_id":"default","building_name":"Default"},"geometry":{"type":"LineString","coordinates":[[-79.380444804,43.653690591],[-79.380121705,43.653760729]]}},{"type":"Feature","properties":{"access_type":"public","from_level_id":null,"is_accessible":true,"level_id":1,"network_type":"corridor","to_level_id":null,"vertical_connection_id":null,"building_id":"default","building_name":"Default"},"geometry":{"type":"LineString","coordinates":[[-79.380444804,43.653690591],[-79.380420144,43.653630842]]}},{"type":"Feature","properties":{"access_type":"public","from_level_id":null,"is_accessible":true,"level_id":1,"network_type":"corridor","to_level_id":null,"vertical_connection_id":null,"building_id":"default","building_name":"Default"},"geometry":{"type":"LineString","coordinates":[[-79.380444804,43.653690591],[-79.380459463,43.65372611]]}},{"type":"Feature","properties":{"access_type":"public","from_level_id":null,"is_accessible":true,"level_id":1,"network_type":"corridor","to_level_id":null,"vertical_connection_id":null,"building_id":"default","building_name":"Default"},"geometry":{"type":"LineString","coordinates":[[-79.380467463,43.653745492],[-79.380477654,43.653756277]]}},{"type":"Feature","properties":{"access_type":"public","from_level_id":null,"is_accessible":true,"level_id":1,"network_type":"corridor","to_level_id":null,"vertical_connection_id":null,"building_id":"default","building_name":"Default"},"geometry":{"type":"LineString","coordinates":[[-79.380467463,43.653745492],[-79.380459463,43.65372611]]}},{"type":"Feature","properties":{"access_type":"public","from_level_id":null,"is_accessible":true,"level_id":1,"network_type":"corridor","to_level_id":null,"vertical_connection_id":null,"building_id":"default","building_name":"Default"},"geometry":{"type":"LineString","coordinates":[[-79.380635876,43.653781217],[-79.380618047,43.653785516]]}},{"type":"Feature","properties":{"access_type":"public","from_level_id":null,"is_accessible":true,"level_id":1,"network_type":"corridor","to_level_id":null,"vertical_connection_id":null,"building_id":"default","building_name":"Default"},"geometry":{"type":"LineString","coordinates":[[-79.380635876,43.653781217],[-79.380700579,43.653766391]]}},{"type":"Feature","properties":{"access_type":"public","from_level_id":null,"is_accessible":true,"level_id":1,"network_type":"corridor","to_level_id":null,"vertical_connection_id":null,"building_id":"default","building_name":"Default"},"geometry":{"type":"LineString","coordinates":[[-79.380635876,43.653781217],[-79.380624739,43.653761078]]}},{"type":"Feature","properties":{"access_type":"public","from_level_id":null,"is_accessible":true,"level_id":1,"network_type":"corridor","to_level_id":null,"vertical_connection_id":null,"building_id":"default","building_name":"Default"},"geometry":{"type":"LineString","coordinates":[[-79.380477654,43.653756277],[-79.380490656,43.653765722]]}},{"type":"Feature","properties":{"access_type":"public","from_level_id":null,"is_accessible":true,"level_id":1,"network_type":"corridor","to_level_id":null,"vertical_connection_id":null,"building_id":"default","building_name":"Default"},"geometry":{"type":"LineString","coordinates":[[-79.380490656,43.653765722],[-79.380505965,43.653773722]]}},{"type":"Feature","properties":{"access_type":"public","from_level_id":null,"is_accessible":true,"level_id":1,"network_type":"corridor","to_level_id":null,"vertical_connection_id":null,"building_id":"default","building_name":"Default"},"geometry":{"type":"LineString","coordinates":[[-79.380505965,43.653773722],[-79.380523077,43.653780173]]}},{"type":"Feature","properties":{"access_type":"public","from_level_id":null,"is_accessible":true,"level_id":1,"network_type":"corridor","to_level_id":null,"vertical_connection_id":null,"building_id":"default","building_name":"Default"},"geometry":{"type":"LineString","coordinates":[[-79.380523077,43.653780173],[-79.380541488,43.65378497]]}},{"type":"Feature","properties":{"access_type":"public","from_level_id":null,"is_accessible":true,"level_id":1,"network_type":"corridor","to_level_id":null,"vertical_connection_id":null,"building_id":"default","building_name":"Default"},"geometry":{"type":"LineString","coordinates":[[-79.380541488,43.65378497],[-79.380560694,43.653788008]]}},{"type":"Feature","properties":{"access_type":"public","from_level_id":null,"is_accessible":true,"level_id":1,"network_type":"corridor","to_level_id":null,"vertical_connection_id":null,"building_id":"default","building_name":"Default"},"geometry":{"type":"LineString","coordinates":[[-79.380560694,43.653788008],[-79.380580192,43.653789181]]}},{"type":"Feature","properties":{"access_type":"public","from_level_id":null,"is_accessible":true,"level_id":1,"network_type":"corridor","to_level_id":null,"vertical_connection_id":null,"building_id":"default","building_name":"Default"},"geometry":{"type":"LineString","coordinates":[[-79.380580192,43.653789181],[-79.380599477,43.653788386]]}},{"type":"Feature","properties":{"access_type":"public","from_level_id":null,"is_accessible":true,"level_id":1,"network_type":"corridor","to_level_id":null,"vertical_connection_id":null,"building_id":"default","building_name":"Default"},"geometry":{"type":"LineString","coordinates":[[-79.380599477,43.653788386],[-79.380618047,43.653785516]]}},{"type":"Feature","properties":{"access_type":"public","from_level_id":null,"is_accessible":true,"level_id":1,"network_type":"corridor","to_level_id":null,"vertical_connection_id":null,"building_id":"default","building_name":"Default"},"geometry":{"type":"LineString","coordinates":[[-79.380731815,43.653759395],[-79.380700579,43.653766391]]}},{"type":"Feature","properties":{"access_type":"public","from_level_id":null,"is_accessible":true,"level_id":1,"network_type":"corridor","to_level_id":null,"vertical_connection_id":null,"building_id":"default","building_name":"Default"},"geometry":{"type":"LineString","coordinates":[[-79.380731815,43.653759395],[-79.380752565,43.653754781]]}},{"type":"Feature","properties":{"access_type":"public","from_level_id":null,"is_accessible":true,"level_id":1,"network_type":"corridor","to_level_id":null,"vertical_connection_id":null,"building_id":"default","building_name":"Default"},"geometry":{"type":"LineString","coordinates":[[-79.380775782,43.653731015],[-79.380752565,43.653754781]]}},{"type":"Feature","properties":{"access_type":"public","from_level_id":null,"is_accessible":true,"level_id":1,"network_type":"corridor","to_level_id":null,"vertical_connection_id":null,"building_id":"default","building_name":"Default"},"geometry":{"type":"LineString","coordinates":[[-79.380775782,43.653731015],[-79.38075951,43.65369223]]}},{"type":"Feature","properties":{"access_type":"public","from_level_id":null,"is_accessible":true,"level_id":1,"network_type":"corridor","to_level_id":null,"vertical_connection_id":null,"building_id":"default","building_name":"Default"},"geometry":{"type":"LineString","coordinates":[[-79.380763749,43.654083696],[-79.380636828,43.654111661]]}},{"type":"Feature","properties":{"access_type":"public","from_level_id":null,"is_accessible":true,"level_id":1,"network_type":"corridor","to_level_id":null,"vertical_connection_id":null,"building_id":"default","building_name":"Default"},"geometry":{"type":"LineString","coordinates":[[-79.380871104,43.654395137],[-79.380850516,43.654401749]]}},{"type":"Feature","properties":{"access_type":"public","from_level_id":null,"is_accessible":true,"level_id":1,"network_type":"corridor","to_level_id":null,"vertical_connection_id":null,"building_id":"default","building_name":"Default"},"geometry":{"type":"LineString","coordinates":[[-79.380850516,43.654401749],[-79.380831641,43.654410424]]}},{"type":"Feature","properties":{"access_type":"public","from_level_id":null,"is_accessible":true,"level_id":1,"network_type":"corridor","to_level_id":null,"vertical_connection_id":null,"building_id":"default","building_name":"Default"},"geometry":{"type":"LineString","coordinates":[[-79.380831641,43.654410424],[-79.380814828,43.65442083]]}},{"type":"Feature","properties":{"access_type":"public","from_level_id":null,"is_accessible":true,"level_id":1,"network_type":"corridor","to_level_id":null,"vertical_connection_id":null,"building_id":"default","building_name":"Default"},"geometry":{"type":"LineString","coordinates":[[-79.380814828,43.65442083],[-79.380800426,43.654432638]]}},{"type":"Feature","properties":{"access_type":"public","from_level_id":null,"is_accessible":true,"level_id":1,"network_type":"corridor","to_level_id":null,"vertical_connection_id":null,"building_id":"default","building_name":"Default"},"geometry":{"type":"LineString","coordinates":[[-79.380800426,43.654432638],[-79.380788783,43.654445516]]}},{"type":"Feature","properties":{"access_type":"public","from_level_id":null,"is_accessible":true,"level_id":1,"network_type":"corridor","to_level_id":null,"vertical_connection_id":null,"building_id":"default","building_name":"Default"},"geometry":{"type":"LineString","coordinates":[[-79.380788783,43.654445516],[-79.380780249,43.654459134]]}},{"type":"Feature","properties":{"access_type":"public","from_level_id":null,"is_accessible":true,"level_id":1,"network_type":"corridor","to_level_id":null,"vertical_connection_id":null,"building_id":"default","building_name":"Default"},"geometry":{"type":"LineString","coordinates":[[-79.380780249,43.654459134],[-79.380775173,43.654473161]]}},{"type":"Feature","properties":{"access_type":"public","from_level_id":null,"is_accessible":true,"level_id":1,"network_type":"corridor","to_level_id":null,"vertical_connection_id":null,"building_id":"default","building_name":"Default"},"geometry":{"type":"LineString","coordinates":[[-79.380775173,43.654473161],[-79.380771178,43.65448607]]}},{"type":"Feature","properties":{"access_type":"public","from_level_id":null,"is_accessible":true,"level_id":1,"network_type":"corridor","to_level_id":null,"vertical_connection_id":null,"building_id":"default","building_name":"Default"},"geometry":{"type":"LineString","coordinates":[[-79.380771178,43.65448607],[-79.380782284,43.654512781]]}},{"type":"Feature","properties":{"access_type":"public","from_level_id":null,"is_accessible":true,"level_id":1,"network_type":"corridor","to_level_id":null,"vertical_connection_id":null,"building_id":"default","building_name":"Default"},"geometry":{"type":"LineString","coordinates":[[-79.380999184,43.65442454],[-79.381015108,43.654461225]]}},{"type":"Feature","properties":{"access_type":"public","from_level_id":null,"is_accessible":true,"level_id":1,"network_type":"corridor","to_level_id":null,"vertical_connection_id":null,"building_id":"default","building_name":"Default"},"geometry":{"type":"LineString","coordinates":[[-79.380999184,43.65442454],[-79.381075593,43.654447501]]}},{"type":"Feature","properties":{"access_type":"public","from_level_id":null,"is_accessible":true,"level_id":1,"network_type":"corridor","to_level_id":null,"vertical_connection_id":null,"building_id":"default","building_name":"Default"},"geometry":{"type":"LineString","coordinates":[[-79.380999184,43.65442454],[-79.380948126,43.654408107]]}},{"type":"Feature","properties":{"access_type":"public","from_level_id":null,"is_accessible":true,"level_id":1,"network_type":"corridor","to_level_id":null,"vertical_connection_id":null,"building_id":"default","building_name":"Default"},"geometry":{"type":"LineString","coordinates":[[-79.381032282,43.654625571],[-79.381049256,43.654621421]]}},{"type":"Feature","properties":{"access_type":"public","from_level_id":null,"is_accessible":true,"level_id":1,"network_type":"corridor","to_level_id":null,"vertical_connection_id":null,"building_id":"default","building_name":"Default"},"geometry":{"type":"LineString","coordinates":[[-79.381181415,43.654592959],[-79.381123291,43.65460593]]}},{"type":"Feature","properties":{"access_type":"public","from_level_id":null,"is_accessible":true,"level_id":1,"network_type":"corridor","to_level_id":null,"vertical_connection_id":null,"building_id":"default","building_name":"Default"},"geometry":{"type":"LineString","coordinates":[[-79.380903872,43.654653681],[-79.380880585,43.654595376]]}},{"type":"Feature","properties":{"access_type":"public","from_level_id":null,"is_accessible":true,"level_id":1,"network_type":"corridor","to_level_id":null,"vertical_connection_id":null,"building_id":"default","building_name":"Default"},"geometry":{"type":"LineString","coordinates":[[-79.380903872,43.654653681],[-79.380926608,43.654648332]]}},{"type":"Feature","properties":{"access_type":"public","from_level_id":null,"is_accessible":true,"level_id":1,"network_type":"corridor","to_level_id":null,"vertical_connection_id":null,"building_id":"default","building_name":"Default"},"geometry":{"type":"LineString","coordinates":[[-79.380903872,43.654653681],[-79.380964559,43.654608888]]}},{"type":"Feature","properties":{"access_type":"public","from_level_id":null,"is_accessible":true,"level_id":1,"network_type":"corridor","to_level_id":null,"vertical_connection_id":null,"building_id":"default","building_name":"Default"},"geometry":{"type":"LineString","coordinates":[[-79.380903872,43.654653681],[-79.380884392,43.654661029]]}},{"type":"Feature","properties":{"access_type":"public","from_level_id":null,"is_accessible":true,"level_id":1,"network_type":"corridor","to_level_id":null,"vertical_connection_id":null,"building_id":"default","building_name":"Default"},"geometry":{"type":"LineString","coordinates":[[-79.380802539,43.654560592],[-79.38072213,43.654578422]]}},{"type":"Feature","properties":{"access_type":"public","from_level_id":null,"is_accessible":true,"level_id":1,"network_type":"corridor","to_level_id":null,"vertical_connection_id":null,"building_id":"default","building_name":"Default"},"geometry":{"type":"LineString","coordinates":[[-79.380802539,43.654560592],[-79.380782284,43.654512781]]}},{"type":"Feature","properties":{"access_type":"public","from_level_id":null,"is_accessible":true,"level_id":1,"network_type":"corridor","to_level_id":null,"vertical_connection_id":null,"building_id":"default","building_name":"Default"},"geometry":{"type":"LineString","coordinates":[[-79.382194906,43.655701734],[-79.381876424,43.65493131]]}},{"type":"Feature","properties":{"access_type":"public","from_level_id":null,"is_accessible":true,"level_id":1,"network_type":"corridor","to_level_id":null,"vertical_connection_id":null,"building_id":"default","building_name":"Default"},"geometry":{"type":"LineString","coordinates":[[-79.382577013,43.655809696],[-79.382609434,43.655818577]]}},{"type":"Feature","properties":{"access_type":"public","from_level_id":null,"is_accessible":true,"level_id":1,"network_type":"corridor","to_level_id":null,"vertical_connection_id":null,"building_id":"default","building_name":"Default"},"geometry":{"type":"LineString","coordinates":[[-79.382577013,43.655809696],[-79.382603283,43.655803963]]}},{"type":"Feature","properties":{"access_type":"public","from_level_id":null,"is_accessible":true,"level_id":1,"network_type":"corridor","to_level_id":null,"vertical_connection_id":null,"building_id":"default","building_name":"Default"},"geometry":{"type":"LineString","coordinates":[[-79.382577013,43.655809696],[-79.382560037,43.655771014]]}},{"type":"Feature","properties":{"access_type":"public","from_level_id":null,"is_accessible":true,"level_id":0,"network_type":"corridor","to_level_id":null,"vertical_connection_id":null,"building_id":"default","building_name":"Default"},"geometry":{"type":"LineString","coordinates":[[-79.380195504,43.652845922],[-79.380083805,43.65280158]]}},{"type":"Feature","properties":{"access_type":"public","from_level_id":null,"is_accessible":true,"level_id":0,"network_type":"corridor","to_level_id":null,"vertical_connection_id":null,"building_id":"default","building_name":"Default"},"geometry":{"type":"LineString","coordinates":[[-79.380195504,43.652845922],[-79.380235696,43.652836653]]}},{"type":"Feature","properties":{"access_type":"public","from_level_id":null,"is_accessible":true,"level_id":0,"network_type":"corridor","to_level_id":null,"vertical_connection_id":null,"building_id":"default","building_name":"Default"},"geometry":{"type":"LineString","coordinates":[[-79.380035044,43.652782773],[-79.380083805,43.65280158]]}},{"type":"Feature","properties":{"access_type":"public","from_level_id":null,"is_accessible":true,"level_id":0,"network_type":"corridor","to_level_id":null,"vertical_connection_id":null,"building_id":"default","building_name":"Default"},"geometry":{"type":"LineString","coordinates":[[-79.380035044,43.652782773],[-79.380018601,43.652743709]]}},{"type":"Feature","properties":{"access_type":"public","from_level_id":null,"is_accessible":true,"level_id":0,"network_type":"corridor","to_level_id":null,"vertical_connection_id":null,"building_id":"default","building_name":"Default"},"geometry":{"type":"LineString","coordinates":[[-79.38019814,43.652690711],[-79.380213289,43.652727564]]}},{"type":"Feature","properties":{"access_type":"public","from_level_id":null,"is_accessible":true,"level_id":0,"network_type":"corridor","to_level_id":null,"vertical_connection_id":null,"building_id":"default","building_name":"Default"},"geometry":{"type":"LineString","coordinates":[[-79.38019814,43.652690711],[-79.380167408,43.652616838]]}},{"type":"Feature","properties":{"access_type":"public","from_level_id":null,"is_accessible":true,"level_id":0,"network_type":"corridor","to_level_id":null,"vertical_connection_id":null,"building_id":"default","building_name":"Default"},"geometry":{"type":"LineString","coordinates":[[-79.38019814,43.652690711],[-79.380217041,43.652686847]]}},{"type":"Feature","properties":{"access_type":"public","from_level_id":null,"is_accessible":true,"level_id":0,"network_type":"corridor","to_level_id":null,"vertical_connection_id":null,"building_id":"default","building_name":"Default"},"geometry":{"type":"LineString","coordinates":[[-79.380167408,43.652616838],[-79.380191744,43.65262675]]}},{"type":"Feature","properties":{"access_type":"public","from_level_id":null,"is_accessible":true,"level_id":0,"network_type":"corridor","to_level_id":null,"vertical_connection_id":null,"building_id":"default","building_name":"Default"},"geometry":{"type":"LineString","coordinates":[[-79.380235696,43.652836653],[-79.380263668,43.652902058]]}},{"type":"Feature","properties":{"access_type":"public","from_level_id":null,"is_accessible":true,"level_id":0,"network_type":"corridor","to_level_id":null,"vertical_connection_id":null,"building_id":"default","building_name":"Default"},"geometry":{"type":"LineString","coordinates":[[-79.380524952,43.653493763],[-79.380549075,43.653513387]]}},{"type":"Feature","properties":{"access_type":"public","from_level_id":null,"is_accessible":true,"level_id":0,"network_type":"corridor","to_level_id":null,"vertical_connection_id":null,"building_id":"default","building_name":"Default"},"geometry":{"type":"LineString","coordinates":[[-79.380524952,43.653493763],[-79.380506269,43.653481775]]}},{"type":"Feature","properties":{"access_type":"public","from_level_id":null,"is_accessible":true,"level_id":0,"network_type":"corridor","to_level_id":null,"vertical_connection_id":null,"building_id":"default","building_name":"Default"},"geometry":{"type":"LineString","coordinates":[[-79.380524952,43.653493763],[-79.380512508,43.653496667]]}},{"type":"Feature","properties":{"access_type":"public","from_level_id":null,"is_accessible":true,"level_id":0,"network_type":"corridor","to_level_id":null,"vertical_connection_id":null,"building_id":"default","building_name":"Default"},"geometry":{"type":"LineString","coordinates":[[-79.380549075,43.653513387],[-79.380564311,43.653526434]]}},{"type":"Feature","properties":{"access_type":"public","from_level_id":null,"is_accessible":true,"level_id":0,"network_type":"corridor","to_level_id":null,"vertical_connection_id":null,"building_id":"default","building_name":"Default"},"geometry":{"type":"LineString","coordinates":[[-79.380564311,43.653526434],[-79.380580932,43.653540674]]}},{"type":"Feature","properties":{"access_type":"public","from_level_id":null,"is_accessible":true,"level_id":0,"network_type":"corridor","to_level_id":null,"vertical_connection_id":null,"building_id":"default","building_name":"Default"},"geometry":{"type":"LineString","coordinates":[[-79.380580932,43.653540674],[-79.380596477,43.653556136]]}},{"type":"Feature","properties":{"access_type":"public","from_level_id":null,"is_accessible":true,"level_id":0,"network_type":"corridor","to_level_id":null,"vertical_connection_id":null,"building_id":"default","building_name":"Default"},"geometry":{"type":"LineString","coordinates":[[-79.380596477,43.653556136],[-79.38061055,43.653572395]]}},{"type":"Feature","properties":{"access_type":"public","from_level_id":null,"is_accessible":true,"level_id":0,"network_type":"corridor","to_level_id":null,"vertical_connection_id":null,"building_id":"default","building_name":"Default"},"geometry":{"type":"LineString","coordinates":[[-79.38061055,43.653572395],[-79.380622754,43.653589026]]}},{"type":"Feature","properties":{"access_type":"public","from_level_id":null,"is_accessible":true,"level_id":0,"network_type":"corridor","to_level_id":null,"vertical_connection_id":null,"building_id":"default","building_name":"Default"},"geometry":{"type":"LineString","coordinates":[[-79.380622754,43.653589026],[-79.380632692,43.653605606]]}},{"type":"Feature","properties":{"access_type":"public","from_level_id":null,"is_accessible":true,"level_id":0,"network_type":"corridor","to_level_id":null,"vertical_connection_id":null,"building_id":"default","building_name":"Default"},"geometry":{"type":"LineString","coordinates":[[-79.380622754,43.653589026],[-79.380658189,43.653581234]]}},{"type":"Feature","properties":{"access_type":"public","from_level_id":null,"is_accessible":true,"level_id":0,"network_type":"corridor","to_level_id":null,"vertical_connection_id":null,"building_id":"default","building_name":"Default"},"geometry":{"type":"LineString","coordinates":[[-79.380632692,43.653605606],[-79.380639777,43.65362105]]}},{"type":"Feature","properties":{"access_type":"public","from_level_id":null,"is_accessible":true,"level_id":0,"network_type":"corridor","to_level_id":null,"vertical_connection_id":null,"building_id":"default","building_name":"Default"},"geometry":{"type":"LineString","coordinates":[[-79.380639777,43.65362105],[-79.380672122,43.653614333]]}},{"type":"Feature","properties":{"access_type":"public","from_level_id":null,"is_accessible":true,"level_id":0,"network_type":"corridor","to_level_id":null,"vertical_connection_id":null,"building_id":"default","building_name":"Default"},"geometry":{"type":"LineString","coordinates":[[-79.380672122,43.653614333],[-79.380678763,43.653630109]]}},{"type":"Feature","properties":{"access_type":"public","from_level_id":null,"is_accessible":true,"level_id":0,"network_type":"corridor","to_level_id":null,"vertical_connection_id":null,"building_id":"default","building_name":"Default"},"geometry":{"type":"LineString","coordinates":[[-79.380672122,43.653614333],[-79.380658189,43.653581234]]}},{"type":"Feature","properties":{"access_type":"public","from_level_id":null,"is_accessible":true,"level_id":0,"network_type":"corridor","to_level_id":null,"vertical_connection_id":null,"building_id":"default","building_name":"Default"},"geometry":{"type":"LineString","coordinates":[[-79.380706332,43.653570648],[-79.380725891,43.653618082]]}},{"type":"Feature","properties":{"access_type":"public","from_level_id":null,"is_accessible":true,"level_id":0,"network_type":"corridor","to_level_id":null,"vertical_connection_id":null,"building_id":"default","building_name":"Default"},"geometry":{"type":"LineString","coordinates":[[-79.380706332,43.653570648],[-79.380683127,43.653575788]]}},{"type":"Feature","properties":{"access_type":"public","from_level_id":null,"is_accessible":true,"level_id":0,"network_type":"corridor","to_level_id":null,"vertical_connection_id":null,"building_id":"default","building_name":"Default"},"geometry":{"type":"LineString","coordinates":[[-79.380706332,43.653570648],[-79.380697357,43.653609593]]}},{"type":"Feature","properties":{"access_type":"public","from_level_id":null,"is_accessible":true,"level_id":0,"network_type":"corridor","to_level_id":null,"vertical_connection_id":null,"building_id":"default","building_name":"Default"},"geometry":{"type":"LineString","coordinates":[[-79.380772375,43.653728511],[-79.380754276,43.653744813]]}},{"type":"Feature","properties":{"access_type":"public","from_level_id":null,"is_accessible":true,"level_id":0,"network_type":"corridor","to_level_id":null,"vertical_connection_id":null,"building_id":"default","building_name":"Default"},"geometry":{"type":"LineString","coordinates":[[-79.380772375,43.653728511],[-79.380725891,43.653618082]]}},{"type":"Feature","properties":{"access_type":"public","from_level_id":null,"is_accessible":true,"level_id":0,"network_type":"corridor","to_level_id":null,"vertical_connection_id":null,"building_id":"default","building_name":"Default"},"geometry":{"type":"LineString","coordinates":[[-79.380772375,43.653728511],[-79.380746055,43.653725281]]}},{"type":"Feature","properties":{"access_type":"public","from_level_id":null,"is_accessible":true,"level_id":0,"network_type":"corridor","to_level_id":null,"vertical_connection_id":null,"building_id":"default","building_name":"Default"},"geometry":{"type":"LineString","coordinates":[[-79.380721373,43.653781912],[-79.380733347,43.653810992]]}},{"type":"Feature","properties":{"access_type":"public","from_level_id":null,"is_accessible":true,"level_id":0,"network_type":"corridor","to_level_id":null,"vertical_connection_id":null,"building_id":"default","building_name":"Default"},"geometry":{"type":"LineString","coordinates":[[-79.380721373,43.653781912],[-79.380754276,43.653744813]]}},{"type":"Feature","properties":{"access_type":"public","from_level_id":null,"is_accessible":true,"level_id":0,"network_type":"corridor","to_level_id":null,"vertical_connection_id":null,"building_id":"default","building_name":"Default"},"geometry":{"type":"LineString","coordinates":[[-79.380721373,43.653781912],[-79.380641301,43.653799557]]}},{"type":"Feature","properties":{"access_type":"public","from_level_id":null,"is_accessible":true,"level_id":0,"network_type":"corridor","to_level_id":null,"vertical_connection_id":null,"building_id":"default","building_name":"Default"},"geometry":{"type":"LineString","coordinates":[[-79.380406765,43.653520289],[-79.380371795,43.65352803]]}},{"type":"Feature","properties":{"access_type":"public","from_level_id":null,"is_accessible":true,"level_id":0,"network_type":"corridor","to_level_id":null,"vertical_connection_id":null,"building_id":"default","building_name":"Default"},"geometry":{"type":"LineString","coordinates":[[-79.380406765,43.653520289],[-79.380414995,43.653518305]]}},{"type":"Feature","properties":{"access_type":"public","from_level_id":null,"is_accessible":true,"level_id":0,"network_type":"corridor","to_level_id":null,"vertical_connection_id":null,"building_id":"default","building_name":"Default"},"geometry":{"type":"LineString","coordinates":[[-79.380371795,43.65352803],[-79.38039897,43.653592039]]}},{"type":"Feature","properties":{"access_type":"public","from_level_id":null,"is_accessible":true,"level_id":0,"network_type":"corridor","to_level_id":null,"vertical_connection_id":null,"building_id":"default","building_name":"Default"},"geometry":{"type":"LineString","coordinates":[[-79.38039897,43.653592039],[-79.380412991,43.653625066]]}},{"type":"Feature","properties":{"access_type":"public","from_level_id":null,"is_accessible":true,"level_id":0,"network_type":"corridor","to_level_id":null,"vertical_connection_id":null,"building_id":"default","building_name":"Default"},"geometry":{"type":"LineString","coordinates":[[-79.380500392,43.653830934],[-79.380563722,43.653817504]]}},{"type":"Feature","properties":{"access_type":"public","from_level_id":null,"is_accessible":true,"level_id":0,"network_type":"corridor","to_level_id":null,"vertical_connection_id":null,"building_id":"default","building_name":"Default"},"geometry":{"type":"LineString","coordinates":[[-79.380500392,43.653830934],[-79.380532912,43.65384695]]}},{"type":"Feature","properties":{"access_type":"public","from_level_id":null,"is_accessible":true,"level_id":0,"network_type":"corridor","to_level_id":null,"vertical_connection_id":null,"building_id":"default","building_name":"Default"},"geometry":{"type":"LineString","coordinates":[[-79.380500392,43.653830934],[-79.380488161,43.653802632]]}},{"type":"Feature","properties":{"access_type":"public","from_level_id":null,"is_accessible":true,"level_id":0,"network_type":"corridor","to_level_id":null,"vertical_connection_id":null,"building_id":"default","building_name":"Default"},"geometry":{"type":"LineString","coordinates":[[-79.380467248,43.653752863],[-79.380488161,43.653802632]]}},{"type":"Feature","properties":{"access_type":"public","from_level_id":null,"is_accessible":true,"level_id":0,"network_type":"corridor","to_level_id":null,"vertical_connection_id":null,"building_id":"default","building_name":"Default"},"geometry":{"type":"LineString","coordinates":[[-79.380467248,43.653752863],[-79.380438199,43.65368394]]}},{"type":"Feature","properties":{"access_type":"public","from_level_id":null,"is_accessible":true,"level_id":0,"network_type":"corridor","to_level_id":null,"vertical_connection_id":null,"building_id":"default","building_name":"Default"},"geometry":{"type":"LineString","coordinates":[[-79.380832547,43.654046436],[-79.380674127,43.654081345]]}},{"type":"Feature","properties":{"access_type":"public","from_level_id":null,"is_accessible":true,"level_id":0,"network_type":"corridor","to_level_id":null,"vertical_connection_id":null,"building_id":"default","building_name":"Default"},"geometry":{"type":"LineString","coordinates":[[-79.380832547,43.654046436],[-79.380820303,43.654017348]]}},{"type":"Feature","properties":{"access_type":"public","from_level_id":null,"is_accessible":true,"level_id":0,"network_type":"corridor","to_level_id":null,"vertical_connection_id":null,"building_id":"default","building_name":"Default"},"geometry":{"type":"LineString","coordinates":[[-79.380832547,43.654046436],[-79.380844083,43.65407384]]}},{"type":"Feature","properties":{"access_type":"public","from_level_id":null,"is_accessible":true,"level_id":0,"network_type":"corridor","to_level_id":null,"vertical_connection_id":null,"building_id":"default","building_name":"Default"},"geometry":{"type":"LineString","coordinates":[[-79.380674127,43.654081345],[-79.380662654,43.654053927]]}},{"type":"Feature","properties":{"access_type":"public","from_level_id":null,"is_accessible":true,"level_id":0,"network_type":"corridor","to_level_id":null,"vertical_connection_id":null,"building_id":"default","building_name":"Default"},"geometry":{"type":"LineString","coordinates":[[-79.380674127,43.654081345],[-79.380706735,43.654159271]]}},{"type":"Feature","properties":{"access_type":"public","from_level_id":null,"is_accessible":true,"level_id":0,"network_type":"corridor","to_level_id":null,"vertical_connection_id":null,"building_id":"default","building_name":"Default"},"geometry":{"type":"LineString","coordinates":[[-79.380587876,43.653875228],[-79.380614647,43.653939203]]}},{"type":"Feature","properties":{"access_type":"public","from_level_id":null,"is_accessible":true,"level_id":0,"network_type":"corridor","to_level_id":null,"vertical_connection_id":null,"building_id":"default","building_name":"Default"},"geometry":{"type":"LineString","coordinates":[[-79.380587876,43.653875228],[-79.380575529,43.653845769]]}},{"type":"Feature","properties":{"access_type":"public","from_level_id":null,"is_accessible":true,"level_id":0,"network_type":"corridor","to_level_id":null,"vertical_connection_id":null,"building_id":"default","building_name":"Default"},"geometry":{"type":"LineString","coordinates":[[-79.380587876,43.653875228],[-79.380532912,43.65384695]]}},{"type":"Feature","properties":{"access_type":"public","from_level_id":null,"is_accessible":true,"level_id":0,"network_type":"corridor","to_level_id":null,"vertical_connection_id":null,"building_id":"default","building_name":"Default"},"geometry":{"type":"LineString","coordinates":[[-79.380563722,43.653817504],[-79.380575529,43.653845769]]}},{"type":"Feature","properties":{"access_type":"public","from_level_id":null,"is_accessible":true,"level_id":0,"network_type":"corridor","to_level_id":null,"vertical_connection_id":null,"building_id":"default","building_name":"Default"},"geometry":{"type":"LineString","coordinates":[[-79.380563722,43.653817504],[-79.380551435,43.653790579]]}},{"type":"Feature","properties":{"access_type":"public","from_level_id":null,"is_accessible":true,"level_id":0,"network_type":"corridor","to_level_id":null,"vertical_connection_id":null,"building_id":"default","building_name":"Default"},"geometry":{"type":"LineString","coordinates":[[-79.380563722,43.653817504],[-79.380641301,43.653799557]]}},{"type":"Feature","properties":{"access_type":"public","from_level_id":null,"is_accessible":true,"level_id":0,"network_type":"corridor","to_level_id":null,"vertical_connection_id":null,"building_id":"default","building_name":"Default"},"geometry":{"type":"LineString","coordinates":[[-79.380642877,43.654006666],[-79.380614647,43.653939203]]}},{"type":"Feature","properties":{"access_type":"public","from_level_id":null,"is_accessible":true,"level_id":0,"network_type":"corridor","to_level_id":null,"vertical_connection_id":null,"building_id":"default","building_name":"Default"},"geometry":{"type":"LineString","coordinates":[[-79.380642877,43.654006666],[-79.380662654,43.654053927]]}},{"type":"Feature","properties":{"access_type":"public","from_level_id":null,"is_accessible":true,"level_id":0,"network_type":"corridor","to_level_id":null,"vertical_connection_id":null,"building_id":"default","building_name":"Default"},"geometry":{"type":"LineString","coordinates":[[-79.380706735,43.654159271],[-79.38074035,43.654239601]]}},{"type":"Feature","properties":{"access_type":"public","from_level_id":null,"is_accessible":true,"level_id":0,"network_type":"corridor","to_level_id":null,"vertical_connection_id":null,"building_id":"default","building_name":"Default"},"geometry":{"type":"LineString","coordinates":[[-79.38074035,43.654239601],[-79.380757963,43.65428169]]}},{"type":"Feature","properties":{"access_type":"public","from_level_id":null,"is_accessible":true,"level_id":0,"network_type":"corridor","to_level_id":null,"vertical_connection_id":null,"building_id":"default","building_name":"Default"},"geometry":{"type":"LineString","coordinates":[[-79.380757963,43.65428169],[-79.38076702,43.654303336]]}},{"type":"Feature","properties":{"access_type":"public","from_level_id":null,"is_accessible":true,"level_id":0,"network_type":"corridor","to_level_id":null,"vertical_connection_id":null,"building_id":"default","building_name":"Default"},"geometry":{"type":"LineString","coordinates":[[-79.380925644,43.654267594],[-79.38089822,43.654202449]]}},{"type":"Feature","properties":{"access_type":"public","from_level_id":null,"is_accessible":true,"level_id":0,"network_type":"corridor","to_level_id":null,"vertical_connection_id":null,"building_id":"default","building_name":"Default"},"geometry":{"type":"LineString","coordinates":[[-79.380925644,43.654267594],[-79.380939608,43.654300768]]}},{"type":"Feature","properties":{"access_type":"public","from_level_id":null,"is_accessible":true,"level_id":0,"network_type":"corridor","to_level_id":null,"vertical_connection_id":null,"building_id":"default","building_name":"Default"},"geometry":{"type":"LineString","coordinates":[[-79.380925644,43.654267594],[-79.380845387,43.654285678]]}},{"type":"Feature","properties":{"access_type":"public","from_level_id":null,"is_accessible":true,"level_id":0,"network_type":"corridor","to_level_id":null,"vertical_connection_id":null,"building_id":"default","building_name":"Default"},"geometry":{"type":"LineString","coordinates":[[-79.38076702,43.654303336],[-79.380845387,43.654285678]]}},{"type":"Feature","properties":{"access_type":"public","from_level_id":null,"is_accessible":true,"level_id":0,"network_type":"corridor","to_level_id":null,"vertical_connection_id":null,"building_id":"default","building_name":"Default"},"geometry":{"type":"LineString","coordinates":[[-79.38076702,43.654303336],[-79.380774343,43.654320768]]}},{"type":"Feature","properties":{"access_type":"public","from_level_id":null,"is_accessible":true,"level_id":0,"network_type":"corridor","to_level_id":null,"vertical_connection_id":null,"building_id":"default","building_name":"Default"},"geometry":{"type":"LineString","coordinates":[[-79.380771225,43.653900759],[-79.380733347,43.653810992]]}},{"type":"Feature","properties":{"access_type":"public","from_level_id":null,"is_accessible":true,"level_id":0,"network_type":"corridor","to_level_id":null,"vertical_connection_id":null,"building_id":"default","building_name":"Default"},"geometry":{"type":"LineString","coordinates":[[-79.380771225,43.653900759],[-79.380799559,43.653968069]]}},{"type":"Feature","properties":{"access_type":"public","from_level_id":null,"is_accessible":true,"level_id":0,"network_type":"corridor","to_level_id":null,"vertical_connection_id":null,"building_id":"default","building_name":"Default"},"geometry":{"type":"LineString","coordinates":[[-79.380820303,43.654017348],[-79.380799559,43.653968069]]}},{"type":"Feature","properties":{"access_type":"public","from_level_id":null,"is_accessible":true,"level_id":0,"network_type":"corridor","to_level_id":null,"vertical_connection_id":null,"building_id":"default","building_name":"Default"},"geometry":{"type":"LineString","coordinates":[[-79.380844083,43.65407384],[-79.380864422,43.654122158]]}},{"type":"Feature","properties":{"access_type":"public","from_level_id":null,"is_accessible":true,"level_id":0,"network_type":"corridor","to_level_id":null,"vertical_connection_id":null,"building_id":"default","building_name":"Default"},"geometry":{"type":"LineString","coordinates":[[-79.380864422,43.654122158],[-79.38089822,43.654202449]]}},{"type":"Feature","properties":{"access_type":"public","from_level_id":null,"is_accessible":true,"level_id":0,"network_type":"corridor","to_level_id":null,"vertical_connection_id":null,"building_id":"default","building_name":"Default"},"geometry":{"type":"LineString","coordinates":[[-79.380939608,43.654300768],[-79.380947114,43.654318816]]}},{"type":"Feature","properties":{"access_type":"public","from_level_id":null,"is_accessible":true,"level_id":0,"network_type":"corridor","to_level_id":null,"vertical_connection_id":null,"building_id":"default","building_name":"Default"},"geometry":{"type":"LineString","coordinates":[[-79.380964501,43.654359904],[-79.380953123,43.654333089]]}},{"type":"Feature","properties":{"access_type":"public","from_level_id":null,"is_accessible":true,"level_id":0,"network_type":"corridor","to_level_id":null,"vertical_connection_id":null,"building_id":"default","building_name":"Default"},"geometry":{"type":"LineString","coordinates":[[-79.380964501,43.654359904],[-79.380995858,43.654386093]]}},{"type":"Feature","properties":{"access_type":"public","from_level_id":null,"is_accessible":true,"level_id":0,"network_type":"corridor","to_level_id":null,"vertical_connection_id":null,"building_id":"default","building_name":"Default"},"geometry":{"type":"LineString","coordinates":[[-79.380780305,43.654335083],[-79.380792684,43.654364338]]}},{"type":"Feature","properties":{"access_type":"public","from_level_id":null,"is_accessible":true,"level_id":0,"network_type":"corridor","to_level_id":null,"vertical_connection_id":null,"building_id":"default","building_name":"Default"},"geometry":{"type":"LineString","coordinates":[[-79.380780305,43.654335083],[-79.380774343,43.654320768]]}},{"type":"Feature","properties":{"access_type":"public","from_level_id":null,"is_accessible":true,"level_id":0,"network_type":"corridor","to_level_id":null,"vertical_connection_id":null,"building_id":"default","building_name":"Default"},"geometry":{"type":"LineString","coordinates":[[-79.380953123,43.654333089],[-79.380947114,43.654318816]]}},{"type":"Feature","properties":{"access_type":"public","from_level_id":null,"is_accessible":true,"level_id":0,"network_type":"corridor","to_level_id":null,"vertical_connection_id":null,"building_id":"default","building_name":"Default"},"geometry":{"type":"LineString","coordinates":[[-79.380801239,43.654385109],[-79.380817694,43.654424433]]}},{"type":"Feature","properties":{"access_type":"public","from_level_id":null,"is_accessible":true,"level_id":0,"network_type":"corridor","to_level_id":null,"vertical_connection_id":null,"building_id":"default","building_name":"Default"},"geometry":{"type":"LineString","coordinates":[[-79.380801239,43.654385109],[-79.380792684,43.654364338]]}},{"type":"Feature","properties":{"access_type":"public","from_level_id":null,"is_accessible":true,"level_id":0,"network_type":"corridor","to_level_id":null,"vertical_connection_id":null,"building_id":"default","building_name":"Default"},"geometry":{"type":"LineString","coordinates":[[-79.380817694,43.654424433],[-79.380779755,43.654465695]]}},{"type":"Feature","properties":{"access_type":"public","from_level_id":null,"is_accessible":true,"level_id":0,"network_type":"corridor","to_level_id":null,"vertical_connection_id":null,"building_id":"default","building_name":"Default"},"geometry":{"type":"LineString","coordinates":[[-79.380817694,43.654424433],[-79.380830023,43.654453896]]}},{"type":"Feature","properties":{"access_type":"public","from_level_id":null,"is_accessible":true,"level_id":0,"network_type":"corridor","to_level_id":null,"vertical_connection_id":null,"building_id":"default","building_name":"Default"},"geometry":{"type":"LineString","coordinates":[[-79.380779755,43.654465695],[-79.380787977,43.654485227]]}},{"type":"Feature","properties":{"access_type":"public","from_level_id":null,"is_accessible":true,"level_id":0,"network_type":"corridor","to_level_id":null,"vertical_connection_id":null,"building_id":"default","building_name":"Default"},"geometry":{"type":"LineString","coordinates":[[-79.380779755,43.654465695],[-79.380822869,43.654455334]]}},{"type":"Feature","properties":{"access_type":"public","from_level_id":null,"is_accessible":true,"level_id":0,"network_type":"corridor","to_level_id":null,"vertical_connection_id":null,"building_id":"default","building_name":"Default"},"geometry":{"type":"LineString","coordinates":[[-79.380792684,43.654364338],[-79.380856019,43.654350382]]}},{"type":"Feature","properties":{"access_type":"public","from_level_id":null,"is_accessible":true,"level_id":0,"network_type":"corridor","to_level_id":null,"vertical_connection_id":null,"building_id":"default","building_name":"Default"},"geometry":{"type":"LineString","coordinates":[[-79.380787977,43.654485227],[-79.380802523,43.654519783]]}},{"type":"Feature","properties":{"access_type":"public","from_level_id":null,"is_accessible":true,"level_id":0,"network_type":"corridor","to_level_id":null,"vertical_connection_id":null,"building_id":"default","building_name":"Default"},"geometry":{"type":"LineString","coordinates":[[-79.380830023,43.654453896],[-79.380822869,43.654455334]]}},{"type":"Feature","properties":{"access_type":"public","from_level_id":null,"is_accessible":true,"level_id":0,"network_type":"corridor","to_level_id":null,"vertical_connection_id":null,"building_id":"default","building_name":"Default"},"geometry":{"type":"LineString","coordinates":[[-79.380830023,43.654453896],[-79.380844899,43.654450742]]}},{"type":"Feature","properties":{"access_type":"public","from_level_id":null,"is_accessible":true,"level_id":0,"network_type":"corridor","to_level_id":null,"vertical_connection_id":null,"building_id":"default","building_name":"Default"},"geometry":{"type":"LineString","coordinates":[[-79.380827189,43.654578378],[-79.380834146,43.654594905]]}},{"type":"Feature","properties":{"access_type":"public","from_level_id":null,"is_accessible":true,"level_id":0,"network_type":"corridor","to_level_id":null,"vertical_connection_id":null,"building_id":"default","building_name":"Default"},"geometry":{"type":"LineString","coordinates":[[-79.380827189,43.654578378],[-79.380802523,43.654519783]]}},{"type":"Feature","properties":{"access_type":"public","from_level_id":null,"is_accessible":true,"level_id":0,"network_type":"corridor","to_level_id":null,"vertical_connection_id":null,"building_id":"default","building_name":"Default"},"geometry":{"type":"LineString","coordinates":[[-79.381018586,43.654553934],[-79.380998366,43.654530582]]}},{"type":"Feature","properties":{"access_type":"public","from_level_id":null,"is_accessible":true,"level_id":0,"network_type":"corridor","to_level_id":null,"vertical_connection_id":null,"building_id":"default","building_name":"Default"},"geometry":{"type":"LineString","coordinates":[[-79.381018586,43.654553934],[-79.381021074,43.654525446]]}},{"type":"Feature","properties":{"access_type":"public","from_level_id":null,"is_accessible":true,"level_id":0,"network_type":"corridor","to_level_id":null,"vertical_connection_id":null,"building_id":"default","building_name":"Default"},"geometry":{"type":"LineString","coordinates":[[-79.381018586,43.654553934],[-79.381063961,43.654515532]]}},{"type":"Feature","properties":{"access_type":"public","from_level_id":null,"is_accessible":true,"level_id":0,"network_type":"corridor","to_level_id":null,"vertical_connection_id":null,"building_id":"default","building_name":"Default"},"geometry":{"type":"LineString","coordinates":[[-79.381018586,43.654553934],[-79.381008689,43.654556133]]}},{"type":"Feature","properties":{"access_type":"public","from_level_id":null,"is_accessible":true,"level_id":0,"network_type":"corridor","to_level_id":null,"vertical_connection_id":null,"building_id":"default","building_name":"Default"},"geometry":{"type":"LineString","coordinates":[[-79.381018586,43.654553934],[-79.38101063,43.654560959]]}},{"type":"Feature","properties":{"access_type":"public","from_level_id":null,"is_accessible":true,"level_id":0,"network_type":"corridor","to_level_id":null,"vertical_connection_id":null,"building_id":"default","building_name":"Default"},"geometry":{"type":"LineString","coordinates":[[-79.381063961,43.654515532],[-79.381017475,43.654405103]]}},{"type":"Feature","properties":{"access_type":"public","from_level_id":null,"is_accessible":true,"level_id":0,"network_type":"corridor","to_level_id":null,"vertical_connection_id":null,"building_id":"default","building_name":"Default"},"geometry":{"type":"LineString","coordinates":[[-79.381063961,43.654515532],[-79.381021074,43.654525446]]}},{"type":"Feature","properties":{"access_type":"public","from_level_id":null,"is_accessible":true,"level_id":0,"network_type":"corridor","to_level_id":null,"vertical_connection_id":null,"building_id":"default","building_name":"Default"},"geometry":{"type":"LineString","coordinates":[[-79.381017475,43.654405103],[-79.380995858,43.654386093]]}},{"type":"Feature","properties":{"access_type":"public","from_level_id":null,"is_accessible":true,"level_id":0,"network_type":"corridor","to_level_id":null,"vertical_connection_id":null,"building_id":"default","building_name":"Default"},"geometry":{"type":"LineString","coordinates":[[-79.380834146,43.654594905],[-79.380833798,43.654642594]]}},{"type":"Feature","properties":{"access_type":"public","from_level_id":null,"is_accessible":true,"level_id":0,"network_type":"corridor","to_level_id":null,"vertical_connection_id":null,"building_id":"default","building_name":"Default"},"geometry":{"type":"LineString","coordinates":[[-79.380834146,43.654594905],[-79.380926034,43.654574657]]}},{"type":"Feature","properties":{"access_type":"public","from_level_id":null,"is_accessible":true,"level_id":0,"network_type":"corridor","to_level_id":null,"vertical_connection_id":null,"building_id":"default","building_name":"Default"},"geometry":{"type":"LineString","coordinates":[[-79.380912399,43.654646683],[-79.380961694,43.654605085]]}},{"type":"Feature","properties":{"access_type":"public","from_level_id":null,"is_accessible":true,"level_id":0,"network_type":"corridor","to_level_id":null,"vertical_connection_id":null,"building_id":"default","building_name":"Default"},"geometry":{"type":"LineString","coordinates":[[-79.380961694,43.654605085],[-79.38101063,43.654560959]]}},{"type":"Feature","properties":{"access_type":"public","from_level_id":null,"is_accessible":true,"level_id":0,"network_type":"corridor","to_level_id":null,"vertical_connection_id":null,"building_id":"default","building_name":"Default"},"geometry":{"type":"LineString","coordinates":[[-79.381177355,43.655502072],[-79.381155552,43.655450058]]}},{"type":"Feature","properties":{"access_type":"public","from_level_id":null,"is_accessible":true,"level_id":0,"network_type":"corridor","to_level_id":null,"vertical_connection_id":null,"building_id":"default","building_name":"Default"},"geometry":{"type":"LineString","coordinates":[[-79.3811304,43.655826203],[-79.381121478,43.655844965]]}},{"type":"Feature","properties":{"access_type":"public","from_level_id":null,"is_accessible":true,"level_id":0,"network_type":"corridor","to_level_id":null,"vertical_connection_id":null,"building_id":"default","building_name":"Default"},"geometry":{"type":"LineString","coordinates":[[-79.3811304,43.655826203],[-79.381166504,43.655869588]]}},{"type":"Feature","properties":{"access_type":"public","from_level_id":null,"is_accessible":true,"level_id":0,"network_type":"corridor","to_level_id":null,"vertical_connection_id":null,"building_id":"default","building_name":"Default"},"geometry":{"type":"LineString","coordinates":[[-79.381121478,43.655844965],[-79.381111506,43.655864629]]}},{"type":"Feature","properties":{"access_type":"public","from_level_id":null,"is_accessible":true,"level_id":0,"network_type":"corridor","to_level_id":null,"vertical_connection_id":null,"building_id":"default","building_name":"Default"},"geometry":{"type":"LineString","coordinates":[[-79.381121478,43.655844965],[-79.381166504,43.655869588]]}},{"type":"Feature","properties":{"access_type":"public","from_level_id":null,"is_accessible":true,"level_id":0,"network_type":"corridor","to_level_id":null,"vertical_connection_id":null,"building_id":"default","building_name":"Default"},"geometry":{"type":"LineString","coordinates":[[-79.381111506,43.655864629],[-79.381100778,43.655884662]]}},{"type":"Feature","properties":{"access_type":"public","from_level_id":null,"is_accessible":true,"level_id":0,"network_type":"corridor","to_level_id":null,"vertical_connection_id":null,"building_id":"default","building_name":"Default"},"geometry":{"type":"LineString","coordinates":[[-79.381111506,43.655864629],[-79.381166504,43.655869588]]}},{"type":"Feature","properties":{"access_type":"public","from_level_id":null,"is_accessible":true,"level_id":0,"network_type":"corridor","to_level_id":null,"vertical_connection_id":null,"building_id":"default","building_name":"Default"},"geometry":{"type":"LineString","coordinates":[[-79.381100778,43.655884662],[-79.381090327,43.655902529]]}},{"type":"Feature","properties":{"access_type":"public","from_level_id":null,"is_accessible":true,"level_id":0,"network_type":"corridor","to_level_id":null,"vertical_connection_id":null,"building_id":"default","building_name":"Default"},"geometry":{"type":"LineString","coordinates":[[-79.381100778,43.655884662],[-79.381166504,43.655869588]]}},{"type":"Feature","properties":{"access_type":"public","from_level_id":null,"is_accessible":true,"level_id":0,"network_type":"corridor","to_level_id":null,"vertical_connection_id":null,"building_id":"default","building_name":"Default"},"geometry":{"type":"LineString","coordinates":[[-79.381090327,43.655902529],[-79.381166504,43.655869588]]}},{"type":"Feature","properties":{"access_type":"public","from_level_id":null,"is_accessible":true,"level_id":0,"network_type":"corridor","to_level_id":null,"vertical_connection_id":null,"building_id":"default","building_name":"Default"},"geometry":{"type":"LineString","coordinates":[[-79.381090327,43.655902529],[-79.381081562,43.65591707]]}},{"type":"Feature","properties":{"access_type":"public","from_level_id":null,"is_accessible":true,"level_id":0,"network_type":"corridor","to_level_id":null,"vertical_connection_id":null,"building_id":"default","building_name":"Default"},"geometry":{"type":"LineString","coordinates":[[-79.381066998,43.655941626],[-79.381056581,43.655958825]]}},{"type":"Feature","properties":{"access_type":"public","from_level_id":null,"is_accessible":true,"level_id":0,"network_type":"corridor","to_level_id":null,"vertical_connection_id":null,"building_id":"default","building_name":"Default"},"geometry":{"type":"LineString","coordinates":[[-79.381066998,43.655941626],[-79.381074188,43.655930148]]}},{"type":"Feature","properties":{"access_type":"public","from_level_id":null,"is_accessible":true,"level_id":0,"network_type":"corridor","to_level_id":null,"vertical_connection_id":null,"building_id":"default","building_name":"Default"},"geometry":{"type":"LineString","coordinates":[[-79.381045308,43.655994146],[-79.381051901,43.656012394]]}},{"type":"Feature","properties":{"access_type":"public","from_level_id":null,"is_accessible":true,"level_id":0,"network_type":"corridor","to_level_id":null,"vertical_connection_id":null,"building_id":"default","building_name":"Default"},"geometry":{"type":"LineString","coordinates":[[-79.381051901,43.656012394],[-79.381063868,43.656032874]]}},{"type":"Feature","properties":{"access_type":"public","from_level_id":null,"is_accessible":true,"level_id":0,"network_type":"corridor","to_level_id":null,"vertical_connection_id":null,"building_id":"default","building_name":"Default"},"geometry":{"type":"LineString","coordinates":[[-79.381063868,43.656032874],[-79.381070783,43.656040192]]}},{"type":"Feature","properties":{"access_type":"public","from_level_id":null,"is_accessible":true,"level_id":0,"network_type":"corridor","to_level_id":null,"vertical_connection_id":null,"building_id":"default","building_name":"Default"},"geometry":{"type":"LineString","coordinates":[[-79.381070783,43.656040192],[-79.381076599,43.656044953]]}},{"type":"Feature","properties":{"access_type":"public","from_level_id":null,"is_accessible":true,"level_id":0,"network_type":"corridor","to_level_id":null,"vertical_connection_id":null,"building_id":"default","building_name":"Default"},"geometry":{"type":"LineString","coordinates":[[-79.381102942,43.656064356],[-79.381091794,43.65605667]]}},{"type":"Feature","properties":{"access_type":"public","from_level_id":null,"is_accessible":true,"level_id":0,"network_type":"corridor","to_level_id":null,"vertical_connection_id":null,"building_id":"default","building_name":"Default"},"geometry":{"type":"LineString","coordinates":[[-79.381102942,43.656064356],[-79.381120147,43.65607382]]}},{"type":"Feature","properties":{"access_type":"public","from_level_id":null,"is_accessible":true,"level_id":0,"network_type":"corridor","to_level_id":null,"vertical_connection_id":null,"building_id":"default","building_name":"Default"},"geometry":{"type":"LineString","coordinates":[[-79.381136911,43.656081705],[-79.381143628,43.656083829]]}},{"type":"Feature","properties":{"access_type":"public","from_level_id":null,"is_accessible":true,"level_id":0,"network_type":"corridor","to_level_id":null,"vertical_connection_id":null,"building_id":"default","building_name":"Default"},"geometry":{"type":"LineString","coordinates":[[-79.381136911,43.656081705],[-79.381120147,43.65607382]]}},{"type":"Feature","properties":{"access_type":"public","from_level_id":null,"is_accessible":true,"level_id":0,"network_type":"corridor","to_level_id":null,"vertical_connection_id":null,"building_id":"default","building_name":"Default"},"geometry":{"type":"LineString","coordinates":[[-79.381156474,43.656087639],[-79.381187422,43.656094259]]}},{"type":"Feature","properties":{"access_type":"public","from_level_id":null,"is_accessible":true,"level_id":0,"network_type":"corridor","to_level_id":null,"vertical_connection_id":null,"building_id":"default","building_name":"Default"},"geometry":{"type":"LineString","coordinates":[[-79.381156474,43.656087639],[-79.381143628,43.656083829]]}},{"type":"Feature","properties":{"access_type":"public","from_level_id":null,"is_accessible":true,"level_id":0,"network_type":"corridor","to_level_id":null,"vertical_connection_id":null,"building_id":"default","building_name":"Default"},"geometry":{"type":"LineString","coordinates":[[-79.381156474,43.656087639],[-79.381169854,43.65603607]]}},{"type":"Feature","properties":{"access_type":"public","from_level_id":null,"is_accessible":true,"level_id":0,"network_type":"corridor","to_level_id":null,"vertical_connection_id":null,"building_id":"default","building_name":"Default"},"geometry":{"type":"LineString","coordinates":[[-79.381187422,43.656094259],[-79.381227155,43.65609859]]}},{"type":"Feature","properties":{"access_type":"public","from_level_id":null,"is_accessible":true,"level_id":0,"network_type":"corridor","to_level_id":null,"vertical_connection_id":null,"building_id":"default","building_name":"Default"},"geometry":{"type":"LineString","coordinates":[[-79.381091794,43.65605667],[-79.381076599,43.656044953]]}},{"type":"Feature","properties":{"access_type":"public","from_level_id":null,"is_accessible":true,"level_id":0,"network_type":"corridor","to_level_id":null,"vertical_connection_id":null,"building_id":"default","building_name":"Default"},"geometry":{"type":"LineString","coordinates":[[-79.381091794,43.65605667],[-79.38110719,43.656016277]]}},{"type":"Feature","properties":{"access_type":"public","from_level_id":null,"is_accessible":true,"level_id":0,"network_type":"corridor","to_level_id":null,"vertical_connection_id":null,"building_id":"default","building_name":"Default"},"geometry":{"type":"LineString","coordinates":[[-79.382566632,43.655797342],[-79.38248694,43.655815035]]}},{"type":"Feature","properties":{"access_type":"public","from_level_id":null,"is_accessible":true,"level_id":0,"network_type":"corridor","to_level_id":null,"vertical_connection_id":null,"building_id":"default","building_name":"Default"},"geometry":{"type":"LineString","coordinates":[[-79.382566632,43.655797342],[-79.382555906,43.655772125]]}},{"type":"Feature","properties":{"access_type":"public","from_level_id":null,"is_accessible":true,"level_id":0,"network_type":"corridor","to_level_id":null,"vertical_connection_id":null,"building_id":"default","building_name":"Default"},"geometry":{"type":"LineString","coordinates":[[-79.382566632,43.655797342],[-79.382752746,43.655756459]]}},{"type":"Feature","properties":{"access_type":"public","from_level_id":null,"is_accessible":true,"level_id":-1,"network_type":"corridor","to_level_id":null,"vertical_connection_id":null,"building_id":"default","building_name":"Default"},"geometry":{"type":"LineString","coordinates":[[-79.380038744,43.652690229],[-79.380115831,43.652716463]]}},{"type":"Feature","properties":{"access_type":"public","from_level_id":null,"is_accessible":true,"level_id":-1,"network_type":"corridor","to_level_id":null,"vertical_connection_id":null,"building_id":"default","building_name":"Default"},"geometry":{"type":"LineString","coordinates":[[-79.380255525,43.652765139],[-79.380267584,43.652794004]]}},{"type":"Feature","properties":{"access_type":"public","from_level_id":null,"is_accessible":true,"level_id":-1,"network_type":"corridor","to_level_id":null,"vertical_connection_id":null,"building_id":"default","building_name":"Default"},"geometry":{"type":"LineString","coordinates":[[-79.380255525,43.652765139],[-79.380238642,43.652724727]]}},{"type":"Feature","properties":{"access_type":"public","from_level_id":null,"is_accessible":true,"level_id":-1,"network_type":"corridor","to_level_id":null,"vertical_connection_id":null,"building_id":"default","building_name":"Default"},"geometry":{"type":"LineString","coordinates":[[-79.380287934,43.652845078],[-79.380313508,43.652880173]]}},{"type":"Feature","properties":{"access_type":"public","from_level_id":null,"is_accessible":true,"level_id":-1,"network_type":"corridor","to_level_id":null,"vertical_connection_id":null,"building_id":"default","building_name":"Default"},"geometry":{"type":"LineString","coordinates":[[-79.380287934,43.652845078],[-79.380281024,43.65282703]]}},{"type":"Feature","properties":{"access_type":"public","from_level_id":null,"is_accessible":true,"level_id":-1,"network_type":"corridor","to_level_id":null,"vertical_connection_id":null,"building_id":"default","building_name":"Default"},"geometry":{"type":"LineString","coordinates":[[-79.380287934,43.652845078],[-79.380256641,43.652835424]]}},{"type":"Feature","properties":{"access_type":"public","from_level_id":null,"is_accessible":true,"level_id":-1,"network_type":"corridor","to_level_id":null,"vertical_connection_id":null,"building_id":"default","building_name":"Default"},"geometry":{"type":"LineString","coordinates":[[-79.380287934,43.652845078],[-79.380246374,43.652852003]]}},{"type":"Feature","properties":{"access_type":"public","from_level_id":null,"is_accessible":true,"level_id":-1,"network_type":"corridor","to_level_id":null,"vertical_connection_id":null,"building_id":"default","building_name":"Default"},"geometry":{"type":"LineString","coordinates":[[-79.380267584,43.652794004],[-79.380273689,43.652809077]]}},{"type":"Feature","properties":{"access_type":"public","from_level_id":null,"is_accessible":true,"level_id":-1,"network_type":"corridor","to_level_id":null,"vertical_connection_id":null,"building_id":"default","building_name":"Default"},"geometry":{"type":"LineString","coordinates":[[-79.380313508,43.652880173],[-79.380225194,43.652899793]]}},{"type":"Feature","properties":{"access_type":"public","from_level_id":null,"is_accessible":true,"level_id":-1,"network_type":"corridor","to_level_id":null,"vertical_connection_id":null,"building_id":"default","building_name":"Default"},"geometry":{"type":"LineString","coordinates":[[-79.380313508,43.652880173],[-79.380339697,43.652919964]]}},{"type":"Feature","properties":{"access_type":"public","from_level_id":null,"is_accessible":true,"level_id":-1,"network_type":"corridor","to_level_id":null,"vertical_connection_id":null,"building_id":"default","building_name":"Default"},"geometry":{"type":"LineString","coordinates":[[-79.380313508,43.652880173],[-79.38020578,43.652858845]]}},{"type":"Feature","properties":{"access_type":"public","from_level_id":null,"is_accessible":true,"level_id":-1,"network_type":"corridor","to_level_id":null,"vertical_connection_id":null,"building_id":"default","building_name":"Default"},"geometry":{"type":"LineString","coordinates":[[-79.380118067,43.652878172],[-79.38020578,43.652858845]]}},{"type":"Feature","properties":{"access_type":"public","from_level_id":null,"is_accessible":true,"level_id":-1,"network_type":"corridor","to_level_id":null,"vertical_connection_id":null,"building_id":"default","building_name":"Default"},"geometry":{"type":"LineString","coordinates":[[-79.380118067,43.652878172],[-79.38009171,43.652816475]]}},{"type":"Feature","properties":{"access_type":"public","from_level_id":null,"is_accessible":true,"level_id":-1,"network_type":"corridor","to_level_id":null,"vertical_connection_id":null,"building_id":"default","building_name":"Default"},"geometry":{"type":"LineString","coordinates":[[-79.380225194,43.652899793],[-79.38020578,43.652858845]]}},{"type":"Feature","properties":{"access_type":"public","from_level_id":null,"is_accessible":true,"level_id":-1,"network_type":"corridor","to_level_id":null,"vertical_connection_id":null,"building_id":"default","building_name":"Default"},"geometry":{"type":"LineString","coordinates":[[-79.38041251,43.653592816],[-79.380400495,43.653564269]]}},{"type":"Feature","properties":{"access_type":"public","from_level_id":null,"is_accessible":true,"level_id":-1,"network_type":"corridor","to_level_id":null,"vertical_connection_id":null,"building_id":"default","building_name":"Default"},"geometry":{"type":"LineString","coordinates":[[-79.380490891,43.653628082],[-79.38047304,43.653632239]]}},{"type":"Feature","properties":{"access_type":"public","from_level_id":null,"is_accessible":true,"level_id":-1,"network_type":"corridor","to_level_id":null,"vertical_connection_id":null,"building_id":"default","building_name":"Default"},"geometry":{"type":"LineString","coordinates":[[-79.380490891,43.653628082],[-79.380512076,43.653605689]]}},{"type":"Feature","properties":{"access_type":"public","from_level_id":null,"is_accessible":true,"level_id":-1,"network_type":"corridor","to_level_id":null,"vertical_connection_id":null,"building_id":"default","building_name":"Default"},"geometry":{"type":"LineString","coordinates":[[-79.380400495,43.653564269],[-79.380597768,43.653520801]]}},{"type":"Feature","properties":{"access_type":"public","from_level_id":null,"is_accessible":true,"level_id":-1,"network_type":"corridor","to_level_id":null,"vertical_connection_id":null,"building_id":"default","building_name":"Default"},"geometry":{"type":"LineString","coordinates":[[-79.380597768,43.653520801],[-79.380512076,43.653605689]]}},{"type":"Feature","properties":{"access_type":"public","from_level_id":null,"is_accessible":true,"level_id":-1,"network_type":"corridor","to_level_id":null,"vertical_connection_id":null,"building_id":"default","building_name":"Default"},"geometry":{"type":"LineString","coordinates":[[-79.380666907,43.65379288],[-79.380633682,43.653800201]]}},{"type":"Feature","properties":{"access_type":"public","from_level_id":null,"is_accessible":true,"level_id":-1,"network_type":"corridor","to_level_id":null,"vertical_connection_id":null,"building_id":"default","building_name":"Default"},"geometry":{"type":"LineString","coordinates":[[-79.380666907,43.65379288],[-79.380651097,43.653755319]]}},{"type":"Feature","properties":{"access_type":"public","from_level_id":null,"is_accessible":true,"level_id":-1,"network_type":"corridor","to_level_id":null,"vertical_connection_id":null,"building_id":"default","building_name":"Default"},"geometry":{"type":"LineString","coordinates":[[-79.380666907,43.65379288],[-79.380689673,43.653846969]]}},{"type":"Feature","properties":{"access_type":"public","from_level_id":null,"is_accessible":true,"level_id":-1,"network_type":"corridor","to_level_id":null,"vertical_connection_id":null,"building_id":"default","building_name":"Default"},"geometry":{"type":"LineString","coordinates":[[-79.379881002,43.653638917],[-79.379707809,43.653635528]]}},{"type":"Feature","properties":{"access_type":"public","from_level_id":null,"is_accessible":true,"level_id":-1,"network_type":"corridor","to_level_id":null,"vertical_connection_id":null,"building_id":"default","building_name":"Default"},"geometry":{"type":"LineString","coordinates":[[-79.379881002,43.653638917],[-79.379905531,43.653650079]]}},{"type":"Feature","properties":{"access_type":"public","from_level_id":null,"is_accessible":true,"level_id":-1,"network_type":"corridor","to_level_id":null,"vertical_connection_id":null,"building_id":"default","building_name":"Default"},"geometry":{"type":"LineString","coordinates":[[-79.38098217,43.654357935],[-79.380961572,43.654341983]]}},{"type":"Feature","properties":{"access_type":"public","from_level_id":null,"is_accessible":true,"level_id":-1,"network_type":"corridor","to_level_id":null,"vertical_connection_id":null,"building_id":"default","building_name":"Default"},"geometry":{"type":"LineString","coordinates":[[-79.380938212,43.654673127],[-79.380892721,43.654565728]]}},{"type":"Feature","properties":{"access_type":"public","from_level_id":null,"is_accessible":true,"level_id":-1,"network_type":"corridor","to_level_id":null,"vertical_connection_id":null,"building_id":"default","building_name":"Default"},"geometry":{"type":"LineString","coordinates":[[-79.380868069,43.654508523],[-79.380855144,43.654525688]]}},{"type":"Feature","properties":{"access_type":"public","from_level_id":null,"is_accessible":true,"level_id":-1,"network_type":"corridor","to_level_id":null,"vertical_connection_id":null,"building_id":"default","building_name":"Default"},"geometry":{"type":"LineString","coordinates":[[-79.380868069,43.654508523],[-79.380879113,43.654534329]]}},{"type":"Feature","properties":{"access_type":"public","from_level_id":null,"is_accessible":true,"level_id":-1,"network_type":"corridor","to_level_id":null,"vertical_connection_id":null,"building_id":"default","building_name":"Default"},"geometry":{"type":"LineString","coordinates":[[-79.380868069,43.654508523],[-79.380859201,43.654487886]]}},{"type":"Feature","properties":{"access_type":"public","from_level_id":null,"is_accessible":true,"level_id":-1,"network_type":"corridor","to_level_id":null,"vertical_connection_id":null,"building_id":"default","building_name":"Default"},"geometry":{"type":"LineString","coordinates":[[-79.380892721,43.654565728],[-79.380879113,43.654534329]]}},{"type":"Feature","properties":{"access_type":"public","from_level_id":null,"is_accessible":true,"level_id":-1,"network_type":"corridor","to_level_id":null,"vertical_connection_id":null,"building_id":"default","building_name":"Default"},"geometry":{"type":"LineString","coordinates":[[-79.380902703,43.654413721],[-79.380944068,43.654404831]]}},{"type":"Feature","properties":{"access_type":"public","from_level_id":null,"is_accessible":true,"level_id":-1,"network_type":"corridor","to_level_id":null,"vertical_connection_id":null,"building_id":"default","building_name":"Default"},"geometry":{"type":"LineString","coordinates":[[-79.381299672,43.655753506],[-79.381295702,43.655742482]]}},{"type":"Feature","properties":{"access_type":"public","from_level_id":null,"is_accessible":true,"level_id":-1,"network_type":"corridor","to_level_id":null,"vertical_connection_id":null,"building_id":"default","building_name":"Default"},"geometry":{"type":"LineString","coordinates":[[-79.381299672,43.655753506],[-79.381317092,43.655797477]]}},{"type":"Feature","properties":{"access_type":"public","from_level_id":null,"is_accessible":true,"level_id":-1,"network_type":"corridor","to_level_id":null,"vertical_connection_id":null,"building_id":"default","building_name":"Default"},"geometry":{"type":"LineString","coordinates":[[-79.381295702,43.655742482],[-79.381291684,43.655731485]]}},{"type":"Feature","properties":{"access_type":"public","from_level_id":null,"is_accessible":true,"level_id":-1,"network_type":"corridor","to_level_id":null,"vertical_connection_id":null,"building_id":"default","building_name":"Default"},"geometry":{"type":"LineString","coordinates":[[-79.381291684,43.655731485],[-79.381285566,43.655721228]]}},{"type":"Feature","properties":{"access_type":"public","from_level_id":null,"is_accessible":true,"level_id":-1,"network_type":"corridor","to_level_id":null,"vertical_connection_id":null,"building_id":"default","building_name":"Default"},"geometry":{"type":"LineString","coordinates":[[-79.381285566,43.655721228],[-79.381277618,43.655711914]]}},{"type":"Feature","properties":{"access_type":"public","from_level_id":null,"is_accessible":true,"level_id":-1,"network_type":"corridor","to_level_id":null,"vertical_connection_id":null,"building_id":"default","building_name":"Default"},"geometry":{"type":"LineString","coordinates":[[-79.381277618,43.655711914],[-79.381268112,43.655703742]]}},{"type":"Feature","properties":{"access_type":"public","from_level_id":null,"is_accessible":true,"level_id":-1,"network_type":"corridor","to_level_id":null,"vertical_connection_id":null,"building_id":"default","building_name":"Default"},"geometry":{"type":"LineString","coordinates":[[-79.381268112,43.655703742],[-79.38125732,43.655696913]]}},{"type":"Feature","properties":{"access_type":"public","from_level_id":null,"is_accessible":true,"level_id":-1,"network_type":"corridor","to_level_id":null,"vertical_connection_id":null,"building_id":"default","building_name":"Default"},"geometry":{"type":"LineString","coordinates":[[-79.38125732,43.655696913],[-79.381245515,43.655691629]]}},{"type":"Feature","properties":{"access_type":"public","from_level_id":null,"is_accessible":true,"level_id":-1,"network_type":"corridor","to_level_id":null,"vertical_connection_id":null,"building_id":"default","building_name":"Default"},"geometry":{"type":"LineString","coordinates":[[-79.381245515,43.655691629],[-79.381232967,43.65568809]]}},{"type":"Feature","properties":{"access_type":"public","from_level_id":null,"is_accessible":true,"level_id":-1,"network_type":"corridor","to_level_id":null,"vertical_connection_id":null,"building_id":"default","building_name":"Default"},"geometry":{"type":"LineString","coordinates":[[-79.381232967,43.65568809],[-79.381219949,43.655686497]]}},{"type":"Feature","properties":{"access_type":"public","from_level_id":null,"is_accessible":true,"level_id":-1,"network_type":"corridor","to_level_id":null,"vertical_connection_id":null,"building_id":"default","building_name":"Default"},"geometry":{"type":"LineString","coordinates":[[-79.381317092,43.655797477],[-79.381262861,43.655809855]]}},{"type":"Feature","properties":{"access_type":"public","from_level_id":null,"is_accessible":true,"level_id":-1,"network_type":"corridor","to_level_id":null,"vertical_connection_id":null,"building_id":"default","building_name":"Default"},"geometry":{"type":"LineString","coordinates":[[-79.381317092,43.655797477],[-79.381282508,43.655863677]]}},{"type":"Feature","properties":{"access_type":"public","from_level_id":null,"is_accessible":true,"level_id":-1,"network_type":"corridor","to_level_id":null,"vertical_connection_id":null,"building_id":"default","building_name":"Default"},"geometry":{"type":"LineString","coordinates":[[-79.381262861,43.655809855],[-79.381247176,43.655772594]]}},{"type":"Feature","properties":{"access_type":"public","from_level_id":null,"is_accessible":true,"level_id":-1,"network_type":"corridor","to_level_id":null,"vertical_connection_id":null,"building_id":"default","building_name":"Default"},"geometry":{"type":"LineString","coordinates":[[-79.381262861,43.655809855],[-79.381242477,43.655814327]]}},{"type":"Feature","properties":{"access_type":"public","from_level_id":null,"is_accessible":true,"level_id":-1,"network_type":"corridor","to_level_id":null,"vertical_connection_id":null,"building_id":"default","building_name":"Default"},"geometry":{"type":"LineString","coordinates":[[-79.381183077,43.655828366],[-79.381242477,43.655814327]]}},{"type":"Feature","properties":{"access_type":"public","from_level_id":null,"is_accessible":true,"level_id":-2,"network_type":"corridor","to_level_id":null,"vertical_connection_id":null,"building_id":"default","building_name":"Default"},"geometry":{"type":"LineString","coordinates":[[-79.380741533,43.65463044],[-79.380756793,43.65462734]]}},{"type":"Feature","properties":{"access_type":"public","from_level_id":null,"is_accessible":true,"level_id":-2,"network_type":"corridor","to_level_id":null,"vertical_connection_id":null,"building_id":"default","building_name":"Default"},"geometry":{"type":"LineString","coordinates":[[-79.380741533,43.65463044],[-79.380791381,43.654691826]]}},{"type":"Feature","properties":{"access_type":"public","from_level_id":null,"is_accessible":true,"level_id":-2,"network_type":"corridor","to_level_id":null,"vertical_connection_id":null,"building_id":"default","building_name":"Default"},"geometry":{"type":"LineString","coordinates":[[-79.380797613,43.654690453],[-79.380775676,43.654633818]]}},{"type":"Feature","properties":{"access_type":"public","from_level_id":null,"is_accessible":true,"level_id":-2,"network_type":"corridor","to_level_id":null,"vertical_connection_id":null,"building_id":"default","building_name":"Default"},"geometry":{"type":"LineString","coordinates":[[-79.380797613,43.654690453],[-79.380791381,43.654691826]]}},{"type":"Feature","properties":{"access_type":"public","from_level_id":null,"is_accessible":true,"level_id":-2,"network_type":"corridor","to_level_id":null,"vertical_connection_id":null,"building_id":"default","building_name":"Default"},"geometry":{"type":"LineString","coordinates":[[-79.380955238,43.655164549],[-79.380931625,43.655107129]]}},{"type":"Feature","properties":{"access_type":"public","from_level_id":null,"is_accessible":true,"level_id":-2,"network_type":"corridor","to_level_id":null,"vertical_connection_id":null,"building_id":"default","building_name":"Default"},"geometry":{"type":"LineString","coordinates":[[-79.380955238,43.655164549],[-79.380987329,43.655242583]]}},{"type":"Feature","properties":{"access_type":"public","from_level_id":null,"is_accessible":true,"level_id":-2,"network_type":"corridor","to_level_id":null,"vertical_connection_id":null,"building_id":"default","building_name":"Default"},"geometry":{"type":"LineString","coordinates":[[-79.380931625,43.655107129],[-79.380914402,43.655064923]]}},{"type":"Feature","properties":{"access_type":"public","from_level_id":null,"is_accessible":true,"level_id":-2,"network_type":"corridor","to_level_id":null,"vertical_connection_id":null,"building_id":"default","building_name":"Default"},"geometry":{"type":"LineString","coordinates":[[-79.380987329,43.655242583],[-79.381008428,43.65529389]]}},{"type":"Feature","properties":{"access_type":"public","from_level_id":null,"is_accessible":true,"level_id":-2,"network_type":"corridor","to_level_id":null,"vertical_connection_id":null,"building_id":"default","building_name":"Default"},"geometry":{"type":"LineString","coordinates":[[-79.381008428,43.65529389],[-79.381064528,43.655281396]]}},{"type":"Feature","properties":{"access_type":"public","from_level_id":null,"is_accessible":true,"level_id":-2,"network_type":"corridor","to_level_id":null,"vertical_connection_id":null,"building_id":"default","building_name":"Default"},"geometry":{"type":"LineString","coordinates":[[-79.381174543,43.65511596],[-79.381206095,43.655192278]]}},{"type":"Feature","properties":{"access_type":"public","from_level_id":null,"is_accessible":true,"level_id":-2,"network_type":"corridor","to_level_id":null,"vertical_connection_id":null,"building_id":"default","building_name":"Default"},"geometry":{"type":"LineString","coordinates":[[-79.381206095,43.655192278],[-79.381218065,43.655221292]]}},{"type":"Feature","properties":{"access_type":"public","from_level_id":null,"is_accessible":true,"level_id":-2,"network_type":"corridor","to_level_id":null,"vertical_connection_id":null,"building_id":"default","building_name":"Default"},"geometry":{"type":"LineString","coordinates":[[-79.381218065,43.655221292],[-79.381201584,43.655251195]]}},{"type":"Feature","properties":{"access_type":"public","from_level_id":null,"is_accessible":true,"level_id":-2,"network_type":"corridor","to_level_id":null,"vertical_connection_id":null,"building_id":"default","building_name":"Default"},"geometry":{"type":"LineString","coordinates":[[-79.381201503,43.655786178],[-79.381180208,43.655733867]]}},{"type":"Feature","properties":{"access_type":"public","from_level_id":null,"is_accessible":true,"level_id":-2,"network_type":"corridor","to_level_id":null,"vertical_connection_id":null,"building_id":"default","building_name":"Default"},"geometry":{"type":"LineString","coordinates":[[-79.381153666,43.65567168],[-79.381180208,43.655733867]]}},{"type":"Feature","properties":{"access_type":"public","from_level_id":null,"is_accessible":true,"level_id":-2,"network_type":"corridor","to_level_id":null,"vertical_connection_id":null,"building_id":"default","building_name":"Default"},"geometry":{"type":"LineString","coordinates":[[-79.381153666,43.65567168],[-79.38117983,43.655665915]]}},{"type":"Feature","properties":{"access_type":"public","from_level_id":null,"is_accessible":true,"level_id":-2,"network_type":"corridor","to_level_id":null,"vertical_connection_id":null,"building_id":"default","building_name":"Default"},"geometry":{"type":"LineString","coordinates":[[-79.381187838,43.655664148],[-79.381200928,43.655661266]]}},{"type":"Feature","properties":{"access_type":"public","from_level_id":null,"is_accessible":true,"level_id":-2,"network_type":"corridor","to_level_id":null,"vertical_connection_id":null,"building_id":"default","building_name":"Default"},"geometry":{"type":"LineString","coordinates":[[-79.381187838,43.655664148],[-79.38117983,43.655665915]]}},{"type":"Feature","properties":{"access_type":"public","from_level_id":null,"is_accessible":true,"level_id":-2,"network_type":"corridor","to_level_id":null,"vertical_connection_id":null,"building_id":"default","building_name":"Default"},"geometry":{"type":"LineString","coordinates":[[-79.38122482,43.655656132],[-79.381254334,43.655728829]]}},{"type":"Feature","properties":{"access_type":"public","from_level_id":null,"is_accessible":true,"level_id":-2,"network_type":"corridor","to_level_id":null,"vertical_connection_id":null,"building_id":"default","building_name":"Default"},"geometry":{"type":"LineString","coordinates":[[-79.38122482,43.655656132],[-79.381200928,43.655661266]]}},{"type":"Feature","properties":{"access_type":"public","from_level_id":null,"is_accessible":true,"level_id":-2,"network_type":"corridor","to_level_id":null,"vertical_connection_id":null,"building_id":"default","building_name":"Default"},"geometry":{"type":"LineString","coordinates":[[-79.381204167,43.655607718],[-79.381195471,43.65558706]]}},{"type":"Feature","properties":{"access_type":"public","from_level_id":null,"is_accessible":true,"level_id":0,"network_type":"corridor","to_level_id":null,"vertical_connection_id":null,"building_id":"default","building_name":"Default"},"geometry":{"type":"LineString","coordinates":[[-79.380412991,43.653625066],[-79.380438199,43.65368394]]}},{"type":"Feature","properties":{"access_type":"public","from_level_id":null,"is_accessible":true,"level_id":-1,"network_type":"corridor","to_level_id":null,"vertical_connection_id":null,"building_id":"default","building_name":"Default"},"geometry":{"type":"LineString","coordinates":[[-79.380773663,43.656174649],[-79.380969257,43.656216663]]}},{"type":"Feature","properties":{"access_type":"public","from_level_id":null,"is_accessible":true,"level_id":-1,"network_type":"corridor","to_level_id":null,"vertical_connection_id":null,"building_id":"default","building_name":"Default"},"geometry":{"type":"LineString","coordinates":[[-79.381294935,43.653234853],[-79.381064353,43.653284791]]}},{"type":"Feature","properties":{"access_type":"public","from_level_id":null,"is_accessible":true,"level_id":1,"network_type":"corridor","to_level_id":null,"vertical_connection_id":null,"building_id":"default","building_name":"Default"},"geometry":{"type":"LineString","coordinates":[[-79.380016697,43.652670608],[-79.380030022,43.652702742]]}},{"type":"Feature","properties":{"access_type":"public","from_level_id":null,"is_accessible":true,"level_id":1,"network_type":"corridor","to_level_id":null,"vertical_connection_id":null,"building_id":"default","building_name":"Default"},"geometry":{"type":"LineString","coordinates":[[-79.380016697,43.652670608],[-79.38006587,43.652659774]]}},{"type":"Feature","properties":{"access_type":"public","from_level_id":null,"is_accessible":true,"level_id":1,"network_type":"corridor","to_level_id":null,"vertical_connection_id":null,"building_id":"default","building_name":"Default"},"geometry":{"type":"LineString","coordinates":[[-79.380030022,43.652702742],[-79.380042223,43.652731706]]}},{"type":"Feature","properties":{"access_type":"public","from_level_id":null,"is_accessible":true,"level_id":1,"network_type":"corridor","to_level_id":null,"vertical_connection_id":null,"building_id":"default","building_name":"Default"},"geometry":{"type":"LineString","coordinates":[[-79.380130671,43.652792599],[-79.380054576,43.652761031]]}},{"type":"Feature","properties":{"access_type":"public","from_level_id":null,"is_accessible":true,"level_id":1,"network_type":"corridor","to_level_id":null,"vertical_connection_id":null,"building_id":"default","building_name":"Default"},"geometry":{"type":"LineString","coordinates":[[-79.380054576,43.652761031],[-79.380042223,43.652731706]]}},{"type":"Feature","properties":{"access_type":"public","from_level_id":null,"is_accessible":true,"level_id":1,"network_type":"corridor","to_level_id":null,"vertical_connection_id":null,"building_id":"default","building_name":"Default"},"geometry":{"type":"LineString","coordinates":[[-79.38120989,43.65584495],[-79.381205218,43.655833124]]}},{"type":"Feature","properties":{"access_type":"public","from_level_id":null,"is_accessible":true,"level_id":-1,"network_type":"corridor","to_level_id":null,"vertical_connection_id":null,"building_id":"default","building_name":"Default"},"geometry":{"type":"LineString","coordinates":[[-79.38094459,43.654972243],[-79.381054232,43.654947032]]}},{"type":"Feature","properties":{"access_type":"public","from_level_id":null,"is_accessible":true,"level_id":-1,"network_type":"corridor","to_level_id":null,"vertical_connection_id":null,"building_id":"default","building_name":"Default"},"geometry":{"type":"LineString","coordinates":[[-79.380991394,43.655074357],[-79.381099432,43.6550541]]}},{"type":"Feature","properties":{"access_type":"public","from_level_id":null,"is_accessible":true,"level_id":1,"network_type":"corridor","to_level_id":null,"vertical_connection_id":null,"building_id":"default","building_name":"Default"},"geometry":{"type":"LineString","coordinates":[[-79.38035193,43.652709061],[-79.380279788,43.652725077]]}},{"type":"Feature","properties":{"access_type":"public","from_level_id":null,"is_accessible":true,"level_id":-1,"network_type":"corridor","to_level_id":null,"vertical_connection_id":null,"building_id":"default","building_name":"Default"},"geometry":{"type":"LineString","coordinates":[[-79.380633682,43.653800201],[-79.380577614,43.653812556]]}},{"type":"Feature","properties":{"access_type":"public","from_level_id":null,"is_accessible":true,"level_id":0,"network_type":"corridor","to_level_id":null,"vertical_connection_id":null,"building_id":"default","building_name":"Default"},"geometry":{"type":"LineString","coordinates":[[-79.381166504,43.655869588],[-79.381168318,43.655794495]]}},{"type":"Feature","properties":{"access_type":"public","from_level_id":null,"is_accessible":true,"level_id":-1,"network_type":"corridor","to_level_id":null,"vertical_connection_id":null,"building_id":"default","building_name":"Default"},"geometry":{"type":"LineString","coordinates":[[-79.38020578,43.652858845],[-79.38009171,43.652816475]]}},{"type":"Feature","properties":{"access_type":"public","from_level_id":null,"is_accessible":true,"level_id":-1,"network_type":"corridor","to_level_id":null,"vertical_connection_id":null,"building_id":"default","building_name":"Default"},"geometry":{"type":"LineString","coordinates":[[-79.38020578,43.652858845],[-79.380246374,43.652852003]]}},{"type":"Feature","properties":{"access_type":"public","from_level_id":null,"is_accessible":true,"level_id":-1,"network_type":"corridor","to_level_id":null,"vertical_connection_id":null,"building_id":"default","building_name":"Default"},"geometry":{"type":"LineString","coordinates":[[-79.38009171,43.652816475],[-79.380086331,43.652804389]]}},{"type":"Feature","properties":{"access_type":"public","from_level_id":null,"is_accessible":true,"level_id":1,"network_type":"corridor","to_level_id":null,"vertical_connection_id":null,"building_id":"default","building_name":"Default"},"geometry":{"type":"LineString","coordinates":[[-79.380955041,43.655958894],[-79.381011791,43.655946651]]}},{"type":"Feature","properties":{"access_type":"public","from_level_id":null,"is_accessible":true,"level_id":1,"network_type":"corridor","to_level_id":null,"vertical_connection_id":null,"building_id":"default","building_name":"Default"},"geometry":{"type":"LineString","coordinates":[[-79.381205218,43.655833124],[-79.381165888,43.655853201]]}},{"type":"Feature","properties":{"access_type":"public","from_level_id":null,"is_accessible":true,"level_id":1,"network_type":"corridor","to_level_id":null,"vertical_connection_id":null,"building_id":"default","building_name":"Default"},"geometry":{"type":"LineString","coordinates":[[-79.381154745,43.655824791],[-79.381148033,43.655849386]]}},{"type":"Feature","properties":{"access_type":"public","from_level_id":null,"is_accessible":true,"level_id":0,"network_type":"corridor","to_level_id":null,"vertical_connection_id":null,"building_id":"default","building_name":"Default"},"geometry":{"type":"LineString","coordinates":[[-79.380947692,43.655957867],[-79.381033516,43.655939218]]}},{"type":"Feature","properties":{"access_type":"public","from_level_id":null,"is_accessible":true,"level_id":0,"network_type":"corridor","to_level_id":null,"vertical_connection_id":null,"building_id":"default","building_name":"Default"},"geometry":{"type":"LineString","coordinates":[[-79.381033516,43.655939218],[-79.381074188,43.655930148]]}},{"type":"Feature","properties":{"access_type":"public","from_level_id":null,"is_accessible":true,"level_id":0,"network_type":"corridor","to_level_id":null,"vertical_connection_id":null,"building_id":"default","building_name":"Default"},"geometry":{"type":"LineString","coordinates":[[-79.381074188,43.655930148],[-79.381081562,43.65591707]]}},{"type":"Feature","properties":{"access_type":"public","from_level_id":null,"is_accessible":true,"level_id":-1,"network_type":"corridor","to_level_id":null,"vertical_connection_id":null,"building_id":"default","building_name":"Default"},"geometry":{"type":"LineString","coordinates":[[-79.38095247,43.655962011],[-79.381005812,43.655949865]]}},{"type":"Feature","properties":{"access_type":"public","from_level_id":null,"is_accessible":true,"level_id":0,"network_type":"corridor","to_level_id":null,"vertical_connection_id":null,"building_id":"default","building_name":"Default"},"geometry":{"type":"LineString","coordinates":[[-79.382489319,43.655712457],[-79.38244759,43.655721569]]}},{"type":"Feature","properties":{"access_type":"public","from_level_id":null,"is_accessible":true,"level_id":0,"network_type":"corridor","to_level_id":null,"vertical_connection_id":null,"building_id":"default","building_name":"Default"},"geometry":{"type":"LineString","coordinates":[[-79.38248694,43.655815035],[-79.382470158,43.655776541]]}},{"type":"Feature","properties":{"access_type":"public","from_level_id":null,"is_accessible":true,"level_id":0,"network_type":"corridor","to_level_id":null,"vertical_connection_id":null,"building_id":"default","building_name":"Default"},"geometry":{"type":"LineString","coordinates":[[-79.38248694,43.655815035],[-79.382358829,43.655843626]]}},{"type":"Feature","properties":{"access_type":"public","from_level_id":null,"is_accessible":true,"level_id":1,"network_type":"corridor","to_level_id":null,"vertical_connection_id":null,"building_id":"default","building_name":"Default"},"geometry":{"type":"LineString","coordinates":[[-79.382487909,43.655772723],[-79.3824751,43.655742868]]}},{"type":"Feature","properties":{"access_type":"public","from_level_id":null,"is_accessible":true,"level_id":1,"network_type":"corridor","to_level_id":null,"vertical_connection_id":null,"building_id":"default","building_name":"Default"},"geometry":{"type":"LineString","coordinates":[[-79.382465413,43.655718996],[-79.382491068,43.655713504]]}},{"type":"Feature","properties":{"access_type":"public","from_level_id":null,"is_accessible":true,"level_id":1,"network_type":"corridor","to_level_id":null,"vertical_connection_id":null,"building_id":"default","building_name":"Default"},"geometry":{"type":"LineString","coordinates":[[-79.382465413,43.655718996],[-79.3824751,43.655742868]]}},{"type":"Feature","properties":{"access_type":"public","from_level_id":null,"is_accessible":true,"level_id":1,"network_type":"corridor","to_level_id":null,"vertical_connection_id":null,"building_id":"default","building_name":"Default"},"geometry":{"type":"LineString","coordinates":[[-79.380880585,43.654595376],[-79.38082244,43.654608187]]}},{"type":"Feature","properties":{"access_type":"public","from_level_id":null,"is_accessible":true,"level_id":1,"network_type":"corridor","to_level_id":null,"vertical_connection_id":null,"building_id":"default","building_name":"Default"},"geometry":{"type":"LineString","coordinates":[[-79.380880585,43.654595376],[-79.380903428,43.654590343]]}},{"type":"Feature","properties":{"access_type":"public","from_level_id":null,"is_accessible":true,"level_id":0,"network_type":"corridor","to_level_id":null,"vertical_connection_id":null,"building_id":"default","building_name":"Default"},"geometry":{"type":"LineString","coordinates":[[-79.380658189,43.653581234],[-79.380683127,43.653575788]]}},{"type":"Feature","properties":{"access_type":"public","from_level_id":null,"is_accessible":true,"level_id":0,"network_type":"corridor","to_level_id":null,"vertical_connection_id":null,"building_id":"default","building_name":"Default"},"geometry":{"type":"LineString","coordinates":[[-79.380658189,43.653581234],[-79.380697357,43.653609593]]}},{"type":"Feature","properties":{"access_type":"public","from_level_id":null,"is_accessible":true,"level_id":0,"network_type":"corridor","to_level_id":null,"vertical_connection_id":null,"building_id":"default","building_name":"Default"},"geometry":{"type":"LineString","coordinates":[[-79.380506269,43.653481775],[-79.380512508,43.653496667]]}},{"type":"Feature","properties":{"access_type":"public","from_level_id":null,"is_accessible":true,"level_id":0,"network_type":"corridor","to_level_id":null,"vertical_connection_id":null,"building_id":"default","building_name":"Default"},"geometry":{"type":"LineString","coordinates":[[-79.3825503,43.655758945],[-79.382470158,43.655776541]]}},{"type":"Feature","properties":{"access_type":"public","from_level_id":null,"is_accessible":true,"level_id":0,"network_type":"corridor","to_level_id":null,"vertical_connection_id":null,"building_id":"default","building_name":"Default"},"geometry":{"type":"LineString","coordinates":[[-79.3825503,43.655758945],[-79.382555906,43.655772125]]}},{"type":"Feature","properties":{"access_type":"public","from_level_id":null,"is_accessible":true,"level_id":0,"network_type":"corridor","to_level_id":null,"vertical_connection_id":null,"building_id":"default","building_name":"Default"},"geometry":{"type":"LineString","coordinates":[[-79.38244759,43.655721569],[-79.382458848,43.655749643]]}},{"type":"Feature","properties":{"access_type":"public","from_level_id":null,"is_accessible":true,"level_id":0,"network_type":"corridor","to_level_id":null,"vertical_connection_id":null,"building_id":"default","building_name":"Default"},"geometry":{"type":"LineString","coordinates":[[-79.382470158,43.655776541],[-79.382458848,43.655749643]]}},{"type":"Feature","properties":{"access_type":"public","from_level_id":null,"is_accessible":true,"level_id":0,"network_type":"corridor","to_level_id":null,"vertical_connection_id":null,"building_id":"default","building_name":"Default"},"geometry":{"type":"LineString","coordinates":[[-79.381152464,43.656032832],[-79.381136911,43.656081705]]}},{"type":"Feature","properties":{"access_type":"public","from_level_id":null,"is_accessible":true,"level_id":1,"network_type":"corridor","to_level_id":null,"vertical_connection_id":null,"building_id":"default","building_name":"Default"},"geometry":{"type":"LineString","coordinates":[[-79.381878061,43.656003499],[-79.381964063,43.655986125]]}},{"type":"Feature","properties":{"access_type":"public","from_level_id":null,"is_accessible":true,"level_id":1,"network_type":"corridor","to_level_id":null,"vertical_connection_id":null,"building_id":"default","building_name":"Default"},"geometry":{"type":"LineString","coordinates":[[-79.381878061,43.656003499],[-79.381829714,43.655961326]]}},{"type":"Feature","properties":{"access_type":"public","from_level_id":null,"is_accessible":true,"level_id":1,"network_type":"corridor","to_level_id":null,"vertical_connection_id":null,"building_id":"default","building_name":"Default"},"geometry":{"type":"LineString","coordinates":[[-79.381080721,43.654615309],[-79.381123291,43.65460593]]}},{"type":"Feature","properties":{"access_type":"public","from_level_id":null,"is_accessible":true,"level_id":1,"network_type":"corridor","to_level_id":null,"vertical_connection_id":null,"building_id":"default","building_name":"Default"},"geometry":{"type":"LineString","coordinates":[[-79.381080721,43.654615309],[-79.381049256,43.654621421]]}},{"type":"Feature","properties":{"access_type":"public","from_level_id":null,"is_accessible":true,"level_id":0,"network_type":"corridor","to_level_id":null,"vertical_connection_id":null,"building_id":"default","building_name":"Default"},"geometry":{"type":"LineString","coordinates":[[-79.380822869,43.654455334],[-79.380834174,43.654483052]]}},{"type":"Feature","properties":{"access_type":"public","from_level_id":null,"is_accessible":true,"level_id":1,"network_type":"corridor","to_level_id":null,"vertical_connection_id":null,"building_id":"default","building_name":"Default"},"geometry":{"type":"LineString","coordinates":[[-79.380506376,43.652407732],[-79.380472163,43.65245152]]}},{"type":"Feature","properties":{"access_type":"public","from_level_id":null,"is_accessible":true,"level_id":1,"network_type":"corridor","to_level_id":null,"vertical_connection_id":null,"building_id":"default","building_name":"Default"},"geometry":{"type":"LineString","coordinates":[[-79.380528793,43.652473717],[-79.380550134,43.652441567]]}},{"type":"Feature","properties":{"access_type":"public","from_level_id":null,"is_accessible":true,"level_id":1,"network_type":"corridor","to_level_id":null,"vertical_connection_id":null,"building_id":"default","building_name":"Default"},"geometry":{"type":"LineString","coordinates":[[-79.380528793,43.652473717],[-79.380503065,43.652463904]]}},{"type":"Feature","properties":{"access_type":"public","from_level_id":null,"is_accessible":true,"level_id":1,"network_type":"corridor","to_level_id":null,"vertical_connection_id":null,"building_id":"default","building_name":"Default"},"geometry":{"type":"LineString","coordinates":[[-79.380528793,43.652473717],[-79.380539629,43.652477897]]}},{"type":"Feature","properties":{"access_type":"public","from_level_id":null,"is_accessible":true,"level_id":1,"network_type":"corridor","to_level_id":null,"vertical_connection_id":null,"building_id":"default","building_name":"Default"},"geometry":{"type":"LineString","coordinates":[[-79.380443239,43.652440288],[-79.380472163,43.65245152]]}},{"type":"Feature","properties":{"access_type":"public","from_level_id":null,"is_accessible":true,"level_id":1,"network_type":"corridor","to_level_id":null,"vertical_connection_id":null,"building_id":"default","building_name":"Default"},"geometry":{"type":"LineString","coordinates":[[-79.380443239,43.652440288],[-79.380436691,43.65243819]]}},{"type":"Feature","properties":{"access_type":"public","from_level_id":null,"is_accessible":true,"level_id":1,"network_type":"corridor","to_level_id":null,"vertical_connection_id":null,"building_id":"default","building_name":"Default"},"geometry":{"type":"LineString","coordinates":[[-79.380472163,43.65245152],[-79.380486541,43.652457282]]}},{"type":"Feature","properties":{"access_type":"public","from_level_id":null,"is_accessible":true,"level_id":1,"network_type":"corridor","to_level_id":null,"vertical_connection_id":null,"building_id":"default","building_name":"Default"},"geometry":{"type":"LineString","coordinates":[[-79.38064411,43.654383972],[-79.380555854,43.654403417]]}},{"type":"Feature","properties":{"access_type":"public","from_level_id":null,"is_accessible":true,"level_id":1,"network_type":"corridor","to_level_id":null,"vertical_connection_id":null,"building_id":"default","building_name":"Default"},"geometry":{"type":"LineString","coordinates":[[-79.38064411,43.654383972],[-79.380659491,43.654420839]]}},{"type":"Feature","properties":{"access_type":"public","from_level_id":null,"is_accessible":true,"level_id":1,"network_type":"corridor","to_level_id":null,"vertical_connection_id":null,"building_id":"default","building_name":"Default"},"geometry":{"type":"LineString","coordinates":[[-79.380453062,43.654426064],[-79.380555854,43.654403417]]}},{"type":"Feature","properties":{"access_type":"public","from_level_id":null,"is_accessible":true,"level_id":1,"network_type":"corridor","to_level_id":null,"vertical_connection_id":null,"building_id":"default","building_name":"Default"},"geometry":{"type":"LineString","coordinates":[[-79.380453062,43.654426064],[-79.380457173,43.65443583]]}},{"type":"Feature","properties":{"access_type":"public","from_level_id":null,"is_accessible":true,"level_id":1,"network_type":"corridor","to_level_id":null,"vertical_connection_id":null,"building_id":"default","building_name":"Default"},"geometry":{"type":"LineString","coordinates":[[-79.380453062,43.654426064],[-79.380448905,43.654415318]]}},{"type":"Feature","properties":{"access_type":"public","from_level_id":null,"is_accessible":true,"level_id":1,"network_type":"corridor","to_level_id":null,"vertical_connection_id":null,"building_id":"default","building_name":"Default"},"geometry":{"type":"LineString","coordinates":[[-79.380484478,43.654502053],[-79.380587789,43.654479291]]}},{"type":"Feature","properties":{"access_type":"public","from_level_id":null,"is_accessible":true,"level_id":1,"network_type":"corridor","to_level_id":null,"vertical_connection_id":null,"building_id":"default","building_name":"Default"},"geometry":{"type":"LineString","coordinates":[[-79.380484478,43.654502053],[-79.380480175,43.654491992]]}},{"type":"Feature","properties":{"access_type":"public","from_level_id":null,"is_accessible":true,"level_id":1,"network_type":"corridor","to_level_id":null,"vertical_connection_id":null,"building_id":"default","building_name":"Default"},"geometry":{"type":"LineString","coordinates":[[-79.380675367,43.654459584],[-79.380587789,43.654479291]]}},{"type":"Feature","properties":{"access_type":"public","from_level_id":null,"is_accessible":true,"level_id":1,"network_type":"corridor","to_level_id":null,"vertical_connection_id":null,"building_id":"default","building_name":"Default"},"geometry":{"type":"LineString","coordinates":[[-79.380675367,43.654459584],[-79.380659491,43.654420839]]}},{"type":"Feature","properties":{"access_type":"public","from_level_id":null,"is_accessible":true,"level_id":1,"network_type":"corridor","to_level_id":null,"vertical_connection_id":null,"building_id":"default","building_name":"Default"},"geometry":{"type":"LineString","coordinates":[[-79.38046856,43.654463895],[-79.380398776,43.654478981]]}},{"type":"Feature","properties":{"access_type":"public","from_level_id":null,"is_accessible":true,"level_id":1,"network_type":"corridor","to_level_id":null,"vertical_connection_id":null,"building_id":"default","building_name":"Default"},"geometry":{"type":"LineString","coordinates":[[-79.38046856,43.654463895],[-79.380480175,43.654491992]]}},{"type":"Feature","properties":{"access_type":"public","from_level_id":null,"is_accessible":true,"level_id":1,"network_type":"corridor","to_level_id":null,"vertical_connection_id":null,"building_id":"default","building_name":"Default"},"geometry":{"type":"LineString","coordinates":[[-79.38046856,43.654463895],[-79.380457173,43.65443583]]}},{"type":"Feature","properties":{"access_type":"public","from_level_id":null,"is_accessible":true,"level_id":1,"network_type":"corridor","to_level_id":null,"vertical_connection_id":null,"building_id":"default","building_name":"Default"},"geometry":{"type":"LineString","coordinates":[[-79.380230216,43.65451542],[-79.37998114,43.653925938]]}},{"type":"Feature","properties":{"access_type":"public","from_level_id":null,"is_accessible":true,"level_id":1,"network_type":"corridor","to_level_id":null,"vertical_connection_id":null,"building_id":"default","building_name":"Default"},"geometry":{"type":"LineString","coordinates":[[-79.380230216,43.65451542],[-79.380293111,43.654501823]]}},{"type":"Feature","properties":{"access_type":"public","from_level_id":null,"is_accessible":true,"level_id":1,"network_type":"corridor","to_level_id":null,"vertical_connection_id":null,"building_id":"default","building_name":"Default"},"geometry":{"type":"LineString","coordinates":[[-79.381789424,43.655926181],[-79.381730814,43.655938506]]}},{"type":"Feature","properties":{"access_type":"public","from_level_id":null,"is_accessible":true,"level_id":1,"network_type":"corridor","to_level_id":null,"vertical_connection_id":null,"building_id":"default","building_name":"Default"},"geometry":{"type":"LineString","coordinates":[[-79.381789424,43.655926181],[-79.381755607,43.655846954]]}},{"type":"Feature","properties":{"access_type":"public","from_level_id":null,"is_accessible":true,"level_id":1,"network_type":"corridor","to_level_id":null,"vertical_connection_id":null,"building_id":"default","building_name":"Default"},"geometry":{"type":"LineString","coordinates":[[-79.381789424,43.655926181],[-79.381905538,43.655900619]]}},{"type":"Feature","properties":{"access_type":"public","from_level_id":null,"is_accessible":true,"level_id":1,"network_type":"corridor","to_level_id":null,"vertical_connection_id":null,"building_id":"default","building_name":"Default"},"geometry":{"type":"LineString","coordinates":[[-79.381789424,43.655926181],[-79.381829714,43.655961326]]}},{"type":"Feature","properties":{"access_type":"public","from_level_id":null,"is_accessible":true,"level_id":1,"network_type":"corridor","to_level_id":null,"vertical_connection_id":null,"building_id":"default","building_name":"Default"},"geometry":{"type":"LineString","coordinates":[[-79.381643623,43.655870484],[-79.381681424,43.655862418]]}},{"type":"Feature","properties":{"access_type":"public","from_level_id":null,"is_accessible":true,"level_id":1,"network_type":"corridor","to_level_id":null,"vertical_connection_id":null,"building_id":"default","building_name":"Default"},"geometry":{"type":"LineString","coordinates":[[-79.381643623,43.655870484],[-79.38167601,43.655950037]]}},{"type":"Feature","properties":{"access_type":"public","from_level_id":null,"is_accessible":true,"level_id":1,"network_type":"corridor","to_level_id":null,"vertical_connection_id":null,"building_id":"default","building_name":"Default"},"geometry":{"type":"LineString","coordinates":[[-79.381722971,43.655919037],[-79.381730814,43.655938506]]}},{"type":"Feature","properties":{"access_type":"public","from_level_id":null,"is_accessible":true,"level_id":1,"network_type":"corridor","to_level_id":null,"vertical_connection_id":null,"building_id":"default","building_name":"Default"},"geometry":{"type":"LineString","coordinates":[[-79.381730814,43.655938506],[-79.38167601,43.655950037]]}},{"type":"Feature","properties":{"access_type":"public","from_level_id":null,"is_accessible":true,"level_id":0,"network_type":"corridor","to_level_id":null,"vertical_connection_id":null,"building_id":"default","building_name":"Default"},"geometry":{"type":"LineString","coordinates":[[-79.381215469,43.655946669],[-79.381225239,43.655962116]]}},{"type":"Feature","properties":{"access_type":"public","from_level_id":null,"is_accessible":true,"level_id":0,"network_type":"corridor","to_level_id":null,"vertical_connection_id":null,"building_id":"default","building_name":"Default"},"geometry":{"type":"LineString","coordinates":[[-79.381316992,43.656076131],[-79.381272926,43.65596369]]}},{"type":"Feature","properties":{"access_type":"public","from_level_id":null,"is_accessible":true,"level_id":0,"network_type":"corridor","to_level_id":null,"vertical_connection_id":null,"building_id":"default","building_name":"Default"},"geometry":{"type":"LineString","coordinates":[[-79.381316992,43.656076131],[-79.382358829,43.655843626]]}},{"type":"Feature","properties":{"access_type":"public","from_level_id":null,"is_accessible":true,"level_id":0,"network_type":"corridor","to_level_id":null,"vertical_connection_id":null,"building_id":"default","building_name":"Default"},"geometry":{"type":"LineString","coordinates":[[-79.380597955,43.652375422],[-79.38061649,43.652350454]]}},{"type":"Feature","properties":{"access_type":"public","from_level_id":null,"is_accessible":true,"level_id":1,"network_type":"corridor","to_level_id":null,"vertical_connection_id":null,"building_id":"default","building_name":"Default"},"geometry":{"type":"LineString","coordinates":[[-79.380587789,43.654479291],[-79.380577987,43.654456003]]}},{"type":"Feature","properties":{"access_type":"public","from_level_id":null,"is_accessible":true,"level_id":1,"network_type":"corridor","to_level_id":null,"vertical_connection_id":null,"building_id":"default","building_name":"Default"},"geometry":{"type":"LineString","coordinates":[[-79.380587789,43.654479291],[-79.380598223,43.654504081]]}},{"type":"Feature","properties":{"access_type":"public","from_level_id":null,"is_accessible":true,"level_id":1,"network_type":"corridor","to_level_id":null,"vertical_connection_id":null,"building_id":"default","building_name":"Default"},"geometry":{"type":"LineString","coordinates":[[-79.380555854,43.654403417],[-79.380545736,43.654379377]]}},{"type":"Feature","properties":{"access_type":"public","from_level_id":null,"is_accessible":true,"level_id":1,"network_type":"corridor","to_level_id":null,"vertical_connection_id":null,"building_id":"default","building_name":"Default"},"geometry":{"type":"LineString","coordinates":[[-79.380555854,43.654403417],[-79.38056534,43.654425953]]}},{"type":"Feature","properties":{"access_type":"public","from_level_id":null,"is_accessible":true,"level_id":1,"network_type":"corridor","to_level_id":null,"vertical_connection_id":null,"building_id":"default","building_name":"Default"},"geometry":{"type":"LineString","coordinates":[[-79.381755607,43.655846954],[-79.38171721,43.655855416]]}},{"type":"Feature","properties":{"access_type":"public","from_level_id":null,"is_accessible":true,"level_id":-1,"network_type":"corridor","to_level_id":null,"vertical_connection_id":null,"building_id":"default","building_name":"Default"},"geometry":{"type":"LineString","coordinates":[[-79.379991066,43.652576751],[-79.379980497,43.652550246]]}},{"type":"Feature","properties":{"access_type":"public","from_level_id":null,"is_accessible":true,"level_id":-2,"network_type":"corridor","to_level_id":null,"vertical_connection_id":null,"building_id":"default","building_name":"Default"},"geometry":{"type":"LineString","coordinates":[[-79.381135588,43.655445023],[-79.3811678,43.655521328]]}},{"type":"Feature","properties":{"access_type":"public","from_level_id":null,"is_accessible":true,"level_id":-2,"network_type":"corridor","to_level_id":null,"vertical_connection_id":null,"building_id":"default","building_name":"Default"},"geometry":{"type":"LineString","coordinates":[[-79.381135588,43.655445023],[-79.381103741,43.655374547]]}},{"type":"Feature","properties":{"access_type":"public","from_level_id":null,"is_accessible":true,"level_id":-2,"network_type":"corridor","to_level_id":null,"vertical_connection_id":null,"building_id":"default","building_name":"Default"},"geometry":{"type":"LineString","coordinates":[[-79.381135588,43.655445023],[-79.381034829,43.655466897]]}},{"type":"Feature","properties":{"access_type":"public","from_level_id":null,"is_accessible":true,"level_id":-2,"network_type":"corridor","to_level_id":null,"vertical_connection_id":null,"building_id":"default","building_name":"Default"},"geometry":{"type":"LineString","coordinates":[[-79.381064528,43.655281396],[-79.381103741,43.655374547]]}},{"type":"Feature","properties":{"access_type":"public","from_level_id":null,"is_accessible":true,"level_id":-2,"network_type":"corridor","to_level_id":null,"vertical_connection_id":null,"building_id":"default","building_name":"Default"},"geometry":{"type":"LineString","coordinates":[[-79.381201584,43.655251195],[-79.381240797,43.655344346]]}},{"type":"Feature","properties":{"access_type":"public","from_level_id":null,"is_accessible":true,"level_id":-2,"network_type":"corridor","to_level_id":null,"vertical_connection_id":null,"building_id":"default","building_name":"Default"},"geometry":{"type":"LineString","coordinates":[[-79.381330505,43.655557442],[-79.38130278,43.655491584]]}},{"type":"Feature","properties":{"access_type":"public","from_level_id":null,"is_accessible":true,"level_id":-2,"network_type":"corridor","to_level_id":null,"vertical_connection_id":null,"building_id":"default","building_name":"Default"},"geometry":{"type":"LineString","coordinates":[[-79.38130278,43.655491584],[-79.3811678,43.655521328]]}},{"type":"Feature","properties":{"access_type":"public","from_level_id":null,"is_accessible":true,"level_id":-2,"network_type":"corridor","to_level_id":null,"vertical_connection_id":null,"building_id":"default","building_name":"Default"},"geometry":{"type":"LineString","coordinates":[[-79.38130278,43.655491584],[-79.381240797,43.655344346]]}},{"type":"Feature","properties":{"access_type":"public","from_level_id":null,"is_accessible":true,"level_id":-2,"network_type":"corridor","to_level_id":null,"vertical_connection_id":null,"building_id":"default","building_name":"Default"},"geometry":{"type":"LineString","coordinates":[[-79.3811678,43.655521328],[-79.381068123,43.655543293]]}},{"type":"Feature","properties":{"access_type":"public","from_level_id":null,"is_accessible":true,"level_id":-2,"network_type":"corridor","to_level_id":null,"vertical_connection_id":null,"building_id":"default","building_name":"Default"},"geometry":{"type":"LineString","coordinates":[[-79.3811678,43.655521328],[-79.381195471,43.65558706]]}},{"type":"Feature","properties":{"access_type":"public","from_level_id":null,"is_accessible":true,"level_id":-2,"network_type":"corridor","to_level_id":null,"vertical_connection_id":null,"building_id":"default","building_name":"Default"},"geometry":{"type":"LineString","coordinates":[[-79.381068123,43.655543293],[-79.381034829,43.655466897]]}},{"type":"Feature","properties":{"access_type":"public","from_level_id":null,"is_accessible":true,"level_id":-2,"network_type":"corridor","to_level_id":null,"vertical_connection_id":null,"building_id":"default","building_name":"Default"},"geometry":{"type":"LineString","coordinates":[[-79.381004064,43.655396512],[-79.381103741,43.655374547]]}},{"type":"Feature","properties":{"access_type":"public","from_level_id":null,"is_accessible":true,"level_id":-2,"network_type":"corridor","to_level_id":null,"vertical_connection_id":null,"building_id":"default","building_name":"Default"},"geometry":{"type":"LineString","coordinates":[[-79.381103741,43.655374547],[-79.381240797,43.655344346]]}},{"type":"Feature","properties":{"access_type":"public","from_level_id":null,"is_accessible":true,"level_id":-2,"network_type":"corridor","to_level_id":null,"vertical_connection_id":null,"building_id":"default","building_name":"Default"},"geometry":{"type":"LineString","coordinates":[[-79.381240797,43.655344346],[-79.381418347,43.655305221]]}},{"type":"Feature","properties":{"access_type":"public","from_level_id":null,"is_accessible":true,"level_id":-2,"network_type":"corridor","to_level_id":null,"vertical_connection_id":null,"building_id":"default","building_name":"Default"},"geometry":{"type":"LineString","coordinates":[[-79.381195471,43.65558706],[-79.38115825,43.655595672]]}},{"type":"Feature","properties":{"access_type":"public","from_level_id":null,"is_accessible":true,"level_id":0,"network_type":"corridor","to_level_id":null,"vertical_connection_id":null,"building_id":"default","building_name":"Default"},"geometry":{"type":"LineString","coordinates":[[-79.380733347,43.653810992],[-79.380691816,43.653820144]]}},{"type":"Feature","properties":{"access_type":"public","from_level_id":null,"is_accessible":true,"level_id":0,"network_type":"corridor","to_level_id":null,"vertical_connection_id":null,"building_id":"default","building_name":"Default"},"geometry":{"type":"LineString","coordinates":[[-79.380575529,43.653845769],[-79.380658591,43.653827465]]}},{"type":"Feature","properties":{"access_type":"public","from_level_id":null,"is_accessible":true,"level_id":0,"network_type":"corridor","to_level_id":null,"vertical_connection_id":null,"building_id":"default","building_name":"Default"},"geometry":{"type":"LineString","coordinates":[[-79.380754276,43.653744813],[-79.380746055,43.653725281]]}},{"type":"Feature","properties":{"access_type":"public","from_level_id":null,"is_accessible":true,"level_id":0,"network_type":"corridor","to_level_id":null,"vertical_connection_id":null,"building_id":"default","building_name":"Default"},"geometry":{"type":"LineString","coordinates":[[-79.380754276,43.653744813],[-79.380707554,43.653755108]]}},{"type":"Feature","properties":{"access_type":"public","from_level_id":null,"is_accessible":true,"level_id":0,"network_type":"corridor","to_level_id":null,"vertical_connection_id":null,"building_id":"default","building_name":"Default"},"geometry":{"type":"LineString","coordinates":[[-79.380551435,43.653790579],[-79.380540471,43.653792995]]}},{"type":"Feature","properties":{"access_type":"public","from_level_id":null,"is_accessible":true,"level_id":0,"network_type":"corridor","to_level_id":null,"vertical_connection_id":null,"building_id":"default","building_name":"Default"},"geometry":{"type":"LineString","coordinates":[[-79.380551435,43.653790579],[-79.380558735,43.653788946]]}},{"type":"Feature","properties":{"access_type":"public","from_level_id":null,"is_accessible":true,"level_id":-1,"network_type":"corridor","to_level_id":null,"vertical_connection_id":null,"building_id":"default","building_name":"Default"},"geometry":{"type":"LineString","coordinates":[[-79.380964682,43.654400176],[-79.380944068,43.654404831]]}},{"type":"Feature","properties":{"access_type":"public","from_level_id":null,"is_accessible":true,"level_id":-1,"network_type":"corridor","to_level_id":null,"vertical_connection_id":null,"building_id":"default","building_name":"Default"},"geometry":{"type":"LineString","coordinates":[[-79.380980995,43.654439513],[-79.380964682,43.654400176]]}},{"type":"Feature","properties":{"access_type":"public","from_level_id":null,"is_accessible":true,"level_id":1,"network_type":"corridor","to_level_id":null,"vertical_connection_id":null,"building_id":"default","building_name":"Default"},"geometry":{"type":"LineString","coordinates":[[-79.380121705,43.653760729],[-79.380024177,43.653781757]]}},{"type":"Feature","properties":{"access_type":"public","from_level_id":null,"is_accessible":true,"level_id":1,"network_type":"corridor","to_level_id":null,"vertical_connection_id":null,"building_id":"default","building_name":"Default"},"geometry":{"type":"LineString","coordinates":[[-79.3811125,43.654479823],[-79.381137045,43.654538869]]}},{"type":"Feature","properties":{"access_type":"public","from_level_id":null,"is_accessible":true,"level_id":1,"network_type":"corridor","to_level_id":null,"vertical_connection_id":null,"building_id":"default","building_name":"Default"},"geometry":{"type":"LineString","coordinates":[[-79.3811125,43.654479823],[-79.381102841,43.654456601]]}},{"type":"Feature","properties":{"access_type":"public","from_level_id":null,"is_accessible":true,"level_id":1,"network_type":"corridor","to_level_id":null,"vertical_connection_id":null,"building_id":"default","building_name":"Default"},"geometry":{"type":"LineString","coordinates":[[-79.381137045,43.654538869],[-79.381119394,43.654542759]]}},{"type":"Feature","properties":{"access_type":"public","from_level_id":null,"is_accessible":true,"level_id":1,"network_type":"corridor","to_level_id":null,"vertical_connection_id":null,"building_id":"default","building_name":"Default"},"geometry":{"type":"LineString","coordinates":[[-79.381098628,43.654547334],[-79.38105502,43.654556942]]}},{"type":"Feature","properties":{"access_type":"public","from_level_id":null,"is_accessible":true,"level_id":1,"network_type":"corridor","to_level_id":null,"vertical_connection_id":null,"building_id":"default","building_name":"Default"},"geometry":{"type":"LineString","coordinates":[[-79.381098628,43.654547334],[-79.381119394,43.654542759]]}},{"type":"Feature","properties":{"access_type":"public","from_level_id":null,"is_accessible":true,"level_id":1,"network_type":"corridor","to_level_id":null,"vertical_connection_id":null,"building_id":"default","building_name":"Default"},"geometry":{"type":"LineString","coordinates":[[-79.381098628,43.654547334],[-79.381106217,43.654565363]]}},{"type":"Feature","properties":{"access_type":"public","from_level_id":null,"is_accessible":true,"level_id":1,"network_type":"corridor","to_level_id":null,"vertical_connection_id":null,"building_id":"default","building_name":"Default"},"geometry":{"type":"LineString","coordinates":[[-79.381098628,43.654547334],[-79.38106839,43.654586011]]}},{"type":"Feature","properties":{"access_type":"public","from_level_id":null,"is_accessible":true,"level_id":1,"network_type":"corridor","to_level_id":null,"vertical_connection_id":null,"building_id":"default","building_name":"Default"},"geometry":{"type":"LineString","coordinates":[[-79.38105502,43.654556942],[-79.381015108,43.654461225]]}},{"type":"Feature","properties":{"access_type":"public","from_level_id":null,"is_accessible":true,"level_id":1,"network_type":"corridor","to_level_id":null,"vertical_connection_id":null,"building_id":"default","building_name":"Default"},"geometry":{"type":"LineString","coordinates":[[-79.38105502,43.654556942],[-79.381014526,43.654565864]]}},{"type":"Feature","properties":{"access_type":"public","from_level_id":null,"is_accessible":true,"level_id":1,"network_type":"corridor","to_level_id":null,"vertical_connection_id":null,"building_id":"default","building_name":"Default"},"geometry":{"type":"LineString","coordinates":[[-79.380355018,43.652406093],[-79.380436691,43.65243819]]}},{"type":"Feature","properties":{"access_type":"public","from_level_id":null,"is_accessible":true,"level_id":0,"network_type":"corridor","to_level_id":null,"vertical_connection_id":null,"building_id":"default","building_name":"Default"},"geometry":{"type":"LineString","coordinates":[[-79.380658591,43.653827465],[-79.380665864,43.653844743]]}},{"type":"Feature","properties":{"access_type":"public","from_level_id":null,"is_accessible":true,"level_id":0,"network_type":"corridor","to_level_id":null,"vertical_connection_id":null,"building_id":"default","building_name":"Default"},"geometry":{"type":"LineString","coordinates":[[-79.380658591,43.653827465],[-79.380691816,43.653820144]]}},{"type":"Feature","properties":{"access_type":"public","from_level_id":null,"is_accessible":true,"level_id":0,"network_type":"corridor","to_level_id":null,"vertical_connection_id":null,"building_id":"default","building_name":"Default"},"geometry":{"type":"LineString","coordinates":[[-79.380065689,43.652745271],[-79.380055019,43.652758752]]}},{"type":"Feature","properties":{"access_type":"public","from_level_id":null,"is_accessible":true,"level_id":0,"network_type":"corridor","to_level_id":null,"vertical_connection_id":null,"building_id":"default","building_name":"Default"},"geometry":{"type":"LineString","coordinates":[[-79.380065689,43.652745271],[-79.380018601,43.652743709]]}},{"type":"Feature","properties":{"access_type":"public","from_level_id":null,"is_accessible":true,"level_id":-1,"network_type":"corridor","to_level_id":null,"vertical_connection_id":null,"building_id":"default","building_name":"Default"},"geometry":{"type":"LineString","coordinates":[[-79.380662904,43.654036748],[-79.380737661,43.654020276]]}},{"type":"Feature","properties":{"access_type":"public","from_level_id":null,"is_accessible":true,"level_id":0,"network_type":"corridor","to_level_id":null,"vertical_connection_id":null,"building_id":"default","building_name":"Default"},"geometry":{"type":"LineString","coordinates":[[-79.380503248,43.653498858],[-79.380512508,43.653496667]]}},{"type":"Feature","properties":{"access_type":"public","from_level_id":null,"is_accessible":true,"level_id":0,"network_type":"corridor","to_level_id":null,"vertical_connection_id":null,"building_id":"default","building_name":"Default"},"geometry":{"type":"LineString","coordinates":[[-79.380503248,43.653498858],[-79.380414995,43.653518305]]}},{"type":"Feature","properties":{"access_type":"public","from_level_id":null,"is_accessible":true,"level_id":-1,"network_type":"corridor","to_level_id":null,"vertical_connection_id":null,"building_id":"default","building_name":"Default"},"geometry":{"type":"LineString","coordinates":[[-79.380657846,43.653663534],[-79.380670494,43.653693583]]}},{"type":"Feature","properties":{"access_type":"public","from_level_id":null,"is_accessible":true,"level_id":-1,"network_type":"corridor","to_level_id":null,"vertical_connection_id":null,"building_id":"default","building_name":"Default"},"geometry":{"type":"LineString","coordinates":[[-79.380657846,43.653663534],[-79.380655958,43.653696785]]}},{"type":"Feature","properties":{"access_type":"public","from_level_id":null,"is_accessible":true,"level_id":-1,"network_type":"corridor","to_level_id":null,"vertical_connection_id":null,"building_id":"default","building_name":"Default"},"geometry":{"type":"LineString","coordinates":[[-79.380657846,43.653663534],[-79.380637269,43.653700904]]}},{"type":"Feature","properties":{"access_type":"public","from_level_id":null,"is_accessible":true,"level_id":-1,"network_type":"corridor","to_level_id":null,"vertical_connection_id":null,"building_id":"default","building_name":"Default"},"geometry":{"type":"LineString","coordinates":[[-79.380657846,43.653663534],[-79.380590358,43.653678404]]}},{"type":"Feature","properties":{"access_type":"public","from_level_id":null,"is_accessible":true,"level_id":1,"network_type":"corridor","to_level_id":null,"vertical_connection_id":null,"building_id":"default","building_name":"Default"},"geometry":{"type":"LineString","coordinates":[[-79.3810621,43.655870425],[-79.381077441,43.655907423]]}},{"type":"Feature","properties":{"access_type":"public","from_level_id":null,"is_accessible":true,"level_id":1,"network_type":"corridor","to_level_id":null,"vertical_connection_id":null,"building_id":"default","building_name":"Default"},"geometry":{"type":"LineString","coordinates":[[-79.3810621,43.655870425],[-79.381148033,43.655849386]]}},{"type":"Feature","properties":{"access_type":"public","from_level_id":null,"is_accessible":true,"level_id":1,"network_type":"corridor","to_level_id":null,"vertical_connection_id":null,"building_id":"default","building_name":"Default"},"geometry":{"type":"LineString","coordinates":[[-79.3810621,43.655870425],[-79.381035808,43.655829455]]}},{"type":"Feature","properties":{"access_type":"public","from_level_id":null,"is_accessible":true,"level_id":1,"network_type":"corridor","to_level_id":null,"vertical_connection_id":null,"building_id":"default","building_name":"Default"},"geometry":{"type":"LineString","coordinates":[[-79.381077441,43.655907423],[-79.381011791,43.655946651]]}},{"type":"Feature","properties":{"access_type":"public","from_level_id":null,"is_accessible":true,"level_id":0,"network_type":"corridor","to_level_id":null,"vertical_connection_id":null,"building_id":"default","building_name":"Default"},"geometry":{"type":"LineString","coordinates":[[-79.380445592,43.653812013],[-79.380488161,43.653802632]]}},{"type":"Feature","properties":{"access_type":"public","from_level_id":null,"is_accessible":true,"level_id":-1,"network_type":"corridor","to_level_id":null,"vertical_connection_id":null,"building_id":"default","building_name":"Default"},"geometry":{"type":"LineString","coordinates":[[-79.380713242,43.653962485],[-79.380699716,43.653930129]]}},{"type":"Feature","properties":{"access_type":"public","from_level_id":null,"is_accessible":true,"level_id":-1,"network_type":"corridor","to_level_id":null,"vertical_connection_id":null,"building_id":"default","building_name":"Default"},"geometry":{"type":"LineString","coordinates":[[-79.380699716,43.653930129],[-79.380617946,43.653947763]]}},{"type":"Feature","properties":{"access_type":"public","from_level_id":null,"is_accessible":true,"level_id":0,"network_type":"corridor","to_level_id":null,"vertical_connection_id":null,"building_id":"default","building_name":"Default"},"geometry":{"type":"LineString","coordinates":[[-79.380470103,43.656328416],[-79.380611082,43.656296545]]}},{"type":"Feature","properties":{"access_type":"public","from_level_id":null,"is_accessible":true,"level_id":-2,"network_type":"corridor","to_level_id":null,"vertical_connection_id":null,"building_id":"default","building_name":"Default"},"geometry":{"type":"LineString","coordinates":[[-79.38117983,43.655665915],[-79.381187463,43.655682752]]}},{"type":"Feature","properties":{"access_type":"public","from_level_id":null,"is_accessible":true,"level_id":-2,"network_type":"corridor","to_level_id":null,"vertical_connection_id":null,"building_id":"default","building_name":"Default"},"geometry":{"type":"LineString","coordinates":[[-79.380775676,43.654633818],[-79.380783853,43.654622296]]}},{"type":"Feature","properties":{"access_type":"public","from_level_id":null,"is_accessible":true,"level_id":-2,"network_type":"corridor","to_level_id":null,"vertical_connection_id":null,"building_id":"default","building_name":"Default"},"geometry":{"type":"LineString","coordinates":[[-79.380775676,43.654633818],[-79.380756793,43.65462734]]}},{"type":"Feature","properties":{"access_type":"public","from_level_id":null,"is_accessible":true,"level_id":-2,"network_type":"corridor","to_level_id":null,"vertical_connection_id":null,"building_id":"default","building_name":"Default"},"geometry":{"type":"LineString","coordinates":[[-79.380766396,43.654613928],[-79.380756793,43.65462734]]}},{"type":"Feature","properties":{"access_type":"public","from_level_id":null,"is_accessible":true,"level_id":-1,"network_type":"corridor","to_level_id":null,"vertical_connection_id":null,"building_id":"default","building_name":"Default"},"geometry":{"type":"LineString","coordinates":[[-79.380855144,43.654525688],[-79.380879113,43.654534329]]}},{"type":"Feature","properties":{"access_type":"public","from_level_id":null,"is_accessible":true,"level_id":-1,"network_type":"corridor","to_level_id":null,"vertical_connection_id":null,"building_id":"default","building_name":"Default"},"geometry":{"type":"LineString","coordinates":[[-79.380855144,43.654525688],[-79.380836542,43.654519017]]}},{"type":"Feature","properties":{"access_type":"public","from_level_id":null,"is_accessible":true,"level_id":-1,"network_type":"corridor","to_level_id":null,"vertical_connection_id":null,"building_id":"default","building_name":"Default"},"geometry":{"type":"LineString","coordinates":[[-79.380836542,43.654519017],[-79.380859201,43.654487886]]}},{"type":"Feature","properties":{"access_type":"public","from_level_id":null,"is_accessible":true,"level_id":-1,"network_type":"corridor","to_level_id":null,"vertical_connection_id":null,"building_id":"default","building_name":"Default"},"geometry":{"type":"LineString","coordinates":[[-79.380836542,43.654519017],[-79.380814952,43.654547941]]}},{"type":"Feature","properties":{"access_type":"public","from_level_id":null,"is_accessible":true,"level_id":-1,"network_type":"corridor","to_level_id":null,"vertical_connection_id":null,"building_id":"default","building_name":"Default"},"geometry":{"type":"LineString","coordinates":[[-79.380859201,43.654487886],[-79.38085696,43.654481601]]}},{"type":"Feature","properties":{"access_type":"public","from_level_id":null,"is_accessible":true,"level_id":-1,"network_type":"corridor","to_level_id":null,"vertical_connection_id":null,"building_id":"default","building_name":"Default"},"geometry":{"type":"LineString","coordinates":[[-79.381226806,43.655777997],[-79.381242477,43.655814327]]}},{"type":"Feature","properties":{"access_type":"public","from_level_id":null,"is_accessible":true,"level_id":0,"network_type":"corridor","to_level_id":null,"vertical_connection_id":null,"building_id":"default","building_name":"Default"},"geometry":{"type":"LineString","coordinates":[[-79.380065929,43.653535323],[-79.380161347,43.653514754]]}},{"type":"Feature","properties":{"access_type":"public","from_level_id":null,"is_accessible":true,"level_id":0,"network_type":"corridor","to_level_id":null,"vertical_connection_id":null,"building_id":"default","building_name":"Default"},"geometry":{"type":"LineString","coordinates":[[-79.380161347,43.653514754],[-79.380231249,43.653498825]]}},{"type":"Feature","properties":{"access_type":"public","from_level_id":null,"is_accessible":true,"level_id":0,"network_type":"corridor","to_level_id":null,"vertical_connection_id":null,"building_id":"default","building_name":"Default"},"geometry":{"type":"LineString","coordinates":[[-79.380161347,43.653514754],[-79.38015143,43.653491195]]}},{"type":"Feature","properties":{"access_type":"public","from_level_id":null,"is_accessible":true,"level_id":0,"network_type":"corridor","to_level_id":null,"vertical_connection_id":null,"building_id":"default","building_name":"Default"},"geometry":{"type":"LineString","coordinates":[[-79.380231249,43.653498825],[-79.380270414,43.65355047]]}},{"type":"Feature","properties":{"access_type":"public","from_level_id":null,"is_accessible":true,"level_id":0,"network_type":"corridor","to_level_id":null,"vertical_connection_id":null,"building_id":"default","building_name":"Default"},"geometry":{"type":"LineString","coordinates":[[-79.380558735,43.653788946],[-79.380545344,43.653758429]]}},{"type":"Feature","properties":{"access_type":"public","from_level_id":null,"is_accessible":true,"level_id":0,"network_type":"corridor","to_level_id":null,"vertical_connection_id":null,"building_id":"default","building_name":"Default"},"geometry":{"type":"LineString","coordinates":[[-79.380558735,43.653788946],[-79.380707554,43.653755108]]}},{"type":"Feature","properties":{"access_type":"public","from_level_id":null,"is_accessible":true,"level_id":-1,"network_type":"corridor","to_level_id":null,"vertical_connection_id":null,"building_id":"default","building_name":"Default"},"geometry":{"type":"LineString","coordinates":[[-79.38047304,43.653632239],[-79.380482305,43.653654274]]}},{"type":"Feature","properties":{"access_type":"public","from_level_id":null,"is_accessible":true,"level_id":0,"network_type":"corridor","to_level_id":null,"vertical_connection_id":null,"building_id":"default","building_name":"Default"},"geometry":{"type":"LineString","coordinates":[[-79.380855813,43.654477102],[-79.380844899,43.654450742]]}},{"type":"Feature","properties":{"access_type":"public","from_level_id":null,"is_accessible":true,"level_id":0,"network_type":"corridor","to_level_id":null,"vertical_connection_id":null,"building_id":"default","building_name":"Default"},"geometry":{"type":"LineString","coordinates":[[-79.380998366,43.654530582],[-79.381021074,43.654525446]]}},{"type":"Feature","properties":{"access_type":"public","from_level_id":null,"is_accessible":true,"level_id":0,"network_type":"corridor","to_level_id":null,"vertical_connection_id":null,"building_id":"default","building_name":"Default"},"geometry":{"type":"LineString","coordinates":[[-79.380998366,43.654530582],[-79.381008689,43.654556133]]}},{"type":"Feature","properties":{"access_type":"public","from_level_id":null,"is_accessible":true,"level_id":0,"network_type":"corridor","to_level_id":null,"vertical_connection_id":null,"building_id":"default","building_name":"Default"},"geometry":{"type":"LineString","coordinates":[[-79.381021074,43.654525446],[-79.381012487,43.654504616]]}},{"type":"Feature","properties":{"access_type":"public","from_level_id":null,"is_accessible":true,"level_id":0,"network_type":"corridor","to_level_id":null,"vertical_connection_id":null,"building_id":"default","building_name":"Default"},"geometry":{"type":"LineString","coordinates":[[-79.381008689,43.654556133],[-79.38101063,43.654560959]]}},{"type":"Feature","properties":{"access_type":"public","from_level_id":null,"is_accessible":true,"level_id":0,"network_type":"corridor","to_level_id":null,"vertical_connection_id":null,"building_id":"default","building_name":"Default"},"geometry":{"type":"LineString","coordinates":[[-79.381008689,43.654556133],[-79.380969123,43.654565162]]}},{"type":"Feature","properties":{"access_type":"public","from_level_id":null,"is_accessible":true,"level_id":0,"network_type":"corridor","to_level_id":null,"vertical_connection_id":null,"building_id":"default","building_name":"Default"},"geometry":{"type":"LineString","coordinates":[[-79.381168318,43.655794495],[-79.381187569,43.655795376]]}},{"type":"Feature","properties":{"access_type":"public","from_level_id":null,"is_accessible":true,"level_id":0,"network_type":"corridor","to_level_id":null,"vertical_connection_id":null,"building_id":"default","building_name":"Default"},"geometry":{"type":"LineString","coordinates":[[-79.381187569,43.655795376],[-79.381206386,43.655796089]]}},{"type":"Feature","properties":{"access_type":"public","from_level_id":null,"is_accessible":true,"level_id":0,"network_type":"corridor","to_level_id":null,"vertical_connection_id":null,"building_id":"default","building_name":"Default"},"geometry":{"type":"LineString","coordinates":[[-79.381206386,43.655796089],[-79.381272926,43.65596369]]}},{"type":"Feature","properties":{"access_type":"public","from_level_id":null,"is_accessible":true,"level_id":-1,"network_type":"corridor","to_level_id":null,"vertical_connection_id":null,"building_id":"default","building_name":"Default"},"geometry":{"type":"LineString","coordinates":[[-79.381208556,43.65591097],[-79.38119054,43.655907847]]}},{"type":"Feature","properties":{"access_type":"public","from_level_id":null,"is_accessible":true,"level_id":-1,"network_type":"corridor","to_level_id":null,"vertical_connection_id":null,"building_id":"default","building_name":"Default"},"geometry":{"type":"LineString","coordinates":[[-79.38119054,43.655907847],[-79.381150837,43.655899783]]}},{"type":"Feature","properties":{"access_type":"public","from_level_id":null,"is_accessible":true,"level_id":-1,"network_type":"corridor","to_level_id":null,"vertical_connection_id":null,"building_id":"default","building_name":"Default"},"geometry":{"type":"LineString","coordinates":[[-79.38119054,43.655907847],[-79.381185329,43.655927383]]}},{"type":"Feature","properties":{"access_type":"public","from_level_id":null,"is_accessible":true,"level_id":1,"network_type":"corridor","to_level_id":null,"vertical_connection_id":null,"building_id":"default","building_name":"Default"},"geometry":{"type":"LineString","coordinates":[[-79.381135112,43.655882418],[-79.381126799,43.655902661]]}},{"type":"Feature","properties":{"access_type":"public","from_level_id":null,"is_accessible":true,"level_id":1,"network_type":"corridor","to_level_id":null,"vertical_connection_id":null,"building_id":"default","building_name":"Default"},"geometry":{"type":"LineString","coordinates":[[-79.381135112,43.655882418],[-79.381154801,43.655886378]]}},{"type":"Feature","properties":{"access_type":"public","from_level_id":null,"is_accessible":true,"level_id":1,"network_type":"corridor","to_level_id":null,"vertical_connection_id":null,"building_id":"default","building_name":"Default"},"geometry":{"type":"LineString","coordinates":[[-79.381154801,43.655886378],[-79.381165888,43.655853201]]}},{"type":"Feature","properties":{"access_type":"public","from_level_id":null,"is_accessible":true,"level_id":1,"network_type":"corridor","to_level_id":null,"vertical_connection_id":null,"building_id":"default","building_name":"Default"},"geometry":{"type":"LineString","coordinates":[[-79.381147228,43.655905909],[-79.381154801,43.655886378]]}},{"type":"Feature","properties":{"access_type":"public","from_level_id":null,"is_accessible":true,"level_id":1,"network_type":"corridor","to_level_id":null,"vertical_connection_id":null,"building_id":"default","building_name":"Default"},"geometry":{"type":"LineString","coordinates":[[-79.380903428,43.654590343],[-79.3808969,43.654574083]]}},{"type":"Feature","properties":{"access_type":"public","from_level_id":null,"is_accessible":true,"level_id":1,"network_type":"corridor","to_level_id":null,"vertical_connection_id":null,"building_id":"default","building_name":"Default"},"geometry":{"type":"LineString","coordinates":[[-79.380903428,43.654590343],[-79.380964559,43.654608888]]}},{"type":"Feature","properties":{"access_type":"public","from_level_id":null,"is_accessible":true,"level_id":1,"network_type":"corridor","to_level_id":null,"vertical_connection_id":null,"building_id":"default","building_name":"Default"},"geometry":{"type":"LineString","coordinates":[[-79.380903428,43.654590343],[-79.380962295,43.654576552]]}},{"type":"Feature","properties":{"access_type":"public","from_level_id":null,"is_accessible":true,"level_id":1,"network_type":"corridor","to_level_id":null,"vertical_connection_id":null,"building_id":"default","building_name":"Default"},"geometry":{"type":"LineString","coordinates":[[-79.382609434,43.655818577],[-79.382603283,43.655803963]]}},{"type":"Feature","properties":{"access_type":"public","from_level_id":null,"is_accessible":true,"level_id":1,"network_type":"corridor","to_level_id":null,"vertical_connection_id":null,"building_id":"default","building_name":"Default"},"geometry":{"type":"LineString","coordinates":[[-79.382609434,43.655818577],[-79.382613555,43.655828041]]}},{"type":"Feature","properties":{"access_type":"public","from_level_id":null,"is_accessible":true,"level_id":1,"network_type":"corridor","to_level_id":null,"vertical_connection_id":null,"building_id":"default","building_name":"Default"},"geometry":{"type":"LineString","coordinates":[[-79.381119394,43.654542759],[-79.381112754,43.654526983]]}},{"type":"Feature","properties":{"access_type":"public","from_level_id":null,"is_accessible":true,"level_id":1,"network_type":"corridor","to_level_id":null,"vertical_connection_id":null,"building_id":"default","building_name":"Default"},"geometry":{"type":"LineString","coordinates":[[-79.381119394,43.654542759],[-79.381106217,43.654565363]]}},{"type":"Feature","properties":{"access_type":"public","from_level_id":null,"is_accessible":true,"level_id":2,"network_type":"corridor","to_level_id":null,"vertical_connection_id":null,"building_id":"default","building_name":"Default"},"geometry":{"type":"LineString","coordinates":[[-79.381031873,43.654358409],[-79.381037307,43.654371528]]}},{"type":"Feature","properties":{"access_type":"public","from_level_id":null,"is_accessible":true,"level_id":2,"network_type":"corridor","to_level_id":null,"vertical_connection_id":null,"building_id":"default","building_name":"Default"},"geometry":{"type":"LineString","coordinates":[[-79.381031873,43.654358409],[-79.38098854,43.654368876]]}},{"type":"Feature","properties":{"access_type":"public","from_level_id":null,"is_accessible":true,"level_id":2,"network_type":"corridor","to_level_id":null,"vertical_connection_id":null,"building_id":"default","building_name":"Default"},"geometry":{"type":"LineString","coordinates":[[-79.381037307,43.654371528],[-79.381047556,43.654369138]]}},{"type":"Feature","properties":{"access_type":"public","from_level_id":null,"is_accessible":true,"level_id":2,"network_type":"corridor","to_level_id":null,"vertical_connection_id":null,"building_id":"default","building_name":"Default"},"geometry":{"type":"LineString","coordinates":[[-79.381065741,43.654413203],[-79.381047556,43.654369138]]}},{"type":"Feature","properties":{"access_type":"public","from_level_id":null,"is_accessible":true,"level_id":2,"network_type":"corridor","to_level_id":null,"vertical_connection_id":null,"building_id":"default","building_name":"Default"},"geometry":{"type":"LineString","coordinates":[[-79.380432685,43.653536626],[-79.380409966,43.653541627]]}},{"type":"Feature","properties":{"access_type":"public","from_level_id":null,"is_accessible":true,"level_id":2,"network_type":"corridor","to_level_id":null,"vertical_connection_id":null,"building_id":"default","building_name":"Default"},"geometry":{"type":"LineString","coordinates":[[-79.380409966,43.653541627],[-79.380424284,43.653575644]]}},{"type":"Feature","properties":{"access_type":"public","from_level_id":null,"is_accessible":true,"level_id":2,"network_type":"corridor","to_level_id":null,"vertical_connection_id":null,"building_id":"default","building_name":"Default"},"geometry":{"type":"LineString","coordinates":[[-79.380430809,43.653591148],[-79.380454269,43.653586504]]}},{"type":"Feature","properties":{"access_type":"public","from_level_id":null,"is_accessible":true,"level_id":2,"network_type":"corridor","to_level_id":null,"vertical_connection_id":null,"building_id":"default","building_name":"Default"},"geometry":{"type":"LineString","coordinates":[[-79.380430809,43.653591148],[-79.380445558,43.653624674]]}},{"type":"Feature","properties":{"access_type":"public","from_level_id":null,"is_accessible":true,"level_id":2,"network_type":"corridor","to_level_id":null,"vertical_connection_id":null,"building_id":"default","building_name":"Default"},"geometry":{"type":"LineString","coordinates":[[-79.380430809,43.653591148],[-79.380410449,43.653586445]]}},{"type":"Feature","properties":{"access_type":"public","from_level_id":null,"is_accessible":true,"level_id":2,"network_type":"corridor","to_level_id":null,"vertical_connection_id":null,"building_id":"default","building_name":"Default"},"geometry":{"type":"LineString","coordinates":[[-79.380430809,43.653591148],[-79.380424284,43.653575644]]}},{"type":"Feature","properties":{"access_type":"public","from_level_id":null,"is_accessible":true,"level_id":2,"network_type":"corridor","to_level_id":null,"vertical_connection_id":null,"building_id":"default","building_name":"Default"},"geometry":{"type":"LineString","coordinates":[[-79.380445558,43.653624674],[-79.380468303,43.653620056]]}},{"type":"Feature","properties":{"access_type":"public","from_level_id":null,"is_accessible":true,"level_id":2,"network_type":"corridor","to_level_id":null,"vertical_connection_id":null,"building_id":"default","building_name":"Default"},"geometry":{"type":"LineString","coordinates":[[-79.380365773,43.653596414],[-79.380410449,43.653586445]]}},{"type":"Feature","properties":{"access_type":"public","from_level_id":null,"is_accessible":true,"level_id":2,"network_type":"corridor","to_level_id":null,"vertical_connection_id":null,"building_id":"default","building_name":"Default"},"geometry":{"type":"LineString","coordinates":[[-79.380732551,43.654286453],[-79.380676147,43.654298419]]}},{"type":"Feature","properties":{"access_type":"public","from_level_id":null,"is_accessible":true,"level_id":2,"network_type":"corridor","to_level_id":null,"vertical_connection_id":null,"building_id":"default","building_name":"Default"},"geometry":{"type":"LineString","coordinates":[[-79.380410449,43.653586445],[-79.380424284,43.653575644]]}},{"type":"Feature","properties":{"access_type":"public","from_level_id":null,"is_accessible":true,"level_id":1,"network_type":"corridor","to_level_id":null,"vertical_connection_id":null,"building_id":"default","building_name":"Default"},"geometry":{"type":"LineString","coordinates":[[-79.380420144,43.653630842],[-79.380466637,43.653620074]]}},{"type":"Feature","properties":{"access_type":"public","from_level_id":null,"is_accessible":true,"level_id":1,"network_type":"corridor","to_level_id":null,"vertical_connection_id":null,"building_id":"default","building_name":"Default"},"geometry":{"type":"LineString","coordinates":[[-79.380406629,43.653598095],[-79.380452147,43.653587804]]}},{"type":"Feature","properties":{"access_type":"public","from_level_id":null,"is_accessible":true,"level_id":0,"network_type":"corridor","to_level_id":null,"vertical_connection_id":null,"building_id":"default","building_name":"Default"},"geometry":{"type":"LineString","coordinates":[[-79.380585754,43.652310863],[-79.38061649,43.652350454]]}},{"type":"Feature","properties":{"access_type":"public","from_level_id":null,"is_accessible":true,"level_id":0,"network_type":"corridor","to_level_id":null,"vertical_connection_id":null,"building_id":"default","building_name":"Default"},"geometry":{"type":"LineString","coordinates":[[-79.380585754,43.652310863],[-79.380540184,43.652317095]]}},{"type":"Feature","properties":{"access_type":"public","from_level_id":null,"is_accessible":true,"level_id":0,"network_type":"corridor","to_level_id":null,"vertical_connection_id":null,"building_id":"default","building_name":"Default"},"geometry":{"type":"LineString","coordinates":[[-79.380585754,43.652310863],[-79.380560302,43.65232589]]}},{"type":"Feature","properties":{"access_type":"public","from_level_id":null,"is_accessible":true,"level_id":0,"network_type":"corridor","to_level_id":null,"vertical_connection_id":null,"building_id":"default","building_name":"Default"},"geometry":{"type":"LineString","coordinates":[[-79.380585754,43.652310863],[-79.380599398,43.652343056]]}},{"type":"Feature","properties":{"access_type":"public","from_level_id":null,"is_accessible":true,"level_id":0,"network_type":"corridor","to_level_id":null,"vertical_connection_id":null,"building_id":"default","building_name":"Default"},"geometry":{"type":"LineString","coordinates":[[-79.380585754,43.652310863],[-79.38059549,43.652293943]]}},{"type":"Feature","properties":{"access_type":"public","from_level_id":null,"is_accessible":true,"level_id":0,"network_type":"corridor","to_level_id":null,"vertical_connection_id":null,"building_id":"default","building_name":"Default"},"geometry":{"type":"LineString","coordinates":[[-79.38061649,43.652350454],[-79.380599398,43.652343056]]}},{"type":"Feature","properties":{"access_type":"public","from_level_id":null,"is_accessible":true,"level_id":0,"network_type":"corridor","to_level_id":null,"vertical_connection_id":null,"building_id":"default","building_name":"Default"},"geometry":{"type":"LineString","coordinates":[[-79.380540184,43.652317095],[-79.380560302,43.65232589]]}},{"type":"Feature","properties":{"access_type":"public","from_level_id":null,"is_accessible":true,"level_id":0,"network_type":"corridor","to_level_id":null,"vertical_connection_id":null,"building_id":"default","building_name":"Default"},"geometry":{"type":"LineString","coordinates":[[-79.380540184,43.652317095],[-79.380517491,43.652345344]]}},{"type":"Feature","properties":{"access_type":"public","from_level_id":null,"is_accessible":true,"level_id":0,"network_type":"corridor","to_level_id":null,"vertical_connection_id":null,"building_id":"default","building_name":"Default"},"geometry":{"type":"LineString","coordinates":[[-79.380560302,43.65232589],[-79.380533348,43.652360369]]}},{"type":"Feature","properties":{"access_type":"public","from_level_id":null,"is_accessible":true,"level_id":0,"network_type":"corridor","to_level_id":null,"vertical_connection_id":null,"building_id":"default","building_name":"Default"},"geometry":{"type":"LineString","coordinates":[[-79.380560302,43.65232589],[-79.380599398,43.652343056]]}},{"type":"Feature","properties":{"access_type":"public","from_level_id":null,"is_accessible":true,"level_id":0,"network_type":"corridor","to_level_id":null,"vertical_connection_id":null,"building_id":"default","building_name":"Default"},"geometry":{"type":"LineString","coordinates":[[-79.380599398,43.652343056],[-79.380572905,43.652376567]]}},{"type":"Feature","properties":{"access_type":"public","from_level_id":null,"is_accessible":true,"level_id":1,"network_type":"corridor","to_level_id":null,"vertical_connection_id":null,"building_id":"default","building_name":"Default"},"geometry":{"type":"LineString","coordinates":[[-79.380466216,43.652409483],[-79.380443239,43.652440288]]}},{"type":"Feature","properties":{"access_type":"public","from_level_id":null,"is_accessible":true,"level_id":1,"network_type":"corridor","to_level_id":null,"vertical_connection_id":null,"building_id":"default","building_name":"Default"},"geometry":{"type":"LineString","coordinates":[[-79.380503065,43.652463904],[-79.38053044,43.652424103]]}},{"type":"Feature","properties":{"access_type":"public","from_level_id":null,"is_accessible":true,"level_id":1,"network_type":"corridor","to_level_id":null,"vertical_connection_id":null,"building_id":"default","building_name":"Default"},"geometry":{"type":"LineString","coordinates":[[-79.380503065,43.652463904],[-79.380486541,43.652457282]]}},{"type":"Feature","properties":{"access_type":"public","from_level_id":null,"is_accessible":true,"level_id":1,"network_type":"corridor","to_level_id":null,"vertical_connection_id":null,"building_id":"default","building_name":"Default"},"geometry":{"type":"LineString","coordinates":[[-79.380042223,43.652731706],[-79.380090803,43.65272074]]}},{"type":"Feature","properties":{"access_type":"public","from_level_id":null,"is_accessible":true,"level_id":2,"network_type":"corridor","to_level_id":null,"vertical_connection_id":null,"building_id":"default","building_name":"Default"},"geometry":{"type":"LineString","coordinates":[[-79.38003973,43.652731971],[-79.380049708,43.652723014]]}},{"type":"Feature","properties":{"access_type":"public","from_level_id":null,"is_accessible":true,"level_id":2,"network_type":"corridor","to_level_id":null,"vertical_connection_id":null,"building_id":"default","building_name":"Default"},"geometry":{"type":"LineString","coordinates":[[-79.38003973,43.652731971],[-79.379826426,43.652787053]]}},{"type":"Feature","properties":{"access_type":"public","from_level_id":null,"is_accessible":true,"level_id":2,"network_type":"corridor","to_level_id":null,"vertical_connection_id":null,"building_id":"default","building_name":"Default"},"geometry":{"type":"LineString","coordinates":[[-79.380049708,43.652723014],[-79.380059305,43.652714332]]}},{"type":"Feature","properties":{"access_type":"public","from_level_id":null,"is_accessible":true,"level_id":2,"network_type":"corridor","to_level_id":null,"vertical_connection_id":null,"building_id":"default","building_name":"Default"},"geometry":{"type":"LineString","coordinates":[[-79.380049708,43.652723014],[-79.380064632,43.652726555]]}},{"type":"Feature","properties":{"access_type":"public","from_level_id":null,"is_accessible":true,"level_id":2,"network_type":"corridor","to_level_id":null,"vertical_connection_id":null,"building_id":"default","building_name":"Default"},"geometry":{"type":"LineString","coordinates":[[-79.380059305,43.652714332],[-79.380064632,43.652726555]]}},{"type":"Feature","properties":{"access_type":"public","from_level_id":null,"is_accessible":true,"level_id":2,"network_type":"corridor","to_level_id":null,"vertical_connection_id":null,"building_id":"default","building_name":"Default"},"geometry":{"type":"LineString","coordinates":[[-79.380059305,43.652714332],[-79.380050286,43.652693334]]}},{"type":"Feature","properties":{"access_type":"public","from_level_id":null,"is_accessible":true,"level_id":2,"network_type":"corridor","to_level_id":null,"vertical_connection_id":null,"building_id":"default","building_name":"Default"},"geometry":{"type":"LineString","coordinates":[[-79.380064632,43.652726555],[-79.380092273,43.652720202]]}},{"type":"Feature","properties":{"access_type":"public","from_level_id":null,"is_accessible":true,"level_id":2,"network_type":"corridor","to_level_id":null,"vertical_connection_id":null,"building_id":"default","building_name":"Default"},"geometry":{"type":"LineString","coordinates":[[-79.380050286,43.652693334],[-79.380078693,43.652687075]]}},{"type":"Feature","properties":{"access_type":"public","from_level_id":null,"is_accessible":true,"level_id":1,"network_type":"corridor","to_level_id":null,"vertical_connection_id":null,"building_id":"default","building_name":"Default"},"geometry":{"type":"LineString","coordinates":[[-79.380285728,43.652846766],[-79.380264762,43.652797814]]}},{"type":"Feature","properties":{"access_type":"public","from_level_id":null,"is_accessible":true,"level_id":0,"network_type":"corridor","to_level_id":null,"vertical_connection_id":null,"building_id":"default","building_name":"Default"},"geometry":{"type":"LineString","coordinates":[[-79.380217041,43.652686847],[-79.380191744,43.65262675]]}},{"type":"Feature","properties":{"access_type":"public","from_level_id":null,"is_accessible":true,"level_id":0,"network_type":"corridor","to_level_id":null,"vertical_connection_id":null,"building_id":"default","building_name":"Default"},"geometry":{"type":"LineString","coordinates":[[-79.380233378,43.652722652],[-79.380217041,43.652686847]]}},{"type":"Feature","properties":{"access_type":"public","from_level_id":null,"is_accessible":true,"level_id":0,"network_type":"corridor","to_level_id":null,"vertical_connection_id":null,"building_id":"default","building_name":"Default"},"geometry":{"type":"LineString","coordinates":[[-79.380055019,43.652758752],[-79.380097092,43.6527758]]}},{"type":"Feature","properties":{"access_type":"public","from_level_id":null,"is_accessible":true,"level_id":0,"network_type":"corridor","to_level_id":null,"vertical_connection_id":null,"building_id":"default","building_name":"Default"},"geometry":{"type":"LineString","coordinates":[[-79.380055019,43.652758752],[-79.380018601,43.652743709]]}},{"type":"Feature","properties":{"access_type":"public","from_level_id":null,"is_accessible":true,"level_id":-1,"network_type":"corridor","to_level_id":null,"vertical_connection_id":null,"building_id":"default","building_name":"Default"},"geometry":{"type":"LineString","coordinates":[[-79.380281024,43.65282703],[-79.380273689,43.652809077]]}},{"type":"Feature","properties":{"access_type":"public","from_level_id":null,"is_accessible":true,"level_id":-1,"network_type":"corridor","to_level_id":null,"vertical_connection_id":null,"building_id":"default","building_name":"Default"},"geometry":{"type":"LineString","coordinates":[[-79.380281024,43.65282703],[-79.380265803,43.65282148]]}},{"type":"Feature","properties":{"access_type":"public","from_level_id":null,"is_accessible":true,"level_id":-1,"network_type":"corridor","to_level_id":null,"vertical_connection_id":null,"building_id":"default","building_name":"Default"},"geometry":{"type":"LineString","coordinates":[[-79.380273689,43.652809077],[-79.380265803,43.65282148]]}},{"type":"Feature","properties":{"access_type":"public","from_level_id":null,"is_accessible":true,"level_id":-1,"network_type":"corridor","to_level_id":null,"vertical_connection_id":null,"building_id":"default","building_name":"Default"},"geometry":{"type":"LineString","coordinates":[[-79.380265803,43.65282148],[-79.380227137,43.652807382]]}},{"type":"Feature","properties":{"access_type":"public","from_level_id":null,"is_accessible":true,"level_id":-1,"network_type":"corridor","to_level_id":null,"vertical_connection_id":null,"building_id":"default","building_name":"Default"},"geometry":{"type":"LineString","coordinates":[[-79.380265803,43.65282148],[-79.380256641,43.652835424]]}},{"type":"Feature","properties":{"access_type":"public","from_level_id":null,"is_accessible":true,"level_id":-1,"network_type":"corridor","to_level_id":null,"vertical_connection_id":null,"building_id":"default","building_name":"Default"},"geometry":{"type":"LineString","coordinates":[[-79.380256641,43.652835424],[-79.380246374,43.652852003]]}},{"type":"Feature","properties":{"access_type":"public","from_level_id":null,"is_accessible":true,"level_id":-1,"network_type":"corridor","to_level_id":null,"vertical_connection_id":null,"building_id":"default","building_name":"Default"},"geometry":{"type":"LineString","coordinates":[[-79.380561804,43.653774994],[-79.380577614,43.653812556]]}},{"type":"Feature","properties":{"access_type":"public","from_level_id":null,"is_accessible":true,"level_id":-1,"network_type":"corridor","to_level_id":null,"vertical_connection_id":null,"building_id":"default","building_name":"Default"},"geometry":{"type":"LineString","coordinates":[[-79.380561804,43.653774994],[-79.380599183,43.653766758]]}},{"type":"Feature","properties":{"access_type":"public","from_level_id":null,"is_accessible":true,"level_id":-1,"network_type":"corridor","to_level_id":null,"vertical_connection_id":null,"building_id":"default","building_name":"Default"},"geometry":{"type":"LineString","coordinates":[[-79.380561804,43.653774994],[-79.380545111,43.65377861]]}},{"type":"Feature","properties":{"access_type":"public","from_level_id":null,"is_accessible":true,"level_id":-1,"network_type":"corridor","to_level_id":null,"vertical_connection_id":null,"building_id":"default","building_name":"Default"},"geometry":{"type":"LineString","coordinates":[[-79.380495354,43.653789636],[-79.380545111,43.65377861]]}},{"type":"Feature","properties":{"access_type":"public","from_level_id":null,"is_accessible":true,"level_id":-1,"network_type":"corridor","to_level_id":null,"vertical_connection_id":null,"building_id":"default","building_name":"Default"},"geometry":{"type":"LineString","coordinates":[[-79.380651097,43.653755319],[-79.380599183,43.653766758]]}},{"type":"Feature","properties":{"access_type":"public","from_level_id":null,"is_accessible":true,"level_id":-1,"network_type":"corridor","to_level_id":null,"vertical_connection_id":null,"building_id":"default","building_name":"Default"},"geometry":{"type":"LineString","coordinates":[[-79.380651097,43.653755319],[-79.380655958,43.653696785]]}},{"type":"Feature","properties":{"access_type":"public","from_level_id":null,"is_accessible":true,"level_id":-1,"network_type":"corridor","to_level_id":null,"vertical_connection_id":null,"building_id":"default","building_name":"Default"},"geometry":{"type":"LineString","coordinates":[[-79.380577614,43.653812556],[-79.380568954,43.653843195]]}},{"type":"Feature","properties":{"access_type":"public","from_level_id":null,"is_accessible":true,"level_id":-1,"network_type":"corridor","to_level_id":null,"vertical_connection_id":null,"building_id":"default","building_name":"Default"},"geometry":{"type":"LineString","coordinates":[[-79.380577614,43.653812556],[-79.380599183,43.653766758]]}},{"type":"Feature","properties":{"access_type":"public","from_level_id":null,"is_accessible":true,"level_id":1,"network_type":"corridor","to_level_id":null,"vertical_connection_id":null,"building_id":"default","building_name":"Default"},"geometry":{"type":"LineString","coordinates":[[-79.3824751,43.655742868],[-79.382501347,43.655737084]]}},{"type":"Feature","properties":{"access_type":"public","from_level_id":null,"is_accessible":true,"level_id":1,"network_type":"corridor","to_level_id":null,"vertical_connection_id":null,"building_id":"default","building_name":"Default"},"geometry":{"type":"LineString","coordinates":[[-79.382560037,43.655771014],[-79.382585741,43.655765219]]}},{"type":"Feature","properties":{"access_type":"public","from_level_id":null,"is_accessible":true,"level_id":0,"network_type":"corridor","to_level_id":null,"vertical_connection_id":null,"building_id":"default","building_name":"Default"},"geometry":{"type":"LineString","coordinates":[[-79.382718745,43.655737683],[-79.382742626,43.65573242]]}},{"type":"Feature","properties":{"access_type":"public","from_level_id":null,"is_accessible":true,"level_id":0,"network_type":"corridor","to_level_id":null,"vertical_connection_id":null,"building_id":"default","building_name":"Default"},"geometry":{"type":"LineString","coordinates":[[-79.382458848,43.655749643],[-79.382502517,43.655739495]]}},{"type":"Feature","properties":{"access_type":"public","from_level_id":null,"is_accessible":true,"level_id":0,"network_type":"corridor","to_level_id":null,"vertical_connection_id":null,"building_id":"default","building_name":"Default"},"geometry":{"type":"LineString","coordinates":[[-79.382736301,43.655717396],[-79.382713097,43.65572292]]}},{"type":"Feature","properties":{"access_type":"public","from_level_id":null,"is_accessible":true,"level_id":0,"network_type":"corridor","to_level_id":null,"vertical_connection_id":null,"building_id":"default","building_name":"Default"},"geometry":{"type":"LineString","coordinates":[[-79.382736301,43.655717396],[-79.382742626,43.65573242]]}},{"type":"Feature","properties":{"access_type":"public","from_level_id":null,"is_accessible":true,"level_id":0,"network_type":"corridor","to_level_id":null,"vertical_connection_id":null,"building_id":"default","building_name":"Default"},"geometry":{"type":"LineString","coordinates":[[-79.382742626,43.65573242],[-79.382752746,43.655756459]]}},{"type":"Feature","properties":{"access_type":"public","from_level_id":null,"is_accessible":true,"level_id":1,"network_type":"corridor","to_level_id":null,"vertical_connection_id":null,"building_id":"default","building_name":"Default"},"geometry":{"type":"LineString","coordinates":[[-79.38167601,43.655950037],[-79.381650758,43.6559556]]}},{"type":"Feature","properties":{"access_type":"public","from_level_id":null,"is_accessible":true,"level_id":1,"network_type":"corridor","to_level_id":null,"vertical_connection_id":null,"building_id":"default","building_name":"Default"},"geometry":{"type":"LineString","coordinates":[[-79.381650758,43.6559556],[-79.38167161,43.656005118]]}},{"type":"Feature","properties":{"access_type":"public","from_level_id":null,"is_accessible":true,"level_id":1,"network_type":"corridor","to_level_id":null,"vertical_connection_id":null,"building_id":"default","building_name":"Default"},"geometry":{"type":"LineString","coordinates":[[-79.381011791,43.655946651],[-79.381026318,43.655979439]]}},{"type":"Feature","properties":{"access_type":"public","from_level_id":null,"is_accessible":true,"level_id":1,"network_type":"corridor","to_level_id":null,"vertical_connection_id":null,"building_id":"default","building_name":"Default"},"geometry":{"type":"LineString","coordinates":[[-79.381011791,43.655946651],[-79.381005428,43.655916006]]}},{"type":"Feature","properties":{"access_type":"public","from_level_id":null,"is_accessible":true,"level_id":1,"network_type":"corridor","to_level_id":null,"vertical_connection_id":null,"building_id":"default","building_name":"Default"},"geometry":{"type":"LineString","coordinates":[[-79.381026318,43.655979439],[-79.380977158,43.656009707]]}},{"type":"Feature","properties":{"access_type":"public","from_level_id":null,"is_accessible":true,"level_id":1,"network_type":"corridor","to_level_id":null,"vertical_connection_id":null,"building_id":"default","building_name":"Default"},"geometry":{"type":"LineString","coordinates":[[-79.380977158,43.656009707],[-79.380621827,43.656301558]]}},{"type":"Feature","properties":{"access_type":"public","from_level_id":null,"is_accessible":true,"level_id":1,"network_type":"corridor","to_level_id":null,"vertical_connection_id":null,"building_id":"default","building_name":"Default"},"geometry":{"type":"LineString","coordinates":[[-79.381005428,43.655916006],[-79.380935319,43.655910305]]}},{"type":"Feature","properties":{"access_type":"public","from_level_id":null,"is_accessible":true,"level_id":1,"network_type":"corridor","to_level_id":null,"vertical_connection_id":null,"building_id":"default","building_name":"Default"},"geometry":{"type":"LineString","coordinates":[[-79.38033503,43.654492761],[-79.380398776,43.654478981]]}},{"type":"Feature","properties":{"access_type":"public","from_level_id":null,"is_accessible":true,"level_id":1,"network_type":"corridor","to_level_id":null,"vertical_connection_id":null,"building_id":"default","building_name":"Default"},"geometry":{"type":"LineString","coordinates":[[-79.38033503,43.654492761],[-79.38034689,43.654520692]]}},{"type":"Feature","properties":{"access_type":"public","from_level_id":null,"is_accessible":true,"level_id":1,"network_type":"corridor","to_level_id":null,"vertical_connection_id":null,"building_id":"default","building_name":"Default"},"geometry":{"type":"LineString","coordinates":[[-79.38033503,43.654492761],[-79.380324053,43.654465569]]}},{"type":"Feature","properties":{"access_type":"public","from_level_id":null,"is_accessible":true,"level_id":1,"network_type":"corridor","to_level_id":null,"vertical_connection_id":null,"building_id":"default","building_name":"Default"},"geometry":{"type":"LineString","coordinates":[[-79.38033503,43.654492761],[-79.380293111,43.654501823]]}},{"type":"Feature","properties":{"access_type":"public","from_level_id":null,"is_accessible":true,"level_id":1,"network_type":"corridor","to_level_id":null,"vertical_connection_id":null,"building_id":"default","building_name":"Default"},"geometry":{"type":"LineString","coordinates":[[-79.380480175,43.654491992],[-79.380414467,43.654506075]]}},{"type":"Feature","properties":{"access_type":"public","from_level_id":null,"is_accessible":true,"level_id":1,"network_type":"corridor","to_level_id":null,"vertical_connection_id":null,"building_id":"default","building_name":"Default"},"geometry":{"type":"LineString","coordinates":[[-79.380414467,43.654506075],[-79.38034689,43.654520692]]}},{"type":"Feature","properties":{"access_type":"public","from_level_id":null,"is_accessible":true,"level_id":1,"network_type":"corridor","to_level_id":null,"vertical_connection_id":null,"building_id":"default","building_name":"Default"},"geometry":{"type":"LineString","coordinates":[[-79.380457173,43.65443583],[-79.380391399,43.654450468]]}},{"type":"Feature","properties":{"access_type":"public","from_level_id":null,"is_accessible":true,"level_id":1,"network_type":"corridor","to_level_id":null,"vertical_connection_id":null,"building_id":"default","building_name":"Default"},"geometry":{"type":"LineString","coordinates":[[-79.380391399,43.654450468],[-79.380324053,43.654465569]]}},{"type":"Feature","properties":{"access_type":"public","from_level_id":null,"is_accessible":true,"level_id":-1,"network_type":"corridor","to_level_id":null,"vertical_connection_id":null,"building_id":"default","building_name":"Default"},"geometry":{"type":"LineString","coordinates":[[-79.380618395,43.653871704],[-79.380596181,43.65385936]]}},{"type":"Feature","properties":{"access_type":"public","from_level_id":null,"is_accessible":true,"level_id":-1,"network_type":"corridor","to_level_id":null,"vertical_connection_id":null,"building_id":"default","building_name":"Default"},"geometry":{"type":"LineString","coordinates":[[-79.380948973,43.654312055],[-79.380961572,43.654341983]]}},{"type":"Feature","properties":{"access_type":"public","from_level_id":null,"is_accessible":true,"level_id":-1,"network_type":"corridor","to_level_id":null,"vertical_connection_id":null,"building_id":"default","building_name":"Default"},"geometry":{"type":"LineString","coordinates":[[-79.380948973,43.654312055],[-79.380917775,43.654318798]]}},{"type":"Feature","properties":{"access_type":"public","from_level_id":null,"is_accessible":true,"level_id":0,"network_type":"corridor","to_level_id":null,"vertical_connection_id":null,"building_id":"default","building_name":"Default"},"geometry":{"type":"LineString","coordinates":[[-79.381225239,43.655962116],[-79.381232478,43.655965512]]}},{"type":"Feature","properties":{"access_type":"public","from_level_id":null,"is_accessible":true,"level_id":0,"network_type":"corridor","to_level_id":null,"vertical_connection_id":null,"building_id":"default","building_name":"Default"},"geometry":{"type":"LineString","coordinates":[[-79.381232478,43.655965512],[-79.381241609,43.655968228]]}},{"type":"Feature","properties":{"access_type":"public","from_level_id":null,"is_accessible":true,"level_id":0,"network_type":"corridor","to_level_id":null,"vertical_connection_id":null,"building_id":"default","building_name":"Default"},"geometry":{"type":"LineString","coordinates":[[-79.381241609,43.655968228],[-79.381250754,43.655967526]]}},{"type":"Feature","properties":{"access_type":"public","from_level_id":null,"is_accessible":true,"level_id":0,"network_type":"corridor","to_level_id":null,"vertical_connection_id":null,"building_id":"default","building_name":"Default"},"geometry":{"type":"LineString","coordinates":[[-79.381250754,43.655967526],[-79.381272926,43.65596369]]}},{"type":"Feature","properties":{"access_type":"public","from_level_id":null,"is_accessible":true,"level_id":-1,"network_type":"corridor","to_level_id":null,"vertical_connection_id":null,"building_id":"default","building_name":"Default"},"geometry":{"type":"LineString","coordinates":[[-79.380944068,43.654404831],[-79.380960178,43.654443968]]}},{"type":"Feature","properties":{"access_type":"public","from_level_id":null,"is_accessible":true,"level_id":1,"network_type":"corridor","to_level_id":null,"vertical_connection_id":null,"building_id":"default","building_name":"Default"},"geometry":{"type":"LineString","coordinates":[[-79.379954208,43.651932397],[-79.379586109,43.652016214]]}},{"type":"Feature","properties":{"access_type":"public","from_level_id":null,"is_accessible":true,"level_id":1,"network_type":"corridor","to_level_id":null,"vertical_connection_id":null,"building_id":"default","building_name":"Default"},"geometry":{"type":"LineString","coordinates":[[-79.380700966,43.653631613],[-79.380752565,43.653754781]]}},{"type":"Feature","properties":{"access_type":"public","from_level_id":null,"is_accessible":true,"level_id":1,"network_type":"corridor","to_level_id":null,"vertical_connection_id":null,"building_id":"default","building_name":"Default"},"geometry":{"type":"LineString","coordinates":[[-79.381075593,43.654447501],[-79.381102841,43.654456601]]}},{"type":"Feature","properties":{"access_type":"public","from_level_id":null,"is_accessible":true,"level_id":1,"network_type":"corridor","to_level_id":null,"vertical_connection_id":null,"building_id":"default","building_name":"Default"},"geometry":{"type":"LineString","coordinates":[[-79.381014526,43.654565864],[-79.38097184,43.654464449]]}},{"type":"Feature","properties":{"access_type":"public","from_level_id":null,"is_accessible":true,"level_id":1,"network_type":"corridor","to_level_id":null,"vertical_connection_id":null,"building_id":"default","building_name":"Default"},"geometry":{"type":"LineString","coordinates":[[-79.381014526,43.654565864],[-79.380964559,43.654608888]]}},{"type":"Feature","properties":{"access_type":"public","from_level_id":null,"is_accessible":true,"level_id":1,"network_type":"corridor","to_level_id":null,"vertical_connection_id":null,"building_id":"default","building_name":"Default"},"geometry":{"type":"LineString","coordinates":[[-79.381014526,43.654565864],[-79.38106839,43.654586011]]}},{"type":"Feature","properties":{"access_type":"public","from_level_id":null,"is_accessible":true,"level_id":1,"network_type":"corridor","to_level_id":null,"vertical_connection_id":null,"building_id":"default","building_name":"Default"},"geometry":{"type":"LineString","coordinates":[[-79.381014526,43.654565864],[-79.380962295,43.654576552]]}},{"type":"Feature","properties":{"access_type":"public","from_level_id":null,"is_accessible":true,"level_id":1,"network_type":"corridor","to_level_id":null,"vertical_connection_id":null,"building_id":"default","building_name":"Default"},"geometry":{"type":"LineString","coordinates":[[-79.38097184,43.654464449],[-79.380948126,43.654408107]]}},{"type":"Feature","properties":{"access_type":"public","from_level_id":null,"is_accessible":true,"level_id":1,"network_type":"corridor","to_level_id":null,"vertical_connection_id":null,"building_id":"default","building_name":"Default"},"geometry":{"type":"LineString","coordinates":[[-79.381123291,43.65460593],[-79.381106217,43.654565363]]}},{"type":"Feature","properties":{"access_type":"public","from_level_id":null,"is_accessible":true,"level_id":1,"network_type":"corridor","to_level_id":null,"vertical_connection_id":null,"building_id":"default","building_name":"Default"},"geometry":{"type":"LineString","coordinates":[[-79.381123291,43.65460593],[-79.38106839,43.654586011]]}},{"type":"Feature","properties":{"access_type":"public","from_level_id":null,"is_accessible":true,"level_id":0,"network_type":"corridor","to_level_id":null,"vertical_connection_id":null,"building_id":"default","building_name":"Default"},"geometry":{"type":"LineString","coordinates":[[-79.380710322,43.653640393],[-79.380697357,43.653609593]]}},{"type":"Feature","properties":{"access_type":"public","from_level_id":null,"is_accessible":true,"level_id":0,"network_type":"corridor","to_level_id":null,"vertical_connection_id":null,"building_id":"default","building_name":"Default"},"geometry":{"type":"LineString","coordinates":[[-79.380710322,43.653640393],[-79.380746055,43.653725281]]}},{"type":"Feature","properties":{"access_type":"public","from_level_id":null,"is_accessible":true,"level_id":0,"network_type":"corridor","to_level_id":null,"vertical_connection_id":null,"building_id":"default","building_name":"Default"},"geometry":{"type":"LineString","coordinates":[[-79.380683127,43.653575788],[-79.380697357,43.653609593]]}},{"type":"Feature","properties":{"access_type":"public","from_level_id":null,"is_accessible":true,"level_id":0,"network_type":"corridor","to_level_id":null,"vertical_connection_id":null,"building_id":"default","building_name":"Default"},"geometry":{"type":"LineString","coordinates":[[-79.380746055,43.653725281],[-79.380707554,43.653755108]]}},{"type":"Feature","properties":{"access_type":"public","from_level_id":null,"is_accessible":true,"level_id":-1,"network_type":"corridor","to_level_id":null,"vertical_connection_id":null,"building_id":"default","building_name":"Default"},"geometry":{"type":"LineString","coordinates":[[-79.380821545,43.654397464],[-79.380809529,43.654368918]]}},{"type":"Feature","properties":{"access_type":"public","from_level_id":null,"is_accessible":true,"level_id":-1,"network_type":"corridor","to_level_id":null,"vertical_connection_id":null,"building_id":"default","building_name":"Default"},"geometry":{"type":"LineString","coordinates":[[-79.380961572,43.654341983],[-79.380917775,43.654318798]]}},{"type":"Feature","properties":{"access_type":"public","from_level_id":null,"is_accessible":true,"level_id":-1,"network_type":"corridor","to_level_id":null,"vertical_connection_id":null,"building_id":"default","building_name":"Default"},"geometry":{"type":"LineString","coordinates":[[-79.380809529,43.654368918],[-79.380822253,43.654339846]]}},{"type":"Feature","properties":{"access_type":"public","from_level_id":null,"is_accessible":true,"level_id":-1,"network_type":"corridor","to_level_id":null,"vertical_connection_id":null,"building_id":"default","building_name":"Default"},"geometry":{"type":"LineString","coordinates":[[-79.380716867,43.653911574],[-79.380701689,43.653875515]]}},{"type":"Feature","properties":{"access_type":"public","from_level_id":null,"is_accessible":true,"level_id":-1,"network_type":"corridor","to_level_id":null,"vertical_connection_id":null,"building_id":"default","building_name":"Default"},"geometry":{"type":"LineString","coordinates":[[-79.380716867,43.653911574],[-79.38069763,43.653892827]]}},{"type":"Feature","properties":{"access_type":"public","from_level_id":null,"is_accessible":true,"level_id":-1,"network_type":"corridor","to_level_id":null,"vertical_connection_id":null,"building_id":"default","building_name":"Default"},"geometry":{"type":"LineString","coordinates":[[-79.380689673,43.653846969],[-79.380701689,43.653875515]]}},{"type":"Feature","properties":{"access_type":"public","from_level_id":null,"is_accessible":true,"level_id":-1,"network_type":"corridor","to_level_id":null,"vertical_connection_id":null,"building_id":"default","building_name":"Default"},"geometry":{"type":"LineString","coordinates":[[-79.380701689,43.653875515],[-79.38069763,43.653892827]]}},{"type":"Feature","properties":{"access_type":"public","from_level_id":null,"is_accessible":true,"level_id":-1,"network_type":"corridor","to_level_id":null,"vertical_connection_id":null,"building_id":"default","building_name":"Default"},"geometry":{"type":"LineString","coordinates":[[-79.380568954,43.653843195],[-79.380596181,43.65385936]]}},{"type":"Feature","properties":{"access_type":"public","from_level_id":null,"is_accessible":true,"level_id":-1,"network_type":"corridor","to_level_id":null,"vertical_connection_id":null,"building_id":"default","building_name":"Default"},"geometry":{"type":"LineString","coordinates":[[-79.380599183,43.653766758],[-79.380577049,43.653714173]]}},{"type":"Feature","properties":{"access_type":"public","from_level_id":null,"is_accessible":true,"level_id":-1,"network_type":"corridor","to_level_id":null,"vertical_connection_id":null,"building_id":"default","building_name":"Default"},"geometry":{"type":"LineString","coordinates":[[-79.380599183,43.653766758],[-79.380611727,43.653742651]]}},{"type":"Feature","properties":{"access_type":"public","from_level_id":null,"is_accessible":true,"level_id":1,"network_type":"corridor","to_level_id":null,"vertical_connection_id":null,"building_id":"default","building_name":"Default"},"geometry":{"type":"LineString","coordinates":[[-79.379571573,43.652956247],[-79.379643319,43.653123268]]}},{"type":"Feature","properties":{"access_type":"public","from_level_id":null,"is_accessible":true,"level_id":1,"network_type":"corridor","to_level_id":null,"vertical_connection_id":null,"building_id":"default","building_name":"Default"},"geometry":{"type":"LineString","coordinates":[[-79.379571573,43.652956247],[-79.379448047,43.652665604]]}},{"type":"Feature","properties":{"access_type":"public","from_level_id":null,"is_accessible":true,"level_id":1,"network_type":"corridor","to_level_id":null,"vertical_connection_id":null,"building_id":"default","building_name":"Default"},"geometry":{"type":"LineString","coordinates":[[-79.379643319,43.653123268],[-79.379919105,43.653781995]]}},{"type":"Feature","properties":{"access_type":"public","from_level_id":null,"is_accessible":true,"level_id":1,"network_type":"corridor","to_level_id":null,"vertical_connection_id":null,"building_id":"default","building_name":"Default"},"geometry":{"type":"LineString","coordinates":[[-79.379919105,43.653781995],[-79.37998114,43.653925938]]}},{"type":"Feature","properties":{"access_type":"public","from_level_id":null,"is_accessible":true,"level_id":1,"network_type":"corridor","to_level_id":null,"vertical_connection_id":null,"building_id":"default","building_name":"Default"},"geometry":{"type":"LineString","coordinates":[[-79.380741918,43.654689137],[-79.380675467,43.654703778]]}},{"type":"Feature","properties":{"access_type":"public","from_level_id":null,"is_accessible":true,"level_id":-1,"network_type":"corridor","to_level_id":null,"vertical_connection_id":null,"building_id":"default","building_name":"Default"},"geometry":{"type":"LineString","coordinates":[[-79.38053904,43.653764186],[-79.380545111,43.65377861]]}},{"type":"Feature","properties":{"access_type":"public","from_level_id":null,"is_accessible":true,"level_id":0,"network_type":"corridor","to_level_id":null,"vertical_connection_id":null,"building_id":"default","building_name":"Default"},"geometry":{"type":"LineString","coordinates":[[-79.380691816,43.653820144],[-79.380698457,43.653835919]]}},{"type":"Feature","properties":{"access_type":"public","from_level_id":null,"is_accessible":true,"level_id":1,"network_type":"corridor","to_level_id":null,"vertical_connection_id":null,"building_id":"default","building_name":"Default"},"geometry":{"type":"LineString","coordinates":[[-79.38039481,43.652495029],[-79.380354809,43.652480858]]}},{"type":"Feature","properties":{"access_type":"public","from_level_id":null,"is_accessible":true,"level_id":1,"network_type":"corridor","to_level_id":null,"vertical_connection_id":null,"building_id":"default","building_name":"Default"},"geometry":{"type":"LineString","coordinates":[[-79.38039481,43.652495029],[-79.380430025,43.652508613]]}},{"type":"Feature","properties":{"access_type":"public","from_level_id":null,"is_accessible":true,"level_id":1,"network_type":"corridor","to_level_id":null,"vertical_connection_id":null,"building_id":"default","building_name":"Default"},"geometry":{"type":"LineString","coordinates":[[-79.38039481,43.652495029],[-79.380436691,43.65243819]]}},{"type":"Feature","properties":{"access_type":"public","from_level_id":null,"is_accessible":true,"level_id":2,"network_type":"corridor","to_level_id":null,"vertical_connection_id":null,"building_id":"default","building_name":"Default"},"geometry":{"type":"LineString","coordinates":[[-79.380476858,43.652494529],[-79.3805048,43.652505709]]}},{"type":"Feature","properties":{"access_type":"public","from_level_id":null,"is_accessible":true,"level_id":2,"network_type":"corridor","to_level_id":null,"vertical_connection_id":null,"building_id":"default","building_name":"Default"},"geometry":{"type":"LineString","coordinates":[[-79.3805048,43.652505709],[-79.38054704,43.652522539]]}},{"type":"Feature","properties":{"access_type":"public","from_level_id":null,"is_accessible":true,"level_id":2,"network_type":"corridor","to_level_id":null,"vertical_connection_id":null,"building_id":"default","building_name":"Default"},"geometry":{"type":"LineString","coordinates":[[-79.3805048,43.652505709],[-79.380528567,43.652473153]]}},{"type":"Feature","properties":{"access_type":"public","from_level_id":null,"is_accessible":true,"level_id":2,"network_type":"corridor","to_level_id":null,"vertical_connection_id":null,"building_id":"default","building_name":"Default"},"geometry":{"type":"LineString","coordinates":[[-79.380542264,43.652454014],[-79.380528567,43.652473153]]}},{"type":"Feature","properties":{"access_type":"public","from_level_id":null,"is_accessible":true,"level_id":0,"network_type":"corridor","to_level_id":null,"vertical_connection_id":null,"building_id":"default","building_name":"Default"},"geometry":{"type":"LineString","coordinates":[[-79.380926034,43.654574657],[-79.380969123,43.654565162]]}},{"type":"Feature","properties":{"access_type":"public","from_level_id":null,"is_accessible":true,"level_id":0,"network_type":"corridor","to_level_id":null,"vertical_connection_id":null,"building_id":"default","building_name":"Default"},"geometry":{"type":"LineString","coordinates":[[-79.379990775,43.652677602],[-79.380018601,43.652743709]]}},{"type":"Feature","properties":{"access_type":"public","from_level_id":null,"is_accessible":true,"level_id":-1,"network_type":"corridor","to_level_id":null,"vertical_connection_id":null,"building_id":"default","building_name":"Default"},"geometry":{"type":"LineString","coordinates":[[-79.38056414,43.653684447],[-79.380567563,43.653691636]]}},{"type":"Feature","properties":{"access_type":"public","from_level_id":null,"is_accessible":true,"level_id":-1,"network_type":"corridor","to_level_id":null,"vertical_connection_id":null,"building_id":"default","building_name":"Default"},"geometry":{"type":"LineString","coordinates":[[-79.38056414,43.653684447],[-79.380574783,43.653681836]]}},{"type":"Feature","properties":{"access_type":"public","from_level_id":null,"is_accessible":true,"level_id":-1,"network_type":"corridor","to_level_id":null,"vertical_connection_id":null,"building_id":"default","building_name":"Default"},"geometry":{"type":"LineString","coordinates":[[-79.38056414,43.653684447],[-79.380547788,43.653687784]]}},{"type":"Feature","properties":{"access_type":"public","from_level_id":null,"is_accessible":true,"level_id":-1,"network_type":"corridor","to_level_id":null,"vertical_connection_id":null,"building_id":"default","building_name":"Default"},"geometry":{"type":"LineString","coordinates":[[-79.380512076,43.653605689],[-79.380547788,43.653687784]]}},{"type":"Feature","properties":{"access_type":"public","from_level_id":null,"is_accessible":true,"level_id":-1,"network_type":"corridor","to_level_id":null,"vertical_connection_id":null,"building_id":"default","building_name":"Default"},"geometry":{"type":"LineString","coordinates":[[-79.38085696,43.654481601],[-79.380865266,43.654479771]]}},{"type":"Feature","properties":{"access_type":"public","from_level_id":null,"is_accessible":true,"level_id":-1,"network_type":"corridor","to_level_id":null,"vertical_connection_id":null,"building_id":"default","building_name":"Default"},"geometry":{"type":"LineString","coordinates":[[-79.380670494,43.653693583],[-79.380655958,43.653696785]]}},{"type":"Feature","properties":{"access_type":"public","from_level_id":null,"is_accessible":true,"level_id":-1,"network_type":"corridor","to_level_id":null,"vertical_connection_id":null,"building_id":"default","building_name":"Default"},"geometry":{"type":"LineString","coordinates":[[-79.380655958,43.653696785],[-79.380637269,43.653700904]]}},{"type":"Feature","properties":{"access_type":"public","from_level_id":null,"is_accessible":true,"level_id":-1,"network_type":"corridor","to_level_id":null,"vertical_connection_id":null,"building_id":"default","building_name":"Default"},"geometry":{"type":"LineString","coordinates":[[-79.380637269,43.653700904],[-79.380611727,43.653742651]]}},{"type":"Feature","properties":{"access_type":"public","from_level_id":null,"is_accessible":true,"level_id":-1,"network_type":"corridor","to_level_id":null,"vertical_connection_id":null,"building_id":"default","building_name":"Default"},"geometry":{"type":"LineString","coordinates":[[-79.380637269,43.653700904],[-79.380603006,43.653708453]]}},{"type":"Feature","properties":{"access_type":"public","from_level_id":null,"is_accessible":true,"level_id":-1,"network_type":"corridor","to_level_id":null,"vertical_connection_id":null,"building_id":"default","building_name":"Default"},"geometry":{"type":"LineString","coordinates":[[-79.380597814,43.653709597],[-79.380611727,43.653742651]]}},{"type":"Feature","properties":{"access_type":"public","from_level_id":null,"is_accessible":true,"level_id":-1,"network_type":"corridor","to_level_id":null,"vertical_connection_id":null,"building_id":"default","building_name":"Default"},"geometry":{"type":"LineString","coordinates":[[-79.380597814,43.653709597],[-79.380587431,43.653711885]]}},{"type":"Feature","properties":{"access_type":"public","from_level_id":null,"is_accessible":true,"level_id":-1,"network_type":"corridor","to_level_id":null,"vertical_connection_id":null,"building_id":"default","building_name":"Default"},"geometry":{"type":"LineString","coordinates":[[-79.380597814,43.653709597],[-79.380603006,43.653708453]]}},{"type":"Feature","properties":{"access_type":"public","from_level_id":null,"is_accessible":true,"level_id":-1,"network_type":"corridor","to_level_id":null,"vertical_connection_id":null,"building_id":"default","building_name":"Default"},"geometry":{"type":"LineString","coordinates":[[-79.380597814,43.653709597],[-79.380589909,43.653690817]]}},{"type":"Feature","properties":{"access_type":"public","from_level_id":null,"is_accessible":true,"level_id":-1,"network_type":"corridor","to_level_id":null,"vertical_connection_id":null,"building_id":"default","building_name":"Default"},"geometry":{"type":"LineString","coordinates":[[-79.380577049,43.653714173],[-79.380567563,43.653691636]]}},{"type":"Feature","properties":{"access_type":"public","from_level_id":null,"is_accessible":true,"level_id":-1,"network_type":"corridor","to_level_id":null,"vertical_connection_id":null,"building_id":"default","building_name":"Default"},"geometry":{"type":"LineString","coordinates":[[-79.380577049,43.653714173],[-79.380587431,43.653711885]]}},{"type":"Feature","properties":{"access_type":"public","from_level_id":null,"is_accessible":true,"level_id":-1,"network_type":"corridor","to_level_id":null,"vertical_connection_id":null,"building_id":"default","building_name":"Default"},"geometry":{"type":"LineString","coordinates":[[-79.380585166,43.653679548],[-79.380588328,43.65368706]]}},{"type":"Feature","properties":{"access_type":"public","from_level_id":null,"is_accessible":true,"level_id":-1,"network_type":"corridor","to_level_id":null,"vertical_connection_id":null,"building_id":"default","building_name":"Default"},"geometry":{"type":"LineString","coordinates":[[-79.380585166,43.653679548],[-79.380574783,43.653681836]]}},{"type":"Feature","properties":{"access_type":"public","from_level_id":null,"is_accessible":true,"level_id":-1,"network_type":"corridor","to_level_id":null,"vertical_connection_id":null,"building_id":"default","building_name":"Default"},"geometry":{"type":"LineString","coordinates":[[-79.380585166,43.653679548],[-79.380590358,43.653678404]]}},{"type":"Feature","properties":{"access_type":"public","from_level_id":null,"is_accessible":true,"level_id":0,"network_type":"corridor","to_level_id":null,"vertical_connection_id":null,"building_id":"default","building_name":"Default"},"geometry":{"type":"LineString","coordinates":[[-79.381547237,43.651896501],[-79.37997456,43.652235499]]}},{"type":"Feature","properties":{"access_type":"public","from_level_id":null,"is_accessible":true,"level_id":0,"network_type":"corridor","to_level_id":null,"vertical_connection_id":null,"building_id":"default","building_name":"Default"},"geometry":{"type":"LineString","coordinates":[[-79.380919037,43.657028119],[-79.380611082,43.656296545]]}},{"type":"Feature","properties":{"access_type":"public","from_level_id":null,"is_accessible":true,"level_id":0,"network_type":"corridor","to_level_id":null,"vertical_connection_id":null,"building_id":"default","building_name":"Default"},"geometry":{"type":"LineString","coordinates":[[-79.37997456,43.652235499],[-79.380028866,43.65236055]]}},{"type":"Feature","properties":{"access_type":"public","from_level_id":null,"is_accessible":true,"level_id":1,"network_type":"corridor","to_level_id":null,"vertical_connection_id":null,"building_id":"default","building_name":"Default"},"geometry":{"type":"LineString","coordinates":[[-79.380572135,43.652490436],[-79.380539629,43.652477897]]}},{"type":"Feature","properties":{"access_type":"public","from_level_id":null,"is_accessible":true,"level_id":1,"network_type":"corridor","to_level_id":null,"vertical_connection_id":null,"building_id":"default","building_name":"Default"},"geometry":{"type":"LineString","coordinates":[[-79.380572135,43.652490436],[-79.380596515,43.65249984]]}},{"type":"Feature","properties":{"access_type":"public","from_level_id":null,"is_accessible":true,"level_id":1,"network_type":"corridor","to_level_id":null,"vertical_connection_id":null,"building_id":"default","building_name":"Default"},"geometry":{"type":"LineString","coordinates":[[-79.380606624,43.652486121],[-79.380596515,43.65249984]]}},{"type":"Feature","properties":{"access_type":"public","from_level_id":null,"is_accessible":true,"level_id":-1,"network_type":"corridor","to_level_id":null,"vertical_connection_id":null,"building_id":"default","building_name":"Default"},"geometry":{"type":"LineString","coordinates":[[-79.380577945,43.653689348],[-79.380588328,43.65368706]]}},{"type":"Feature","properties":{"access_type":"public","from_level_id":null,"is_accessible":true,"level_id":-1,"network_type":"corridor","to_level_id":null,"vertical_connection_id":null,"building_id":"default","building_name":"Default"},"geometry":{"type":"LineString","coordinates":[[-79.380577945,43.653689348],[-79.380567563,43.653691636]]}},{"type":"Feature","properties":{"access_type":"public","from_level_id":null,"is_accessible":true,"level_id":-1,"network_type":"corridor","to_level_id":null,"vertical_connection_id":null,"building_id":"default","building_name":"Default"},"geometry":{"type":"LineString","coordinates":[[-79.380577945,43.653689348],[-79.380587431,43.653711885]]}},{"type":"Feature","properties":{"access_type":"public","from_level_id":null,"is_accessible":true,"level_id":-1,"network_type":"corridor","to_level_id":null,"vertical_connection_id":null,"building_id":"default","building_name":"Default"},"geometry":{"type":"LineString","coordinates":[[-79.380577945,43.653689348],[-79.380574783,43.653681836]]}},{"type":"Feature","properties":{"access_type":"public","from_level_id":null,"is_accessible":true,"level_id":-1,"network_type":"corridor","to_level_id":null,"vertical_connection_id":null,"building_id":"default","building_name":"Default"},"geometry":{"type":"LineString","coordinates":[[-79.380588328,43.65368706],[-79.380589909,43.653690817]]}},{"type":"Feature","properties":{"access_type":"public","from_level_id":null,"is_accessible":true,"level_id":0,"network_type":"corridor","to_level_id":null,"vertical_connection_id":null,"building_id":"default","building_name":"Default"},"geometry":{"type":"LineString","coordinates":[[-79.38041879,43.65352732],[-79.380414995,43.653518305]]}},{"type":"Feature","properties":{"access_type":"public","from_level_id":null,"is_accessible":true,"level_id":1,"network_type":"corridor","to_level_id":null,"vertical_connection_id":null,"building_id":"default","building_name":"Default"},"geometry":{"type":"LineString","coordinates":[[-79.380621827,43.656301558],[-79.380925379,43.657022736]]}},{"type":"Feature","properties":{"access_type":"public","from_level_id":null,"is_accessible":true,"level_id":-1,"network_type":"corridor","to_level_id":null,"vertical_connection_id":null,"building_id":"default","building_name":"Default"},"geometry":{"type":"LineString","coordinates":[[-79.380576013,43.65317261],[-79.380463879,43.653197318]]}},{"type":"Feature","properties":{"access_type":"public","from_level_id":null,"is_accessible":true,"level_id":1,"network_type":"corridor","to_level_id":null,"vertical_connection_id":null,"building_id":"default","building_name":"Default"},"geometry":{"type":"LineString","coordinates":[[-79.380487544,43.652532059],[-79.380460455,43.65252161]]}},{"type":"Feature","properties":{"access_type":"public","from_level_id":null,"is_accessible":true,"level_id":1,"network_type":"corridor","to_level_id":null,"vertical_connection_id":null,"building_id":"default","building_name":"Default"},"geometry":{"type":"LineString","coordinates":[[-79.380487544,43.652532059],[-79.38049838,43.652536239]]}},{"type":"Feature","properties":{"access_type":"public","from_level_id":null,"is_accessible":true,"level_id":1,"network_type":"corridor","to_level_id":null,"vertical_connection_id":null,"building_id":"default","building_name":"Default"},"geometry":{"type":"LineString","coordinates":[[-79.380530886,43.652548778],[-79.38049838,43.652536239]]}},{"type":"Feature","properties":{"access_type":"public","from_level_id":null,"is_accessible":true,"level_id":1,"network_type":"corridor","to_level_id":null,"vertical_connection_id":null,"building_id":"default","building_name":"Default"},"geometry":{"type":"LineString","coordinates":[[-79.380645275,43.652518649],[-79.380604026,43.652576991]]}},{"type":"Feature","properties":{"access_type":"public","from_level_id":null,"is_accessible":true,"level_id":1,"network_type":"corridor","to_level_id":null,"vertical_connection_id":null,"building_id":"default","building_name":"Default"},"geometry":{"type":"LineString","coordinates":[[-79.380645275,43.652518649],[-79.380596515,43.65249984]]}},{"type":"Feature","properties":{"access_type":"public","from_level_id":null,"is_accessible":true,"level_id":1,"network_type":"corridor","to_level_id":null,"vertical_connection_id":null,"building_id":"default","building_name":"Default"},"geometry":{"type":"LineString","coordinates":[[-79.380604026,43.652576991],[-79.380560684,43.652560272]]}},{"type":"Feature","properties":{"access_type":"public","from_level_id":null,"is_accessible":true,"level_id":1,"network_type":"corridor","to_level_id":null,"vertical_connection_id":null,"building_id":"default","building_name":"Default"},"geometry":{"type":"LineString","coordinates":[[-79.380604026,43.652576991],[-79.380588963,43.652597056]]}},{"type":"Feature","properties":{"access_type":"public","from_level_id":null,"is_accessible":true,"level_id":1,"network_type":"corridor","to_level_id":null,"vertical_connection_id":null,"building_id":"default","building_name":"Default"},"geometry":{"type":"LineString","coordinates":[[-79.380539629,43.652477897],[-79.38049838,43.652536239]]}},{"type":"Feature","properties":{"access_type":"public","from_level_id":null,"is_accessible":true,"level_id":-1,"network_type":"corridor","to_level_id":null,"vertical_connection_id":null,"building_id":"default","building_name":"Default"},"geometry":{"type":"LineString","coordinates":[[-79.379954126,43.652519938],[-79.379963423,43.65250968]]}},{"type":"Feature","properties":{"access_type":"public","from_level_id":null,"is_accessible":true,"level_id":-1,"network_type":"corridor","to_level_id":null,"vertical_connection_id":null,"building_id":"default","building_name":"Default"},"geometry":{"type":"LineString","coordinates":[[-79.380017175,43.652637388],[-79.380058706,43.652628238]]}},{"type":"Feature","properties":{"access_type":"public","from_level_id":null,"is_accessible":true,"level_id":-1,"network_type":"corridor","to_level_id":null,"vertical_connection_id":null,"building_id":"default","building_name":"Default"},"geometry":{"type":"LineString","coordinates":[[-79.379980497,43.652550246],[-79.380063559,43.652531944]]}},{"type":"Feature","properties":{"access_type":"public","from_level_id":null,"is_accessible":true,"level_id":-1,"network_type":"corridor","to_level_id":null,"vertical_connection_id":null,"building_id":"default","building_name":"Default"},"geometry":{"type":"LineString","coordinates":[[-79.380048382,43.652495886],[-79.380063559,43.652531944]]}},{"type":"Feature","properties":{"access_type":"public","from_level_id":null,"is_accessible":true,"level_id":-1,"network_type":"corridor","to_level_id":null,"vertical_connection_id":null,"building_id":"default","building_name":"Default"},"geometry":{"type":"LineString","coordinates":[[-79.380399539,43.65260239],[-79.380415425,43.65258083]]}},{"type":"Feature","properties":{"access_type":"public","from_level_id":null,"is_accessible":true,"level_id":-1,"network_type":"corridor","to_level_id":null,"vertical_connection_id":null,"building_id":"default","building_name":"Default"},"geometry":{"type":"LineString","coordinates":[[-79.380399539,43.65260239],[-79.380372544,43.652608339]]}},{"type":"Feature","properties":{"access_type":"public","from_level_id":null,"is_accessible":true,"level_id":-1,"network_type":"corridor","to_level_id":null,"vertical_connection_id":null,"building_id":"default","building_name":"Default"},"geometry":{"type":"LineString","coordinates":[[-79.380483932,43.652490213],[-79.380475711,43.652470681]]}},{"type":"Feature","properties":{"access_type":"public","from_level_id":null,"is_accessible":true,"level_id":-1,"network_type":"corridor","to_level_id":null,"vertical_connection_id":null,"building_id":"default","building_name":"Default"},"geometry":{"type":"LineString","coordinates":[[-79.380483932,43.652490213],[-79.380475267,43.652501973]]}},{"type":"Feature","properties":{"access_type":"public","from_level_id":null,"is_accessible":true,"level_id":-1,"network_type":"corridor","to_level_id":null,"vertical_connection_id":null,"building_id":"default","building_name":"Default"},"geometry":{"type":"LineString","coordinates":[[-79.380469387,43.652455657],[-79.380446361,43.652446775]]}},{"type":"Feature","properties":{"access_type":"public","from_level_id":null,"is_accessible":true,"level_id":-1,"network_type":"corridor","to_level_id":null,"vertical_connection_id":null,"building_id":"default","building_name":"Default"},"geometry":{"type":"LineString","coordinates":[[-79.380469387,43.652455657],[-79.380475711,43.652470681]]}},{"type":"Feature","properties":{"access_type":"public","from_level_id":null,"is_accessible":true,"level_id":-1,"network_type":"corridor","to_level_id":null,"vertical_connection_id":null,"building_id":"default","building_name":"Default"},"geometry":{"type":"LineString","coordinates":[[-79.380415841,43.652436261],[-79.380341086,43.652452733]]}},{"type":"Feature","properties":{"access_type":"public","from_level_id":null,"is_accessible":true,"level_id":-1,"network_type":"corridor","to_level_id":null,"vertical_connection_id":null,"building_id":"default","building_name":"Default"},"geometry":{"type":"LineString","coordinates":[[-79.380415841,43.652436261],[-79.380446361,43.652446775]]}},{"type":"Feature","properties":{"access_type":"public","from_level_id":null,"is_accessible":true,"level_id":-1,"network_type":"corridor","to_level_id":null,"vertical_connection_id":null,"building_id":"default","building_name":"Default"},"geometry":{"type":"LineString","coordinates":[[-79.380415841,43.652436261],[-79.380426849,43.652407156]]}},{"type":"Feature","properties":{"access_type":"public","from_level_id":null,"is_accessible":true,"level_id":-1,"network_type":"corridor","to_level_id":null,"vertical_connection_id":null,"building_id":"default","building_name":"Default"},"geometry":{"type":"LineString","coordinates":[[-79.380220648,43.652479271],[-79.380201677,43.652434198]]}},{"type":"Feature","properties":{"access_type":"public","from_level_id":null,"is_accessible":true,"level_id":-1,"network_type":"corridor","to_level_id":null,"vertical_connection_id":null,"building_id":"default","building_name":"Default"},"geometry":{"type":"LineString","coordinates":[[-79.380220648,43.652479271],[-79.380268408,43.652468747]]}},{"type":"Feature","properties":{"access_type":"public","from_level_id":null,"is_accessible":true,"level_id":-1,"network_type":"corridor","to_level_id":null,"vertical_connection_id":null,"building_id":"default","building_name":"Default"},"geometry":{"type":"LineString","coordinates":[[-79.380201677,43.652434198],[-79.380155993,43.652444264]]}},{"type":"Feature","properties":{"access_type":"public","from_level_id":null,"is_accessible":true,"level_id":-1,"network_type":"corridor","to_level_id":null,"vertical_connection_id":null,"building_id":"default","building_name":"Default"},"geometry":{"type":"LineString","coordinates":[[-79.380072932,43.652462566],[-79.380106156,43.652455245]]}},{"type":"Feature","properties":{"access_type":"public","from_level_id":null,"is_accessible":true,"level_id":-1,"network_type":"corridor","to_level_id":null,"vertical_connection_id":null,"building_id":"default","building_name":"Default"},"geometry":{"type":"LineString","coordinates":[[-79.380155993,43.652444264],[-79.38017117,43.652480323]]}},{"type":"Feature","properties":{"access_type":"public","from_level_id":null,"is_accessible":true,"level_id":-1,"network_type":"corridor","to_level_id":null,"vertical_connection_id":null,"building_id":"default","building_name":"Default"},"geometry":{"type":"LineString","coordinates":[[-79.380155993,43.652444264],[-79.380106156,43.652455245]]}},{"type":"Feature","properties":{"access_type":"public","from_level_id":null,"is_accessible":true,"level_id":-1,"network_type":"corridor","to_level_id":null,"vertical_connection_id":null,"building_id":"default","building_name":"Default"},"geometry":{"type":"LineString","coordinates":[[-79.380106156,43.652455245],[-79.380120069,43.652488299]]}},{"type":"Feature","properties":{"access_type":"public","from_level_id":null,"is_accessible":true,"level_id":-1,"network_type":"corridor","to_level_id":null,"vertical_connection_id":null,"building_id":"default","building_name":"Default"},"geometry":{"type":"LineString","coordinates":[[-79.380328439,43.652422684],[-79.380341086,43.652452733]]}},{"type":"Feature","properties":{"access_type":"public","from_level_id":null,"is_accessible":true,"level_id":-1,"network_type":"corridor","to_level_id":null,"vertical_connection_id":null,"building_id":"default","building_name":"Default"},"geometry":{"type":"LineString","coordinates":[[-79.380341086,43.652452733],[-79.380268408,43.652468747]]}},{"type":"Feature","properties":{"access_type":"public","from_level_id":null,"is_accessible":true,"level_id":-1,"network_type":"corridor","to_level_id":null,"vertical_connection_id":null,"building_id":"default","building_name":"Default"},"geometry":{"type":"LineString","coordinates":[[-79.380268408,43.652468747],[-79.380257025,43.652441703]]}},{"type":"Feature","properties":{"access_type":"public","from_level_id":null,"is_accessible":true,"level_id":-1,"network_type":"corridor","to_level_id":null,"vertical_connection_id":null,"building_id":"default","building_name":"Default"},"geometry":{"type":"LineString","coordinates":[[-79.380133999,43.652596871],[-79.380282877,43.652562425]]}},{"type":"Feature","properties":{"access_type":"public","from_level_id":null,"is_accessible":true,"level_id":-1,"network_type":"corridor","to_level_id":null,"vertical_connection_id":null,"building_id":"default","building_name":"Default"},"geometry":{"type":"LineString","coordinates":[[-79.380457937,43.652525493],[-79.380354923,43.652544908]]}},{"type":"Feature","properties":{"access_type":"public","from_level_id":null,"is_accessible":true,"level_id":-1,"network_type":"corridor","to_level_id":null,"vertical_connection_id":null,"building_id":"default","building_name":"Default"},"geometry":{"type":"LineString","coordinates":[[-79.380457937,43.652525493],[-79.380457937,43.652525493]]}},{"type":"Feature","properties":{"access_type":"public","from_level_id":null,"is_accessible":true,"level_id":-1,"network_type":"corridor","to_level_id":null,"vertical_connection_id":null,"building_id":"default","building_name":"Default"},"geometry":{"type":"LineString","coordinates":[[-79.380457937,43.652525493],[-79.380437719,43.652552933]]}},{"type":"Feature","properties":{"access_type":"public","from_level_id":null,"is_accessible":true,"level_id":-1,"network_type":"corridor","to_level_id":null,"vertical_connection_id":null,"building_id":"default","building_name":"Default"},"geometry":{"type":"LineString","coordinates":[[-79.380348858,43.652525422],[-79.380354923,43.652544908]]}},{"type":"Feature","properties":{"access_type":"public","from_level_id":null,"is_accessible":true,"level_id":-1,"network_type":"corridor","to_level_id":null,"vertical_connection_id":null,"building_id":"default","building_name":"Default"},"geometry":{"type":"LineString","coordinates":[[-79.380354923,43.652544908],[-79.380282877,43.652562425]]}},{"type":"Feature","properties":{"access_type":"public","from_level_id":null,"is_accessible":true,"level_id":-1,"network_type":"corridor","to_level_id":null,"vertical_connection_id":null,"building_id":"default","building_name":"Default"},"geometry":{"type":"LineString","coordinates":[[-79.380274619,43.65253984],[-79.380282877,43.652562425]]}},{"type":"Feature","properties":{"access_type":"public","from_level_id":null,"is_accessible":true,"level_id":-1,"network_type":"corridor","to_level_id":null,"vertical_connection_id":null,"building_id":"default","building_name":"Default"},"geometry":{"type":"LineString","coordinates":[[-79.38046378,43.652420772],[-79.380446361,43.652446775]]}},{"type":"Feature","properties":{"access_type":"public","from_level_id":null,"is_accessible":true,"level_id":-1,"network_type":"corridor","to_level_id":null,"vertical_connection_id":null,"building_id":"default","building_name":"Default"},"geometry":{"type":"LineString","coordinates":[[-79.380475711,43.652470681],[-79.380526179,43.652461202]]}},{"type":"Feature","properties":{"access_type":"public","from_level_id":null,"is_accessible":true,"level_id":-1,"network_type":"corridor","to_level_id":null,"vertical_connection_id":null,"building_id":"default","building_name":"Default"},"geometry":{"type":"LineString","coordinates":[[-79.380475267,43.652501973],[-79.380513461,43.652509154]]}},{"type":"Feature","properties":{"access_type":"public","from_level_id":null,"is_accessible":true,"level_id":-1,"network_type":"corridor","to_level_id":null,"vertical_connection_id":null,"building_id":"default","building_name":"Default"},"geometry":{"type":"LineString","coordinates":[[-79.380475267,43.652501973],[-79.380457937,43.652525493]]}},{"type":"Feature","properties":{"access_type":"public","from_level_id":null,"is_accessible":true,"level_id":-1,"network_type":"corridor","to_level_id":null,"vertical_connection_id":null,"building_id":"default","building_name":"Default"},"geometry":{"type":"LineString","coordinates":[[-79.380457937,43.652525493],[-79.380491888,43.652536072]]}},{"type":"Feature","properties":{"access_type":"public","from_level_id":null,"is_accessible":true,"level_id":-1,"network_type":"corridor","to_level_id":null,"vertical_connection_id":null,"building_id":"default","building_name":"Default"},"geometry":{"type":"LineString","coordinates":[[-79.380437719,43.652552933],[-79.380469583,43.652566062]]}},{"type":"Feature","properties":{"access_type":"public","from_level_id":null,"is_accessible":true,"level_id":-1,"network_type":"corridor","to_level_id":null,"vertical_connection_id":null,"building_id":"default","building_name":"Default"},"geometry":{"type":"LineString","coordinates":[[-79.380437719,43.652552933],[-79.380415425,43.65258083]]}},{"type":"Feature","properties":{"access_type":"public","from_level_id":null,"is_accessible":true,"level_id":-1,"network_type":"corridor","to_level_id":null,"vertical_connection_id":null,"building_id":"default","building_name":"Default"},"geometry":{"type":"LineString","coordinates":[[-79.380447752,43.652598334],[-79.380415425,43.65258083]]}},{"type":"Feature","properties":{"access_type":"public","from_level_id":null,"is_accessible":true,"level_id":1,"network_type":"corridor","to_level_id":null,"vertical_connection_id":null,"building_id":"default","building_name":"Default"},"geometry":{"type":"LineString","coordinates":[[-79.381121348,43.6547927],[-79.381049256,43.654621421]]}},{"type":"Feature","properties":{"access_type":"public","from_level_id":null,"is_accessible":true,"level_id":1,"network_type":"corridor","to_level_id":null,"vertical_connection_id":null,"building_id":"default","building_name":"Default"},"geometry":{"type":"LineString","coordinates":[[-79.381049256,43.654621421],[-79.380964559,43.654608888]]}},{"type":"Feature","properties":{"access_type":"public","from_level_id":null,"is_accessible":true,"level_id":1,"network_type":"corridor","to_level_id":null,"vertical_connection_id":null,"building_id":"default","building_name":"Default"},"geometry":{"type":"LineString","coordinates":[[-79.381049256,43.654621421],[-79.38106839,43.654586011]]}},{"type":"Feature","properties":{"access_type":"public","from_level_id":null,"is_accessible":true,"level_id":1,"network_type":"corridor","to_level_id":null,"vertical_connection_id":null,"building_id":"default","building_name":"Default"},"geometry":{"type":"LineString","coordinates":[[-79.380964559,43.654608888],[-79.380964192,43.654581059]]}},{"type":"Feature","properties":{"access_type":"public","from_level_id":null,"is_accessible":true,"level_id":1,"network_type":"corridor","to_level_id":null,"vertical_connection_id":null,"building_id":"default","building_name":"Default"},"geometry":{"type":"LineString","coordinates":[[-79.380728587,43.654829984],[-79.380675467,43.654703778]]}},{"type":"Feature","properties":{"access_type":"public","from_level_id":null,"is_accessible":true,"level_id":1,"network_type":"corridor","to_level_id":null,"vertical_connection_id":null,"building_id":"default","building_name":"Default"},"geometry":{"type":"LineString","coordinates":[[-79.381071579,43.655105755],[-79.380884392,43.654661029]]}},{"type":"Feature","properties":{"access_type":"public","from_level_id":null,"is_accessible":true,"level_id":2,"network_type":"corridor","to_level_id":null,"vertical_connection_id":null,"building_id":"default","building_name":"Default"},"geometry":{"type":"LineString","coordinates":[[-79.380579309,43.6525371],[-79.380606918,43.652548354]]}},{"type":"Feature","properties":{"access_type":"public","from_level_id":null,"is_accessible":true,"level_id":2,"network_type":"corridor","to_level_id":null,"vertical_connection_id":null,"building_id":"default","building_name":"Default"},"geometry":{"type":"LineString","coordinates":[[-79.380606918,43.652548354],[-79.380630544,43.652514778]]}},{"type":"Feature","properties":{"access_type":"public","from_level_id":null,"is_accessible":true,"level_id":2,"network_type":"corridor","to_level_id":null,"vertical_connection_id":null,"building_id":"default","building_name":"Default"},"geometry":{"type":"LineString","coordinates":[[-79.380630544,43.652514778],[-79.380528567,43.652473153]]}},{"type":"Feature","properties":{"access_type":"public","from_level_id":null,"is_accessible":true,"level_id":-1,"network_type":"corridor","to_level_id":null,"vertical_connection_id":null,"building_id":"default","building_name":"Default"},"geometry":{"type":"LineString","coordinates":[[-79.380216327,43.65364944],[-79.380233035,43.653686116]]}},{"type":"Feature","properties":{"access_type":"public","from_level_id":null,"is_accessible":true,"level_id":0,"network_type":"corridor","to_level_id":null,"vertical_connection_id":null,"building_id":"default","building_name":"Default"},"geometry":{"type":"LineString","coordinates":[[-79.382341825,43.65580367],[-79.382358829,43.655843626]]}},{"type":"Feature","properties":{"access_type":"public","from_level_id":null,"is_accessible":true,"level_id":1,"network_type":"corridor","to_level_id":null,"vertical_connection_id":null,"building_id":"default","building_name":"Default"},"geometry":{"type":"LineString","coordinates":[[-79.379510307,43.652651361],[-79.379448047,43.652665604]]}},{"type":"Feature","properties":{"access_type":"public","from_level_id":null,"is_accessible":true,"level_id":2,"network_type":"corridor","to_level_id":null,"vertical_connection_id":null,"building_id":"default","building_name":"Default"},"geometry":{"type":"LineString","coordinates":[[-79.379758088,43.652629001],[-79.379826426,43.652787053]]}},{"type":"Feature","properties":{"access_type":"public","from_level_id":null,"is_accessible":true,"level_id":1,"network_type":"corridor","to_level_id":null,"vertical_connection_id":null,"building_id":"default","building_name":"Default"},"geometry":{"type":"LineString","coordinates":[[-79.38061919,43.652609311],[-79.380588963,43.652597056]]}},{"type":"Feature","properties":{"access_type":"public","from_level_id":null,"is_accessible":true,"level_id":1,"network_type":"corridor","to_level_id":null,"vertical_connection_id":null,"building_id":"default","building_name":"Default"},"geometry":{"type":"LineString","coordinates":[[-79.38061919,43.652609311],[-79.380631321,43.652592847]]}},{"type":"Feature","properties":{"access_type":"public","from_level_id":null,"is_accessible":true,"level_id":-1,"network_type":"corridor","to_level_id":null,"vertical_connection_id":null,"building_id":"default","building_name":"Default"},"geometry":{"type":"LineString","coordinates":[[-79.380595101,43.653689673],[-79.380590358,43.653678404]]}},{"type":"Feature","properties":{"access_type":"public","from_level_id":null,"is_accessible":true,"level_id":-1,"network_type":"corridor","to_level_id":null,"vertical_connection_id":null,"building_id":"default","building_name":"Default"},"geometry":{"type":"LineString","coordinates":[[-79.380595101,43.653689673],[-79.380589909,43.653690817]]}},{"type":"Feature","properties":{"access_type":"public","from_level_id":null,"is_accessible":true,"level_id":-1,"network_type":"corridor","to_level_id":null,"vertical_connection_id":null,"building_id":"default","building_name":"Default"},"geometry":{"type":"LineString","coordinates":[[-79.380595101,43.653689673],[-79.380603006,43.653708453]]}},{"type":"Feature","properties":{"access_type":"public","from_level_id":null,"is_accessible":true,"level_id":0,"network_type":"corridor","to_level_id":null,"vertical_connection_id":null,"building_id":"default","building_name":"Default"},"geometry":{"type":"LineString","coordinates":[[-79.380968491,43.654563659],[-79.380969123,43.654565162]]}},{"type":"Feature","properties":{"access_type":"public","from_level_id":null,"is_accessible":true,"level_id":1,"network_type":"corridor","to_level_id":null,"vertical_connection_id":null,"building_id":"default","building_name":"Default"},"geometry":{"type":"LineString","coordinates":[[-79.380492704,43.653415022],[-79.380491755,43.653412769]]}},{"type":"Feature","properties":{"access_type":"public","from_level_id":null,"is_accessible":true,"level_id":1,"network_type":"corridor","to_level_id":null,"vertical_connection_id":null,"building_id":"default","building_name":"Default"},"geometry":{"type":"LineString","coordinates":[[-79.380964192,43.654581059],[-79.380962295,43.654576552]]}},{"type":"Feature","properties":{"access_type":"public","from_level_id":null,"is_accessible":true,"level_id":-1,"network_type":"corridor","to_level_id":null,"vertical_connection_id":null,"building_id":"default","building_name":"Default"},"geometry":{"type":"LineString","coordinates":[[-79.380385824,43.65263989],[-79.380372544,43.652608339]]}},{"type":"Feature","properties":{"access_type":"public","from_level_id":null,"is_accessible":true,"level_id":1,"network_type":"corridor","to_level_id":null,"vertical_connection_id":null,"building_id":"default","building_name":"Default"},"geometry":{"type":"LineString","coordinates":[[-79.380024177,43.653781757],[-79.380049472,43.653841855]]}},{"type":"Feature","properties":{"access_type":"public","from_level_id":null,"is_accessible":true,"level_id":1,"network_type":"corridor","to_level_id":null,"vertical_connection_id":null,"building_id":"default","building_name":"Default"},"geometry":{"type":"LineString","coordinates":[[-79.380061486,43.653870402],[-79.380049472,43.653841855]]}},{"type":"Feature","properties":{"access_type":"public","from_level_id":null,"is_accessible":true,"level_id":1,"network_type":"corridor","to_level_id":null,"vertical_connection_id":null,"building_id":"default","building_name":"Default"},"geometry":{"type":"LineString","coordinates":[[-79.380049472,43.653841855],[-79.38001417,43.653849633]]}},{"type":"Feature","properties":{"access_type":"public","from_level_id":null,"is_accessible":true,"level_id":1,"network_type":"corridor","to_level_id":null,"vertical_connection_id":null,"building_id":"default","building_name":"Default"},"geometry":{"type":"LineString","coordinates":[[-79.38001417,43.653849633],[-79.380069184,43.653980347]]}},{"type":"Feature","properties":{"access_type":"public","from_level_id":null,"is_accessible":true,"level_id":1,"network_type":"corridor","to_level_id":null,"vertical_connection_id":null,"building_id":"default","building_name":"Default"},"geometry":{"type":"LineString","coordinates":[[-79.380113133,43.654084768],[-79.380135659,43.654078984]]}},{"type":"Feature","properties":{"access_type":"public","from_level_id":null,"is_accessible":true,"level_id":1,"network_type":"corridor","to_level_id":null,"vertical_connection_id":null,"building_id":"default","building_name":"Default"},"geometry":{"type":"LineString","coordinates":[[-79.380113133,43.654084768],[-79.380069184,43.653980347]]}},{"type":"Feature","properties":{"access_type":"public","from_level_id":null,"is_accessible":true,"level_id":1,"network_type":"corridor","to_level_id":null,"vertical_connection_id":null,"building_id":"default","building_name":"Default"},"geometry":{"type":"LineString","coordinates":[[-79.380069184,43.653980347],[-79.380092027,43.653975314]]}},{"type":"Feature","properties":{"access_type":"public","from_level_id":-2,"is_accessible":false,"level_id":null,"network_type":"escalator","to_level_id":-1,"vertical_connection_id":"c_55f19c86ff7597295c000000","cost":60,"name":"Escalator 1","building_id":"default","building_name":"Default"},"geometry":{"type":"LineString","coordinates":[[-79.380783853,43.654622296],[-79.380831849,43.65455617]]}},{"type":"Feature","properties":{"access_type":"public","from_level_id":-1,"is_accessible":true,"level_id":null,"network_type":"elevator","to_level_id":-1,"vertical_connection_id":"c_55f19f35ff7597295c000007","cost":45,"name":"Elevator 1","active":true,"building_id":"default","building_name":"Default"},"geometry":{"type":"LineString","coordinates":[[-79.380065821,43.652660885],[-79.380065821,43.652660985]]}},{"type":"Feature","properties":{"access_type":"public","from_level_id":0,"is_accessible":true,"level_id":null,"network_type":"elevator","to_level_id":0,"vertical_connection_id":"c_55f19f35ff7597295c000007","cost":45,"name":"Elevator 1","active":true,"building_id":"default","building_name":"Default"},"geometry":{"type":"LineString","coordinates":[[-79.380064063,43.652660664],[-79.380064063,43.652660764]]}},{"type":"Feature","properties":{"access_type":"public","from_level_id":1,"is_accessible":true,"level_id":null,"network_type":"elevator","to_level_id":1,"vertical_connection_id":"c_55f19f35ff7597295c000007","cost":45,"name":"Elevator 1","active":true,"building_id":"default","building_name":"Default"},"geometry":{"type":"LineString","coordinates":[[-79.38006587,43.652659774],[-79.38006587,43.652659874]]}},{"type":"Feature","properties":{"access_type":"public","from_level_id":-1,"is_accessible":true,"level_id":null,"network_type":"elevator","to_level_id":0,"vertical_connection_id":"c_55f19f35ff7597295c000007","cost":15,"name":"Elevator 1","active":true,"building_id":"default","building_name":"Default"},"geometry":{"type":"LineString","coordinates":[[-79.380065821,43.652660985],[-79.380064063,43.652660764]]}},{"type":"Feature","properties":{"access_type":"public","from_level_id":0,"is_accessible":true,"level_id":null,"network_type":"elevator","to_level_id":1,"vertical_connection_id":"c_55f19f35ff7597295c000007","cost":15,"name":"Elevator 1","active":true,"building_id":"default","building_name":"Default"},"geometry":{"type":"LineString","coordinates":[[-79.380064063,43.652660764],[-79.38006587,43.652659874]]}},{"type":"Feature","properties":{"access_type":"public","from_level_id":-1,"is_accessible":true,"level_id":null,"network_type":"elevator","to_level_id":-1,"vertical_connection_id":"c_55f19f67ff7597295c000008","cost":45,"name":"Elevator 2","building_id":"default","building_name":"Default"},"geometry":{"type":"LineString","coordinates":[[-79.380449888,43.65358458],[-79.380449888,43.65358468]]}},{"type":"Feature","properties":{"access_type":"public","from_level_id":0,"is_accessible":true,"level_id":null,"network_type":"elevator","to_level_id":0,"vertical_connection_id":"c_55f19f67ff7597295c000008","cost":45,"name":"Elevator 2","building_id":"default","building_name":"Default"},"geometry":{"type":"LineString","coordinates":[[-79.380446722,43.653581386],[-79.380446722,43.653581486]]}},{"type":"Feature","properties":{"access_type":"public","from_level_id":1,"is_accessible":true,"level_id":null,"network_type":"elevator","to_level_id":1,"vertical_connection_id":"c_55f19f67ff7597295c000008","cost":45,"name":"Elevator 2","building_id":"default","building_name":"Default"},"geometry":{"type":"LineString","coordinates":[[-79.380426736,43.653534861],[-79.380426736,43.653534961]]}},{"type":"Feature","properties":{"access_type":"public","from_level_id":2,"is_accessible":true,"level_id":null,"network_type":"elevator","to_level_id":2,"vertical_connection_id":"c_55f19f67ff7597295c000008","cost":45,"name":"Elevator 2","building_id":"default","building_name":"Default"},"geometry":{"type":"LineString","coordinates":[[-79.380432685,43.653536626],[-79.380432685,43.653536726]]}},{"type":"Feature","properties":{"access_type":"public","from_level_id":-1,"is_accessible":true,"level_id":null,"network_type":"elevator","to_level_id":0,"vertical_connection_id":"c_55f19f67ff7597295c000008","cost":15,"name":"Elevator 2","building_id":"default","building_name":"Default"},"geometry":{"type":"LineString","coordinates":[[-79.380449888,43.65358468],[-79.380446722,43.653581486]]}},{"type":"Feature","properties":{"access_type":"public","from_level_id":0,"is_accessible":true,"level_id":null,"network_type":"elevator","to_level_id":1,"vertical_connection_id":"c_55f19f67ff7597295c000008","cost":15,"name":"Elevator 2","building_id":"default","building_name":"Default"},"geometry":{"type":"LineString","coordinates":[[-79.380446722,43.653581486],[-79.380426736,43.653534961]]}},{"type":"Feature","properties":{"access_type":"public","from_level_id":1,"is_accessible":true,"level_id":null,"network_type":"elevator","to_level_id":2,"vertical_connection_id":"c_55f19f67ff7597295c000008","cost":15,"name":"Elevator 2","building_id":"default","building_name":"Default"},"geometry":{"type":"LineString","coordinates":[[-79.380426736,43.653534961],[-79.380432685,43.653536726]]}},{"type":"Feature","properties":{"access_type":"public","from_level_id":-2,"is_accessible":false,"level_id":null,"network_type":"escalator","to_level_id":-1,"vertical_connection_id":"c_55f1a147ff7597295c00000f","cost":60,"name":"Escalator 3","active":true,"building_id":"default","building_name":"Default"},"geometry":{"type":"LineString","coordinates":[[-79.381208431,43.655678657],[-79.381247176,43.655772594]]}},{"type":"Feature","properties":{"access_type":"public","from_level_id":0,"is_accessible":false,"level_id":null,"network_type":"escalator","to_level_id":1,"vertical_connection_id":"c_55f1a2c0ff7597295c000012","cost":60,"name":"Escalator 5","building_id":"default","building_name":"Default"},"geometry":{"type":"LineString","coordinates":[[-79.382713097,43.65572292],[-79.382581274,43.65575215]]}},{"type":"Feature","properties":{"access_type":"public","from_level_id":0,"is_accessible":false,"level_id":null,"network_type":"stairs","to_level_id":1,"vertical_connection_id":"c_55f1c1caff7597295c000036","cost":60,"name":"Stairs 1","building_id":"default","building_name":"Default"},"geometry":{"type":"LineString","coordinates":[[-79.381215469,43.655946669],[-79.381204492,43.655866629]]}},{"type":"Feature","properties":{"access_type":"public","from_level_id":1,"is_accessible":false,"level_id":null,"network_type":"escalator","to_level_id":2,"vertical_connection_id":"c_55f1c2b2ff7597295c000037","cost":60,"name":"Escalator 6","building_id":"default","building_name":"Default"},"geometry":{"type":"LineString","coordinates":[[-79.381091283,43.654529804],[-79.381044008,43.654420225]]}},{"type":"Feature","properties":{"access_type":"public","from_level_id":0,"is_accessible":false,"level_id":null,"network_type":"escalator","to_level_id":1,"vertical_connection_id":"c_55f1c2eaff7597295c000038","cost":60,"name":"Escalator 7","active":false,"building_id":"default","building_name":"Default"},"geometry":{"type":"LineString","coordinates":[[-79.380834174,43.654483052],[-79.380874234,43.654581047]]}},{"type":"Feature","properties":{"access_type":"public","from_level_id":-1,"is_accessible":false,"level_id":null,"network_type":"escalator","to_level_id":0,"vertical_connection_id":"c_55f1c33cff7597295c000039","cost":60,"name":"Escalator 8","building_id":"default","building_name":"Default"},"geometry":{"type":"LineString","coordinates":[[-79.380482305,43.653654274],[-79.38052767,43.653762586]]}},{"type":"Feature","properties":{"access_type":"public","from_level_id":0,"is_accessible":false,"level_id":null,"network_type":"escalator","to_level_id":1,"vertical_connection_id":"c_55f1c3b1ff7597295c00003a","cost":60,"name":"Escalator 9","building_id":"default","building_name":"Default"},"geometry":{"type":"LineString","coordinates":[[-79.380678763,43.653630109],[-79.380706935,43.653700282]]}},{"type":"Feature","properties":{"access_type":"public","from_level_id":0,"is_accessible":false,"level_id":null,"network_type":"stairs","to_level_id":1,"vertical_connection_id":"c_55f1c3e2ff7597295c00003b","cost":60,"name":"Stairs 2","building_id":"default","building_name":"Default"},"geometry":{"type":"LineString","coordinates":[[-79.380646576,43.653637201],[-79.380676941,43.653708198]]}},{"type":"Feature","properties":{"access_type":"public","from_level_id":-1,"is_accessible":false,"level_id":null,"network_type":"escalator","to_level_id":0,"vertical_connection_id":"c_55f1c4e0ff7597295c00003c","cost":60,"name":"Escalator 10","building_id":"default","building_name":"Default"},"geometry":{"type":"LineString","coordinates":[[-79.380227137,43.652807382],[-79.380109235,43.65276247]]}},{"type":"Feature","properties":{"access_type":"public","from_level_id":0,"is_accessible":false,"level_id":null,"network_type":"escalator","to_level_id":1,"vertical_connection_id":"c_55f1c509ff7597295c00003d","cost":60,"name":"Escalator 11","building_id":"default","building_name":"Default"},"geometry":{"type":"LineString","coordinates":[[-79.380213289,43.652727564],[-79.380242063,43.652802289]]}},{"type":"Feature","properties":{"access_type":"public","from_level_id":-2,"is_accessible":true,"level_id":null,"network_type":"elevator","to_level_id":-2,"vertical_connection_id":"c_55fb012d761f5468da000002","cost":45,"name":"Elevator 3","building_id":"default","building_name":"Default"},"geometry":{"type":"LineString","coordinates":[[-79.381168813,43.655437701],[-79.381168813,43.655437801]]}},{"type":"Feature","properties":{"access_type":"public","from_level_id":-1,"is_accessible":true,"level_id":null,"network_type":"elevator","to_level_id":-1,"vertical_connection_id":"c_55fb012d761f5468da000002","cost":45,"name":"Elevator 3","building_id":"default","building_name":"Default"},"geometry":{"type":"LineString","coordinates":[[-79.381168427,43.655434168],[-79.381168427,43.655434268]]}},{"type":"Feature","properties":{"access_type":"public","from_level_id":-2,"is_accessible":true,"level_id":null,"network_type":"elevator","to_level_id":-1,"vertical_connection_id":"c_55fb012d761f5468da000002","cost":15,"name":"Elevator 3","building_id":"default","building_name":"Default"},"geometry":{"type":"LineString","coordinates":[[-79.381168813,43.655437801],[-79.381168427,43.655434268]]}},{"type":"Feature","properties":{"access_type":"public","from_level_id":-1,"is_accessible":true,"level_id":null,"network_type":"elevator","to_level_id":-1,"vertical_connection_id":"c_5a5790dbf39f7b5da400000c","cost":45,"name":"Elevator 4","building_id":"default","building_name":"Default"},"geometry":{"type":"LineString","coordinates":[[-79.38095247,43.655962011],[-79.38095247,43.655962111]]}},{"type":"Feature","properties":{"access_type":"public","from_level_id":0,"is_accessible":true,"level_id":null,"network_type":"elevator","to_level_id":0,"vertical_connection_id":"c_5a5790dbf39f7b5da400000c","cost":45,"name":"Elevator 4","building_id":"default","building_name":"Default"},"geometry":{"type":"LineString","coordinates":[[-79.380947692,43.655957867],[-79.380947692,43.655957967]]}},{"type":"Feature","properties":{"access_type":"public","from_level_id":1,"is_accessible":true,"level_id":null,"network_type":"elevator","to_level_id":1,"vertical_connection_id":"c_5a5790dbf39f7b5da400000c","cost":45,"name":"Elevator 4","building_id":"default","building_name":"Default"},"geometry":{"type":"LineString","coordinates":[[-79.380955041,43.655958894],[-79.380955041,43.655958994]]}},{"type":"Feature","properties":{"access_type":"public","from_level_id":-1,"is_accessible":true,"level_id":null,"network_type":"elevator","to_level_id":0,"vertical_connection_id":"c_5a5790dbf39f7b5da400000c","cost":15,"name":"Elevator 4","building_id":"default","building_name":"Default"},"geometry":{"type":"LineString","coordinates":[[-79.38095247,43.655962111],[-79.380947692,43.655957967]]}},{"type":"Feature","properties":{"access_type":"public","from_level_id":0,"is_accessible":true,"level_id":null,"network_type":"elevator","to_level_id":1,"vertical_connection_id":"c_5a5790dbf39f7b5da400000c","cost":15,"name":"Elevator 4","building_id":"default","building_name":"Default"},"geometry":{"type":"LineString","coordinates":[[-79.380947692,43.655957967],[-79.380955041,43.655958994]]}},{"type":"Feature","properties":{"access_type":"public","from_level_id":0,"is_accessible":true,"level_id":null,"network_type":"elevator","to_level_id":0,"vertical_connection_id":"c_5a579755f39f7b5da4000027","cost":45,"name":"Elevator 5","building_id":"default","building_name":"Default"},"geometry":{"type":"LineString","coordinates":[[-79.382489319,43.655712457],[-79.382489319,43.655712557]]}},{"type":"Feature","properties":{"access_type":"public","from_level_id":1,"is_accessible":true,"level_id":null,"network_type":"elevator","to_level_id":1,"vertical_connection_id":"c_5a579755f39f7b5da4000027","cost":45,"name":"Elevator 5","building_id":"default","building_name":"Default"},"geometry":{"type":"LineString","coordinates":[[-79.382491068,43.655713504],[-79.382491068,43.655713604]]}},{"type":"Feature","properties":{"access_type":"public","from_level_id":0,"is_accessible":true,"level_id":null,"network_type":"elevator","to_level_id":1,"vertical_connection_id":"c_5a579755f39f7b5da4000027","cost":15,"name":"Elevator 5","building_id":"default","building_name":"Default"},"geometry":{"type":"LineString","coordinates":[[-79.382489319,43.655712557],[-79.382491068,43.655713604]]}},{"type":"Feature","properties":{"access_type":"public","from_level_id":-1,"is_accessible":false,"level_id":null,"network_type":"stairs","to_level_id":0,"vertical_connection_id":"c_5ab91744cad41163e50000bb","cost":60,"name":"Stairs 3","building_id":"default","building_name":"Default"},"geometry":{"type":"LineString","coordinates":[[-79.381239239,43.655946431],[-79.381204642,43.656040291]]}},{"type":"Feature","properties":{"access_type":"public","from_level_id":0,"is_accessible":false,"level_id":null,"network_type":"escalator","to_level_id":1,"vertical_connection_id":"c_5ab91898cad41163e50000bf","cost":60,"name":"Escalator 2","building_id":"default","building_name":"Default"},"geometry":{"type":"LineString","coordinates":[[-79.381088307,43.656012337],[-79.381126799,43.655902661]]}},{"type":"Feature","properties":{"access_type":"public","from_level_id":-1,"is_accessible":false,"level_id":null,"network_type":"escalator","to_level_id":0,"vertical_connection_id":"c_5ab9290acad41163e50000c0","cost":60,"name":"Escalator 4","building_id":"default","building_name":"Default"},"geometry":{"type":"LineString","coordinates":[[-79.381205267,43.655929032],[-79.381169854,43.65603607]]}},{"type":"Feature","properties":{"access_type":"public","from_level_id":0,"is_accessible":false,"level_id":null,"network_type":"stairs","to_level_id":1,"vertical_connection_id":"c_5ab92c29cad41102af000007","cost":60,"name":"Stairs 4","building_id":"default","building_name":"Default"},"geometry":{"type":"LineString","coordinates":[[-79.380533348,43.652360369],[-79.380506376,43.652407732]]}},{"type":"Feature","properties":{"access_type":"public","from_level_id":0,"is_accessible":false,"level_id":null,"network_type":"escalator","to_level_id":1,"vertical_connection_id":"c_5ab92c67cad41102af000008","cost":60,"name":"Escalator 12","building_id":"default","building_name":"Default"},"geometry":{"type":"LineString","coordinates":[[-79.380597955,43.652375422],[-79.380550134,43.652441567]]}},{"type":"Feature","properties":{"access_type":"public","from_level_id":-1,"is_accessible":false,"level_id":null,"network_type":"escalator","to_level_id":0,"vertical_connection_id":"c_5ab94d1fcad41175cc000026","cost":60,"name":"Escalator 13","active":false,"building_id":"default","building_name":"Default"},"geometry":{"type":"LineString","coordinates":[[-79.380980995,43.654439513],[-79.381012487,43.654504616]]}},{"type":"Feature","properties":{"access_type":"public","from_level_id":-2,"is_accessible":false,"level_id":null,"network_type":"escalator","to_level_id":-1,"vertical_connection_id":"c_5ee7960c5b33446cc8000036","cost":60,"name":"Escalator 14","building_id":"default","building_name":"Default"},"geometry":{"type":"LineString","coordinates":[[-79.380766396,43.654613928],[-79.380814952,43.654547941]]}},{"type":"Feature","properties":{"access_type":"public","from_level_id":-2,"is_accessible":false,"level_id":null,"network_type":"escalator","to_level_id":-1,"vertical_connection_id":"c_5ee7a6ac5b33446cc8000039","cost":60,"name":"Escalator 15","active":true,"building_id":"default","building_name":"Default"},"geometry":{"type":"LineString","coordinates":[[-79.381187463,43.655682752],[-79.381226806,43.655777997]]}},{"type":"Feature","properties":{"access_type":"public","from_level_id":-1,"is_accessible":false,"level_id":null,"network_type":"escalator","to_level_id":0,"vertical_connection_id":"c_5ee7db075b3344699f000047","cost":60,"name":"Escalator 16","building_id":"default","building_name":"Default"},"geometry":{"type":"LineString","coordinates":[[-79.381185329,43.655927383],[-79.381152464,43.656032832]]}},{"type":"Feature","properties":{"access_type":"public","from_level_id":0,"is_accessible":false,"level_id":null,"network_type":"escalator","to_level_id":1,"vertical_connection_id":"c_5ee7db705b3344699f00004c","cost":60,"name":"Escalator 17","building_id":"default","building_name":"Default"},"geometry":{"type":"LineString","coordinates":[[-79.38110719,43.656016277],[-79.381147228,43.655905909]]}},{"type":"Feature","properties":{"access_type":"public","from_level_id":0,"is_accessible":false,"level_id":null,"network_type":"escalator","to_level_id":1,"vertical_connection_id":"c_5ee8b6b65b33443d0500000f","cost":60,"name":"Escalator 18","active":false,"building_id":"default","building_name":"Default"},"geometry":{"type":"LineString","coordinates":[[-79.380855813,43.654477102],[-79.3808969,43.654574083]]}},{"type":"Feature","properties":{"access_type":"public","from_level_id":1,"is_accessible":false,"level_id":null,"network_type":"escalator","to_level_id":2,"vertical_connection_id":"c_5ee8b70a5b33443d05000010","cost":60,"name":"Escalator 19","building_id":"default","building_name":"Default"},"geometry":{"type":"LineString","coordinates":[[-79.381112754,43.654526983],[-79.381065741,43.654413203]]}},{"type":"Feature","properties":{"access_type":"public","from_level_id":1,"is_accessible":true,"level_id":null,"network_type":"elevator","to_level_id":1,"vertical_connection_id":"c_5ee8d7315b33443d05000063","cost":45,"name":"Elevator 6","building_id":"default","building_name":"Default"},"geometry":{"type":"LineString","coordinates":[[-79.380452147,43.653587804],[-79.380452147,43.653587904]]}},{"type":"Feature","properties":{"access_type":"public","from_level_id":2,"is_accessible":true,"level_id":null,"network_type":"elevator","to_level_id":2,"vertical_connection_id":"c_5ee8d7315b33443d05000063","cost":45,"name":"Elevator 6","building_id":"default","building_name":"Default"},"geometry":{"type":"LineString","coordinates":[[-79.380454269,43.653586504],[-79.380454269,43.653586604]]}},{"type":"Feature","properties":{"access_type":"public","from_level_id":1,"is_accessible":true,"level_id":null,"network_type":"elevator","to_level_id":2,"vertical_connection_id":"c_5ee8d7315b33443d05000063","cost":15,"name":"Elevator 6","building_id":"default","building_name":"Default"},"geometry":{"type":"LineString","coordinates":[[-79.380452147,43.653587904],[-79.380454269,43.653586604]]}},{"type":"Feature","properties":{"access_type":"public","from_level_id":1,"is_accessible":true,"level_id":null,"network_type":"elevator","to_level_id":1,"vertical_connection_id":"c_5ee8d7415b33443d05000064","cost":45,"name":"Elevator 7","building_id":"default","building_name":"Default"},"geometry":{"type":"LineString","coordinates":[[-79.380466637,43.653620074],[-79.380466637,43.653620174]]}},{"type":"Feature","properties":{"access_type":"public","from_level_id":2,"is_accessible":true,"level_id":null,"network_type":"elevator","to_level_id":2,"vertical_connection_id":"c_5ee8d7415b33443d05000064","cost":45,"name":"Elevator 7","building_id":"default","building_name":"Default"},"geometry":{"type":"LineString","coordinates":[[-79.380468303,43.653620056],[-79.380468303,43.653620156]]}},{"type":"Feature","properties":{"access_type":"public","from_level_id":1,"is_accessible":true,"level_id":null,"network_type":"elevator","to_level_id":2,"vertical_connection_id":"c_5ee8d7415b33443d05000064","cost":15,"name":"Elevator 7","building_id":"default","building_name":"Default"},"geometry":{"type":"LineString","coordinates":[[-79.380466637,43.653620174],[-79.380468303,43.653620156]]}},{"type":"Feature","properties":{"access_type":"public","from_level_id":0,"is_accessible":false,"level_id":null,"network_type":"stairs","to_level_id":1,"vertical_connection_id":"c_5ee8e1295b33443d0500008c","cost":60,"name":"Stairs 5","building_id":"default","building_name":"Default"},"geometry":{"type":"LineString","coordinates":[[-79.380572905,43.652376567],[-79.38053044,43.652424103]]}},{"type":"Feature","properties":{"access_type":"public","from_level_id":0,"is_accessible":false,"level_id":null,"network_type":"escalator","to_level_id":1,"vertical_connection_id":"c_5ee8e1485b33443d0500008d","cost":60,"name":"Escalator 20","building_id":"default","building_name":"Default"},"geometry":{"type":"LineString","coordinates":[[-79.380517491,43.652345344],[-79.380466216,43.652409483]]}},{"type":"Feature","properties":{"access_type":"public","from_level_id":1,"is_accessible":true,"level_id":null,"network_type":"elevator","to_level_id":1,"vertical_connection_id":"c_5ee8e5555b33443d0500009b","cost":45,"name":"Elevator 8","building_id":"default","building_name":"Default"},"geometry":{"type":"LineString","coordinates":[[-79.380078297,43.652691447],[-79.380078297,43.652691547]]}},{"type":"Feature","properties":{"access_type":"public","from_level_id":2,"is_accessible":true,"level_id":null,"network_type":"elevator","to_level_id":2,"vertical_connection_id":"c_5ee8e5555b33443d0500009b","cost":45,"name":"Elevator 8","building_id":"default","building_name":"Default"},"geometry":{"type":"LineString","coordinates":[[-79.380078693,43.652687075],[-79.380078693,43.652687175]]}},{"type":"Feature","properties":{"access_type":"public","from_level_id":1,"is_accessible":true,"level_id":null,"network_type":"elevator","to_level_id":2,"vertical_connection_id":"c_5ee8e5555b33443d0500009b","cost":15,"name":"Elevator 8","building_id":"default","building_name":"Default"},"geometry":{"type":"LineString","coordinates":[[-79.380078297,43.652691547],[-79.380078693,43.652687175]]}},{"type":"Feature","properties":{"access_type":"public","from_level_id":1,"is_accessible":true,"level_id":null,"network_type":"elevator","to_level_id":1,"vertical_connection_id":"c_5ee8e5615b33443d0500009c","cost":45,"name":"Elevator 9","building_id":"default","building_name":"Default"},"geometry":{"type":"LineString","coordinates":[[-79.380090803,43.65272074],[-79.380090803,43.65272084]]}},{"type":"Feature","properties":{"access_type":"public","from_level_id":2,"is_accessible":true,"level_id":null,"network_type":"elevator","to_level_id":2,"vertical_connection_id":"c_5ee8e5615b33443d0500009c","cost":45,"name":"Elevator 9","building_id":"default","building_name":"Default"},"geometry":{"type":"LineString","coordinates":[[-79.380092273,43.652720202],[-79.380092273,43.652720302]]}},{"type":"Feature","properties":{"access_type":"public","from_level_id":1,"is_accessible":true,"level_id":null,"network_type":"elevator","to_level_id":2,"vertical_connection_id":"c_5ee8e5615b33443d0500009c","cost":15,"name":"Elevator 9","building_id":"default","building_name":"Default"},"geometry":{"type":"LineString","coordinates":[[-79.380090803,43.65272084],[-79.380092273,43.652720302]]}},{"type":"Feature","properties":{"access_type":"public","from_level_id":0,"is_accessible":false,"level_id":null,"network_type":"escalator","to_level_id":1,"vertical_connection_id":"c_5ee8e7aa5b33443d050000a0","cost":60,"name":"Escalator 21","building_id":"default","building_name":"Default"},"geometry":{"type":"LineString","coordinates":[[-79.380233378,43.652722652],[-79.380264762,43.652797814]]}},{"type":"Feature","properties":{"access_type":"public","from_level_id":-1,"is_accessible":false,"level_id":null,"network_type":"escalator","to_level_id":0,"vertical_connection_id":"c_5ee8e8b85b33443d050000ab","cost":60,"name":"Escalator 22","building_id":"default","building_name":"Default"},"geometry":{"type":"LineString","coordinates":[[-79.380218796,43.652823142],[-79.380097092,43.6527758]]}},{"type":"Feature","properties":{"access_type":"public","from_level_id":0,"is_accessible":false,"level_id":null,"network_type":"escalator","to_level_id":1,"vertical_connection_id":"c_5ee926de5b33446fc0000038","cost":60,"name":"Escalator 23","building_id":"default","building_name":"Default"},"geometry":{"type":"LineString","coordinates":[[-79.382718745,43.655737683],[-79.382585741,43.655765219]]}},{"type":"Feature","properties":{"access_type":"public","from_level_id":0,"is_accessible":true,"level_id":null,"network_type":"elevator","to_level_id":0,"vertical_connection_id":"c_5ee926fb5b33446fc0000039","cost":45,"name":"Elevator 10","building_id":"default","building_name":"Default"},"geometry":{"type":"LineString","coordinates":[[-79.382502517,43.655739495],[-79.382502517,43.655739595]]}},{"type":"Feature","properties":{"access_type":"public","from_level_id":1,"is_accessible":true,"level_id":null,"network_type":"elevator","to_level_id":1,"vertical_connection_id":"c_5ee926fb5b33446fc0000039","cost":45,"name":"Elevator 10","building_id":"default","building_name":"Default"},"geometry":{"type":"LineString","coordinates":[[-79.382501347,43.655737084],[-79.382501347,43.655737184]]}},{"type":"Feature","properties":{"access_type":"public","from_level_id":0,"is_accessible":true,"level_id":null,"network_type":"elevator","to_level_id":1,"vertical_connection_id":"c_5ee926fb5b33446fc0000039","cost":15,"name":"Elevator 10","building_id":"default","building_name":"Default"},"geometry":{"type":"LineString","coordinates":[[-79.382502517,43.655739595],[-79.382501347,43.655737184]]}},{"type":"Feature","properties":{"access_type":"public","from_level_id":-1,"is_accessible":false,"level_id":null,"network_type":"escalator","to_level_id":0,"vertical_connection_id":"c_5ee9422d5b33446fc0000060","cost":60,"name":"Escalator 24","building_id":"default","building_name":"Default"},"geometry":{"type":"LineString","coordinates":[[-79.380500376,43.653649766],[-79.380545344,43.653758429]]}},{"type":"Feature","properties":{"access_type":"public","from_level_id":-1,"is_accessible":false,"level_id":null,"network_type":"escalator","to_level_id":0,"vertical_connection_id":"c_5ee9434c5b33446fc0000064","cost":60,"name":"Escalator 25","active":false,"building_id":"default","building_name":"Default"},"geometry":{"type":"LineString","coordinates":[[-79.380960178,43.654443968],[-79.380989793,43.654509354]]}},{"type":"Feature","properties":{"access_type":"public","from_level_id":1,"is_accessible":true,"level_id":null,"network_type":"elevator","to_level_id":1,"vertical_connection_id":"c_622fa9c7e325474134000010","cost":45,"name":"TEC 20 Queen Street West Office Elevator","building_id":"default","building_name":"Default"},"geometry":{"type":"LineString","coordinates":[[-79.380354809,43.652480858],[-79.380354809,43.652480958]]}},{"type":"Feature","properties":{"access_type":"public","from_level_id":2,"is_accessible":true,"level_id":null,"network_type":"elevator","to_level_id":2,"vertical_connection_id":"c_622fa9c7e325474134000010","cost":45,"name":"TEC 20 Queen Street West Office Elevator","building_id":"default","building_name":"Default"},"geometry":{"type":"LineString","coordinates":[[-79.380476858,43.652494529],[-79.380476858,43.652494629]]}},{"type":"Feature","properties":{"access_type":"public","from_level_id":1,"is_accessible":true,"level_id":null,"network_type":"elevator","to_level_id":2,"vertical_connection_id":"c_622fa9c7e325474134000010","cost":15,"name":"TEC 20 Queen Street West Office Elevator","building_id":"default","building_name":"Default"},"geometry":{"type":"LineString","coordinates":[[-79.380354809,43.652480958],[-79.380476858,43.652494629]]}},{"type":"Feature","properties":{"access_type":"public","from_level_id":1,"is_accessible":true,"level_id":null,"network_type":"elevator","to_level_id":1,"vertical_connection_id":"c_67fd1e6e682c9f53719127c7","cost":45,"name":"20 Queen Elevator 3","active":true,"building_id":"default","building_name":"Default"},"geometry":{"type":"LineString","coordinates":[[-79.380530886,43.652548778],[-79.380530886,43.652548878]]}},{"type":"Feature","properties":{"access_type":"public","from_level_id":2,"is_accessible":true,"level_id":null,"network_type":"elevator","to_level_id":2,"vertical_connection_id":"c_67fd1e6e682c9f53719127c7","cost":45,"name":"20 Queen Elevator 3","active":true,"building_id":"default","building_name":"Default"},"geometry":{"type":"LineString","coordinates":[[-79.38054704,43.652522539],[-79.38054704,43.652522639]]}},{"type":"Feature","properties":{"access_type":"public","from_level_id":1,"is_accessible":true,"level_id":null,"network_type":"elevator","to_level_id":2,"vertical_connection_id":"c_67fd1e6e682c9f53719127c7","cost":15,"name":"20 Queen Elevator 3","active":true,"building_id":"default","building_name":"Default"},"geometry":{"type":"LineString","coordinates":[[-79.380530886,43.652548878],[-79.38054704,43.652522639]]}},{"type":"Feature","properties":{"access_type":"public","from_level_id":1,"is_accessible":true,"level_id":null,"network_type":"elevator","to_level_id":1,"vertical_connection_id":"c_67fd1e7c682c9f53719127c8","cost":45,"name":"20 Queen Elevator 4","active":true,"building_id":"default","building_name":"Default"},"geometry":{"type":"LineString","coordinates":[[-79.380560684,43.652560272],[-79.380560684,43.652560372]]}},{"type":"Feature","properties":{"access_type":"public","from_level_id":2,"is_accessible":true,"level_id":null,"network_type":"elevator","to_level_id":2,"vertical_connection_id":"c_67fd1e7c682c9f53719127c8","cost":45,"name":"20 Queen Elevator 4","active":true,"building_id":"default","building_name":"Default"},"geometry":{"type":"LineString","coordinates":[[-79.380579309,43.6525371],[-79.380579309,43.6525372]]}},{"type":"Feature","properties":{"access_type":"public","from_level_id":1,"is_accessible":true,"level_id":null,"network_type":"elevator","to_level_id":2,"vertical_connection_id":"c_67fd1e7c682c9f53719127c8","cost":15,"name":"20 Queen Elevator 4","active":true,"building_id":"default","building_name":"Default"},"geometry":{"type":"LineString","coordinates":[[-79.380560684,43.652560372],[-79.380579309,43.6525372]]}},{"type":"Feature","properties":{"access_type":"public","from_level_id":null,"is_accessible":true,"level_id":-1,"network_type":"corridor","to_level_id":null,"vertical_connection_id":null,"building_id":"default","building_name":"Default"},"geometry":{"type":"LineString","coordinates":[[-79.380953,43.6545529],[-79.380960126,43.654550087]]}},{"type":"Feature","properties":{"access_type":"public","from_level_id":null,"is_accessible":true,"level_id":-2,"network_type":"corridor","to_level_id":null,"vertical_connection_id":null,"building_id":"default","building_name":"Default"},"geometry":{"type":"LineString","coordinates":[[-79.3807108,43.6545399],[-79.380708853,43.65455222]]}},{"type":"Feature","properties":{"access_type":"public","from_level_id":null,"is_accessible":true,"level_id":-1,"network_type":"corridor","to_level_id":null,"vertical_connection_id":null,"building_id":"default","building_name":"Default"},"geometry":{"type":"LineString","coordinates":[[-79.3803144,43.65369],[-79.380314411,43.653689953]]}},{"type":"Feature","properties":{"access_type":"public","from_level_id":null,"is_accessible":true,"level_id":-1,"network_type":"corridor","to_level_id":null,"vertical_connection_id":null,"building_id":"default","building_name":"Default"},"geometry":{"type":"LineString","coordinates":[[-79.3812276,43.6555945],[-79.381227906,43.655594642]]}},{"type":"Feature","properties":{"access_type":"public","from_level_id":null,"is_accessible":true,"level_id":-1,"network_type":"corridor","to_level_id":null,"vertical_connection_id":null,"building_id":"default","building_name":"Default"},"geometry":{"type":"LineString","coordinates":[[-79.3798186,43.6525146],[-79.379816464,43.652501673]]}},{"type":"Feature","properties":{"access_type":"public","from_level_id":null,"is_accessible":true,"level_id":-1,"network_type":"corridor","to_level_id":null,"vertical_connection_id":null,"building_id":"default","building_name":"Default"},"geometry":{"type":"LineString","coordinates":[[-79.3810234,43.6533132],[-79.380075738,43.653748202]]}},{"type":"Feature","properties":{"access_type":"public","from_level_id":null,"is_accessible":true,"level_id":-1,"network_type":"corridor","to_level_id":null,"vertical_connection_id":null,"building_id":"default","building_name":"Default"},"geometry":{"type":"LineString","coordinates":[[-79.3800486,43.6524089],[-79.380050073,43.652404612]]}},{"type":"Feature","properties":{"access_type":"public","from_level_id":null,"is_accessible":true,"level_id":-1,"network_type":"corridor","to_level_id":null,"vertical_connection_id":null,"building_id":"default","building_name":"Default"},"geometry":{"type":"LineString","coordinates":[[-79.3800704,43.6537467],[-79.380075738,43.653748202]]}},{"type":"Feature","properties":{"access_type":"public","from_level_id":null,"is_accessible":true,"level_id":0,"network_type":"corridor","to_level_id":null,"vertical_connection_id":null,"building_id":"default","building_name":"Default"},"geometry":{"type":"LineString","coordinates":[[-79.3806814,43.6542983],[-79.380682169,43.654298129]]}},{"type":"Feature","properties":{"access_type":"public","from_level_id":null,"is_accessible":true,"level_id":1,"network_type":"corridor","to_level_id":null,"vertical_connection_id":null,"building_id":"default","building_name":"Default"},"geometry":{"type":"LineString","coordinates":[[-79.3807343,43.6529234],[-79.380736098,43.652921627]]}},{"type":"Feature","properties":{"access_type":"public","from_level_id":null,"is_accessible":true,"level_id":1,"network_type":"corridor","to_level_id":null,"vertical_connection_id":null,"building_id":"default","building_name":"Default"},"geometry":{"type":"LineString","coordinates":[[-79.3800639,43.6528478],[-79.380063523,43.652847847]]}},{"type":"Feature","properties":{"access_type":"public","from_level_id":null,"is_accessible":true,"level_id":1,"network_type":"corridor","to_level_id":null,"vertical_connection_id":null,"building_id":"default","building_name":"Default"},"geometry":{"type":"LineString","coordinates":[[-79.3817059,43.6557298],[-79.381705478,43.655729512]]}},{"type":"Feature","properties":{"access_type":"public","from_level_id":null,"is_accessible":true,"level_id":-2,"network_type":"corridor","to_level_id":null,"vertical_connection_id":null,"building_id":"default","building_name":"Default"},"geometry":{"type":"LineString","coordinates":[[-79.38124,43.6557809],[-79.381235412,43.655778969]]}},{"type":"Feature","properties":{"access_type":"public","from_level_id":null,"is_accessible":true,"level_id":1,"network_type":"corridor","to_level_id":null,"vertical_connection_id":null,"building_id":"default","building_name":"Default"},"geometry":{"type":"LineString","coordinates":[[-79.3801278,43.6539674],[-79.380092027,43.653975314]]}},{"type":"Feature","properties":{"access_type":"public","from_level_id":null,"is_accessible":true,"level_id":-2,"network_type":"corridor","to_level_id":null,"vertical_connection_id":null,"building_id":"default","building_name":"Default"},"geometry":{"type":"LineString","coordinates":[[-79.381145,43.6557831],[-79.381159294,43.65577604]]}},{"type":"Feature","properties":{"access_type":"public","from_level_id":null,"is_accessible":true,"level_id":0,"network_type":"corridor","to_level_id":null,"vertical_connection_id":null,"building_id":"default","building_name":"Default"},"geometry":{"type":"LineString","coordinates":[[-79.3810054,43.6558139],[-79.381070395,43.655799804]]}},{"type":"Feature","properties":{"access_type":"public","from_level_id":null,"is_accessible":true,"level_id":-1,"network_type":"corridor","to_level_id":null,"vertical_connection_id":null,"building_id":"default","building_name":"Default"},"geometry":{"type":"LineString","coordinates":[[-79.381152,43.6548908],[-79.381121966,43.654892693]]}},{"type":"Feature","properties":{"access_type":"public","from_level_id":null,"is_accessible":true,"level_id":-1,"network_type":"corridor","to_level_id":null,"vertical_connection_id":null,"building_id":"default","building_name":"Default"},"geometry":{"type":"LineString","coordinates":[[-79.3802452,43.6537994],[-79.380234547,43.653729039]]}},{"type":"Feature","properties":{"access_type":"public","from_level_id":null,"is_accessible":true,"level_id":1,"network_type":"corridor","to_level_id":null,"vertical_connection_id":null,"building_id":"default","building_name":"Default"},"geometry":{"type":"LineString","coordinates":[[-79.3800937,43.6532504],[-79.380262681,43.653260685]]}},{"type":"Feature","properties":{"access_type":"public","from_level_id":null,"is_accessible":true,"level_id":0,"network_type":"corridor","to_level_id":null,"vertical_connection_id":null,"building_id":"default","building_name":"Default"},"geometry":{"type":"LineString","coordinates":[[-79.3808615,43.6550992],[-79.380915995,43.655085828]]}},{"type":"Feature","properties":{"access_type":"public","from_level_id":null,"is_accessible":true,"level_id":-1,"network_type":"corridor","to_level_id":null,"vertical_connection_id":null,"building_id":"default","building_name":"Default"},"geometry":{"type":"LineString","coordinates":[[-79.3802392,43.6529434],[-79.380243013,43.652941268]]}},{"type":"Feature","properties":{"access_type":"public","from_level_id":null,"is_accessible":true,"level_id":-1,"network_type":"corridor","to_level_id":null,"vertical_connection_id":null,"building_id":"default","building_name":"Default"},"geometry":{"type":"LineString","coordinates":[[-79.3806046,43.6547387],[-79.380844387,43.654753626]]}},{"type":"Feature","properties":{"access_type":"public","from_level_id":null,"is_accessible":true,"level_id":1,"network_type":"corridor","to_level_id":null,"vertical_connection_id":null,"building_id":"default","building_name":"Default"},"geometry":{"type":"LineString","coordinates":[[-79.3798155,43.6527583],[-79.379949493,43.652720763]]}},{"type":"Feature","properties":{"access_type":"public","from_level_id":null,"is_accessible":true,"level_id":0,"network_type":"corridor","to_level_id":null,"vertical_connection_id":null,"building_id":"default","building_name":"Default"},"geometry":{"type":"LineString","coordinates":[[-79.3807111,43.6546442],[-79.380748658,43.654661355]]}},{"type":"Feature","properties":{"access_type":"public","from_level_id":null,"is_accessible":true,"level_id":0,"network_type":"corridor","to_level_id":null,"vertical_connection_id":null,"building_id":"default","building_name":"Default"},"geometry":{"type":"LineString","coordinates":[[-79.3807107,43.6550482],[-79.380888346,43.655014756]]}},{"type":"Feature","properties":{"access_type":"public","from_level_id":null,"is_accessible":true,"level_id":0,"network_type":"corridor","to_level_id":null,"vertical_connection_id":null,"building_id":"default","building_name":"Default"},"geometry":{"type":"LineString","coordinates":[[-79.3812467,43.6550145],[-79.381082122,43.65504922]]}},{"type":"Feature","properties":{"access_type":"public","from_level_id":null,"is_accessible":true,"level_id":-1,"network_type":"corridor","to_level_id":null,"vertical_connection_id":null,"building_id":"default","building_name":"Default"},"geometry":{"type":"LineString","coordinates":[[-79.3811088,43.6546083],[-79.381023732,43.654653756]]}},{"type":"Feature","properties":{"access_type":"public","from_level_id":null,"is_accessible":true,"level_id":1,"network_type":"corridor","to_level_id":null,"vertical_connection_id":null,"building_id":"default","building_name":"Default"},"geometry":{"type":"LineString","coordinates":[[-79.3805674,43.6541752],[-79.380691928,43.654148118]]}},{"type":"Feature","properties":{"access_type":"public","from_level_id":null,"is_accessible":true,"level_id":1,"network_type":"corridor","to_level_id":null,"vertical_connection_id":null,"building_id":"default","building_name":"Default"},"geometry":{"type":"LineString","coordinates":[[-79.3810328,43.65356],[-79.380766895,43.653566739]]}},{"type":"Feature","properties":{"access_type":"public","from_level_id":null,"is_accessible":true,"level_id":0,"network_type":"corridor","to_level_id":null,"vertical_connection_id":null,"building_id":"default","building_name":"Default"},"geometry":{"type":"LineString","coordinates":[[-79.3811392,43.6545696],[-79.381096768,43.654590884]]}},{"type":"Feature","properties":{"access_type":"public","from_level_id":null,"is_accessible":true,"level_id":0,"network_type":"corridor","to_level_id":null,"vertical_connection_id":null,"building_id":"default","building_name":"Default"},"geometry":{"type":"LineString","coordinates":[[-79.3810293,43.6547246],[-79.380981649,43.654686187]]}},{"type":"Feature","properties":{"access_type":"public","from_level_id":null,"is_accessible":true,"level_id":-1,"network_type":"corridor","to_level_id":null,"vertical_connection_id":null,"building_id":"default","building_name":"Default"},"geometry":{"type":"LineString","coordinates":[[-79.3803577,43.6531786],[-79.380370152,43.653168716]]}},{"type":"Feature","properties":{"access_type":"public","from_level_id":null,"is_accessible":true,"level_id":1,"network_type":"corridor","to_level_id":null,"vertical_connection_id":null,"building_id":"default","building_name":"Default"},"geometry":{"type":"LineString","coordinates":[[-79.3811302,43.6540267],[-79.380866693,43.654109611]]}},{"type":"Feature","properties":{"access_type":"public","from_level_id":null,"is_accessible":true,"level_id":0,"network_type":"corridor","to_level_id":null,"vertical_connection_id":null,"building_id":"default","building_name":"Default"},"geometry":{"type":"LineString","coordinates":[[-79.3810218,43.65548],[-79.381076641,43.655467446]]}},{"type":"Feature","properties":{"access_type":"public","from_level_id":null,"is_accessible":true,"level_id":0,"network_type":"corridor","to_level_id":null,"vertical_connection_id":null,"building_id":"default","building_name":"Default"},"geometry":{"type":"LineString","coordinates":[[-79.3812931,43.6553182],[-79.381252045,43.655345063]]}},{"type":"Feature","properties":{"access_type":"public","from_level_id":null,"is_accessible":true,"level_id":-1,"network_type":"corridor","to_level_id":null,"vertical_connection_id":null,"building_id":"default","building_name":"Default"},"geometry":{"type":"LineString","coordinates":[[-79.3815486,43.6558712],[-79.381345688,43.655875761]]}},{"type":"Feature","properties":{"access_type":"public","from_level_id":null,"is_accessible":true,"level_id":0,"network_type":"corridor","to_level_id":null,"vertical_connection_id":null,"building_id":"default","building_name":"Default"},"geometry":{"type":"LineString","coordinates":[[-79.3816189,43.6556202],[-79.38131973,43.655638031]]}},{"type":"Feature","properties":{"access_type":"public","from_level_id":null,"is_accessible":true,"level_id":1,"network_type":"corridor","to_level_id":null,"vertical_connection_id":null,"building_id":"default","building_name":"Default"},"geometry":{"type":"LineString","coordinates":[[-79.3813777,43.655962],[-79.381294722,43.655873543]]}},{"type":"Feature","properties":{"access_type":"public","from_level_id":null,"is_accessible":true,"level_id":1,"network_type":"corridor","to_level_id":null,"vertical_connection_id":null,"building_id":"default","building_name":"Default"},"geometry":{"type":"LineString","coordinates":[[-79.3812867,43.6542758],[-79.380968935,43.65431457]]}},{"type":"Feature","properties":{"access_type":"public","from_level_id":null,"is_accessible":true,"level_id":2,"network_type":"corridor","to_level_id":null,"vertical_connection_id":null,"building_id":"default","building_name":"Default"},"geometry":{"type":"LineString","coordinates":[[-79.3811724,43.6542346],[-79.381125413,43.654351195]]}},{"type":"Feature","properties":{"access_type":"public","from_level_id":null,"is_accessible":true,"level_id":1,"network_type":"corridor","to_level_id":null,"vertical_connection_id":null,"building_id":"default","building_name":"Default"},"geometry":{"type":"LineString","coordinates":[[-79.3804092,43.6526216],[-79.380326495,43.652654639]]}},{"type":"Feature","properties":{"access_type":"public","from_level_id":null,"is_accessible":true,"level_id":0,"network_type":"corridor","to_level_id":null,"vertical_connection_id":null,"building_id":"default","building_name":"Default"},"geometry":{"type":"LineString","coordinates":[[-79.3809683,43.6556225],[-79.38107488,43.655630373]]}},{"type":"Feature","properties":{"access_type":"public","from_level_id":null,"is_accessible":true,"level_id":0,"network_type":"corridor","to_level_id":null,"vertical_connection_id":null,"building_id":"default","building_name":"Default"},"geometry":{"type":"LineString","coordinates":[[-79.3801103,43.6536878],[-79.38031459,43.653645702]]}},{"type":"Feature","properties":{"access_type":"public","from_level_id":null,"is_accessible":true,"level_id":-1,"network_type":"corridor","to_level_id":null,"vertical_connection_id":null,"building_id":"default","building_name":"Default"},"geometry":{"type":"LineString","coordinates":[[-79.3800137,43.6533092],[-79.380170344,43.653275339]]}},{"type":"Feature","properties":{"access_type":"public","from_level_id":null,"is_accessible":true,"level_id":-1,"network_type":"corridor","to_level_id":null,"vertical_connection_id":null,"building_id":"default","building_name":"Default"},"geometry":{"type":"LineString","coordinates":[[-79.3801303,43.6534049],[-79.380217607,43.653377883]]}},{"type":"Feature","properties":{"access_type":"public","from_level_id":null,"is_accessible":true,"level_id":-2,"network_type":"corridor","to_level_id":null,"vertical_connection_id":null,"building_id":"default","building_name":"Default"},"geometry":{"type":"LineString","coordinates":[[-79.3811609,43.6548797],[-79.3811232,43.654892494]]}},{"type":"Feature","properties":{"access_type":"public","from_level_id":null,"is_accessible":true,"level_id":-1,"network_type":"corridor","to_level_id":null,"vertical_connection_id":null,"building_id":"default","building_name":"Default"},"geometry":{"type":"LineString","coordinates":[[-79.3808531,43.6551022],[-79.380991394,43.655074357]]}},{"type":"Feature","properties":{"access_type":"public","from_level_id":null,"is_accessible":true,"level_id":-1,"network_type":"corridor","to_level_id":null,"vertical_connection_id":null,"building_id":"default","building_name":"Default"},"geometry":{"type":"LineString","coordinates":[[-79.3811671,43.6547139],[-79.381060679,43.654743623]]}},{"type":"Feature","properties":{"access_type":"public","from_level_id":null,"is_accessible":true,"level_id":-1,"network_type":"corridor","to_level_id":null,"vertical_connection_id":null,"building_id":"default","building_name":"Default"},"geometry":{"type":"LineString","coordinates":[[-79.3802889,43.6529695],[-79.380293195,43.652975055]]}},{"type":"Feature","properties":{"access_type":"public","from_level_id":null,"is_accessible":true,"level_id":0,"network_type":"corridor","to_level_id":null,"vertical_connection_id":null,"building_id":"default","building_name":"Default"},"geometry":{"type":"LineString","coordinates":[[-79.3806839,43.6545729],[-79.380759505,43.654556005]]}},{"type":"Feature","properties":{"access_type":"public","from_level_id":null,"is_accessible":true,"level_id":1,"network_type":"corridor","to_level_id":null,"vertical_connection_id":null,"building_id":"default","building_name":"Default"},"geometry":{"type":"LineString","coordinates":[[-79.3805273,43.6526548],[-79.38035193,43.652709061]]}},{"type":"Feature","properties":{"access_type":"public","from_level_id":null,"is_accessible":true,"level_id":1,"network_type":"corridor","to_level_id":null,"vertical_connection_id":null,"building_id":"default","building_name":"Default"},"geometry":{"type":"LineString","coordinates":[[-79.3804684,43.6527542],[-79.380373293,43.652754773]]}},{"type":"Feature","properties":{"access_type":"public","from_level_id":null,"is_accessible":true,"level_id":-1,"network_type":"corridor","to_level_id":null,"vertical_connection_id":null,"building_id":"default","building_name":"Default"},"geometry":{"type":"LineString","coordinates":[[-79.3802527,43.6531381],[-79.380243342,43.653137424]]}},{"type":"Feature","properties":{"access_type":"public","from_level_id":null,"is_accessible":true,"level_id":-1,"network_type":"corridor","to_level_id":null,"vertical_connection_id":null,"building_id":"default","building_name":"Default"},"geometry":{"type":"LineString","coordinates":[[-79.380363,43.6533491],[-79.380348526,43.653349153]]}},{"type":"Feature","properties":{"access_type":"public","from_level_id":null,"is_accessible":true,"level_id":-1,"network_type":"corridor","to_level_id":null,"vertical_connection_id":null,"building_id":"default","building_name":"Default"},"geometry":{"type":"LineString","coordinates":[[-79.3804102,43.6533818],[-79.380429876,43.653379563]]}},{"type":"Feature","properties":{"access_type":"public","from_level_id":null,"is_accessible":true,"level_id":0,"network_type":"corridor","to_level_id":null,"vertical_connection_id":null,"building_id":"default","building_name":"Default"},"geometry":{"type":"LineString","coordinates":[[-79.3811495,43.6539907],[-79.380910073,43.654059753]]}},{"type":"Feature","properties":{"access_type":"public","from_level_id":null,"is_accessible":true,"level_id":-1,"network_type":"corridor","to_level_id":null,"vertical_connection_id":null,"building_id":"default","building_name":"Default"},"geometry":{"type":"LineString","coordinates":[[-79.3804339,43.6542086],[-79.380681347,43.654134475]]}},{"type":"Feature","properties":{"access_type":"public","from_level_id":null,"is_accessible":true,"level_id":-1,"network_type":"corridor","to_level_id":null,"vertical_connection_id":null,"building_id":"default","building_name":"Default"},"geometry":{"type":"LineString","coordinates":[[-79.3800409,43.653375],[-79.380193558,43.653325705]]}},{"type":"Feature","properties":{"access_type":"public","from_level_id":null,"is_accessible":true,"level_id":0,"network_type":"corridor","to_level_id":null,"vertical_connection_id":null,"building_id":"default","building_name":"Default"},"geometry":{"type":"LineString","coordinates":[[-79.3804744,43.6541039],[-79.380599488,43.654067917]]}},{"type":"Feature","properties":{"access_type":"public","from_level_id":null,"is_accessible":true,"level_id":0,"network_type":"corridor","to_level_id":null,"vertical_connection_id":null,"building_id":"default","building_name":"Default"},"geometry":{"type":"LineString","coordinates":[[-79.3808953,43.654013],[-79.380880312,43.654004449]]}},{"type":"Feature","properties":{"access_type":"public","from_level_id":null,"is_accessible":true,"level_id":0,"network_type":"corridor","to_level_id":null,"vertical_connection_id":null,"building_id":"default","building_name":"Default"},"geometry":{"type":"LineString","coordinates":[[-79.3809771,43.6559134],[-79.381034123,43.655882866]]}},{"type":"Feature","properties":{"access_type":"public","from_level_id":null,"is_accessible":true,"level_id":0,"network_type":"corridor","to_level_id":null,"vertical_connection_id":null,"building_id":"default","building_name":"Default"},"geometry":{"type":"LineString","coordinates":[[-79.3806495,43.6544087],[-79.380757439,43.654394996]]}},{"type":"Feature","properties":{"access_type":"public","from_level_id":null,"is_accessible":true,"level_id":1,"network_type":"corridor","to_level_id":null,"vertical_connection_id":null,"building_id":"default","building_name":"Default"},"geometry":{"type":"LineString","coordinates":[[-79.380695,43.6543549],[-79.380785545,43.654356093]]}},{"type":"Feature","properties":{"access_type":"public","from_level_id":null,"is_accessible":true,"level_id":-1,"network_type":"corridor","to_level_id":null,"vertical_connection_id":null,"building_id":"default","building_name":"Default"},"geometry":{"type":"LineString","coordinates":[[-79.3807765,43.6537649],[-79.380708438,43.653783729]]}},{"type":"Feature","properties":{"access_type":"public","from_level_id":null,"is_accessible":true,"level_id":-1,"network_type":"corridor","to_level_id":null,"vertical_connection_id":null,"building_id":"default","building_name":"Default"},"geometry":{"type":"LineString","coordinates":[[-79.3802176,43.6529846],[-79.380193844,43.652997827]]}},{"type":"Feature","properties":{"access_type":"public","from_level_id":null,"is_accessible":true,"level_id":-1,"network_type":"corridor","to_level_id":null,"vertical_connection_id":null,"building_id":"default","building_name":"Default"},"geometry":{"type":"LineString","coordinates":[[-79.3810607,43.6541428],[-79.380906732,43.654206306]]}},{"type":"Feature","properties":{"access_type":"public","from_level_id":null,"is_accessible":true,"level_id":1,"network_type":"corridor","to_level_id":null,"vertical_connection_id":null,"building_id":"default","building_name":"Default"},"geometry":{"type":"LineString","coordinates":[[-79.3808769,43.6532579],[-79.380623506,43.653290143]]}},{"type":"Feature","properties":{"access_type":"public","from_level_id":null,"is_accessible":true,"level_id":1,"network_type":"corridor","to_level_id":null,"vertical_connection_id":null,"building_id":"default","building_name":"Default"},"geometry":{"type":"LineString","coordinates":[[-79.3802953,43.652561],[-79.380279412,43.652577236]]}},{"type":"Feature","properties":{"access_type":"public","from_level_id":null,"is_accessible":true,"level_id":0,"network_type":"corridor","to_level_id":null,"vertical_connection_id":null,"building_id":"default","building_name":"Default"},"geometry":{"type":"LineString","coordinates":[[-79.3799214,43.6530263],[-79.380189294,43.652922813]]}},{"type":"Feature","properties":{"access_type":"public","from_level_id":null,"is_accessible":true,"level_id":1,"network_type":"corridor","to_level_id":null,"vertical_connection_id":null,"building_id":"default","building_name":"Default"},"geometry":{"type":"LineString","coordinates":[[-79.3807371,43.6529703],[-79.380507245,43.653041386]]}},{"type":"Feature","properties":{"access_type":"public","from_level_id":null,"is_accessible":true,"level_id":0,"network_type":"corridor","to_level_id":null,"vertical_connection_id":null,"building_id":"default","building_name":"Default"},"geometry":{"type":"LineString","coordinates":[[-79.3804938,43.6540336],[-79.38058082,43.654019874]]}},{"type":"Feature","properties":{"access_type":"public","from_level_id":null,"is_accessible":true,"level_id":0,"network_type":"corridor","to_level_id":null,"vertical_connection_id":null,"building_id":"default","building_name":"Default"},"geometry":{"type":"LineString","coordinates":[[-79.3805033,43.6527565],[-79.380382644,43.652790105]]}},{"type":"Feature","properties":{"access_type":"public","from_level_id":null,"is_accessible":true,"level_id":1,"network_type":"corridor","to_level_id":null,"vertical_connection_id":null,"building_id":"default","building_name":"Default"},"geometry":{"type":"LineString","coordinates":[[-79.3807999,43.6537765],[-79.380751263,43.653821141]]}},{"type":"Feature","properties":{"access_type":"public","from_level_id":null,"is_accessible":true,"level_id":1,"network_type":"corridor","to_level_id":null,"vertical_connection_id":null,"building_id":"default","building_name":"Default"},"geometry":{"type":"LineString","coordinates":[[-79.3815715,43.6555453],[-79.38129743,43.655620768]]}},{"type":"Feature","properties":{"access_type":"public","from_level_id":null,"is_accessible":true,"level_id":0,"network_type":"corridor","to_level_id":null,"vertical_connection_id":null,"building_id":"default","building_name":"Default"},"geometry":{"type":"LineString","coordinates":[[-79.3828439,43.6554989],[-79.382752746,43.655756459]]}},{"type":"Feature","properties":{"access_type":"public","from_level_id":null,"is_accessible":true,"level_id":1,"network_type":"corridor","to_level_id":null,"vertical_connection_id":null,"building_id":"default","building_name":"Default"},"geometry":{"type":"LineString","coordinates":[[-79.3831602,43.6552498],[-79.38336868,43.655587315]]}},{"type":"Feature","properties":{"access_type":"public","from_level_id":null,"is_accessible":true,"level_id":1,"network_type":"corridor","to_level_id":null,"vertical_connection_id":null,"building_id":"default","building_name":"Default"},"geometry":{"type":"LineString","coordinates":[[-79.3819688,43.6558206],[-79.381905538,43.655900619]]}},{"type":"Feature","properties":{"access_type":"public","from_level_id":null,"is_accessible":true,"level_id":-1,"network_type":"corridor","to_level_id":null,"vertical_connection_id":null,"building_id":"default","building_name":"Default"},"geometry":{"type":"LineString","coordinates":[[-79.3809438,43.6558029],[-79.381098246,43.655784754]]}},{"type":"Feature","properties":{"access_type":"public","from_level_id":null,"is_accessible":true,"level_id":0,"network_type":"corridor","to_level_id":null,"vertical_connection_id":null,"building_id":"default","building_name":"Default"},"geometry":{"type":"LineString","coordinates":[[-79.3807385,43.6529071],[-79.380401668,43.652974523]]}},{"type":"Feature","properties":{"access_type":"public","from_level_id":null,"is_accessible":true,"level_id":-2,"network_type":"corridor","to_level_id":null,"vertical_connection_id":null,"building_id":"default","building_name":"Default"},"geometry":{"type":"LineString","coordinates":[[-79.3811356,43.655445],[-79.381135588,43.655445023]]}},{"type":"Feature","properties":{"access_type":"public","from_level_id":null,"is_accessible":true,"level_id":0,"network_type":"corridor","to_level_id":null,"vertical_connection_id":null,"building_id":"default","building_name":"Default"},"geometry":{"type":"LineString","coordinates":[[-79.3803818,43.6538335],[-79.380445592,43.653812013]]}},{"type":"Feature","properties":{"access_type":"public","from_level_id":null,"is_accessible":true,"level_id":1,"network_type":"corridor","to_level_id":null,"vertical_connection_id":null,"building_id":"default","building_name":"Default"},"geometry":{"type":"LineString","coordinates":[[-79.380365,43.6531412],[-79.380365264,43.653141371]]}},{"type":"Feature","properties":{"access_type":"public","from_level_id":null,"is_accessible":true,"level_id":1,"network_type":"corridor","to_level_id":null,"vertical_connection_id":null,"building_id":"default","building_name":"Default"},"geometry":{"type":"LineString","coordinates":[[-79.3808366,43.6542562],[-79.380836376,43.654256251]]}},{"type":"Feature","properties":{"access_type":"public","from_level_id":null,"is_accessible":true,"level_id":-1,"network_type":"corridor","to_level_id":null,"vertical_connection_id":null,"building_id":"default","building_name":"Default"},"geometry":{"type":"LineString","coordinates":[[-79.3808679,43.6543299],[-79.380870014,43.654329322]]}},{"type":"Feature","properties":{"access_type":"public","from_level_id":null,"is_accessible":true,"level_id":0,"network_type":"corridor","to_level_id":null,"vertical_connection_id":null,"building_id":"default","building_name":"Default"},"geometry":{"type":"LineString","coordinates":[[-79.380641,43.6538001],[-79.380641301,43.653799557]]}},{"type":"Feature","properties":{"access_type":"public","from_level_id":null,"is_accessible":true,"level_id":0,"network_type":"corridor","to_level_id":null,"vertical_connection_id":null,"building_id":"default","building_name":"Default"},"geometry":{"type":"LineString","coordinates":[[-79.3804081,43.6532492],[-79.380408403,43.653248861]]}},{"type":"Feature","properties":{"access_type":"public","from_level_id":null,"is_accessible":true,"level_id":0,"network_type":"corridor","to_level_id":null,"vertical_connection_id":null,"building_id":"default","building_name":"Default"},"geometry":{"type":"LineString","coordinates":[[-79.3803076,43.6530087],[-79.380307509,43.653008407]]}},{"type":"Feature","properties":{"access_type":"public","from_level_id":null,"is_accessible":true,"level_id":-2,"network_type":"corridor","to_level_id":null,"vertical_connection_id":null,"building_id":"default","building_name":"Default"},"geometry":{"type":"LineString","coordinates":[[-79.3811135,43.6557729],[-79.38111374,43.655772944]]}},{"type":"Feature","properties":{"access_type":"public","from_level_id":null,"is_accessible":true,"level_id":2,"network_type":"corridor","to_level_id":null,"vertical_connection_id":null,"building_id":"default","building_name":"Default"},"geometry":{"type":"LineString","coordinates":[[-79.3810073,43.6542957],[-79.381007006,43.654297165]]}},{"type":"Feature","properties":{"access_type":"public","from_level_id":null,"is_accessible":true,"level_id":-1,"network_type":"corridor","to_level_id":null,"vertical_connection_id":null,"building_id":"default","building_name":"Default"},"geometry":{"type":"LineString","coordinates":[[-79.3802065,43.6534682],[-79.380262973,43.653462243]]}},{"type":"Feature","properties":{"access_type":"public","from_level_id":null,"is_accessible":true,"level_id":1,"network_type":"corridor","to_level_id":null,"vertical_connection_id":null,"building_id":"default","building_name":"Default"},"geometry":{"type":"LineString","coordinates":[[-79.3806043,43.652763],[-79.380416732,43.652847717]]}},{"type":"Feature","properties":{"access_type":"public","from_level_id":null,"is_accessible":true,"level_id":0,"network_type":"corridor","to_level_id":null,"vertical_connection_id":null,"building_id":"default","building_name":"Default"},"geometry":{"type":"LineString","coordinates":[[-79.380657,43.6538452],[-79.380665864,43.653844743]]}},{"type":"Feature","properties":{"access_type":"public","from_level_id":null,"is_accessible":true,"level_id":-1,"network_type":"corridor","to_level_id":null,"vertical_connection_id":null,"building_id":"default","building_name":"Default"},"geometry":{"type":"LineString","coordinates":[[-79.3809668,43.6559955],[-79.381033031,43.656000295]]}},{"type":"Feature","properties":{"access_type":"public","from_level_id":null,"is_accessible":true,"level_id":-1,"network_type":"corridor","to_level_id":null,"vertical_connection_id":null,"building_id":"default","building_name":"Default"},"geometry":{"type":"LineString","coordinates":[[-79.381238,43.6550212],[-79.381177659,43.655028155]]}},{"type":"Feature","properties":{"access_type":"public","from_level_id":null,"is_accessible":true,"level_id":-1,"network_type":"corridor","to_level_id":null,"vertical_connection_id":null,"building_id":"default","building_name":"Default"},"geometry":{"type":"LineString","coordinates":[[-79.3802838,43.6531833],[-79.380268615,43.653193587]]}},{"type":"Feature","properties":{"access_type":"public","from_level_id":null,"is_accessible":true,"level_id":1,"network_type":"corridor","to_level_id":null,"vertical_connection_id":null,"building_id":"default","building_name":"Default"},"geometry":{"type":"LineString","coordinates":[[-79.3805448,43.6539548],[-79.38061336,43.65395239]]}},{"type":"Feature","properties":{"access_type":"public","from_level_id":null,"is_accessible":true,"level_id":-1,"network_type":"corridor","to_level_id":null,"vertical_connection_id":null,"building_id":"default","building_name":"Default"},"geometry":{"type":"LineString","coordinates":[[-79.3805725,43.6538961],[-79.38057542,43.653882815]]}},{"type":"Feature","properties":{"access_type":"public","from_level_id":null,"is_accessible":true,"level_id":-1,"network_type":"corridor","to_level_id":null,"vertical_connection_id":null,"building_id":"default","building_name":"Default"},"geometry":{"type":"LineString","coordinates":[[-79.3803158,43.6532974],[-79.380311856,43.65329977]]}},{"type":"Feature","properties":{"access_type":"public","from_level_id":null,"is_accessible":true,"level_id":-2,"network_type":"corridor","to_level_id":null,"vertical_connection_id":null,"building_id":"default","building_name":"Default"},"geometry":{"type":"LineString","coordinates":[[-79.3810457,43.6546313],[-79.381012635,43.654721483]]}},{"type":"Feature","properties":{"access_type":"public","from_level_id":null,"is_accessible":true,"level_id":-1,"network_type":"corridor","to_level_id":null,"vertical_connection_id":null,"building_id":"default","building_name":"Default"},"geometry":{"type":"LineString","coordinates":[[-79.38083,43.6542331],[-79.380825745,43.654224151]]}},{"type":"Feature","properties":{"access_type":"public","from_level_id":null,"is_accessible":true,"level_id":-2,"network_type":"corridor","to_level_id":null,"vertical_connection_id":null,"building_id":"default","building_name":"Default"},"geometry":{"type":"LineString","coordinates":[[-79.3810639,43.65513],[-79.381055822,43.655142119]]}},{"type":"Feature","properties":{"access_type":"public","from_level_id":null,"is_accessible":true,"level_id":1,"network_type":"corridor","to_level_id":null,"vertical_connection_id":null,"building_id":"default","building_name":"Default"},"geometry":{"type":"LineString","coordinates":[[-79.3805461,43.6542366],[-79.380718154,43.654206763]]}},{"type":"Feature","properties":{"access_type":"public","from_level_id":null,"is_accessible":true,"level_id":0,"network_type":"corridor","to_level_id":null,"vertical_connection_id":null,"building_id":"default","building_name":"Default"},"geometry":{"type":"LineString","coordinates":[[-79.3822594,43.6554385],[-79.382463406,43.655552146]]}},{"type":"Feature","properties":{"access_type":"public","from_level_id":null,"is_accessible":true,"level_id":-1,"network_type":"corridor","to_level_id":null,"vertical_connection_id":null,"building_id":"default","building_name":"Default"},"geometry":{"type":"LineString","coordinates":[[-79.3806065,43.6543778],[-79.380766185,43.6543522]]}},{"type":"Feature","properties":{"access_type":"public","from_level_id":null,"is_accessible":true,"level_id":0,"network_type":"corridor","to_level_id":null,"vertical_connection_id":null,"building_id":"default","building_name":"Default"},"geometry":{"type":"LineString","coordinates":[[-79.3802771,43.652568],[-79.380238293,43.65257874]]}},{"type":"Feature","properties":{"access_type":"public","from_level_id":null,"is_accessible":true,"level_id":1,"network_type":"corridor","to_level_id":null,"vertical_connection_id":null,"building_id":"default","building_name":"Default"},"geometry":{"type":"LineString","coordinates":[[-79.3825391,43.6554819],[-79.38276398,43.655768893]]}},{"type":"Feature","properties":{"access_type":"public","from_level_id":null,"is_accessible":true,"level_id":0,"network_type":"corridor","to_level_id":null,"vertical_connection_id":null,"building_id":"default","building_name":"Default"},"geometry":{"type":"LineString","coordinates":[[-79.3812786,43.6551724],[-79.381139677,43.655185942]]}},{"type":"Feature","properties":{"access_type":"public","from_level_id":null,"is_accessible":true,"level_id":1,"network_type":"corridor","to_level_id":null,"vertical_connection_id":null,"building_id":"default","building_name":"Default"},"geometry":{"type":"LineString","coordinates":[[-79.3801225,43.653153],[-79.380204744,43.653140587]]}},{"type":"Feature","properties":{"access_type":"public","from_level_id":null,"is_accessible":true,"level_id":0,"network_type":"corridor","to_level_id":null,"vertical_connection_id":null,"building_id":"default","building_name":"Default"},"geometry":{"type":"LineString","coordinates":[[-79.3809413,43.6552282],[-79.380973549,43.655222549]]}},{"type":"Feature","properties":{"access_type":"public","from_level_id":null,"is_accessible":true,"level_id":-2,"network_type":"corridor","to_level_id":null,"vertical_connection_id":null,"building_id":"default","building_name":"Default"},"geometry":{"type":"LineString","coordinates":[[-79.3808626,43.6546212],[-79.380890492,43.654643717]]}},{"type":"Feature","properties":{"access_type":"public","from_level_id":null,"is_accessible":true,"level_id":1,"network_type":"corridor","to_level_id":null,"vertical_connection_id":null,"building_id":"default","building_name":"Default"},"geometry":{"type":"LineString","coordinates":[[-79.3807334,43.6528551],[-79.380464583,43.652950103]]}},{"type":"Feature","properties":{"access_type":"public","from_level_id":null,"is_accessible":true,"level_id":-1,"network_type":"corridor","to_level_id":null,"vertical_connection_id":null,"building_id":"default","building_name":"Default"},"geometry":{"type":"LineString","coordinates":[[-79.38032,43.6531233],[-79.380350274,43.653110708]]}},{"type":"Feature","properties":{"access_type":"public","from_level_id":null,"is_accessible":true,"level_id":-1,"network_type":"corridor","to_level_id":null,"vertical_connection_id":null,"building_id":"default","building_name":"Default"},"geometry":{"type":"LineString","coordinates":[[-79.3809919,43.653578],[-79.380705229,43.653587421]]}},{"type":"Feature","properties":{"access_type":"public","from_level_id":null,"is_accessible":true,"level_id":1,"network_type":"corridor","to_level_id":null,"vertical_connection_id":null,"building_id":"default","building_name":"Default"},"geometry":{"type":"LineString","coordinates":[[-79.3803286,43.6537781],[-79.380404804,43.653759358]]}},{"type":"Feature","properties":{"access_type":"public","from_level_id":null,"is_accessible":true,"level_id":0,"network_type":"corridor","to_level_id":null,"vertical_connection_id":null,"building_id":"default","building_name":"Default"},"geometry":{"type":"LineString","coordinates":[[-79.3812179,43.6543624],[-79.381070453,43.654369218]]}},{"type":"Feature","properties":{"access_type":"public","from_level_id":null,"is_accessible":true,"level_id":0,"network_type":"corridor","to_level_id":null,"vertical_connection_id":null,"building_id":"default","building_name":"Default"},"geometry":{"type":"LineString","coordinates":[[-79.3802587,43.653484],[-79.380420214,43.653449842]]}},{"type":"Feature","properties":{"access_type":"public","from_level_id":null,"is_accessible":true,"level_id":0,"network_type":"corridor","to_level_id":null,"vertical_connection_id":null,"building_id":"default","building_name":"Default"},"geometry":{"type":"LineString","coordinates":[[-79.3810567,43.6552123],[-79.38105246,43.655205161]]}},{"type":"Feature","properties":{"access_type":"public","from_level_id":null,"is_accessible":true,"level_id":-2,"network_type":"corridor","to_level_id":null,"vertical_connection_id":null,"building_id":"default","building_name":"Default"},"geometry":{"type":"LineString","coordinates":[[-79.3811013,43.6552193],[-79.381084845,43.655219259]]}},{"type":"Feature","properties":{"access_type":"public","from_level_id":null,"is_accessible":true,"level_id":-1,"network_type":"corridor","to_level_id":null,"vertical_connection_id":null,"building_id":"default","building_name":"Default"},"geometry":{"type":"LineString","coordinates":[[-79.3812114,43.6540069],[-79.380859933,43.654095125]]}},{"type":"Feature","properties":{"access_type":"public","from_level_id":null,"is_accessible":true,"level_id":0,"network_type":"corridor","to_level_id":null,"vertical_connection_id":null,"building_id":"default","building_name":"Default"},"geometry":{"type":"LineString","coordinates":[[-79.3804246,43.6542119],[-79.380640623,43.654173778]]}},{"type":"Feature","properties":{"access_type":"public","from_level_id":null,"is_accessible":true,"level_id":-1,"network_type":"corridor","to_level_id":null,"vertical_connection_id":null,"building_id":"default","building_name":"Default"},"geometry":{"type":"LineString","coordinates":[[-79.3812508,43.6542491],[-79.380996685,43.65430141]]}},{"type":"Feature","properties":{"access_type":"public","from_level_id":null,"is_accessible":true,"level_id":-1,"network_type":"corridor","to_level_id":null,"vertical_connection_id":null,"building_id":"default","building_name":"Default"},"geometry":{"type":"LineString","coordinates":[[-79.3798708,43.6529106],[-79.379963759,43.652785427]]}},{"type":"Feature","properties":{"access_type":"public","from_level_id":null,"is_accessible":true,"level_id":-2,"network_type":"corridor","to_level_id":null,"vertical_connection_id":null,"building_id":"default","building_name":"Default"},"geometry":{"type":"LineString","coordinates":[[-79.3808907,43.6554328],[-79.38093346,43.65541207]]}},{"type":"Feature","properties":{"access_type":"public","from_level_id":null,"is_accessible":true,"level_id":-2,"network_type":"corridor","to_level_id":null,"vertical_connection_id":null,"building_id":"default","building_name":"Default"},"geometry":{"type":"LineString","coordinates":[[-79.3811323,43.6548276],[-79.38110314,43.654839451]]}},{"type":"Feature","properties":{"access_type":"public","from_level_id":null,"is_accessible":true,"level_id":-2,"network_type":"corridor","to_level_id":null,"vertical_connection_id":null,"building_id":"default","building_name":"Default"},"geometry":{"type":"LineString","coordinates":[[-79.3815634,43.6554028],[-79.381545246,43.655408616]]}},{"type":"Feature","properties":{"access_type":"public","from_level_id":null,"is_accessible":true,"level_id":0,"network_type":"corridor","to_level_id":null,"vertical_connection_id":null,"building_id":"default","building_name":"Default"},"geometry":{"type":"LineString","coordinates":[[-79.3803301,43.6525924],[-79.380277789,43.652610303]]}},{"type":"Feature","properties":{"access_type":"public","from_level_id":null,"is_accessible":true,"level_id":-1,"network_type":"corridor","to_level_id":null,"vertical_connection_id":null,"building_id":"default","building_name":"Default"},"geometry":{"type":"LineString","coordinates":[[-79.3807368,43.6540104],[-79.380733866,43.654011261]]}},{"type":"Feature","properties":{"access_type":"public","from_level_id":null,"is_accessible":true,"level_id":-1,"network_type":"corridor","to_level_id":null,"vertical_connection_id":null,"building_id":"default","building_name":"Default"},"geometry":{"type":"LineString","coordinates":[[-79.3813127,43.6543714],[-79.381068224,43.654412065]]}},{"type":"Feature","properties":{"access_type":"public","from_level_id":null,"is_accessible":true,"level_id":0,"network_type":"corridor","to_level_id":null,"vertical_connection_id":null,"building_id":"default","building_name":"Default"},"geometry":{"type":"LineString","coordinates":[[-79.3801909,43.6524168],[-79.380178658,43.652468869]]}},{"type":"Feature","properties":{"access_type":"public","from_level_id":null,"is_accessible":true,"level_id":0,"network_type":"corridor","to_level_id":null,"vertical_connection_id":null,"building_id":"default","building_name":"Default"},"geometry":{"type":"LineString","coordinates":[[-79.3805373,43.6542812],[-79.380672013,43.65425456]]}},{"type":"Feature","properties":{"access_type":"public","from_level_id":null,"is_accessible":true,"level_id":0,"network_type":"corridor","to_level_id":null,"vertical_connection_id":null,"building_id":"default","building_name":"Default"},"geometry":{"type":"LineString","coordinates":[[-79.3800389,43.653133],[-79.380254039,43.653079507]]}},{"type":"Feature","properties":{"access_type":"public","from_level_id":null,"is_accessible":true,"level_id":-2,"network_type":"corridor","to_level_id":null,"vertical_connection_id":null,"building_id":"default","building_name":"Default"},"geometry":{"type":"LineString","coordinates":[[-79.3814629,43.6552564],[-79.381419685,43.655258602]]}},{"type":"Feature","properties":{"access_type":"public","from_level_id":null,"is_accessible":true,"level_id":0,"network_type":"corridor","to_level_id":null,"vertical_connection_id":null,"building_id":"default","building_name":"Default"},"geometry":{"type":"LineString","coordinates":[[-79.381106,43.6541668],[-79.380977223,43.654184537]]}},{"type":"Feature","properties":{"access_type":"public","from_level_id":null,"is_accessible":true,"level_id":-1,"network_type":"corridor","to_level_id":null,"vertical_connection_id":null,"building_id":"default","building_name":"Default"},"geometry":{"type":"LineString","coordinates":[[-79.3803274,43.653064],[-79.380334823,43.653063217]]}},{"type":"Feature","properties":{"access_type":"public","from_level_id":null,"is_accessible":true,"level_id":-1,"network_type":"corridor","to_level_id":null,"vertical_connection_id":null,"building_id":"default","building_name":"Default"},"geometry":{"type":"LineString","coordinates":[[-79.3811545,43.6551818],[-79.381156025,43.655187348]]}},{"type":"Feature","properties":{"access_type":"public","from_level_id":null,"is_accessible":true,"level_id":-1,"network_type":"corridor","to_level_id":null,"vertical_connection_id":null,"building_id":"default","building_name":"Default"},"geometry":{"type":"LineString","coordinates":[[-79.3810228,43.6556551],[-79.381113858,43.655620222]]}},{"type":"Feature","properties":{"access_type":"public","from_level_id":null,"is_accessible":true,"level_id":0,"network_type":"corridor","to_level_id":null,"vertical_connection_id":null,"building_id":"default","building_name":"Default"},"geometry":{"type":"LineString","coordinates":[[-79.3806991,43.6543223],[-79.380744872,43.65434275]]}},{"type":"Feature","properties":{"access_type":"public","from_level_id":null,"is_accessible":true,"level_id":-2,"network_type":"corridor","to_level_id":null,"vertical_connection_id":null,"building_id":"default","building_name":"Default"},"geometry":{"type":"LineString","coordinates":[[-79.3815399,43.6555626],[-79.381544964,43.655554785]]}},{"type":"Feature","properties":{"access_type":"public","from_level_id":null,"is_accessible":true,"level_id":-2,"network_type":"corridor","to_level_id":null,"vertical_connection_id":null,"building_id":"default","building_name":"Default"},"geometry":{"type":"LineString","coordinates":[[-79.3813653,43.6552127],[-79.381363928,43.655243331]]}},{"type":"Feature","properties":{"access_type":"public","from_level_id":null,"is_accessible":true,"level_id":-1,"network_type":"corridor","to_level_id":null,"vertical_connection_id":null,"building_id":"default","building_name":"Default"},"geometry":{"type":"LineString","coordinates":[[-79.3805654,43.6527183],[-79.380337553,43.652778586]]}},{"type":"Feature","properties":{"access_type":"public","from_level_id":null,"is_accessible":true,"level_id":0,"network_type":"corridor","to_level_id":null,"vertical_connection_id":null,"building_id":"default","building_name":"Default"},"geometry":{"type":"LineString","coordinates":[[-79.3811469,43.6548108],[-79.380989783,43.654829865]]}},{"type":"Feature","properties":{"access_type":"public","from_level_id":null,"is_accessible":true,"level_id":0,"network_type":"corridor","to_level_id":null,"vertical_connection_id":null,"building_id":"default","building_name":"Default"},"geometry":{"type":"LineString","coordinates":[[-79.3808742,43.6543511],[-79.380888749,43.654347274]]}},{"type":"Feature","properties":{"access_type":"public","from_level_id":null,"is_accessible":true,"level_id":1,"network_type":"corridor","to_level_id":null,"vertical_connection_id":null,"building_id":"default","building_name":"Default"},"geometry":{"type":"LineString","coordinates":[[-79.3812913,43.6544407],[-79.3811441,43.654473253]]}},{"type":"Feature","properties":{"access_type":"public","from_level_id":null,"is_accessible":true,"level_id":0,"network_type":"corridor","to_level_id":null,"vertical_connection_id":null,"building_id":"default","building_name":"Default"},"geometry":{"type":"LineString","coordinates":[[-79.3798268,43.6529101],[-79.380046616,43.652842611]]}},{"type":"Feature","properties":{"access_type":"public","from_level_id":null,"is_accessible":true,"level_id":-2,"network_type":"corridor","to_level_id":null,"vertical_connection_id":null,"building_id":"default","building_name":"Default"},"geometry":{"type":"LineString","coordinates":[[-79.3810777,43.6556795],[-79.381044036,43.65562084]]}},{"type":"Feature","properties":{"access_type":"public","from_level_id":null,"is_accessible":true,"level_id":0,"network_type":"corridor","to_level_id":null,"vertical_connection_id":null,"building_id":"default","building_name":"Default"},"geometry":{"type":"LineString","coordinates":[[-79.381085,43.6549056],[-79.381018876,43.654898977]]}},{"type":"Feature","properties":{"access_type":"public","from_level_id":null,"is_accessible":true,"level_id":-1,"network_type":"corridor","to_level_id":null,"vertical_connection_id":null,"building_id":"default","building_name":"Default"},"geometry":{"type":"LineString","coordinates":[[-79.3810539,43.6561366],[-79.381026919,43.656107546]]}},{"type":"Feature","properties":{"access_type":"public","from_level_id":null,"is_accessible":true,"level_id":-1,"network_type":"corridor","to_level_id":null,"vertical_connection_id":null,"building_id":"default","building_name":"Default"},"geometry":{"type":"LineString","coordinates":[[-79.3805372,43.6537601],[-79.38053904,43.653764186]]}},{"type":"Feature","properties":{"access_type":"public","from_level_id":null,"is_accessible":true,"level_id":-1,"network_type":"corridor","to_level_id":null,"vertical_connection_id":null,"building_id":"default","building_name":"Default"},"geometry":{"type":"LineString","coordinates":[[-79.3812339,43.6544584],[-79.381111504,43.654517257]]}},{"type":"Feature","properties":{"access_type":"public","from_level_id":null,"is_accessible":true,"level_id":1,"network_type":"corridor","to_level_id":null,"vertical_connection_id":null,"building_id":"default","building_name":"Default"},"geometry":{"type":"LineString","coordinates":[[-79.3801923,43.6533819],[-79.380312056,43.653363034]]}},{"type":"Feature","properties":{"access_type":"public","from_level_id":null,"is_accessible":true,"level_id":0,"network_type":"corridor","to_level_id":null,"vertical_connection_id":null,"building_id":"default","building_name":"Default"},"geometry":{"type":"LineString","coordinates":[[-79.3808887,43.655428],[-79.381046461,43.655390365]]}},{"type":"Feature","properties":{"access_type":"public","from_level_id":null,"is_accessible":true,"level_id":0,"network_type":"corridor","to_level_id":null,"vertical_connection_id":null,"building_id":"default","building_name":"Default"},"geometry":{"type":"LineString","coordinates":[[-79.3811201,43.6553596],[-79.381122948,43.655372806]]}},{"type":"Feature","properties":{"access_type":"public","from_level_id":null,"is_accessible":true,"level_id":-1,"network_type":"corridor","to_level_id":null,"vertical_connection_id":null,"building_id":"default","building_name":"Default"},"geometry":{"type":"LineString","coordinates":[[-79.3812221,43.6560214],[-79.381232669,43.65604199]]}},{"type":"Feature","properties":{"access_type":"public","from_level_id":null,"is_accessible":true,"level_id":-2,"network_type":"corridor","to_level_id":null,"vertical_connection_id":null,"building_id":"default","building_name":"Default"},"geometry":{"type":"LineString","coordinates":[[-79.3806402,43.6548526],[-79.380799035,43.654924983]]}},{"type":"Feature","properties":{"access_type":"public","from_level_id":null,"is_accessible":true,"level_id":-2,"network_type":"corridor","to_level_id":null,"vertical_connection_id":null,"building_id":"default","building_name":"Default"},"geometry":{"type":"LineString","coordinates":[[-79.3809857,43.6551473],[-79.380980436,43.655159257]]}},{"type":"Feature","properties":{"access_type":"public","from_level_id":null,"is_accessible":true,"level_id":-2,"network_type":"corridor","to_level_id":null,"vertical_connection_id":null,"building_id":"default","building_name":"Default"},"geometry":{"type":"LineString","coordinates":[[-79.3812681,43.6556694],[-79.381244756,43.655615192]]}},{"type":"Feature","properties":{"access_type":"public","from_level_id":null,"is_accessible":true,"level_id":-2,"network_type":"corridor","to_level_id":null,"vertical_connection_id":null,"building_id":"default","building_name":"Default"},"geometry":{"type":"LineString","coordinates":[[-79.3815891,43.6554943],[-79.381583955,43.655501864]]}},{"type":"Feature","properties":{"access_type":"public","from_level_id":null,"is_accessible":true,"level_id":-1,"network_type":"corridor","to_level_id":null,"vertical_connection_id":null,"building_id":"default","building_name":"Default"},"geometry":{"type":"LineString","coordinates":[[-79.3810141,43.656048],[-79.381034355,43.656043823]]}},{"type":"Feature","properties":{"access_type":"public","from_level_id":null,"is_accessible":true,"level_id":-1,"network_type":"corridor","to_level_id":null,"vertical_connection_id":null,"building_id":"default","building_name":"Default"},"geometry":{"type":"LineString","coordinates":[[-79.3807762,43.6528673],[-79.380425625,43.652944702]]}},{"type":"Feature","properties":{"access_type":"public","from_level_id":null,"is_accessible":true,"level_id":-2,"network_type":"corridor","to_level_id":null,"vertical_connection_id":null,"building_id":"default","building_name":"Default"},"geometry":{"type":"LineString","coordinates":[[-79.3814688,43.6555808],[-79.381460229,43.655571815]]}},{"type":"Feature","properties":{"access_type":"public","from_level_id":null,"is_accessible":true,"level_id":-1,"network_type":"corridor","to_level_id":null,"vertical_connection_id":null,"building_id":"default","building_name":"Default"},"geometry":{"type":"LineString","coordinates":[[-79.3804451,43.6533351],[-79.380441338,43.653327061]]}},{"type":"Feature","properties":{"access_type":"public","from_level_id":null,"is_accessible":true,"level_id":1,"network_type":"corridor","to_level_id":null,"vertical_connection_id":null,"building_id":"default","building_name":"Default"},"geometry":{"type":"LineString","coordinates":[[-79.379981,43.6530713],[-79.380146851,43.653020581]]}},{"type":"Feature","properties":{"access_type":"public","from_level_id":null,"is_accessible":true,"level_id":-2,"network_type":"corridor","to_level_id":null,"vertical_connection_id":null,"building_id":"default","building_name":"Default"},"geometry":{"type":"LineString","coordinates":[[-79.380953,43.6554868],[-79.380955949,43.65546952]]}},{"type":"Feature","properties":{"access_type":"public","from_level_id":null,"is_accessible":true,"level_id":-2,"network_type":"corridor","to_level_id":null,"vertical_connection_id":null,"building_id":"default","building_name":"Default"},"geometry":{"type":"LineString","coordinates":[[-79.381338,43.6556217],[-79.381318022,43.655603958]]}},{"type":"Feature","properties":{"access_type":"public","from_level_id":null,"is_accessible":true,"level_id":-2,"network_type":"corridor","to_level_id":null,"vertical_connection_id":null,"building_id":"default","building_name":"Default"},"geometry":{"type":"LineString","coordinates":[[-79.381023,43.6552367],[-79.381013952,43.65523672]]}},{"type":"Feature","properties":{"access_type":"public","from_level_id":null,"is_accessible":true,"level_id":0,"network_type":"corridor","to_level_id":null,"vertical_connection_id":null,"building_id":"default","building_name":"Default"},"geometry":{"type":"LineString","coordinates":[[-79.381159,43.6554485],[-79.381155552,43.655450058]]}},{"type":"Feature","properties":{"access_type":"public","from_level_id":null,"is_accessible":true,"level_id":1,"network_type":"corridor","to_level_id":null,"vertical_connection_id":null,"building_id":"default","building_name":"Default"},"geometry":{"type":"LineString","coordinates":[[-79.3808803,43.6555834],[-79.381056286,43.655601672]]}},{"type":"Feature","properties":{"access_type":"public","from_level_id":null,"is_accessible":true,"level_id":-2,"network_type":"corridor","to_level_id":null,"vertical_connection_id":null,"building_id":"default","building_name":"Default"},"geometry":{"type":"LineString","coordinates":[[-79.3811931,43.6549614],[-79.381149131,43.654954094]]}},{"type":"Feature","properties":{"access_type":"public","from_level_id":null,"is_accessible":true,"level_id":0,"network_type":"corridor","to_level_id":null,"vertical_connection_id":null,"building_id":"default","building_name":"Default"},"geometry":{"type":"LineString","coordinates":[[-79.3804471,43.6538763],[-79.380487228,43.653857017]]}},{"type":"Feature","properties":{"access_type":"public","from_level_id":null,"is_accessible":true,"level_id":2,"network_type":"corridor","to_level_id":null,"vertical_connection_id":null,"building_id":"default","building_name":"Default"},"geometry":{"type":"LineString","coordinates":[[-79.3811199,43.6535348],[-79.381122678,43.653610231]]}},{"type":"Feature","properties":{"access_type":"public","from_level_id":null,"is_accessible":true,"level_id":0,"network_type":"corridor","to_level_id":null,"vertical_connection_id":null,"building_id":"default","building_name":"Default"},"geometry":{"type":"LineString","coordinates":[[-79.3798694,43.6533576],[-79.379888956,43.653481533]]}},{"type":"Feature","properties":{"access_type":"public","from_level_id":null,"is_accessible":true,"level_id":0,"network_type":"corridor","to_level_id":null,"vertical_connection_id":null,"building_id":"default","building_name":"Default"},"geometry":{"type":"LineString","coordinates":[[-79.3803874,43.6526545],[-79.38032502,43.652663053]]}},{"type":"Feature","properties":{"access_type":"public","from_level_id":null,"is_accessible":true,"level_id":-1,"network_type":"corridor","to_level_id":null,"vertical_connection_id":null,"building_id":"default","building_name":"Default"},"geometry":{"type":"LineString","coordinates":[[-79.3808889,43.6555782],[-79.381087475,43.655552154]]}},{"type":"Feature","properties":{"access_type":"public","from_level_id":null,"is_accessible":true,"level_id":1,"network_type":"corridor","to_level_id":null,"vertical_connection_id":null,"building_id":"default","building_name":"Default"},"geometry":{"type":"LineString","coordinates":[[-79.3804433,43.6546506],[-79.380403051,43.654629022]]}},{"type":"Feature","properties":{"access_type":"public","from_level_id":null,"is_accessible":true,"level_id":1,"network_type":"corridor","to_level_id":null,"vertical_connection_id":null,"building_id":"default","building_name":"Default"},"geometry":{"type":"LineString","coordinates":[[-79.3806261,43.6542975],[-79.38074932,43.654275418]]}},{"type":"Feature","properties":{"access_type":"public","from_level_id":null,"is_accessible":true,"level_id":0,"network_type":"corridor","to_level_id":null,"vertical_connection_id":null,"building_id":"default","building_name":"Default"},"geometry":{"type":"LineString","coordinates":[[-79.3808056,43.6552028],[-79.38094825,43.655162452]]}},{"type":"Feature","properties":{"access_type":"public","from_level_id":null,"is_accessible":true,"level_id":-1,"network_type":"corridor","to_level_id":null,"vertical_connection_id":null,"building_id":"default","building_name":"Default"},"geometry":{"type":"LineString","coordinates":[[-79.3803188,43.6532392],[-79.380299166,43.653243748]]}},{"type":"Feature","properties":{"access_type":"public","from_level_id":null,"is_accessible":true,"level_id":0,"network_type":"corridor","to_level_id":null,"vertical_connection_id":null,"building_id":"default","building_name":"Default"},"geometry":{"type":"LineString","coordinates":[[-79.3802987,43.6539799],[-79.38055452,43.65395219]]}},{"type":"Feature","properties":{"access_type":"public","from_level_id":null,"is_accessible":true,"level_id":-1,"network_type":"corridor","to_level_id":null,"vertical_connection_id":null,"building_id":"default","building_name":"Default"},"geometry":{"type":"LineString","coordinates":[[-79.3808843,43.6543541],[-79.380880765,43.654354863]]}},{"type":"Feature","properties":{"access_type":"public","from_level_id":null,"is_accessible":true,"level_id":0,"network_type":"corridor","to_level_id":null,"vertical_connection_id":null,"building_id":"default","building_name":"Default"},"geometry":{"type":"LineString","coordinates":[[-79.3806722,43.6547378],[-79.380761043,43.654717731]]}},{"type":"Feature","properties":{"access_type":"public","from_level_id":null,"is_accessible":true,"level_id":0,"network_type":"corridor","to_level_id":null,"vertical_connection_id":null,"building_id":"default","building_name":"Default"},"geometry":{"type":"LineString","coordinates":[[-79.3804303,43.652671],[-79.380345257,43.652711131]]}},{"type":"Feature","properties":{"access_type":"public","from_level_id":null,"is_accessible":true,"level_id":0,"network_type":"corridor","to_level_id":null,"vertical_connection_id":null,"building_id":"default","building_name":"Default"},"geometry":{"type":"LineString","coordinates":[[-79.3811901,43.6551074],[-79.381114378,43.655125844]]}},{"type":"Feature","properties":{"access_type":"public","from_level_id":null,"is_accessible":true,"level_id":0,"network_type":"corridor","to_level_id":null,"vertical_connection_id":null,"building_id":"default","building_name":"Default"},"geometry":{"type":"LineString","coordinates":[[-79.379997,43.6531863],[-79.380280766,43.65313907]]}},{"type":"Feature","properties":{"access_type":"public","from_level_id":null,"is_accessible":true,"level_id":1,"network_type":"corridor","to_level_id":null,"vertical_connection_id":null,"building_id":"default","building_name":"Default"},"geometry":{"type":"LineString","coordinates":[[-79.380772,43.6530635],[-79.380557287,43.653148458]]}},{"type":"Feature","properties":{"access_type":"public","from_level_id":null,"is_accessible":true,"level_id":-1,"network_type":"corridor","to_level_id":null,"vertical_connection_id":null,"building_id":"default","building_name":"Default"},"geometry":{"type":"LineString","coordinates":[[-79.3803552,43.6524788],[-79.380155438,43.652654438]]}},{"type":"Feature","properties":{"access_type":"public","from_level_id":null,"is_accessible":true,"level_id":-1,"network_type":"corridor","to_level_id":null,"vertical_connection_id":null,"building_id":"default","building_name":"Default"},"geometry":{"type":"LineString","coordinates":[[-79.3810282,43.6538628],[-79.380800214,43.653893879]]}},{"type":"Feature","properties":{"access_type":"public","from_level_id":null,"is_accessible":true,"level_id":0,"network_type":"corridor","to_level_id":null,"vertical_connection_id":null,"building_id":"default","building_name":"Default"},"geometry":{"type":"LineString","coordinates":[[-79.3800637,43.6524459],[-79.380063023,43.652439973]]}},{"type":"Feature","properties":{"access_type":"public","from_level_id":null,"is_accessible":true,"level_id":0,"network_type":"corridor","to_level_id":null,"vertical_connection_id":null,"building_id":"default","building_name":"Default"},"geometry":{"type":"LineString","coordinates":[[-79.3799479,43.6536073],[-79.379941664,43.653622278]]}},{"type":"Feature","properties":{"access_type":"public","from_level_id":null,"is_accessible":true,"level_id":0,"network_type":"corridor","to_level_id":null,"vertical_connection_id":null,"building_id":"default","building_name":"Default"},"geometry":{"type":"LineString","coordinates":[[-79.3809096,43.6534038],[-79.380917533,43.653405662]]}},{"type":"Feature","properties":{"access_type":"public","from_level_id":null,"is_accessible":true,"level_id":1,"network_type":"corridor","to_level_id":null,"vertical_connection_id":null,"building_id":"default","building_name":"Default"},"geometry":{"type":"LineString","coordinates":[[-79.380945,43.6559115],[-79.380935319,43.655910305]]}},{"type":"Feature","properties":{"access_type":"public","from_level_id":null,"is_accessible":true,"level_id":1,"network_type":"corridor","to_level_id":null,"vertical_connection_id":null,"building_id":"default","building_name":"Default"},"geometry":{"type":"LineString","coordinates":[[-79.3816663,43.6559936],[-79.38167161,43.656005118]]}},{"type":"Feature","properties":{"access_type":"public","from_level_id":null,"is_accessible":true,"level_id":1,"network_type":"corridor","to_level_id":null,"vertical_connection_id":null,"building_id":"default","building_name":"Default"},"geometry":{"type":"LineString","coordinates":[[-79.3806427,43.654709],[-79.380637134,43.654711041]]}},{"type":"Feature","properties":{"access_type":"public","from_level_id":null,"is_accessible":true,"level_id":1,"network_type":"corridor","to_level_id":null,"vertical_connection_id":null,"building_id":"default","building_name":"Default"},"geometry":{"type":"LineString","coordinates":[[-79.3811748,43.6545936],[-79.381181415,43.654592959]]}},{"type":"Feature","properties":{"access_type":"public","from_level_id":null,"is_accessible":true,"level_id":0,"network_type":"corridor","to_level_id":null,"vertical_connection_id":null,"building_id":"default","building_name":"Default"},"geometry":{"type":"LineString","coordinates":[[-79.3826828,43.6557298],[-79.382713097,43.65572292]]}},{"type":"Feature","properties":{"access_type":"public","from_level_id":null,"is_accessible":true,"level_id":0,"network_type":"corridor","to_level_id":null,"vertical_connection_id":null,"building_id":"default","building_name":"Default"},"geometry":{"type":"LineString","coordinates":[[-79.3832816,43.6550472],[-79.382713097,43.65572292]]}},{"type":"Feature","properties":{"access_type":"public","from_level_id":null,"is_accessible":true,"level_id":0,"network_type":"corridor","to_level_id":null,"vertical_connection_id":null,"building_id":"default","building_name":"Default"},"geometry":{"type":"LineString","coordinates":[[-79.3815472,43.6518965],[-79.381547237,43.651896501]]}},{"type":"Feature","properties":{"access_type":"public","from_level_id":null,"is_accessible":true,"level_id":1,"network_type":"corridor","to_level_id":null,"vertical_connection_id":null,"building_id":"default","building_name":"Default"},"geometry":{"type":"LineString","coordinates":[[-79.3809254,43.6570227],[-79.380925379,43.657022736]]}},{"type":"Feature","properties":{"access_type":"public","from_level_id":null,"is_accessible":true,"level_id":0,"network_type":"corridor","to_level_id":null,"vertical_connection_id":null,"building_id":"default","building_name":"Default"},"geometry":{"type":"LineString","coordinates":[[-79.381126,43.656181],[-79.381113275,43.656183015]]}},{"type":"Feature","properties":{"access_type":"public","from_level_id":null,"is_accessible":true,"level_id":-1,"network_type":"corridor","to_level_id":null,"vertical_connection_id":null,"building_id":"default","building_name":"Default"},"geometry":{"type":"LineString","coordinates":[[-79.3814499,43.6555098],[-79.38129707,43.65557913]]}},{"type":"Feature","properties":{"access_type":"public","from_level_id":null,"is_accessible":true,"level_id":-2,"network_type":"corridor","to_level_id":null,"vertical_connection_id":null,"building_id":"default","building_name":"Default"},"geometry":{"type":"LineString","coordinates":[[-79.381524,43.6553243],[-79.381519067,43.655345552]]}},{"type":"Feature","properties":{"access_type":"public","from_level_id":null,"is_accessible":true,"level_id":-1,"network_type":"corridor","to_level_id":null,"vertical_connection_id":null,"building_id":"default","building_name":"Default"},"geometry":{"type":"LineString","coordinates":[[-79.3800664,43.6526606],[-79.380065821,43.652660885]]}},{"type":"Feature","properties":{"access_type":"public","from_level_id":null,"is_accessible":true,"level_id":-1,"network_type":"corridor","to_level_id":null,"vertical_connection_id":null,"building_id":"default","building_name":"Default"},"geometry":{"type":"LineString","coordinates":[[-79.3804522,43.6535845],[-79.380449888,43.65358458]]}},{"type":"Feature","properties":{"access_type":"public","from_level_id":null,"is_accessible":true,"level_id":-1,"network_type":"corridor","to_level_id":null,"vertical_connection_id":null,"building_id":"default","building_name":"Default"},"geometry":{"type":"LineString","coordinates":[[-79.3811746,43.6554378],[-79.381168427,43.655434168]]}},{"type":"Feature","properties":{"access_type":"public","from_level_id":null,"is_accessible":true,"level_id":-1,"network_type":"corridor","to_level_id":null,"vertical_connection_id":null,"building_id":"default","building_name":"Default"},"geometry":{"type":"LineString","coordinates":[[-79.3809507,43.6559597],[-79.38095247,43.655962011]]}},{"type":"Feature","properties":{"access_type":"public","from_level_id":null,"is_accessible":true,"level_id":0,"network_type":"corridor","to_level_id":null,"vertical_connection_id":null,"building_id":"default","building_name":"Default"},"geometry":{"type":"LineString","coordinates":[[-79.3800662,43.6526606],[-79.380064063,43.652660664]]}},{"type":"Feature","properties":{"access_type":"public","from_level_id":null,"is_accessible":true,"level_id":0,"network_type":"corridor","to_level_id":null,"vertical_connection_id":null,"building_id":"default","building_name":"Default"},"geometry":{"type":"LineString","coordinates":[[-79.3804481,43.6535843],[-79.380446722,43.653581386]]}},{"type":"Feature","properties":{"access_type":"public","from_level_id":null,"is_accessible":true,"level_id":0,"network_type":"corridor","to_level_id":null,"vertical_connection_id":null,"building_id":"default","building_name":"Default"},"geometry":{"type":"LineString","coordinates":[[-79.3809516,43.6559624],[-79.380947692,43.655957867]]}},{"type":"Feature","properties":{"access_type":"public","from_level_id":null,"is_accessible":true,"level_id":0,"network_type":"corridor","to_level_id":null,"vertical_connection_id":null,"building_id":"default","building_name":"Default"},"geometry":{"type":"LineString","coordinates":[[-79.3824907,43.6557122],[-79.382489319,43.655712457]]}},{"type":"Feature","properties":{"access_type":"public","from_level_id":null,"is_accessible":true,"level_id":0,"network_type":"corridor","to_level_id":null,"vertical_connection_id":null,"building_id":"default","building_name":"Default"},"geometry":{"type":"LineString","coordinates":[[-79.3825019,43.6557392],[-79.382502517,43.655739495]]}},{"type":"Feature","properties":{"access_type":"public","from_level_id":null,"is_accessible":true,"level_id":1,"network_type":"corridor","to_level_id":null,"vertical_connection_id":null,"building_id":"default","building_name":"Default"},"geometry":{"type":"LineString","coordinates":[[-79.3800661,43.6526606],[-79.38006587,43.652659774]]}},{"type":"Feature","properties":{"access_type":"public","from_level_id":null,"is_accessible":true,"level_id":1,"network_type":"corridor","to_level_id":null,"vertical_connection_id":null,"building_id":"default","building_name":"Default"},"geometry":{"type":"LineString","coordinates":[[-79.380431,43.6535358],[-79.380426736,43.653534861]]}},{"type":"Feature","properties":{"access_type":"public","from_level_id":null,"is_accessible":true,"level_id":1,"network_type":"corridor","to_level_id":null,"vertical_connection_id":null,"building_id":"default","building_name":"Default"},"geometry":{"type":"LineString","coordinates":[[-79.3809547,43.655957],[-79.380955041,43.655958894]]}},{"type":"Feature","properties":{"access_type":"public","from_level_id":null,"is_accessible":true,"level_id":1,"network_type":"corridor","to_level_id":null,"vertical_connection_id":null,"building_id":"default","building_name":"Default"},"geometry":{"type":"LineString","coordinates":[[-79.3824904,43.6557123],[-79.382491068,43.655713504]]}},{"type":"Feature","properties":{"access_type":"public","from_level_id":null,"is_accessible":true,"level_id":1,"network_type":"corridor","to_level_id":null,"vertical_connection_id":null,"building_id":"default","building_name":"Default"},"geometry":{"type":"LineString","coordinates":[[-79.3804479,43.6535844],[-79.380452147,43.653587804]]}},{"type":"Feature","properties":{"access_type":"public","from_level_id":null,"is_accessible":true,"level_id":1,"network_type":"corridor","to_level_id":null,"vertical_connection_id":null,"building_id":"default","building_name":"Default"},"geometry":{"type":"LineString","coordinates":[[-79.3804668,43.6536205],[-79.380466637,43.653620074]]}},{"type":"Feature","properties":{"access_type":"public","from_level_id":null,"is_accessible":true,"level_id":1,"network_type":"corridor","to_level_id":null,"vertical_connection_id":null,"building_id":"default","building_name":"Default"},"geometry":{"type":"LineString","coordinates":[[-79.3800777,43.6526883],[-79.380078297,43.652691447]]}},{"type":"Feature","properties":{"access_type":"public","from_level_id":null,"is_accessible":true,"level_id":1,"network_type":"corridor","to_level_id":null,"vertical_connection_id":null,"building_id":"default","building_name":"Default"},"geometry":{"type":"LineString","coordinates":[[-79.3800914,43.6527205],[-79.380090803,43.65272074]]}},{"type":"Feature","properties":{"access_type":"public","from_level_id":null,"is_accessible":true,"level_id":1,"network_type":"corridor","to_level_id":null,"vertical_connection_id":null,"building_id":"default","building_name":"Default"},"geometry":{"type":"LineString","coordinates":[[-79.3825017,43.6557393],[-79.382501347,43.655737084]]}},{"type":"Feature","properties":{"access_type":"public","from_level_id":null,"is_accessible":true,"level_id":-2,"network_type":"corridor","to_level_id":null,"vertical_connection_id":null,"building_id":"default","building_name":"Default"},"geometry":{"type":"LineString","coordinates":[[-79.3811749,43.6554378],[-79.381168813,43.655437701]]}},{"type":"Feature","properties":{"access_type":"public","from_level_id":null,"is_accessible":true,"level_id":0,"network_type":"corridor","to_level_id":null,"vertical_connection_id":null,"building_id":"default","building_name":"Default"},"geometry":{"type":"LineString","coordinates":[[-79.3809511,43.6557543],[-79.381067501,43.655720656]]}},{"type":"Feature","properties":{"access_type":"public","from_level_id":null,"is_accessible":true,"level_id":1,"network_type":"corridor","to_level_id":null,"vertical_connection_id":null,"building_id":"default","building_name":"Default"},"geometry":{"type":"LineString","coordinates":[[-79.380624,43.6524824],[-79.380606624,43.652486121]]}},{"type":"Feature","properties":{"access_type":"public","from_level_id":null,"is_accessible":true,"level_id":2,"network_type":"corridor","to_level_id":null,"vertical_connection_id":null,"building_id":"default","building_name":"Default"},"geometry":{"type":"LineString","coordinates":[[-79.3811179,43.6540814],[-79.381100623,43.654083987]]}},{"type":"Feature","properties":{"access_type":"public","from_level_id":null,"is_accessible":true,"level_id":2,"network_type":"corridor","to_level_id":null,"vertical_connection_id":null,"building_id":"default","building_name":"Default"},"geometry":{"type":"LineString","coordinates":[[-79.3810233,43.6540972],[-79.381005513,43.654107309]]}},{"type":"Feature","properties":{"access_type":"public","from_level_id":null,"is_accessible":true,"level_id":-1,"network_type":"corridor","to_level_id":null,"vertical_connection_id":null,"building_id":"default","building_name":"Default"},"geometry":{"type":"LineString","coordinates":[[-79.3818647,43.655221],[-79.381800321,43.655228144]]}},{"type":"Feature","properties":{"access_type":"public","from_level_id":null,"is_accessible":true,"level_id":-2,"network_type":"corridor","to_level_id":null,"vertical_connection_id":null,"building_id":"default","building_name":"Default"},"geometry":{"type":"LineString","coordinates":[[-79.3810192,43.655797],[-79.381079476,43.655780494]]}},{"type":"Feature","properties":{"access_type":"public","from_level_id":null,"is_accessible":true,"level_id":-1,"network_type":"corridor","to_level_id":null,"vertical_connection_id":null,"building_id":"default","building_name":"Default"},"geometry":{"type":"LineString","coordinates":[[-79.3798263,43.6530712],[-79.3798568,43.653065244]]}},{"type":"Feature","properties":{"access_type":"public","from_level_id":null,"is_accessible":true,"level_id":-2,"network_type":"corridor","to_level_id":null,"vertical_connection_id":null,"building_id":"default","building_name":"Default"},"geometry":{"type":"LineString","coordinates":[[-79.3814321,43.6557098],[-79.381394215,43.655698005]]}},{"type":"Feature","properties":{"access_type":"public","from_level_id":null,"is_accessible":true,"level_id":0,"network_type":"corridor","to_level_id":null,"vertical_connection_id":null,"building_id":"default","building_name":"Default"},"geometry":{"type":"LineString","coordinates":[[-79.3804153,43.6524962],[-79.380392064,43.652498022]]}},{"type":"Feature","properties":{"access_type":"public","from_level_id":null,"is_accessible":true,"level_id":0,"network_type":"corridor","to_level_id":null,"vertical_connection_id":null,"building_id":"default","building_name":"Default"},"geometry":{"type":"LineString","coordinates":[[-79.3805246,43.652556],[-79.380516747,43.6525441]]}},{"type":"Feature","properties":{"access_type":"public","from_level_id":null,"is_accessible":true,"level_id":1,"network_type":"corridor","to_level_id":null,"vertical_connection_id":null,"building_id":"default","building_name":"Default"},"geometry":{"type":"LineString","coordinates":[[-79.3802213,43.6540454],[-79.380135659,43.654078984]]}},{"type":"Feature","properties":{"access_type":"public","from_level_id":null,"is_accessible":true,"level_id":1,"network_type":"corridor","to_level_id":null,"vertical_connection_id":null,"building_id":"default","building_name":"Default"},"geometry":{"type":"LineString","coordinates":[[-79.3802882,43.6524788],[-79.380241535,43.652505225]]}},{"type":"Feature","properties":{"access_type":"public","from_level_id":null,"is_accessible":true,"level_id":0,"network_type":"corridor","to_level_id":null,"vertical_connection_id":null,"building_id":"default","building_name":"Default"},"geometry":{"type":"LineString","coordinates":[[-79.3806987,43.6544902],[-79.380750598,43.654493464]]}},{"type":"Feature","properties":{"access_type":"public","from_level_id":null,"is_accessible":true,"level_id":-1,"network_type":"corridor","to_level_id":null,"vertical_connection_id":null,"building_id":"default","building_name":"Default"},"geometry":{"type":"LineString","coordinates":[[-79.381017,43.6558988],[-79.381073597,43.655871535]]}},{"type":"Feature","properties":{"access_type":"public","from_level_id":null,"is_accessible":true,"level_id":-1,"network_type":"corridor","to_level_id":null,"vertical_connection_id":null,"building_id":"default","building_name":"Default"},"geometry":{"type":"LineString","coordinates":[[-79.3803879,43.6532816],[-79.380419384,43.65326951]]}},{"type":"Feature","properties":{"access_type":"public","from_level_id":null,"is_accessible":true,"level_id":-1,"network_type":"corridor","to_level_id":null,"vertical_connection_id":null,"building_id":"default","building_name":"Default"},"geometry":{"type":"LineString","coordinates":[[-79.3799167,43.6531771],[-79.380107215,43.653138368]]}},{"type":"Feature","properties":{"access_type":"public","from_level_id":null,"is_accessible":true,"level_id":-1,"network_type":"corridor","to_level_id":null,"vertical_connection_id":null,"building_id":"default","building_name":"Default"},"geometry":{"type":"LineString","coordinates":[[-79.3804762,43.6525715],[-79.380469583,43.652566062]]}},{"type":"Feature","properties":{"access_type":"public","from_level_id":null,"is_accessible":true,"level_id":-1,"network_type":"corridor","to_level_id":null,"vertical_connection_id":null,"building_id":"default","building_name":"Default"},"geometry":{"type":"LineString","coordinates":[[-79.3804534,43.6526026],[-79.380447752,43.652598334]]}},{"type":"Feature","properties":{"access_type":"public","from_level_id":null,"is_accessible":true,"level_id":-1,"network_type":"corridor","to_level_id":null,"vertical_connection_id":null,"building_id":"default","building_name":"Default"},"geometry":{"type":"LineString","coordinates":[[-79.3800693,43.6526243],[-79.380058706,43.652628238]]}},{"type":"Feature","properties":{"access_type":"public","from_level_id":null,"is_accessible":true,"level_id":-1,"network_type":"corridor","to_level_id":null,"vertical_connection_id":null,"building_id":"default","building_name":"Default"},"geometry":{"type":"LineString","coordinates":[[-79.3801774,43.6524954],[-79.38017117,43.652480323]]}},{"type":"Feature","properties":{"access_type":"public","from_level_id":null,"is_accessible":true,"level_id":-1,"network_type":"corridor","to_level_id":null,"vertical_connection_id":null,"building_id":"default","building_name":"Default"},"geometry":{"type":"LineString","coordinates":[[-79.3803303,43.6525122],[-79.380348858,43.652525422]]}},{"type":"Feature","properties":{"access_type":"public","from_level_id":null,"is_accessible":true,"level_id":-1,"network_type":"corridor","to_level_id":null,"vertical_connection_id":null,"building_id":"default","building_name":"Default"},"geometry":{"type":"LineString","coordinates":[[-79.3804735,43.6524088],[-79.38046378,43.652420772]]}},{"type":"Feature","properties":{"access_type":"public","from_level_id":null,"is_accessible":true,"level_id":-1,"network_type":"corridor","to_level_id":null,"vertical_connection_id":null,"building_id":"default","building_name":"Default"},"geometry":{"type":"LineString","coordinates":[[-79.3802519,43.6524238],[-79.380257025,43.652441703]]}},{"type":"Feature","properties":{"access_type":"public","from_level_id":null,"is_accessible":true,"level_id":-1,"network_type":"corridor","to_level_id":null,"vertical_connection_id":null,"building_id":"default","building_name":"Default"},"geometry":{"type":"LineString","coordinates":[[-79.3802853,43.6525221],[-79.380274619,43.65253984]]}},{"type":"Feature","properties":{"access_type":"public","from_level_id":null,"is_accessible":true,"level_id":-1,"network_type":"corridor","to_level_id":null,"vertical_connection_id":null,"building_id":"default","building_name":"Default"},"geometry":{"type":"LineString","coordinates":[[-79.3803206,43.6524135],[-79.380328439,43.652422684]]}},{"type":"Feature","properties":{"access_type":"public","from_level_id":null,"is_accessible":true,"level_id":-1,"network_type":"corridor","to_level_id":null,"vertical_connection_id":null,"building_id":"default","building_name":"Default"},"geometry":{"type":"LineString","coordinates":[[-79.3805214,43.6525102],[-79.380513461,43.652509154]]}},{"type":"Feature","properties":{"access_type":"public","from_level_id":null,"is_accessible":true,"level_id":-1,"network_type":"corridor","to_level_id":null,"vertical_connection_id":null,"building_id":"default","building_name":"Default"},"geometry":{"type":"LineString","coordinates":[[-79.3805469,43.6524566],[-79.380526179,43.652461202]]}},{"type":"Feature","properties":{"access_type":"public","from_level_id":null,"is_accessible":true,"level_id":-1,"network_type":"corridor","to_level_id":null,"vertical_connection_id":null,"building_id":"default","building_name":"Default"},"geometry":{"type":"LineString","coordinates":[[-79.3804366,43.6523939],[-79.380426849,43.652407156]]}},{"type":"Feature","properties":{"access_type":"public","from_level_id":null,"is_accessible":true,"level_id":-1,"network_type":"corridor","to_level_id":null,"vertical_connection_id":null,"building_id":"default","building_name":"Default"},"geometry":{"type":"LineString","coordinates":[[-79.3804988,43.652541],[-79.380491888,43.652536072]]}},{"type":"Feature","properties":{"access_type":"public","from_level_id":null,"is_accessible":true,"level_id":-2,"network_type":"corridor","to_level_id":null,"vertical_connection_id":null,"building_id":"default","building_name":"Default"},"geometry":{"type":"LineString","coordinates":[[-79.3814014,43.6556047],[-79.381388586,43.655587603]]}},{"type":"Feature","properties":{"access_type":"public","from_level_id":null,"is_accessible":true,"level_id":-1,"network_type":"corridor","to_level_id":null,"vertical_connection_id":null,"building_id":"default","building_name":"Default"},"geometry":{"type":"LineString","coordinates":[[-79.3804759,43.6534859],[-79.380476138,43.653485214]]}},{"type":"Feature","properties":{"access_type":"public","from_level_id":null,"is_accessible":true,"level_id":-1,"network_type":"corridor","to_level_id":null,"vertical_connection_id":null,"building_id":"default","building_name":"Default"},"geometry":{"type":"LineString","coordinates":[[-79.3798549,43.6525564],[-79.379923534,43.652572977]]}},{"type":"Feature","properties":{"access_type":"public","from_level_id":null,"is_accessible":true,"level_id":0,"network_type":"corridor","to_level_id":null,"vertical_connection_id":null,"building_id":"default","building_name":"Default"},"geometry":{"type":"LineString","coordinates":[[-79.3799844,43.6537029],[-79.379973805,43.653737017]]}},{"type":"Feature","properties":{"access_type":"public","from_level_id":null,"is_accessible":true,"level_id":0,"network_type":"corridor","to_level_id":null,"vertical_connection_id":null,"building_id":"default","building_name":"Default"},"geometry":{"type":"LineString","coordinates":[[-79.3809709,43.6559841],[-79.380999249,43.655985644]]}},{"type":"Feature","properties":{"access_type":"public","from_level_id":null,"is_accessible":true,"level_id":0,"network_type":"corridor","to_level_id":null,"vertical_connection_id":null,"building_id":"default","building_name":"Default"},"geometry":{"type":"LineString","coordinates":[[-79.3812799,43.6544337],[-79.381132121,43.65450107]]}},{"type":"Feature","properties":{"access_type":"public","from_level_id":null,"is_accessible":true,"level_id":-1,"network_type":"corridor","to_level_id":null,"vertical_connection_id":null,"building_id":"default","building_name":"Default"},"geometry":{"type":"LineString","coordinates":[[-79.3807357,43.6532485],[-79.38062028,43.653277781]]}},{"type":"Feature","properties":{"access_type":"public","from_level_id":null,"is_accessible":true,"level_id":-1,"network_type":"corridor","to_level_id":null,"vertical_connection_id":null,"building_id":"default","building_name":"Default"},"geometry":{"type":"LineString","coordinates":[[-79.3807475,43.6551852],[-79.381026868,43.655151753]]}},{"type":"Feature","properties":{"access_type":"public","from_level_id":null,"is_accessible":true,"level_id":-1,"network_type":"corridor","to_level_id":null,"vertical_connection_id":null,"building_id":"default","building_name":"Default"},"geometry":{"type":"LineString","coordinates":[[-79.3803602,43.6537929],[-79.380399408,43.653736897]]}},{"type":"Feature","properties":{"access_type":"public","from_level_id":null,"is_accessible":true,"level_id":0,"network_type":"corridor","to_level_id":null,"vertical_connection_id":null,"building_id":"default","building_name":"Default"},"geometry":{"type":"LineString","coordinates":[[-79.380885,43.6533206],[-79.380580182,43.653355487]]}},{"type":"Feature","properties":{"access_type":"public","from_level_id":null,"is_accessible":true,"level_id":-1,"network_type":"corridor","to_level_id":null,"vertical_connection_id":null,"building_id":"default","building_name":"Default"},"geometry":{"type":"LineString","coordinates":[[-79.3807993,43.6549833],[-79.38094459,43.654972243]]}},{"type":"Feature","properties":{"access_type":"public","from_level_id":null,"is_accessible":true,"level_id":-1,"network_type":"corridor","to_level_id":null,"vertical_connection_id":null,"building_id":"default","building_name":"Default"},"geometry":{"type":"LineString","coordinates":[[-79.3807042,43.6531259],[-79.380576013,43.65317261]]}},{"type":"Feature","properties":{"access_type":"public","from_level_id":null,"is_accessible":true,"level_id":1,"network_type":"corridor","to_level_id":null,"vertical_connection_id":null,"building_id":"default","building_name":"Default"},"geometry":{"type":"LineString","coordinates":[[-79.3804175,43.6525055],[-79.380430025,43.652508613]]}},{"type":"Feature","properties":{"access_type":"public","from_level_id":null,"is_accessible":true,"level_id":1,"network_type":"corridor","to_level_id":null,"vertical_connection_id":null,"building_id":"default","building_name":"Default"},"geometry":{"type":"LineString","coordinates":[[-79.3803642,43.6524863],[-79.380354809,43.652480858]]}},{"type":"Feature","properties":{"access_type":"public","from_level_id":null,"is_accessible":true,"level_id":1,"network_type":"corridor","to_level_id":null,"vertical_connection_id":null,"building_id":"default","building_name":"Default"},"geometry":{"type":"LineString","coordinates":[[-79.3804702,43.6525247],[-79.380460455,43.65252161]]}},{"type":"Feature","properties":{"access_type":"public","from_level_id":null,"is_accessible":true,"level_id":1,"network_type":"corridor","to_level_id":null,"vertical_connection_id":null,"building_id":"default","building_name":"Default"},"geometry":{"type":"LineString","coordinates":[[-79.3805202,43.6525432],[-79.380530886,43.652548778]]}},{"type":"Feature","properties":{"access_type":"public","from_level_id":null,"is_accessible":true,"level_id":1,"network_type":"corridor","to_level_id":null,"vertical_connection_id":null,"building_id":"default","building_name":"Default"},"geometry":{"type":"LineString","coordinates":[[-79.3805231,43.6543821],[-79.380545736,43.654379377]]}},{"type":"Feature","properties":{"access_type":"public","from_level_id":null,"is_accessible":true,"level_id":1,"network_type":"corridor","to_level_id":null,"vertical_connection_id":null,"building_id":"default","building_name":"Default"},"geometry":{"type":"LineString","coordinates":[[-79.3805589,43.6544296],[-79.38056534,43.654425953]]}},{"type":"Feature","properties":{"access_type":"public","from_level_id":null,"is_accessible":true,"level_id":1,"network_type":"corridor","to_level_id":null,"vertical_connection_id":null,"building_id":"default","building_name":"Default"},"geometry":{"type":"LineString","coordinates":[[-79.3805701,43.6544562],[-79.380577987,43.654456003]]}},{"type":"Feature","properties":{"access_type":"public","from_level_id":null,"is_accessible":true,"level_id":1,"network_type":"corridor","to_level_id":null,"vertical_connection_id":null,"building_id":"default","building_name":"Default"},"geometry":{"type":"LineString","coordinates":[[-79.3805857,43.6545077],[-79.380598223,43.654504081]]}},{"type":"Feature","properties":{"access_type":"public","from_level_id":null,"is_accessible":true,"level_id":1,"network_type":"corridor","to_level_id":null,"vertical_connection_id":null,"building_id":"default","building_name":"Default"},"geometry":{"type":"LineString","coordinates":[[-79.3804409,43.6544067],[-79.380448905,43.654415318]]}},{"type":"Feature","properties":{"access_type":"public","from_level_id":null,"is_accessible":true,"level_id":2,"network_type":"corridor","to_level_id":null,"vertical_connection_id":null,"building_id":"default","building_name":"Default"},"geometry":{"type":"LineString","coordinates":[[-79.380952,43.654294],[-79.380947894,43.654309402]]}},{"type":"Feature","properties":{"access_type":"public","from_level_id":null,"is_accessible":true,"level_id":-1,"network_type":"corridor","to_level_id":null,"vertical_connection_id":null,"building_id":"default","building_name":"Default"},"geometry":{"type":"LineString","coordinates":[[-79.3810199,43.6559291],[-79.381034223,43.655926793]]}},{"type":"Feature","properties":{"access_type":"public","from_level_id":null,"is_accessible":true,"level_id":1,"network_type":"corridor","to_level_id":null,"vertical_connection_id":null,"building_id":"default","building_name":"Default"},"geometry":{"type":"LineString","coordinates":[[-79.3805652,43.6525704],[-79.380560684,43.652560272]]}},{"type":"Feature","properties":{"access_type":"public","from_level_id":null,"is_accessible":true,"level_id":-1,"network_type":"corridor","to_level_id":null,"vertical_connection_id":null,"building_id":"default","building_name":"Default"},"geometry":{"type":"LineString","coordinates":[[-79.3813021,43.6552684],[-79.381302083,43.655268448]]}},{"type":"Feature","properties":{"access_type":"public","from_level_id":null,"is_accessible":true,"level_id":-1,"network_type":"corridor","to_level_id":null,"vertical_connection_id":null,"building_id":"default","building_name":"Default"},"geometry":{"type":"LineString","coordinates":[[-79.3811913,43.6547973],[-79.381090394,43.6548159]]}},{"type":"Feature","properties":{"access_type":"public","from_level_id":null,"is_accessible":true,"level_id":-1,"network_type":"corridor","to_level_id":null,"vertical_connection_id":null,"building_id":"default","building_name":"Default"},"geometry":{"type":"LineString","coordinates":[[-79.3806962,43.6527703],[-79.380393192,43.65286247]]}},{"type":"Feature","properties":{"access_type":"public","from_level_id":null,"is_accessible":true,"level_id":-1,"network_type":"corridor","to_level_id":null,"vertical_connection_id":null,"building_id":"default","building_name":"Default"},"geometry":{"type":"LineString","coordinates":[[-79.3813646,43.655741],[-79.381332566,43.655746258]]}},{"type":"Feature","properties":{"access_type":"public","from_level_id":null,"is_accessible":true,"level_id":-1,"network_type":"corridor","to_level_id":null,"vertical_connection_id":null,"building_id":"default","building_name":"Default"},"geometry":{"type":"LineString","coordinates":[[-79.3805301,43.6526674],[-79.380304311,43.652710388]]}},{"type":"Feature","properties":{"access_type":"public","from_level_id":null,"is_accessible":true,"level_id":1,"network_type":"corridor","to_level_id":null,"vertical_connection_id":null,"building_id":"default","building_name":"Default"},"geometry":{"type":"LineString","coordinates":[[-79.3811441,43.6548444],[-79.381121348,43.6547927]]}},{"type":"Feature","properties":{"access_type":"public","from_level_id":null,"is_accessible":true,"level_id":1,"network_type":"corridor","to_level_id":null,"vertical_connection_id":null,"building_id":"default","building_name":"Default"},"geometry":{"type":"LineString","coordinates":[[-79.3800757,43.6537264],[-79.380353982,43.653642476]]}},{"type":"Feature","properties":{"access_type":"public","from_level_id":null,"is_accessible":true,"level_id":-1,"network_type":"corridor","to_level_id":null,"vertical_connection_id":null,"building_id":"default","building_name":"Default"},"geometry":{"type":"LineString","coordinates":[[-79.3812736,43.6543233],[-79.381047987,43.654363987]]}},{"type":"Feature","properties":{"access_type":"public","from_level_id":null,"is_accessible":true,"level_id":-1,"network_type":"corridor","to_level_id":null,"vertical_connection_id":null,"building_id":"default","building_name":"Default"},"geometry":{"type":"LineString","coordinates":[[-79.3812691,43.6550951],[-79.381211699,43.655110949]]}},{"type":"Feature","properties":{"access_type":"public","from_level_id":null,"is_accessible":true,"level_id":1,"network_type":"corridor","to_level_id":null,"vertical_connection_id":null,"building_id":"default","building_name":"Default"},"geometry":{"type":"LineString","coordinates":[[-79.380993,43.6552232],[-79.381071579,43.655105755]]}},{"type":"Feature","properties":{"access_type":"public","from_level_id":null,"is_accessible":true,"level_id":0,"network_type":"corridor","to_level_id":null,"vertical_connection_id":null,"building_id":"default","building_name":"Default"},"geometry":{"type":"LineString","coordinates":[[-79.3811276,43.6546779],[-79.381045755,43.65465349]]}},{"type":"Feature","properties":{"access_type":"public","from_level_id":null,"is_accessible":true,"level_id":0,"network_type":"corridor","to_level_id":null,"vertical_connection_id":null,"building_id":"default","building_name":"Default"},"geometry":{"type":"LineString","coordinates":[[-79.3812059,43.654051],[-79.380935081,43.654106225]]}},{"type":"Feature","properties":{"access_type":"public","from_level_id":null,"is_accessible":true,"level_id":1,"network_type":"corridor","to_level_id":null,"vertical_connection_id":null,"building_id":"default","building_name":"Default"},"geometry":{"type":"LineString","coordinates":[[-79.381014,43.6539172],[-79.380807085,43.653971438]]}},{"type":"Feature","properties":{"access_type":"public","from_level_id":null,"is_accessible":true,"level_id":1,"network_type":"corridor","to_level_id":null,"vertical_connection_id":null,"building_id":"default","building_name":"Default"},"geometry":{"type":"LineString","coordinates":[[-79.3804786,43.6538932],[-79.380580225,43.653859877]]}},{"type":"Feature","properties":{"access_type":"public","from_level_id":null,"is_accessible":true,"level_id":1,"network_type":"corridor","to_level_id":null,"vertical_connection_id":null,"building_id":"default","building_name":"Default"},"geometry":{"type":"LineString","coordinates":[[-79.3805821,43.6549914],[-79.380728587,43.654829984]]}},{"type":"Feature","properties":{"access_type":"public","from_level_id":null,"is_accessible":true,"level_id":0,"network_type":"corridor","to_level_id":null,"vertical_connection_id":null,"building_id":"default","building_name":"Default"},"geometry":{"type":"LineString","coordinates":[[-79.3803329,43.6537663],[-79.380424722,43.653762432]]}},{"type":"Feature","properties":{"access_type":"public","from_level_id":null,"is_accessible":true,"level_id":0,"network_type":"corridor","to_level_id":null,"vertical_connection_id":null,"building_id":"default","building_name":"Default"},"geometry":{"type":"LineString","coordinates":[[-79.3809899,43.6560394],[-79.381004928,43.656046387]]}},{"type":"Feature","properties":{"access_type":"public","from_level_id":null,"is_accessible":true,"level_id":-2,"network_type":"corridor","to_level_id":null,"vertical_connection_id":null,"building_id":"default","building_name":"Default"},"geometry":{"type":"LineString","coordinates":[[-79.3809515,43.6555522],[-79.381009978,43.655556105]]}},{"type":"Feature","properties":{"access_type":"public","from_level_id":null,"is_accessible":true,"level_id":0,"network_type":"corridor","to_level_id":null,"vertical_connection_id":null,"building_id":"default","building_name":"Default"},"geometry":{"type":"LineString","coordinates":[[-79.3809646,43.6550002],[-79.380963103,43.654998282]]}},{"type":"Feature","properties":{"access_type":"public","from_level_id":null,"is_accessible":true,"level_id":-1,"network_type":"corridor","to_level_id":null,"vertical_connection_id":null,"building_id":"default","building_name":"Default"},"geometry":{"type":"LineString","coordinates":[[-79.3809452,43.6533809],[-79.380659064,43.653477743]]}},{"type":"Feature","properties":{"access_type":"public","from_level_id":null,"is_accessible":true,"level_id":0,"network_type":"corridor","to_level_id":null,"vertical_connection_id":null,"building_id":"default","building_name":"Default"},"geometry":{"type":"LineString","coordinates":[[-79.3808986,43.6553077],[-79.381003907,43.655294666]]}},{"type":"Feature","properties":{"access_type":"public","from_level_id":null,"is_accessible":true,"level_id":-1,"network_type":"corridor","to_level_id":null,"vertical_connection_id":null,"building_id":"default","building_name":"Default"},"geometry":{"type":"LineString","coordinates":[[-79.3803792,43.6526462],[-79.380385824,43.65263989]]}},{"type":"Feature","properties":{"access_type":"public","from_level_id":null,"is_accessible":true,"level_id":-1,"network_type":"corridor","to_level_id":null,"vertical_connection_id":null,"building_id":"default","building_name":"Default"},"geometry":{"type":"LineString","coordinates":[[-79.3809286,43.6554815],[-79.381048563,43.65546029]]}},{"type":"Feature","properties":{"access_type":"public","from_level_id":null,"is_accessible":true,"level_id":-1,"network_type":"corridor","to_level_id":null,"vertical_connection_id":null,"building_id":"default","building_name":"Default"},"geometry":{"type":"LineString","coordinates":[[-79.3811781,43.6549638],[-79.381154768,43.654972476]]}},{"type":"Feature","properties":{"access_type":"public","from_level_id":null,"is_accessible":true,"level_id":-1,"network_type":"corridor","to_level_id":null,"vertical_connection_id":null,"building_id":"default","building_name":"Default"},"geometry":{"type":"LineString","coordinates":[[-79.3803776,43.6540207],[-79.380617946,43.653947763]]}},{"type":"Feature","properties":{"access_type":"public","from_level_id":null,"is_accessible":true,"level_id":0,"network_type":"corridor","to_level_id":null,"vertical_connection_id":null,"building_id":"default","building_name":"Default"},"geometry":{"type":"LineString","coordinates":[[-79.3810304,43.6561106],[-79.381040438,43.656094515]]}},{"type":"Feature","properties":{"access_type":"public","from_level_id":null,"is_accessible":true,"level_id":0,"network_type":"corridor","to_level_id":null,"vertical_connection_id":null,"building_id":"default","building_name":"Default"},"geometry":{"type":"LineString","coordinates":[[-79.3810427,43.6536749],[-79.380765151,43.653557714]]}},{"type":"Feature","properties":{"access_type":"public","from_level_id":null,"is_accessible":true,"level_id":1,"network_type":"corridor","to_level_id":null,"vertical_connection_id":null,"building_id":"default","building_name":"Default"},"geometry":{"type":"LineString","coordinates":[[-79.3806996,43.6543982],[-79.380738998,43.654420396]]}},{"type":"Feature","properties":{"access_type":"public","from_level_id":null,"is_accessible":true,"level_id":1,"network_type":"corridor","to_level_id":null,"vertical_connection_id":null,"building_id":"default","building_name":"Default"},"geometry":{"type":"LineString","coordinates":[[-79.3800905,43.6534993],[-79.380298933,43.653515871]]}},{"type":"Feature","properties":{"access_type":"public","from_level_id":null,"is_accessible":true,"level_id":-1,"network_type":"corridor","to_level_id":null,"vertical_connection_id":null,"building_id":"default","building_name":"Default"},"geometry":{"type":"LineString","coordinates":[[-79.3803072,43.653016],[-79.380315852,43.653018144]]}},{"type":"Feature","properties":{"access_type":"public","from_level_id":null,"is_accessible":true,"level_id":-1,"network_type":"corridor","to_level_id":null,"vertical_connection_id":null,"building_id":"default","building_name":"Default"},"geometry":{"type":"LineString","coordinates":[[-79.379936,43.6532669],[-79.38014503,43.653220415]]}},{"type":"Feature","properties":{"access_type":"public","from_level_id":null,"is_accessible":true,"level_id":-1,"network_type":"corridor","to_level_id":null,"vertical_connection_id":null,"building_id":"default","building_name":"Default"},"geometry":{"type":"LineString","coordinates":[[-79.3805588,43.6545138],[-79.380753065,43.654445455]]}},{"type":"Feature","properties":{"access_type":"public","from_level_id":null,"is_accessible":true,"level_id":1,"network_type":"corridor","to_level_id":null,"vertical_connection_id":null,"building_id":"default","building_name":"Default"},"geometry":{"type":"LineString","coordinates":[[-79.3801254,43.6538727],[-79.380061486,43.653870402]]}},{"type":"Feature","properties":{"access_type":"public","from_level_id":null,"is_accessible":true,"level_id":0,"network_type":"corridor","to_level_id":null,"vertical_connection_id":null,"building_id":"default","building_name":"Default"},"geometry":{"type":"LineString","coordinates":[[-79.379732,43.6527432],[-79.379929376,43.652666505]]}},{"type":"Feature","properties":{"access_type":"public","from_level_id":null,"is_accessible":true,"level_id":0,"network_type":"corridor","to_level_id":null,"vertical_connection_id":null,"building_id":"default","building_name":"Default"},"geometry":{"type":"LineString","coordinates":[[-79.3806221,43.6549098],[-79.38081535,43.654868302]]}},{"type":"Feature","properties":{"access_type":"public","from_level_id":null,"is_accessible":true,"level_id":0,"network_type":"corridor","to_level_id":null,"vertical_connection_id":null,"building_id":"default","building_name":"Default"},"geometry":{"type":"LineString","coordinates":[[-79.3809685,43.6547463],[-79.380954365,43.654745728]]}},{"type":"Feature","properties":{"access_type":"public","from_level_id":null,"is_accessible":true,"level_id":-1,"network_type":"corridor","to_level_id":null,"vertical_connection_id":null,"building_id":"default","building_name":"Default"},"geometry":{"type":"LineString","coordinates":[[-79.380444,43.653871],[-79.380520935,43.653845665]]}},{"type":"Feature","properties":{"access_type":"public","from_level_id":null,"is_accessible":true,"level_id":1,"network_type":"corridor","to_level_id":null,"vertical_connection_id":null,"building_id":"default","building_name":"Default"},"geometry":{"type":"LineString","coordinates":[[-79.3809642,43.6545811],[-79.380964192,43.654581059]]}},{"type":"Feature","properties":{"access_type":"public","from_level_id":null,"is_accessible":true,"level_id":-1,"network_type":"corridor","to_level_id":null,"vertical_connection_id":null,"building_id":"default","building_name":"Default"},"geometry":{"type":"LineString","coordinates":[[-79.3810068,43.6557058],[-79.381098684,43.655687464]]}},{"type":"Feature","properties":{"access_type":"public","from_level_id":null,"is_accessible":true,"level_id":-1,"network_type":"corridor","to_level_id":null,"vertical_connection_id":null,"building_id":"default","building_name":"Default"},"geometry":{"type":"LineString","coordinates":[[-79.380124,43.6525073],[-79.380120069,43.652488299]]}},{"type":"Feature","properties":{"access_type":"public","from_level_id":null,"is_accessible":true,"level_id":-1,"network_type":"corridor","to_level_id":null,"vertical_connection_id":null,"building_id":"default","building_name":"Default"},"geometry":{"type":"LineString","coordinates":[[-79.3813311,43.6551596],[-79.381235848,43.655169688]]}},{"type":"Feature","properties":{"access_type":"public","from_level_id":null,"is_accessible":true,"level_id":0,"network_type":"corridor","to_level_id":null,"vertical_connection_id":null,"building_id":"default","building_name":"Default"},"geometry":{"type":"LineString","coordinates":[[-79.3800445,43.6533883],[-79.380337012,43.653264421]]}},{"type":"Feature","properties":{"access_type":"public","from_level_id":null,"is_accessible":true,"level_id":1,"network_type":"corridor","to_level_id":null,"vertical_connection_id":null,"building_id":"default","building_name":"Default"},"geometry":{"type":"LineString","coordinates":[[-79.381098,43.6538236],[-79.380772975,43.653867969]]}},{"type":"Feature","properties":{"access_type":"public","from_level_id":null,"is_accessible":true,"level_id":-1,"network_type":"corridor","to_level_id":null,"vertical_connection_id":null,"building_id":"default","building_name":"Default"},"geometry":{"type":"LineString","coordinates":[[-79.3806125,43.6542922],[-79.380723993,43.654246571]]}},{"type":"Feature","properties":{"access_type":"public","from_level_id":null,"is_accessible":true,"level_id":1,"network_type":"corridor","to_level_id":null,"vertical_connection_id":null,"building_id":"default","building_name":"Default"},"geometry":{"type":"LineString","coordinates":[[-79.3800119,43.6529145],[-79.380098301,43.652919941]]}},{"type":"Feature","properties":{"access_type":"public","from_level_id":null,"is_accessible":true,"level_id":-1,"network_type":"corridor","to_level_id":null,"vertical_connection_id":null,"building_id":"default","building_name":"Default"},"geometry":{"type":"LineString","coordinates":[[-79.3814104,43.6552026],[-79.381267441,43.655246529]]}},{"type":"Feature","properties":{"access_type":"public","from_level_id":null,"is_accessible":true,"level_id":1,"network_type":"corridor","to_level_id":null,"vertical_connection_id":null,"building_id":"default","building_name":"Default"},"geometry":{"type":"LineString","coordinates":[[-79.3804499,43.6540037],[-79.38064362,43.654008111]]}},{"type":"Feature","properties":{"access_type":"public","from_level_id":null,"is_accessible":true,"level_id":-1,"network_type":"corridor","to_level_id":null,"vertical_connection_id":null,"building_id":"default","building_name":"Default"},"geometry":{"type":"LineString","coordinates":[[-79.3798581,43.6526168],[-79.37991314,43.652623011]]}},{"type":"Feature","properties":{"access_type":"public","from_level_id":null,"is_accessible":true,"level_id":-1,"network_type":"corridor","to_level_id":null,"vertical_connection_id":null,"building_id":"default","building_name":"Default"},"geometry":{"type":"LineString","coordinates":[[-79.3810611,43.6539393],[-79.380820769,43.65401655]]}},{"type":"Feature","properties":{"access_type":"public","from_level_id":null,"is_accessible":true,"level_id":1,"network_type":"corridor","to_level_id":null,"vertical_connection_id":null,"building_id":"default","building_name":"Default"},"geometry":{"type":"LineString","coordinates":[[-79.3809622,43.6539984],[-79.380834409,43.654030104]]}}]}
