{"type":"FeatureCollection","features":[{"type":"Feature","id":"context-1-s_685aeec7f505b3d1aa29ebae-0","geometry":{"type":"Polygon","coordinates":[[[-123.124413497,49.244770733],[-123.124622613,49.244935185],[-123.124624285,49.2449365],[-123.12454371,49.244979585],[-123.124512801,49.244955707],[-123.124476152,49.24497566],[-123.124295477,49.244833455],[-123.124413497,49.244770733]]]},"properties":{"feature_type":"corridor","level_id":0,"name":"Floor","building_id":"tac","building_name":"Teck Acute Care Centre","fill":"#ffffff","stroke":"#ffffff","stroke-width":0,"fill-opacity":1,"extrusion_height":0.09792000000000001,"extrusion_base":0,"source_map_id":"f_67ef927396cf2e86a2d97a12","space_id":"s_685aeec7f505b3d1aa29ebae","view_context":true,"context_for_level_id":1,"source_unit_id":"s_685aeec7f505b3d1aa29ebae","context_depth":1}},{"type":"Feature","id":"context-1-s_685aeec7f505b3d1aa29ebae-1","geometry":{"type":"Polygon","coordinates":[[[-123.124265186,49.245138235],[-123.12414365,49.245203708],[-123.123928987,49.245034444],[-123.124050492,49.244968773],[-123.124265186,49.245138235]]]},"properties":{"feature_type":"corridor","level_id":0,"name":"Floor","building_id":"tac","building_name":"Teck Acute Care Centre","fill":"#ffffff","stroke":"#ffffff","stroke-width":0,"fill-opacity":1,"extrusion_height":0.09792000000000001,"extrusion_base":0,"source_map_id":"f_67ef927396cf2e86a2d97a12","space_id":"s_685aeec7f505b3d1aa29ebae","view_context":true,"context_for_level_id":1,"source_unit_id":"s_685aeec7f505b3d1aa29ebae","context_depth":1}},{"type":"Feature","id":"context-1-s_685aeec7f505b3d1aa29ebae-2","geometry":{"type":"Polygon","coordinates":[[[-123.123891151,49.245337231],[-123.123771746,49.245401652],[-123.123572949,49.245244898],[-123.123692354,49.245180477],[-123.123891151,49.245337231]]]},"properties":{"feature_type":"corridor","level_id":0,"name":"Floor","building_id":"tac","building_name":"Teck Acute Care Centre","fill":"#ffffff","stroke":"#ffffff","stroke-width":0,"fill-opacity":1,"extrusion_height":0.09792000000000001,"extrusion_base":0,"source_map_id":"f_67ef927396cf2e86a2d97a12","space_id":"s_685aeec7f505b3d1aa29ebae","view_context":true,"context_for_level_id":1,"source_unit_id":"s_685aeec7f505b3d1aa29ebae","context_depth":1}},{"type":"Feature","id":"context-1-1410-0","geometry":{"type":"Polygon","coordinates":[[[-123.124470948,49.244860664],[-123.124491662,49.244849469],[-123.124511367,49.244865006],[-123.124490653,49.244876202],[-123.124470948,49.244860664]]]},"properties":{"feature_type":"unit","level_id":0,"name":"Washroom","category":"washroom","space_id":"s_67ef9499c52ee383c6df6e8e","building_id":"tac","building_name":"Teck Acute Care Centre","fill":"#d8eff9","stroke":"#d8eff9","stroke-width":0,"fill-opacity":1,"extrusion_height":1.224,"extrusion_base":0,"source_map_id":"f_67ef927396cf2e86a2d97a12","view_context":true,"context_for_level_id":1,"source_unit_id":1410,"context_depth":1}},{"type":"Feature","id":"context-1-1411-0","geometry":{"type":"Polygon","coordinates":[[[-123.124448132,49.244943565],[-123.124474245,49.244929451],[-123.124495225,49.244945994],[-123.124469112,49.244960108],[-123.124448132,49.244943565]]]},"properties":{"feature_type":"unit","level_id":0,"name":"Washroom","category":"washroom","space_id":"s_67ef9499c52ee383c6df6e8f","building_id":"tac","building_name":"Teck Acute Care Centre","fill":"#d8eff9","stroke":"#d8eff9","stroke-width":0,"fill-opacity":1,"extrusion_height":1.224,"extrusion_base":0,"source_map_id":"f_67ef927396cf2e86a2d97a12","view_context":true,"context_for_level_id":1,"source_unit_id":1411,"context_depth":1}},{"type":"Feature","id":"context-1-1412-0","geometry":{"type":"Polygon","coordinates":[[[-123.124162569,49.245177924],[-123.124197608,49.245158986],[-123.124198156,49.245159418],[-123.12420940294729,49.245168286045036],[-123.12417431717351,49.2451871872008],[-123.124162569,49.245177924]]]},"properties":{"feature_type":"unit","level_id":0,"name":"Accessible Washroom","category":"washroom","space_id":"s_67ef9499c52ee383c6df6e90","building_id":"tac","building_name":"Teck Acute Care Centre","fill":"#d8eff9","stroke":"#d8eff9","stroke-width":0,"fill-opacity":1,"extrusion_height":1.224,"extrusion_base":0,"source_map_id":"f_67ef927396cf2e86a2d97a12","view_context":true,"context_for_level_id":1,"source_unit_id":1412,"context_depth":1}},{"type":"Feature","id":"context-1-1425-0","geometry":{"type":"Polygon","coordinates":[[[-123.123739988,49.245340126],[-123.123777452,49.245319877],[-123.123799079,49.24533693],[-123.123761615,49.245357178],[-123.123739988,49.245340126]]]},"properties":{"feature_type":"unit","level_id":0,"name":"Washroom","category":"washroom","space_id":"s_67ef9499c52ee383c6df6e9d","building_id":"tac","building_name":"Teck Acute Care Centre","fill":"#d8eff9","stroke":"#d8eff9","stroke-width":0,"fill-opacity":1,"extrusion_height":1.224,"extrusion_base":0,"source_map_id":"f_67ef927396cf2e86a2d97a12","view_context":true,"context_for_level_id":1,"source_unit_id":1425,"context_depth":1}},{"type":"Feature","id":"context-1-1426-0","geometry":{"type":"Polygon","coordinates":[[[-123.123721364,49.245350192],[-123.123742991,49.245367244],[-123.12373416157085,49.24537201619258],[-123.12371253555773,49.24535496380214],[-123.123721364,49.245350192]]]},"properties":{"feature_type":"unit","level_id":0,"name":"Washroom","category":"washroom","space_id":"s_67ef9499c52ee383c6df6e9e","building_id":"tac","building_name":"Teck Acute Care Centre","fill":"#d8eff9","stroke":"#d8eff9","stroke-width":0,"fill-opacity":1,"extrusion_height":1.224,"extrusion_base":0,"source_map_id":"f_67ef927396cf2e86a2d97a12","view_context":true,"context_for_level_id":1,"source_unit_id":1426,"context_depth":1}},{"type":"Feature","id":"context-1-1427-0","geometry":{"type":"Polygon","coordinates":[[[-123.123604916,49.245229815],[-123.123632852,49.245214716],[-123.123654479,49.245231768],[-123.123626543,49.245246867],[-123.123604916,49.245229815]]]},"properties":{"feature_type":"unit","level_id":0,"name":"Washroom","category":"washroom","space_id":"s_67ef9499c52ee383c6df6ea1","building_id":"tac","building_name":"Teck Acute Care Centre","fill":"#d8eff9","stroke":"#d8eff9","stroke-width":0,"fill-opacity":1,"extrusion_height":1.224,"extrusion_base":0,"source_map_id":"f_67ef927396cf2e86a2d97a12","view_context":true,"context_for_level_id":1,"source_unit_id":1427,"context_depth":1}},{"type":"Feature","id":"context-1-1428-0","geometry":{"type":"Polygon","coordinates":[[[-123.12360328670641,49.24522853029861],[-123.12363124308224,49.245213447364996],[-123.123632852,49.245214716],[-123.123604916,49.245229815],[-123.12360328670641,49.24522853029861]]]},"properties":{"feature_type":"unit","level_id":0,"name":"Washroom","category":"washroom","space_id":"s_67ef9499c52ee383c6df6ea2","building_id":"tac","building_name":"Teck Acute Care Centre","fill":"#d8eff9","stroke":"#d8eff9","stroke-width":0,"fill-opacity":1,"extrusion_height":1.224,"extrusion_base":0,"source_map_id":"f_67ef927396cf2e86a2d97a12","view_context":true,"context_for_level_id":1,"source_unit_id":1428,"context_depth":1}},{"type":"Feature","id":"context-1-1432-0","geometry":{"type":"Polygon","coordinates":[[[-123.12405856,49.245091079],[-123.124077262,49.245105826],[-123.124057835,49.245116326],[-123.124038285,49.245102038],[-123.12405856,49.245091079]]]},"properties":{"feature_type":"unit","level_id":0,"name":"Washroom","category":"washroom","space_id":"s_67ef9499c52ee383c6df6ea8","building_id":"tac","building_name":"Teck Acute Care Centre","fill":"#d8eff9","stroke":"#d8eff9","stroke-width":0,"fill-opacity":1,"extrusion_height":1.224,"extrusion_base":0,"source_map_id":"f_67ef927396cf2e86a2d97a12","view_context":true,"context_for_level_id":1,"source_unit_id":1432,"context_depth":1}},{"type":"Feature","id":"context-1-1447-0","geometry":{"type":"Polygon","coordinates":[[[-123.123827309,49.245351133],[-123.12387564782637,49.24532500654752],[-123.123891151,49.245337231],[-123.1238427768818,49.245363329648036],[-123.123827309,49.245351133]]]},"properties":{"feature_type":"unit","level_id":0,"name":"T1-021","category":"polygon","space_id":"s_67ef9499c52ee383c6df6ebb","building_id":"tac","building_name":"Teck Acute Care Centre","fill":"#f5f5f5","stroke":"#f5f5f5","stroke-width":0,"fill-opacity":1,"extrusion_height":1.224,"extrusion_base":0,"source_map_id":"f_67ef927396cf2e86a2d97a12","view_context":true,"context_for_level_id":1,"source_unit_id":1447,"context_depth":1}},{"type":"Feature","id":"context-1-1448-0","geometry":{"type":"Polygon","coordinates":[[[-123.123800206,49.245365782],[-123.123827309,49.245351133],[-123.1238427768818,49.245363329648036],[-123.12381565394479,49.24537796292742],[-123.123800206,49.245365782]]]},"properties":{"feature_type":"unit","level_id":0,"name":"T1-018","category":"polygon","space_id":"s_67ef9499c52ee383c6df6ebc","building_id":"tac","building_name":"Teck Acute Care Centre","fill":"#f5f5f5","stroke":"#f5f5f5","stroke-width":0,"fill-opacity":1,"extrusion_height":1.224,"extrusion_base":0,"source_map_id":"f_67ef927396cf2e86a2d97a12","view_context":true,"context_for_level_id":1,"source_unit_id":1448,"context_depth":1}},{"type":"Feature","id":"context-1-1449-0","geometry":{"type":"Polygon","coordinates":[[[-123.123800206,49.245365782],[-123.12381565394479,49.24537796292742],[-123.123771746,49.245401652],[-123.12375632988046,49.24538949619079],[-123.123800206,49.245365782]]]},"properties":{"feature_type":"unit","level_id":0,"name":"T1-016","category":"polygon","space_id":"s_67ef9499c52ee383c6df6ebd","building_id":"tac","building_name":"Teck Acute Care Centre","fill":"#f5f5f5","stroke":"#f5f5f5","stroke-width":0,"fill-opacity":1,"extrusion_height":1.224,"extrusion_base":0,"source_map_id":"f_67ef927396cf2e86a2d97a12","view_context":true,"context_for_level_id":1,"source_unit_id":1449,"context_depth":1}},{"type":"Feature","id":"context-1-1468-0","geometry":{"type":"Polygon","coordinates":[[[-123.12459883287671,49.244916483949694],[-123.124622613,49.244935185],[-123.124624285,49.2449365],[-123.12454371,49.244979585],[-123.1245183437107,49.24495998888703],[-123.12459883287671,49.244916483949694]]]},"properties":{"feature_type":"unit","level_id":0,"name":"Waiting Area","category":"polygon","space_id":"s_67ef9499c52ee383c6df6ed4","building_id":"tac","building_name":"Teck Acute Care Centre","fill":"#03b01d","stroke":"#03b01d","stroke-width":0,"fill-opacity":1,"extrusion_height":1.224,"extrusion_base":0,"source_map_id":"f_67ef927396cf2e86a2d97a12","view_context":true,"context_for_level_id":1,"source_unit_id":1468,"context_depth":1}},{"type":"Feature","id":"context-1-1474-0","geometry":{"type":"Polygon","coordinates":[[[-123.124530889,49.244907927],[-123.1245548,49.244895003],[-123.124568939,49.244906151],[-123.124545027,49.244919076],[-123.124530889,49.244907927]]]},"properties":{"feature_type":"unit","level_id":0,"name":"T1-229","category":"polygon","space_id":"s_67ef9499c52ee383c6df6eda","building_id":"tac","building_name":"Teck Acute Care Centre","fill":"#03b01d","stroke":"#03b01d","stroke-width":0,"fill-opacity":1,"extrusion_height":1.224,"extrusion_base":0,"source_map_id":"f_67ef927396cf2e86a2d97a12","view_context":true,"context_for_level_id":1,"source_unit_id":1474,"context_depth":1}},{"type":"Feature","id":"context-1-1475-0","geometry":{"type":"Polygon","coordinates":[[[-123.124474245,49.244929451],[-123.124421146,49.244887582],[-123.124435153,49.244880012],[-123.124439134,49.24487786],[-123.124470948,49.244860664],[-123.124490653,49.244876202],[-123.124502335,49.244885413],[-123.1245172,49.244897134],[-123.124530889,49.244907927],[-123.124545027,49.244919076],[-123.124495225,49.244945994],[-123.124474245,49.244929451]]]},"properties":{"feature_type":"unit","level_id":0,"name":"T1-241","category":"polygon","space_id":"s_67ef9499c52ee383c6df6edb","building_id":"tac","building_name":"Teck Acute Care Centre","fill":"#03b01d","stroke":"#03b01d","stroke-width":0,"fill-opacity":1,"extrusion_height":1.224,"extrusion_base":0,"source_map_id":"f_67ef927396cf2e86a2d97a12","view_context":true,"context_for_level_id":1,"source_unit_id":1475,"context_depth":1}},{"type":"Feature","id":"context-1-1476-0","geometry":{"type":"Polygon","coordinates":[[[-123.124395032,49.244901697],[-123.124421146,49.244887582],[-123.124474245,49.244929451],[-123.124448132,49.244943565],[-123.124395032,49.244901697]]]},"properties":{"feature_type":"unit","level_id":0,"name":"T1-241A","category":"polygon","space_id":"s_67ef9499c52ee383c6df6edc","building_id":"tac","building_name":"Teck Acute Care Centre","fill":"#03b01d","stroke":"#03b01d","stroke-width":0,"fill-opacity":1,"extrusion_height":1.224,"extrusion_base":0,"source_map_id":"f_67ef927396cf2e86a2d97a12","view_context":true,"context_for_level_id":1,"source_unit_id":1476,"context_depth":1}},{"type":"Feature","id":"context-1-1477-0","geometry":{"type":"Polygon","coordinates":[[[-123.124395032,49.244901697],[-123.124448132,49.244943565],[-123.124469112,49.244960108],[-123.12446157113104,49.24496418374445],[-123.12438741256238,49.24490581529693],[-123.124395032,49.244901697]]]},"properties":{"feature_type":"unit","level_id":0,"name":"T1-243","category":"polygon","space_id":"s_67ef9499c52ee383c6df6edd","building_id":"tac","building_name":"Teck Acute Care Centre","fill":"#03b01d","stroke":"#03b01d","stroke-width":0,"fill-opacity":1,"extrusion_height":1.224,"extrusion_base":0,"source_map_id":"f_67ef927396cf2e86a2d97a12","view_context":true,"context_for_level_id":1,"source_unit_id":1477,"context_depth":1}},{"type":"Feature","id":"context-1-1481-0","geometry":{"type":"Polygon","coordinates":[[[-123.124502335,49.244885413],[-123.124526246,49.244872488],[-123.124541111,49.244884209],[-123.1245172,49.244897134],[-123.124502335,49.244885413]]]},"properties":{"feature_type":"unit","level_id":0,"name":"T1-240","category":"polygon","space_id":"s_67ef9499c52ee383c6df6ee1","building_id":"tac","building_name":"Teck Acute Care Centre","fill":"#03b01d","stroke":"#03b01d","stroke-width":0,"fill-opacity":1,"extrusion_height":1.224,"extrusion_base":0,"source_map_id":"f_67ef927396cf2e86a2d97a12","view_context":true,"context_for_level_id":1,"source_unit_id":1481,"context_depth":1}},{"type":"Feature","id":"context-1-1482-0","geometry":{"type":"Polygon","coordinates":[[[-123.1245172,49.244897134],[-123.124541111,49.244884209],[-123.1245548,49.244895003],[-123.124530889,49.244907927],[-123.1245172,49.244897134]]]},"properties":{"feature_type":"unit","level_id":0,"name":"T1-240","category":"polygon","space_id":"s_67ef9499c52ee383c6df6ee2","building_id":"tac","building_name":"Teck Acute Care Centre","fill":"#03b01d","stroke":"#03b01d","stroke-width":0,"fill-opacity":1,"extrusion_height":1.224,"extrusion_base":0,"source_map_id":"f_67ef927396cf2e86a2d97a12","view_context":true,"context_for_level_id":1,"source_unit_id":1482,"context_depth":1}},{"type":"Feature","id":"context-1-1483-0","geometry":{"type":"Polygon","coordinates":[[[-123.124178099,49.245129765],[-123.124215124,49.245109753],[-123.124245593,49.245133778],[-123.124208569,49.24515379],[-123.124178099,49.245129765]]]},"properties":{"feature_type":"unit","level_id":0,"name":"T1-032A","category":"polygon","space_id":"s_67ef9499c52ee383c6df6ee3","building_id":"tac","building_name":"Teck Acute Care Centre","fill":"#b5dba3","stroke":"#b5dba3","stroke-width":0,"fill-opacity":1,"extrusion_height":1.224,"extrusion_base":0,"source_map_id":"f_67ef927396cf2e86a2d97a12","view_context":true,"context_for_level_id":1,"source_unit_id":1483,"context_depth":1}},{"type":"Feature","id":"context-1-1484-0","geometry":{"type":"Polygon","coordinates":[[[-123.124215124,49.245109753],[-123.1242234204342,49.245105268655756],[-123.12425387096707,49.24512930383233],[-123.124245593,49.245133778],[-123.124215124,49.245109753]]]},"properties":{"feature_type":"unit","level_id":0,"name":"T1-148A","category":"polygon","space_id":"s_67ef9499c52ee383c6df6ee4","building_id":"tac","building_name":"Teck Acute Care Centre","fill":"#b5dba3","stroke":"#b5dba3","stroke-width":0,"fill-opacity":1,"extrusion_height":1.224,"extrusion_base":0,"source_map_id":"f_67ef927396cf2e86a2d97a12","view_context":true,"context_for_level_id":1,"source_unit_id":1484,"context_depth":1}},{"type":"Feature","id":"context-1-1488-0","geometry":{"type":"Polygon","coordinates":[[[-123.124140561,49.245100166],[-123.12418590522788,49.24507565719994],[-123.1242234204342,49.245105268655756],[-123.124215124,49.245109753],[-123.124178099,49.245129765],[-123.124140561,49.245100166]]]},"properties":{"feature_type":"unit","level_id":0,"name":"T1-148","category":"polygon","space_id":"s_67ef9499c52ee383c6df6ee9","building_id":"tac","building_name":"Teck Acute Care Centre","fill":"#b5dba3","stroke":"#b5dba3","stroke-width":0,"fill-opacity":1,"extrusion_height":1.224,"extrusion_base":0,"source_map_id":"f_67ef927396cf2e86a2d97a12","view_context":true,"context_for_level_id":1,"source_unit_id":1488,"context_depth":1}},{"type":"Feature","id":"context-1-1492-0","geometry":{"type":"Polygon","coordinates":[[[-123.123987182,49.245007565],[-123.124040406,49.244978798],[-123.124068874,49.245001245],[-123.12401565,49.245030012],[-123.123987182,49.245007565]]]},"properties":{"feature_type":"unit","level_id":0,"name":"T1-149A","category":"polygon","space_id":"s_67ef9499c52ee383c6df6eed","building_id":"tac","building_name":"Teck Acute Care Centre","fill":"#ffe9b3","stroke":"#ffe9b3","stroke-width":0,"fill-opacity":1,"extrusion_height":1.224,"extrusion_base":0,"source_map_id":"f_67ef927396cf2e86a2d97a12","view_context":true,"context_for_level_id":1,"source_unit_id":1492,"context_depth":1}},{"type":"Feature","id":"context-1-1493-0","geometry":{"type":"Polygon","coordinates":[[[-123.124029604,49.245041015],[-123.12401565,49.245030012],[-123.124068874,49.245001245],[-123.124093363,49.245020555],[-123.12404014,49.245049323],[-123.124029604,49.245041015]]]},"properties":{"feature_type":"unit","level_id":0,"name":"T1-036","category":"polygon","space_id":"s_67ef9499c52ee383c6df6eee","building_id":"tac","building_name":"Teck Acute Care Centre","fill":"#ffe9b3","stroke":"#ffe9b3","stroke-width":0,"fill-opacity":1,"extrusion_height":1.224,"extrusion_base":0,"source_map_id":"f_67ef927396cf2e86a2d97a12","view_context":true,"context_for_level_id":1,"source_unit_id":1493,"context_depth":1}},{"type":"Feature","id":"context-1-1494-0","geometry":{"type":"Polygon","coordinates":[[[-123.12404014,49.245049323],[-123.124093363,49.245020555],[-123.12412826,49.245048071],[-123.124099499,49.245063617],[-123.124075036,49.245076839],[-123.12404014,49.245049323]]]},"properties":{"feature_type":"unit","level_id":0,"name":"T1-037","category":"polygon","space_id":"s_67ef9499c52ee383c6df6eef","building_id":"tac","building_name":"Teck Acute Care Centre","fill":"#ffe9b3","stroke":"#ffe9b3","stroke-width":0,"fill-opacity":1,"extrusion_height":1.224,"extrusion_base":0,"source_map_id":"f_67ef927396cf2e86a2d97a12","view_context":true,"context_for_level_id":1,"source_unit_id":1494,"context_depth":1}},{"type":"Feature","id":"context-1-1495-0","geometry":{"type":"Polygon","coordinates":[[[-123.124099499,49.245063617],[-123.12412826,49.245048071],[-123.124151247,49.245066197],[-123.124122486,49.245081742],[-123.124099499,49.245063617]]]},"properties":{"feature_type":"unit","level_id":0,"name":"T1-034","category":"polygon","space_id":"s_67ef9499c52ee383c6df6ef0","building_id":"tac","building_name":"Teck Acute Care Centre","fill":"#b5dba3","stroke":"#b5dba3","stroke-width":0,"fill-opacity":1,"extrusion_height":1.224,"extrusion_base":0,"source_map_id":"f_67ef927396cf2e86a2d97a12","view_context":true,"context_for_level_id":1,"source_unit_id":1495,"context_depth":1}},{"type":"Feature","id":"context-1-1496-0","geometry":{"type":"Polygon","coordinates":[[[-123.124075036,49.245076839],[-123.124099499,49.245063617],[-123.124122486,49.245081742],[-123.124098024,49.245094964],[-123.124075036,49.245076839]]]},"properties":{"feature_type":"unit","level_id":0,"name":"T1-030B","category":"polygon","space_id":"s_67ef9499c52ee383c6df6ef1","building_id":"tac","building_name":"Teck Acute Care Centre","fill":"#b5dba3","stroke":"#b5dba3","stroke-width":0,"fill-opacity":1,"extrusion_height":1.224,"extrusion_base":0,"source_map_id":"f_67ef927396cf2e86a2d97a12","view_context":true,"context_for_level_id":1,"source_unit_id":1496,"context_depth":1}},{"type":"Feature","id":"context-1-1497-0","geometry":{"type":"Polygon","coordinates":[[[-123.123954826,49.24504652],[-123.123981095,49.245067233],[-123.123984106,49.245069607],[-123.1239778615715,49.24507298210611],[-123.12394858186943,49.2450498947576],[-123.123954826,49.24504652]]]},"properties":{"feature_type":"unit","level_id":0,"name":"T1-143","category":"polygon","space_id":"s_67ef9499c52ee383c6df6ef2","building_id":"tac","building_name":"Teck Acute Care Centre","fill":"#b5dba3","stroke":"#b5dba3","stroke-width":0,"fill-opacity":1,"extrusion_height":1.224,"extrusion_base":0,"source_map_id":"f_67ef927396cf2e86a2d97a12","view_context":true,"context_for_level_id":1,"source_unit_id":1497,"context_depth":1}},{"type":"Feature","id":"context-1-1498-0","geometry":{"type":"Polygon","coordinates":[[[-123.123984106,49.245069607],[-123.12400436,49.245085577],[-123.124013116,49.245092482],[-123.12400687169976,49.24509585689286],[-123.1239778615715,49.24507298210611],[-123.123984106,49.245069607]]]},"properties":{"feature_type":"unit","level_id":0,"name":"T1-144","category":"polygon","space_id":"s_67ef9499c52ee383c6df6ef3","building_id":"tac","building_name":"Teck Acute Care Centre","fill":"#b5dba3","stroke":"#b5dba3","stroke-width":0,"fill-opacity":1,"extrusion_height":1.224,"extrusion_base":0,"source_map_id":"f_67ef927396cf2e86a2d97a12","view_context":true,"context_for_level_id":1,"source_unit_id":1498,"context_depth":1}},{"type":"Feature","id":"context-1-1503-0","geometry":{"type":"Polygon","coordinates":[[[-123.123802688,49.245306237],[-123.12383185349165,49.245290474149435],[-123.12385347969933,49.245307526693274],[-123.123824315,49.24532329],[-123.123802688,49.245306237]]]},"properties":{"feature_type":"unit","level_id":0,"name":"T1-020","category":"polygon","space_id":"s_67ef9499c52ee383c6df6ef8","building_id":"tac","building_name":"Teck Acute Care Centre","fill":"#008ee6","stroke":"#008ee6","stroke-width":0,"fill-opacity":1,"extrusion_height":1.224,"extrusion_base":0,"source_map_id":"f_67ef927396cf2e86a2d97a12","view_context":true,"context_for_level_id":1,"source_unit_id":1503,"context_depth":1}},{"type":"Feature","id":"context-1-1504-0","geometry":{"type":"Polygon","coordinates":[[[-123.123773956,49.245283582],[-123.12380312116113,49.24526781833602],[-123.12383185349165,49.245290474149435],[-123.123802688,49.245306237],[-123.123773956,49.245283582]]]},"properties":{"feature_type":"unit","level_id":0,"name":"T1-045","category":"polygon","space_id":"s_67ef9499c52ee383c6df6ef9","building_id":"tac","building_name":"Teck Acute Care Centre","fill":"#008ee6","stroke":"#008ee6","stroke-width":0,"fill-opacity":1,"extrusion_height":1.224,"extrusion_base":0,"source_map_id":"f_67ef927396cf2e86a2d97a12","view_context":true,"context_for_level_id":1,"source_unit_id":1504,"context_depth":1}},{"type":"Feature","id":"context-1-1505-0","geometry":{"type":"Polygon","coordinates":[[[-123.123746861,49.245262217],[-123.123743302,49.245259411],[-123.12377246721726,49.245243647305685],[-123.12380312116113,49.24526781833602],[-123.123773956,49.245283582],[-123.123746861,49.245262217]]]},"properties":{"feature_type":"unit","level_id":0,"name":"T1-137","category":"polygon","space_id":"s_67ef9499c52ee383c6df6efa","building_id":"tac","building_name":"Teck Acute Care Centre","fill":"#008ee6","stroke":"#008ee6","stroke-width":0,"fill-opacity":1,"extrusion_height":1.224,"extrusion_base":0,"source_map_id":"f_67ef927396cf2e86a2d97a12","view_context":true,"context_for_level_id":1,"source_unit_id":1505,"context_depth":1}},{"type":"Feature","id":"context-1-1512-0","geometry":{"type":"Polygon","coordinates":[[[-123.124417148,49.244794451],[-123.1244328588296,49.24478595943702],[-123.12448895846947,49.24483007704626],[-123.12447316,49.244838616],[-123.124417148,49.244794451]]]},"properties":{"feature_type":"unit","level_id":0,"name":"T1-230","category":"polygon","space_id":"s_67ef9499c52ee383c6df6f01","building_id":"tac","building_name":"Teck Acute Care Centre","fill":"#f5f5f5","stroke":"#f5f5f5","stroke-width":0,"fill-opacity":1,"extrusion_height":1.224,"extrusion_base":0,"source_map_id":"f_67ef927396cf2e86a2d97a12","view_context":true,"context_for_level_id":1,"source_unit_id":1512,"context_depth":1}},{"type":"Feature","id":"context-1-1513-0","geometry":{"type":"Polygon","coordinates":[[[-123.124391421,49.244808356],[-123.124417148,49.244794451],[-123.12447316,49.244838616],[-123.124447433,49.244852522],[-123.124391421,49.244808356]]]},"properties":{"feature_type":"unit","level_id":0,"name":"T1-232","category":"polygon","space_id":"s_67ef9499c52ee383c6df6f02","building_id":"tac","building_name":"Teck Acute Care Centre","fill":"#f5f5f5","stroke":"#f5f5f5","stroke-width":0,"fill-opacity":1,"extrusion_height":1.224,"extrusion_base":0,"source_map_id":"f_67ef927396cf2e86a2d97a12","view_context":true,"context_for_level_id":1,"source_unit_id":1513,"context_depth":1}},{"type":"Feature","id":"context-1-1559-0","geometry":{"type":"Polygon","coordinates":[[[-123.123635153,49.245269245],[-123.123675296,49.245300898],[-123.12365670910691,49.24531094392523],[-123.12361656631275,49.24527929081398],[-123.123635153,49.245269245]]]},"properties":{"feature_type":"unit","level_id":0,"name":"T1-132","category":"polygon","space_id":"s_67ef9499c52ee383c6df6f30","building_id":"tac","building_name":"Teck Acute Care Centre","fill":"#f5f5f5","stroke":"#f5f5f5","stroke-width":0,"fill-opacity":1,"extrusion_height":1.224,"extrusion_base":0,"source_map_id":"f_67ef927396cf2e86a2d97a12","view_context":true,"context_for_level_id":1,"source_unit_id":1559,"context_depth":1}},{"type":"Feature","id":"context-1-1560-0","geometry":{"type":"Polygon","coordinates":[[[-123.123635153,49.245269245],[-123.123669143,49.245250873],[-123.123709286,49.245282526],[-123.123675296,49.245300898],[-123.123635153,49.245269245]]]},"properties":{"feature_type":"unit","level_id":0,"name":"T1-133","category":"polygon","space_id":"s_67ef9499c52ee383c6df6f31","building_id":"tac","building_name":"Teck Acute Care Centre","fill":"#f5f5f5","stroke":"#f5f5f5","stroke-width":0,"fill-opacity":1,"extrusion_height":1.224,"extrusion_base":0,"source_map_id":"f_67ef927396cf2e86a2d97a12","view_context":true,"context_for_level_id":1,"source_unit_id":1560,"context_depth":1}},{"type":"Feature","id":"context-1-1561-0","geometry":{"type":"Polygon","coordinates":[[[-123.123703757,49.24532334],[-123.123750087,49.245298299],[-123.123777452,49.245319877],[-123.123739988,49.245340126],[-123.123731123,49.245344918],[-123.123703757,49.24532334]]]},"properties":{"feature_type":"unit","level_id":0,"name":"T1-135","category":"polygon","space_id":"s_67ef9499c52ee383c6df6f32","building_id":"tac","building_name":"Teck Acute Care Centre","fill":"#008ee6","stroke":"#008ee6","stroke-width":0,"fill-opacity":1,"extrusion_height":1.224,"extrusion_base":0,"source_map_id":"f_67ef927396cf2e86a2d97a12","view_context":true,"context_for_level_id":1,"source_unit_id":1561,"context_depth":1}},{"type":"Feature","id":"context-1-1562-0","geometry":{"type":"Polygon","coordinates":[[[-123.123675296,49.245300898],[-123.123709286,49.245282526],[-123.123721625,49.245275857],[-123.123750087,49.245298299],[-123.123703757,49.24532334],[-123.123675296,49.245300898]]]},"properties":{"feature_type":"unit","level_id":0,"name":"T1-173B","category":"polygon","space_id":"s_67ef9499c52ee383c6df6f33","building_id":"tac","building_name":"Teck Acute Care Centre","fill":"#008ee6","stroke":"#008ee6","stroke-width":0,"fill-opacity":1,"extrusion_height":1.224,"extrusion_base":0,"source_map_id":"f_67ef927396cf2e86a2d97a12","view_context":true,"context_for_level_id":1,"source_unit_id":1562,"context_depth":1}},{"type":"Feature","id":"context-1-1563-0","geometry":{"type":"Polygon","coordinates":[[[-123.123703757,49.24532334],[-123.123731123,49.245344918],[-123.123721364,49.245350192],[-123.12371253555773,49.24535496380214],[-123.12368517022239,49.24533338588208],[-123.123703757,49.24532334]]]},"properties":{"feature_type":"unit","level_id":0,"name":"T1-130","category":"polygon","space_id":"s_67ef9499c52ee383c6df6f34","building_id":"tac","building_name":"Teck Acute Care Centre","fill":"#008ee6","stroke":"#008ee6","stroke-width":0,"fill-opacity":1,"extrusion_height":1.224,"extrusion_base":0,"source_map_id":"f_67ef927396cf2e86a2d97a12","view_context":true,"context_for_level_id":1,"source_unit_id":1563,"context_depth":1}},{"type":"Feature","id":"context-1-1564-0","geometry":{"type":"Polygon","coordinates":[[[-123.123675296,49.245300898],[-123.123703757,49.24532334],[-123.12368517022239,49.24533338588208],[-123.12365670910691,49.24531094392523],[-123.123675296,49.245300898]]]},"properties":{"feature_type":"unit","level_id":0,"name":"T1-131","category":"polygon","space_id":"s_67ef9499c52ee383c6df6f35","building_id":"tac","building_name":"Teck Acute Care Centre","fill":"#008ee6","stroke":"#008ee6","stroke-width":0,"fill-opacity":1,"extrusion_height":1.224,"extrusion_base":0,"source_map_id":"f_67ef927396cf2e86a2d97a12","view_context":true,"context_for_level_id":1,"source_unit_id":1564,"context_depth":1}},{"type":"Feature","id":"context-1-1565-0","geometry":{"type":"Polygon","coordinates":[[[-123.123721364,49.245350192],[-123.123731123,49.245344918],[-123.123739988,49.245340126],[-123.123761615,49.245357178],[-123.123742991,49.245367244],[-123.123721364,49.245350192]]]},"properties":{"feature_type":"unit","level_id":0,"name":"T1-017","category":"polygon","space_id":"s_67ef9499c52ee383c6df6f36","building_id":"tac","building_name":"Teck Acute Care Centre","fill":"#008ee6","stroke":"#008ee6","stroke-width":0,"fill-opacity":1,"extrusion_height":1.224,"extrusion_base":0,"source_map_id":"f_67ef927396cf2e86a2d97a12","view_context":true,"context_for_level_id":1,"source_unit_id":1565,"context_depth":1}},{"type":"Feature","id":"context-1-1573-0","geometry":{"type":"Polygon","coordinates":[[[-123.123632852,49.245214716],[-123.12363124308224,49.245213447364996],[-123.123692354,49.245180477],[-123.1237155446365,49.24519876311615],[-123.123654479,49.245231768],[-123.123632852,49.245214716]]]},"properties":{"feature_type":"unit","level_id":0,"name":"T1-042","category":"polygon","space_id":"s_67ef9499c52ee383c6df6f3e","building_id":"tac","building_name":"Teck Acute Care Centre","fill":"#f5f5f5","stroke":"#f5f5f5","stroke-width":0,"fill-opacity":1,"extrusion_height":1.224,"extrusion_base":0,"source_map_id":"f_67ef927396cf2e86a2d97a12","view_context":true,"context_for_level_id":1,"source_unit_id":1573,"context_depth":1}},{"type":"Feature","id":"context-1-1574-0","geometry":{"type":"Polygon","coordinates":[[[-123.123604916,49.245229815],[-123.123626543,49.245246867],[-123.12359622656454,49.24526325266004],[-123.123572949,49.245244898],[-123.12360328670641,49.24522853029861],[-123.123604916,49.245229815]]]},"properties":{"feature_type":"unit","level_id":0,"name":"T1-046","category":"polygon","space_id":"s_67ef9499c52ee383c6df6f3f","building_id":"tac","building_name":"Teck Acute Care Centre","fill":"#008ee6","stroke":"#008ee6","stroke-width":0,"fill-opacity":1,"extrusion_height":1.224,"extrusion_base":0,"source_map_id":"f_67ef927396cf2e86a2d97a12","view_context":true,"context_for_level_id":1,"source_unit_id":1574,"context_depth":1}},{"type":"Feature","id":"context-1-1612-0","geometry":{"type":"Polygon","coordinates":[[[-123.12453610905185,49.24486715698071],[-123.12457886889011,49.244900783967275],[-123.124568939,49.244906151],[-123.1245548,49.244895003],[-123.124541111,49.244884209],[-123.124526246,49.244872488],[-123.12453610905185,49.24486715698071]]]},"properties":{"feature_type":"unit","level_id":0,"name":"T1-172","category":"polygon","space_id":"s_67ef9499c52ee383c6df6f67","building_id":"tac","building_name":"Teck Acute Care Centre","fill":"#877ad1","stroke":"#877ad1","stroke-width":0,"fill-opacity":1,"extrusion_height":1.224,"extrusion_base":0,"source_map_id":"f_67ef927396cf2e86a2d97a12","view_context":true,"context_for_level_id":1,"source_unit_id":1612,"context_depth":1}},{"type":"Feature","id":"context-1-1613-0","geometry":{"type":"Polygon","coordinates":[[[-123.12450467361953,49.24484243567906],[-123.12453610905185,49.24486715698071],[-123.124526246,49.244872488],[-123.124502335,49.244885413],[-123.124490653,49.244876202],[-123.124511367,49.244865006],[-123.124491662,49.244849469],[-123.12450467361953,49.24484243567906]]]},"properties":{"feature_type":"unit","level_id":0,"name":"T1-231","category":"polygon","space_id":"s_67ef9499c52ee383c6df6f68","building_id":"tac","building_name":"Teck Acute Care Centre","fill":"#03b01d","stroke":"#03b01d","stroke-width":0,"fill-opacity":1,"extrusion_height":1.224,"extrusion_base":0,"source_map_id":"f_67ef927396cf2e86a2d97a12","view_context":true,"context_for_level_id":1,"source_unit_id":1613,"context_depth":1}},{"type":"Feature","id":"context-1-1622-0","geometry":{"type":"Polygon","coordinates":[[[-123.124019153,49.245077581],[-123.124025446,49.245082544],[-123.124038671,49.245075396],[-123.12405856,49.245091079],[-123.124038285,49.245102038],[-123.124057835,49.245116326],[-123.12404299980915,49.24512434428151],[-123.12400687169976,49.24509585689286],[-123.124013116,49.245092482],[-123.12400436,49.245085577],[-123.124019153,49.245077581]]]},"properties":{"feature_type":"unit","level_id":0,"name":"Emergency (Turtle Bay) Reception","category":"polygon","space_id":"s_67ef9499c52ee383c6df6f71","building_id":"tac","building_name":"Teck Acute Care Centre","fill":"#b5dba3","stroke":"#b5dba3","stroke-width":0,"fill-opacity":1,"extrusion_height":1.224,"extrusion_base":0,"source_map_id":"f_67ef927396cf2e86a2d97a12","view_context":true,"context_for_level_id":1,"source_unit_id":1622,"context_depth":1}},{"type":"Feature","id":"context-1-1623-0","geometry":{"type":"Polygon","coordinates":[[[-123.123987182,49.245007565],[-123.12401565,49.245030012],[-123.124029604,49.245041015],[-123.123981095,49.245067233],[-123.123954826,49.24504652],[-123.12394858186943,49.2450498947576],[-123.1239324298182,49.24503715869782],[-123.123987182,49.245007565]]]},"properties":{"feature_type":"unit","level_id":0,"name":"T1-155","category":"polygon","space_id":"s_67ef9499c52ee383c6df6f72","building_id":"tac","building_name":"Teck Acute Care Centre","fill":"#ffe9b3","stroke":"#ffe9b3","stroke-width":0,"fill-opacity":1,"extrusion_height":1.224,"extrusion_base":0,"source_map_id":"f_67ef927396cf2e86a2d97a12","view_context":true,"context_for_level_id":1,"source_unit_id":1623,"context_depth":1}},{"type":"Feature","id":"context-1-1624-0","geometry":{"type":"Polygon","coordinates":[[[-123.12373455977917,49.24521375680154],[-123.12377246721726,49.245243647305685],[-123.123743302,49.245259411],[-123.123736005,49.245253657],[-123.123746909,49.245247764],[-123.123717622,49.245224671],[-123.123716298,49.245223627],[-123.12373455977917,49.24521375680154]]]},"properties":{"feature_type":"unit","level_id":0,"name":"T1-138","category":"polygon","space_id":"s_67ef9499c52ee383c6df6f73","building_id":"tac","building_name":"Teck Acute Care Centre","fill":"#008ee6","stroke":"#008ee6","stroke-width":0,"fill-opacity":1,"extrusion_height":1.224,"extrusion_base":0,"source_map_id":"f_67ef927396cf2e86a2d97a12","view_context":true,"context_for_level_id":1,"source_unit_id":1624,"context_depth":1}},{"type":"Feature","id":"context-1-1630-0","geometry":{"type":"Polygon","coordinates":[[[-123.124417148,49.244794451],[-123.124391421,49.244808356],[-123.124447433,49.244852522],[-123.12442343,49.244865496],[-123.124419453,49.244867645],[-123.124382756,49.24488748],[-123.124319934,49.244837945],[-123.124316765,49.244835446],[-123.12430668540894,49.24482749826534],[-123.124413497,49.244770733],[-123.1244328588296,49.24478595943702],[-123.124417148,49.244794451]]]},"properties":{"feature_type":"unit","level_id":0,"name":"T1-233","category":"polygon","space_id":"s_67ef9499c52ee383c6df6f79","building_id":"tac","building_name":"Teck Acute Care Centre","fill":"#f5f5f5","stroke":"#f5f5f5","stroke-width":0,"fill-opacity":1,"extrusion_height":1.224,"extrusion_base":0,"source_map_id":"f_67ef927396cf2e86a2d97a12","view_context":true,"context_for_level_id":1,"source_unit_id":1630,"context_depth":1}},{"type":"Feature","id":"context-1-1658-0","geometry":{"type":"Polygon","coordinates":[[[-123.124140561,49.245100166],[-123.124178099,49.245129765],[-123.124208569,49.24515379],[-123.124198156,49.245159418],[-123.124197608,49.245158986],[-123.124162569,49.245177924],[-123.124148683,49.245185429],[-123.12414622,49.245183487],[-123.124081223,49.245132237],[-123.124140561,49.245100166]]]},"properties":{"feature_type":"unit","level_id":0,"name":"Waiting Area","category":"polygon","space_id":"s_67ef9499c52ee383c6df6f95","building_id":"tac","building_name":"Teck Acute Care Centre","fill":"#b5dba3","stroke":"#b5dba3","stroke-width":0,"fill-opacity":1,"extrusion_height":1.224,"extrusion_base":0,"source_map_id":"f_67ef927396cf2e86a2d97a12","view_context":true,"context_for_level_id":1,"source_unit_id":1658,"context_depth":1}},{"type":"Feature","id":"context-1-1659-0","geometry":{"type":"Polygon","coordinates":[[[-123.123717622,49.245224671],[-123.123746909,49.245247764],[-123.123736005,49.245253657],[-123.123743302,49.245259411],[-123.123746861,49.245262217],[-123.123721625,49.245275857],[-123.123709286,49.245282526],[-123.123669143,49.245250873],[-123.123717622,49.245224671]]]},"properties":{"feature_type":"unit","level_id":0,"name":"T1-043B","category":"polygon","space_id":"s_67ef9499c52ee383c6df6f96","building_id":"tac","building_name":"Teck Acute Care Centre","fill":"#008ee6","stroke":"#008ee6","stroke-width":0,"fill-opacity":1,"extrusion_height":1.224,"extrusion_base":0,"source_map_id":"f_67ef927396cf2e86a2d97a12","view_context":true,"context_for_level_id":1,"source_unit_id":1659,"context_depth":1}},{"type":"Feature","id":"context-1-s_682f6d2e06c734db63fafed5-0","geometry":{"type":"Polygon","coordinates":[[[-123.12414622,49.245183487],[-123.124148683,49.245185429],[-123.12413194302334,49.2451944769276],[-123.12412948009936,49.245192534886506],[-123.12414622,49.245183487]]]},"properties":{"feature_type":"wall","level_id":0,"name":"Inner Wall","layer":"Inner Wall","building_id":"tac","building_name":"Teck Acute Care Centre","fill":"#9f9f9f","stroke":"#9f9f9f","stroke-width":0,"fill-opacity":1,"extrusion_height":1.224,"extrusion_base":0,"source_map_id":"f_67ef927396cf2e86a2d97a12","space_id":"s_682f6d2e06c734db63fafed5","view_context":true,"context_for_level_id":1,"source_unit_id":"s_682f6d2e06c734db63fafed5","context_depth":1}},{"type":"Feature","id":"context-1-s_68748645d0aa0784542c33b3-0","geometry":{"type":"Polygon","coordinates":[[[-123.124313504,49.244837197],[-123.124316661,49.244839686],[-123.12430879508946,49.2448439373518],[-123.12430560866953,49.24484142939638],[-123.124313504,49.244837197]]]},"properties":{"feature_type":"wall","level_id":0,"name":"Entrance","layer":"Entrance","building_id":"tac","building_name":"Teck Acute Care Centre","fill":"#94c7ff","stroke":"#94c7ff","stroke-width":0,"fill-opacity":1,"extrusion_height":1.224,"extrusion_base":0,"source_map_id":"f_67ef927396cf2e86a2d97a12","space_id":"s_68748645d0aa0784542c33b3","view_context":true,"context_for_level_id":1,"source_unit_id":"s_68748645d0aa0784542c33b3","context_depth":1}},{"type":"Feature","id":"context-1-s_68748645d0aa0784542c33b4-0","geometry":{"type":"Polygon","coordinates":[[[-123.124316765,49.244835446],[-123.124319934,49.244837945],[-123.124316661,49.244839686],[-123.124313504,49.244837197],[-123.124316765,49.244835446]]]},"properties":{"feature_type":"wall","level_id":0,"name":"Wall","layer":"Wall","building_id":"tac","building_name":"Teck Acute Care Centre","fill":"#9f9f9f","stroke":"#9f9f9f","stroke-width":0,"fill-opacity":1,"extrusion_height":1.224,"extrusion_base":0,"source_map_id":"f_67ef927396cf2e86a2d97a12","space_id":"s_68748645d0aa0784542c33b4","view_context":true,"context_for_level_id":1,"source_unit_id":"s_68748645d0aa0784542c33b4","context_depth":1}},{"type":"Feature","id":"context-1-s_68748e10d0aa0784542c33cc-0","geometry":{"type":"Polygon","coordinates":[[[-123.124439134,49.24487786],[-123.124435153,49.244880012],[-123.124431778,49.244877365],[-123.124435773,49.244875206],[-123.124439134,49.24487786]]]},"properties":{"feature_type":"wall","level_id":0,"name":"Wall","layer":"Wall","building_id":"tac","building_name":"Teck Acute Care Centre","fill":"#9f9f9f","stroke":"#9f9f9f","stroke-width":0,"fill-opacity":1,"extrusion_height":1.224,"extrusion_base":0,"source_map_id":"f_67ef927396cf2e86a2d97a12","space_id":"s_68748e10d0aa0784542c33cc","view_context":true,"context_for_level_id":1,"source_unit_id":"s_68748e10d0aa0784542c33cc","context_depth":1}},{"type":"Feature","id":"context-1-s_68748e10d0aa0784542c33cd-0","geometry":{"type":"Polygon","coordinates":[[[-123.124435773,49.244875206],[-123.124431778,49.244877365],[-123.124423058,49.24487049],[-123.124427053,49.24486833],[-123.124435773,49.244875206]]]},"properties":{"feature_type":"wall","level_id":0,"name":"Entrance","layer":"Entrance","building_id":"tac","building_name":"Teck Acute Care Centre","fill":"#94c7ff","stroke":"#94c7ff","stroke-width":0,"fill-opacity":1,"extrusion_height":1.224,"extrusion_base":0,"source_map_id":"f_67ef927396cf2e86a2d97a12","space_id":"s_68748e10d0aa0784542c33cd","view_context":true,"context_for_level_id":1,"source_unit_id":"s_68748e10d0aa0784542c33cd","context_depth":1}},{"type":"Feature","id":"context-1-s_68748e10d0aa0784542c33ce-0","geometry":{"type":"Polygon","coordinates":[[[-123.124427053,49.24486833],[-123.124423058,49.24487049],[-123.124419453,49.244867645],[-123.12442343,49.244865496],[-123.124427053,49.24486833]]]},"properties":{"feature_type":"wall","level_id":0,"name":"Wall","layer":"Wall","building_id":"tac","building_name":"Teck Acute Care Centre","fill":"#9f9f9f","stroke":"#9f9f9f","stroke-width":0,"fill-opacity":1,"extrusion_height":1.224,"extrusion_base":0,"source_map_id":"f_67ef927396cf2e86a2d97a12","space_id":"s_68748e10d0aa0784542c33ce","view_context":true,"context_for_level_id":1,"source_unit_id":"s_68748e10d0aa0784542c33ce","context_depth":1}},{"type":"Feature","id":"context-1-s_6874a5c3ae026a52c2c764a2-0","geometry":{"type":"Polygon","coordinates":[[[-123.124143493,49.245060068],[-123.12414108,49.24505818],[-123.124145014,49.245056191],[-123.12414742,49.245058088],[-123.124143493,49.245060068]]]},"properties":{"feature_type":"wall","level_id":0,"name":"Wall","layer":"Wall","building_id":"tac","building_name":"Teck Acute Care Centre","fill":"#9f9f9f","stroke":"#9f9f9f","stroke-width":0,"fill-opacity":1,"extrusion_height":1.224,"extrusion_base":0,"source_map_id":"f_67ef927396cf2e86a2d97a12","space_id":"s_6874a5c3ae026a52c2c764a2","view_context":true,"context_for_level_id":1,"source_unit_id":"s_6874a5c3ae026a52c2c764a2","context_depth":1}},{"type":"Feature","id":"context-1-s_6874a5c3ae026a52c2c764a3-0","geometry":{"type":"Polygon","coordinates":[[[-123.12414742,49.245058088],[-123.124145014,49.245056191],[-123.12415373,49.24505148],[-123.124156136,49.245053377],[-123.12414742,49.245058088]]]},"properties":{"feature_type":"wall","level_id":0,"name":"Entrance","layer":"Entrance","building_id":"tac","building_name":"Teck Acute Care Centre","fill":"#94c7ff","stroke":"#94c7ff","stroke-width":0,"fill-opacity":1,"extrusion_height":1.224,"extrusion_base":0,"source_map_id":"f_67ef927396cf2e86a2d97a12","space_id":"s_6874a5c3ae026a52c2c764a3","view_context":true,"context_for_level_id":1,"source_unit_id":"s_6874a5c3ae026a52c2c764a3","context_depth":1}},{"type":"Feature","id":"context-1-s_6874a5c3ae026a52c2c764a4-0","geometry":{"type":"Polygon","coordinates":[[[-123.124156136,49.245053377],[-123.12415373,49.24505148],[-123.12415464692332,49.245050984434016],[-123.12415705130682,49.24505288225901],[-123.124156136,49.245053377]]]},"properties":{"feature_type":"wall","level_id":0,"name":"Entrance","layer":"Entrance","building_id":"tac","building_name":"Teck Acute Care Centre","fill":"#94c7ff","stroke":"#94c7ff","stroke-width":0,"fill-opacity":1,"extrusion_height":1.224,"extrusion_base":0,"source_map_id":"f_67ef927396cf2e86a2d97a12","space_id":"s_6874a5c3ae026a52c2c764a4","view_context":true,"context_for_level_id":1,"source_unit_id":"s_6874a5c3ae026a52c2c764a4","context_depth":1}},{"type":"Feature","id":"context-2-s_67ff71501e120b51f181dc14-0","geometry":{"type":"Polygon","coordinates":[[[-123.12442761,49.244952605],[-123.124386833,49.244920452],[-123.124351937,49.244892935],[-123.124347466,49.24488941],[-123.124334972,49.244879558],[-123.124329135,49.244874955],[-123.124322835,49.244869988],[-123.124306874,49.244857403],[-123.124285162,49.244840282],[-123.124282834,49.244838447],[-123.124266005,49.244825177],[-123.124264632,49.244824094],[-123.124278845,49.244816412],[-123.124294331,49.244808042],[-123.12431532,49.244796698],[-123.124320995,49.244793631],[-123.124346997,49.244779577],[-123.124394211,49.244754058],[-123.124395483,49.244753371],[-123.124425286,49.244737263],[-123.124427435,49.244736101],[-123.124431955,49.244739665],[-123.124438747,49.24474502],[-123.124454806,49.244757684],[-123.1244611,49.244762646],[-123.124488557,49.244784296],[-123.124489013,49.244784656],[-123.124518435,49.244807856],[-123.124521125,49.244809977],[-123.124536637,49.244822208],[-123.124545394,49.244829113],[-123.124553786,49.244835731],[-123.124574681,49.244852206],[-123.124586355,49.244861412],[-123.124615458,49.244884359],[-123.124619558,49.244887592],[-123.124636664,49.244901081],[-123.124671284,49.244928379],[-123.124542367,49.244998057],[-123.124505149,49.24496871],[-123.124473412,49.244985864],[-123.124471263,49.244987025],[-123.124445535,49.244966739],[-123.12442761,49.244952605]],[[-123.124512801,49.244955707],[-123.12454371,49.244979585],[-123.124624285,49.2449365],[-123.124622613,49.244935185],[-123.124413497,49.244770733],[-123.124295477,49.244833455],[-123.124476152,49.24497566],[-123.124512801,49.244955707]]]},"properties":{"feature_type":"corridor","level_id":1,"name":"Floor","building_id":"tac","building_name":"Teck Acute Care Centre","fill":"#ffffff","stroke":"#ffffff","stroke-width":0,"fill-opacity":1,"extrusion_height":0.09791999955832296,"extrusion_base":0,"source_map_id":"f_67ef92a896cf2e86a2d97a13","space_id":"s_67ff71501e120b51f181dc14","view_context":true,"context_for_level_id":2,"source_unit_id":"s_67ff71501e120b51f181dc14","context_depth":1}},{"type":"Feature","id":"context-2-s_67ff71501e120b51f181dc14-1","geometry":{"type":"Polygon","coordinates":[[[-123.124020019,49.245123619],[-123.123968842,49.245083265],[-123.123915608,49.245041289],[-123.123895767,49.245025644],[-123.123926619,49.245008969],[-123.123952242,49.244995121],[-123.12401158,49.24496305],[-123.124040059,49.244947657],[-123.124057098,49.244961093],[-123.124066427,49.244968449],[-123.124107659,49.245000961],[-123.124108614,49.245001714],[-123.12414944,49.245033906],[-123.124160271,49.245042447],[-123.124166226,49.245047142],[-123.124200894,49.245074479],[-123.124202353,49.245075629],[-123.124220143,49.245089657],[-123.124231363,49.245098504],[-123.124249972,49.245113177],[-123.12428432,49.245140261],[-123.124140028,49.245218249],[-123.124124566,49.245206056],[-123.124072656,49.245165124],[-123.124020019,49.245123619]],[[-123.124265186,49.245138235],[-123.124050492,49.244968773],[-123.123928987,49.245034444],[-123.12414365,49.245203708],[-123.124265186,49.245138235]]]},"properties":{"feature_type":"corridor","level_id":1,"name":"Floor","building_id":"tac","building_name":"Teck Acute Care Centre","fill":"#ffffff","stroke":"#ffffff","stroke-width":0,"fill-opacity":1,"extrusion_height":0.09791999955832296,"extrusion_base":0,"source_map_id":"f_67ef92a896cf2e86a2d97a13","space_id":"s_67ff71501e120b51f181dc14","view_context":true,"context_for_level_id":2,"source_unit_id":"s_67ff71501e120b51f181dc14","context_depth":1}},{"type":"Feature","id":"context-2-s_67ff71501e120b51f181dc14-2","geometry":{"type":"Polygon","coordinates":[[[-123.123745768,49.245398234],[-123.123715658,49.245374492],[-123.123702805,49.245364357],[-123.123677979,49.245344781],[-123.12365108,49.245323571],[-123.123638932,49.245313992],[-123.123600255,49.245283494],[-123.123597729,49.245281502],[-123.123561338,49.245252807],[-123.123546534,49.245241133],[-123.123573334,49.245226828],[-123.123673,49.245172961],[-123.123688828,49.245164428],[-123.123702729,49.245175389],[-123.12374127,49.245205779],[-123.123741406,49.245205886],[-123.123780267,49.24523653],[-123.123792675,49.245246314],[-123.123818766,49.245266886],[-123.123831217,49.245276704],[-123.123844807,49.245287421],[-123.123856538,49.24529667],[-123.12388668,49.245320438],[-123.123905658,49.245335403],[-123.123913368,49.245341482],[-123.123771224,49.245418307],[-123.123763835,49.24541248],[-123.123752235,49.245403334],[-123.123745768,49.245398234]],[[-123.123891151,49.245337231],[-123.123692354,49.245180477],[-123.123572949,49.245244898],[-123.123771746,49.245401652],[-123.123891151,49.245337231]]]},"properties":{"feature_type":"corridor","level_id":1,"name":"Floor","building_id":"tac","building_name":"Teck Acute Care Centre","fill":"#ffffff","stroke":"#ffffff","stroke-width":0,"fill-opacity":1,"extrusion_height":0.09791999955832296,"extrusion_base":0,"source_map_id":"f_67ef92a896cf2e86a2d97a13","space_id":"s_67ff71501e120b51f181dc14","view_context":true,"context_for_level_id":2,"source_unit_id":"s_67ff71501e120b51f181dc14","context_depth":1}},{"type":"Feature","id":"context-2-s_67ef97b0c52ee383c6df6fae-0","geometry":{"type":"Polygon","coordinates":[[[-123.12363017724675,49.24519610563558],[-123.12367298162305,49.24517297093229],[-123.123673002,49.245172987],[-123.123630198,49.245196122],[-123.12363017724675,49.24519610563558]]]},"properties":{"feature_type":"vertical_connection","level_id":1,"name":"Stairs","connection_type":"stairs","vertical_connection_id":"s_67ef97b0c52ee383c6df6fae","building_id":"tac","building_name":"Teck Acute Care Centre","fill":"#cdd6e0","stroke":"#cdd6e0","stroke-width":0,"fill-opacity":0.6,"extrusion_height":1.223999994479037,"extrusion_base":0,"source_map_id":"f_67ef92a896cf2e86a2d97a13","space_id":"s_67ef97b0c52ee383c6df6fae","connector_style":"mappedin","display_label":"","view_context":true,"context_for_level_id":2,"source_unit_id":"s_67ef97b0c52ee383c6df6fae","context_depth":1}},{"type":"Feature","id":"context-2-2925-0","geometry":{"type":"Polygon","coordinates":[[[-123.123630198,49.245196122],[-123.12362047627735,49.24520134876882],[-123.12363017724675,49.24519610563558],[-123.123630198,49.245196122]]]},"properties":{"feature_type":"unit","level_id":1,"name":"T2-576","category":"polygon","space_id":"s_67ef97b0c52ee383c6df7001","building_id":"tac","building_name":"Teck Acute Care Centre","fill":"#f5f5f5","stroke":"#f5f5f5","stroke-width":0,"fill-opacity":1,"extrusion_height":1.223999994479037,"extrusion_base":0,"source_map_id":"f_67ef92a896cf2e86a2d97a13","view_context":true,"context_for_level_id":2,"source_unit_id":2925,"context_depth":1}},{"type":"Feature","id":"context-2-2946-0","geometry":{"type":"Polygon","coordinates":[[[-123.124263608,49.245124016],[-123.12426367329381,49.24512398071031],[-123.12428432,49.245140261],[-123.12428425151148,49.24514029801718],[-123.124263608,49.245124016]]]},"properties":{"feature_type":"unit","level_id":1,"name":"T2-222","category":"polygon","space_id":"s_67ef97b0c52ee383c6df7016","building_id":"tac","building_name":"Teck Acute Care Centre","fill":"#b5dba3","stroke":"#b5dba3","stroke-width":0,"fill-opacity":1,"extrusion_height":1.223999994479037,"extrusion_base":0,"source_map_id":"f_67ef92a896cf2e86a2d97a13","view_context":true,"context_for_level_id":2,"source_unit_id":2946,"context_depth":1}},{"type":"Feature","id":"context-2-2959-0","geometry":{"type":"Polygon","coordinates":[[[-123.124304661,49.244854138],[-123.12430351736484,49.244854756124965],[-123.124285162,49.244840282],[-123.124282834,49.244838447],[-123.124266005,49.244825177],[-123.124264632,49.244824094],[-123.12426577495751,49.24482347624164],[-123.124304661,49.244854138]]]},"properties":{"feature_type":"unit","level_id":1,"name":"T2-205","category":"polygon","space_id":"s_67ef97b0c52ee383c6df7023","building_id":"tac","building_name":"Teck Acute Care Centre","fill":"#b5dba3","stroke":"#b5dba3","stroke-width":0,"fill-opacity":1,"extrusion_height":1.223999994479037,"extrusion_base":0,"source_map_id":"f_67ef92a896cf2e86a2d97a13","view_context":true,"context_for_level_id":2,"source_unit_id":2959,"context_depth":1}},{"type":"Feature","id":"context-2-3051-0","geometry":{"type":"Polygon","coordinates":[[[-123.12385791888435,49.24529775887464],[-123.12388668,49.245320438],[-123.123905658,49.245335403],[-123.123913368,49.245341482],[-123.123913351562,49.2453414908843],[-123.123857902,49.245297768],[-123.12385791888435,49.24529775887464]]]},"properties":{"feature_type":"unit","level_id":1,"name":"T2-312","category":"polygon","space_id":"s_67ef97b0c52ee383c6df7081","building_id":"tac","building_name":"Teck Acute Care Centre","fill":"#ffe099","stroke":"#ffe099","stroke-width":0,"fill-opacity":1,"extrusion_height":1.223999994479037,"extrusion_base":0,"source_map_id":"f_67ef92a896cf2e86a2d97a13","view_context":true,"context_for_level_id":2,"source_unit_id":3051,"context_depth":1}},{"type":"Feature","id":"context-2-3052-0","geometry":{"type":"Polygon","coordinates":[[[-123.12381932849458,49.24526732954443],[-123.123831217,49.245276704],[-123.123844807,49.245287421],[-123.123856538,49.24529667],[-123.12385791888435,49.24529775887464],[-123.123857902,49.245297768],[-123.123819311,49.245267339],[-123.12381932849458,49.24526732954443]]]},"properties":{"feature_type":"unit","level_id":1,"name":"T2-311","category":"polygon","space_id":"s_67ef97b0c52ee383c6df7082","building_id":"tac","building_name":"Teck Acute Care Centre","fill":"#ffe099","stroke":"#ffe099","stroke-width":0,"fill-opacity":1,"extrusion_height":1.223999994479037,"extrusion_base":0,"source_map_id":"f_67ef92a896cf2e86a2d97a13","view_context":true,"context_for_level_id":2,"source_unit_id":3052,"context_depth":1}},{"type":"Feature","id":"context-2-3053-0","geometry":{"type":"Polygon","coordinates":[[[-123.12378047212377,49.24523669174492],[-123.123792675,49.245246314],[-123.123818766,49.245266886],[-123.12381932849458,49.24526732954443],[-123.123819311,49.245267339],[-123.123780455,49.245236701],[-123.12378047212377,49.24523669174492]]]},"properties":{"feature_type":"unit","level_id":1,"name":"T2-310","category":"polygon","space_id":"s_67ef97b0c52ee383c6df7083","building_id":"tac","building_name":"Teck Acute Care Centre","fill":"#ffe099","stroke":"#ffe099","stroke-width":0,"fill-opacity":1,"extrusion_height":1.223999994479037,"extrusion_base":0,"source_map_id":"f_67ef92a896cf2e86a2d97a13","view_context":true,"context_for_level_id":2,"source_unit_id":3053,"context_depth":1}},{"type":"Feature","id":"context-2-3054-0","geometry":{"type":"Polygon","coordinates":[[[-123.12374188193944,49.245206261303984],[-123.123780267,49.24523653],[-123.12378047212377,49.24523669174492],[-123.123780455,49.245236701],[-123.123741864,49.245206271],[-123.12374188193944,49.245206261303984]]]},"properties":{"feature_type":"unit","level_id":1,"name":"T2-309","category":"polygon","space_id":"s_67ef97b0c52ee383c6df7084","building_id":"tac","building_name":"Teck Acute Care Centre","fill":"#ffe099","stroke":"#ffe099","stroke-width":0,"fill-opacity":1,"extrusion_height":1.223999994479037,"extrusion_base":0,"source_map_id":"f_67ef92a896cf2e86a2d97a13","view_context":true,"context_for_level_id":2,"source_unit_id":3054,"context_depth":1}},{"type":"Feature","id":"context-2-3055-0","geometry":{"type":"Polygon","coordinates":[[[-123.12370356818883,49.245176050709574],[-123.12374127,49.245205779],[-123.123741406,49.245205886],[-123.12374188193944,49.245206261303984],[-123.123741864,49.245206271],[-123.123703551,49.24517606],[-123.12370356818883,49.245176050709574]]]},"properties":{"feature_type":"unit","level_id":1,"name":"T2-308","category":"polygon","space_id":"s_67ef97b0c52ee383c6df7085","building_id":"tac","building_name":"Teck Acute Care Centre","fill":"#ffe099","stroke":"#ffe099","stroke-width":0,"fill-opacity":1,"extrusion_height":1.223999994479037,"extrusion_base":0,"source_map_id":"f_67ef92a896cf2e86a2d97a13","view_context":true,"context_for_level_id":2,"source_unit_id":3055,"context_depth":1}},{"type":"Feature","id":"context-2-3056-0","geometry":{"type":"Polygon","coordinates":[[[-123.123703551,49.24517606],[-123.12368881099368,49.24516443716824],[-123.123688828,49.245164428],[-123.123702729,49.245175389],[-123.12370356818883,49.245176050709574],[-123.123703551,49.24517606]]]},"properties":{"feature_type":"unit","level_id":1,"name":"T2-307","category":"polygon","space_id":"s_67ef97b0c52ee383c6df7086","building_id":"tac","building_name":"Teck Acute Care Centre","fill":"#ffe099","stroke":"#ffe099","stroke-width":0,"fill-opacity":1,"extrusion_height":1.223999994479037,"extrusion_base":0,"source_map_id":"f_67ef92a896cf2e86a2d97a13","view_context":true,"context_for_level_id":2,"source_unit_id":3056,"context_depth":1}},{"type":"Feature","id":"context-2-3061-0","geometry":{"type":"Polygon","coordinates":[[[-123.124263608,49.245124016],[-123.12423541564806,49.2451016994702],[-123.124249972,49.245113177],[-123.12426367329381,49.24512398071031],[-123.124263608,49.245124016]]]},"properties":{"feature_type":"unit","level_id":1,"name":"T2-220A","category":"polygon","space_id":"s_67ef97b0c52ee383c6df708b","building_id":"tac","building_name":"Teck Acute Care Centre","fill":"#b5dba3","stroke":"#b5dba3","stroke-width":0,"fill-opacity":1,"extrusion_height":1.223999994479037,"extrusion_base":0,"source_map_id":"f_67ef92a896cf2e86a2d97a13","view_context":true,"context_for_level_id":2,"source_unit_id":3061,"context_depth":1}},{"type":"Feature","id":"context-2-3067-0","geometry":{"type":"Polygon","coordinates":[[[-123.124418968,49.244944271],[-123.124458194,49.2449752],[-123.1244570499942,49.24497581833661],[-123.124445535,49.244966739],[-123.12442761,49.244952605],[-123.12441782449336,49.2449448890475],[-123.124418968,49.244944271]]]},"properties":{"feature_type":"unit","level_id":1,"name":"T2-201","category":"polygon","space_id":"s_67ef97b0c52ee383c6df7091","building_id":"tac","building_name":"Teck Acute Care Centre","fill":"#b5dba3","stroke":"#b5dba3","stroke-width":0,"fill-opacity":1,"extrusion_height":1.223999994479037,"extrusion_base":0,"source_map_id":"f_67ef92a896cf2e86a2d97a13","view_context":true,"context_for_level_id":2,"source_unit_id":3067,"context_depth":1}},{"type":"Feature","id":"context-2-3068-0","geometry":{"type":"Polygon","coordinates":[[[-123.124379466,49.244913123],[-123.124418968,49.244944271],[-123.12441782449336,49.2449448890475],[-123.124386833,49.244920452],[-123.12437832246084,49.24491374107308],[-123.124379466,49.244913123]]]},"properties":{"feature_type":"unit","level_id":1,"name":"T2-202","category":"polygon","space_id":"s_67ef97b0c52ee383c6df7092","building_id":"tac","building_name":"Teck Acute Care Centre","fill":"#b5dba3","stroke":"#b5dba3","stroke-width":0,"fill-opacity":1,"extrusion_height":1.223999994479037,"extrusion_base":0,"source_map_id":"f_67ef92a896cf2e86a2d97a13","view_context":true,"context_for_level_id":2,"source_unit_id":3068,"context_depth":1}},{"type":"Feature","id":"context-2-3069-0","geometry":{"type":"Polygon","coordinates":[[[-123.124341928,49.244883524],[-123.124379466,49.244913123],[-123.12437832246084,49.24491374107308],[-123.124351937,49.244892935],[-123.124347466,49.24488941],[-123.12434078499953,49.24488414177392],[-123.124341928,49.244883524]]]},"properties":{"feature_type":"unit","level_id":1,"name":"T2-203","category":"polygon","space_id":"s_67ef97b0c52ee383c6df7093","building_id":"tac","building_name":"Teck Acute Care Centre","fill":"#b5dba3","stroke":"#b5dba3","stroke-width":0,"fill-opacity":1,"extrusion_height":1.223999994479037,"extrusion_base":0,"source_map_id":"f_67ef92a896cf2e86a2d97a13","view_context":true,"context_for_level_id":2,"source_unit_id":3069,"context_depth":1}},{"type":"Feature","id":"context-2-3070-0","geometry":{"type":"Polygon","coordinates":[[[-123.124304661,49.244854138],[-123.124341928,49.244883524],[-123.12434078499953,49.24488414177392],[-123.124334972,49.244879558],[-123.124329135,49.244874955],[-123.124322835,49.244869988],[-123.124306874,49.244857403],[-123.12430351736484,49.244854756124965],[-123.124304661,49.244854138]]]},"properties":{"feature_type":"unit","level_id":1,"name":"T2-204","category":"polygon","space_id":"s_67ef97b0c52ee383c6df7094","building_id":"tac","building_name":"Teck Acute Care Centre","fill":"#b5dba3","stroke":"#b5dba3","stroke-width":0,"fill-opacity":1,"extrusion_height":1.223999994479037,"extrusion_base":0,"source_map_id":"f_67ef92a896cf2e86a2d97a13","view_context":true,"context_for_level_id":2,"source_unit_id":3070,"context_depth":1}},{"type":"Feature","id":"context-2-3093-0","geometry":{"type":"Polygon","coordinates":[[[-123.12461971720496,49.244887717541665],[-123.124636664,49.244901081],[-123.12463873841408,49.24490271668329],[-123.124615583,49.244915231],[-123.124596562,49.244900233],[-123.12461971720496,49.244887717541665]]]},"properties":{"feature_type":"unit","level_id":1,"name":"T2-112","category":"polygon","space_id":"s_67ef97b0c52ee383c6df70ab","building_id":"tac","building_name":"Teck Acute Care Centre","fill":"#bbe9f7","stroke":"#bbe9f7","stroke-width":0,"fill-opacity":1,"extrusion_height":1.223999994479037,"extrusion_base":0,"source_map_id":"f_67ef92a896cf2e86a2d97a13","view_context":true,"context_for_level_id":2,"source_unit_id":3093,"context_depth":1}},{"type":"Feature","id":"context-2-3094-0","geometry":{"type":"Polygon","coordinates":[[[-123.124596562,49.244900233],[-123.124576444,49.24488437],[-123.12459959891012,49.244871854497525],[-123.124615458,49.244884359],[-123.124619558,49.244887592],[-123.12461971720496,49.244887717541665],[-123.124596562,49.244900233]]]},"properties":{"feature_type":"unit","level_id":1,"name":"T2-111","category":"polygon","space_id":"s_67ef97b0c52ee383c6df70ac","building_id":"tac","building_name":"Teck Acute Care Centre","fill":"#bbe9f7","stroke":"#bbe9f7","stroke-width":0,"fill-opacity":1,"extrusion_height":1.223999994479037,"extrusion_base":0,"source_map_id":"f_67ef92a896cf2e86a2d97a13","view_context":true,"context_for_level_id":2,"source_unit_id":3094,"context_depth":1}},{"type":"Feature","id":"context-2-3095-0","geometry":{"type":"Polygon","coordinates":[[[-123.12454253530058,49.244826858881076],[-123.124545394,49.244829113],[-123.124553786,49.244835731],[-123.12456073687422,49.24484121152896],[-123.124539895,49.244852477],[-123.124521693,49.244838124],[-123.12454253530058,49.244826858881076]]]},"properties":{"feature_type":"unit","level_id":1,"name":"T2-110","category":"polygon","space_id":"s_67ef97b0c52ee383c6df70ad","building_id":"tac","building_name":"Teck Acute Care Centre","fill":"#bbe9f7","stroke":"#bbe9f7","stroke-width":0,"fill-opacity":1,"extrusion_height":1.223999994479037,"extrusion_base":0,"source_map_id":"f_67ef92a896cf2e86a2d97a13","view_context":true,"context_for_level_id":2,"source_unit_id":3095,"context_depth":1}},{"type":"Feature","id":"context-2-3096-0","geometry":{"type":"Polygon","coordinates":[[[-123.124521693,49.244838124],[-123.124501581,49.244822266],[-123.1245224230043,49.24481100045865],[-123.124536637,49.244822208],[-123.12454253530058,49.244826858881076],[-123.124521693,49.244838124]]]},"properties":{"feature_type":"unit","level_id":1,"name":"T2-109","category":"polygon","space_id":"s_67ef97b0c52ee383c6df70ae","building_id":"tac","building_name":"Teck Acute Care Centre","fill":"#bbe9f7","stroke":"#bbe9f7","stroke-width":0,"fill-opacity":1,"extrusion_height":1.223999994479037,"extrusion_base":0,"source_map_id":"f_67ef92a896cf2e86a2d97a13","view_context":true,"context_for_level_id":2,"source_unit_id":3096,"context_depth":1}},{"type":"Feature","id":"context-2-3097-0","geometry":{"type":"Polygon","coordinates":[[[-123.12446632018754,49.24476676214743],[-123.12448547734533,49.244781867674845],[-123.124464634,49.244793133],[-123.124445477,49.244778028],[-123.12446632018754,49.24476676214743]]]},"properties":{"feature_type":"unit","level_id":1,"name":"T2-122","category":"polygon","space_id":"s_67ef97b0c52ee383c6df70af","building_id":"tac","building_name":"Teck Acute Care Centre","fill":"#bbe9f7","stroke":"#bbe9f7","stroke-width":0,"fill-opacity":1,"extrusion_height":1.223999994479037,"extrusion_base":0,"source_map_id":"f_67ef92a896cf2e86a2d97a13","view_context":true,"context_for_level_id":2,"source_unit_id":3097,"context_depth":1}},{"type":"Feature","id":"context-2-3098-0","geometry":{"type":"Polygon","coordinates":[[[-123.124445477,49.244778028],[-123.124426314,49.244762917],[-123.12444715685118,49.24475165194192],[-123.124454806,49.244757684],[-123.1244611,49.244762646],[-123.12446632018754,49.24476676214743],[-123.124445477,49.244778028]]]},"properties":{"feature_type":"unit","level_id":1,"name":"T2-107","category":"polygon","space_id":"s_67ef97b0c52ee383c6df70b0","building_id":"tac","building_name":"Teck Acute Care Centre","fill":"#bbe9f7","stroke":"#bbe9f7","stroke-width":0,"fill-opacity":1,"extrusion_height":1.223999994479037,"extrusion_base":0,"source_map_id":"f_67ef92a896cf2e86a2d97a13","view_context":true,"context_for_level_id":2,"source_unit_id":3098,"context_depth":1}},{"type":"Feature","id":"context-2-3120-0","geometry":{"type":"Polygon","coordinates":[[[-123.124418968,49.244944271],[-123.124379466,49.244913123],[-123.124341928,49.244883524],[-123.124304661,49.244854138],[-123.12426577495751,49.24482347624164],[-123.124278845,49.244816412],[-123.124294331,49.244808042],[-123.12431532,49.244796698],[-123.124320995,49.244793631],[-123.12434414156304,49.24478112035479],[-123.12439377,49.244755187],[-123.12442801685762,49.24473655979216],[-123.124431955,49.244739665],[-123.124438747,49.24474502],[-123.12444715685118,49.24475165194192],[-123.124426314,49.244762917],[-123.124445477,49.244778028],[-123.124464634,49.244793133],[-123.12448547734533,49.244781867674845],[-123.124488557,49.244784296],[-123.124489013,49.244784656],[-123.124518435,49.244807856],[-123.124521125,49.244809977],[-123.1245224230043,49.24481100045865],[-123.124501581,49.244822266],[-123.124521693,49.244838124],[-123.124539895,49.244852477],[-123.12456073687422,49.24484121152896],[-123.124574681,49.244852206],[-123.124586355,49.244861412],[-123.12459959891012,49.244871854497525],[-123.124576444,49.24488437],[-123.124596562,49.244900233],[-123.124615583,49.244915231],[-123.12463873841408,49.24490271668329],[-123.124671284,49.244928379],[-123.124542367,49.244998057],[-123.124505149,49.24496871],[-123.124473412,49.244985864],[-123.124471263,49.244987025],[-123.1244570499942,49.24497581833661],[-123.124458194,49.2449752],[-123.124418968,49.244944271]],[[-123.12454371,49.244979585],[-123.124624285,49.2449365],[-123.124622613,49.244935185],[-123.124413497,49.244770733],[-123.124295477,49.244833455],[-123.124476152,49.24497566],[-123.124512801,49.244955707],[-123.12454371,49.244979585]]]},"properties":{"feature_type":"unit","level_id":1,"name":"Non Public","category":"non public","space_id":"s_67ff578a1e120b51f181db81","building_id":"tac","building_name":"Teck Acute Care Centre","fill":"#fdf4e2","stroke":"#fdf4e2","stroke-width":0,"fill-opacity":1,"extrusion_height":1.223999994479037,"extrusion_base":0,"source_map_id":"f_67ef92a896cf2e86a2d97a13","view_context":true,"context_for_level_id":2,"source_unit_id":3120,"context_depth":1}},{"type":"Feature","id":"context-2-3121-0","geometry":{"type":"Polygon","coordinates":[[[-123.124263608,49.245124016],[-123.12428425151148,49.24514029801718],[-123.124140028,49.245218249],[-123.124124566,49.245206056],[-123.124072656,49.245165124],[-123.124020019,49.245123619],[-123.123968842,49.245083265],[-123.123915608,49.245041289],[-123.123895767,49.245025644],[-123.123926619,49.245008969],[-123.123952242,49.244995121],[-123.12401158,49.24496305],[-123.124040059,49.244947657],[-123.124057098,49.244961093],[-123.124066427,49.244968449],[-123.124107659,49.245000961],[-123.124108614,49.245001714],[-123.1241157583954,49.24500734747811],[-123.124263608,49.245124016]],[[-123.124265186,49.245138235],[-123.124050492,49.244968773],[-123.123928987,49.245034444],[-123.12414365,49.245203708],[-123.124265186,49.245138235]]]},"properties":{"feature_type":"unit","level_id":1,"name":"Non Public","category":"non public","space_id":"s_67ff58291e120b51f181db84","building_id":"tac","building_name":"Teck Acute Care Centre","fill":"#fdf4e2","stroke":"#fdf4e2","stroke-width":0,"fill-opacity":1,"extrusion_height":1.223999994479037,"extrusion_base":0,"source_map_id":"f_67ef92a896cf2e86a2d97a13","view_context":true,"context_for_level_id":2,"source_unit_id":3121,"context_depth":1}},{"type":"Feature","id":"context-2-3122-0","geometry":{"type":"Polygon","coordinates":[[[-123.123630198,49.245196122],[-123.123673002,49.245172987],[-123.12367394136788,49.24517245350113],[-123.12368881099368,49.24516443716824],[-123.123703551,49.24517606],[-123.123741864,49.245206271],[-123.123780455,49.245236701],[-123.123819311,49.245267339],[-123.123857902,49.245297768],[-123.123913351562,49.2453414908843],[-123.123771224,49.245418307],[-123.123763835,49.24541248],[-123.123752235,49.245403334],[-123.123745768,49.245398234],[-123.123715658,49.245374492],[-123.123702805,49.245364357],[-123.123677979,49.245344781],[-123.12365108,49.245323571],[-123.123638932,49.245313992],[-123.123600255,49.245283494],[-123.123597729,49.245281502],[-123.123561338,49.245252807],[-123.123546534,49.245241133],[-123.123573334,49.245226828],[-123.12362047627735,49.24520134876882],[-123.123630198,49.245196122]],[[-123.123692354,49.245180477],[-123.123572949,49.245244898],[-123.123771746,49.245401652],[-123.123891151,49.245337231],[-123.123692354,49.245180477]]]},"properties":{"feature_type":"unit","level_id":1,"name":"Non Public","category":"non public","space_id":"s_67ff58d71e120b51f181db88","building_id":"tac","building_name":"Teck Acute Care Centre","fill":"#fdf4e2","stroke":"#fdf4e2","stroke-width":0,"fill-opacity":1,"extrusion_height":1.223999994479037,"extrusion_base":0,"source_map_id":"f_67ef92a896cf2e86a2d97a13","view_context":true,"context_for_level_id":2,"source_unit_id":3122,"context_depth":1}},{"type":"Feature","id":"context-2-s_67ff7c538a7fdd6890fd92c8-0","geometry":{"type":"Polygon","coordinates":[[[-123.124626948,49.244936552],[-123.124543039,49.244981162],[-123.124512739,49.24495757],[-123.124476054,49.244977511],[-123.124292971,49.244833447],[-123.124413789,49.244768896],[-123.124626948,49.244936552]],[[-123.124513142,49.24495395],[-123.124543974,49.244977962],[-123.124621719,49.244936564],[-123.124412801,49.244772244],[-123.124298116,49.244833428],[-123.1244764,49.244973937],[-123.124513142,49.24495395]]]},"properties":{"feature_type":"wall","level_id":1,"name":"Inner Wall","layer":"Inner Wall","building_id":"tac","building_name":"Teck Acute Care Centre","fill":"#9f9f9f","stroke":"#9f9f9f","stroke-width":0,"fill-opacity":1,"extrusion_height":1.2729599942581984,"extrusion_base":0,"source_map_id":"f_67ef92a896cf2e86a2d97a13","space_id":"s_67ff7c538a7fdd6890fd92c8","view_context":true,"context_for_level_id":2,"source_unit_id":"s_67ff7c538a7fdd6890fd92c8","context_depth":1}},{"type":"Feature","id":"context-2-s_67ff7c5b8a7fdd6890fd92c9-0","geometry":{"type":"Polygon","coordinates":[[[-123.124051122,49.244967166],[-123.124267545,49.245138502],[-123.124142913,49.245205441],[-123.123926375,49.245034207],[-123.124051122,49.244967166]],[[-123.124050366,49.244970344],[-123.123931592,49.245034463],[-123.124143806,49.245202051],[-123.124262835,49.245138171],[-123.124050366,49.244970344]]]},"properties":{"feature_type":"wall","level_id":1,"name":"Inner Wall","layer":"Inner Wall","building_id":"tac","building_name":"Teck Acute Care Centre","fill":"#9f9f9f","stroke":"#9f9f9f","stroke-width":0,"fill-opacity":1,"extrusion_height":1.2729599942581984,"extrusion_base":0,"source_map_id":"f_67ef92a896cf2e86a2d97a13","space_id":"s_67ff7c5b8a7fdd6890fd92c9","view_context":true,"context_for_level_id":2,"source_unit_id":"s_67ff7c5b8a7fdd6890fd92c9","context_depth":1}},{"type":"Feature","id":"context-2-s_67ff7c618a7fdd6890fd92ca-0","geometry":{"type":"Polygon","coordinates":[[[-123.123893512,49.245337147],[-123.123771608,49.245403049],[-123.123570629,49.245244901],[-123.123692499,49.245178984],[-123.123893512,49.245337147]],[[-123.123889011,49.245336925],[-123.123691997,49.245181909],[-123.123575057,49.245245113],[-123.123772006,49.245400144],[-123.123889011,49.245336925]]]},"properties":{"feature_type":"wall","level_id":1,"name":"Inner Wall","layer":"Inner Wall","building_id":"tac","building_name":"Teck Acute Care Centre","fill":"#9f9f9f","stroke":"#9f9f9f","stroke-width":0,"fill-opacity":1,"extrusion_height":1.2729599942581984,"extrusion_base":0,"source_map_id":"f_67ef92a896cf2e86a2d97a13","space_id":"s_67ff7c618a7fdd6890fd92ca","view_context":true,"context_for_level_id":2,"source_unit_id":"s_67ff7c618a7fdd6890fd92ca","context_depth":1}},{"type":"Feature","id":"context-2-s_685aeec7f505b3d1aa29ebae-0","geometry":{"type":"Polygon","coordinates":[[[-123.124413497,49.244770733],[-123.124622613,49.244935185],[-123.124624285,49.2449365],[-123.12454371,49.244979585],[-123.124512801,49.244955707],[-123.124476152,49.24497566],[-123.124295477,49.244833455],[-123.124413497,49.244770733]]]},"properties":{"feature_type":"corridor","level_id":0,"name":"Floor","building_id":"tac","building_name":"Teck Acute Care Centre","fill":"#ffffff","stroke":"#ffffff","stroke-width":0,"fill-opacity":1,"extrusion_height":0.09792000000000001,"extrusion_base":0,"source_map_id":"f_67ef927396cf2e86a2d97a12","space_id":"s_685aeec7f505b3d1aa29ebae","view_context":true,"context_for_level_id":2,"source_unit_id":"s_685aeec7f505b3d1aa29ebae","context_depth":2}},{"type":"Feature","id":"context-2-s_685aeec7f505b3d1aa29ebae-1","geometry":{"type":"Polygon","coordinates":[[[-123.124050492,49.244968773],[-123.124265186,49.245138235],[-123.12414365,49.245203708],[-123.123928987,49.245034444],[-123.124050492,49.244968773]]]},"properties":{"feature_type":"corridor","level_id":0,"name":"Floor","building_id":"tac","building_name":"Teck Acute Care Centre","fill":"#ffffff","stroke":"#ffffff","stroke-width":0,"fill-opacity":1,"extrusion_height":0.09792000000000001,"extrusion_base":0,"source_map_id":"f_67ef927396cf2e86a2d97a12","space_id":"s_685aeec7f505b3d1aa29ebae","view_context":true,"context_for_level_id":2,"source_unit_id":"s_685aeec7f505b3d1aa29ebae","context_depth":2}},{"type":"Feature","id":"context-2-s_685aeec7f505b3d1aa29ebae-2","geometry":{"type":"Polygon","coordinates":[[[-123.123692354,49.245180477],[-123.123891151,49.245337231],[-123.123771746,49.245401652],[-123.123572949,49.245244898],[-123.123692354,49.245180477]]]},"properties":{"feature_type":"corridor","level_id":0,"name":"Floor","building_id":"tac","building_name":"Teck Acute Care Centre","fill":"#ffffff","stroke":"#ffffff","stroke-width":0,"fill-opacity":1,"extrusion_height":0.09792000000000001,"extrusion_base":0,"source_map_id":"f_67ef927396cf2e86a2d97a12","space_id":"s_685aeec7f505b3d1aa29ebae","view_context":true,"context_for_level_id":2,"source_unit_id":"s_685aeec7f505b3d1aa29ebae","context_depth":2}},{"type":"Feature","id":"context-2-1410-0","geometry":{"type":"Polygon","coordinates":[[[-123.124470948,49.244860664],[-123.124491662,49.244849469],[-123.124511367,49.244865006],[-123.124490653,49.244876202],[-123.124470948,49.244860664]]]},"properties":{"feature_type":"unit","level_id":0,"name":"Washroom","category":"washroom","space_id":"s_67ef9499c52ee383c6df6e8e","building_id":"tac","building_name":"Teck Acute Care Centre","fill":"#d8eff9","stroke":"#d8eff9","stroke-width":0,"fill-opacity":1,"extrusion_height":1.224,"extrusion_base":0,"source_map_id":"f_67ef927396cf2e86a2d97a12","view_context":true,"context_for_level_id":2,"source_unit_id":1410,"context_depth":2}},{"type":"Feature","id":"context-2-1411-0","geometry":{"type":"Polygon","coordinates":[[[-123.124448132,49.244943565],[-123.124474245,49.244929451],[-123.124495225,49.244945994],[-123.124469112,49.244960108],[-123.124448132,49.244943565]]]},"properties":{"feature_type":"unit","level_id":0,"name":"Washroom","category":"washroom","space_id":"s_67ef9499c52ee383c6df6e8f","building_id":"tac","building_name":"Teck Acute Care Centre","fill":"#d8eff9","stroke":"#d8eff9","stroke-width":0,"fill-opacity":1,"extrusion_height":1.224,"extrusion_base":0,"source_map_id":"f_67ef927396cf2e86a2d97a12","view_context":true,"context_for_level_id":2,"source_unit_id":1411,"context_depth":2}},{"type":"Feature","id":"context-2-1412-0","geometry":{"type":"Polygon","coordinates":[[[-123.124162569,49.245177924],[-123.124197608,49.245158986],[-123.124198156,49.245159418],[-123.12420940294729,49.245168286045036],[-123.12417431717351,49.2451871872008],[-123.124162569,49.245177924]]]},"properties":{"feature_type":"unit","level_id":0,"name":"Accessible Washroom","category":"washroom","space_id":"s_67ef9499c52ee383c6df6e90","building_id":"tac","building_name":"Teck Acute Care Centre","fill":"#d8eff9","stroke":"#d8eff9","stroke-width":0,"fill-opacity":1,"extrusion_height":1.224,"extrusion_base":0,"source_map_id":"f_67ef927396cf2e86a2d97a12","view_context":true,"context_for_level_id":2,"source_unit_id":1412,"context_depth":2}},{"type":"Feature","id":"context-2-1425-0","geometry":{"type":"Polygon","coordinates":[[[-123.123739988,49.245340126],[-123.123777452,49.245319877],[-123.123799079,49.24533693],[-123.123761615,49.245357178],[-123.123739988,49.245340126]]]},"properties":{"feature_type":"unit","level_id":0,"name":"Washroom","category":"washroom","space_id":"s_67ef9499c52ee383c6df6e9d","building_id":"tac","building_name":"Teck Acute Care Centre","fill":"#d8eff9","stroke":"#d8eff9","stroke-width":0,"fill-opacity":1,"extrusion_height":1.224,"extrusion_base":0,"source_map_id":"f_67ef927396cf2e86a2d97a12","view_context":true,"context_for_level_id":2,"source_unit_id":1425,"context_depth":2}},{"type":"Feature","id":"context-2-1426-0","geometry":{"type":"Polygon","coordinates":[[[-123.123721364,49.245350192],[-123.123742991,49.245367244],[-123.12373416157085,49.24537201619258],[-123.12371253555773,49.24535496380214],[-123.123721364,49.245350192]]]},"properties":{"feature_type":"unit","level_id":0,"name":"Washroom","category":"washroom","space_id":"s_67ef9499c52ee383c6df6e9e","building_id":"tac","building_name":"Teck Acute Care Centre","fill":"#d8eff9","stroke":"#d8eff9","stroke-width":0,"fill-opacity":1,"extrusion_height":1.224,"extrusion_base":0,"source_map_id":"f_67ef927396cf2e86a2d97a12","view_context":true,"context_for_level_id":2,"source_unit_id":1426,"context_depth":2}},{"type":"Feature","id":"context-2-1427-0","geometry":{"type":"Polygon","coordinates":[[[-123.123604916,49.245229815],[-123.123632852,49.245214716],[-123.123654479,49.245231768],[-123.123626543,49.245246867],[-123.123604916,49.245229815]]]},"properties":{"feature_type":"unit","level_id":0,"name":"Washroom","category":"washroom","space_id":"s_67ef9499c52ee383c6df6ea1","building_id":"tac","building_name":"Teck Acute Care Centre","fill":"#d8eff9","stroke":"#d8eff9","stroke-width":0,"fill-opacity":1,"extrusion_height":1.224,"extrusion_base":0,"source_map_id":"f_67ef927396cf2e86a2d97a12","view_context":true,"context_for_level_id":2,"source_unit_id":1427,"context_depth":2}},{"type":"Feature","id":"context-2-1428-0","geometry":{"type":"Polygon","coordinates":[[[-123.12360328670641,49.24522853029861],[-123.12363124308224,49.245213447364996],[-123.123632852,49.245214716],[-123.123604916,49.245229815],[-123.12360328670641,49.24522853029861]]]},"properties":{"feature_type":"unit","level_id":0,"name":"Washroom","category":"washroom","space_id":"s_67ef9499c52ee383c6df6ea2","building_id":"tac","building_name":"Teck Acute Care Centre","fill":"#d8eff9","stroke":"#d8eff9","stroke-width":0,"fill-opacity":1,"extrusion_height":1.224,"extrusion_base":0,"source_map_id":"f_67ef927396cf2e86a2d97a12","view_context":true,"context_for_level_id":2,"source_unit_id":1428,"context_depth":2}},{"type":"Feature","id":"context-2-1432-0","geometry":{"type":"Polygon","coordinates":[[[-123.12405856,49.245091079],[-123.124077262,49.245105826],[-123.124057835,49.245116326],[-123.124038285,49.245102038],[-123.12405856,49.245091079]]]},"properties":{"feature_type":"unit","level_id":0,"name":"Washroom","category":"washroom","space_id":"s_67ef9499c52ee383c6df6ea8","building_id":"tac","building_name":"Teck Acute Care Centre","fill":"#d8eff9","stroke":"#d8eff9","stroke-width":0,"fill-opacity":1,"extrusion_height":1.224,"extrusion_base":0,"source_map_id":"f_67ef927396cf2e86a2d97a12","view_context":true,"context_for_level_id":2,"source_unit_id":1432,"context_depth":2}},{"type":"Feature","id":"context-2-1447-0","geometry":{"type":"Polygon","coordinates":[[[-123.123827309,49.245351133],[-123.12387564782637,49.24532500654752],[-123.123891151,49.245337231],[-123.1238427768818,49.245363329648036],[-123.123827309,49.245351133]]]},"properties":{"feature_type":"unit","level_id":0,"name":"T1-021","category":"polygon","space_id":"s_67ef9499c52ee383c6df6ebb","building_id":"tac","building_name":"Teck Acute Care Centre","fill":"#f5f5f5","stroke":"#f5f5f5","stroke-width":0,"fill-opacity":1,"extrusion_height":1.224,"extrusion_base":0,"source_map_id":"f_67ef927396cf2e86a2d97a12","view_context":true,"context_for_level_id":2,"source_unit_id":1447,"context_depth":2}},{"type":"Feature","id":"context-2-1448-0","geometry":{"type":"Polygon","coordinates":[[[-123.123800206,49.245365782],[-123.123827309,49.245351133],[-123.1238427768818,49.245363329648036],[-123.12381565394479,49.24537796292742],[-123.123800206,49.245365782]]]},"properties":{"feature_type":"unit","level_id":0,"name":"T1-018","category":"polygon","space_id":"s_67ef9499c52ee383c6df6ebc","building_id":"tac","building_name":"Teck Acute Care Centre","fill":"#f5f5f5","stroke":"#f5f5f5","stroke-width":0,"fill-opacity":1,"extrusion_height":1.224,"extrusion_base":0,"source_map_id":"f_67ef927396cf2e86a2d97a12","view_context":true,"context_for_level_id":2,"source_unit_id":1448,"context_depth":2}},{"type":"Feature","id":"context-2-1449-0","geometry":{"type":"Polygon","coordinates":[[[-123.123800206,49.245365782],[-123.12381565394479,49.24537796292742],[-123.123771746,49.245401652],[-123.12375632988046,49.24538949619079],[-123.123800206,49.245365782]]]},"properties":{"feature_type":"unit","level_id":0,"name":"T1-016","category":"polygon","space_id":"s_67ef9499c52ee383c6df6ebd","building_id":"tac","building_name":"Teck Acute Care Centre","fill":"#f5f5f5","stroke":"#f5f5f5","stroke-width":0,"fill-opacity":1,"extrusion_height":1.224,"extrusion_base":0,"source_map_id":"f_67ef927396cf2e86a2d97a12","view_context":true,"context_for_level_id":2,"source_unit_id":1449,"context_depth":2}},{"type":"Feature","id":"context-2-1468-0","geometry":{"type":"Polygon","coordinates":[[[-123.12459883287671,49.244916483949694],[-123.124622613,49.244935185],[-123.124624285,49.2449365],[-123.12454371,49.244979585],[-123.1245183437107,49.24495998888703],[-123.12459883287671,49.244916483949694]]]},"properties":{"feature_type":"unit","level_id":0,"name":"Waiting Area","category":"polygon","space_id":"s_67ef9499c52ee383c6df6ed4","building_id":"tac","building_name":"Teck Acute Care Centre","fill":"#03b01d","stroke":"#03b01d","stroke-width":0,"fill-opacity":1,"extrusion_height":1.224,"extrusion_base":0,"source_map_id":"f_67ef927396cf2e86a2d97a12","view_context":true,"context_for_level_id":2,"source_unit_id":1468,"context_depth":2}},{"type":"Feature","id":"context-2-1474-0","geometry":{"type":"Polygon","coordinates":[[[-123.124530889,49.244907927],[-123.1245548,49.244895003],[-123.124568939,49.244906151],[-123.124545027,49.244919076],[-123.124530889,49.244907927]]]},"properties":{"feature_type":"unit","level_id":0,"name":"T1-229","category":"polygon","space_id":"s_67ef9499c52ee383c6df6eda","building_id":"tac","building_name":"Teck Acute Care Centre","fill":"#03b01d","stroke":"#03b01d","stroke-width":0,"fill-opacity":1,"extrusion_height":1.224,"extrusion_base":0,"source_map_id":"f_67ef927396cf2e86a2d97a12","view_context":true,"context_for_level_id":2,"source_unit_id":1474,"context_depth":2}},{"type":"Feature","id":"context-2-1475-0","geometry":{"type":"Polygon","coordinates":[[[-123.124474245,49.244929451],[-123.124421146,49.244887582],[-123.124435153,49.244880012],[-123.124439134,49.24487786],[-123.124470948,49.244860664],[-123.124490653,49.244876202],[-123.124502335,49.244885413],[-123.1245172,49.244897134],[-123.124530889,49.244907927],[-123.124545027,49.244919076],[-123.124495225,49.244945994],[-123.124474245,49.244929451]]]},"properties":{"feature_type":"unit","level_id":0,"name":"T1-241","category":"polygon","space_id":"s_67ef9499c52ee383c6df6edb","building_id":"tac","building_name":"Teck Acute Care Centre","fill":"#03b01d","stroke":"#03b01d","stroke-width":0,"fill-opacity":1,"extrusion_height":1.224,"extrusion_base":0,"source_map_id":"f_67ef927396cf2e86a2d97a12","view_context":true,"context_for_level_id":2,"source_unit_id":1475,"context_depth":2}},{"type":"Feature","id":"context-2-1476-0","geometry":{"type":"Polygon","coordinates":[[[-123.124395032,49.244901697],[-123.124421146,49.244887582],[-123.124474245,49.244929451],[-123.124448132,49.244943565],[-123.124395032,49.244901697]]]},"properties":{"feature_type":"unit","level_id":0,"name":"T1-241A","category":"polygon","space_id":"s_67ef9499c52ee383c6df6edc","building_id":"tac","building_name":"Teck Acute Care Centre","fill":"#03b01d","stroke":"#03b01d","stroke-width":0,"fill-opacity":1,"extrusion_height":1.224,"extrusion_base":0,"source_map_id":"f_67ef927396cf2e86a2d97a12","view_context":true,"context_for_level_id":2,"source_unit_id":1476,"context_depth":2}},{"type":"Feature","id":"context-2-1477-0","geometry":{"type":"Polygon","coordinates":[[[-123.124395032,49.244901697],[-123.124448132,49.244943565],[-123.124469112,49.244960108],[-123.12446157113104,49.24496418374445],[-123.12438741256238,49.24490581529693],[-123.124395032,49.244901697]]]},"properties":{"feature_type":"unit","level_id":0,"name":"T1-243","category":"polygon","space_id":"s_67ef9499c52ee383c6df6edd","building_id":"tac","building_name":"Teck Acute Care Centre","fill":"#03b01d","stroke":"#03b01d","stroke-width":0,"fill-opacity":1,"extrusion_height":1.224,"extrusion_base":0,"source_map_id":"f_67ef927396cf2e86a2d97a12","view_context":true,"context_for_level_id":2,"source_unit_id":1477,"context_depth":2}},{"type":"Feature","id":"context-2-1481-0","geometry":{"type":"Polygon","coordinates":[[[-123.124502335,49.244885413],[-123.124526246,49.244872488],[-123.124541111,49.244884209],[-123.1245172,49.244897134],[-123.124502335,49.244885413]]]},"properties":{"feature_type":"unit","level_id":0,"name":"T1-240","category":"polygon","space_id":"s_67ef9499c52ee383c6df6ee1","building_id":"tac","building_name":"Teck Acute Care Centre","fill":"#03b01d","stroke":"#03b01d","stroke-width":0,"fill-opacity":1,"extrusion_height":1.224,"extrusion_base":0,"source_map_id":"f_67ef927396cf2e86a2d97a12","view_context":true,"context_for_level_id":2,"source_unit_id":1481,"context_depth":2}},{"type":"Feature","id":"context-2-1482-0","geometry":{"type":"Polygon","coordinates":[[[-123.1245172,49.244897134],[-123.124541111,49.244884209],[-123.1245548,49.244895003],[-123.124530889,49.244907927],[-123.1245172,49.244897134]]]},"properties":{"feature_type":"unit","level_id":0,"name":"T1-240","category":"polygon","space_id":"s_67ef9499c52ee383c6df6ee2","building_id":"tac","building_name":"Teck Acute Care Centre","fill":"#03b01d","stroke":"#03b01d","stroke-width":0,"fill-opacity":1,"extrusion_height":1.224,"extrusion_base":0,"source_map_id":"f_67ef927396cf2e86a2d97a12","view_context":true,"context_for_level_id":2,"source_unit_id":1482,"context_depth":2}},{"type":"Feature","id":"context-2-1483-0","geometry":{"type":"Polygon","coordinates":[[[-123.124178099,49.245129765],[-123.124215124,49.245109753],[-123.124245593,49.245133778],[-123.124208569,49.24515379],[-123.124178099,49.245129765]]]},"properties":{"feature_type":"unit","level_id":0,"name":"T1-032A","category":"polygon","space_id":"s_67ef9499c52ee383c6df6ee3","building_id":"tac","building_name":"Teck Acute Care Centre","fill":"#b5dba3","stroke":"#b5dba3","stroke-width":0,"fill-opacity":1,"extrusion_height":1.224,"extrusion_base":0,"source_map_id":"f_67ef927396cf2e86a2d97a12","view_context":true,"context_for_level_id":2,"source_unit_id":1483,"context_depth":2}},{"type":"Feature","id":"context-2-1484-0","geometry":{"type":"Polygon","coordinates":[[[-123.124215124,49.245109753],[-123.1242234204342,49.245105268655756],[-123.12425387096707,49.24512930383233],[-123.124245593,49.245133778],[-123.124215124,49.245109753]]]},"properties":{"feature_type":"unit","level_id":0,"name":"T1-148A","category":"polygon","space_id":"s_67ef9499c52ee383c6df6ee4","building_id":"tac","building_name":"Teck Acute Care Centre","fill":"#b5dba3","stroke":"#b5dba3","stroke-width":0,"fill-opacity":1,"extrusion_height":1.224,"extrusion_base":0,"source_map_id":"f_67ef927396cf2e86a2d97a12","view_context":true,"context_for_level_id":2,"source_unit_id":1484,"context_depth":2}},{"type":"Feature","id":"context-2-1488-0","geometry":{"type":"Polygon","coordinates":[[[-123.124140561,49.245100166],[-123.12418590522788,49.24507565719994],[-123.1242234204342,49.245105268655756],[-123.124215124,49.245109753],[-123.124178099,49.245129765],[-123.124140561,49.245100166]]]},"properties":{"feature_type":"unit","level_id":0,"name":"T1-148","category":"polygon","space_id":"s_67ef9499c52ee383c6df6ee9","building_id":"tac","building_name":"Teck Acute Care Centre","fill":"#b5dba3","stroke":"#b5dba3","stroke-width":0,"fill-opacity":1,"extrusion_height":1.224,"extrusion_base":0,"source_map_id":"f_67ef927396cf2e86a2d97a12","view_context":true,"context_for_level_id":2,"source_unit_id":1488,"context_depth":2}},{"type":"Feature","id":"context-2-1492-0","geometry":{"type":"Polygon","coordinates":[[[-123.123987182,49.245007565],[-123.124040406,49.244978798],[-123.124068874,49.245001245],[-123.12401565,49.245030012],[-123.123987182,49.245007565]]]},"properties":{"feature_type":"unit","level_id":0,"name":"T1-149A","category":"polygon","space_id":"s_67ef9499c52ee383c6df6eed","building_id":"tac","building_name":"Teck Acute Care Centre","fill":"#ffe9b3","stroke":"#ffe9b3","stroke-width":0,"fill-opacity":1,"extrusion_height":1.224,"extrusion_base":0,"source_map_id":"f_67ef927396cf2e86a2d97a12","view_context":true,"context_for_level_id":2,"source_unit_id":1492,"context_depth":2}},{"type":"Feature","id":"context-2-1493-0","geometry":{"type":"Polygon","coordinates":[[[-123.124029604,49.245041015],[-123.12401565,49.245030012],[-123.124068874,49.245001245],[-123.124093363,49.245020555],[-123.12404014,49.245049323],[-123.124029604,49.245041015]]]},"properties":{"feature_type":"unit","level_id":0,"name":"T1-036","category":"polygon","space_id":"s_67ef9499c52ee383c6df6eee","building_id":"tac","building_name":"Teck Acute Care Centre","fill":"#ffe9b3","stroke":"#ffe9b3","stroke-width":0,"fill-opacity":1,"extrusion_height":1.224,"extrusion_base":0,"source_map_id":"f_67ef927396cf2e86a2d97a12","view_context":true,"context_for_level_id":2,"source_unit_id":1493,"context_depth":2}},{"type":"Feature","id":"context-2-1494-0","geometry":{"type":"Polygon","coordinates":[[[-123.12404014,49.245049323],[-123.124093363,49.245020555],[-123.12412826,49.245048071],[-123.124099499,49.245063617],[-123.124075036,49.245076839],[-123.12404014,49.245049323]]]},"properties":{"feature_type":"unit","level_id":0,"name":"T1-037","category":"polygon","space_id":"s_67ef9499c52ee383c6df6eef","building_id":"tac","building_name":"Teck Acute Care Centre","fill":"#ffe9b3","stroke":"#ffe9b3","stroke-width":0,"fill-opacity":1,"extrusion_height":1.224,"extrusion_base":0,"source_map_id":"f_67ef927396cf2e86a2d97a12","view_context":true,"context_for_level_id":2,"source_unit_id":1494,"context_depth":2}},{"type":"Feature","id":"context-2-1495-0","geometry":{"type":"Polygon","coordinates":[[[-123.124099499,49.245063617],[-123.12412826,49.245048071],[-123.124151247,49.245066197],[-123.124122486,49.245081742],[-123.124099499,49.245063617]]]},"properties":{"feature_type":"unit","level_id":0,"name":"T1-034","category":"polygon","space_id":"s_67ef9499c52ee383c6df6ef0","building_id":"tac","building_name":"Teck Acute Care Centre","fill":"#b5dba3","stroke":"#b5dba3","stroke-width":0,"fill-opacity":1,"extrusion_height":1.224,"extrusion_base":0,"source_map_id":"f_67ef927396cf2e86a2d97a12","view_context":true,"context_for_level_id":2,"source_unit_id":1495,"context_depth":2}},{"type":"Feature","id":"context-2-1496-0","geometry":{"type":"Polygon","coordinates":[[[-123.124075036,49.245076839],[-123.124099499,49.245063617],[-123.124122486,49.245081742],[-123.124098024,49.245094964],[-123.124075036,49.245076839]]]},"properties":{"feature_type":"unit","level_id":0,"name":"T1-030B","category":"polygon","space_id":"s_67ef9499c52ee383c6df6ef1","building_id":"tac","building_name":"Teck Acute Care Centre","fill":"#b5dba3","stroke":"#b5dba3","stroke-width":0,"fill-opacity":1,"extrusion_height":1.224,"extrusion_base":0,"source_map_id":"f_67ef927396cf2e86a2d97a12","view_context":true,"context_for_level_id":2,"source_unit_id":1496,"context_depth":2}},{"type":"Feature","id":"context-2-1497-0","geometry":{"type":"Polygon","coordinates":[[[-123.123954826,49.24504652],[-123.123981095,49.245067233],[-123.123984106,49.245069607],[-123.1239778615715,49.24507298210611],[-123.12394858186943,49.2450498947576],[-123.123954826,49.24504652]]]},"properties":{"feature_type":"unit","level_id":0,"name":"T1-143","category":"polygon","space_id":"s_67ef9499c52ee383c6df6ef2","building_id":"tac","building_name":"Teck Acute Care Centre","fill":"#b5dba3","stroke":"#b5dba3","stroke-width":0,"fill-opacity":1,"extrusion_height":1.224,"extrusion_base":0,"source_map_id":"f_67ef927396cf2e86a2d97a12","view_context":true,"context_for_level_id":2,"source_unit_id":1497,"context_depth":2}},{"type":"Feature","id":"context-2-1498-0","geometry":{"type":"Polygon","coordinates":[[[-123.123984106,49.245069607],[-123.12400436,49.245085577],[-123.124013116,49.245092482],[-123.12400687169976,49.24509585689286],[-123.1239778615715,49.24507298210611],[-123.123984106,49.245069607]]]},"properties":{"feature_type":"unit","level_id":0,"name":"T1-144","category":"polygon","space_id":"s_67ef9499c52ee383c6df6ef3","building_id":"tac","building_name":"Teck Acute Care Centre","fill":"#b5dba3","stroke":"#b5dba3","stroke-width":0,"fill-opacity":1,"extrusion_height":1.224,"extrusion_base":0,"source_map_id":"f_67ef927396cf2e86a2d97a12","view_context":true,"context_for_level_id":2,"source_unit_id":1498,"context_depth":2}},{"type":"Feature","id":"context-2-1503-0","geometry":{"type":"Polygon","coordinates":[[[-123.123802688,49.245306237],[-123.12383185349165,49.245290474149435],[-123.12385347969933,49.245307526693274],[-123.123824315,49.24532329],[-123.123802688,49.245306237]]]},"properties":{"feature_type":"unit","level_id":0,"name":"T1-020","category":"polygon","space_id":"s_67ef9499c52ee383c6df6ef8","building_id":"tac","building_name":"Teck Acute Care Centre","fill":"#008ee6","stroke":"#008ee6","stroke-width":0,"fill-opacity":1,"extrusion_height":1.224,"extrusion_base":0,"source_map_id":"f_67ef927396cf2e86a2d97a12","view_context":true,"context_for_level_id":2,"source_unit_id":1503,"context_depth":2}},{"type":"Feature","id":"context-2-1504-0","geometry":{"type":"Polygon","coordinates":[[[-123.123773956,49.245283582],[-123.12380312116113,49.24526781833602],[-123.12383185349165,49.245290474149435],[-123.123802688,49.245306237],[-123.123773956,49.245283582]]]},"properties":{"feature_type":"unit","level_id":0,"name":"T1-045","category":"polygon","space_id":"s_67ef9499c52ee383c6df6ef9","building_id":"tac","building_name":"Teck Acute Care Centre","fill":"#008ee6","stroke":"#008ee6","stroke-width":0,"fill-opacity":1,"extrusion_height":1.224,"extrusion_base":0,"source_map_id":"f_67ef927396cf2e86a2d97a12","view_context":true,"context_for_level_id":2,"source_unit_id":1504,"context_depth":2}},{"type":"Feature","id":"context-2-1505-0","geometry":{"type":"Polygon","coordinates":[[[-123.123746861,49.245262217],[-123.123743302,49.245259411],[-123.12377246721726,49.245243647305685],[-123.12380312116113,49.24526781833602],[-123.123773956,49.245283582],[-123.123746861,49.245262217]]]},"properties":{"feature_type":"unit","level_id":0,"name":"T1-137","category":"polygon","space_id":"s_67ef9499c52ee383c6df6efa","building_id":"tac","building_name":"Teck Acute Care Centre","fill":"#008ee6","stroke":"#008ee6","stroke-width":0,"fill-opacity":1,"extrusion_height":1.224,"extrusion_base":0,"source_map_id":"f_67ef927396cf2e86a2d97a12","view_context":true,"context_for_level_id":2,"source_unit_id":1505,"context_depth":2}},{"type":"Feature","id":"context-2-1512-0","geometry":{"type":"Polygon","coordinates":[[[-123.124417148,49.244794451],[-123.1244328588296,49.24478595943702],[-123.12448895846947,49.24483007704626],[-123.12447316,49.244838616],[-123.124417148,49.244794451]]]},"properties":{"feature_type":"unit","level_id":0,"name":"T1-230","category":"polygon","space_id":"s_67ef9499c52ee383c6df6f01","building_id":"tac","building_name":"Teck Acute Care Centre","fill":"#f5f5f5","stroke":"#f5f5f5","stroke-width":0,"fill-opacity":1,"extrusion_height":1.224,"extrusion_base":0,"source_map_id":"f_67ef927396cf2e86a2d97a12","view_context":true,"context_for_level_id":2,"source_unit_id":1512,"context_depth":2}},{"type":"Feature","id":"context-2-1513-0","geometry":{"type":"Polygon","coordinates":[[[-123.124391421,49.244808356],[-123.124417148,49.244794451],[-123.12447316,49.244838616],[-123.124447433,49.244852522],[-123.124391421,49.244808356]]]},"properties":{"feature_type":"unit","level_id":0,"name":"T1-232","category":"polygon","space_id":"s_67ef9499c52ee383c6df6f02","building_id":"tac","building_name":"Teck Acute Care Centre","fill":"#f5f5f5","stroke":"#f5f5f5","stroke-width":0,"fill-opacity":1,"extrusion_height":1.224,"extrusion_base":0,"source_map_id":"f_67ef927396cf2e86a2d97a12","view_context":true,"context_for_level_id":2,"source_unit_id":1513,"context_depth":2}},{"type":"Feature","id":"context-2-1559-0","geometry":{"type":"Polygon","coordinates":[[[-123.123635153,49.245269245],[-123.123675296,49.245300898],[-123.12365670910691,49.24531094392523],[-123.12361656631275,49.24527929081398],[-123.123635153,49.245269245]]]},"properties":{"feature_type":"unit","level_id":0,"name":"T1-132","category":"polygon","space_id":"s_67ef9499c52ee383c6df6f30","building_id":"tac","building_name":"Teck Acute Care Centre","fill":"#f5f5f5","stroke":"#f5f5f5","stroke-width":0,"fill-opacity":1,"extrusion_height":1.224,"extrusion_base":0,"source_map_id":"f_67ef927396cf2e86a2d97a12","view_context":true,"context_for_level_id":2,"source_unit_id":1559,"context_depth":2}},{"type":"Feature","id":"context-2-1560-0","geometry":{"type":"Polygon","coordinates":[[[-123.123635153,49.245269245],[-123.123669143,49.245250873],[-123.123709286,49.245282526],[-123.123675296,49.245300898],[-123.123635153,49.245269245]]]},"properties":{"feature_type":"unit","level_id":0,"name":"T1-133","category":"polygon","space_id":"s_67ef9499c52ee383c6df6f31","building_id":"tac","building_name":"Teck Acute Care Centre","fill":"#f5f5f5","stroke":"#f5f5f5","stroke-width":0,"fill-opacity":1,"extrusion_height":1.224,"extrusion_base":0,"source_map_id":"f_67ef927396cf2e86a2d97a12","view_context":true,"context_for_level_id":2,"source_unit_id":1560,"context_depth":2}},{"type":"Feature","id":"context-2-1561-0","geometry":{"type":"Polygon","coordinates":[[[-123.123703757,49.24532334],[-123.123750087,49.245298299],[-123.123777452,49.245319877],[-123.123739988,49.245340126],[-123.123731123,49.245344918],[-123.123703757,49.24532334]]]},"properties":{"feature_type":"unit","level_id":0,"name":"T1-135","category":"polygon","space_id":"s_67ef9499c52ee383c6df6f32","building_id":"tac","building_name":"Teck Acute Care Centre","fill":"#008ee6","stroke":"#008ee6","stroke-width":0,"fill-opacity":1,"extrusion_height":1.224,"extrusion_base":0,"source_map_id":"f_67ef927396cf2e86a2d97a12","view_context":true,"context_for_level_id":2,"source_unit_id":1561,"context_depth":2}},{"type":"Feature","id":"context-2-1562-0","geometry":{"type":"Polygon","coordinates":[[[-123.123675296,49.245300898],[-123.123709286,49.245282526],[-123.123721625,49.245275857],[-123.123750087,49.245298299],[-123.123703757,49.24532334],[-123.123675296,49.245300898]]]},"properties":{"feature_type":"unit","level_id":0,"name":"T1-173B","category":"polygon","space_id":"s_67ef9499c52ee383c6df6f33","building_id":"tac","building_name":"Teck Acute Care Centre","fill":"#008ee6","stroke":"#008ee6","stroke-width":0,"fill-opacity":1,"extrusion_height":1.224,"extrusion_base":0,"source_map_id":"f_67ef927396cf2e86a2d97a12","view_context":true,"context_for_level_id":2,"source_unit_id":1562,"context_depth":2}},{"type":"Feature","id":"context-2-1563-0","geometry":{"type":"Polygon","coordinates":[[[-123.123703757,49.24532334],[-123.123731123,49.245344918],[-123.123721364,49.245350192],[-123.12371253555773,49.24535496380214],[-123.12368517022239,49.24533338588208],[-123.123703757,49.24532334]]]},"properties":{"feature_type":"unit","level_id":0,"name":"T1-130","category":"polygon","space_id":"s_67ef9499c52ee383c6df6f34","building_id":"tac","building_name":"Teck Acute Care Centre","fill":"#008ee6","stroke":"#008ee6","stroke-width":0,"fill-opacity":1,"extrusion_height":1.224,"extrusion_base":0,"source_map_id":"f_67ef927396cf2e86a2d97a12","view_context":true,"context_for_level_id":2,"source_unit_id":1563,"context_depth":2}},{"type":"Feature","id":"context-2-1564-0","geometry":{"type":"Polygon","coordinates":[[[-123.123675296,49.245300898],[-123.123703757,49.24532334],[-123.12368517022239,49.24533338588208],[-123.12365670910691,49.24531094392523],[-123.123675296,49.245300898]]]},"properties":{"feature_type":"unit","level_id":0,"name":"T1-131","category":"polygon","space_id":"s_67ef9499c52ee383c6df6f35","building_id":"tac","building_name":"Teck Acute Care Centre","fill":"#008ee6","stroke":"#008ee6","stroke-width":0,"fill-opacity":1,"extrusion_height":1.224,"extrusion_base":0,"source_map_id":"f_67ef927396cf2e86a2d97a12","view_context":true,"context_for_level_id":2,"source_unit_id":1564,"context_depth":2}},{"type":"Feature","id":"context-2-1565-0","geometry":{"type":"Polygon","coordinates":[[[-123.123721364,49.245350192],[-123.123731123,49.245344918],[-123.123739988,49.245340126],[-123.123761615,49.245357178],[-123.123742991,49.245367244],[-123.123721364,49.245350192]]]},"properties":{"feature_type":"unit","level_id":0,"name":"T1-017","category":"polygon","space_id":"s_67ef9499c52ee383c6df6f36","building_id":"tac","building_name":"Teck Acute Care Centre","fill":"#008ee6","stroke":"#008ee6","stroke-width":0,"fill-opacity":1,"extrusion_height":1.224,"extrusion_base":0,"source_map_id":"f_67ef927396cf2e86a2d97a12","view_context":true,"context_for_level_id":2,"source_unit_id":1565,"context_depth":2}},{"type":"Feature","id":"context-2-1573-0","geometry":{"type":"Polygon","coordinates":[[[-123.123632852,49.245214716],[-123.12363124308224,49.245213447364996],[-123.123692354,49.245180477],[-123.1237155446365,49.24519876311615],[-123.123654479,49.245231768],[-123.123632852,49.245214716]]]},"properties":{"feature_type":"unit","level_id":0,"name":"T1-042","category":"polygon","space_id":"s_67ef9499c52ee383c6df6f3e","building_id":"tac","building_name":"Teck Acute Care Centre","fill":"#f5f5f5","stroke":"#f5f5f5","stroke-width":0,"fill-opacity":1,"extrusion_height":1.224,"extrusion_base":0,"source_map_id":"f_67ef927396cf2e86a2d97a12","view_context":true,"context_for_level_id":2,"source_unit_id":1573,"context_depth":2}},{"type":"Feature","id":"context-2-1574-0","geometry":{"type":"Polygon","coordinates":[[[-123.123604916,49.245229815],[-123.123626543,49.245246867],[-123.12359622656454,49.24526325266004],[-123.123572949,49.245244898],[-123.12360328670641,49.24522853029861],[-123.123604916,49.245229815]]]},"properties":{"feature_type":"unit","level_id":0,"name":"T1-046","category":"polygon","space_id":"s_67ef9499c52ee383c6df6f3f","building_id":"tac","building_name":"Teck Acute Care Centre","fill":"#008ee6","stroke":"#008ee6","stroke-width":0,"fill-opacity":1,"extrusion_height":1.224,"extrusion_base":0,"source_map_id":"f_67ef927396cf2e86a2d97a12","view_context":true,"context_for_level_id":2,"source_unit_id":1574,"context_depth":2}},{"type":"Feature","id":"context-2-1612-0","geometry":{"type":"Polygon","coordinates":[[[-123.12453610905185,49.24486715698071],[-123.12457886889011,49.244900783967275],[-123.124568939,49.244906151],[-123.1245548,49.244895003],[-123.124541111,49.244884209],[-123.124526246,49.244872488],[-123.12453610905185,49.24486715698071]]]},"properties":{"feature_type":"unit","level_id":0,"name":"T1-172","category":"polygon","space_id":"s_67ef9499c52ee383c6df6f67","building_id":"tac","building_name":"Teck Acute Care Centre","fill":"#877ad1","stroke":"#877ad1","stroke-width":0,"fill-opacity":1,"extrusion_height":1.224,"extrusion_base":0,"source_map_id":"f_67ef927396cf2e86a2d97a12","view_context":true,"context_for_level_id":2,"source_unit_id":1612,"context_depth":2}},{"type":"Feature","id":"context-2-1613-0","geometry":{"type":"Polygon","coordinates":[[[-123.12450467361953,49.24484243567906],[-123.12453610905185,49.24486715698071],[-123.124526246,49.244872488],[-123.124502335,49.244885413],[-123.124490653,49.244876202],[-123.124511367,49.244865006],[-123.124491662,49.244849469],[-123.12450467361953,49.24484243567906]]]},"properties":{"feature_type":"unit","level_id":0,"name":"T1-231","category":"polygon","space_id":"s_67ef9499c52ee383c6df6f68","building_id":"tac","building_name":"Teck Acute Care Centre","fill":"#03b01d","stroke":"#03b01d","stroke-width":0,"fill-opacity":1,"extrusion_height":1.224,"extrusion_base":0,"source_map_id":"f_67ef927396cf2e86a2d97a12","view_context":true,"context_for_level_id":2,"source_unit_id":1613,"context_depth":2}},{"type":"Feature","id":"context-2-1622-0","geometry":{"type":"Polygon","coordinates":[[[-123.124019153,49.245077581],[-123.124025446,49.245082544],[-123.124038671,49.245075396],[-123.12405856,49.245091079],[-123.124038285,49.245102038],[-123.124057835,49.245116326],[-123.12404299980915,49.24512434428151],[-123.12400687169976,49.24509585689286],[-123.124013116,49.245092482],[-123.12400436,49.245085577],[-123.124019153,49.245077581]]]},"properties":{"feature_type":"unit","level_id":0,"name":"Emergency (Turtle Bay) Reception","category":"polygon","space_id":"s_67ef9499c52ee383c6df6f71","building_id":"tac","building_name":"Teck Acute Care Centre","fill":"#b5dba3","stroke":"#b5dba3","stroke-width":0,"fill-opacity":1,"extrusion_height":1.224,"extrusion_base":0,"source_map_id":"f_67ef927396cf2e86a2d97a12","view_context":true,"context_for_level_id":2,"source_unit_id":1622,"context_depth":2}},{"type":"Feature","id":"context-2-1623-0","geometry":{"type":"Polygon","coordinates":[[[-123.123987182,49.245007565],[-123.12401565,49.245030012],[-123.124029604,49.245041015],[-123.123981095,49.245067233],[-123.123954826,49.24504652],[-123.12394858186943,49.2450498947576],[-123.1239324298182,49.24503715869782],[-123.123987182,49.245007565]]]},"properties":{"feature_type":"unit","level_id":0,"name":"T1-155","category":"polygon","space_id":"s_67ef9499c52ee383c6df6f72","building_id":"tac","building_name":"Teck Acute Care Centre","fill":"#ffe9b3","stroke":"#ffe9b3","stroke-width":0,"fill-opacity":1,"extrusion_height":1.224,"extrusion_base":0,"source_map_id":"f_67ef927396cf2e86a2d97a12","view_context":true,"context_for_level_id":2,"source_unit_id":1623,"context_depth":2}},{"type":"Feature","id":"context-2-1624-0","geometry":{"type":"Polygon","coordinates":[[[-123.12373455977917,49.24521375680154],[-123.12377246721726,49.245243647305685],[-123.123743302,49.245259411],[-123.123736005,49.245253657],[-123.123746909,49.245247764],[-123.123717622,49.245224671],[-123.123716298,49.245223627],[-123.12373455977917,49.24521375680154]]]},"properties":{"feature_type":"unit","level_id":0,"name":"T1-138","category":"polygon","space_id":"s_67ef9499c52ee383c6df6f73","building_id":"tac","building_name":"Teck Acute Care Centre","fill":"#008ee6","stroke":"#008ee6","stroke-width":0,"fill-opacity":1,"extrusion_height":1.224,"extrusion_base":0,"source_map_id":"f_67ef927396cf2e86a2d97a12","view_context":true,"context_for_level_id":2,"source_unit_id":1624,"context_depth":2}},{"type":"Feature","id":"context-2-1630-0","geometry":{"type":"Polygon","coordinates":[[[-123.124417148,49.244794451],[-123.124391421,49.244808356],[-123.124447433,49.244852522],[-123.12442343,49.244865496],[-123.124419453,49.244867645],[-123.124382756,49.24488748],[-123.124319934,49.244837945],[-123.124316765,49.244835446],[-123.12430668540894,49.24482749826534],[-123.124413497,49.244770733],[-123.1244328588296,49.24478595943702],[-123.124417148,49.244794451]]]},"properties":{"feature_type":"unit","level_id":0,"name":"T1-233","category":"polygon","space_id":"s_67ef9499c52ee383c6df6f79","building_id":"tac","building_name":"Teck Acute Care Centre","fill":"#f5f5f5","stroke":"#f5f5f5","stroke-width":0,"fill-opacity":1,"extrusion_height":1.224,"extrusion_base":0,"source_map_id":"f_67ef927396cf2e86a2d97a12","view_context":true,"context_for_level_id":2,"source_unit_id":1630,"context_depth":2}},{"type":"Feature","id":"context-2-1658-0","geometry":{"type":"Polygon","coordinates":[[[-123.124140561,49.245100166],[-123.124178099,49.245129765],[-123.124208569,49.24515379],[-123.124198156,49.245159418],[-123.124197608,49.245158986],[-123.124162569,49.245177924],[-123.124148683,49.245185429],[-123.12414622,49.245183487],[-123.124081223,49.245132237],[-123.124140561,49.245100166]]]},"properties":{"feature_type":"unit","level_id":0,"name":"Waiting Area","category":"polygon","space_id":"s_67ef9499c52ee383c6df6f95","building_id":"tac","building_name":"Teck Acute Care Centre","fill":"#b5dba3","stroke":"#b5dba3","stroke-width":0,"fill-opacity":1,"extrusion_height":1.224,"extrusion_base":0,"source_map_id":"f_67ef927396cf2e86a2d97a12","view_context":true,"context_for_level_id":2,"source_unit_id":1658,"context_depth":2}},{"type":"Feature","id":"context-2-1659-0","geometry":{"type":"Polygon","coordinates":[[[-123.123717622,49.245224671],[-123.123746909,49.245247764],[-123.123736005,49.245253657],[-123.123743302,49.245259411],[-123.123746861,49.245262217],[-123.123721625,49.245275857],[-123.123709286,49.245282526],[-123.123669143,49.245250873],[-123.123717622,49.245224671]]]},"properties":{"feature_type":"unit","level_id":0,"name":"T1-043B","category":"polygon","space_id":"s_67ef9499c52ee383c6df6f96","building_id":"tac","building_name":"Teck Acute Care Centre","fill":"#008ee6","stroke":"#008ee6","stroke-width":0,"fill-opacity":1,"extrusion_height":1.224,"extrusion_base":0,"source_map_id":"f_67ef927396cf2e86a2d97a12","view_context":true,"context_for_level_id":2,"source_unit_id":1659,"context_depth":2}},{"type":"Feature","id":"context-2-s_682f6d2e06c734db63fafed5-0","geometry":{"type":"Polygon","coordinates":[[[-123.12414622,49.245183487],[-123.124148683,49.245185429],[-123.12413194302334,49.2451944769276],[-123.12412948009936,49.245192534886506],[-123.12414622,49.245183487]]]},"properties":{"feature_type":"wall","level_id":0,"name":"Inner Wall","layer":"Inner Wall","building_id":"tac","building_name":"Teck Acute Care Centre","fill":"#9f9f9f","stroke":"#9f9f9f","stroke-width":0,"fill-opacity":1,"extrusion_height":1.224,"extrusion_base":0,"source_map_id":"f_67ef927396cf2e86a2d97a12","space_id":"s_682f6d2e06c734db63fafed5","view_context":true,"context_for_level_id":2,"source_unit_id":"s_682f6d2e06c734db63fafed5","context_depth":2}},{"type":"Feature","id":"context-2-s_68748645d0aa0784542c33b3-0","geometry":{"type":"Polygon","coordinates":[[[-123.124313504,49.244837197],[-123.124316661,49.244839686],[-123.12430879508946,49.2448439373518],[-123.12430560866953,49.24484142939638],[-123.124313504,49.244837197]]]},"properties":{"feature_type":"wall","level_id":0,"name":"Entrance","layer":"Entrance","building_id":"tac","building_name":"Teck Acute Care Centre","fill":"#94c7ff","stroke":"#94c7ff","stroke-width":0,"fill-opacity":1,"extrusion_height":1.224,"extrusion_base":0,"source_map_id":"f_67ef927396cf2e86a2d97a12","space_id":"s_68748645d0aa0784542c33b3","view_context":true,"context_for_level_id":2,"source_unit_id":"s_68748645d0aa0784542c33b3","context_depth":2}},{"type":"Feature","id":"context-2-s_68748645d0aa0784542c33b4-0","geometry":{"type":"Polygon","coordinates":[[[-123.124316765,49.244835446],[-123.124319934,49.244837945],[-123.124316661,49.244839686],[-123.124313504,49.244837197],[-123.124316765,49.244835446]]]},"properties":{"feature_type":"wall","level_id":0,"name":"Wall","layer":"Wall","building_id":"tac","building_name":"Teck Acute Care Centre","fill":"#9f9f9f","stroke":"#9f9f9f","stroke-width":0,"fill-opacity":1,"extrusion_height":1.224,"extrusion_base":0,"source_map_id":"f_67ef927396cf2e86a2d97a12","space_id":"s_68748645d0aa0784542c33b4","view_context":true,"context_for_level_id":2,"source_unit_id":"s_68748645d0aa0784542c33b4","context_depth":2}},{"type":"Feature","id":"context-2-s_68748e10d0aa0784542c33cc-0","geometry":{"type":"Polygon","coordinates":[[[-123.124439134,49.24487786],[-123.124435153,49.244880012],[-123.124431778,49.244877365],[-123.124435773,49.244875206],[-123.124439134,49.24487786]]]},"properties":{"feature_type":"wall","level_id":0,"name":"Wall","layer":"Wall","building_id":"tac","building_name":"Teck Acute Care Centre","fill":"#9f9f9f","stroke":"#9f9f9f","stroke-width":0,"fill-opacity":1,"extrusion_height":1.224,"extrusion_base":0,"source_map_id":"f_67ef927396cf2e86a2d97a12","space_id":"s_68748e10d0aa0784542c33cc","view_context":true,"context_for_level_id":2,"source_unit_id":"s_68748e10d0aa0784542c33cc","context_depth":2}},{"type":"Feature","id":"context-2-s_68748e10d0aa0784542c33cd-0","geometry":{"type":"Polygon","coordinates":[[[-123.124435773,49.244875206],[-123.124431778,49.244877365],[-123.124423058,49.24487049],[-123.124427053,49.24486833],[-123.124435773,49.244875206]]]},"properties":{"feature_type":"wall","level_id":0,"name":"Entrance","layer":"Entrance","building_id":"tac","building_name":"Teck Acute Care Centre","fill":"#94c7ff","stroke":"#94c7ff","stroke-width":0,"fill-opacity":1,"extrusion_height":1.224,"extrusion_base":0,"source_map_id":"f_67ef927396cf2e86a2d97a12","space_id":"s_68748e10d0aa0784542c33cd","view_context":true,"context_for_level_id":2,"source_unit_id":"s_68748e10d0aa0784542c33cd","context_depth":2}},{"type":"Feature","id":"context-2-s_68748e10d0aa0784542c33ce-0","geometry":{"type":"Polygon","coordinates":[[[-123.124427053,49.24486833],[-123.124423058,49.24487049],[-123.124419453,49.244867645],[-123.12442343,49.244865496],[-123.124427053,49.24486833]]]},"properties":{"feature_type":"wall","level_id":0,"name":"Wall","layer":"Wall","building_id":"tac","building_name":"Teck Acute Care Centre","fill":"#9f9f9f","stroke":"#9f9f9f","stroke-width":0,"fill-opacity":1,"extrusion_height":1.224,"extrusion_base":0,"source_map_id":"f_67ef927396cf2e86a2d97a12","space_id":"s_68748e10d0aa0784542c33ce","view_context":true,"context_for_level_id":2,"source_unit_id":"s_68748e10d0aa0784542c33ce","context_depth":2}},{"type":"Feature","id":"context-2-s_6874a5c3ae026a52c2c764a2-0","geometry":{"type":"Polygon","coordinates":[[[-123.124143493,49.245060068],[-123.12414108,49.24505818],[-123.124145014,49.245056191],[-123.12414742,49.245058088],[-123.124143493,49.245060068]]]},"properties":{"feature_type":"wall","level_id":0,"name":"Wall","layer":"Wall","building_id":"tac","building_name":"Teck Acute Care Centre","fill":"#9f9f9f","stroke":"#9f9f9f","stroke-width":0,"fill-opacity":1,"extrusion_height":1.224,"extrusion_base":0,"source_map_id":"f_67ef927396cf2e86a2d97a12","space_id":"s_6874a5c3ae026a52c2c764a2","view_context":true,"context_for_level_id":2,"source_unit_id":"s_6874a5c3ae026a52c2c764a2","context_depth":2}},{"type":"Feature","id":"context-2-s_6874a5c3ae026a52c2c764a3-0","geometry":{"type":"Polygon","coordinates":[[[-123.12414742,49.245058088],[-123.124145014,49.245056191],[-123.12415373,49.24505148],[-123.124156136,49.245053377],[-123.12414742,49.245058088]]]},"properties":{"feature_type":"wall","level_id":0,"name":"Entrance","layer":"Entrance","building_id":"tac","building_name":"Teck Acute Care Centre","fill":"#94c7ff","stroke":"#94c7ff","stroke-width":0,"fill-opacity":1,"extrusion_height":1.224,"extrusion_base":0,"source_map_id":"f_67ef927396cf2e86a2d97a12","space_id":"s_6874a5c3ae026a52c2c764a3","view_context":true,"context_for_level_id":2,"source_unit_id":"s_6874a5c3ae026a52c2c764a3","context_depth":2}},{"type":"Feature","id":"context-2-s_6874a5c3ae026a52c2c764a4-0","geometry":{"type":"Polygon","coordinates":[[[-123.124156136,49.245053377],[-123.12415373,49.24505148],[-123.12415464692332,49.245050984434016],[-123.12415705130682,49.24505288225901],[-123.124156136,49.245053377]]]},"properties":{"feature_type":"wall","level_id":0,"name":"Entrance","layer":"Entrance","building_id":"tac","building_name":"Teck Acute Care Centre","fill":"#94c7ff","stroke":"#94c7ff","stroke-width":0,"fill-opacity":1,"extrusion_height":1.224,"extrusion_base":0,"source_map_id":"f_67ef927396cf2e86a2d97a12","space_id":"s_6874a5c3ae026a52c2c764a4","view_context":true,"context_for_level_id":2,"source_unit_id":"s_6874a5c3ae026a52c2c764a4","context_depth":2}},{"type":"Feature","id":"context-3-s_67ff5c001e120b51f181db90-0","geometry":{"type":"Polygon","coordinates":[[[-123.124586355,49.244861412],[-123.12457898754164,49.24485560209579],[-123.124586335,49.244861396],[-123.12459052186554,49.24486469747104],[-123.124586355,49.244861412]]]},"properties":{"feature_type":"corridor","level_id":2,"name":"Floor","building_id":"tac","building_name":"Teck Acute Care Centre","fill":"#ffffff","stroke":"#ffffff","stroke-width":0,"fill-opacity":1,"extrusion_height":0.09791999955832296,"extrusion_base":0,"source_map_id":"f_67ef92fb3c1c5a21183fd1b0","space_id":"s_67ff5c001e120b51f181db90","view_context":true,"context_for_level_id":3,"source_unit_id":"s_67ff5c001e120b51f181db90","context_depth":1}},{"type":"Feature","id":"context-3-s_67ff5c001e120b51f181db90-1","geometry":{"type":"Polygon","coordinates":[[[-123.124553786,49.244835731],[-123.124545394,49.244829113],[-123.124536637,49.244822208],[-123.124521125,49.244809977],[-123.124518435,49.244807856],[-123.124489013,49.244784656],[-123.124488557,49.244784296],[-123.1244611,49.244762646],[-123.124454806,49.244757684],[-123.124438747,49.24474502],[-123.124431955,49.244739665],[-123.124427435,49.244736101],[-123.124425286,49.244737263],[-123.124395483,49.244753371],[-123.124394211,49.244754058],[-123.124346997,49.244779577],[-123.124320995,49.244793631],[-123.12431532,49.244796698],[-123.124294331,49.244808042],[-123.124278845,49.244816412],[-123.12426464036294,49.244824089479906],[-123.124264622,49.244824075],[-123.12429432,49.244808024],[-123.124320984,49.244793613],[-123.124346986,49.24477956],[-123.124395471,49.244753356],[-123.124427423,49.244736087],[-123.124438734,49.244745006],[-123.124454793,49.244757669],[-123.124488542,49.244784282],[-123.124521109,49.244809962],[-123.12453662,49.244822193],[-123.124553768,49.244835715],[-123.12457324015638,49.24485106994359],[-123.124553786,49.244835731]]]},"properties":{"feature_type":"corridor","level_id":2,"name":"Floor","building_id":"tac","building_name":"Teck Acute Care Centre","fill":"#ffffff","stroke":"#ffffff","stroke-width":0,"fill-opacity":1,"extrusion_height":0.09791999955832296,"extrusion_base":0,"source_map_id":"f_67ef92fb3c1c5a21183fd1b0","space_id":"s_67ff5c001e120b51f181db90","view_context":true,"context_for_level_id":3,"source_unit_id":"s_67ff5c001e120b51f181db90","context_depth":1}},{"type":"Feature","id":"context-3-s_67ff5c001e120b51f181db90-2","geometry":{"type":"Polygon","coordinates":[[[-123.124249972,49.245113177],[-123.124231363,49.245098504],[-123.124220143,49.245089657],[-123.124202353,49.245075629],[-123.124200894,49.245074479],[-123.124166226,49.245047142],[-123.124160271,49.245042447],[-123.12414944,49.245033906],[-123.124108614,49.245001714],[-123.124107659,49.245000961],[-123.124066427,49.244968449],[-123.124057098,49.244961093],[-123.124040059,49.244947657],[-123.12401158,49.24496305],[-123.123952242,49.244995121],[-123.123926619,49.245008969],[-123.12389578585358,49.245025633809945],[-123.123895762,49.245025615],[-123.123926613,49.245008941],[-123.123952236,49.244995093],[-123.124011573,49.244963024],[-123.124040052,49.244947632],[-123.12405709,49.244961067],[-123.124108603,49.245001688],[-123.124160258,49.245042421],[-123.124202338,49.245075603],[-123.124220127,49.24508963],[-123.1242843,49.245140234],[-123.12428429155015,49.245140238566805],[-123.124249972,49.245113177]]]},"properties":{"feature_type":"corridor","level_id":2,"name":"Floor","building_id":"tac","building_name":"Teck Acute Care Centre","fill":"#ffffff","stroke":"#ffffff","stroke-width":0,"fill-opacity":1,"extrusion_height":0.09791999955832296,"extrusion_base":0,"source_map_id":"f_67ef92fb3c1c5a21183fd1b0","space_id":"s_67ff5c001e120b51f181db90","view_context":true,"context_for_level_id":3,"source_unit_id":"s_67ff5c001e120b51f181db90","context_depth":1}},{"type":"Feature","id":"context-3-s_67ff5c001e120b51f181db90-3","geometry":{"type":"Polygon","coordinates":[[[-123.123905658,49.245335403],[-123.12388668,49.245320438],[-123.123856538,49.24529667],[-123.123844807,49.245287421],[-123.123831217,49.245276704],[-123.123818766,49.245266886],[-123.123792675,49.245246314],[-123.123780267,49.24523653],[-123.123741406,49.245205886],[-123.12374127,49.245205779],[-123.123702729,49.245175389],[-123.123688828,49.245164428],[-123.123673,49.245172961],[-123.123573334,49.245226828],[-123.12354656230109,49.24524111789377],[-123.123546532,49.245241094],[-123.123526145,49.245225017],[-123.123541734,49.245216592],[-123.123583385,49.245194081],[-123.123608837,49.245180326],[-123.123639249,49.245163889],[-123.123668286,49.245148196],[-123.123688125,49.245163841],[-123.123741264,49.245205743],[-123.123792666,49.245246277],[-123.123831206,49.245276667],[-123.123844796,49.245287383],[-123.123886666,49.245320401],[-123.123905644,49.245335365],[-123.123913353,49.245341444],[-123.12391333330478,49.245341454644326],[-123.123905658,49.245335403]]]},"properties":{"feature_type":"corridor","level_id":2,"name":"Floor","building_id":"tac","building_name":"Teck Acute Care Centre","fill":"#ffffff","stroke":"#ffffff","stroke-width":0,"fill-opacity":1,"extrusion_height":0.09791999955832296,"extrusion_base":0,"source_map_id":"f_67ef92fb3c1c5a21183fd1b0","space_id":"s_67ff5c001e120b51f181db90","view_context":true,"context_for_level_id":3,"source_unit_id":"s_67ff5c001e120b51f181db90","context_depth":1}},{"type":"Feature","id":"context-3-s_67ef9858c52ee383c6df70c0-0","geometry":{"type":"Polygon","coordinates":[[[-123.1235527809857,49.2452106214664],[-123.123583385,49.245194081],[-123.123608837,49.245180326],[-123.123639249,49.245163889],[-123.12365244769859,49.24515675578455],[-123.123673,49.245172961],[-123.123573334,49.245226828],[-123.1235527809857,49.2452106214664]]]},"properties":{"feature_type":"vertical_connection","level_id":2,"name":"Stairs","connection_type":"stairs","vertical_connection_id":"s_67ef9858c52ee383c6df70c0","building_id":"tac","building_name":"Teck Acute Care Centre","fill":"#cdd6e0","stroke":"#cdd6e0","stroke-width":0,"fill-opacity":0.6,"extrusion_height":1.223999994479037,"extrusion_base":0,"source_map_id":"f_67ef92fb3c1c5a21183fd1b0","space_id":"s_67ef9858c52ee383c6df70c0","connector_style":"mappedin","display_label":"","view_context":true,"context_for_level_id":3,"source_unit_id":"s_67ef9858c52ee383c6df70c0","context_depth":1}},{"type":"Feature","id":"context-3-3770-0","geometry":{"type":"Polygon","coordinates":[[[-123.124231363,49.245098504],[-123.12423137337238,49.24509849839369],[-123.12424998144135,49.24511317189691],[-123.124249972,49.245113177],[-123.124231363,49.245098504]]]},"properties":{"feature_type":"unit","level_id":2,"name":"T3-232","category":"polygon","space_id":"s_67ef9858c52ee383c6df7125","building_id":"tac","building_name":"Teck Acute Care Centre","fill":"#b29ce2","stroke":"#b29ce2","stroke-width":0,"fill-opacity":1,"extrusion_height":1.223999994479037,"extrusion_base":0,"source_map_id":"f_67ef92fb3c1c5a21183fd1b0","view_context":true,"context_for_level_id":3,"source_unit_id":3770,"context_depth":1}},{"type":"Feature","id":"context-3-3772-0","geometry":{"type":"Polygon","coordinates":[[[-123.124220143,49.245089657],[-123.124202353,49.245075629],[-123.124200894,49.245074479],[-123.12420090503045,49.245074473038116],[-123.124202338,49.245075603],[-123.124220127,49.24508963],[-123.12423137337238,49.24509849839369],[-123.124231363,49.245098504],[-123.124220143,49.245089657]]]},"properties":{"feature_type":"unit","level_id":2,"name":"T3-217","category":"polygon","space_id":"s_67ef9858c52ee383c6df7127","building_id":"tac","building_name":"Teck Acute Care Centre","fill":"#b29ce2","stroke":"#b29ce2","stroke-width":0,"fill-opacity":1,"extrusion_height":1.223999994479037,"extrusion_base":0,"source_map_id":"f_67ef92fb3c1c5a21183fd1b0","view_context":true,"context_for_level_id":3,"source_unit_id":3772,"context_depth":1}},{"type":"Feature","id":"context-3-3773-0","geometry":{"type":"Polygon","coordinates":[[[-123.124166226,49.245047142],[-123.12416623725593,49.245047135916124],[-123.12420090503045,49.245074473038116],[-123.124200894,49.245074479],[-123.124166226,49.245047142]]]},"properties":{"feature_type":"unit","level_id":2,"name":"T3-215","category":"polygon","space_id":"s_67ef9858c52ee383c6df7128","building_id":"tac","building_name":"Teck Acute Care Centre","fill":"#b29ce2","stroke":"#b29ce2","stroke-width":0,"fill-opacity":1,"extrusion_height":1.223999994479037,"extrusion_base":0,"source_map_id":"f_67ef92fb3c1c5a21183fd1b0","view_context":true,"context_for_level_id":3,"source_unit_id":3773,"context_depth":1}},{"type":"Feature","id":"context-3-3774-0","geometry":{"type":"Polygon","coordinates":[[[-123.124160271,49.245042447],[-123.12414944,49.245033906],[-123.12414945175874,49.24503389964436],[-123.124160258,49.245042421],[-123.12416623725593,49.245047135916124],[-123.124166226,49.245047142],[-123.124160271,49.245042447]]]},"properties":{"feature_type":"unit","level_id":2,"name":"T3-215B","category":"polygon","space_id":"s_67ef9858c52ee383c6df7129","building_id":"tac","building_name":"Teck Acute Care Centre","fill":"#b29ce2","stroke":"#b29ce2","stroke-width":0,"fill-opacity":1,"extrusion_height":1.223999994479037,"extrusion_base":0,"source_map_id":"f_67ef92fb3c1c5a21183fd1b0","view_context":true,"context_for_level_id":3,"source_unit_id":3774,"context_depth":1}},{"type":"Feature","id":"context-3-3776-0","geometry":{"type":"Polygon","coordinates":[[[-123.124066427,49.244968449],[-123.12406644147043,49.244968441178955],[-123.12410767209143,49.2450009539244],[-123.124107659,49.245000961],[-123.124066427,49.244968449]]]},"properties":{"feature_type":"unit","level_id":2,"name":"T3-221","category":"polygon","space_id":"s_67ef9858c52ee383c6df712b","building_id":"tac","building_name":"Teck Acute Care Centre","fill":"#b29ce2","stroke":"#b29ce2","stroke-width":0,"fill-opacity":1,"extrusion_height":1.223999994479037,"extrusion_base":0,"source_map_id":"f_67ef92fb3c1c5a21183fd1b0","view_context":true,"context_for_level_id":3,"source_unit_id":3776,"context_depth":1}},{"type":"Feature","id":"context-3-3777-0","geometry":{"type":"Polygon","coordinates":[[[-123.124057098,49.244961093],[-123.124040059,49.244947657],[-123.12404003734113,49.24494763992265],[-123.124040052,49.244947632],[-123.12405709,49.244961067],[-123.12406644147043,49.244968441178955],[-123.124066427,49.244968449],[-123.124057098,49.244961093]]]},"properties":{"feature_type":"unit","level_id":2,"name":"T3-506","category":"polygon","space_id":"s_67ef9858c52ee383c6df712c","building_id":"tac","building_name":"Teck Acute Care Centre","fill":"#b29ce2","stroke":"#b29ce2","stroke-width":0,"fill-opacity":1,"extrusion_height":1.223999994479037,"extrusion_base":0,"source_map_id":"f_67ef92fb3c1c5a21183fd1b0","view_context":true,"context_for_level_id":3,"source_unit_id":3777,"context_depth":1}},{"type":"Feature","id":"context-3-3795-0","geometry":{"type":"Polygon","coordinates":[[[-123.12431530209359,49.24479668388033],[-123.124320984,49.244793613],[-123.124346986,49.24477956],[-123.12439419517911,49.24475404552481],[-123.124394211,49.244754058],[-123.124346997,49.244779577],[-123.124320995,49.244793631],[-123.12431532,49.244796698],[-123.12431530209359,49.24479668388033]]]},"properties":{"feature_type":"unit","level_id":2,"name":"T3-242","category":"polygon","space_id":"s_67ef9858c52ee383c6df713e","building_id":"tac","building_name":"Teck Acute Care Centre","fill":"#f5f5f5","stroke":"#f5f5f5","stroke-width":0,"fill-opacity":1,"extrusion_height":1.223999994479037,"extrusion_base":0,"source_map_id":"f_67ef92fb3c1c5a21183fd1b0","view_context":true,"context_for_level_id":3,"source_unit_id":3795,"context_depth":1}},{"type":"Feature","id":"context-3-3796-0","geometry":{"type":"Polygon","coordinates":[[[-123.12439419517911,49.24475404552481],[-123.124395471,49.244753356],[-123.12442527018149,49.24473725052726],[-123.124425286,49.244737263],[-123.124395483,49.244753371],[-123.124394211,49.244754058],[-123.12439419517911,49.24475404552481]]]},"properties":{"feature_type":"unit","level_id":2,"name":"T3-240","category":"polygon","space_id":"s_67ef9858c52ee383c6df713f","building_id":"tac","building_name":"Teck Acute Care Centre","fill":"#f5f5f5","stroke":"#f5f5f5","stroke-width":0,"fill-opacity":1,"extrusion_height":1.223999994479037,"extrusion_base":0,"source_map_id":"f_67ef92fb3c1c5a21183fd1b0","view_context":true,"context_for_level_id":3,"source_unit_id":3796,"context_depth":1}},{"type":"Feature","id":"context-3-3931-0","geometry":{"type":"Polygon","coordinates":[[[-123.1238565586537,49.24529665883711],[-123.123886666,49.245320401],[-123.123905644,49.245335365],[-123.123913353,49.245341444],[-123.12391333330478,49.245341454644326],[-123.123905658,49.245335403],[-123.12388668,49.245320438],[-123.123856538,49.24529667],[-123.1238565586537,49.24529665883711]]]},"properties":{"feature_type":"unit","level_id":2,"name":"T3-312","category":"polygon","space_id":"s_67ef9858c52ee383c6df71c8","building_id":"tac","building_name":"Teck Acute Care Centre","fill":"#b5dba3","stroke":"#b5dba3","stroke-width":0,"fill-opacity":1,"extrusion_height":1.223999994479037,"extrusion_base":0,"source_map_id":"f_67ef92fb3c1c5a21183fd1b0","view_context":true,"context_for_level_id":3,"source_unit_id":3931,"context_depth":1}},{"type":"Feature","id":"context-3-3932-0","geometry":{"type":"Polygon","coordinates":[[[-123.12381878731725,49.245266874478745],[-123.123831206,49.245276667],[-123.123844796,49.245287383],[-123.1238565586537,49.24529665883711],[-123.123856538,49.24529667],[-123.123844807,49.245287421],[-123.123831217,49.245276704],[-123.123818766,49.245266886],[-123.12381878731725,49.245266874478745]]]},"properties":{"feature_type":"unit","level_id":2,"name":"T3-311","category":"polygon","space_id":"s_67ef9858c52ee383c6df71c9","building_id":"tac","building_name":"Teck Acute Care Centre","fill":"#b5dba3","stroke":"#b5dba3","stroke-width":0,"fill-opacity":1,"extrusion_height":1.223999994479037,"extrusion_base":0,"source_map_id":"f_67ef92fb3c1c5a21183fd1b0","view_context":true,"context_for_level_id":3,"source_unit_id":3932,"context_depth":1}},{"type":"Feature","id":"context-3-3933-0","geometry":{"type":"Polygon","coordinates":[[[-123.12378028991984,49.24523651761256],[-123.123792666,49.245246277],[-123.12381878731725,49.245266874478745],[-123.123818766,49.245266886],[-123.123792675,49.245246314],[-123.123780267,49.24523653],[-123.12378028991984,49.24523651761256]]]},"properties":{"feature_type":"unit","level_id":2,"name":"T3-310","category":"polygon","space_id":"s_67ef9858c52ee383c6df71ca","building_id":"tac","building_name":"Teck Acute Care Centre","fill":"#b5dba3","stroke":"#b5dba3","stroke-width":0,"fill-opacity":1,"extrusion_height":1.223999994479037,"extrusion_base":0,"source_map_id":"f_67ef92fb3c1c5a21183fd1b0","view_context":true,"context_for_level_id":3,"source_unit_id":3933,"context_depth":1}},{"type":"Feature","id":"context-3-3934-0","geometry":{"type":"Polygon","coordinates":[[[-123.1237414293427,49.245205873384045],[-123.12378028991984,49.24523651761256],[-123.123780267,49.24523653],[-123.123741406,49.245205886],[-123.1237414293427,49.245205873384045]]]},"properties":{"feature_type":"unit","level_id":2,"name":"T3-309","category":"polygon","space_id":"s_67ef9858c52ee383c6df71cb","building_id":"tac","building_name":"Teck Acute Care Centre","fill":"#b5dba3","stroke":"#b5dba3","stroke-width":0,"fill-opacity":1,"extrusion_height":1.223999994479037,"extrusion_base":0,"source_map_id":"f_67ef92fb3c1c5a21183fd1b0","view_context":true,"context_for_level_id":3,"source_unit_id":3934,"context_depth":1}},{"type":"Feature","id":"context-3-3935-0","geometry":{"type":"Polygon","coordinates":[[[-123.12370275324672,49.245175375895165],[-123.123741264,49.245205743],[-123.1237414293427,49.245205873384045],[-123.123741406,49.245205886],[-123.12374127,49.245205779],[-123.123702729,49.245175389],[-123.12370275324672,49.245175375895165]]]},"properties":{"feature_type":"unit","level_id":2,"name":"T3-308","category":"polygon","space_id":"s_67ef9858c52ee383c6df71cc","building_id":"tac","building_name":"Teck Acute Care Centre","fill":"#b5dba3","stroke":"#b5dba3","stroke-width":0,"fill-opacity":1,"extrusion_height":1.223999994479037,"extrusion_base":0,"source_map_id":"f_67ef92fb3c1c5a21183fd1b0","view_context":true,"context_for_level_id":3,"source_unit_id":3935,"context_depth":1}},{"type":"Feature","id":"context-3-3936-0","geometry":{"type":"Polygon","coordinates":[[[-123.123702729,49.245175389],[-123.123688828,49.245164428],[-123.123687928,49.245163718],[-123.12366826100761,49.2451482095071],[-123.123668286,49.245148196],[-123.123688125,49.245163841],[-123.12370275324672,49.245175375895165],[-123.123702729,49.245175389]]]},"properties":{"feature_type":"unit","level_id":2,"name":"T3-307","category":"polygon","space_id":"s_67ef9858c52ee383c6df71cd","building_id":"tac","building_name":"Teck Acute Care Centre","fill":"#b5dba3","stroke":"#b5dba3","stroke-width":0,"fill-opacity":1,"extrusion_height":1.223999994479037,"extrusion_base":0,"source_map_id":"f_67ef92fb3c1c5a21183fd1b0","view_context":true,"context_for_level_id":3,"source_unit_id":3936,"context_depth":1}},{"type":"Feature","id":"context-3-3944-0","geometry":{"type":"Polygon","coordinates":[[[-123.12424998144135,49.24511317189691],[-123.1242843,49.245140234],[-123.12428429155015,49.245140238566805],[-123.124249972,49.245113177],[-123.12424998144135,49.24511317189691]]]},"properties":{"feature_type":"unit","level_id":2,"name":"T3-218","category":"polygon","space_id":"s_67ef9858c52ee383c6df71d5","building_id":"tac","building_name":"Teck Acute Care Centre","fill":"#b29ce2","stroke":"#b29ce2","stroke-width":0,"fill-opacity":1,"extrusion_height":1.223999994479037,"extrusion_base":0,"source_map_id":"f_67ef92fb3c1c5a21183fd1b0","view_context":true,"context_for_level_id":3,"source_unit_id":3944,"context_depth":1}},{"type":"Feature","id":"context-3-3945-0","geometry":{"type":"Polygon","coordinates":[[[-123.12410767209143,49.2450009539244],[-123.124108603,49.245001688],[-123.12414945175874,49.24503389964436],[-123.12414944,49.245033906],[-123.124108614,49.245001714],[-123.124107659,49.245000961],[-123.12410767209143,49.2450009539244]]]},"properties":{"feature_type":"unit","level_id":2,"name":"T3-212","category":"polygon","space_id":"s_67ef9858c52ee383c6df71d6","building_id":"tac","building_name":"Teck Acute Care Centre","fill":"#b29ce2","stroke":"#b29ce2","stroke-width":0,"fill-opacity":1,"extrusion_height":1.223999994479037,"extrusion_base":0,"source_map_id":"f_67ef92fb3c1c5a21183fd1b0","view_context":true,"context_for_level_id":3,"source_unit_id":3945,"context_depth":1}},{"type":"Feature","id":"context-3-3947-0","geometry":{"type":"Polygon","coordinates":[[[-123.12431532,49.244796698],[-123.124294331,49.244808042],[-123.124278845,49.244816412],[-123.12427882682077,49.24481639766219],[-123.12429432,49.244808024],[-123.12431530209359,49.24479668388033],[-123.12431532,49.244796698]]]},"properties":{"feature_type":"unit","level_id":2,"name":"T3-246","category":"polygon","space_id":"s_67ef9858c52ee383c6df71d8","building_id":"tac","building_name":"Teck Acute Care Centre","fill":"#f5f5f5","stroke":"#f5f5f5","stroke-width":0,"fill-opacity":1,"extrusion_height":1.223999994479037,"extrusion_base":0,"source_map_id":"f_67ef92fb3c1c5a21183fd1b0","view_context":true,"context_for_level_id":3,"source_unit_id":3947,"context_depth":1}},{"type":"Feature","id":"context-3-3950-0","geometry":{"type":"Polygon","coordinates":[[[-123.124278845,49.244816412],[-123.12426464036294,49.244824089479906],[-123.124264622,49.244824075],[-123.12427882682077,49.24481639766219],[-123.124278845,49.244816412]]]},"properties":{"feature_type":"unit","level_id":2,"name":"T3-149","category":"polygon","space_id":"s_67ef9858c52ee383c6df71db","building_id":"tac","building_name":"Teck Acute Care Centre","fill":"#f5f5f5","stroke":"#f5f5f5","stroke-width":0,"fill-opacity":1,"extrusion_height":1.223999994479037,"extrusion_base":0,"source_map_id":"f_67ef92fb3c1c5a21183fd1b0","view_context":true,"context_for_level_id":3,"source_unit_id":3950,"context_depth":1}},{"type":"Feature","id":"context-3-3951-0","geometry":{"type":"Polygon","coordinates":[[[-123.12443195831617,49.24473966320767],[-123.124438734,49.244745006],[-123.124454793,49.244757669],[-123.12446110268834,49.244762644547],[-123.1244611,49.244762646],[-123.124454806,49.244757684],[-123.124438747,49.24474502],[-123.124431955,49.244739665],[-123.12443195831617,49.24473966320767]]]},"properties":{"feature_type":"unit","level_id":2,"name":"T3-121","category":"polygon","space_id":"s_67ef9858c52ee383c6df71dc","building_id":"tac","building_name":"Teck Acute Care Centre","fill":"#bbe9f7","stroke":"#bbe9f7","stroke-width":0,"fill-opacity":1,"extrusion_height":1.223999994479037,"extrusion_base":0,"source_map_id":"f_67ef92fb3c1c5a21183fd1b0","view_context":true,"context_for_level_id":3,"source_unit_id":3951,"context_depth":1}},{"type":"Feature","id":"context-3-3952-0","geometry":{"type":"Polygon","coordinates":[[[-123.12446110268834,49.244762644547],[-123.124488542,49.244784282],[-123.12448901495874,49.244784654941334],[-123.124489013,49.244784656],[-123.124488557,49.244784296],[-123.1244611,49.244762646],[-123.12446110268834,49.244762644547]]]},"properties":{"feature_type":"unit","level_id":2,"name":"T3-122","category":"polygon","space_id":"s_67ef9858c52ee383c6df71dd","building_id":"tac","building_name":"Teck Acute Care Centre","fill":"#bbe9f7","stroke":"#bbe9f7","stroke-width":0,"fill-opacity":1,"extrusion_height":1.223999994479037,"extrusion_base":0,"source_map_id":"f_67ef92fb3c1c5a21183fd1b0","view_context":true,"context_for_level_id":3,"source_unit_id":3952,"context_depth":1}},{"type":"Feature","id":"context-3-3953-0","geometry":{"type":"Polygon","coordinates":[[[-123.12448901495874,49.244784654941334],[-123.12451843689958,49.24480785497328],[-123.124518435,49.244807856],[-123.124489013,49.244784656],[-123.12448901495874,49.244784654941334]]]},"properties":{"feature_type":"unit","level_id":2,"name":"T3-123","category":"polygon","space_id":"s_67ef9858c52ee383c6df71de","building_id":"tac","building_name":"Teck Acute Care Centre","fill":"#bbe9f7","stroke":"#bbe9f7","stroke-width":0,"fill-opacity":1,"extrusion_height":1.223999994479037,"extrusion_base":0,"source_map_id":"f_67ef92fb3c1c5a21183fd1b0","view_context":true,"context_for_level_id":3,"source_unit_id":3953,"context_depth":1}},{"type":"Feature","id":"context-3-3954-0","geometry":{"type":"Polygon","coordinates":[[[-123.12451843689958,49.24480785497328],[-123.124521109,49.244809962],[-123.12453662,49.244822193],[-123.12454539497112,49.244829112475124],[-123.124545394,49.244829113],[-123.124536637,49.244822208],[-123.124521125,49.244809977],[-123.124518435,49.244807856],[-123.12451843689958,49.24480785497328]]]},"properties":{"feature_type":"unit","level_id":2,"name":"T3-124","category":"polygon","space_id":"s_67ef9858c52ee383c6df71df","building_id":"tac","building_name":"Teck Acute Care Centre","fill":"#bbe9f7","stroke":"#bbe9f7","stroke-width":0,"fill-opacity":1,"extrusion_height":1.223999994479037,"extrusion_base":0,"source_map_id":"f_67ef92fb3c1c5a21183fd1b0","view_context":true,"context_for_level_id":3,"source_unit_id":3954,"context_depth":1}},{"type":"Feature","id":"context-3-3955-0","geometry":{"type":"Polygon","coordinates":[[[-123.12454539497112,49.244829112475124],[-123.124553768,49.244835715],[-123.12457324015638,49.24485106994359],[-123.124553786,49.244835731],[-123.124545394,49.244829113],[-123.12454539497112,49.244829112475124]]]},"properties":{"feature_type":"unit","level_id":2,"name":"T3-125","category":"polygon","space_id":"s_67ef9858c52ee383c6df71e0","building_id":"tac","building_name":"Teck Acute Care Centre","fill":"#bbe9f7","stroke":"#bbe9f7","stroke-width":0,"fill-opacity":1,"extrusion_height":1.223999994479037,"extrusion_base":0,"source_map_id":"f_67ef92fb3c1c5a21183fd1b0","view_context":true,"context_for_level_id":3,"source_unit_id":3955,"context_depth":1}},{"type":"Feature","id":"context-3-3956-0","geometry":{"type":"Polygon","coordinates":[[[-123.124586355,49.244861412],[-123.12457898754164,49.24485560209579],[-123.124586335,49.244861396],[-123.12459052186554,49.24486469747104],[-123.124586355,49.244861412]]]},"properties":{"feature_type":"unit","level_id":2,"name":"T3-137","category":"polygon","space_id":"s_67ef9858c52ee383c6df71e1","building_id":"tac","building_name":"Teck Acute Care Centre","fill":"#bbe9f7","stroke":"#bbe9f7","stroke-width":0,"fill-opacity":1,"extrusion_height":1.223999994479037,"extrusion_base":0,"source_map_id":"f_67ef92fb3c1c5a21183fd1b0","view_context":true,"context_for_level_id":3,"source_unit_id":3956,"context_depth":1}},{"type":"Feature","id":"context-3-3957-0","geometry":{"type":"Polygon","coordinates":[[[-123.124431955,49.244739665],[-123.124427435,49.244736101],[-123.124425286,49.244737263],[-123.12442527018149,49.24473725052726],[-123.124427423,49.244736087],[-123.12443195831617,49.24473966320767],[-123.124431955,49.244739665]]]},"properties":{"feature_type":"unit","level_id":2,"name":"T3-120","category":"polygon","space_id":"s_67ef9858c52ee383c6df71e2","building_id":"tac","building_name":"Teck Acute Care Centre","fill":"#bbe9f7","stroke":"#bbe9f7","stroke-width":0,"fill-opacity":1,"extrusion_height":1.223999994479037,"extrusion_base":0,"source_map_id":"f_67ef92fb3c1c5a21183fd1b0","view_context":true,"context_for_level_id":3,"source_unit_id":3957,"context_depth":1}},{"type":"Feature","id":"context-3-s_67ff6aca1e120b51f181db97-0","geometry":{"type":"Polygon","coordinates":[[[-123.124427592,49.244952584],[-123.124386817,49.244920432],[-123.124347452,49.244889391],[-123.124334959,49.244879539],[-123.124322823,49.244869969],[-123.124282824,49.244838428],[-123.124264622,49.244824075],[-123.12429432,49.244808024],[-123.124320984,49.244793613],[-123.124346986,49.24477956],[-123.124395471,49.244753356],[-123.124427423,49.244736087],[-123.124438734,49.244745006],[-123.124454793,49.244757669],[-123.124488542,49.244784282],[-123.124521109,49.244809962],[-123.12453662,49.244822193],[-123.124553768,49.244835715],[-123.124586335,49.244861396],[-123.124619536,49.244887576],[-123.124636642,49.244901065],[-123.124671259,49.244928362],[-123.124542344,49.244998037],[-123.124505128,49.244968691],[-123.124471242,49.244987005],[-123.124445516,49.244966719],[-123.124427592,49.244952584]],[[-123.124504925,49.244966841],[-123.124542631,49.24499628],[-123.124668379,49.244928108],[-123.124426869,49.244738128],[-123.124267246,49.244824403],[-123.12447128,49.244985174],[-123.124504925,49.244966841]]]},"properties":{"feature_type":"wall","level_id":2,"name":"Inner Wall","layer":"Inner Wall","building_id":"tac","building_name":"Teck Acute Care Centre","fill":"#9f9f9f","stroke":"#9f9f9f","stroke-width":0,"fill-opacity":1,"extrusion_height":1.2729599942581984,"extrusion_base":0,"source_map_id":"f_67ef92fb3c1c5a21183fd1b0","space_id":"s_67ff6aca1e120b51f181db97","view_context":true,"context_for_level_id":3,"source_unit_id":"s_67ff6aca1e120b51f181db97","context_depth":1}},{"type":"Feature","id":"context-3-s_67ff6aca1e120b51f181db98-0","geometry":{"type":"Polygon","coordinates":[[[-123.124020007,49.245123589],[-123.123968833,49.245083235],[-123.123915602,49.24504126],[-123.123895762,49.245025615],[-123.123926613,49.245008941],[-123.123952236,49.244995093],[-123.124011573,49.244963024],[-123.124040052,49.244947632],[-123.12405709,49.244961067],[-123.124108603,49.245001688],[-123.124160258,49.245042421],[-123.124202338,49.245075603],[-123.124220127,49.24508963],[-123.1242843,49.245140234],[-123.12414001,49.245218217],[-123.124124549,49.245206025],[-123.124072641,49.245165093],[-123.124020007,49.245123589]],[[-123.124039694,49.244949462],[-123.123898763,49.245025544],[-123.124140326,49.245216324],[-123.124281545,49.245140514],[-123.124039694,49.244949462]]]},"properties":{"feature_type":"wall","level_id":2,"name":"Inner Wall","layer":"Inner Wall","building_id":"tac","building_name":"Teck Acute Care Centre","fill":"#9f9f9f","stroke":"#9f9f9f","stroke-width":0,"fill-opacity":1,"extrusion_height":1.2729599942581984,"extrusion_base":0,"source_map_id":"f_67ef92fb3c1c5a21183fd1b0","space_id":"s_67ff6aca1e120b51f181db98","view_context":true,"context_for_level_id":3,"source_unit_id":"s_67ff6aca1e120b51f181db98","context_depth":1}},{"type":"Feature","id":"context-3-s_67ff6aca1e120b51f181db99-0","geometry":{"type":"Polygon","coordinates":[[[-123.12368756121823,49.2451633964027],[-123.123688125,49.245163841],[-123.123741264,49.245205743],[-123.123792666,49.245246277],[-123.123831206,49.245276667],[-123.123844796,49.245287383],[-123.123886666,49.245320401],[-123.123905644,49.245335365],[-123.123913353,49.245341444],[-123.123771211,49.245418265],[-123.123763822,49.245412439],[-123.123745756,49.245398193],[-123.123702796,49.245364316],[-123.123651073,49.24532353],[-123.123597725,49.245281462],[-123.123546532,49.245241094],[-123.12354546234069,49.245240250476535],[-123.12368756121823,49.2451633964027]],[[-123.123910887,49.245341388],[-123.123688096,49.245166108],[-123.12354899,49.245241291],[-123.123771705,49.245416589],[-123.123910887,49.245341388]]]},"properties":{"feature_type":"wall","level_id":2,"name":"Inner Wall","layer":"Inner Wall","building_id":"tac","building_name":"Teck Acute Care Centre","fill":"#9f9f9f","stroke":"#9f9f9f","stroke-width":0,"fill-opacity":1,"extrusion_height":1.2729599942581984,"extrusion_base":0,"source_map_id":"f_67ef92fb3c1c5a21183fd1b0","space_id":"s_67ff6aca1e120b51f181db99","view_context":true,"context_for_level_id":3,"source_unit_id":"s_67ff6aca1e120b51f181db99","context_depth":1}},{"type":"Feature","id":"context-3-s_67ff71501e120b51f181dc14-0","geometry":{"type":"Polygon","coordinates":[[[-123.124386817,49.244920432],[-123.124347452,49.244889391],[-123.124334959,49.244879539],[-123.124322823,49.244869969],[-123.124282824,49.244838428],[-123.12426464036294,49.244824089479906],[-123.124278845,49.244816412],[-123.124294331,49.244808042],[-123.12431532,49.244796698],[-123.124320995,49.244793631],[-123.124346997,49.244779577],[-123.124394211,49.244754058],[-123.124395483,49.244753371],[-123.124425286,49.244737263],[-123.124427435,49.244736101],[-123.124431955,49.244739665],[-123.124438747,49.24474502],[-123.124454806,49.244757684],[-123.1244611,49.244762646],[-123.124488557,49.244784296],[-123.124489013,49.244784656],[-123.124518435,49.244807856],[-123.124521125,49.244809977],[-123.124536637,49.244822208],[-123.124545394,49.244829113],[-123.124553786,49.244835731],[-123.12457324015638,49.24485106994359],[-123.12457898754164,49.24485560209579],[-123.124586355,49.244861412],[-123.12459052186554,49.24486469747104],[-123.124619536,49.244887576],[-123.124636642,49.244901065],[-123.124671259,49.244928362],[-123.124542344,49.244998037],[-123.124505128,49.244968691],[-123.124471242,49.244987005],[-123.124445516,49.244966719],[-123.124427592,49.244952584],[-123.124386817,49.244920432]],[[-123.124512801,49.244955707],[-123.12454371,49.244979585],[-123.124624285,49.2449365],[-123.124622613,49.244935185],[-123.124413497,49.244770733],[-123.124295477,49.244833455],[-123.124476152,49.24497566],[-123.124512801,49.244955707]]]},"properties":{"feature_type":"corridor","level_id":1,"name":"Floor","building_id":"tac","building_name":"Teck Acute Care Centre","fill":"#ffffff","stroke":"#ffffff","stroke-width":0,"fill-opacity":1,"extrusion_height":0.09791999955832296,"extrusion_base":0,"source_map_id":"f_67ef92a896cf2e86a2d97a13","space_id":"s_67ff71501e120b51f181dc14","view_context":true,"context_for_level_id":3,"source_unit_id":"s_67ff71501e120b51f181dc14","context_depth":2}},{"type":"Feature","id":"context-3-s_67ff71501e120b51f181dc14-1","geometry":{"type":"Polygon","coordinates":[[[-123.123968833,49.245083235],[-123.123915602,49.24504126],[-123.12389578585358,49.245025633809945],[-123.123926619,49.245008969],[-123.123952242,49.244995121],[-123.12401158,49.24496305],[-123.124040059,49.244947657],[-123.124057098,49.244961093],[-123.124066427,49.244968449],[-123.124107659,49.245000961],[-123.124108614,49.245001714],[-123.12414944,49.245033906],[-123.124160271,49.245042447],[-123.124166226,49.245047142],[-123.124200894,49.245074479],[-123.124202353,49.245075629],[-123.124220143,49.245089657],[-123.124231363,49.245098504],[-123.124249972,49.245113177],[-123.12428429155015,49.245140238566805],[-123.12414001,49.245218217],[-123.124124549,49.245206025],[-123.124072641,49.245165093],[-123.124020007,49.245123589],[-123.123968833,49.245083235]],[[-123.124265186,49.245138235],[-123.124050492,49.244968773],[-123.123928987,49.245034444],[-123.12414365,49.245203708],[-123.124265186,49.245138235]]]},"properties":{"feature_type":"corridor","level_id":1,"name":"Floor","building_id":"tac","building_name":"Teck Acute Care Centre","fill":"#ffffff","stroke":"#ffffff","stroke-width":0,"fill-opacity":1,"extrusion_height":0.09791999955832296,"extrusion_base":0,"source_map_id":"f_67ef92a896cf2e86a2d97a13","space_id":"s_67ff71501e120b51f181dc14","view_context":true,"context_for_level_id":3,"source_unit_id":"s_67ff71501e120b51f181dc14","context_depth":2}},{"type":"Feature","id":"context-3-s_67ff71501e120b51f181dc14-2","geometry":{"type":"Polygon","coordinates":[[[-123.123651073,49.24532353],[-123.123597725,49.245281462],[-123.12354656230109,49.24524111789377],[-123.123573334,49.245226828],[-123.123673,49.245172961],[-123.123688828,49.245164428],[-123.123702729,49.245175389],[-123.12374127,49.245205779],[-123.123741406,49.245205886],[-123.123780267,49.24523653],[-123.123792675,49.245246314],[-123.123818766,49.245266886],[-123.123831217,49.245276704],[-123.123844807,49.245287421],[-123.123856538,49.24529667],[-123.12388668,49.245320438],[-123.123905658,49.245335403],[-123.12391333330478,49.245341454644326],[-123.123771211,49.245418265],[-123.123763822,49.245412439],[-123.123745756,49.245398193],[-123.123702796,49.245364316],[-123.123651073,49.24532353]],[[-123.123891151,49.245337231],[-123.123692354,49.245180477],[-123.123572949,49.245244898],[-123.123771746,49.245401652],[-123.123891151,49.245337231]]]},"properties":{"feature_type":"corridor","level_id":1,"name":"Floor","building_id":"tac","building_name":"Teck Acute Care Centre","fill":"#ffffff","stroke":"#ffffff","stroke-width":0,"fill-opacity":1,"extrusion_height":0.09791999955832296,"extrusion_base":0,"source_map_id":"f_67ef92a896cf2e86a2d97a13","space_id":"s_67ff71501e120b51f181dc14","view_context":true,"context_for_level_id":3,"source_unit_id":"s_67ff71501e120b51f181dc14","context_depth":2}},{"type":"Feature","id":"context-3-s_67ef97b0c52ee383c6df6fae-0","geometry":{"type":"Polygon","coordinates":[[[-123.12363017724675,49.24519610563558],[-123.12367298162305,49.24517297093229],[-123.123673002,49.245172987],[-123.123630198,49.245196122],[-123.12363017724675,49.24519610563558]]]},"properties":{"feature_type":"vertical_connection","level_id":1,"name":"Stairs","connection_type":"stairs","vertical_connection_id":"s_67ef97b0c52ee383c6df6fae","building_id":"tac","building_name":"Teck Acute Care Centre","fill":"#cdd6e0","stroke":"#cdd6e0","stroke-width":0,"fill-opacity":0.6,"extrusion_height":1.223999994479037,"extrusion_base":0,"source_map_id":"f_67ef92a896cf2e86a2d97a13","space_id":"s_67ef97b0c52ee383c6df6fae","connector_style":"mappedin","display_label":"","view_context":true,"context_for_level_id":3,"source_unit_id":"s_67ef97b0c52ee383c6df6fae","context_depth":2}},{"type":"Feature","id":"context-3-2925-0","geometry":{"type":"Polygon","coordinates":[[[-123.123630198,49.245196122],[-123.12362047627735,49.24520134876882],[-123.12363017724675,49.24519610563558],[-123.123630198,49.245196122]]]},"properties":{"feature_type":"unit","level_id":1,"name":"T2-576","category":"polygon","space_id":"s_67ef97b0c52ee383c6df7001","building_id":"tac","building_name":"Teck Acute Care Centre","fill":"#f5f5f5","stroke":"#f5f5f5","stroke-width":0,"fill-opacity":1,"extrusion_height":1.223999994479037,"extrusion_base":0,"source_map_id":"f_67ef92a896cf2e86a2d97a13","view_context":true,"context_for_level_id":3,"source_unit_id":2925,"context_depth":2}},{"type":"Feature","id":"context-3-2946-0","geometry":{"type":"Polygon","coordinates":[[[-123.124263608,49.245124016],[-123.12426367329381,49.24512398071031],[-123.12428429155015,49.245140238566805],[-123.12428422306463,49.245140275580496],[-123.124263608,49.245124016]]]},"properties":{"feature_type":"unit","level_id":1,"name":"T2-222","category":"polygon","space_id":"s_67ef97b0c52ee383c6df7016","building_id":"tac","building_name":"Teck Acute Care Centre","fill":"#b5dba3","stroke":"#b5dba3","stroke-width":0,"fill-opacity":1,"extrusion_height":1.223999994479037,"extrusion_base":0,"source_map_id":"f_67ef92a896cf2e86a2d97a13","view_context":true,"context_for_level_id":3,"source_unit_id":2946,"context_depth":2}},{"type":"Feature","id":"context-3-2959-0","geometry":{"type":"Polygon","coordinates":[[[-123.124304661,49.244854138],[-123.12430352525139,49.24485475186235],[-123.124282824,49.244838428],[-123.12426464036294,49.244824089479906],[-123.12426577495751,49.244823476241635],[-123.124304661,49.244854138]]]},"properties":{"feature_type":"unit","level_id":1,"name":"T2-205","category":"polygon","space_id":"s_67ef97b0c52ee383c6df7023","building_id":"tac","building_name":"Teck Acute Care Centre","fill":"#b5dba3","stroke":"#b5dba3","stroke-width":0,"fill-opacity":1,"extrusion_height":1.223999994479037,"extrusion_base":0,"source_map_id":"f_67ef92a896cf2e86a2d97a13","view_context":true,"context_for_level_id":3,"source_unit_id":2959,"context_depth":2}},{"type":"Feature","id":"context-3-3051-0","geometry":{"type":"Polygon","coordinates":[[[-123.12385791888435,49.24529775887464],[-123.12388668,49.245320438],[-123.123905658,49.245335403],[-123.12391333330478,49.245341454644326],[-123.12391331686808,49.24534146352758],[-123.123857902,49.245297768],[-123.12385791888435,49.24529775887464]]]},"properties":{"feature_type":"unit","level_id":1,"name":"T2-312","category":"polygon","space_id":"s_67ef97b0c52ee383c6df7081","building_id":"tac","building_name":"Teck Acute Care Centre","fill":"#ffe099","stroke":"#ffe099","stroke-width":0,"fill-opacity":1,"extrusion_height":1.223999994479037,"extrusion_base":0,"source_map_id":"f_67ef92a896cf2e86a2d97a13","view_context":true,"context_for_level_id":3,"source_unit_id":3051,"context_depth":2}},{"type":"Feature","id":"context-3-3052-0","geometry":{"type":"Polygon","coordinates":[[[-123.12381932849458,49.24526732954443],[-123.123831217,49.245276704],[-123.123844807,49.245287421],[-123.123856538,49.24529667],[-123.12385791888435,49.24529775887464],[-123.123857902,49.245297768],[-123.123819311,49.245267339],[-123.12381932849458,49.24526732954443]]]},"properties":{"feature_type":"unit","level_id":1,"name":"T2-311","category":"polygon","space_id":"s_67ef97b0c52ee383c6df7082","building_id":"tac","building_name":"Teck Acute Care Centre","fill":"#ffe099","stroke":"#ffe099","stroke-width":0,"fill-opacity":1,"extrusion_height":1.223999994479037,"extrusion_base":0,"source_map_id":"f_67ef92a896cf2e86a2d97a13","view_context":true,"context_for_level_id":3,"source_unit_id":3052,"context_depth":2}},{"type":"Feature","id":"context-3-3053-0","geometry":{"type":"Polygon","coordinates":[[[-123.12378047212377,49.24523669174492],[-123.123792675,49.245246314],[-123.123818766,49.245266886],[-123.12381932849458,49.24526732954443],[-123.123819311,49.245267339],[-123.123780455,49.245236701],[-123.12378047212377,49.24523669174492]]]},"properties":{"feature_type":"unit","level_id":1,"name":"T2-310","category":"polygon","space_id":"s_67ef97b0c52ee383c6df7083","building_id":"tac","building_name":"Teck Acute Care Centre","fill":"#ffe099","stroke":"#ffe099","stroke-width":0,"fill-opacity":1,"extrusion_height":1.223999994479037,"extrusion_base":0,"source_map_id":"f_67ef92a896cf2e86a2d97a13","view_context":true,"context_for_level_id":3,"source_unit_id":3053,"context_depth":2}},{"type":"Feature","id":"context-3-3054-0","geometry":{"type":"Polygon","coordinates":[[[-123.12374188193944,49.245206261303984],[-123.123780267,49.24523653],[-123.12378047212377,49.24523669174492],[-123.123780455,49.245236701],[-123.123741864,49.245206271],[-123.12374188193944,49.245206261303984]]]},"properties":{"feature_type":"unit","level_id":1,"name":"T2-309","category":"polygon","space_id":"s_67ef97b0c52ee383c6df7084","building_id":"tac","building_name":"Teck Acute Care Centre","fill":"#ffe099","stroke":"#ffe099","stroke-width":0,"fill-opacity":1,"extrusion_height":1.223999994479037,"extrusion_base":0,"source_map_id":"f_67ef92a896cf2e86a2d97a13","view_context":true,"context_for_level_id":3,"source_unit_id":3054,"context_depth":2}},{"type":"Feature","id":"context-3-3055-0","geometry":{"type":"Polygon","coordinates":[[[-123.12370356818883,49.245176050709574],[-123.12374127,49.245205779],[-123.123741406,49.245205886],[-123.12374188193944,49.245206261303984],[-123.123741864,49.245206271],[-123.123703551,49.24517606],[-123.12370356818883,49.245176050709574]]]},"properties":{"feature_type":"unit","level_id":1,"name":"T2-308","category":"polygon","space_id":"s_67ef97b0c52ee383c6df7085","building_id":"tac","building_name":"Teck Acute Care Centre","fill":"#ffe099","stroke":"#ffe099","stroke-width":0,"fill-opacity":1,"extrusion_height":1.223999994479037,"extrusion_base":0,"source_map_id":"f_67ef92a896cf2e86a2d97a13","view_context":true,"context_for_level_id":3,"source_unit_id":3055,"context_depth":2}},{"type":"Feature","id":"context-3-3056-0","geometry":{"type":"Polygon","coordinates":[[[-123.123703551,49.24517606],[-123.12368881099368,49.24516443716824],[-123.123688828,49.245164428],[-123.123702729,49.245175389],[-123.12370356818883,49.245176050709574],[-123.123703551,49.24517606]]]},"properties":{"feature_type":"unit","level_id":1,"name":"T2-307","category":"polygon","space_id":"s_67ef97b0c52ee383c6df7086","building_id":"tac","building_name":"Teck Acute Care Centre","fill":"#ffe099","stroke":"#ffe099","stroke-width":0,"fill-opacity":1,"extrusion_height":1.223999994479037,"extrusion_base":0,"source_map_id":"f_67ef92a896cf2e86a2d97a13","view_context":true,"context_for_level_id":3,"source_unit_id":3056,"context_depth":2}},{"type":"Feature","id":"context-3-3061-0","geometry":{"type":"Polygon","coordinates":[[[-123.124263608,49.245124016],[-123.12423541564806,49.2451016994702],[-123.124249972,49.245113177],[-123.12426367329381,49.24512398071031],[-123.124263608,49.245124016]]]},"properties":{"feature_type":"unit","level_id":1,"name":"T2-220A","category":"polygon","space_id":"s_67ef97b0c52ee383c6df708b","building_id":"tac","building_name":"Teck Acute Care Centre","fill":"#b5dba3","stroke":"#b5dba3","stroke-width":0,"fill-opacity":1,"extrusion_height":1.223999994479037,"extrusion_base":0,"source_map_id":"f_67ef92a896cf2e86a2d97a13","view_context":true,"context_for_level_id":3,"source_unit_id":3061,"context_depth":2}},{"type":"Feature","id":"context-3-3067-0","geometry":{"type":"Polygon","coordinates":[[[-123.124418968,49.244944271],[-123.124458194,49.2449752],[-123.12445705323856,49.24497581658304],[-123.124445516,49.244966719],[-123.124427592,49.244952584],[-123.12441782971912,49.24494488622306],[-123.124418968,49.244944271]]]},"properties":{"feature_type":"unit","level_id":1,"name":"T2-201","category":"polygon","space_id":"s_67ef97b0c52ee383c6df7091","building_id":"tac","building_name":"Teck Acute Care Centre","fill":"#b5dba3","stroke":"#b5dba3","stroke-width":0,"fill-opacity":1,"extrusion_height":1.223999994479037,"extrusion_base":0,"source_map_id":"f_67ef92a896cf2e86a2d97a13","view_context":true,"context_for_level_id":3,"source_unit_id":3067,"context_depth":2}},{"type":"Feature","id":"context-3-3068-0","geometry":{"type":"Polygon","coordinates":[[[-123.124379466,49.244913123],[-123.124418968,49.244944271],[-123.12441782971912,49.24494488622306],[-123.124386817,49.244920432],[-123.12437832801639,49.24491373807036],[-123.124379466,49.244913123]]]},"properties":{"feature_type":"unit","level_id":1,"name":"T2-202","category":"polygon","space_id":"s_67ef97b0c52ee383c6df7092","building_id":"tac","building_name":"Teck Acute Care Centre","fill":"#b5dba3","stroke":"#b5dba3","stroke-width":0,"fill-opacity":1,"extrusion_height":1.223999994479037,"extrusion_base":0,"source_map_id":"f_67ef92a896cf2e86a2d97a13","view_context":true,"context_for_level_id":3,"source_unit_id":3068,"context_depth":2}},{"type":"Feature","id":"context-3-3069-0","geometry":{"type":"Polygon","coordinates":[[[-123.124341928,49.244883524],[-123.124379466,49.244913123],[-123.12437832801639,49.24491373807036],[-123.124347452,49.244889391],[-123.12434079130557,49.24488413836561],[-123.124341928,49.244883524]]]},"properties":{"feature_type":"unit","level_id":1,"name":"T2-203","category":"polygon","space_id":"s_67ef97b0c52ee383c6df7093","building_id":"tac","building_name":"Teck Acute Care Centre","fill":"#b5dba3","stroke":"#b5dba3","stroke-width":0,"fill-opacity":1,"extrusion_height":1.223999994479037,"extrusion_base":0,"source_map_id":"f_67ef92a896cf2e86a2d97a13","view_context":true,"context_for_level_id":3,"source_unit_id":3069,"context_depth":2}},{"type":"Feature","id":"context-3-3070-0","geometry":{"type":"Polygon","coordinates":[[[-123.124304661,49.244854138],[-123.124341928,49.244883524],[-123.12434079130557,49.24488413836561],[-123.124334959,49.244879539],[-123.124322823,49.244869969],[-123.12430352525139,49.24485475186235],[-123.124304661,49.244854138]]]},"properties":{"feature_type":"unit","level_id":1,"name":"T2-204","category":"polygon","space_id":"s_67ef97b0c52ee383c6df7094","building_id":"tac","building_name":"Teck Acute Care Centre","fill":"#b5dba3","stroke":"#b5dba3","stroke-width":0,"fill-opacity":1,"extrusion_height":1.223999994479037,"extrusion_base":0,"source_map_id":"f_67ef92a896cf2e86a2d97a13","view_context":true,"context_for_level_id":3,"source_unit_id":3070,"context_depth":2}},{"type":"Feature","id":"context-3-3093-0","geometry":{"type":"Polygon","coordinates":[[[-123.12461971619057,49.24488771808995],[-123.124636642,49.244901065],[-123.12463873733824,49.24490271726473],[-123.124615583,49.244915231],[-123.124596562,49.244900233],[-123.12461971619057,49.24488771808995]]]},"properties":{"feature_type":"unit","level_id":1,"name":"T2-112","category":"polygon","space_id":"s_67ef97b0c52ee383c6df70ab","building_id":"tac","building_name":"Teck Acute Care Centre","fill":"#bbe9f7","stroke":"#bbe9f7","stroke-width":0,"fill-opacity":1,"extrusion_height":1.223999994479037,"extrusion_base":0,"source_map_id":"f_67ef92a896cf2e86a2d97a13","view_context":true,"context_for_level_id":3,"source_unit_id":3093,"context_depth":2}},{"type":"Feature","id":"context-3-3094-0","geometry":{"type":"Polygon","coordinates":[[[-123.124596562,49.244900233],[-123.124576444,49.24488437],[-123.12459959853413,49.24487185470075],[-123.124619536,49.244887576],[-123.12461971619057,49.24488771808995],[-123.124596562,49.244900233]]]},"properties":{"feature_type":"unit","level_id":1,"name":"T2-111","category":"polygon","space_id":"s_67ef97b0c52ee383c6df70ac","building_id":"tac","building_name":"Teck Acute Care Centre","fill":"#bbe9f7","stroke":"#bbe9f7","stroke-width":0,"fill-opacity":1,"extrusion_height":1.223999994479037,"extrusion_base":0,"source_map_id":"f_67ef92a896cf2e86a2d97a13","view_context":true,"context_for_level_id":3,"source_unit_id":3094,"context_depth":2}},{"type":"Feature","id":"context-3-3095-0","geometry":{"type":"Polygon","coordinates":[[[-123.12454253530058,49.244826858881076],[-123.124545394,49.244829113],[-123.124553786,49.244835731],[-123.12456073687422,49.24484121152896],[-123.124539895,49.244852477],[-123.124521693,49.244838124],[-123.12454253530058,49.244826858881076]]]},"properties":{"feature_type":"unit","level_id":1,"name":"T2-110","category":"polygon","space_id":"s_67ef97b0c52ee383c6df70ad","building_id":"tac","building_name":"Teck Acute Care Centre","fill":"#bbe9f7","stroke":"#bbe9f7","stroke-width":0,"fill-opacity":1,"extrusion_height":1.223999994479037,"extrusion_base":0,"source_map_id":"f_67ef92a896cf2e86a2d97a13","view_context":true,"context_for_level_id":3,"source_unit_id":3095,"context_depth":2}},{"type":"Feature","id":"context-3-3096-0","geometry":{"type":"Polygon","coordinates":[[[-123.124521693,49.244838124],[-123.124501581,49.244822266],[-123.1245224230043,49.24481100045865],[-123.124536637,49.244822208],[-123.12454253530058,49.244826858881076],[-123.124521693,49.244838124]]]},"properties":{"feature_type":"unit","level_id":1,"name":"T2-109","category":"polygon","space_id":"s_67ef97b0c52ee383c6df70ae","building_id":"tac","building_name":"Teck Acute Care Centre","fill":"#bbe9f7","stroke":"#bbe9f7","stroke-width":0,"fill-opacity":1,"extrusion_height":1.223999994479037,"extrusion_base":0,"source_map_id":"f_67ef92a896cf2e86a2d97a13","view_context":true,"context_for_level_id":3,"source_unit_id":3096,"context_depth":2}},{"type":"Feature","id":"context-3-3097-0","geometry":{"type":"Polygon","coordinates":[[[-123.12446632018754,49.24476676214743],[-123.12448547734533,49.244781867674845],[-123.124464634,49.244793133],[-123.124445477,49.244778028],[-123.12446632018754,49.24476676214743]]]},"properties":{"feature_type":"unit","level_id":1,"name":"T2-122","category":"polygon","space_id":"s_67ef97b0c52ee383c6df70af","building_id":"tac","building_name":"Teck Acute Care Centre","fill":"#bbe9f7","stroke":"#bbe9f7","stroke-width":0,"fill-opacity":1,"extrusion_height":1.223999994479037,"extrusion_base":0,"source_map_id":"f_67ef92a896cf2e86a2d97a13","view_context":true,"context_for_level_id":3,"source_unit_id":3097,"context_depth":2}},{"type":"Feature","id":"context-3-3098-0","geometry":{"type":"Polygon","coordinates":[[[-123.124445477,49.244778028],[-123.124426314,49.244762917],[-123.12444715685118,49.24475165194192],[-123.124454806,49.244757684],[-123.1244611,49.244762646],[-123.12446632018754,49.24476676214743],[-123.124445477,49.244778028]]]},"properties":{"feature_type":"unit","level_id":1,"name":"T2-107","category":"polygon","space_id":"s_67ef97b0c52ee383c6df70b0","building_id":"tac","building_name":"Teck Acute Care Centre","fill":"#bbe9f7","stroke":"#bbe9f7","stroke-width":0,"fill-opacity":1,"extrusion_height":1.223999994479037,"extrusion_base":0,"source_map_id":"f_67ef92a896cf2e86a2d97a13","view_context":true,"context_for_level_id":3,"source_unit_id":3098,"context_depth":2}},{"type":"Feature","id":"context-3-3120-0","geometry":{"type":"Polygon","coordinates":[[[-123.124418968,49.244944271],[-123.124379466,49.244913123],[-123.124341928,49.244883524],[-123.124304661,49.244854138],[-123.12426577495751,49.244823476241635],[-123.124278845,49.244816412],[-123.124294331,49.244808042],[-123.12431532,49.244796698],[-123.124320995,49.244793631],[-123.12434414156304,49.24478112035479],[-123.12439377,49.244755187],[-123.12442801685762,49.24473655979216],[-123.124431955,49.244739665],[-123.124438747,49.24474502],[-123.12444715685118,49.24475165194192],[-123.124426314,49.244762917],[-123.124445477,49.244778028],[-123.124464634,49.244793133],[-123.12448547734533,49.244781867674845],[-123.124488557,49.244784296],[-123.124489013,49.244784656],[-123.124518435,49.244807856],[-123.124521125,49.244809977],[-123.1245224230043,49.24481100045865],[-123.124501581,49.244822266],[-123.124521693,49.244838124],[-123.124539895,49.244852477],[-123.12456073687422,49.24484121152896],[-123.12457324015638,49.24485106994359],[-123.12457898754164,49.24485560209579],[-123.124586355,49.244861412],[-123.12459052186554,49.24486469747104],[-123.12459959853413,49.24487185470075],[-123.124576444,49.24488437],[-123.124596562,49.244900233],[-123.124615583,49.244915231],[-123.12463873733824,49.24490271726473],[-123.124671259,49.244928362],[-123.124542344,49.244998037],[-123.124505128,49.244968691],[-123.124471242,49.244987005],[-123.12445705323856,49.24497581658304],[-123.124458194,49.2449752],[-123.124418968,49.244944271]],[[-123.12454371,49.244979585],[-123.124624285,49.2449365],[-123.124622613,49.244935185],[-123.124413497,49.244770733],[-123.124295477,49.244833455],[-123.124476152,49.24497566],[-123.124512801,49.244955707],[-123.12454371,49.244979585]]]},"properties":{"feature_type":"unit","level_id":1,"name":"Non Public","category":"non public","space_id":"s_67ff578a1e120b51f181db81","building_id":"tac","building_name":"Teck Acute Care Centre","fill":"#fdf4e2","stroke":"#fdf4e2","stroke-width":0,"fill-opacity":1,"extrusion_height":1.223999994479037,"extrusion_base":0,"source_map_id":"f_67ef92a896cf2e86a2d97a13","view_context":true,"context_for_level_id":3,"source_unit_id":3120,"context_depth":2}},{"type":"Feature","id":"context-3-3121-0","geometry":{"type":"Polygon","coordinates":[[[-123.124263608,49.245124016],[-123.12428422306463,49.245140275580496],[-123.12414001,49.245218217],[-123.124124549,49.245206025],[-123.124072641,49.245165093],[-123.124020007,49.245123589],[-123.123968833,49.245083235],[-123.123915602,49.24504126],[-123.12389578585358,49.245025633809945],[-123.123926619,49.245008969],[-123.123952242,49.244995121],[-123.12401158,49.24496305],[-123.124040059,49.244947657],[-123.124057098,49.244961093],[-123.124066427,49.244968449],[-123.124107659,49.245000961],[-123.124108614,49.245001714],[-123.1241157583954,49.24500734747811],[-123.124263608,49.245124016]],[[-123.124265186,49.245138235],[-123.124050492,49.244968773],[-123.123928987,49.245034444],[-123.12414365,49.245203708],[-123.124265186,49.245138235]]]},"properties":{"feature_type":"unit","level_id":1,"name":"Non Public","category":"non public","space_id":"s_67ff58291e120b51f181db84","building_id":"tac","building_name":"Teck Acute Care Centre","fill":"#fdf4e2","stroke":"#fdf4e2","stroke-width":0,"fill-opacity":1,"extrusion_height":1.223999994479037,"extrusion_base":0,"source_map_id":"f_67ef92a896cf2e86a2d97a13","view_context":true,"context_for_level_id":3,"source_unit_id":3121,"context_depth":2}},{"type":"Feature","id":"context-3-3122-0","geometry":{"type":"Polygon","coordinates":[[[-123.123630198,49.245196122],[-123.123673002,49.245172987],[-123.12367394136788,49.24517245350113],[-123.12368881099368,49.24516443716824],[-123.123703551,49.24517606],[-123.123741864,49.245206271],[-123.123780455,49.245236701],[-123.123819311,49.245267339],[-123.123857902,49.245297768],[-123.12391331686808,49.24534146352758],[-123.123771211,49.245418265],[-123.123763822,49.245412439],[-123.123745756,49.245398193],[-123.123702796,49.245364316],[-123.123651073,49.24532353],[-123.123597725,49.245281462],[-123.12354656230109,49.24524111789377],[-123.123573334,49.245226828],[-123.12362047627735,49.24520134876882],[-123.123630198,49.245196122]],[[-123.123692354,49.245180477],[-123.123572949,49.245244898],[-123.123771746,49.245401652],[-123.123891151,49.245337231],[-123.123692354,49.245180477]]]},"properties":{"feature_type":"unit","level_id":1,"name":"Non Public","category":"non public","space_id":"s_67ff58d71e120b51f181db88","building_id":"tac","building_name":"Teck Acute Care Centre","fill":"#fdf4e2","stroke":"#fdf4e2","stroke-width":0,"fill-opacity":1,"extrusion_height":1.223999994479037,"extrusion_base":0,"source_map_id":"f_67ef92a896cf2e86a2d97a13","view_context":true,"context_for_level_id":3,"source_unit_id":3122,"context_depth":2}},{"type":"Feature","id":"context-3-s_67ff7c538a7fdd6890fd92c8-0","geometry":{"type":"Polygon","coordinates":[[[-123.124626948,49.244936552],[-123.124543039,49.244981162],[-123.124512739,49.24495757],[-123.124476054,49.244977511],[-123.124292971,49.244833447],[-123.124413789,49.244768896],[-123.124626948,49.244936552]],[[-123.124513142,49.24495395],[-123.124543974,49.244977962],[-123.124621719,49.244936564],[-123.124412801,49.244772244],[-123.124298116,49.244833428],[-123.1244764,49.244973937],[-123.124513142,49.24495395]]]},"properties":{"feature_type":"wall","level_id":1,"name":"Inner Wall","layer":"Inner Wall","building_id":"tac","building_name":"Teck Acute Care Centre","fill":"#9f9f9f","stroke":"#9f9f9f","stroke-width":0,"fill-opacity":1,"extrusion_height":1.2729599942581984,"extrusion_base":0,"source_map_id":"f_67ef92a896cf2e86a2d97a13","space_id":"s_67ff7c538a7fdd6890fd92c8","view_context":true,"context_for_level_id":3,"source_unit_id":"s_67ff7c538a7fdd6890fd92c8","context_depth":2}},{"type":"Feature","id":"context-3-s_67ff7c5b8a7fdd6890fd92c9-0","geometry":{"type":"Polygon","coordinates":[[[-123.124051122,49.244967166],[-123.124267545,49.245138502],[-123.124142913,49.245205441],[-123.123926375,49.245034207],[-123.124051122,49.244967166]],[[-123.124050366,49.244970344],[-123.123931592,49.245034463],[-123.124143806,49.245202051],[-123.124262835,49.245138171],[-123.124050366,49.244970344]]]},"properties":{"feature_type":"wall","level_id":1,"name":"Inner Wall","layer":"Inner Wall","building_id":"tac","building_name":"Teck Acute Care Centre","fill":"#9f9f9f","stroke":"#9f9f9f","stroke-width":0,"fill-opacity":1,"extrusion_height":1.2729599942581984,"extrusion_base":0,"source_map_id":"f_67ef92a896cf2e86a2d97a13","space_id":"s_67ff7c5b8a7fdd6890fd92c9","view_context":true,"context_for_level_id":3,"source_unit_id":"s_67ff7c5b8a7fdd6890fd92c9","context_depth":2}},{"type":"Feature","id":"context-3-s_67ff7c618a7fdd6890fd92ca-0","geometry":{"type":"Polygon","coordinates":[[[-123.123893512,49.245337147],[-123.123771608,49.245403049],[-123.123570629,49.245244901],[-123.123692499,49.245178984],[-123.123893512,49.245337147]],[[-123.123889011,49.245336925],[-123.123691997,49.245181909],[-123.123575057,49.245245113],[-123.123772006,49.245400144],[-123.123889011,49.245336925]]]},"properties":{"feature_type":"wall","level_id":1,"name":"Inner Wall","layer":"Inner Wall","building_id":"tac","building_name":"Teck Acute Care Centre","fill":"#9f9f9f","stroke":"#9f9f9f","stroke-width":0,"fill-opacity":1,"extrusion_height":1.2729599942581984,"extrusion_base":0,"source_map_id":"f_67ef92a896cf2e86a2d97a13","space_id":"s_67ff7c618a7fdd6890fd92ca","view_context":true,"context_for_level_id":3,"source_unit_id":"s_67ff7c618a7fdd6890fd92ca","context_depth":2}},{"type":"Feature","id":"context-3-s_685aeec7f505b3d1aa29ebae-0","geometry":{"type":"Polygon","coordinates":[[[-123.124413497,49.244770733],[-123.124622613,49.244935185],[-123.124624285,49.2449365],[-123.12454371,49.244979585],[-123.124512801,49.244955707],[-123.124476152,49.24497566],[-123.124295477,49.244833455],[-123.124413497,49.244770733]]]},"properties":{"feature_type":"corridor","level_id":0,"name":"Floor","building_id":"tac","building_name":"Teck Acute Care Centre","fill":"#ffffff","stroke":"#ffffff","stroke-width":0,"fill-opacity":1,"extrusion_height":0.09792000000000001,"extrusion_base":0,"source_map_id":"f_67ef927396cf2e86a2d97a12","space_id":"s_685aeec7f505b3d1aa29ebae","view_context":true,"context_for_level_id":3,"source_unit_id":"s_685aeec7f505b3d1aa29ebae","context_depth":3}},{"type":"Feature","id":"context-3-s_685aeec7f505b3d1aa29ebae-1","geometry":{"type":"Polygon","coordinates":[[[-123.124050492,49.244968773],[-123.124265186,49.245138235],[-123.12414365,49.245203708],[-123.123928987,49.245034444],[-123.124050492,49.244968773]]]},"properties":{"feature_type":"corridor","level_id":0,"name":"Floor","building_id":"tac","building_name":"Teck Acute Care Centre","fill":"#ffffff","stroke":"#ffffff","stroke-width":0,"fill-opacity":1,"extrusion_height":0.09792000000000001,"extrusion_base":0,"source_map_id":"f_67ef927396cf2e86a2d97a12","space_id":"s_685aeec7f505b3d1aa29ebae","view_context":true,"context_for_level_id":3,"source_unit_id":"s_685aeec7f505b3d1aa29ebae","context_depth":3}},{"type":"Feature","id":"context-3-s_685aeec7f505b3d1aa29ebae-2","geometry":{"type":"Polygon","coordinates":[[[-123.123692354,49.245180477],[-123.123891151,49.245337231],[-123.123771746,49.245401652],[-123.123572949,49.245244898],[-123.123692354,49.245180477]]]},"properties":{"feature_type":"corridor","level_id":0,"name":"Floor","building_id":"tac","building_name":"Teck Acute Care Centre","fill":"#ffffff","stroke":"#ffffff","stroke-width":0,"fill-opacity":1,"extrusion_height":0.09792000000000001,"extrusion_base":0,"source_map_id":"f_67ef927396cf2e86a2d97a12","space_id":"s_685aeec7f505b3d1aa29ebae","view_context":true,"context_for_level_id":3,"source_unit_id":"s_685aeec7f505b3d1aa29ebae","context_depth":3}},{"type":"Feature","id":"context-3-1410-0","geometry":{"type":"Polygon","coordinates":[[[-123.124470948,49.244860664],[-123.124491662,49.244849469],[-123.124511367,49.244865006],[-123.124490653,49.244876202],[-123.124470948,49.244860664]]]},"properties":{"feature_type":"unit","level_id":0,"name":"Washroom","category":"washroom","space_id":"s_67ef9499c52ee383c6df6e8e","building_id":"tac","building_name":"Teck Acute Care Centre","fill":"#d8eff9","stroke":"#d8eff9","stroke-width":0,"fill-opacity":1,"extrusion_height":1.224,"extrusion_base":0,"source_map_id":"f_67ef927396cf2e86a2d97a12","view_context":true,"context_for_level_id":3,"source_unit_id":1410,"context_depth":3}},{"type":"Feature","id":"context-3-1411-0","geometry":{"type":"Polygon","coordinates":[[[-123.124448132,49.244943565],[-123.124474245,49.244929451],[-123.124495225,49.244945994],[-123.124469112,49.244960108],[-123.124448132,49.244943565]]]},"properties":{"feature_type":"unit","level_id":0,"name":"Washroom","category":"washroom","space_id":"s_67ef9499c52ee383c6df6e8f","building_id":"tac","building_name":"Teck Acute Care Centre","fill":"#d8eff9","stroke":"#d8eff9","stroke-width":0,"fill-opacity":1,"extrusion_height":1.224,"extrusion_base":0,"source_map_id":"f_67ef927396cf2e86a2d97a12","view_context":true,"context_for_level_id":3,"source_unit_id":1411,"context_depth":3}},{"type":"Feature","id":"context-3-1412-0","geometry":{"type":"Polygon","coordinates":[[[-123.124162569,49.245177924],[-123.124197608,49.245158986],[-123.124198156,49.245159418],[-123.12420940294729,49.245168286045036],[-123.12417431717351,49.2451871872008],[-123.124162569,49.245177924]]]},"properties":{"feature_type":"unit","level_id":0,"name":"Accessible Washroom","category":"washroom","space_id":"s_67ef9499c52ee383c6df6e90","building_id":"tac","building_name":"Teck Acute Care Centre","fill":"#d8eff9","stroke":"#d8eff9","stroke-width":0,"fill-opacity":1,"extrusion_height":1.224,"extrusion_base":0,"source_map_id":"f_67ef927396cf2e86a2d97a12","view_context":true,"context_for_level_id":3,"source_unit_id":1412,"context_depth":3}},{"type":"Feature","id":"context-3-1425-0","geometry":{"type":"Polygon","coordinates":[[[-123.123739988,49.245340126],[-123.123777452,49.245319877],[-123.123799079,49.24533693],[-123.123761615,49.245357178],[-123.123739988,49.245340126]]]},"properties":{"feature_type":"unit","level_id":0,"name":"Washroom","category":"washroom","space_id":"s_67ef9499c52ee383c6df6e9d","building_id":"tac","building_name":"Teck Acute Care Centre","fill":"#d8eff9","stroke":"#d8eff9","stroke-width":0,"fill-opacity":1,"extrusion_height":1.224,"extrusion_base":0,"source_map_id":"f_67ef927396cf2e86a2d97a12","view_context":true,"context_for_level_id":3,"source_unit_id":1425,"context_depth":3}},{"type":"Feature","id":"context-3-1426-0","geometry":{"type":"Polygon","coordinates":[[[-123.123721364,49.245350192],[-123.123742991,49.245367244],[-123.12373416157085,49.24537201619258],[-123.12371253555773,49.24535496380214],[-123.123721364,49.245350192]]]},"properties":{"feature_type":"unit","level_id":0,"name":"Washroom","category":"washroom","space_id":"s_67ef9499c52ee383c6df6e9e","building_id":"tac","building_name":"Teck Acute Care Centre","fill":"#d8eff9","stroke":"#d8eff9","stroke-width":0,"fill-opacity":1,"extrusion_height":1.224,"extrusion_base":0,"source_map_id":"f_67ef927396cf2e86a2d97a12","view_context":true,"context_for_level_id":3,"source_unit_id":1426,"context_depth":3}},{"type":"Feature","id":"context-3-1427-0","geometry":{"type":"Polygon","coordinates":[[[-123.123604916,49.245229815],[-123.123632852,49.245214716],[-123.123654479,49.245231768],[-123.123626543,49.245246867],[-123.123604916,49.245229815]]]},"properties":{"feature_type":"unit","level_id":0,"name":"Washroom","category":"washroom","space_id":"s_67ef9499c52ee383c6df6ea1","building_id":"tac","building_name":"Teck Acute Care Centre","fill":"#d8eff9","stroke":"#d8eff9","stroke-width":0,"fill-opacity":1,"extrusion_height":1.224,"extrusion_base":0,"source_map_id":"f_67ef927396cf2e86a2d97a12","view_context":true,"context_for_level_id":3,"source_unit_id":1427,"context_depth":3}},{"type":"Feature","id":"context-3-1428-0","geometry":{"type":"Polygon","coordinates":[[[-123.12360328670641,49.24522853029861],[-123.12363124308224,49.245213447364996],[-123.123632852,49.245214716],[-123.123604916,49.245229815],[-123.12360328670641,49.24522853029861]]]},"properties":{"feature_type":"unit","level_id":0,"name":"Washroom","category":"washroom","space_id":"s_67ef9499c52ee383c6df6ea2","building_id":"tac","building_name":"Teck Acute Care Centre","fill":"#d8eff9","stroke":"#d8eff9","stroke-width":0,"fill-opacity":1,"extrusion_height":1.224,"extrusion_base":0,"source_map_id":"f_67ef927396cf2e86a2d97a12","view_context":true,"context_for_level_id":3,"source_unit_id":1428,"context_depth":3}},{"type":"Feature","id":"context-3-1432-0","geometry":{"type":"Polygon","coordinates":[[[-123.12405856,49.245091079],[-123.124077262,49.245105826],[-123.124057835,49.245116326],[-123.124038285,49.245102038],[-123.12405856,49.245091079]]]},"properties":{"feature_type":"unit","level_id":0,"name":"Washroom","category":"washroom","space_id":"s_67ef9499c52ee383c6df6ea8","building_id":"tac","building_name":"Teck Acute Care Centre","fill":"#d8eff9","stroke":"#d8eff9","stroke-width":0,"fill-opacity":1,"extrusion_height":1.224,"extrusion_base":0,"source_map_id":"f_67ef927396cf2e86a2d97a12","view_context":true,"context_for_level_id":3,"source_unit_id":1432,"context_depth":3}},{"type":"Feature","id":"context-3-1447-0","geometry":{"type":"Polygon","coordinates":[[[-123.123827309,49.245351133],[-123.12387564782637,49.24532500654752],[-123.123891151,49.245337231],[-123.1238427768818,49.245363329648036],[-123.123827309,49.245351133]]]},"properties":{"feature_type":"unit","level_id":0,"name":"T1-021","category":"polygon","space_id":"s_67ef9499c52ee383c6df6ebb","building_id":"tac","building_name":"Teck Acute Care Centre","fill":"#f5f5f5","stroke":"#f5f5f5","stroke-width":0,"fill-opacity":1,"extrusion_height":1.224,"extrusion_base":0,"source_map_id":"f_67ef927396cf2e86a2d97a12","view_context":true,"context_for_level_id":3,"source_unit_id":1447,"context_depth":3}},{"type":"Feature","id":"context-3-1448-0","geometry":{"type":"Polygon","coordinates":[[[-123.123800206,49.245365782],[-123.123827309,49.245351133],[-123.1238427768818,49.245363329648036],[-123.12381565394479,49.24537796292742],[-123.123800206,49.245365782]]]},"properties":{"feature_type":"unit","level_id":0,"name":"T1-018","category":"polygon","space_id":"s_67ef9499c52ee383c6df6ebc","building_id":"tac","building_name":"Teck Acute Care Centre","fill":"#f5f5f5","stroke":"#f5f5f5","stroke-width":0,"fill-opacity":1,"extrusion_height":1.224,"extrusion_base":0,"source_map_id":"f_67ef927396cf2e86a2d97a12","view_context":true,"context_for_level_id":3,"source_unit_id":1448,"context_depth":3}},{"type":"Feature","id":"context-3-1449-0","geometry":{"type":"Polygon","coordinates":[[[-123.123800206,49.245365782],[-123.12381565394479,49.24537796292742],[-123.123771746,49.245401652],[-123.12375632988046,49.24538949619079],[-123.123800206,49.245365782]]]},"properties":{"feature_type":"unit","level_id":0,"name":"T1-016","category":"polygon","space_id":"s_67ef9499c52ee383c6df6ebd","building_id":"tac","building_name":"Teck Acute Care Centre","fill":"#f5f5f5","stroke":"#f5f5f5","stroke-width":0,"fill-opacity":1,"extrusion_height":1.224,"extrusion_base":0,"source_map_id":"f_67ef927396cf2e86a2d97a12","view_context":true,"context_for_level_id":3,"source_unit_id":1449,"context_depth":3}},{"type":"Feature","id":"context-3-1468-0","geometry":{"type":"Polygon","coordinates":[[[-123.12459883287671,49.244916483949694],[-123.124622613,49.244935185],[-123.124624285,49.2449365],[-123.12454371,49.244979585],[-123.1245183437107,49.24495998888703],[-123.12459883287671,49.244916483949694]]]},"properties":{"feature_type":"unit","level_id":0,"name":"Waiting Area","category":"polygon","space_id":"s_67ef9499c52ee383c6df6ed4","building_id":"tac","building_name":"Teck Acute Care Centre","fill":"#03b01d","stroke":"#03b01d","stroke-width":0,"fill-opacity":1,"extrusion_height":1.224,"extrusion_base":0,"source_map_id":"f_67ef927396cf2e86a2d97a12","view_context":true,"context_for_level_id":3,"source_unit_id":1468,"context_depth":3}},{"type":"Feature","id":"context-3-1474-0","geometry":{"type":"Polygon","coordinates":[[[-123.124530889,49.244907927],[-123.1245548,49.244895003],[-123.124568939,49.244906151],[-123.124545027,49.244919076],[-123.124530889,49.244907927]]]},"properties":{"feature_type":"unit","level_id":0,"name":"T1-229","category":"polygon","space_id":"s_67ef9499c52ee383c6df6eda","building_id":"tac","building_name":"Teck Acute Care Centre","fill":"#03b01d","stroke":"#03b01d","stroke-width":0,"fill-opacity":1,"extrusion_height":1.224,"extrusion_base":0,"source_map_id":"f_67ef927396cf2e86a2d97a12","view_context":true,"context_for_level_id":3,"source_unit_id":1474,"context_depth":3}},{"type":"Feature","id":"context-3-1475-0","geometry":{"type":"Polygon","coordinates":[[[-123.124474245,49.244929451],[-123.124421146,49.244887582],[-123.124435153,49.244880012],[-123.124439134,49.24487786],[-123.124470948,49.244860664],[-123.124490653,49.244876202],[-123.124502335,49.244885413],[-123.1245172,49.244897134],[-123.124530889,49.244907927],[-123.124545027,49.244919076],[-123.124495225,49.244945994],[-123.124474245,49.244929451]]]},"properties":{"feature_type":"unit","level_id":0,"name":"T1-241","category":"polygon","space_id":"s_67ef9499c52ee383c6df6edb","building_id":"tac","building_name":"Teck Acute Care Centre","fill":"#03b01d","stroke":"#03b01d","stroke-width":0,"fill-opacity":1,"extrusion_height":1.224,"extrusion_base":0,"source_map_id":"f_67ef927396cf2e86a2d97a12","view_context":true,"context_for_level_id":3,"source_unit_id":1475,"context_depth":3}},{"type":"Feature","id":"context-3-1476-0","geometry":{"type":"Polygon","coordinates":[[[-123.124395032,49.244901697],[-123.124421146,49.244887582],[-123.124474245,49.244929451],[-123.124448132,49.244943565],[-123.124395032,49.244901697]]]},"properties":{"feature_type":"unit","level_id":0,"name":"T1-241A","category":"polygon","space_id":"s_67ef9499c52ee383c6df6edc","building_id":"tac","building_name":"Teck Acute Care Centre","fill":"#03b01d","stroke":"#03b01d","stroke-width":0,"fill-opacity":1,"extrusion_height":1.224,"extrusion_base":0,"source_map_id":"f_67ef927396cf2e86a2d97a12","view_context":true,"context_for_level_id":3,"source_unit_id":1476,"context_depth":3}},{"type":"Feature","id":"context-3-1477-0","geometry":{"type":"Polygon","coordinates":[[[-123.124395032,49.244901697],[-123.124448132,49.244943565],[-123.124469112,49.244960108],[-123.12446157113104,49.24496418374445],[-123.12438741256238,49.24490581529693],[-123.124395032,49.244901697]]]},"properties":{"feature_type":"unit","level_id":0,"name":"T1-243","category":"polygon","space_id":"s_67ef9499c52ee383c6df6edd","building_id":"tac","building_name":"Teck Acute Care Centre","fill":"#03b01d","stroke":"#03b01d","stroke-width":0,"fill-opacity":1,"extrusion_height":1.224,"extrusion_base":0,"source_map_id":"f_67ef927396cf2e86a2d97a12","view_context":true,"context_for_level_id":3,"source_unit_id":1477,"context_depth":3}},{"type":"Feature","id":"context-3-1481-0","geometry":{"type":"Polygon","coordinates":[[[-123.124502335,49.244885413],[-123.124526246,49.244872488],[-123.124541111,49.244884209],[-123.1245172,49.244897134],[-123.124502335,49.244885413]]]},"properties":{"feature_type":"unit","level_id":0,"name":"T1-240","category":"polygon","space_id":"s_67ef9499c52ee383c6df6ee1","building_id":"tac","building_name":"Teck Acute Care Centre","fill":"#03b01d","stroke":"#03b01d","stroke-width":0,"fill-opacity":1,"extrusion_height":1.224,"extrusion_base":0,"source_map_id":"f_67ef927396cf2e86a2d97a12","view_context":true,"context_for_level_id":3,"source_unit_id":1481,"context_depth":3}},{"type":"Feature","id":"context-3-1482-0","geometry":{"type":"Polygon","coordinates":[[[-123.1245172,49.244897134],[-123.124541111,49.244884209],[-123.1245548,49.244895003],[-123.124530889,49.244907927],[-123.1245172,49.244897134]]]},"properties":{"feature_type":"unit","level_id":0,"name":"T1-240","category":"polygon","space_id":"s_67ef9499c52ee383c6df6ee2","building_id":"tac","building_name":"Teck Acute Care Centre","fill":"#03b01d","stroke":"#03b01d","stroke-width":0,"fill-opacity":1,"extrusion_height":1.224,"extrusion_base":0,"source_map_id":"f_67ef927396cf2e86a2d97a12","view_context":true,"context_for_level_id":3,"source_unit_id":1482,"context_depth":3}},{"type":"Feature","id":"context-3-1483-0","geometry":{"type":"Polygon","coordinates":[[[-123.124178099,49.245129765],[-123.124215124,49.245109753],[-123.124245593,49.245133778],[-123.124208569,49.24515379],[-123.124178099,49.245129765]]]},"properties":{"feature_type":"unit","level_id":0,"name":"T1-032A","category":"polygon","space_id":"s_67ef9499c52ee383c6df6ee3","building_id":"tac","building_name":"Teck Acute Care Centre","fill":"#b5dba3","stroke":"#b5dba3","stroke-width":0,"fill-opacity":1,"extrusion_height":1.224,"extrusion_base":0,"source_map_id":"f_67ef927396cf2e86a2d97a12","view_context":true,"context_for_level_id":3,"source_unit_id":1483,"context_depth":3}},{"type":"Feature","id":"context-3-1484-0","geometry":{"type":"Polygon","coordinates":[[[-123.124215124,49.245109753],[-123.1242234204342,49.245105268655756],[-123.12425387096707,49.24512930383233],[-123.124245593,49.245133778],[-123.124215124,49.245109753]]]},"properties":{"feature_type":"unit","level_id":0,"name":"T1-148A","category":"polygon","space_id":"s_67ef9499c52ee383c6df6ee4","building_id":"tac","building_name":"Teck Acute Care Centre","fill":"#b5dba3","stroke":"#b5dba3","stroke-width":0,"fill-opacity":1,"extrusion_height":1.224,"extrusion_base":0,"source_map_id":"f_67ef927396cf2e86a2d97a12","view_context":true,"context_for_level_id":3,"source_unit_id":1484,"context_depth":3}},{"type":"Feature","id":"context-3-1488-0","geometry":{"type":"Polygon","coordinates":[[[-123.124140561,49.245100166],[-123.12418590522788,49.24507565719994],[-123.1242234204342,49.245105268655756],[-123.124215124,49.245109753],[-123.124178099,49.245129765],[-123.124140561,49.245100166]]]},"properties":{"feature_type":"unit","level_id":0,"name":"T1-148","category":"polygon","space_id":"s_67ef9499c52ee383c6df6ee9","building_id":"tac","building_name":"Teck Acute Care Centre","fill":"#b5dba3","stroke":"#b5dba3","stroke-width":0,"fill-opacity":1,"extrusion_height":1.224,"extrusion_base":0,"source_map_id":"f_67ef927396cf2e86a2d97a12","view_context":true,"context_for_level_id":3,"source_unit_id":1488,"context_depth":3}},{"type":"Feature","id":"context-3-1492-0","geometry":{"type":"Polygon","coordinates":[[[-123.123987182,49.245007565],[-123.124040406,49.244978798],[-123.124068874,49.245001245],[-123.12401565,49.245030012],[-123.123987182,49.245007565]]]},"properties":{"feature_type":"unit","level_id":0,"name":"T1-149A","category":"polygon","space_id":"s_67ef9499c52ee383c6df6eed","building_id":"tac","building_name":"Teck Acute Care Centre","fill":"#ffe9b3","stroke":"#ffe9b3","stroke-width":0,"fill-opacity":1,"extrusion_height":1.224,"extrusion_base":0,"source_map_id":"f_67ef927396cf2e86a2d97a12","view_context":true,"context_for_level_id":3,"source_unit_id":1492,"context_depth":3}},{"type":"Feature","id":"context-3-1493-0","geometry":{"type":"Polygon","coordinates":[[[-123.124029604,49.245041015],[-123.12401565,49.245030012],[-123.124068874,49.245001245],[-123.124093363,49.245020555],[-123.12404014,49.245049323],[-123.124029604,49.245041015]]]},"properties":{"feature_type":"unit","level_id":0,"name":"T1-036","category":"polygon","space_id":"s_67ef9499c52ee383c6df6eee","building_id":"tac","building_name":"Teck Acute Care Centre","fill":"#ffe9b3","stroke":"#ffe9b3","stroke-width":0,"fill-opacity":1,"extrusion_height":1.224,"extrusion_base":0,"source_map_id":"f_67ef927396cf2e86a2d97a12","view_context":true,"context_for_level_id":3,"source_unit_id":1493,"context_depth":3}},{"type":"Feature","id":"context-3-1494-0","geometry":{"type":"Polygon","coordinates":[[[-123.12404014,49.245049323],[-123.124093363,49.245020555],[-123.12412826,49.245048071],[-123.124099499,49.245063617],[-123.124075036,49.245076839],[-123.12404014,49.245049323]]]},"properties":{"feature_type":"unit","level_id":0,"name":"T1-037","category":"polygon","space_id":"s_67ef9499c52ee383c6df6eef","building_id":"tac","building_name":"Teck Acute Care Centre","fill":"#ffe9b3","stroke":"#ffe9b3","stroke-width":0,"fill-opacity":1,"extrusion_height":1.224,"extrusion_base":0,"source_map_id":"f_67ef927396cf2e86a2d97a12","view_context":true,"context_for_level_id":3,"source_unit_id":1494,"context_depth":3}},{"type":"Feature","id":"context-3-1495-0","geometry":{"type":"Polygon","coordinates":[[[-123.124099499,49.245063617],[-123.12412826,49.245048071],[-123.124151247,49.245066197],[-123.124122486,49.245081742],[-123.124099499,49.245063617]]]},"properties":{"feature_type":"unit","level_id":0,"name":"T1-034","category":"polygon","space_id":"s_67ef9499c52ee383c6df6ef0","building_id":"tac","building_name":"Teck Acute Care Centre","fill":"#b5dba3","stroke":"#b5dba3","stroke-width":0,"fill-opacity":1,"extrusion_height":1.224,"extrusion_base":0,"source_map_id":"f_67ef927396cf2e86a2d97a12","view_context":true,"context_for_level_id":3,"source_unit_id":1495,"context_depth":3}},{"type":"Feature","id":"context-3-1496-0","geometry":{"type":"Polygon","coordinates":[[[-123.124075036,49.245076839],[-123.124099499,49.245063617],[-123.124122486,49.245081742],[-123.124098024,49.245094964],[-123.124075036,49.245076839]]]},"properties":{"feature_type":"unit","level_id":0,"name":"T1-030B","category":"polygon","space_id":"s_67ef9499c52ee383c6df6ef1","building_id":"tac","building_name":"Teck Acute Care Centre","fill":"#b5dba3","stroke":"#b5dba3","stroke-width":0,"fill-opacity":1,"extrusion_height":1.224,"extrusion_base":0,"source_map_id":"f_67ef927396cf2e86a2d97a12","view_context":true,"context_for_level_id":3,"source_unit_id":1496,"context_depth":3}},{"type":"Feature","id":"context-3-1497-0","geometry":{"type":"Polygon","coordinates":[[[-123.123954826,49.24504652],[-123.123981095,49.245067233],[-123.123984106,49.245069607],[-123.1239778615715,49.24507298210611],[-123.12394858186943,49.2450498947576],[-123.123954826,49.24504652]]]},"properties":{"feature_type":"unit","level_id":0,"name":"T1-143","category":"polygon","space_id":"s_67ef9499c52ee383c6df6ef2","building_id":"tac","building_name":"Teck Acute Care Centre","fill":"#b5dba3","stroke":"#b5dba3","stroke-width":0,"fill-opacity":1,"extrusion_height":1.224,"extrusion_base":0,"source_map_id":"f_67ef927396cf2e86a2d97a12","view_context":true,"context_for_level_id":3,"source_unit_id":1497,"context_depth":3}},{"type":"Feature","id":"context-3-1498-0","geometry":{"type":"Polygon","coordinates":[[[-123.123984106,49.245069607],[-123.12400436,49.245085577],[-123.124013116,49.245092482],[-123.12400687169976,49.24509585689286],[-123.1239778615715,49.24507298210611],[-123.123984106,49.245069607]]]},"properties":{"feature_type":"unit","level_id":0,"name":"T1-144","category":"polygon","space_id":"s_67ef9499c52ee383c6df6ef3","building_id":"tac","building_name":"Teck Acute Care Centre","fill":"#b5dba3","stroke":"#b5dba3","stroke-width":0,"fill-opacity":1,"extrusion_height":1.224,"extrusion_base":0,"source_map_id":"f_67ef927396cf2e86a2d97a12","view_context":true,"context_for_level_id":3,"source_unit_id":1498,"context_depth":3}},{"type":"Feature","id":"context-3-1503-0","geometry":{"type":"Polygon","coordinates":[[[-123.123802688,49.245306237],[-123.12383185349165,49.245290474149435],[-123.12385347969933,49.245307526693274],[-123.123824315,49.24532329],[-123.123802688,49.245306237]]]},"properties":{"feature_type":"unit","level_id":0,"name":"T1-020","category":"polygon","space_id":"s_67ef9499c52ee383c6df6ef8","building_id":"tac","building_name":"Teck Acute Care Centre","fill":"#008ee6","stroke":"#008ee6","stroke-width":0,"fill-opacity":1,"extrusion_height":1.224,"extrusion_base":0,"source_map_id":"f_67ef927396cf2e86a2d97a12","view_context":true,"context_for_level_id":3,"source_unit_id":1503,"context_depth":3}},{"type":"Feature","id":"context-3-1504-0","geometry":{"type":"Polygon","coordinates":[[[-123.123773956,49.245283582],[-123.12380312116113,49.24526781833602],[-123.12383185349165,49.245290474149435],[-123.123802688,49.245306237],[-123.123773956,49.245283582]]]},"properties":{"feature_type":"unit","level_id":0,"name":"T1-045","category":"polygon","space_id":"s_67ef9499c52ee383c6df6ef9","building_id":"tac","building_name":"Teck Acute Care Centre","fill":"#008ee6","stroke":"#008ee6","stroke-width":0,"fill-opacity":1,"extrusion_height":1.224,"extrusion_base":0,"source_map_id":"f_67ef927396cf2e86a2d97a12","view_context":true,"context_for_level_id":3,"source_unit_id":1504,"context_depth":3}},{"type":"Feature","id":"context-3-1505-0","geometry":{"type":"Polygon","coordinates":[[[-123.123746861,49.245262217],[-123.123743302,49.245259411],[-123.12377246721726,49.245243647305685],[-123.12380312116113,49.24526781833602],[-123.123773956,49.245283582],[-123.123746861,49.245262217]]]},"properties":{"feature_type":"unit","level_id":0,"name":"T1-137","category":"polygon","space_id":"s_67ef9499c52ee383c6df6efa","building_id":"tac","building_name":"Teck Acute Care Centre","fill":"#008ee6","stroke":"#008ee6","stroke-width":0,"fill-opacity":1,"extrusion_height":1.224,"extrusion_base":0,"source_map_id":"f_67ef927396cf2e86a2d97a12","view_context":true,"context_for_level_id":3,"source_unit_id":1505,"context_depth":3}},{"type":"Feature","id":"context-3-1512-0","geometry":{"type":"Polygon","coordinates":[[[-123.124417148,49.244794451],[-123.1244328588296,49.24478595943702],[-123.12448895846947,49.24483007704626],[-123.12447316,49.244838616],[-123.124417148,49.244794451]]]},"properties":{"feature_type":"unit","level_id":0,"name":"T1-230","category":"polygon","space_id":"s_67ef9499c52ee383c6df6f01","building_id":"tac","building_name":"Teck Acute Care Centre","fill":"#f5f5f5","stroke":"#f5f5f5","stroke-width":0,"fill-opacity":1,"extrusion_height":1.224,"extrusion_base":0,"source_map_id":"f_67ef927396cf2e86a2d97a12","view_context":true,"context_for_level_id":3,"source_unit_id":1512,"context_depth":3}},{"type":"Feature","id":"context-3-1513-0","geometry":{"type":"Polygon","coordinates":[[[-123.124391421,49.244808356],[-123.124417148,49.244794451],[-123.12447316,49.244838616],[-123.124447433,49.244852522],[-123.124391421,49.244808356]]]},"properties":{"feature_type":"unit","level_id":0,"name":"T1-232","category":"polygon","space_id":"s_67ef9499c52ee383c6df6f02","building_id":"tac","building_name":"Teck Acute Care Centre","fill":"#f5f5f5","stroke":"#f5f5f5","stroke-width":0,"fill-opacity":1,"extrusion_height":1.224,"extrusion_base":0,"source_map_id":"f_67ef927396cf2e86a2d97a12","view_context":true,"context_for_level_id":3,"source_unit_id":1513,"context_depth":3}},{"type":"Feature","id":"context-3-1559-0","geometry":{"type":"Polygon","coordinates":[[[-123.123635153,49.245269245],[-123.123675296,49.245300898],[-123.12365670910691,49.24531094392523],[-123.12361656631275,49.24527929081398],[-123.123635153,49.245269245]]]},"properties":{"feature_type":"unit","level_id":0,"name":"T1-132","category":"polygon","space_id":"s_67ef9499c52ee383c6df6f30","building_id":"tac","building_name":"Teck Acute Care Centre","fill":"#f5f5f5","stroke":"#f5f5f5","stroke-width":0,"fill-opacity":1,"extrusion_height":1.224,"extrusion_base":0,"source_map_id":"f_67ef927396cf2e86a2d97a12","view_context":true,"context_for_level_id":3,"source_unit_id":1559,"context_depth":3}},{"type":"Feature","id":"context-3-1560-0","geometry":{"type":"Polygon","coordinates":[[[-123.123635153,49.245269245],[-123.123669143,49.245250873],[-123.123709286,49.245282526],[-123.123675296,49.245300898],[-123.123635153,49.245269245]]]},"properties":{"feature_type":"unit","level_id":0,"name":"T1-133","category":"polygon","space_id":"s_67ef9499c52ee383c6df6f31","building_id":"tac","building_name":"Teck Acute Care Centre","fill":"#f5f5f5","stroke":"#f5f5f5","stroke-width":0,"fill-opacity":1,"extrusion_height":1.224,"extrusion_base":0,"source_map_id":"f_67ef927396cf2e86a2d97a12","view_context":true,"context_for_level_id":3,"source_unit_id":1560,"context_depth":3}},{"type":"Feature","id":"context-3-1561-0","geometry":{"type":"Polygon","coordinates":[[[-123.123703757,49.24532334],[-123.123750087,49.245298299],[-123.123777452,49.245319877],[-123.123739988,49.245340126],[-123.123731123,49.245344918],[-123.123703757,49.24532334]]]},"properties":{"feature_type":"unit","level_id":0,"name":"T1-135","category":"polygon","space_id":"s_67ef9499c52ee383c6df6f32","building_id":"tac","building_name":"Teck Acute Care Centre","fill":"#008ee6","stroke":"#008ee6","stroke-width":0,"fill-opacity":1,"extrusion_height":1.224,"extrusion_base":0,"source_map_id":"f_67ef927396cf2e86a2d97a12","view_context":true,"context_for_level_id":3,"source_unit_id":1561,"context_depth":3}},{"type":"Feature","id":"context-3-1562-0","geometry":{"type":"Polygon","coordinates":[[[-123.123675296,49.245300898],[-123.123709286,49.245282526],[-123.123721625,49.245275857],[-123.123750087,49.245298299],[-123.123703757,49.24532334],[-123.123675296,49.245300898]]]},"properties":{"feature_type":"unit","level_id":0,"name":"T1-173B","category":"polygon","space_id":"s_67ef9499c52ee383c6df6f33","building_id":"tac","building_name":"Teck Acute Care Centre","fill":"#008ee6","stroke":"#008ee6","stroke-width":0,"fill-opacity":1,"extrusion_height":1.224,"extrusion_base":0,"source_map_id":"f_67ef927396cf2e86a2d97a12","view_context":true,"context_for_level_id":3,"source_unit_id":1562,"context_depth":3}},{"type":"Feature","id":"context-3-1563-0","geometry":{"type":"Polygon","coordinates":[[[-123.123703757,49.24532334],[-123.123731123,49.245344918],[-123.123721364,49.245350192],[-123.12371253555773,49.24535496380214],[-123.12368517022239,49.24533338588208],[-123.123703757,49.24532334]]]},"properties":{"feature_type":"unit","level_id":0,"name":"T1-130","category":"polygon","space_id":"s_67ef9499c52ee383c6df6f34","building_id":"tac","building_name":"Teck Acute Care Centre","fill":"#008ee6","stroke":"#008ee6","stroke-width":0,"fill-opacity":1,"extrusion_height":1.224,"extrusion_base":0,"source_map_id":"f_67ef927396cf2e86a2d97a12","view_context":true,"context_for_level_id":3,"source_unit_id":1563,"context_depth":3}},{"type":"Feature","id":"context-3-1564-0","geometry":{"type":"Polygon","coordinates":[[[-123.123675296,49.245300898],[-123.123703757,49.24532334],[-123.12368517022239,49.24533338588208],[-123.12365670910691,49.24531094392523],[-123.123675296,49.245300898]]]},"properties":{"feature_type":"unit","level_id":0,"name":"T1-131","category":"polygon","space_id":"s_67ef9499c52ee383c6df6f35","building_id":"tac","building_name":"Teck Acute Care Centre","fill":"#008ee6","stroke":"#008ee6","stroke-width":0,"fill-opacity":1,"extrusion_height":1.224,"extrusion_base":0,"source_map_id":"f_67ef927396cf2e86a2d97a12","view_context":true,"context_for_level_id":3,"source_unit_id":1564,"context_depth":3}},{"type":"Feature","id":"context-3-1565-0","geometry":{"type":"Polygon","coordinates":[[[-123.123721364,49.245350192],[-123.123731123,49.245344918],[-123.123739988,49.245340126],[-123.123761615,49.245357178],[-123.123742991,49.245367244],[-123.123721364,49.245350192]]]},"properties":{"feature_type":"unit","level_id":0,"name":"T1-017","category":"polygon","space_id":"s_67ef9499c52ee383c6df6f36","building_id":"tac","building_name":"Teck Acute Care Centre","fill":"#008ee6","stroke":"#008ee6","stroke-width":0,"fill-opacity":1,"extrusion_height":1.224,"extrusion_base":0,"source_map_id":"f_67ef927396cf2e86a2d97a12","view_context":true,"context_for_level_id":3,"source_unit_id":1565,"context_depth":3}},{"type":"Feature","id":"context-3-1573-0","geometry":{"type":"Polygon","coordinates":[[[-123.123632852,49.245214716],[-123.12363124308224,49.245213447364996],[-123.123692354,49.245180477],[-123.1237155446365,49.24519876311615],[-123.123654479,49.245231768],[-123.123632852,49.245214716]]]},"properties":{"feature_type":"unit","level_id":0,"name":"T1-042","category":"polygon","space_id":"s_67ef9499c52ee383c6df6f3e","building_id":"tac","building_name":"Teck Acute Care Centre","fill":"#f5f5f5","stroke":"#f5f5f5","stroke-width":0,"fill-opacity":1,"extrusion_height":1.224,"extrusion_base":0,"source_map_id":"f_67ef927396cf2e86a2d97a12","view_context":true,"context_for_level_id":3,"source_unit_id":1573,"context_depth":3}},{"type":"Feature","id":"context-3-1574-0","geometry":{"type":"Polygon","coordinates":[[[-123.123604916,49.245229815],[-123.123626543,49.245246867],[-123.12359622656454,49.24526325266004],[-123.123572949,49.245244898],[-123.12360328670641,49.24522853029861],[-123.123604916,49.245229815]]]},"properties":{"feature_type":"unit","level_id":0,"name":"T1-046","category":"polygon","space_id":"s_67ef9499c52ee383c6df6f3f","building_id":"tac","building_name":"Teck Acute Care Centre","fill":"#008ee6","stroke":"#008ee6","stroke-width":0,"fill-opacity":1,"extrusion_height":1.224,"extrusion_base":0,"source_map_id":"f_67ef927396cf2e86a2d97a12","view_context":true,"context_for_level_id":3,"source_unit_id":1574,"context_depth":3}},{"type":"Feature","id":"context-3-1612-0","geometry":{"type":"Polygon","coordinates":[[[-123.12453610905185,49.24486715698071],[-123.12457886889011,49.244900783967275],[-123.124568939,49.244906151],[-123.1245548,49.244895003],[-123.124541111,49.244884209],[-123.124526246,49.244872488],[-123.12453610905185,49.24486715698071]]]},"properties":{"feature_type":"unit","level_id":0,"name":"T1-172","category":"polygon","space_id":"s_67ef9499c52ee383c6df6f67","building_id":"tac","building_name":"Teck Acute Care Centre","fill":"#877ad1","stroke":"#877ad1","stroke-width":0,"fill-opacity":1,"extrusion_height":1.224,"extrusion_base":0,"source_map_id":"f_67ef927396cf2e86a2d97a12","view_context":true,"context_for_level_id":3,"source_unit_id":1612,"context_depth":3}},{"type":"Feature","id":"context-3-1613-0","geometry":{"type":"Polygon","coordinates":[[[-123.12450467361953,49.24484243567906],[-123.12453610905185,49.24486715698071],[-123.124526246,49.244872488],[-123.124502335,49.244885413],[-123.124490653,49.244876202],[-123.124511367,49.244865006],[-123.124491662,49.244849469],[-123.12450467361953,49.24484243567906]]]},"properties":{"feature_type":"unit","level_id":0,"name":"T1-231","category":"polygon","space_id":"s_67ef9499c52ee383c6df6f68","building_id":"tac","building_name":"Teck Acute Care Centre","fill":"#03b01d","stroke":"#03b01d","stroke-width":0,"fill-opacity":1,"extrusion_height":1.224,"extrusion_base":0,"source_map_id":"f_67ef927396cf2e86a2d97a12","view_context":true,"context_for_level_id":3,"source_unit_id":1613,"context_depth":3}},{"type":"Feature","id":"context-3-1622-0","geometry":{"type":"Polygon","coordinates":[[[-123.124019153,49.245077581],[-123.124025446,49.245082544],[-123.124038671,49.245075396],[-123.12405856,49.245091079],[-123.124038285,49.245102038],[-123.124057835,49.245116326],[-123.12404299980915,49.24512434428151],[-123.12400687169976,49.24509585689286],[-123.124013116,49.245092482],[-123.12400436,49.245085577],[-123.124019153,49.245077581]]]},"properties":{"feature_type":"unit","level_id":0,"name":"Emergency (Turtle Bay) Reception","category":"polygon","space_id":"s_67ef9499c52ee383c6df6f71","building_id":"tac","building_name":"Teck Acute Care Centre","fill":"#b5dba3","stroke":"#b5dba3","stroke-width":0,"fill-opacity":1,"extrusion_height":1.224,"extrusion_base":0,"source_map_id":"f_67ef927396cf2e86a2d97a12","view_context":true,"context_for_level_id":3,"source_unit_id":1622,"context_depth":3}},{"type":"Feature","id":"context-3-1623-0","geometry":{"type":"Polygon","coordinates":[[[-123.123987182,49.245007565],[-123.12401565,49.245030012],[-123.124029604,49.245041015],[-123.123981095,49.245067233],[-123.123954826,49.24504652],[-123.12394858186943,49.2450498947576],[-123.1239324298182,49.24503715869782],[-123.123987182,49.245007565]]]},"properties":{"feature_type":"unit","level_id":0,"name":"T1-155","category":"polygon","space_id":"s_67ef9499c52ee383c6df6f72","building_id":"tac","building_name":"Teck Acute Care Centre","fill":"#ffe9b3","stroke":"#ffe9b3","stroke-width":0,"fill-opacity":1,"extrusion_height":1.224,"extrusion_base":0,"source_map_id":"f_67ef927396cf2e86a2d97a12","view_context":true,"context_for_level_id":3,"source_unit_id":1623,"context_depth":3}},{"type":"Feature","id":"context-3-1624-0","geometry":{"type":"Polygon","coordinates":[[[-123.12373455977917,49.24521375680154],[-123.12377246721726,49.245243647305685],[-123.123743302,49.245259411],[-123.123736005,49.245253657],[-123.123746909,49.245247764],[-123.123717622,49.245224671],[-123.123716298,49.245223627],[-123.12373455977917,49.24521375680154]]]},"properties":{"feature_type":"unit","level_id":0,"name":"T1-138","category":"polygon","space_id":"s_67ef9499c52ee383c6df6f73","building_id":"tac","building_name":"Teck Acute Care Centre","fill":"#008ee6","stroke":"#008ee6","stroke-width":0,"fill-opacity":1,"extrusion_height":1.224,"extrusion_base":0,"source_map_id":"f_67ef927396cf2e86a2d97a12","view_context":true,"context_for_level_id":3,"source_unit_id":1624,"context_depth":3}},{"type":"Feature","id":"context-3-1630-0","geometry":{"type":"Polygon","coordinates":[[[-123.124417148,49.244794451],[-123.124391421,49.244808356],[-123.124447433,49.244852522],[-123.12442343,49.244865496],[-123.124419453,49.244867645],[-123.124382756,49.24488748],[-123.124319934,49.244837945],[-123.124316765,49.244835446],[-123.12430668540894,49.24482749826534],[-123.124413497,49.244770733],[-123.1244328588296,49.24478595943702],[-123.124417148,49.244794451]]]},"properties":{"feature_type":"unit","level_id":0,"name":"T1-233","category":"polygon","space_id":"s_67ef9499c52ee383c6df6f79","building_id":"tac","building_name":"Teck Acute Care Centre","fill":"#f5f5f5","stroke":"#f5f5f5","stroke-width":0,"fill-opacity":1,"extrusion_height":1.224,"extrusion_base":0,"source_map_id":"f_67ef927396cf2e86a2d97a12","view_context":true,"context_for_level_id":3,"source_unit_id":1630,"context_depth":3}},{"type":"Feature","id":"context-3-1658-0","geometry":{"type":"Polygon","coordinates":[[[-123.124140561,49.245100166],[-123.124178099,49.245129765],[-123.124208569,49.24515379],[-123.124198156,49.245159418],[-123.124197608,49.245158986],[-123.124162569,49.245177924],[-123.124148683,49.245185429],[-123.12414622,49.245183487],[-123.124081223,49.245132237],[-123.124140561,49.245100166]]]},"properties":{"feature_type":"unit","level_id":0,"name":"Waiting Area","category":"polygon","space_id":"s_67ef9499c52ee383c6df6f95","building_id":"tac","building_name":"Teck Acute Care Centre","fill":"#b5dba3","stroke":"#b5dba3","stroke-width":0,"fill-opacity":1,"extrusion_height":1.224,"extrusion_base":0,"source_map_id":"f_67ef927396cf2e86a2d97a12","view_context":true,"context_for_level_id":3,"source_unit_id":1658,"context_depth":3}},{"type":"Feature","id":"context-3-1659-0","geometry":{"type":"Polygon","coordinates":[[[-123.123717622,49.245224671],[-123.123746909,49.245247764],[-123.123736005,49.245253657],[-123.123743302,49.245259411],[-123.123746861,49.245262217],[-123.123721625,49.245275857],[-123.123709286,49.245282526],[-123.123669143,49.245250873],[-123.123717622,49.245224671]]]},"properties":{"feature_type":"unit","level_id":0,"name":"T1-043B","category":"polygon","space_id":"s_67ef9499c52ee383c6df6f96","building_id":"tac","building_name":"Teck Acute Care Centre","fill":"#008ee6","stroke":"#008ee6","stroke-width":0,"fill-opacity":1,"extrusion_height":1.224,"extrusion_base":0,"source_map_id":"f_67ef927396cf2e86a2d97a12","view_context":true,"context_for_level_id":3,"source_unit_id":1659,"context_depth":3}},{"type":"Feature","id":"context-3-s_682f6d2e06c734db63fafed5-0","geometry":{"type":"Polygon","coordinates":[[[-123.12414622,49.245183487],[-123.124148683,49.245185429],[-123.12413194302334,49.2451944769276],[-123.12412948009936,49.245192534886506],[-123.12414622,49.245183487]]]},"properties":{"feature_type":"wall","level_id":0,"name":"Inner Wall","layer":"Inner Wall","building_id":"tac","building_name":"Teck Acute Care Centre","fill":"#9f9f9f","stroke":"#9f9f9f","stroke-width":0,"fill-opacity":1,"extrusion_height":1.224,"extrusion_base":0,"source_map_id":"f_67ef927396cf2e86a2d97a12","space_id":"s_682f6d2e06c734db63fafed5","view_context":true,"context_for_level_id":3,"source_unit_id":"s_682f6d2e06c734db63fafed5","context_depth":3}},{"type":"Feature","id":"context-3-s_68748645d0aa0784542c33b3-0","geometry":{"type":"Polygon","coordinates":[[[-123.124313504,49.244837197],[-123.124316661,49.244839686],[-123.12430879508946,49.2448439373518],[-123.12430560866953,49.24484142939638],[-123.124313504,49.244837197]]]},"properties":{"feature_type":"wall","level_id":0,"name":"Entrance","layer":"Entrance","building_id":"tac","building_name":"Teck Acute Care Centre","fill":"#94c7ff","stroke":"#94c7ff","stroke-width":0,"fill-opacity":1,"extrusion_height":1.224,"extrusion_base":0,"source_map_id":"f_67ef927396cf2e86a2d97a12","space_id":"s_68748645d0aa0784542c33b3","view_context":true,"context_for_level_id":3,"source_unit_id":"s_68748645d0aa0784542c33b3","context_depth":3}},{"type":"Feature","id":"context-3-s_68748645d0aa0784542c33b4-0","geometry":{"type":"Polygon","coordinates":[[[-123.124316765,49.244835446],[-123.124319934,49.244837945],[-123.124316661,49.244839686],[-123.124313504,49.244837197],[-123.124316765,49.244835446]]]},"properties":{"feature_type":"wall","level_id":0,"name":"Wall","layer":"Wall","building_id":"tac","building_name":"Teck Acute Care Centre","fill":"#9f9f9f","stroke":"#9f9f9f","stroke-width":0,"fill-opacity":1,"extrusion_height":1.224,"extrusion_base":0,"source_map_id":"f_67ef927396cf2e86a2d97a12","space_id":"s_68748645d0aa0784542c33b4","view_context":true,"context_for_level_id":3,"source_unit_id":"s_68748645d0aa0784542c33b4","context_depth":3}},{"type":"Feature","id":"context-3-s_68748e10d0aa0784542c33cc-0","geometry":{"type":"Polygon","coordinates":[[[-123.124439134,49.24487786],[-123.124435153,49.244880012],[-123.124431778,49.244877365],[-123.124435773,49.244875206],[-123.124439134,49.24487786]]]},"properties":{"feature_type":"wall","level_id":0,"name":"Wall","layer":"Wall","building_id":"tac","building_name":"Teck Acute Care Centre","fill":"#9f9f9f","stroke":"#9f9f9f","stroke-width":0,"fill-opacity":1,"extrusion_height":1.224,"extrusion_base":0,"source_map_id":"f_67ef927396cf2e86a2d97a12","space_id":"s_68748e10d0aa0784542c33cc","view_context":true,"context_for_level_id":3,"source_unit_id":"s_68748e10d0aa0784542c33cc","context_depth":3}},{"type":"Feature","id":"context-3-s_68748e10d0aa0784542c33cd-0","geometry":{"type":"Polygon","coordinates":[[[-123.124435773,49.244875206],[-123.124431778,49.244877365],[-123.124423058,49.24487049],[-123.124427053,49.24486833],[-123.124435773,49.244875206]]]},"properties":{"feature_type":"wall","level_id":0,"name":"Entrance","layer":"Entrance","building_id":"tac","building_name":"Teck Acute Care Centre","fill":"#94c7ff","stroke":"#94c7ff","stroke-width":0,"fill-opacity":1,"extrusion_height":1.224,"extrusion_base":0,"source_map_id":"f_67ef927396cf2e86a2d97a12","space_id":"s_68748e10d0aa0784542c33cd","view_context":true,"context_for_level_id":3,"source_unit_id":"s_68748e10d0aa0784542c33cd","context_depth":3}},{"type":"Feature","id":"context-3-s_68748e10d0aa0784542c33ce-0","geometry":{"type":"Polygon","coordinates":[[[-123.124427053,49.24486833],[-123.124423058,49.24487049],[-123.124419453,49.244867645],[-123.12442343,49.244865496],[-123.124427053,49.24486833]]]},"properties":{"feature_type":"wall","level_id":0,"name":"Wall","layer":"Wall","building_id":"tac","building_name":"Teck Acute Care Centre","fill":"#9f9f9f","stroke":"#9f9f9f","stroke-width":0,"fill-opacity":1,"extrusion_height":1.224,"extrusion_base":0,"source_map_id":"f_67ef927396cf2e86a2d97a12","space_id":"s_68748e10d0aa0784542c33ce","view_context":true,"context_for_level_id":3,"source_unit_id":"s_68748e10d0aa0784542c33ce","context_depth":3}},{"type":"Feature","id":"context-3-s_6874a5c3ae026a52c2c764a2-0","geometry":{"type":"Polygon","coordinates":[[[-123.124143493,49.245060068],[-123.12414108,49.24505818],[-123.124145014,49.245056191],[-123.12414742,49.245058088],[-123.124143493,49.245060068]]]},"properties":{"feature_type":"wall","level_id":0,"name":"Wall","layer":"Wall","building_id":"tac","building_name":"Teck Acute Care Centre","fill":"#9f9f9f","stroke":"#9f9f9f","stroke-width":0,"fill-opacity":1,"extrusion_height":1.224,"extrusion_base":0,"source_map_id":"f_67ef927396cf2e86a2d97a12","space_id":"s_6874a5c3ae026a52c2c764a2","view_context":true,"context_for_level_id":3,"source_unit_id":"s_6874a5c3ae026a52c2c764a2","context_depth":3}},{"type":"Feature","id":"context-3-s_6874a5c3ae026a52c2c764a3-0","geometry":{"type":"Polygon","coordinates":[[[-123.12414742,49.245058088],[-123.124145014,49.245056191],[-123.12415373,49.24505148],[-123.124156136,49.245053377],[-123.12414742,49.245058088]]]},"properties":{"feature_type":"wall","level_id":0,"name":"Entrance","layer":"Entrance","building_id":"tac","building_name":"Teck Acute Care Centre","fill":"#94c7ff","stroke":"#94c7ff","stroke-width":0,"fill-opacity":1,"extrusion_height":1.224,"extrusion_base":0,"source_map_id":"f_67ef927396cf2e86a2d97a12","space_id":"s_6874a5c3ae026a52c2c764a3","view_context":true,"context_for_level_id":3,"source_unit_id":"s_6874a5c3ae026a52c2c764a3","context_depth":3}},{"type":"Feature","id":"context-3-s_6874a5c3ae026a52c2c764a4-0","geometry":{"type":"Polygon","coordinates":[[[-123.124156136,49.245053377],[-123.12415373,49.24505148],[-123.12415464692332,49.245050984434016],[-123.12415705130682,49.24505288225901],[-123.124156136,49.245053377]]]},"properties":{"feature_type":"wall","level_id":0,"name":"Entrance","layer":"Entrance","building_id":"tac","building_name":"Teck Acute Care Centre","fill":"#94c7ff","stroke":"#94c7ff","stroke-width":0,"fill-opacity":1,"extrusion_height":1.224,"extrusion_base":0,"source_map_id":"f_67ef927396cf2e86a2d97a12","space_id":"s_6874a5c3ae026a52c2c764a4","view_context":true,"context_for_level_id":3,"source_unit_id":"s_6874a5c3ae026a52c2c764a4","context_depth":3}}]}
